Temperature: K,Heat capacity at constant pressure Cp: J/K/mol,Uncertainty,Pressure,Ref Temp,Data Set ID,State,Representation,Method,Description,Purity,Purity Units,Year
1.98,0.0100834,0.000504172,None kPa,N/A,5126,['C'],A,Low temperature calorimetry set up,"origin: commercial source,98.8 % (total),chemical analysis,rod",98.8,Not Specified %,1939
2.95,0.013849,0.000692452,None kPa,N/A,5126,['C'],A,Low temperature calorimetry set up,"origin: commercial source,98.8 % (total),chemical analysis,rod",98.8,Not Specified %,1939
3.76,0.020125,0.00100625,None kPa,N/A,5126,['C'],A,Low temperature calorimetry set up,"origin: commercial source,98.8 % (total),chemical analysis,rod",98.8,Not Specified %,1939
4.55,0.0264429,0.00132214,None kPa,N/A,5126,['C'],A,Low temperature calorimetry set up,"origin: commercial source,98.8 % (total),chemical analysis,rod",98.8,Not Specified %,1939
5.44,0.0317566,0.00158783,None kPa,N/A,5126,['C'],A,Low temperature calorimetry set up,"origin: commercial source,98.8 % (total),chemical analysis,rod",98.8,Not Specified %,1939
8.06,0.0506264,0.00253132,None kPa,N/A,5126,['C'],A,Low temperature calorimetry set up,"origin: commercial source,98.8 % (total),chemical analysis,rod",98.8,Not Specified %,1939
8.98,0.0589944,0.00294972,None kPa,N/A,5126,['C'],A,Low temperature calorimetry set up,"origin: commercial source,98.8 % (total),chemical analysis,rod",98.8,Not Specified %,1939
10.01,0.069036,0.0034518,None kPa,N/A,5126,['C'],A,Low temperature calorimetry set up,"origin: commercial source,98.8 % (total),chemical analysis,rod",98.8,Not Specified %,1939
11.16,0.0853536,0.00426768,None kPa,N/A,5126,['C'],A,Low temperature calorimetry set up,"origin: commercial source,98.8 % (total),chemical analysis,rod",98.8,Not Specified %,1939
2.15,0.00949768,0.000474884,None kPa,N/A,5126,['C'],A,Low temperature calorimetry set up,"origin: commercial source,98.8 % (total),chemical analysis,rod",98.8,Not Specified %,1939
8.56,0.056484,0.0028242,None kPa,N/A,5126,['C'],A,Low temperature calorimetry set up,"origin: commercial source,98.8 % (total),chemical analysis,rod",98.8,Not Specified %,1939
10.98,0.0853536,0.00426768,None kPa,N/A,5126,['C'],A,Low temperature calorimetry set up,"origin: commercial source,98.8 % (total),chemical analysis,rod",98.8,Not Specified %,1939
12.3,0.104182,0.00520908,None kPa,N/A,5126,['C'],A,Low temperature calorimetry set up,"origin: commercial source,98.8 % (total),chemical analysis,rod",98.8,Not Specified %,1939
13.45,0.124265,0.00621324,None kPa,N/A,5126,['C'],A,Low temperature calorimetry set up,"origin: commercial source,98.8 % (total),chemical analysis,rod",98.8,Not Specified %,1939
14.56,0.139327,0.00696636,None kPa,N/A,5126,['C'],A,Low temperature calorimetry set up,"origin: commercial source,98.8 % (total),chemical analysis,rod",98.8,Not Specified %,1939
15.55,0.157318,0.00786592,None kPa,N/A,5126,['C'],A,Low temperature calorimetry set up,"origin: commercial source,98.8 % (total),chemical analysis,rod",98.8,Not Specified %,1939
16.44,0.184096,0.0092048,None kPa,N/A,5126,['C'],A,Low temperature calorimetry set up,"origin: commercial source,98.8 % (total),chemical analysis,rod",98.8,Not Specified %,1939
17.39,0.213384,0.0106692,None kPa,N/A,5126,['C'],A,Low temperature calorimetry set up,"origin: commercial source,98.8 % (total),chemical analysis,rod",98.8,Not Specified %,1939
18.36,0.232212,0.0116106,None kPa,N/A,5126,['C'],A,Low temperature calorimetry set up,"origin: commercial source,98.8 % (total),chemical analysis,rod",98.8,Not Specified %,1939
1.88,0.0105018,0.000525092,None kPa,N/A,5126,['C'],A,Low temperature calorimetry set up,"origin: commercial source,98.8 % (total),chemical analysis,rod",98.8,Not Specified %,1939
2.62,0.0139327,0.000696636,None kPa,N/A,5126,['C'],A,Low temperature calorimetry set up,"origin: commercial source,98.8 % (total),chemical analysis,rod",98.8,Not Specified %,1939
3.27,0.0160247,0.000801236,None kPa,N/A,5126,['C'],A,Low temperature calorimetry set up,"origin: commercial source,98.8 % (total),chemical analysis,rod",98.8,Not Specified %,1939
3.8,0.0227191,0.00113596,None kPa,N/A,5126,['C'],A,Low temperature calorimetry set up,"origin: commercial source,98.8 % (total),chemical analysis,rod",98.8,Not Specified %,1939
4.55,0.0246438,0.00123219,None kPa,N/A,5126,['C'],A,Low temperature calorimetry set up,"origin: commercial source,98.8 % (total),chemical analysis,rod",98.8,Not Specified %,1939
5.33,0.031129,0.00155645,None kPa,N/A,5126,['C'],A,Low temperature calorimetry set up,"origin: commercial source,98.8 % (total),chemical analysis,rod",98.8,Not Specified %,1939
6.1,0.0365263,0.00182632,None kPa,N/A,5126,['C'],A,Low temperature calorimetry set up,"origin: commercial source,98.8 % (total),chemical analysis,rod",98.8,Not Specified %,1939
6.85,0.0422584,0.00211292,None kPa,N/A,5126,['C'],A,Low temperature calorimetry set up,"origin: commercial source,98.8 % (total),chemical analysis,rod",98.8,Not Specified %,1939
7.73,0.0510448,0.00255224,None kPa,N/A,5126,['C'],A,Low temperature calorimetry set up,"origin: commercial source,98.8 % (total),chemical analysis,rod",98.8,Not Specified %,1939
8.64,0.0573208,0.00286604,None kPa,N/A,5126,['C'],A,Low temperature calorimetry set up,"origin: commercial source,98.8 % (total),chemical analysis,rod",98.8,Not Specified %,1939
9.69,0.0686176,0.00343088,None kPa,N/A,5126,['C'],A,Low temperature calorimetry set up,"origin: commercial source,98.8 % (total),chemical analysis,rod",98.8,Not Specified %,1939
10.72,0.0799144,0.00399572,None kPa,N/A,5126,['C'],A,Low temperature calorimetry set up,"origin: commercial source,98.8 % (total),chemical analysis,rod",98.8,Not Specified %,1939
11.74,0.09414,0.004707,None kPa,N/A,5126,['C'],A,Low temperature calorimetry set up,"origin: commercial source,98.8 % (total),chemical analysis,rod",98.8,Not Specified %,1939
12.81,0.111294,0.00556472,None kPa,N/A,5126,['C'],A,Low temperature calorimetry set up,"origin: commercial source,98.8 % (total),chemical analysis,rod",98.8,Not Specified %,1939
13.96,0.132633,0.00663164,None kPa,N/A,5126,['C'],A,Low temperature calorimetry set up,"origin: commercial source,98.8 % (total),chemical analysis,rod",98.8,Not Specified %,1939
15.28,0.158992,0.0079496,None kPa,N/A,5126,['C'],A,Low temperature calorimetry set up,"origin: commercial source,98.8 % (total),chemical analysis,rod",98.8,Not Specified %,1939
16.68,0.185351,0.00926756,None kPa,N/A,5126,['C'],A,Low temperature calorimetry set up,"origin: commercial source,98.8 % (total),chemical analysis,rod",98.8,Not Specified %,1939
18.02,0.22761,0.0113805,None kPa,N/A,5126,['C'],A,Low temperature calorimetry set up,"origin: commercial source,98.8 % (total),chemical analysis,rod",98.8,Not Specified %,1939
79.25,9.48931,0.189786,None kPa,N/A,5420,['C'],A,Low temperature calorimetry set up,"not stated,99.4 % (total),",99.4,Not Specified %,1941
80.1,9.64412,0.192882,None kPa,N/A,5420,['C'],A,Low temperature calorimetry set up,"not stated,99.4 % (total),",99.4,Not Specified %,1941
88.61,11.1336,0.222672,None kPa,N/A,5420,['C'],A,Low temperature calorimetry set up,"not stated,99.4 % (total),",99.4,Not Specified %,1941
95.6,12.4641,0.249283,None kPa,N/A,5420,['C'],A,Low temperature calorimetry set up,"not stated,99.4 % (total),",99.4,Not Specified %,1941
101.85,13.3679,0.267358,None kPa,N/A,5420,['C'],A,Low temperature calorimetry set up,"not stated,99.4 % (total),",99.4,Not Specified %,1941
109.45,14.3009,0.286018,None kPa,N/A,5420,['C'],A,Low temperature calorimetry set up,"not stated,99.4 % (total),",99.4,Not Specified %,1941
116.6,15.5394,0.310788,None kPa,N/A,5420,['C'],A,Low temperature calorimetry set up,"not stated,99.4 % (total),",99.4,Not Specified %,1941
126.22,16.6983,0.333967,None kPa,N/A,5420,['C'],A,Low temperature calorimetry set up,"not stated,99.4 % (total),",99.4,Not Specified %,1941
135.3,17.4347,0.348695,None kPa,N/A,5420,['C'],A,Low temperature calorimetry set up,"not stated,99.4 % (total),",99.4,Not Specified %,1941
143.05,18.1669,0.363339,None kPa,N/A,5420,['C'],A,Low temperature calorimetry set up,"not stated,99.4 % (total),",99.4,Not Specified %,1941
151.11,18.8782,0.377564,None kPa,N/A,5420,['C'],A,Low temperature calorimetry set up,"not stated,99.4 % (total),",99.4,Not Specified %,1941
160.0,19.602,0.392041,None kPa,N/A,5420,['C'],A,Low temperature calorimetry set up,"not stated,99.4 % (total),",99.4,Not Specified %,1941
166.0,20.1125,0.40225,None kPa,N/A,5420,['C'],A,Low temperature calorimetry set up,"not stated,99.4 % (total),",99.4,Not Specified %,1941
179.12,20.874,0.41748,None kPa,N/A,5420,['C'],A,Low temperature calorimetry set up,"not stated,99.4 % (total),",99.4,Not Specified %,1941
186.87,21.3007,0.426015,None kPa,N/A,5420,['C'],A,Low temperature calorimetry set up,"not stated,99.4 % (total),",99.4,Not Specified %,1941
198.0,21.8698,0.437395,None kPa,N/A,5420,['C'],A,Low temperature calorimetry set up,"not stated,99.4 % (total),",99.4,Not Specified %,1941
222.35,22.9953,0.459905,None kPa,N/A,5420,['C'],A,Low temperature calorimetry set up,"not stated,99.4 % (total),",99.4,Not Specified %,1941
247.3,23.5057,0.470114,None kPa,N/A,5420,['C'],A,Low temperature calorimetry set up,"not stated,99.4 % (total),",99.4,Not Specified %,1941
255.9,23.8906,0.477813,None kPa,N/A,5420,['C'],A,Low temperature calorimetry set up,"not stated,99.4 % (total),",99.4,Not Specified %,1941
273.2,24.1249,0.482499,None kPa,N/A,5420,['C'],A,Low temperature calorimetry set up,"not stated,99.4 % (total),",99.4,Not Specified %,1941
1.98,0.0100834,0.000201669,None kPa,N/A,5777,['C'],A,Vacuum adiabatic calorimetry,"origin: commercial source,98.88 %,stated by supplier,rod",98.88,Not Specified %,1945
2.95,0.013849,0.000276981,None kPa,N/A,5777,['C'],A,Vacuum adiabatic calorimetry,"origin: commercial source,98.88 %,stated by supplier,rod",98.88,Not Specified %,1945
3.76,0.020125,0.000402501,None kPa,N/A,5777,['C'],A,Vacuum adiabatic calorimetry,"origin: commercial source,98.88 %,stated by supplier,rod",98.88,Not Specified %,1945
5.44,0.0317566,0.000635131,None kPa,N/A,5777,['C'],A,Vacuum adiabatic calorimetry,"origin: commercial source,98.88 %,stated by supplier,rod",98.88,Not Specified %,1945
8.0,0.0506264,0.00101253,None kPa,N/A,5777,['C'],A,Vacuum adiabatic calorimetry,"origin: commercial source,98.88 %,stated by supplier,rod",98.88,Not Specified %,1945
8.98,0.0589944,0.00117989,None kPa,N/A,5777,['C'],A,Vacuum adiabatic calorimetry,"origin: commercial source,98.88 %,stated by supplier,rod",98.88,Not Specified %,1945
10.01,0.069036,0.00138072,None kPa,N/A,5777,['C'],A,Vacuum adiabatic calorimetry,"origin: commercial source,98.88 %,stated by supplier,rod",98.88,Not Specified %,1945
11.16,0.0853536,0.00170707,None kPa,N/A,5777,['C'],A,Vacuum adiabatic calorimetry,"origin: commercial source,98.88 %,stated by supplier,rod",98.88,Not Specified %,1945
12.24,0.100416,0.00200832,None kPa,N/A,5777,['C'],A,Vacuum adiabatic calorimetry,"origin: commercial source,98.88 %,stated by supplier,rod",98.88,Not Specified %,1945
2.15,0.00949768,0.000189954,None kPa,N/A,5777,['C'],A,Vacuum adiabatic calorimetry,"origin: commercial source,98.88 %,stated by supplier,rod",98.88,Not Specified %,1945
8.56,0.056484,0.00112968,None kPa,N/A,5777,['C'],A,Vacuum adiabatic calorimetry,"origin: commercial source,98.88 %,stated by supplier,rod",98.88,Not Specified %,1945
10.98,0.0853536,0.00170707,None kPa,N/A,5777,['C'],A,Vacuum adiabatic calorimetry,"origin: commercial source,98.88 %,stated by supplier,rod",98.88,Not Specified %,1945
12.3,0.104182,0.00208363,None kPa,N/A,5777,['C'],A,Vacuum adiabatic calorimetry,"origin: commercial source,98.88 %,stated by supplier,rod",98.88,Not Specified %,1945
14.56,0.139327,0.00278654,None kPa,N/A,5777,['C'],A,Vacuum adiabatic calorimetry,"origin: commercial source,98.88 %,stated by supplier,rod",98.88,Not Specified %,1945
15.55,0.157318,0.00314637,None kPa,N/A,5777,['C'],A,Vacuum adiabatic calorimetry,"origin: commercial source,98.88 %,stated by supplier,rod",98.88,Not Specified %,1945
16.44,0.184096,0.00368192,None kPa,N/A,5777,['C'],A,Vacuum adiabatic calorimetry,"origin: commercial source,98.88 %,stated by supplier,rod",98.88,Not Specified %,1945
17.39,0.213384,0.00426768,None kPa,N/A,5777,['C'],A,Vacuum adiabatic calorimetry,"origin: commercial source,98.88 %,stated by supplier,rod",98.88,Not Specified %,1945
18.36,0.232212,0.00464424,None kPa,N/A,5777,['C'],A,Vacuum adiabatic calorimetry,"origin: commercial source,98.88 %,stated by supplier,rod",98.88,Not Specified %,1945
1.88,0.0105018,0.000210037,None kPa,N/A,5777,['C'],A,Vacuum adiabatic calorimetry,"origin: commercial source,98.88 %,stated by supplier,rod",98.88,Not Specified %,1945
2.62,0.0139327,0.000278654,None kPa,N/A,5777,['C'],A,Vacuum adiabatic calorimetry,"origin: commercial source,98.88 %,stated by supplier,rod",98.88,Not Specified %,1945
3.27,0.0160247,0.000320494,None kPa,N/A,5777,['C'],A,Vacuum adiabatic calorimetry,"origin: commercial source,98.88 %,stated by supplier,rod",98.88,Not Specified %,1945
3.8,0.0227191,0.000454382,None kPa,N/A,5777,['C'],A,Vacuum adiabatic calorimetry,"origin: commercial source,98.88 %,stated by supplier,rod",98.88,Not Specified %,1945
4.55,0.0246438,0.000492875,None kPa,N/A,5777,['C'],A,Vacuum adiabatic calorimetry,"origin: commercial source,98.88 %,stated by supplier,rod",98.88,Not Specified %,1945
5.33,0.031129,0.000622579,None kPa,N/A,5777,['C'],A,Vacuum adiabatic calorimetry,"origin: commercial source,98.88 %,stated by supplier,rod",98.88,Not Specified %,1945
6.1,0.0365263,0.000730526,None kPa,N/A,5777,['C'],A,Vacuum adiabatic calorimetry,"origin: commercial source,98.88 %,stated by supplier,rod",98.88,Not Specified %,1945
6.85,0.0422584,0.000845168,None kPa,N/A,5777,['C'],A,Vacuum adiabatic calorimetry,"origin: commercial source,98.88 %,stated by supplier,rod",98.88,Not Specified %,1945
7.73,0.0510448,0.0010209,None kPa,N/A,5777,['C'],A,Vacuum adiabatic calorimetry,"origin: commercial source,98.88 %,stated by supplier,rod",98.88,Not Specified %,1945
8.64,0.0573208,0.00114642,None kPa,N/A,5777,['C'],A,Vacuum adiabatic calorimetry,"origin: commercial source,98.88 %,stated by supplier,rod",98.88,Not Specified %,1945
9.69,0.0686176,0.00137235,None kPa,N/A,5777,['C'],A,Vacuum adiabatic calorimetry,"origin: commercial source,98.88 %,stated by supplier,rod",98.88,Not Specified %,1945
10.72,0.0799144,0.00159829,None kPa,N/A,5777,['C'],A,Vacuum adiabatic calorimetry,"origin: commercial source,98.88 %,stated by supplier,rod",98.88,Not Specified %,1945
11.74,0.09414,0.0018828,None kPa,N/A,5777,['C'],A,Vacuum adiabatic calorimetry,"origin: commercial source,98.88 %,stated by supplier,rod",98.88,Not Specified %,1945
12.81,0.111294,0.00222589,None kPa,N/A,5777,['C'],A,Vacuum adiabatic calorimetry,"origin: commercial source,98.88 %,stated by supplier,rod",98.88,Not Specified %,1945
13.96,0.132633,0.00265266,None kPa,N/A,5777,['C'],A,Vacuum adiabatic calorimetry,"origin: commercial source,98.88 %,stated by supplier,rod",98.88,Not Specified %,1945
15.28,0.158992,0.00317984,None kPa,N/A,5777,['C'],A,Vacuum adiabatic calorimetry,"origin: commercial source,98.88 %,stated by supplier,rod",98.88,Not Specified %,1945
16.68,0.185351,0.00370702,None kPa,N/A,5777,['C'],A,Vacuum adiabatic calorimetry,"origin: commercial source,98.88 %,stated by supplier,rod",98.88,Not Specified %,1945
18.02,0.22761,0.00455219,None kPa,N/A,5777,['C'],A,Vacuum adiabatic calorimetry,"origin: commercial source,98.88 %,stated by supplier,rod",98.88,Not Specified %,1945
305.55,24.489,0.24489,101 kPa,N/A,6421,['C'],A,Vacuum adiabatic calorimetry,"origin: commercial source,99.99 % (total),stated by supplier",99.99,Not Specified %,1950
305.95,24.7818,0.247818,None kPa,N/A,6421,['C'],A,Vacuum adiabatic calorimetry,"origin: commercial source,99.99 % (total),stated by supplier",99.99,Not Specified %,1950
317.55,25.2881,0.252881,None kPa,N/A,6421,['C'],A,Vacuum adiabatic calorimetry,"origin: commercial source,99.99 % (total),stated by supplier",99.99,Not Specified %,1950
318.55,24.7902,0.247902,None kPa,N/A,6421,['C'],A,Vacuum adiabatic calorimetry,"origin: commercial source,99.99 % (total),stated by supplier",99.99,Not Specified %,1950
330.95,25.1668,0.251668,None kPa,N/A,6421,['C'],A,Vacuum adiabatic calorimetry,"origin: commercial source,99.99 % (total),stated by supplier",99.99,Not Specified %,1950
378.25,25.8529,0.258529,None kPa,N/A,6421,['C'],A,Vacuum adiabatic calorimetry,"origin: commercial source,99.99 % (total),stated by supplier",99.99,Not Specified %,1950
388.45,25.8822,0.258822,None kPa,N/A,6421,['C'],A,Vacuum adiabatic calorimetry,"origin: commercial source,99.99 % (total),stated by supplier",99.99,Not Specified %,1950
404.15,26.3759,0.263759,None kPa,N/A,6421,['C'],A,Vacuum adiabatic calorimetry,"origin: commercial source,99.99 % (total),stated by supplier",99.99,Not Specified %,1950
435.95,26.8989,0.268989,None kPa,N/A,6421,['C'],A,Vacuum adiabatic calorimetry,"origin: commercial source,99.99 % (total),stated by supplier",99.99,Not Specified %,1950
480.15,27.9115,0.279115,None kPa,N/A,6421,['C'],A,Vacuum adiabatic calorimetry,"origin: commercial source,99.99 % (total),stated by supplier",99.99,Not Specified %,1950
503.65,28.6646,0.286646,None kPa,N/A,6421,['C'],A,Vacuum adiabatic calorimetry,"origin: commercial source,99.99 % (total),stated by supplier",99.99,Not Specified %,1950
510.05,28.8487,0.288487,None kPa,N/A,6421,['C'],A,Vacuum adiabatic calorimetry,"origin: commercial source,99.99 % (total),stated by supplier",99.99,Not Specified %,1950
605.95,29.9449,0.299449,None kPa,N/A,6421,['C'],A,Vacuum adiabatic calorimetry,"origin: commercial source,99.99 % (total),stated by supplier",99.99,Not Specified %,1950
618.35,30.2294,0.302294,None kPa,N/A,6421,['C'],A,Vacuum adiabatic calorimetry,"origin: commercial source,99.99 % (total),stated by supplier",99.99,Not Specified %,1950
643.05,30.4177,0.304177,None kPa,N/A,6421,['C'],A,Vacuum adiabatic calorimetry,"origin: commercial source,99.99 % (total),stated by supplier",99.99,Not Specified %,1950
687.65,30.8193,0.308193,None kPa,N/A,6421,['C'],A,Vacuum adiabatic calorimetry,"origin: commercial source,99.99 % (total),stated by supplier",99.99,Not Specified %,1950
712.85,31.2419,0.312419,None kPa,N/A,6421,['C'],A,Vacuum adiabatic calorimetry,"origin: commercial source,99.99 % (total),stated by supplier",99.99,Not Specified %,1950
783.35,31.7064,0.317064,None kPa,N/A,6421,['C'],A,Vacuum adiabatic calorimetry,"origin: commercial source,99.99 % (total),stated by supplier",99.99,Not Specified %,1950
819.85,32.6143,0.326143,None kPa,N/A,6421,['C'],A,Vacuum adiabatic calorimetry,"origin: commercial source,99.99 % (total),stated by supplier",99.99,Not Specified %,1950
835.65,32.3088,0.323088,None kPa,N/A,6421,['C'],A,Vacuum adiabatic calorimetry,"origin: commercial source,99.99 % (total),stated by supplier",99.99,Not Specified %,1950
840.35,33.2586,0.332586,None kPa,N/A,6421,['C'],A,Vacuum adiabatic calorimetry,"origin: commercial source,99.99 % (total),stated by supplier",99.99,Not Specified %,1950
842.95,32.4929,0.324929,None kPa,N/A,6421,['C'],A,Vacuum adiabatic calorimetry,"origin: commercial source,99.99 % (total),stated by supplier",99.99,Not Specified %,1950
860.15,33.903,0.33903,None kPa,N/A,6421,['C'],A,Vacuum adiabatic calorimetry,"origin: commercial source,99.99 % (total),stated by supplier",99.99,Not Specified %,1950
877.65,33.1708,0.331708,None kPa,N/A,6421,['C'],A,Vacuum adiabatic calorimetry,"origin: commercial source,99.99 % (total),stated by supplier",99.99,Not Specified %,1950
909.05,33.9406,0.339406,None kPa,N/A,6421,['C'],A,Vacuum adiabatic calorimetry,"origin: commercial source,99.99 % (total),stated by supplier",99.99,Not Specified %,1950
928.85,34.9824,0.349824,None kPa,N/A,6421,['C'],A,Vacuum adiabatic calorimetry,"origin: commercial source,99.99 % (total),stated by supplier",99.99,Not Specified %,1950
949.55,35.0745,0.350745,None kPa,N/A,6421,['C'],A,Vacuum adiabatic calorimetry,"origin: commercial source,99.99 % (total),stated by supplier",99.99,Not Specified %,1950
985.05,37.0158,0.370158,None kPa,N/A,6421,['C'],A,Vacuum adiabatic calorimetry,"origin: commercial source,99.99 % (total),stated by supplier",99.99,Not Specified %,1950
998.25,36.6811,0.366811,None kPa,N/A,6421,['C'],A,Vacuum adiabatic calorimetry,"origin: commercial source,99.99 % (total),stated by supplier",99.99,Not Specified %,1950
1020.55,38.2752,0.382752,None kPa,N/A,6421,['C'],A,Vacuum adiabatic calorimetry,"origin: commercial source,99.99 % (total),stated by supplier",99.99,Not Specified %,1950
1045.75,38.6769,0.386769,None kPa,N/A,6421,['C'],A,Vacuum adiabatic calorimetry,"origin: commercial source,99.99 % (total),stated by supplier",99.99,Not Specified %,1950
1049.85,38.179,0.38179,None kPa,N/A,6421,['C'],A,Vacuum adiabatic calorimetry,"origin: commercial source,99.99 % (total),stated by supplier",99.99,Not Specified %,1950
1066.75,39.2292,0.392292,None kPa,N/A,6421,['C'],A,Vacuum adiabatic calorimetry,"origin: commercial source,99.99 % (total),stated by supplier",99.99,Not Specified %,1950
14.27,0.138072,0.00110458,None kPa,N/A,7136,['C'],A,Low temperature calorimetry set up,"not stated,96.95 % (total),stated by supplier,ingot",96.95,Not Specified %,1952
14.85,0.145185,0.00116148,None kPa,N/A,7136,['C'],A,Low temperature calorimetry set up,"not stated,96.95 % (total),stated by supplier,ingot",96.95,Not Specified %,1952
16.36,0.179075,0.0014326,None kPa,N/A,7136,['C'],A,Low temperature calorimetry set up,"not stated,96.95 % (total),stated by supplier,ingot",96.95,Not Specified %,1952
16.86,0.19874,0.00158992,None kPa,N/A,7136,['C'],A,Low temperature calorimetry set up,"not stated,96.95 % (total),stated by supplier,ingot",96.95,Not Specified %,1952
19.24,0.245182,0.00196146,None kPa,N/A,7136,['C'],A,Low temperature calorimetry set up,"not stated,96.95 % (total),stated by supplier,ingot",96.95,Not Specified %,1952
22.36,0.411706,0.00329364,None kPa,N/A,7136,['C'],A,Low temperature calorimetry set up,"not stated,96.95 % (total),stated by supplier,ingot",96.95,Not Specified %,1952
23.77,0.497896,0.00398317,None kPa,N/A,7136,['C'],A,Low temperature calorimetry set up,"not stated,96.95 % (total),stated by supplier,ingot",96.95,Not Specified %,1952
24.1,0.514632,0.00411706,None kPa,N/A,7136,['C'],A,Low temperature calorimetry set up,"not stated,96.95 % (total),stated by supplier,ingot",96.95,Not Specified %,1952
24.75,0.531368,0.00425094,None kPa,N/A,7136,['C'],A,Low temperature calorimetry set up,"not stated,96.95 % (total),stated by supplier,ingot",96.95,Not Specified %,1952
24.9,0.552288,0.0044183,None kPa,N/A,7136,['C'],A,Low temperature calorimetry set up,"not stated,96.95 % (total),stated by supplier,ingot",96.95,Not Specified %,1952
25.72,0.60668,0.00485344,None kPa,N/A,7136,['C'],A,Low temperature calorimetry set up,"not stated,96.95 % (total),stated by supplier,ingot",96.95,Not Specified %,1952
25.73,0.64852,0.00518816,None kPa,N/A,7136,['C'],A,Low temperature calorimetry set up,"not stated,96.95 % (total),stated by supplier,ingot",96.95,Not Specified %,1952
26.18,0.631784,0.00505427,None kPa,N/A,7136,['C'],A,Low temperature calorimetry set up,"not stated,96.95 % (total),stated by supplier,ingot",96.95,Not Specified %,1952
27.67,0.778224,0.00622579,None kPa,N/A,7136,['C'],A,Low temperature calorimetry set up,"not stated,96.95 % (total),stated by supplier,ingot",96.95,Not Specified %,1952
27.73,0.782408,0.00625926,None kPa,N/A,7136,['C'],A,Low temperature calorimetry set up,"not stated,96.95 % (total),stated by supplier,ingot",96.95,Not Specified %,1952
28.23,0.81588,0.00652704,None kPa,N/A,7136,['C'],A,Low temperature calorimetry set up,"not stated,96.95 % (total),stated by supplier,ingot",96.95,Not Specified %,1952
28.34,0.820064,0.00656051,None kPa,N/A,7136,['C'],A,Low temperature calorimetry set up,"not stated,96.95 % (total),stated by supplier,ingot",96.95,Not Specified %,1952
28.62,0.882824,0.00706259,None kPa,N/A,7136,['C'],A,Low temperature calorimetry set up,"not stated,96.95 % (total),stated by supplier,ingot",96.95,Not Specified %,1952
29.92,0.98324,0.00786592,None kPa,N/A,7136,['C'],A,Low temperature calorimetry set up,"not stated,96.95 % (total),stated by supplier,ingot",96.95,Not Specified %,1952
31.6,1.16315,0.00930522,None kPa,N/A,7136,['C'],A,Low temperature calorimetry set up,"not stated,96.95 % (total),stated by supplier,ingot",96.95,Not Specified %,1952
35.16,1.60247,0.0128198,None kPa,N/A,7136,['C'],A,Low temperature calorimetry set up,"not stated,96.95 % (total),stated by supplier,ingot",96.95,Not Specified %,1952
37.59,1.97066,0.0157653,None kPa,N/A,7136,['C'],A,Low temperature calorimetry set up,"not stated,96.95 % (total),stated by supplier,ingot",96.95,Not Specified %,1952
41.24,2.63174,0.0210539,None kPa,N/A,7136,['C'],A,Low temperature calorimetry set up,"not stated,96.95 % (total),stated by supplier,ingot",96.95,Not Specified %,1952
46.96,3.64008,0.0291206,None kPa,N/A,7136,['C'],A,Low temperature calorimetry set up,"not stated,96.95 % (total),stated by supplier,ingot",96.95,Not Specified %,1952
50.81,4.48106,0.0358485,None kPa,N/A,7136,['C'],A,Low temperature calorimetry set up,"not stated,96.95 % (total),stated by supplier,ingot",96.95,Not Specified %,1952
54.93,5.3597,0.0428776,None kPa,N/A,7136,['C'],A,Low temperature calorimetry set up,"not stated,96.95 % (total),stated by supplier,ingot",96.95,Not Specified %,1952
57.67,6.01241,0.0480993,None kPa,N/A,7136,['C'],A,Low temperature calorimetry set up,"not stated,96.95 % (total),stated by supplier,ingot",96.95,Not Specified %,1952
61.54,6.78645,0.0542916,None kPa,N/A,7136,['C'],A,Low temperature calorimetry set up,"not stated,96.95 % (total),stated by supplier,ingot",96.95,Not Specified %,1952
64.32,7.44334,0.0595467,None kPa,N/A,7136,['C'],A,Low temperature calorimetry set up,"not stated,96.95 % (total),stated by supplier,ingot",96.95,Not Specified %,1952
66.98,7.97889,0.0638311,None kPa,N/A,7136,['C'],A,Low temperature calorimetry set up,"not stated,96.95 % (total),stated by supplier,ingot",96.95,Not Specified %,1952
70.53,8.69854,0.0695883,None kPa,N/A,7136,['C'],A,Low temperature calorimetry set up,"not stated,96.95 % (total),stated by supplier,ingot",96.95,Not Specified %,1952
73.86,9.37216,0.0749773,None kPa,N/A,7136,['C'],A,Low temperature calorimetry set up,"not stated,96.95 % (total),stated by supplier,ingot",96.95,Not Specified %,1952
78.28,10.2131,0.0817052,None kPa,N/A,7136,['C'],A,Low temperature calorimetry set up,"not stated,96.95 % (total),stated by supplier,ingot",96.95,Not Specified %,1952
82.59,10.9956,0.0879644,None kPa,N/A,7136,['C'],A,Low temperature calorimetry set up,"not stated,96.95 % (total),stated by supplier,ingot",96.95,Not Specified %,1952
81.35,10.6692,0.0320076,None kPa,N/A,7137,['C'],A,Low temperature calorimetry set up,"not stated,96.95 % (total),stated by supplier,ingot",96.95,Not Specified %,1952
85.23,11.414,0.0342419,None kPa,N/A,7137,['C'],A,Low temperature calorimetry set up,"not stated,96.95 % (total),stated by supplier,ingot",96.95,Not Specified %,1952
89.51,12.2298,0.0366895,None kPa,N/A,7137,['C'],A,Low temperature calorimetry set up,"not stated,96.95 % (total),stated by supplier,ingot",96.95,Not Specified %,1952
94.25,13.0122,0.0390367,None kPa,N/A,7137,['C'],A,Low temperature calorimetry set up,"not stated,96.95 % (total),stated by supplier,ingot",96.95,Not Specified %,1952
98.84,13.7486,0.0412459,None kPa,N/A,7137,['C'],A,Low temperature calorimetry set up,"not stated,96.95 % (total),stated by supplier,ingot",96.95,Not Specified %,1952
103.84,14.5101,0.0435303,None kPa,N/A,7137,['C'],A,Low temperature calorimetry set up,"not stated,96.95 % (total),stated by supplier,ingot",96.95,Not Specified %,1952
109.21,14.7904,0.0443713,None kPa,N/A,7137,['C'],A,Low temperature calorimetry set up,"not stated,96.95 % (total),stated by supplier,ingot",96.95,Not Specified %,1952
114.56,15.9243,0.0477729,None kPa,N/A,7137,['C'],A,Low temperature calorimetry set up,"not stated,96.95 % (total),stated by supplier,ingot",96.95,Not Specified %,1952
119.5,16.5142,0.0495427,None kPa,N/A,7137,['C'],A,Low temperature calorimetry set up,"not stated,96.95 % (total),stated by supplier,ingot",96.95,Not Specified %,1952
124.51,17.1335,0.0514004,None kPa,N/A,7137,['C'],A,Low temperature calorimetry set up,"not stated,96.95 % (total),stated by supplier,ingot",96.95,Not Specified %,1952
129.17,17.5812,0.0527435,None kPa,N/A,7137,['C'],A,Low temperature calorimetry set up,"not stated,96.95 % (total),stated by supplier,ingot",96.95,Not Specified %,1952
134.2,18.0498,0.0541493,None kPa,N/A,7137,['C'],A,Low temperature calorimetry set up,"not stated,96.95 % (total),stated by supplier,ingot",96.95,Not Specified %,1952
140.02,18.6272,0.0558815,None kPa,N/A,7137,['C'],A,Low temperature calorimetry set up,"not stated,96.95 % (total),stated by supplier,ingot",96.95,Not Specified %,1952
145.34,19.0832,0.0572497,None kPa,N/A,7137,['C'],A,Low temperature calorimetry set up,"not stated,96.95 % (total),stated by supplier,ingot",96.95,Not Specified %,1952
150.48,19.5016,0.0585049,None kPa,N/A,7137,['C'],A,Low temperature calorimetry set up,"not stated,96.95 % (total),stated by supplier,ingot",96.95,Not Specified %,1952
155.69,19.9158,0.0597475,None kPa,N/A,7137,['C'],A,Low temperature calorimetry set up,"not stated,96.95 % (total),stated by supplier,ingot",96.95,Not Specified %,1952
160.67,20.1836,0.0605508,None kPa,N/A,7137,['C'],A,Low temperature calorimetry set up,"not stated,96.95 % (total),stated by supplier,ingot",96.95,Not Specified %,1952
166.12,20.602,0.061806,None kPa,N/A,7137,['C'],A,Low temperature calorimetry set up,"not stated,96.95 % (total),stated by supplier,ingot",96.95,Not Specified %,1952
177.64,21.2338,0.0637014,None kPa,N/A,7137,['C'],A,Low temperature calorimetry set up,"not stated,96.95 % (total),stated by supplier,ingot",96.95,Not Specified %,1952
183.51,21.5225,0.0645675,None kPa,N/A,7137,['C'],A,Low temperature calorimetry set up,"not stated,96.95 % (total),stated by supplier,ingot",96.95,Not Specified %,1952
187.87,21.761,0.0652829,None kPa,N/A,7137,['C'],A,Low temperature calorimetry set up,"not stated,96.95 % (total),stated by supplier,ingot",96.95,Not Specified %,1952
194.82,22.0497,0.066149,None kPa,N/A,7137,['C'],A,Low temperature calorimetry set up,"not stated,96.95 % (total),stated by supplier,ingot",96.95,Not Specified %,1952
200.4,22.3007,0.0669022,None kPa,N/A,7137,['C'],A,Low temperature calorimetry set up,"not stated,96.95 % (total),stated by supplier,ingot",96.95,Not Specified %,1952
205.86,22.5016,0.0675047,None kPa,N/A,7137,['C'],A,Low temperature calorimetry set up,"not stated,96.95 % (total),stated by supplier,ingot",96.95,Not Specified %,1952
200.58,22.33,0.06699,None kPa,N/A,7138,['C'],A,Low temperature calorimetry set up,"not stated,96.95 % (total),stated by supplier,ingot",96.95,Not Specified %,1952
205.94,22.5057,0.0675172,None kPa,N/A,7138,['C'],A,Low temperature calorimetry set up,"not stated,96.95 % (total),stated by supplier,ingot",96.95,Not Specified %,1952
211.33,22.7359,0.0682076,None kPa,N/A,7138,['C'],A,Low temperature calorimetry set up,"not stated,96.95 % (total),stated by supplier,ingot",96.95,Not Specified %,1952
216.64,22.9785,0.0689356,None kPa,N/A,7138,['C'],A,Low temperature calorimetry set up,"not stated,96.95 % (total),stated by supplier,ingot",96.95,Not Specified %,1952
221.8,23.1835,0.0695506,None kPa,N/A,7138,['C'],A,Low temperature calorimetry set up,"not stated,96.95 % (total),stated by supplier,ingot",96.95,Not Specified %,1952
227.08,23.3635,0.0700904,None kPa,N/A,7138,['C'],A,Low temperature calorimetry set up,"not stated,96.95 % (total),stated by supplier,ingot",96.95,Not Specified %,1952
232.84,23.5308,0.0705924,None kPa,N/A,7138,['C'],A,Low temperature calorimetry set up,"not stated,96.95 % (total),stated by supplier,ingot",96.95,Not Specified %,1952
237.98,23.6982,0.0710945,None kPa,N/A,7138,['C'],A,Low temperature calorimetry set up,"not stated,96.95 % (total),stated by supplier,ingot",96.95,Not Specified %,1952
243.5,23.8739,0.0716217,None kPa,N/A,7138,['C'],A,Low temperature calorimetry set up,"not stated,96.95 % (total),stated by supplier,ingot",96.95,Not Specified %,1952
249.31,24.0245,0.0720736,None kPa,N/A,7138,['C'],A,Low temperature calorimetry set up,"not stated,96.95 % (total),stated by supplier,ingot",96.95,Not Specified %,1952
254.31,24.1375,0.0724125,None kPa,N/A,7138,['C'],A,Low temperature calorimetry set up,"not stated,96.95 % (total),stated by supplier,ingot",96.95,Not Specified %,1952
259.52,24.2379,0.0727137,None kPa,N/A,7138,['C'],A,Low temperature calorimetry set up,"not stated,96.95 % (total),stated by supplier,ingot",96.95,Not Specified %,1952
265.25,24.3551,0.0730652,None kPa,N/A,7138,['C'],A,Low temperature calorimetry set up,"not stated,96.95 % (total),stated by supplier,ingot",96.95,Not Specified %,1952
269.83,24.4387,0.0733162,None kPa,N/A,7138,['C'],A,Low temperature calorimetry set up,"not stated,96.95 % (total),stated by supplier,ingot",96.95,Not Specified %,1952
0.626,0.0105162,0.00105162,None kPa,N/A,9580,['C'],A,Vacuum adiabatic calorimetry,"origin: commercial source,99.9 % (total),stated by supplier",99.9,Not Specified %,1957
0.666,0.0105507,0.00105507,None kPa,N/A,9580,['C'],A,Vacuum adiabatic calorimetry,"origin: commercial source,99.9 % (total),stated by supplier",99.9,Not Specified %,1957
0.708,0.0105641,0.00105641,None kPa,N/A,9580,['C'],A,Vacuum adiabatic calorimetry,"origin: commercial source,99.9 % (total),stated by supplier",99.9,Not Specified %,1957
0.736,0.0095576,0.00095576,None kPa,N/A,9580,['C'],A,Vacuum adiabatic calorimetry,"origin: commercial source,99.9 % (total),stated by supplier",99.9,Not Specified %,1957
0.789,0.0096652,0.00096652,None kPa,N/A,9580,['C'],A,Vacuum adiabatic calorimetry,"origin: commercial source,99.9 % (total),stated by supplier",99.9,Not Specified %,1957
0.826,0.0088076,0.00088076,None kPa,N/A,9580,['C'],A,Vacuum adiabatic calorimetry,"origin: commercial source,99.9 % (total),stated by supplier",99.9,Not Specified %,1957
0.87,0.0088741,0.00088741,None kPa,N/A,9580,['C'],A,Vacuum adiabatic calorimetry,"origin: commercial source,99.9 % (total),stated by supplier",99.9,Not Specified %,1957
0.913,0.0085449,0.00085449,None kPa,N/A,9580,['C'],A,Vacuum adiabatic calorimetry,"origin: commercial source,99.9 % (total),stated by supplier",99.9,Not Specified %,1957
0.959,0.0086547,0.00086547,None kPa,N/A,9580,['C'],A,Vacuum adiabatic calorimetry,"origin: commercial source,99.9 % (total),stated by supplier",99.9,Not Specified %,1957
0.999,0.0079535,0.00079535,None kPa,N/A,9580,['C'],A,Vacuum adiabatic calorimetry,"origin: commercial source,99.9 % (total),stated by supplier",99.9,Not Specified %,1957
1.089,0.0079489,0.00079489,None kPa,N/A,9580,['C'],A,Vacuum adiabatic calorimetry,"origin: commercial source,99.9 % (total),stated by supplier",99.9,Not Specified %,1957
1.17,0.0081566,0.00081566,None kPa,N/A,9580,['C'],A,Vacuum adiabatic calorimetry,"origin: commercial source,99.9 % (total),stated by supplier",99.9,Not Specified %,1957
1.234,0.0079247,0.00079247,None kPa,N/A,9580,['C'],A,Vacuum adiabatic calorimetry,"origin: commercial source,99.9 % (total),stated by supplier",99.9,Not Specified %,1957
1.349,0.0080368,0.00080368,None kPa,N/A,9580,['C'],A,Vacuum adiabatic calorimetry,"origin: commercial source,99.9 % (total),stated by supplier",99.9,Not Specified %,1957
1.497,0.0086328,0.00086328,None kPa,N/A,9580,['C'],A,Vacuum adiabatic calorimetry,"origin: commercial source,99.9 % (total),stated by supplier",99.9,Not Specified %,1957
1.523,0.0084477,0.00084477,None kPa,N/A,9580,['C'],A,Vacuum adiabatic calorimetry,"origin: commercial source,99.9 % (total),stated by supplier",99.9,Not Specified %,1957
1.528,0.0088745,0.00088745,None kPa,N/A,9580,['C'],A,Vacuum adiabatic calorimetry,"origin: commercial source,99.9 % (total),stated by supplier",99.9,Not Specified %,1957
1.545,0.0083886,0.00083886,None kPa,N/A,9580,['C'],A,Vacuum adiabatic calorimetry,"origin: commercial source,99.9 % (total),stated by supplier",99.9,Not Specified %,1957
1.577,0.0087116,0.00087116,None kPa,N/A,9580,['C'],A,Vacuum adiabatic calorimetry,"origin: commercial source,99.9 % (total),stated by supplier",99.9,Not Specified %,1957
1.614,0.0088873,0.00088873,None kPa,N/A,9580,['C'],A,Vacuum adiabatic calorimetry,"origin: commercial source,99.9 % (total),stated by supplier",99.9,Not Specified %,1957
1.628,0.0089383,0.00089383,None kPa,N/A,9580,['C'],A,Vacuum adiabatic calorimetry,"origin: commercial source,99.9 % (total),stated by supplier",99.9,Not Specified %,1957
1.655,0.0090526,0.00090526,None kPa,N/A,9580,['C'],A,Vacuum adiabatic calorimetry,"origin: commercial source,99.9 % (total),stated by supplier",99.9,Not Specified %,1957
1.67,0.0089676,0.00089676,None kPa,N/A,9580,['C'],A,Vacuum adiabatic calorimetry,"origin: commercial source,99.9 % (total),stated by supplier",99.9,Not Specified %,1957
1.687,0.0088421,0.00088421,None kPa,N/A,9580,['C'],A,Vacuum adiabatic calorimetry,"origin: commercial source,99.9 % (total),stated by supplier",99.9,Not Specified %,1957
1.692,0.0093794,0.00093794,None kPa,N/A,9580,['C'],A,Vacuum adiabatic calorimetry,"origin: commercial source,99.9 % (total),stated by supplier",99.9,Not Specified %,1957
1.718,0.0091412,0.00091412,None kPa,N/A,9580,['C'],A,Vacuum adiabatic calorimetry,"origin: commercial source,99.9 % (total),stated by supplier",99.9,Not Specified %,1957
1.756,0.0091686,0.00091686,None kPa,N/A,9580,['C'],A,Vacuum adiabatic calorimetry,"origin: commercial source,99.9 % (total),stated by supplier",99.9,Not Specified %,1957
1.809,0.0096718,0.00096718,None kPa,N/A,9580,['C'],A,Vacuum adiabatic calorimetry,"origin: commercial source,99.9 % (total),stated by supplier",99.9,Not Specified %,1957
1.868,0.0099386,0.00099386,None kPa,N/A,9580,['C'],A,Vacuum adiabatic calorimetry,"origin: commercial source,99.9 % (total),stated by supplier",99.9,Not Specified %,1957
1.883,0.0098262,0.00098262,None kPa,N/A,9580,['C'],A,Vacuum adiabatic calorimetry,"origin: commercial source,99.9 % (total),stated by supplier",99.9,Not Specified %,1957
1.9,0.0100914,0.00100914,None kPa,N/A,9580,['C'],A,Vacuum adiabatic calorimetry,"origin: commercial source,99.9 % (total),stated by supplier",99.9,Not Specified %,1957
1.932,0.0101714,0.00101714,None kPa,N/A,9580,['C'],A,Vacuum adiabatic calorimetry,"origin: commercial source,99.9 % (total),stated by supplier",99.9,Not Specified %,1957
1.97,0.0103568,0.00103568,None kPa,N/A,9580,['C'],A,Vacuum adiabatic calorimetry,"origin: commercial source,99.9 % (total),stated by supplier",99.9,Not Specified %,1957
2.058,0.0104226,0.00104226,None kPa,N/A,9580,['C'],A,Vacuum adiabatic calorimetry,"origin: commercial source,99.9 % (total),stated by supplier",99.9,Not Specified %,1957
2.06,0.0109639,0.00109639,None kPa,N/A,9580,['C'],A,Vacuum adiabatic calorimetry,"origin: commercial source,99.9 % (total),stated by supplier",99.9,Not Specified %,1957
2.104,0.01075,0.001075,None kPa,N/A,9580,['C'],A,Vacuum adiabatic calorimetry,"origin: commercial source,99.9 % (total),stated by supplier",99.9,Not Specified %,1957
2.148,0.0109315,0.00109315,None kPa,N/A,9580,['C'],A,Vacuum adiabatic calorimetry,"origin: commercial source,99.9 % (total),stated by supplier",99.9,Not Specified %,1957
2.16,0.0112461,0.00112461,None kPa,N/A,9580,['C'],A,Vacuum adiabatic calorimetry,"origin: commercial source,99.9 % (total),stated by supplier",99.9,Not Specified %,1957
2.222,0.011256,0.0011256,None kPa,N/A,9580,['C'],A,Vacuum adiabatic calorimetry,"origin: commercial source,99.9 % (total),stated by supplier",99.9,Not Specified %,1957
2.239,0.0116634,0.00116634,None kPa,N/A,9580,['C'],A,Vacuum adiabatic calorimetry,"origin: commercial source,99.9 % (total),stated by supplier",99.9,Not Specified %,1957
2.283,0.0117551,0.00117551,None kPa,N/A,9580,['C'],A,Vacuum adiabatic calorimetry,"origin: commercial source,99.9 % (total),stated by supplier",99.9,Not Specified %,1957
2.31,0.011755,0.0011755,None kPa,N/A,9580,['C'],A,Vacuum adiabatic calorimetry,"origin: commercial source,99.9 % (total),stated by supplier",99.9,Not Specified %,1957
2.329,0.0113493,0.00113493,None kPa,N/A,9580,['C'],A,Vacuum adiabatic calorimetry,"origin: commercial source,99.9 % (total),stated by supplier",99.9,Not Specified %,1957
2.345,0.0118631,0.00118631,None kPa,N/A,9580,['C'],A,Vacuum adiabatic calorimetry,"origin: commercial source,99.9 % (total),stated by supplier",99.9,Not Specified %,1957
2.37,0.0125541,0.00125541,None kPa,N/A,9580,['C'],A,Vacuum adiabatic calorimetry,"origin: commercial source,99.9 % (total),stated by supplier",99.9,Not Specified %,1957
2.404,0.0125192,0.00125192,None kPa,N/A,9580,['C'],A,Vacuum adiabatic calorimetry,"origin: commercial source,99.9 % (total),stated by supplier",99.9,Not Specified %,1957
2.448,0.013026,0.0013026,None kPa,N/A,9580,['C'],A,Vacuum adiabatic calorimetry,"origin: commercial source,99.9 % (total),stated by supplier",99.9,Not Specified %,1957
2.493,0.0129243,0.00129243,None kPa,N/A,9580,['C'],A,Vacuum adiabatic calorimetry,"origin: commercial source,99.9 % (total),stated by supplier",99.9,Not Specified %,1957
2.51,0.0129531,0.00129531,None kPa,N/A,9580,['C'],A,Vacuum adiabatic calorimetry,"origin: commercial source,99.9 % (total),stated by supplier",99.9,Not Specified %,1957
2.532,0.014216,0.0014216,None kPa,N/A,9580,['C'],A,Vacuum adiabatic calorimetry,"origin: commercial source,99.9 % (total),stated by supplier",99.9,Not Specified %,1957
2.558,0.01286,0.001286,None kPa,N/A,9580,['C'],A,Vacuum adiabatic calorimetry,"origin: commercial source,99.9 % (total),stated by supplier",99.9,Not Specified %,1957
2.56,0.0126736,0.00126736,None kPa,N/A,9580,['C'],A,Vacuum adiabatic calorimetry,"origin: commercial source,99.9 % (total),stated by supplier",99.9,Not Specified %,1957
2.609,0.013855,0.0013855,None kPa,N/A,9580,['C'],A,Vacuum adiabatic calorimetry,"origin: commercial source,99.9 % (total),stated by supplier",99.9,Not Specified %,1957
2.613,0.0137585,0.00137585,None kPa,N/A,9580,['C'],A,Vacuum adiabatic calorimetry,"origin: commercial source,99.9 % (total),stated by supplier",99.9,Not Specified %,1957
2.714,0.0142496,0.00142496,None kPa,N/A,9580,['C'],A,Vacuum adiabatic calorimetry,"origin: commercial source,99.9 % (total),stated by supplier",99.9,Not Specified %,1957
2.726,0.0136445,0.00136445,None kPa,N/A,9580,['C'],A,Vacuum adiabatic calorimetry,"origin: commercial source,99.9 % (total),stated by supplier",99.9,Not Specified %,1957
2.782,0.0144687,0.00144687,None kPa,N/A,9580,['C'],A,Vacuum adiabatic calorimetry,"origin: commercial source,99.9 % (total),stated by supplier",99.9,Not Specified %,1957
2.87,0.0153448,0.00153448,None kPa,N/A,9580,['C'],A,Vacuum adiabatic calorimetry,"origin: commercial source,99.9 % (total),stated by supplier",99.9,Not Specified %,1957
2.885,0.0148871,0.00148871,None kPa,N/A,9580,['C'],A,Vacuum adiabatic calorimetry,"origin: commercial source,99.9 % (total),stated by supplier",99.9,Not Specified %,1957
2.923,0.0157777,0.00157777,None kPa,N/A,9580,['C'],A,Vacuum adiabatic calorimetry,"origin: commercial source,99.9 % (total),stated by supplier",99.9,Not Specified %,1957
2.985,0.0158507,0.00158507,None kPa,N/A,9580,['C'],A,Vacuum adiabatic calorimetry,"origin: commercial source,99.9 % (total),stated by supplier",99.9,Not Specified %,1957
3.029,0.0165481,0.00165481,None kPa,N/A,9580,['C'],A,Vacuum adiabatic calorimetry,"origin: commercial source,99.9 % (total),stated by supplier",99.9,Not Specified %,1957
3.091,0.0166604,0.00166604,None kPa,N/A,9580,['C'],A,Vacuum adiabatic calorimetry,"origin: commercial source,99.9 % (total),stated by supplier",99.9,Not Specified %,1957
3.095,0.0160759,0.00160759,None kPa,N/A,9580,['C'],A,Vacuum adiabatic calorimetry,"origin: commercial source,99.9 % (total),stated by supplier",99.9,Not Specified %,1957
3.147,0.01697,0.001697,None kPa,N/A,9580,['C'],A,Vacuum adiabatic calorimetry,"origin: commercial source,99.9 % (total),stated by supplier",99.9,Not Specified %,1957
3.203,0.017811,0.0017811,None kPa,N/A,9580,['C'],A,Vacuum adiabatic calorimetry,"origin: commercial source,99.9 % (total),stated by supplier",99.9,Not Specified %,1957
3.206,0.0184415,0.00184415,None kPa,N/A,9580,['C'],A,Vacuum adiabatic calorimetry,"origin: commercial source,99.9 % (total),stated by supplier",99.9,Not Specified %,1957
3.267,0.0189584,0.00189584,None kPa,N/A,9580,['C'],A,Vacuum adiabatic calorimetry,"origin: commercial source,99.9 % (total),stated by supplier",99.9,Not Specified %,1957
3.334,0.0175829,0.00175829,None kPa,N/A,9580,['C'],A,Vacuum adiabatic calorimetry,"origin: commercial source,99.9 % (total),stated by supplier",99.9,Not Specified %,1957
0.35,0.04098,0.00099,None kPa,N/A,10614,['C'],A,Low temperature calorimetry set up,not stated,,,1959
0.4,0.03212,0.00076,None kPa,N/A,10614,['C'],A,Low temperature calorimetry set up,not stated,,,1959
0.45,0.02612,0.00061,None kPa,N/A,10614,['C'],A,Low temperature calorimetry set up,not stated,,,1959
0.5,0.02192,0.0005,None kPa,N/A,10614,['C'],A,Low temperature calorimetry set up,not stated,,,1959
0.55,0.01888,0.00043,None kPa,N/A,10614,['C'],A,Low temperature calorimetry set up,not stated,,,1959
0.6,0.01664,0.00038,None kPa,N/A,10614,['C'],A,Low temperature calorimetry set up,not stated,,,1959
0.65,0.01495,0.00034,None kPa,N/A,10614,['C'],A,Low temperature calorimetry set up,not stated,,,1959
0.7,0.01368,0.00032,None kPa,N/A,10614,['C'],A,Low temperature calorimetry set up,not stated,,,1959
0.612,0.0111,0.000777,1.33322e-11 kPa,N/A,10700,['C'],A,Low temperature calorimetry set up,"origin: commercial source,99.9 % (total),chemical analysis,ingot",99.9,Not Specified %,1959
0.624,0.0126,0.000882,None kPa,N/A,10700,['C'],A,Low temperature calorimetry set up,"origin: commercial source,99.9 % (total),chemical analysis,ingot",99.9,Not Specified %,1959
0.625,0.0116,0.000812,None kPa,N/A,10700,['C'],A,Low temperature calorimetry set up,"origin: commercial source,99.9 % (total),chemical analysis,ingot",99.9,Not Specified %,1959
0.637,0.0123,0.000861,None kPa,N/A,10700,['C'],A,Low temperature calorimetry set up,"origin: commercial source,99.9 % (total),chemical analysis,ingot",99.9,Not Specified %,1959
0.646,0.0126,0.000882,None kPa,N/A,10700,['C'],A,Low temperature calorimetry set up,"origin: commercial source,99.9 % (total),chemical analysis,ingot",99.9,Not Specified %,1959
0.641,0.0121,0.000847,None kPa,N/A,10700,['C'],A,Low temperature calorimetry set up,"origin: commercial source,99.9 % (total),chemical analysis,ingot",99.9,Not Specified %,1959
0.565,0.014,0.00098,None kPa,N/A,10700,['C'],A,Low temperature calorimetry set up,"origin: commercial source,99.9 % (total),chemical analysis,ingot",99.9,Not Specified %,1959
0.578,0.0138,0.000966,None kPa,N/A,10700,['C'],A,Low temperature calorimetry set up,"origin: commercial source,99.9 % (total),chemical analysis,ingot",99.9,Not Specified %,1959
0.586,0.0137,0.000959,None kPa,N/A,10700,['C'],A,Low temperature calorimetry set up,"origin: commercial source,99.9 % (total),chemical analysis,ingot",99.9,Not Specified %,1959
0.593,0.0136,0.000952,None kPa,N/A,10700,['C'],A,Low temperature calorimetry set up,"origin: commercial source,99.9 % (total),chemical analysis,ingot",99.9,Not Specified %,1959
0.599,0.0134,0.000938,None kPa,N/A,10700,['C'],A,Low temperature calorimetry set up,"origin: commercial source,99.9 % (total),chemical analysis,ingot",99.9,Not Specified %,1959
0.604,0.0131,0.000917,None kPa,N/A,10700,['C'],A,Low temperature calorimetry set up,"origin: commercial source,99.9 % (total),chemical analysis,ingot",99.9,Not Specified %,1959
0.625,0.0135,0.000945,None kPa,N/A,10700,['C'],A,Low temperature calorimetry set up,"origin: commercial source,99.9 % (total),chemical analysis,ingot",99.9,Not Specified %,1959
0.64,0.0125,0.000875,None kPa,N/A,10700,['C'],A,Low temperature calorimetry set up,"origin: commercial source,99.9 % (total),chemical analysis,ingot",99.9,Not Specified %,1959
0.655,0.0121,0.000847,None kPa,N/A,10700,['C'],A,Low temperature calorimetry set up,"origin: commercial source,99.9 % (total),chemical analysis,ingot",99.9,Not Specified %,1959
0.67,0.0118,0.000826,None kPa,N/A,10700,['C'],A,Low temperature calorimetry set up,"origin: commercial source,99.9 % (total),chemical analysis,ingot",99.9,Not Specified %,1959
0.625,0.0127,0.000889,None kPa,N/A,10700,['C'],A,Low temperature calorimetry set up,"origin: commercial source,99.9 % (total),chemical analysis,ingot",99.9,Not Specified %,1959
0.64,0.0116,0.000812,None kPa,N/A,10700,['C'],A,Low temperature calorimetry set up,"origin: commercial source,99.9 % (total),chemical analysis,ingot",99.9,Not Specified %,1959
0.669,0.0132,0.000924,None kPa,N/A,10700,['C'],A,Low temperature calorimetry set up,"origin: commercial source,99.9 % (total),chemical analysis,ingot",99.9,Not Specified %,1959
0.327,0.0254,0.001778,None kPa,N/A,10700,['C'],A,Low temperature calorimetry set up,"origin: commercial source,99.9 % (total),chemical analysis,ingot",99.9,Not Specified %,1959
0.36,0.0239,0.001673,None kPa,N/A,10700,['C'],A,Low temperature calorimetry set up,"origin: commercial source,99.9 % (total),chemical analysis,ingot",99.9,Not Specified %,1959
0.336,0.0235,0.001645,None kPa,N/A,10700,['C'],A,Low temperature calorimetry set up,"origin: commercial source,99.9 % (total),chemical analysis,ingot",99.9,Not Specified %,1959
0.349,0.0239,0.001673,None kPa,N/A,10700,['C'],A,Low temperature calorimetry set up,"origin: commercial source,99.9 % (total),chemical analysis,ingot",99.9,Not Specified %,1959
0.37,0.0337,0.002359,None kPa,N/A,10700,['C'],A,Low temperature calorimetry set up,"origin: commercial source,99.9 % (total),chemical analysis,ingot",99.9,Not Specified %,1959
0.402,0.0182,0.001274,None kPa,N/A,10700,['C'],A,Low temperature calorimetry set up,"origin: commercial source,99.9 % (total),chemical analysis,ingot",99.9,Not Specified %,1959
0.446,0.0183,0.001281,None kPa,N/A,10700,['C'],A,Low temperature calorimetry set up,"origin: commercial source,99.9 % (total),chemical analysis,ingot",99.9,Not Specified %,1959
0.489,0.0137,0.000959,None kPa,N/A,10700,['C'],A,Low temperature calorimetry set up,"origin: commercial source,99.9 % (total),chemical analysis,ingot",99.9,Not Specified %,1959
0.53,0.0165,0.001155,None kPa,N/A,10700,['C'],A,Low temperature calorimetry set up,"origin: commercial source,99.9 % (total),chemical analysis,ingot",99.9,Not Specified %,1959
0.583,0.0124,0.000868,None kPa,N/A,10700,['C'],A,Low temperature calorimetry set up,"origin: commercial source,99.9 % (total),chemical analysis,ingot",99.9,Not Specified %,1959
0.637,0.0132,0.000924,None kPa,N/A,10700,['C'],A,Low temperature calorimetry set up,"origin: commercial source,99.9 % (total),chemical analysis,ingot",99.9,Not Specified %,1959
0.696,0.0102,0.000714,None kPa,N/A,10700,['C'],A,Low temperature calorimetry set up,"origin: commercial source,99.9 % (total),chemical analysis,ingot",99.9,Not Specified %,1959
0.756,0.0098,0.000686,None kPa,N/A,10700,['C'],A,Low temperature calorimetry set up,"origin: commercial source,99.9 % (total),chemical analysis,ingot",99.9,Not Specified %,1959
0.815,0.0089,0.000623,None kPa,N/A,10700,['C'],A,Low temperature calorimetry set up,"origin: commercial source,99.9 % (total),chemical analysis,ingot",99.9,Not Specified %,1959
0.898,0.0099,0.000693,None kPa,N/A,10700,['C'],A,Low temperature calorimetry set up,"origin: commercial source,99.9 % (total),chemical analysis,ingot",99.9,Not Specified %,1959
0.999,0.0106,0.000742,None kPa,N/A,10700,['C'],A,Low temperature calorimetry set up,"origin: commercial source,99.9 % (total),chemical analysis,ingot",99.9,Not Specified %,1959
0.548,0.0131,0.000917,None kPa,N/A,10700,['C'],A,Low temperature calorimetry set up,"origin: commercial source,99.9 % (total),chemical analysis,ingot",99.9,Not Specified %,1959
0.552,0.0136,0.000952,None kPa,N/A,10700,['C'],A,Low temperature calorimetry set up,"origin: commercial source,99.9 % (total),chemical analysis,ingot",99.9,Not Specified %,1959
0.565,0.0132,0.000924,None kPa,N/A,10700,['C'],A,Low temperature calorimetry set up,"origin: commercial source,99.9 % (total),chemical analysis,ingot",99.9,Not Specified %,1959
0.485,0.0142,0.000994,None kPa,N/A,10700,['C'],A,Low temperature calorimetry set up,"origin: commercial source,99.9 % (total),chemical analysis,ingot",99.9,Not Specified %,1959
0.498,0.015,0.00105,None kPa,N/A,10700,['C'],A,Low temperature calorimetry set up,"origin: commercial source,99.9 % (total),chemical analysis,ingot",99.9,Not Specified %,1959
0.51,0.0135,0.000945,None kPa,N/A,10700,['C'],A,Low temperature calorimetry set up,"origin: commercial source,99.9 % (total),chemical analysis,ingot",99.9,Not Specified %,1959
1.381,0.00926756,0.000185351,None kPa,N/A,11231,['C'],A,Low temperature calorimetry set up,not stated,,,1960
1.403,0.00931777,0.000186355,None kPa,N/A,11231,['C'],A,Low temperature calorimetry set up,not stated,,,1960
1.437,0.00938471,0.000187694,None kPa,N/A,11231,['C'],A,Low temperature calorimetry set up,not stated,,,1960
1.456,0.00936379,0.000187276,None kPa,N/A,11231,['C'],A,Low temperature calorimetry set up,not stated,,,1960
1.47,0.0092843,0.000185686,None kPa,N/A,11231,['C'],A,Low temperature calorimetry set up,not stated,,,1960
1.517,0.00939726,0.000187945,None kPa,N/A,11231,['C'],A,Low temperature calorimetry set up,not stated,,,1960
1.539,0.0093345,0.00018669,None kPa,N/A,11231,['C'],A,Low temperature calorimetry set up,not stated,,,1960
1.582,0.00953115,0.000190623,None kPa,N/A,11231,['C'],A,Low temperature calorimetry set up,not stated,,,1960
1.633,0.00966086,0.000193217,None kPa,N/A,11231,['C'],A,Low temperature calorimetry set up,not stated,,,1960
1.694,0.00984495,0.000196899,None kPa,N/A,11231,['C'],A,Low temperature calorimetry set up,not stated,,,1960
1.767,0.0100374,0.000200748,None kPa,N/A,11231,['C'],A,Low temperature calorimetry set up,not stated,,,1960
1.845,0.010301,0.00020602,None kPa,N/A,11231,['C'],A,Low temperature calorimetry set up,not stated,,,1960
1.976,0.0107236,0.000214472,None kPa,N/A,11231,['C'],A,Low temperature calorimetry set up,not stated,,,1960
2.09,0.0110918,0.000221836,None kPa,N/A,11231,['C'],A,Low temperature calorimetry set up,not stated,,,1960
2.205,0.0115897,0.000231794,None kPa,N/A,11231,['C'],A,Low temperature calorimetry set up,not stated,,,1960
2.359,0.012188,0.00024376,None kPa,N/A,11231,['C'],A,Low temperature calorimetry set up,not stated,,,1960
2.609,0.013439,0.00026878,None kPa,N/A,11231,['C'],A,Low temperature calorimetry set up,not stated,,,1960
2.9,0.0148197,0.000296395,None kPa,N/A,11231,['C'],A,Low temperature calorimetry set up,not stated,,,1960
3.313,0.0169661,0.000339322,None kPa,N/A,11231,['C'],A,Low temperature calorimetry set up,not stated,,,1960
3.858,0.0198949,0.000397898,None kPa,N/A,11231,['C'],A,Low temperature calorimetry set up,not stated,,,1960
4.313,0.0219032,0.000438065,None kPa,N/A,11231,['C'],A,Low temperature calorimetry set up,not stated,,,1960
310.581,25.019,0.50038,None kPa,N/A,14262,['C'],A,Adiabatic calorimeter (non-vacuum) ,"not stated,99.5 weight % (total),",99.5,Weight %,1964
317.185,25.4091,0.508182,None kPa,N/A,14262,['C'],A,Adiabatic calorimeter (non-vacuum) ,"not stated,99.5 weight % (total),",99.5,Weight %,1964
325.612,25.2148,0.504296,None kPa,N/A,14262,['C'],A,Adiabatic calorimeter (non-vacuum) ,"not stated,99.5 weight % (total),",99.5,Weight %,1964
338.369,25.2559,0.505118,None kPa,N/A,14262,['C'],A,Adiabatic calorimeter (non-vacuum) ,"not stated,99.5 weight % (total),",99.5,Weight %,1964
340.979,25.8444,0.516888,None kPa,N/A,14262,['C'],A,Adiabatic calorimeter (non-vacuum) ,"not stated,99.5 weight % (total),",99.5,Weight %,1964
351.024,25.5302,0.510604,None kPa,N/A,14262,['C'],A,Adiabatic calorimeter (non-vacuum) ,"not stated,99.5 weight % (total),",99.5,Weight %,1964
360.344,26.4238,0.528476,None kPa,N/A,14262,['C'],A,Adiabatic calorimeter (non-vacuum) ,"not stated,99.5 weight % (total),",99.5,Weight %,1964
384.556,26.2988,0.525976,None kPa,N/A,14262,['C'],A,Adiabatic calorimeter (non-vacuum) ,"not stated,99.5 weight % (total),",99.5,Weight %,1964
391.031,25.8801,0.517602,None kPa,N/A,14262,['C'],A,Adiabatic calorimeter (non-vacuum) ,"not stated,99.5 weight % (total),",99.5,Weight %,1964
419.923,26.9736,0.539472,None kPa,N/A,14262,['C'],A,Adiabatic calorimeter (non-vacuum) ,"not stated,99.5 weight % (total),",99.5,Weight %,1964
424.018,26.4786,0.529572,None kPa,N/A,14262,['C'],A,Adiabatic calorimeter (non-vacuum) ,"not stated,99.5 weight % (total),",99.5,Weight %,1964
431.073,27.5706,0.551412,None kPa,N/A,14262,['C'],A,Adiabatic calorimeter (non-vacuum) ,"not stated,99.5 weight % (total),",99.5,Weight %,1964
511.411,28.3008,0.566016,None kPa,N/A,14262,['C'],A,Adiabatic calorimeter (non-vacuum) ,"not stated,99.5 weight % (total),",99.5,Weight %,1964
511.618,27.9171,0.558342,None kPa,N/A,14262,['C'],A,Adiabatic calorimeter (non-vacuum) ,"not stated,99.5 weight % (total),",99.5,Weight %,1964
516.613,28.7716,0.575432,None kPa,N/A,14262,['C'],A,Adiabatic calorimeter (non-vacuum) ,"not stated,99.5 weight % (total),",99.5,Weight %,1964
555.107,29.1498,0.582996,None kPa,N/A,14262,['C'],A,Adiabatic calorimeter (non-vacuum) ,"not stated,99.5 weight % (total),",99.5,Weight %,1964
602.024,29.2051,0.584102,None kPa,N/A,14262,['C'],A,Adiabatic calorimeter (non-vacuum) ,"not stated,99.5 weight % (total),",99.5,Weight %,1964
667.111,29.5565,0.59113,None kPa,N/A,14262,['C'],A,Adiabatic calorimeter (non-vacuum) ,"not stated,99.5 weight % (total),",99.5,Weight %,1964
669.293,30.3543,0.607086,None kPa,N/A,14262,['C'],A,Adiabatic calorimeter (non-vacuum) ,"not stated,99.5 weight % (total),",99.5,Weight %,1964
684.208,30.2143,0.604286,None kPa,N/A,14262,['C'],A,Adiabatic calorimeter (non-vacuum) ,"not stated,99.5 weight % (total),",99.5,Weight %,1964
689.194,30.7374,0.614748,None kPa,N/A,14262,['C'],A,Adiabatic calorimeter (non-vacuum) ,"not stated,99.5 weight % (total),",99.5,Weight %,1964
733.553,32.1444,0.642888,None kPa,N/A,14262,['C'],A,Adiabatic calorimeter (non-vacuum) ,"not stated,99.5 weight % (total),",99.5,Weight %,1964
753.004,31.891,0.63782,None kPa,N/A,14262,['C'],A,Adiabatic calorimeter (non-vacuum) ,"not stated,99.5 weight % (total),",99.5,Weight %,1964
766.797,30.2163,0.604326,None kPa,N/A,14262,['C'],A,Adiabatic calorimeter (non-vacuum) ,"not stated,99.5 weight % (total),",99.5,Weight %,1964
767.711,32.0911,0.641822,None kPa,N/A,14262,['C'],A,Adiabatic calorimeter (non-vacuum) ,"not stated,99.5 weight % (total),",99.5,Weight %,1964
813.565,32.8049,0.656098,None kPa,N/A,14262,['C'],A,Adiabatic calorimeter (non-vacuum) ,"not stated,99.5 weight % (total),",99.5,Weight %,1964
823.064,32.264,0.64528,None kPa,N/A,14262,['C'],A,Adiabatic calorimeter (non-vacuum) ,"not stated,99.5 weight % (total),",99.5,Weight %,1964
844.263,32.6907,0.653814,None kPa,N/A,14262,['C'],A,Adiabatic calorimeter (non-vacuum) ,"not stated,99.5 weight % (total),",99.5,Weight %,1964
850.76,33.1003,0.662006,None kPa,N/A,14262,['C'],A,Adiabatic calorimeter (non-vacuum) ,"not stated,99.5 weight % (total),",99.5,Weight %,1964
883.227,34.5033,0.690066,None kPa,N/A,14262,['C'],A,Adiabatic calorimeter (non-vacuum) ,"not stated,99.5 weight % (total),",99.5,Weight %,1964
884.08,34.0673,0.681346,None kPa,N/A,14262,['C'],A,Adiabatic calorimeter (non-vacuum) ,"not stated,99.5 weight % (total),",99.5,Weight %,1964
898.368,34.7558,0.695116,None kPa,N/A,14262,['C'],A,Adiabatic calorimeter (non-vacuum) ,"not stated,99.5 weight % (total),",99.5,Weight %,1964
904.43,35.0783,0.701566,None kPa,N/A,14262,['C'],A,Adiabatic calorimeter (non-vacuum) ,"not stated,99.5 weight % (total),",99.5,Weight %,1964
936.209,34.9902,0.699804,None kPa,N/A,14262,['C'],A,Adiabatic calorimeter (non-vacuum) ,"not stated,99.5 weight % (total),",99.5,Weight %,1964
936.879,35.7837,0.715674,None kPa,N/A,14262,['C'],A,Adiabatic calorimeter (non-vacuum) ,"not stated,99.5 weight % (total),",99.5,Weight %,1964
938.384,35.4653,0.709306,None kPa,N/A,14262,['C'],A,Adiabatic calorimeter (non-vacuum) ,"not stated,99.5 weight % (total),",99.5,Weight %,1964
950.499,35.7484,0.714968,None kPa,N/A,14262,['C'],A,Adiabatic calorimeter (non-vacuum) ,"not stated,99.5 weight % (total),",99.5,Weight %,1964
950.946,36.3326,0.726652,None kPa,N/A,14262,['C'],A,Adiabatic calorimeter (non-vacuum) ,"not stated,99.5 weight % (total),",99.5,Weight %,1964
967.81,36.3147,0.726294,None kPa,N/A,14262,['C'],A,Adiabatic calorimeter (non-vacuum) ,"not stated,99.5 weight % (total),",99.5,Weight %,1964
1003.95,37.5389,0.750778,None kPa,N/A,14262,['C'],A,Adiabatic calorimeter (non-vacuum) ,"not stated,99.5 weight % (total),",99.5,Weight %,1964
1006.09,36.7366,0.734732,None kPa,N/A,14262,['C'],A,Adiabatic calorimeter (non-vacuum) ,"not stated,99.5 weight % (total),",99.5,Weight %,1964
1021.24,37.4381,0.748762,None kPa,N/A,14262,['C'],A,Adiabatic calorimeter (non-vacuum) ,"not stated,99.5 weight % (total),",99.5,Weight %,1964
1023.17,36.9148,0.738296,None kPa,N/A,14262,['C'],A,Adiabatic calorimeter (non-vacuum) ,"not stated,99.5 weight % (total),",99.5,Weight %,1964
1039.62,37.6905,0.75381,None kPa,N/A,14262,['C'],A,Adiabatic calorimeter (non-vacuum) ,"not stated,99.5 weight % (total),",99.5,Weight %,1964
1063.41,37.9296,0.758592,None kPa,N/A,14262,['C'],A,Adiabatic calorimeter (non-vacuum) ,"not stated,99.5 weight % (total),",99.5,Weight %,1964
1073.59,38.3173,0.766346,None kPa,N/A,14262,['C'],A,Adiabatic calorimeter (non-vacuum) ,"not stated,99.5 weight % (total),",99.5,Weight %,1964
1084.61,38.1339,0.762678,None kPa,N/A,14262,['C'],A,Adiabatic calorimeter (non-vacuum) ,"not stated,99.5 weight % (total),",99.5,Weight %,1964
1119.9,40.3129,0.806258,None kPa,N/A,14262,['C'],A,Adiabatic calorimeter (non-vacuum) ,"not stated,99.5 weight % (total),",99.5,Weight %,1964
1134.82,40.2776,0.805552,None kPa,N/A,14262,['C'],A,Adiabatic calorimeter (non-vacuum) ,"not stated,99.5 weight % (total),",99.5,Weight %,1964
1173.33,41.1573,0.823146,None kPa,N/A,14262,['C'],A,Adiabatic calorimeter (non-vacuum) ,"not stated,99.5 weight % (total),",99.5,Weight %,1964
1214.66,42.4423,0.848846,None kPa,N/A,14262,['C'],A,Adiabatic calorimeter (non-vacuum) ,"not stated,99.5 weight % (total),",99.5,Weight %,1964
1246.28,44.5168,0.890336,None kPa,N/A,14262,['C'],A,Adiabatic calorimeter (non-vacuum) ,"not stated,99.5 weight % (total),",99.5,Weight %,1964
1256.43,44.3072,0.886144,None kPa,N/A,14262,['C'],A,Adiabatic calorimeter (non-vacuum) ,"not stated,99.5 weight % (total),",99.5,Weight %,1964
1272.05,46.2993,0.925986,None kPa,N/A,14262,['C'],A,Adiabatic calorimeter (non-vacuum) ,"not stated,99.5 weight % (total),",99.5,Weight %,1964
1294.77,47.0007,0.940014,None kPa,N/A,14262,['C'],A,Adiabatic calorimeter (non-vacuum) ,"not stated,99.5 weight % (total),",99.5,Weight %,1964
1298.45,47.3145,0.94629,None kPa,N/A,14262,['C'],A,Adiabatic calorimeter (non-vacuum) ,"not stated,99.5 weight % (total),",99.5,Weight %,1964
1317.92,47.6933,0.953866,None kPa,N/A,14262,['C'],A,Adiabatic calorimeter (non-vacuum) ,"not stated,99.5 weight % (total),",99.5,Weight %,1964
1345.89,50.4829,1.00966,None kPa,N/A,14262,['C'],A,Adiabatic calorimeter (non-vacuum) ,"not stated,99.5 weight % (total),",99.5,Weight %,1964
1350.62,49.5933,0.991866,None kPa,N/A,14262,['C'],A,Adiabatic calorimeter (non-vacuum) ,"not stated,99.5 weight % (total),",99.5,Weight %,1964
1353.28,52.0,1.04,None kPa,N/A,14262,['C'],A,Adiabatic calorimeter (non-vacuum) ,"not stated,99.5 weight % (total),",99.5,Weight %,1964
1362.81,52.6014,1.05203,None kPa,N/A,14262,['C'],A,Adiabatic calorimeter (non-vacuum) ,"not stated,99.5 weight % (total),",99.5,Weight %,1964
1364.08,51.7468,1.03494,None kPa,N/A,14262,['C'],A,Adiabatic calorimeter (non-vacuum) ,"not stated,99.5 weight % (total),",99.5,Weight %,1964
1364.53,52.2351,1.0447,None kPa,N/A,14262,['C'],A,Adiabatic calorimeter (non-vacuum) ,"not stated,99.5 weight % (total),",99.5,Weight %,1964
1369.79,54.9469,1.09894,None kPa,N/A,14262,['C'],A,Adiabatic calorimeter (non-vacuum) ,"not stated,99.5 weight % (total),",99.5,Weight %,1964
1369.82,56.3509,1.12702,None kPa,N/A,14262,['C'],A,Adiabatic calorimeter (non-vacuum) ,"not stated,99.5 weight % (total),",99.5,Weight %,1964
1370.24,55.8625,1.11725,None kPa,N/A,14262,['C'],A,Adiabatic calorimeter (non-vacuum) ,"not stated,99.5 weight % (total),",99.5,Weight %,1964
1372.88,57.6414,1.15283,None kPa,N/A,14262,['C'],A,Adiabatic calorimeter (non-vacuum) ,"not stated,99.5 weight % (total),",99.5,Weight %,1964
1379.53,47.4125,0.94825,None kPa,N/A,14262,['C'],A,Adiabatic calorimeter (non-vacuum) ,"not stated,99.5 weight % (total),",99.5,Weight %,1964
1380.35,45.6771,0.913542,None kPa,N/A,14262,['C'],A,Adiabatic calorimeter (non-vacuum) ,"not stated,99.5 weight % (total),",99.5,Weight %,1964
1380.8,46.0259,0.920518,None kPa,N/A,14262,['C'],A,Adiabatic calorimeter (non-vacuum) ,"not stated,99.5 weight % (total),",99.5,Weight %,1964
1380.87,48.7902,0.975804,None kPa,N/A,14262,['C'],A,Adiabatic calorimeter (non-vacuum) ,"not stated,99.5 weight % (total),",99.5,Weight %,1964
1381.29,48.4588,0.969176,None kPa,N/A,14262,['C'],A,Adiabatic calorimeter (non-vacuum) ,"not stated,99.5 weight % (total),",99.5,Weight %,1964
1381.41,52.8887,1.05777,None kPa,N/A,14262,['C'],A,Adiabatic calorimeter (non-vacuum) ,"not stated,99.5 weight % (total),",99.5,Weight %,1964
1383.84,46.863,0.93726,None kPa,N/A,14262,['C'],A,Adiabatic calorimeter (non-vacuum) ,"not stated,99.5 weight % (total),",99.5,Weight %,1964
1387.69,45.3107,0.906214,None kPa,N/A,14262,['C'],A,Adiabatic calorimeter (non-vacuum) ,"not stated,99.5 weight % (total),",99.5,Weight %,1964
1388.12,44.9793,0.899586,None kPa,N/A,14262,['C'],A,Adiabatic calorimeter (non-vacuum) ,"not stated,99.5 weight % (total),",99.5,Weight %,1964
1396.31,44.1681,0.883362,None kPa,N/A,14262,['C'],A,Adiabatic calorimeter (non-vacuum) ,"not stated,99.5 weight % (total),",99.5,Weight %,1964
1397.13,42.4938,0.849876,None kPa,N/A,14262,['C'],A,Adiabatic calorimeter (non-vacuum) ,"not stated,99.5 weight % (total),",99.5,Weight %,1964
1401.47,42.8338,0.856676,None kPa,N/A,14262,['C'],A,Adiabatic calorimeter (non-vacuum) ,"not stated,99.5 weight % (total),",99.5,Weight %,1964
1411.37,41.2987,0.825974,None kPa,N/A,14262,['C'],A,Adiabatic calorimeter (non-vacuum) ,"not stated,99.5 weight % (total),",99.5,Weight %,1964
1416.14,41.5864,0.831728,None kPa,N/A,14262,['C'],A,Adiabatic calorimeter (non-vacuum) ,"not stated,99.5 weight % (total),",99.5,Weight %,1964
1433.85,41.0539,0.821078,None kPa,N/A,14262,['C'],A,Adiabatic calorimeter (non-vacuum) ,"not stated,99.5 weight % (total),",99.5,Weight %,1964
1436.89,41.4637,0.829274,None kPa,N/A,14262,['C'],A,Adiabatic calorimeter (non-vacuum) ,"not stated,99.5 weight % (total),",99.5,Weight %,1964
1441.19,40.7834,0.815668,None kPa,N/A,14262,['C'],A,Adiabatic calorimeter (non-vacuum) ,"not stated,99.5 weight % (total),",99.5,Weight %,1964
1452.02,41.3761,0.827522,None kPa,N/A,14262,['C'],A,Adiabatic calorimeter (non-vacuum) ,"not stated,99.5 weight % (total),",99.5,Weight %,1964
1457.62,40.6434,0.812868,None kPa,N/A,14262,['C'],A,Adiabatic calorimeter (non-vacuum) ,"not stated,99.5 weight % (total),",99.5,Weight %,1964
1459.77,40.2248,0.804496,None kPa,N/A,14262,['C'],A,Adiabatic calorimeter (non-vacuum) ,"not stated,99.5 weight % (total),",99.5,Weight %,1964
1545.81,39.6294,0.792588,None kPa,N/A,14262,['C'],A,Adiabatic calorimeter (non-vacuum) ,"not stated,99.5 weight % (total),",99.5,Weight %,1964
1609.36,39.2003,0.784006,None kPa,N/A,14262,['C'],A,Adiabatic calorimeter (non-vacuum) ,"not stated,99.5 weight % (total),",99.5,Weight %,1964
1665.15,39.7132,0.794264,None kPa,N/A,14262,['C'],A,Adiabatic calorimeter (non-vacuum) ,"not stated,99.5 weight % (total),",99.5,Weight %,1964
1722.66,39.7202,0.794404,None kPa,N/A,14262,['C'],A,Adiabatic calorimeter (non-vacuum) ,"not stated,99.5 weight % (total),",99.5,Weight %,1964
358.714,26.0859,0.521718,None kPa,N/A,14263,['C'],A,Adiabatic calorimeter (non-vacuum) ,"not stated,99.0 weight % (total),",99.0,Weight %,1964
368.456,26.587,0.53174,None kPa,N/A,14263,['C'],A,Adiabatic calorimeter (non-vacuum) ,"not stated,99.0 weight % (total),",99.0,Weight %,1964
373.653,26.8746,0.537492,None kPa,N/A,14263,['C'],A,Adiabatic calorimeter (non-vacuum) ,"not stated,99.0 weight % (total),",99.0,Weight %,1964
399.163,26.7998,0.535996,None kPa,N/A,14263,['C'],A,Adiabatic calorimeter (non-vacuum) ,"not stated,99.0 weight % (total),",99.0,Weight %,1964
411.264,26.5553,0.531106,None kPa,N/A,14263,['C'],A,Adiabatic calorimeter (non-vacuum) ,"not stated,99.0 weight % (total),",99.0,Weight %,1964
453.222,27.1209,0.542418,None kPa,N/A,14263,['C'],A,Adiabatic calorimeter (non-vacuum) ,"not stated,99.0 weight % (total),",99.0,Weight %,1964
454.745,27.5045,0.55009,None kPa,N/A,14263,['C'],A,Adiabatic calorimeter (non-vacuum) ,"not stated,99.0 weight % (total),",99.0,Weight %,1964
457.755,26.8417,0.536834,None kPa,N/A,14263,['C'],A,Adiabatic calorimeter (non-vacuum) ,"not stated,99.0 weight % (total),",99.0,Weight %,1964
465.571,28.1146,0.562292,None kPa,N/A,14263,['C'],A,Adiabatic calorimeter (non-vacuum) ,"not stated,99.0 weight % (total),",99.0,Weight %,1964
479.186,27.8788,0.557576,None kPa,N/A,14263,['C'],A,Adiabatic calorimeter (non-vacuum) ,"not stated,99.0 weight % (total),",99.0,Weight %,1964
483.07,27.5822,0.551644,None kPa,N/A,14263,['C'],A,Adiabatic calorimeter (non-vacuum) ,"not stated,99.0 weight % (total),",99.0,Weight %,1964
493.019,27.7389,0.554778,None kPa,N/A,14263,['C'],A,Adiabatic calorimeter (non-vacuum) ,"not stated,99.0 weight % (total),",99.0,Weight %,1964
533.278,29.4469,0.588938,None kPa,N/A,14263,['C'],A,Adiabatic calorimeter (non-vacuum) ,"not stated,99.0 weight % (total),",99.0,Weight %,1964
539.305,28.4178,0.568356,None kPa,N/A,14263,['C'],A,Adiabatic calorimeter (non-vacuum) ,"not stated,99.0 weight % (total),",99.0,Weight %,1964
556.601,28.4216,0.568432,None kPa,N/A,14263,['C'],A,Adiabatic calorimeter (non-vacuum) ,"not stated,99.0 weight % (total),",99.0,Weight %,1964
569.367,28.7875,0.57575,None kPa,N/A,14263,['C'],A,Adiabatic calorimeter (non-vacuum) ,"not stated,99.0 weight % (total),",99.0,Weight %,1964
582.794,29.6635,0.59327,None kPa,N/A,14263,['C'],A,Adiabatic calorimeter (non-vacuum) ,"not stated,99.0 weight % (total),",99.0,Weight %,1964
587.53,28.8873,0.577746,None kPa,N/A,14263,['C'],A,Adiabatic calorimeter (non-vacuum) ,"not stated,99.0 weight % (total),",99.0,Weight %,1964
600.53,29.9595,0.59919,None kPa,N/A,14263,['C'],A,Adiabatic calorimeter (non-vacuum) ,"not stated,99.0 weight % (total),",99.0,Weight %,1964
614.991,28.9998,0.579996,None kPa,N/A,14263,['C'],A,Adiabatic calorimeter (non-vacuum) ,"not stated,99.0 weight % (total),",99.0,Weight %,1964
629.722,30.1243,0.602486,None kPa,N/A,14263,['C'],A,Adiabatic calorimeter (non-vacuum) ,"not stated,99.0 weight % (total),",99.0,Weight %,1964
632.955,29.7449,0.594898,None kPa,N/A,14263,['C'],A,Adiabatic calorimeter (non-vacuum) ,"not stated,99.0 weight % (total),",99.0,Weight %,1964
645.08,30.4117,0.608234,None kPa,N/A,14263,['C'],A,Adiabatic calorimeter (non-vacuum) ,"not stated,99.0 weight % (total),",99.0,Weight %,1964
656.318,30.2326,0.604652,None kPa,N/A,14263,['C'],A,Adiabatic calorimeter (non-vacuum) ,"not stated,99.0 weight % (total),",99.0,Weight %,1964
667.772,30.0622,0.601244,None kPa,N/A,14263,['C'],A,Adiabatic calorimeter (non-vacuum) ,"not stated,99.0 weight % (total),",99.0,Weight %,1964
680.11,30.6199,0.612398,None kPa,N/A,14263,['C'],A,Adiabatic calorimeter (non-vacuum) ,"not stated,99.0 weight % (total),",99.0,Weight %,1964
683.118,29.883,0.59766,None kPa,N/A,14263,['C'],A,Adiabatic calorimeter (non-vacuum) ,"not stated,99.0 weight % (total),",99.0,Weight %,1964
727.248,30.8017,0.616034,None kPa,N/A,14263,['C'],A,Adiabatic calorimeter (non-vacuum) ,"not stated,99.0 weight % (total),",99.0,Weight %,1964
730.717,31.2071,0.624142,None kPa,N/A,14263,['C'],A,Adiabatic calorimeter (non-vacuum) ,"not stated,99.0 weight % (total),",99.0,Weight %,1964
741.731,30.7359,0.614718,None kPa,N/A,14263,['C'],A,Adiabatic calorimeter (non-vacuum) ,"not stated,99.0 weight % (total),",99.0,Weight %,1964
747.554,30.1689,0.603378,None kPa,N/A,14263,['C'],A,Adiabatic calorimeter (non-vacuum) ,"not stated,99.0 weight % (total),",99.0,Weight %,1964
758.214,32.7062,0.654124,None kPa,N/A,14263,['C'],A,Adiabatic calorimeter (non-vacuum) ,"not stated,99.0 weight % (total),",99.0,Weight %,1964
760.759,30.8138,0.616276,None kPa,N/A,14263,['C'],A,Adiabatic calorimeter (non-vacuum) ,"not stated,99.0 weight % (total),",99.0,Weight %,1964
780.465,32.0167,0.640334,None kPa,N/A,14263,['C'],A,Adiabatic calorimeter (non-vacuum) ,"not stated,99.0 weight % (total),",99.0,Weight %,1964
793.861,31.6936,0.633872,None kPa,N/A,14263,['C'],A,Adiabatic calorimeter (non-vacuum) ,"not stated,99.0 weight % (total),",99.0,Weight %,1964
812.275,33.084,0.66168,None kPa,N/A,14263,['C'],A,Adiabatic calorimeter (non-vacuum) ,"not stated,99.0 weight % (total),",99.0,Weight %,1964
830.453,33.7287,0.674574,None kPa,N/A,14263,['C'],A,Adiabatic calorimeter (non-vacuum) ,"not stated,99.0 weight % (total),",99.0,Weight %,1964
861.608,34.5781,0.691562,None kPa,N/A,14263,['C'],A,Adiabatic calorimeter (non-vacuum) ,"not stated,99.0 weight % (total),",99.0,Weight %,1964
884.749,34.8259,0.696518,None kPa,N/A,14263,['C'],A,Adiabatic calorimeter (non-vacuum) ,"not stated,99.0 weight % (total),",99.0,Weight %,1964
932.129,36.0323,0.720646,None kPa,N/A,14263,['C'],A,Adiabatic calorimeter (non-vacuum) ,"not stated,99.0 weight % (total),",99.0,Weight %,1964
952.451,36.0056,0.720112,None kPa,N/A,14263,['C'],A,Adiabatic calorimeter (non-vacuum) ,"not stated,99.0 weight % (total),",99.0,Weight %,1964
972.774,35.9919,0.719838,None kPa,N/A,14263,['C'],A,Adiabatic calorimeter (non-vacuum) ,"not stated,99.0 weight % (total),",99.0,Weight %,1964
982.952,36.6413,0.732826,None kPa,N/A,14263,['C'],A,Adiabatic calorimeter (non-vacuum) ,"not stated,99.0 weight % (total),",99.0,Weight %,1964
1013.45,37.107,0.74214,None kPa,N/A,14263,['C'],A,Adiabatic calorimeter (non-vacuum) ,"not stated,99.0 weight % (total),",99.0,Weight %,1964
1036.83,38.2573,0.765146,None kPa,N/A,14263,['C'],A,Adiabatic calorimeter (non-vacuum) ,"not stated,99.0 weight % (total),",99.0,Weight %,1964
1042.86,37.4026,0.748052,None kPa,N/A,14263,['C'],A,Adiabatic calorimeter (non-vacuum) ,"not stated,99.0 weight % (total),",99.0,Weight %,1964
1067.98,39.0064,0.780128,None kPa,N/A,14263,['C'],A,Adiabatic calorimeter (non-vacuum) ,"not stated,99.0 weight % (total),",99.0,Weight %,1964
1083.56,39.3199,0.786398,None kPa,N/A,14263,['C'],A,Adiabatic calorimeter (non-vacuum) ,"not stated,99.0 weight % (total),",99.0,Weight %,1964
1105.17,38.9007,0.778014,None kPa,N/A,14263,['C'],A,Adiabatic calorimeter (non-vacuum) ,"not stated,99.0 weight % (total),",99.0,Weight %,1964
1112.08,38.8831,0.777662,None kPa,N/A,14263,['C'],A,Adiabatic calorimeter (non-vacuum) ,"not stated,99.0 weight % (total),",99.0,Weight %,1964
1115.56,39.3364,0.786728,None kPa,N/A,14263,['C'],A,Adiabatic calorimeter (non-vacuum) ,"not stated,99.0 weight % (total),",99.0,Weight %,1964
1129.42,40.5568,0.811136,None kPa,N/A,14263,['C'],A,Adiabatic calorimeter (non-vacuum) ,"not stated,99.0 weight % (total),",99.0,Weight %,1964
1138.06,39.9462,0.798924,None kPa,N/A,14263,['C'],A,Adiabatic calorimeter (non-vacuum) ,"not stated,99.0 weight % (total),",99.0,Weight %,1964
1153.65,41.0096,0.820192,None kPa,N/A,14263,['C'],A,Adiabatic calorimeter (non-vacuum) ,"not stated,99.0 weight % (total),",99.0,Weight %,1964
1179.19,41.8983,0.837966,None kPa,N/A,14263,['C'],A,Adiabatic calorimeter (non-vacuum) ,"not stated,99.0 weight % (total),",99.0,Weight %,1964
1186.95,41.1787,0.823574,None kPa,N/A,14263,['C'],A,Adiabatic calorimeter (non-vacuum) ,"not stated,99.0 weight % (total),",99.0,Weight %,1964
1197.78,42.0373,0.840746,None kPa,N/A,14263,['C'],A,Adiabatic calorimeter (non-vacuum) ,"not stated,99.0 weight % (total),",99.0,Weight %,1964
1216.83,42.8129,0.856258,None kPa,N/A,14263,['C'],A,Adiabatic calorimeter (non-vacuum) ,"not stated,99.0 weight % (total),",99.0,Weight %,1964
1219.87,43.3447,0.866894,None kPa,N/A,14263,['C'],A,Adiabatic calorimeter (non-vacuum) ,"not stated,99.0 weight % (total),",99.0,Weight %,1964
1230.71,44.3298,0.886596,None kPa,N/A,14263,['C'],A,Adiabatic calorimeter (non-vacuum) ,"not stated,99.0 weight % (total),",99.0,Weight %,1964
1248.88,44.8001,0.896002,None kPa,N/A,14263,['C'],A,Adiabatic calorimeter (non-vacuum) ,"not stated,99.0 weight % (total),",99.0,Weight %,1964
1266.2,45.8373,0.916746,None kPa,N/A,14263,['C'],A,Adiabatic calorimeter (non-vacuum) ,"not stated,99.0 weight % (total),",99.0,Weight %,1964
1273.11,45.4796,0.909592,None kPa,N/A,14263,['C'],A,Adiabatic calorimeter (non-vacuum) ,"not stated,99.0 weight % (total),",99.0,Weight %,1964
1279.63,46.5782,0.931564,None kPa,N/A,14263,['C'],A,Adiabatic calorimeter (non-vacuum) ,"not stated,99.0 weight % (total),",99.0,Weight %,1964
1286.96,46.0635,0.92127,None kPa,N/A,14263,['C'],A,Adiabatic calorimeter (non-vacuum) ,"not stated,99.0 weight % (total),",99.0,Weight %,1964
1295.2,46.726,0.93452,None kPa,N/A,14263,['C'],A,Adiabatic calorimeter (non-vacuum) ,"not stated,99.0 weight % (total),",99.0,Weight %,1964
1303.45,48.2605,0.96521,None kPa,N/A,14263,['C'],A,Adiabatic calorimeter (non-vacuum) ,"not stated,99.0 weight % (total),",99.0,Weight %,1964
1308.2,47.9639,0.959278,None kPa,N/A,14263,['C'],A,Adiabatic calorimeter (non-vacuum) ,"not stated,99.0 weight % (total),",99.0,Weight %,1964
1317.29,48.2514,0.965028,None kPa,N/A,14263,['C'],A,Adiabatic calorimeter (non-vacuum) ,"not stated,99.0 weight % (total),",99.0,Weight %,1964
1324.21,48.5215,0.97043,None kPa,N/A,14263,['C'],A,Adiabatic calorimeter (non-vacuum) ,"not stated,99.0 weight % (total),",99.0,Weight %,1964
1324.24,49.3063,0.986126,None kPa,N/A,14263,['C'],A,Adiabatic calorimeter (non-vacuum) ,"not stated,99.0 weight % (total),",99.0,Weight %,1964
1331.58,49.123,0.98246,None kPa,N/A,14263,['C'],A,Adiabatic calorimeter (non-vacuum) ,"not stated,99.0 weight % (total),",99.0,Weight %,1964
1336.37,50.239,1.00478,None kPa,N/A,14263,['C'],A,Adiabatic calorimeter (non-vacuum) ,"not stated,99.0 weight % (total),",99.0,Weight %,1964
1346.35,51.5729,1.03146,None kPa,N/A,14263,['C'],A,Adiabatic calorimeter (non-vacuum) ,"not stated,99.0 weight % (total),",99.0,Weight %,1964
1353.69,51.1977,1.02395,None kPa,N/A,14263,['C'],A,Adiabatic calorimeter (non-vacuum) ,"not stated,99.0 weight % (total),",99.0,Weight %,1964
1360.22,52.8718,1.05744,None kPa,N/A,14263,['C'],A,Adiabatic calorimeter (non-vacuum) ,"not stated,99.0 weight % (total),",99.0,Weight %,1964
1366.3,54.0401,1.0808,None kPa,N/A,14263,['C'],A,Adiabatic calorimeter (non-vacuum) ,"not stated,99.0 weight % (total),",99.0,Weight %,1964
1366.31,54.4674,1.08935,None kPa,N/A,14263,['C'],A,Adiabatic calorimeter (non-vacuum) ,"not stated,99.0 weight % (total),",99.0,Weight %,1964
1376.29,55.5484,1.11097,None kPa,N/A,14263,['C'],A,Adiabatic calorimeter (non-vacuum) ,"not stated,99.0 weight % (total),",99.0,Weight %,1964
1380.57,53.813,1.07626,None kPa,N/A,14263,['C'],A,Adiabatic calorimeter (non-vacuum) ,"not stated,99.0 weight % (total),",99.0,Weight %,1964
1384.73,47.7088,0.954176,None kPa,N/A,14263,['C'],A,Adiabatic calorimeter (non-vacuum) ,"not stated,99.0 weight % (total),",99.0,Weight %,1964
1386.97,50.6125,1.01225,None kPa,N/A,14263,['C'],A,Adiabatic calorimeter (non-vacuum) ,"not stated,99.0 weight % (total),",99.0,Weight %,1964
1389.62,44.4822,0.889644,None kPa,N/A,14263,['C'],A,Adiabatic calorimeter (non-vacuum) ,"not stated,99.0 weight % (total),",99.0,Weight %,1964
1390.75,46.3483,0.926966,None kPa,N/A,14263,['C'],A,Adiabatic calorimeter (non-vacuum) ,"not stated,99.0 weight % (total),",99.0,Weight %,1964
1398.24,43.6143,0.872286,None kPa,N/A,14263,['C'],A,Adiabatic calorimeter (non-vacuum) ,"not stated,99.0 weight % (total),",99.0,Weight %,1964
1398.92,44.8264,0.896528,None kPa,N/A,14263,['C'],A,Adiabatic calorimeter (non-vacuum) ,"not stated,99.0 weight % (total),",99.0,Weight %,1964
1401.91,43.3613,0.867226,None kPa,N/A,14263,['C'],A,Adiabatic calorimeter (non-vacuum) ,"not stated,99.0 weight % (total),",99.0,Weight %,1964
1437.77,42.1264,0.842528,None kPa,N/A,14263,['C'],A,Adiabatic calorimeter (non-vacuum) ,"not stated,99.0 weight % (total),",99.0,Weight %,1964
1461.96,41.1752,0.823504,None kPa,N/A,14263,['C'],A,Adiabatic calorimeter (non-vacuum) ,"not stated,99.0 weight % (total),",99.0,Weight %,1964
1475.76,39.797,0.79594,None kPa,N/A,14263,['C'],A,Adiabatic calorimeter (non-vacuum) ,"not stated,99.0 weight % (total),",99.0,Weight %,1964
1481.81,39.6399,0.792798,None kPa,N/A,14263,['C'],A,Adiabatic calorimeter (non-vacuum) ,"not stated,99.0 weight % (total),",99.0,Weight %,1964
1484.87,40.9217,0.818434,None kPa,N/A,14263,['C'],A,Adiabatic calorimeter (non-vacuum) ,"not stated,99.0 weight % (total),",99.0,Weight %,1964
1512.53,40.1274,0.802548,None kPa,N/A,14263,['C'],A,Adiabatic calorimeter (non-vacuum) ,"not stated,99.0 weight % (total),",99.0,Weight %,1964
1530.25,40.0745,0.80149,None kPa,N/A,14263,['C'],A,Adiabatic calorimeter (non-vacuum) ,"not stated,99.0 weight % (total),",99.0,Weight %,1964
1567.87,39.838,0.79676,None kPa,N/A,14263,['C'],A,Adiabatic calorimeter (non-vacuum) ,"not stated,99.0 weight % (total),",99.0,Weight %,1964
1587.74,39.2096,0.784192,None kPa,N/A,14263,['C'],A,Adiabatic calorimeter (non-vacuum) ,"not stated,99.0 weight % (total),",99.0,Weight %,1964
1621.47,39.1389,0.782778,None kPa,N/A,14263,['C'],A,Adiabatic calorimeter (non-vacuum) ,"not stated,99.0 weight % (total),",99.0,Weight %,1964
1662.12,39.2598,0.785196,None kPa,N/A,14263,['C'],A,Adiabatic calorimeter (non-vacuum) ,"not stated,99.0 weight % (total),",99.0,Weight %,1964
1701.03,39.2151,0.784302,None kPa,N/A,14263,['C'],A,Adiabatic calorimeter (non-vacuum) ,"not stated,99.0 weight % (total),",99.0,Weight %,1964
1724.82,39.3191,0.786382,None kPa,N/A,14263,['C'],A,Adiabatic calorimeter (non-vacuum) ,"not stated,99.0 weight % (total),",99.0,Weight %,1964
300.0,24.9,0.498,None kPa,N/A,14268,['C'],A,Adiabatic calorimeter (non-vacuum) ,"not stated,99.5 weight % (total),",99.5,Weight %,1964
350.0,25.9,0.518,None kPa,N/A,14268,['C'],A,Adiabatic calorimeter (non-vacuum) ,"not stated,99.5 weight % (total),",99.5,Weight %,1964
400.0,26.8,0.536,None kPa,N/A,14268,['C'],A,Adiabatic calorimeter (non-vacuum) ,"not stated,99.5 weight % (total),",99.5,Weight %,1964
450.0,27.6,0.552,None kPa,N/A,14268,['C'],A,Adiabatic calorimeter (non-vacuum) ,"not stated,99.5 weight % (total),",99.5,Weight %,1964
500.0,28.3,0.566,None kPa,N/A,14268,['C'],A,Adiabatic calorimeter (non-vacuum) ,"not stated,99.5 weight % (total),",99.5,Weight %,1964
550.0,28.9,0.578,None kPa,N/A,14268,['C'],A,Adiabatic calorimeter (non-vacuum) ,"not stated,99.5 weight % (total),",99.5,Weight %,1964
600.0,29.6,0.592,None kPa,N/A,14268,['C'],A,Adiabatic calorimeter (non-vacuum) ,"not stated,99.5 weight % (total),",99.5,Weight %,1964
650.0,30.1,0.602,None kPa,N/A,14268,['C'],A,Adiabatic calorimeter (non-vacuum) ,"not stated,99.5 weight % (total),",99.5,Weight %,1964
700.0,30.7,0.614,None kPa,N/A,14268,['C'],A,Adiabatic calorimeter (non-vacuum) ,"not stated,99.5 weight % (total),",99.5,Weight %,1964
750.0,31.4,0.628,None kPa,N/A,14268,['C'],A,Adiabatic calorimeter (non-vacuum) ,"not stated,99.5 weight % (total),",99.5,Weight %,1964
800.0,32.4,0.648,None kPa,N/A,14268,['C'],A,Adiabatic calorimeter (non-vacuum) ,"not stated,99.5 weight % (total),",99.5,Weight %,1964
850.0,33.5,0.67,None kPa,N/A,14268,['C'],A,Adiabatic calorimeter (non-vacuum) ,"not stated,99.5 weight % (total),",99.5,Weight %,1964
900.0,34.5,0.69,None kPa,N/A,14268,['C'],A,Adiabatic calorimeter (non-vacuum) ,"not stated,99.5 weight % (total),",99.5,Weight %,1964
950.0,35.5,0.71,None kPa,N/A,14268,['C'],A,Adiabatic calorimeter (non-vacuum) ,"not stated,99.5 weight % (total),",99.5,Weight %,1964
1000.0,36.6,0.732,None kPa,N/A,14268,['C'],A,Adiabatic calorimeter (non-vacuum) ,"not stated,99.5 weight % (total),",99.5,Weight %,1964
1050.0,37.8,0.756,None kPa,N/A,14268,['C'],A,Adiabatic calorimeter (non-vacuum) ,"not stated,99.5 weight % (total),",99.5,Weight %,1964
1100.0,39.1,0.782,None kPa,N/A,14268,['C'],A,Adiabatic calorimeter (non-vacuum) ,"not stated,99.5 weight % (total),",99.5,Weight %,1964
1150.0,40.6,0.812,None kPa,N/A,14268,['C'],A,Adiabatic calorimeter (non-vacuum) ,"not stated,99.5 weight % (total),",99.5,Weight %,1964
1200.0,42.3,0.846,None kPa,N/A,14268,['C'],A,Adiabatic calorimeter (non-vacuum) ,"not stated,99.5 weight % (total),",99.5,Weight %,1964
1250.0,44.3,0.886,None kPa,N/A,14268,['C'],A,Adiabatic calorimeter (non-vacuum) ,"not stated,99.5 weight % (total),",99.5,Weight %,1964
1300.0,47.0,0.94,None kPa,N/A,14268,['C'],A,Adiabatic calorimeter (non-vacuum) ,"not stated,99.5 weight % (total),",99.5,Weight %,1964
1320.0,48.3,0.966,None kPa,N/A,14268,['C'],A,Adiabatic calorimeter (non-vacuum) ,"not stated,99.5 weight % (total),",99.5,Weight %,1964
1340.0,50.0,1.0,None kPa,N/A,14268,['C'],A,Adiabatic calorimeter (non-vacuum) ,"not stated,99.5 weight % (total),",99.5,Weight %,1964
1360.0,52.8,1.056,None kPa,N/A,14268,['C'],A,Adiabatic calorimeter (non-vacuum) ,"not stated,99.5 weight % (total),",99.5,Weight %,1964
1370.0,55.0,1.1,None kPa,N/A,14268,['C'],A,Adiabatic calorimeter (non-vacuum) ,"not stated,99.5 weight % (total),",99.5,Weight %,1964
1377.0,57.0,1.14,None kPa,N/A,14268,['C'],A,Adiabatic calorimeter (non-vacuum) ,"not stated,99.5 weight % (total),",99.5,Weight %,1964
1380.0,48.0,0.96,None kPa,N/A,14268,['C'],A,Adiabatic calorimeter (non-vacuum) ,"not stated,99.5 weight % (total),",99.5,Weight %,1964
1390.0,45.0,0.9,None kPa,N/A,14268,['C'],A,Adiabatic calorimeter (non-vacuum) ,"not stated,99.5 weight % (total),",99.5,Weight %,1964
1400.0,43.6,0.872,None kPa,N/A,14268,['C'],A,Adiabatic calorimeter (non-vacuum) ,"not stated,99.5 weight % (total),",99.5,Weight %,1964
1420.0,41.9,0.838,None kPa,N/A,14268,['C'],A,Adiabatic calorimeter (non-vacuum) ,"not stated,99.5 weight % (total),",99.5,Weight %,1964
1440.0,40.9,0.818,None kPa,N/A,14268,['C'],A,Adiabatic calorimeter (non-vacuum) ,"not stated,99.5 weight % (total),",99.5,Weight %,1964
1460.0,40.4,0.808,None kPa,N/A,14268,['C'],A,Adiabatic calorimeter (non-vacuum) ,"not stated,99.5 weight % (total),",99.5,Weight %,1964
1480.0,40.0,0.8,None kPa,N/A,14268,['C'],A,Adiabatic calorimeter (non-vacuum) ,"not stated,99.5 weight % (total),",99.5,Weight %,1964
1500.0,39.7,0.794,None kPa,N/A,14268,['C'],A,Adiabatic calorimeter (non-vacuum) ,"not stated,99.5 weight % (total),",99.5,Weight %,1964
1550.0,39.3,0.786,None kPa,N/A,14268,['C'],A,Adiabatic calorimeter (non-vacuum) ,"not stated,99.5 weight % (total),",99.5,Weight %,1964
1600.0,39.2,0.784,None kPa,N/A,14268,['C'],A,Adiabatic calorimeter (non-vacuum) ,"not stated,99.5 weight % (total),",99.5,Weight %,1964
1700.0,39.5,0.79,None kPa,N/A,14268,['C'],A,Adiabatic calorimeter (non-vacuum) ,"not stated,99.5 weight % (total),",99.5,Weight %,1964
300.0,24.9,0.498,None kPa,N/A,14269,['C'],A,Adiabatic calorimeter (non-vacuum) ,"not stated,99.0 weight % (total),",99.0,Weight %,1964
350.0,25.9,0.518,None kPa,N/A,14269,['C'],A,Adiabatic calorimeter (non-vacuum) ,"not stated,99.0 weight % (total),",99.0,Weight %,1964
400.0,26.8,0.536,None kPa,N/A,14269,['C'],A,Adiabatic calorimeter (non-vacuum) ,"not stated,99.0 weight % (total),",99.0,Weight %,1964
450.0,27.6,0.552,None kPa,N/A,14269,['C'],A,Adiabatic calorimeter (non-vacuum) ,"not stated,99.0 weight % (total),",99.0,Weight %,1964
500.0,28.3,0.566,None kPa,N/A,14269,['C'],A,Adiabatic calorimeter (non-vacuum) ,"not stated,99.0 weight % (total),",99.0,Weight %,1964
550.0,28.9,0.578,None kPa,N/A,14269,['C'],A,Adiabatic calorimeter (non-vacuum) ,"not stated,99.0 weight % (total),",99.0,Weight %,1964
600.0,29.6,0.592,None kPa,N/A,14269,['C'],A,Adiabatic calorimeter (non-vacuum) ,"not stated,99.0 weight % (total),",99.0,Weight %,1964
650.0,30.1,0.602,None kPa,N/A,14269,['C'],A,Adiabatic calorimeter (non-vacuum) ,"not stated,99.0 weight % (total),",99.0,Weight %,1964
700.0,30.7,0.614,None kPa,N/A,14269,['C'],A,Adiabatic calorimeter (non-vacuum) ,"not stated,99.0 weight % (total),",99.0,Weight %,1964
750.0,31.4,0.628,None kPa,N/A,14269,['C'],A,Adiabatic calorimeter (non-vacuum) ,"not stated,99.0 weight % (total),",99.0,Weight %,1964
800.0,32.4,0.648,None kPa,N/A,14269,['C'],A,Adiabatic calorimeter (non-vacuum) ,"not stated,99.0 weight % (total),",99.0,Weight %,1964
850.0,33.5,0.67,None kPa,N/A,14269,['C'],A,Adiabatic calorimeter (non-vacuum) ,"not stated,99.0 weight % (total),",99.0,Weight %,1964
900.0,34.5,0.69,None kPa,N/A,14269,['C'],A,Adiabatic calorimeter (non-vacuum) ,"not stated,99.0 weight % (total),",99.0,Weight %,1964
950.0,35.5,0.71,None kPa,N/A,14269,['C'],A,Adiabatic calorimeter (non-vacuum) ,"not stated,99.0 weight % (total),",99.0,Weight %,1964
1000.0,36.6,0.732,None kPa,N/A,14269,['C'],A,Adiabatic calorimeter (non-vacuum) ,"not stated,99.0 weight % (total),",99.0,Weight %,1964
1050.0,37.8,0.756,None kPa,N/A,14269,['C'],A,Adiabatic calorimeter (non-vacuum) ,"not stated,99.0 weight % (total),",99.0,Weight %,1964
1100.0,39.1,0.782,None kPa,N/A,14269,['C'],A,Adiabatic calorimeter (non-vacuum) ,"not stated,99.0 weight % (total),",99.0,Weight %,1964
1150.0,40.6,0.812,None kPa,N/A,14269,['C'],A,Adiabatic calorimeter (non-vacuum) ,"not stated,99.0 weight % (total),",99.0,Weight %,1964
1200.0,42.3,0.846,None kPa,N/A,14269,['C'],A,Adiabatic calorimeter (non-vacuum) ,"not stated,99.0 weight % (total),",99.0,Weight %,1964
1250.0,44.3,0.886,None kPa,N/A,14269,['C'],A,Adiabatic calorimeter (non-vacuum) ,"not stated,99.0 weight % (total),",99.0,Weight %,1964
1300.0,47.0,0.94,None kPa,N/A,14269,['C'],A,Adiabatic calorimeter (non-vacuum) ,"not stated,99.0 weight % (total),",99.0,Weight %,1964
1320.0,48.3,0.966,None kPa,N/A,14269,['C'],A,Adiabatic calorimeter (non-vacuum) ,"not stated,99.0 weight % (total),",99.0,Weight %,1964
1340.0,50.0,1.0,None kPa,N/A,14269,['C'],A,Adiabatic calorimeter (non-vacuum) ,"not stated,99.0 weight % (total),",99.0,Weight %,1964
1360.0,52.8,1.056,None kPa,N/A,14269,['C'],A,Adiabatic calorimeter (non-vacuum) ,"not stated,99.0 weight % (total),",99.0,Weight %,1964
1370.0,55.0,1.1,None kPa,N/A,14269,['C'],A,Adiabatic calorimeter (non-vacuum) ,"not stated,99.0 weight % (total),",99.0,Weight %,1964
1377.0,57.0,1.14,None kPa,N/A,14269,['C'],A,Adiabatic calorimeter (non-vacuum) ,"not stated,99.0 weight % (total),",99.0,Weight %,1964
1380.0,48.0,0.96,None kPa,N/A,14269,['C'],A,Adiabatic calorimeter (non-vacuum) ,"not stated,99.0 weight % (total),",99.0,Weight %,1964
1390.0,45.0,0.9,None kPa,N/A,14269,['C'],A,Adiabatic calorimeter (non-vacuum) ,"not stated,99.0 weight % (total),",99.0,Weight %,1964
1400.0,44.0,0.88,None kPa,N/A,14269,['C'],A,Adiabatic calorimeter (non-vacuum) ,"not stated,99.0 weight % (total),",99.0,Weight %,1964
1420.0,42.7,0.854,None kPa,N/A,14269,['C'],A,Adiabatic calorimeter (non-vacuum) ,"not stated,99.0 weight % (total),",99.0,Weight %,1964
1440.0,41.9,0.838,None kPa,N/A,14269,['C'],A,Adiabatic calorimeter (non-vacuum) ,"not stated,99.0 weight % (total),",99.0,Weight %,1964
1460.0,41.3,0.826,None kPa,N/A,14269,['C'],A,Adiabatic calorimeter (non-vacuum) ,"not stated,99.0 weight % (total),",99.0,Weight %,1964
1480.0,40.7,0.814,None kPa,N/A,14269,['C'],A,Adiabatic calorimeter (non-vacuum) ,"not stated,99.0 weight % (total),",99.0,Weight %,1964
1500.0,40.4,0.808,None kPa,N/A,14269,['C'],A,Adiabatic calorimeter (non-vacuum) ,"not stated,99.0 weight % (total),",99.0,Weight %,1964
1550.0,39.8,0.796,None kPa,N/A,14269,['C'],A,Adiabatic calorimeter (non-vacuum) ,"not stated,99.0 weight % (total),",99.0,Weight %,1964
1600.0,39.5,0.79,None kPa,N/A,14269,['C'],A,Adiabatic calorimeter (non-vacuum) ,"not stated,99.0 weight % (total),",99.0,Weight %,1964
1700.0,39.5,0.79,None kPa,N/A,14269,['C'],A,Adiabatic calorimeter (non-vacuum) ,"not stated,99.0 weight % (total),",99.0,Weight %,1964
1.2,0.008756,4.4e-05,101.325 kPa,N/A,15246,['C'],A,low temp calorimetry,"not stated,99 % (total),estimated by the compiler,chunk",99.0,Not Specified %,1965
1.3,0.00869,3.9e-05,None kPa,N/A,15246,['C'],A,low temp calorimetry,"not stated,99 % (total),estimated by the compiler,chunk",99.0,Not Specified %,1965
1.4,0.008733,3.6e-05,None kPa,N/A,15246,['C'],A,low temp calorimetry,"not stated,99 % (total),estimated by the compiler,chunk",99.0,Not Specified %,1965
1.5,0.008855,3.5e-05,None kPa,N/A,15246,['C'],A,low temp calorimetry,"not stated,99 % (total),estimated by the compiler,chunk",99.0,Not Specified %,1965
1.6,0.009039,3.5e-05,None kPa,N/A,15246,['C'],A,low temp calorimetry,"not stated,99 % (total),estimated by the compiler,chunk",99.0,Not Specified %,1965
1.7,0.009271,3.5e-05,None kPa,N/A,15246,['C'],A,low temp calorimetry,"not stated,99 % (total),estimated by the compiler,chunk",99.0,Not Specified %,1965
1.8,0.00954,3.6e-05,None kPa,N/A,15246,['C'],A,low temp calorimetry,"not stated,99 % (total),estimated by the compiler,chunk",99.0,Not Specified %,1965
1.9,0.009841,3.8e-05,None kPa,N/A,15246,['C'],A,low temp calorimetry,"not stated,99 % (total),estimated by the compiler,chunk",99.0,Not Specified %,1965
2.0,0.010167,4e-05,None kPa,N/A,15246,['C'],A,low temp calorimetry,"not stated,99 % (total),estimated by the compiler,chunk",99.0,Not Specified %,1965
2.1,0.010514,4.2e-05,None kPa,N/A,15246,['C'],A,low temp calorimetry,"not stated,99 % (total),estimated by the compiler,chunk",99.0,Not Specified %,1965
2.2,0.010879,4.5e-05,None kPa,N/A,15246,['C'],A,low temp calorimetry,"not stated,99 % (total),estimated by the compiler,chunk",99.0,Not Specified %,1965
2.3,0.01126,4.8e-05,None kPa,N/A,15246,['C'],A,low temp calorimetry,"not stated,99 % (total),estimated by the compiler,chunk",99.0,Not Specified %,1965
2.4,0.011654,5.1e-05,None kPa,N/A,15246,['C'],A,low temp calorimetry,"not stated,99 % (total),estimated by the compiler,chunk",99.0,Not Specified %,1965
2.5,0.01206,5.5e-05,None kPa,N/A,15246,['C'],A,low temp calorimetry,"not stated,99 % (total),estimated by the compiler,chunk",99.0,Not Specified %,1965
2.6,0.012476,5.8e-05,None kPa,N/A,15246,['C'],A,low temp calorimetry,"not stated,99 % (total),estimated by the compiler,chunk",99.0,Not Specified %,1965
2.7,0.012903,6.2e-05,None kPa,N/A,15246,['C'],A,low temp calorimetry,"not stated,99 % (total),estimated by the compiler,chunk",99.0,Not Specified %,1965
2.8,0.013338,6.6e-05,None kPa,N/A,15246,['C'],A,low temp calorimetry,"not stated,99 % (total),estimated by the compiler,chunk",99.0,Not Specified %,1965
2.9,0.013781,7e-05,None kPa,N/A,15246,['C'],A,low temp calorimetry,"not stated,99 % (total),estimated by the compiler,chunk",99.0,Not Specified %,1965
3.0,0.014233,7.4e-05,None kPa,N/A,15246,['C'],A,low temp calorimetry,"not stated,99 % (total),estimated by the compiler,chunk",99.0,Not Specified %,1965
3.1,0.014691,7.9e-05,None kPa,N/A,15246,['C'],A,low temp calorimetry,"not stated,99 % (total),estimated by the compiler,chunk",99.0,Not Specified %,1965
3.2,0.015156,8.4e-05,None kPa,N/A,15246,['C'],A,low temp calorimetry,"not stated,99 % (total),estimated by the compiler,chunk",99.0,Not Specified %,1965
3.3,0.015628,8.8e-05,None kPa,N/A,15246,['C'],A,low temp calorimetry,"not stated,99 % (total),estimated by the compiler,chunk",99.0,Not Specified %,1965
3.4,0.016107,9.4e-05,None kPa,N/A,15246,['C'],A,low temp calorimetry,"not stated,99 % (total),estimated by the compiler,chunk",99.0,Not Specified %,1965
3.5,0.016592,9.9e-05,None kPa,N/A,15246,['C'],A,low temp calorimetry,"not stated,99 % (total),estimated by the compiler,chunk",99.0,Not Specified %,1965
3.6,0.017083,0.000104,None kPa,N/A,15246,['C'],A,low temp calorimetry,"not stated,99 % (total),estimated by the compiler,chunk",99.0,Not Specified %,1965
3.7,0.01758,0.00011,None kPa,N/A,15246,['C'],A,low temp calorimetry,"not stated,99 % (total),estimated by the compiler,chunk",99.0,Not Specified %,1965
3.8,0.018083,0.000116,None kPa,N/A,15246,['C'],A,low temp calorimetry,"not stated,99 % (total),estimated by the compiler,chunk",99.0,Not Specified %,1965
3.9,0.018592,0.000122,None kPa,N/A,15246,['C'],A,low temp calorimetry,"not stated,99 % (total),estimated by the compiler,chunk",99.0,Not Specified %,1965
4.0,0.019107,0.000129,None kPa,N/A,15246,['C'],A,low temp calorimetry,"not stated,99 % (total),estimated by the compiler,chunk",99.0,Not Specified %,1965
4.1,0.019628,0.000136,None kPa,N/A,15246,['C'],A,low temp calorimetry,"not stated,99 % (total),estimated by the compiler,chunk",99.0,Not Specified %,1965
4.2,0.020155,0.000143,None kPa,N/A,15246,['C'],A,low temp calorimetry,"not stated,99 % (total),estimated by the compiler,chunk",99.0,Not Specified %,1965
4.3,0.020688,0.00015,None kPa,N/A,15246,['C'],A,low temp calorimetry,"not stated,99 % (total),estimated by the compiler,chunk",99.0,Not Specified %,1965
4.4,0.021227,0.000157,None kPa,N/A,15246,['C'],A,low temp calorimetry,"not stated,99 % (total),estimated by the compiler,chunk",99.0,Not Specified %,1965
4.5,0.021773,0.000165,None kPa,N/A,15246,['C'],A,low temp calorimetry,"not stated,99 % (total),estimated by the compiler,chunk",99.0,Not Specified %,1965
1.381,0.00926756,0.000185351,None kPa,N/A,11231,['C'],A,Low temperature calorimetry set up,not stated,,,1960
1.403,0.00931777,0.000186355,None kPa,N/A,11231,['C'],A,Low temperature calorimetry set up,not stated,,,1960
1.437,0.00938471,0.000187694,None kPa,N/A,11231,['C'],A,Low temperature calorimetry set up,not stated,,,1960
1.456,0.00936379,0.000187276,None kPa,N/A,11231,['C'],A,Low temperature calorimetry set up,not stated,,,1960
1.47,0.0092843,0.000185686,None kPa,N/A,11231,['C'],A,Low temperature calorimetry set up,not stated,,,1960
1.517,0.00939726,0.000187945,None kPa,N/A,11231,['C'],A,Low temperature calorimetry set up,not stated,,,1960
1.539,0.0093345,0.00018669,None kPa,N/A,11231,['C'],A,Low temperature calorimetry set up,not stated,,,1960
1.582,0.00953115,0.000190623,None kPa,N/A,11231,['C'],A,Low temperature calorimetry set up,not stated,,,1960
1.633,0.00966086,0.000193217,None kPa,N/A,11231,['C'],A,Low temperature calorimetry set up,not stated,,,1960
1.694,0.00984495,0.000196899,None kPa,N/A,11231,['C'],A,Low temperature calorimetry set up,not stated,,,1960
1.767,0.0100374,0.000200748,None kPa,N/A,11231,['C'],A,Low temperature calorimetry set up,not stated,,,1960
1.845,0.010301,0.00020602,None kPa,N/A,11231,['C'],A,Low temperature calorimetry set up,not stated,,,1960
1.976,0.0107236,0.000214472,None kPa,N/A,11231,['C'],A,Low temperature calorimetry set up,not stated,,,1960
2.09,0.0110918,0.000221836,None kPa,N/A,11231,['C'],A,Low temperature calorimetry set up,not stated,,,1960
2.205,0.0115897,0.000231794,None kPa,N/A,11231,['C'],A,Low temperature calorimetry set up,not stated,,,1960
2.359,0.012188,0.00024376,None kPa,N/A,11231,['C'],A,Low temperature calorimetry set up,not stated,,,1960
2.609,0.013439,0.00026878,None kPa,N/A,11231,['C'],A,Low temperature calorimetry set up,not stated,,,1960
2.9,0.0148197,0.000296395,None kPa,N/A,11231,['C'],A,Low temperature calorimetry set up,not stated,,,1960
3.313,0.0169661,0.000339322,None kPa,N/A,11231,['C'],A,Low temperature calorimetry set up,not stated,,,1960
3.858,0.0198949,0.000397898,None kPa,N/A,11231,['C'],A,Low temperature calorimetry set up,not stated,,,1960
4.313,0.0219032,0.000438065,None kPa,N/A,11231,['C'],A,Low temperature calorimetry set up,not stated,,,1960
310.581,25.019,0.50038,None kPa,N/A,14262,['C'],A,Adiabatic calorimeter (non-vacuum) ,"not stated,99.5 weight % (total),",99.5,Weight %,1964
317.185,25.4091,0.508182,None kPa,N/A,14262,['C'],A,Adiabatic calorimeter (non-vacuum) ,"not stated,99.5 weight % (total),",99.5,Weight %,1964
325.612,25.2148,0.504296,None kPa,N/A,14262,['C'],A,Adiabatic calorimeter (non-vacuum) ,"not stated,99.5 weight % (total),",99.5,Weight %,1964
338.369,25.2559,0.505118,None kPa,N/A,14262,['C'],A,Adiabatic calorimeter (non-vacuum) ,"not stated,99.5 weight % (total),",99.5,Weight %,1964
340.979,25.8444,0.516888,None kPa,N/A,14262,['C'],A,Adiabatic calorimeter (non-vacuum) ,"not stated,99.5 weight % (total),",99.5,Weight %,1964
351.024,25.5302,0.510604,None kPa,N/A,14262,['C'],A,Adiabatic calorimeter (non-vacuum) ,"not stated,99.5 weight % (total),",99.5,Weight %,1964
360.344,26.4238,0.528476,None kPa,N/A,14262,['C'],A,Adiabatic calorimeter (non-vacuum) ,"not stated,99.5 weight % (total),",99.5,Weight %,1964
384.556,26.2988,0.525976,None kPa,N/A,14262,['C'],A,Adiabatic calorimeter (non-vacuum) ,"not stated,99.5 weight % (total),",99.5,Weight %,1964
391.031,25.8801,0.517602,None kPa,N/A,14262,['C'],A,Adiabatic calorimeter (non-vacuum) ,"not stated,99.5 weight % (total),",99.5,Weight %,1964
419.923,26.9736,0.539472,None kPa,N/A,14262,['C'],A,Adiabatic calorimeter (non-vacuum) ,"not stated,99.5 weight % (total),",99.5,Weight %,1964
424.018,26.4786,0.529572,None kPa,N/A,14262,['C'],A,Adiabatic calorimeter (non-vacuum) ,"not stated,99.5 weight % (total),",99.5,Weight %,1964
431.073,27.5706,0.551412,None kPa,N/A,14262,['C'],A,Adiabatic calorimeter (non-vacuum) ,"not stated,99.5 weight % (total),",99.5,Weight %,1964
511.411,28.3008,0.566016,None kPa,N/A,14262,['C'],A,Adiabatic calorimeter (non-vacuum) ,"not stated,99.5 weight % (total),",99.5,Weight %,1964
511.618,27.9171,0.558342,None kPa,N/A,14262,['C'],A,Adiabatic calorimeter (non-vacuum) ,"not stated,99.5 weight % (total),",99.5,Weight %,1964
516.613,28.7716,0.575432,None kPa,N/A,14262,['C'],A,Adiabatic calorimeter (non-vacuum) ,"not stated,99.5 weight % (total),",99.5,Weight %,1964
555.107,29.1498,0.582996,None kPa,N/A,14262,['C'],A,Adiabatic calorimeter (non-vacuum) ,"not stated,99.5 weight % (total),",99.5,Weight %,1964
602.024,29.2051,0.584102,None kPa,N/A,14262,['C'],A,Adiabatic calorimeter (non-vacuum) ,"not stated,99.5 weight % (total),",99.5,Weight %,1964
667.111,29.5565,0.59113,None kPa,N/A,14262,['C'],A,Adiabatic calorimeter (non-vacuum) ,"not stated,99.5 weight % (total),",99.5,Weight %,1964
669.293,30.3543,0.607086,None kPa,N/A,14262,['C'],A,Adiabatic calorimeter (non-vacuum) ,"not stated,99.5 weight % (total),",99.5,Weight %,1964
684.208,30.2143,0.604286,None kPa,N/A,14262,['C'],A,Adiabatic calorimeter (non-vacuum) ,"not stated,99.5 weight % (total),",99.5,Weight %,1964
689.194,30.7374,0.614748,None kPa,N/A,14262,['C'],A,Adiabatic calorimeter (non-vacuum) ,"not stated,99.5 weight % (total),",99.5,Weight %,1964
733.553,32.1444,0.642888,None kPa,N/A,14262,['C'],A,Adiabatic calorimeter (non-vacuum) ,"not stated,99.5 weight % (total),",99.5,Weight %,1964
753.004,31.891,0.63782,None kPa,N/A,14262,['C'],A,Adiabatic calorimeter (non-vacuum) ,"not stated,99.5 weight % (total),",99.5,Weight %,1964
766.797,30.2163,0.604326,None kPa,N/A,14262,['C'],A,Adiabatic calorimeter (non-vacuum) ,"not stated,99.5 weight % (total),",99.5,Weight %,1964
767.711,32.0911,0.641822,None kPa,N/A,14262,['C'],A,Adiabatic calorimeter (non-vacuum) ,"not stated,99.5 weight % (total),",99.5,Weight %,1964
813.565,32.8049,0.656098,None kPa,N/A,14262,['C'],A,Adiabatic calorimeter (non-vacuum) ,"not stated,99.5 weight % (total),",99.5,Weight %,1964
823.064,32.264,0.64528,None kPa,N/A,14262,['C'],A,Adiabatic calorimeter (non-vacuum) ,"not stated,99.5 weight % (total),",99.5,Weight %,1964
844.263,32.6907,0.653814,None kPa,N/A,14262,['C'],A,Adiabatic calorimeter (non-vacuum) ,"not stated,99.5 weight % (total),",99.5,Weight %,1964
850.76,33.1003,0.662006,None kPa,N/A,14262,['C'],A,Adiabatic calorimeter (non-vacuum) ,"not stated,99.5 weight % (total),",99.5,Weight %,1964
883.227,34.5033,0.690066,None kPa,N/A,14262,['C'],A,Adiabatic calorimeter (non-vacuum) ,"not stated,99.5 weight % (total),",99.5,Weight %,1964
884.08,34.0673,0.681346,None kPa,N/A,14262,['C'],A,Adiabatic calorimeter (non-vacuum) ,"not stated,99.5 weight % (total),",99.5,Weight %,1964
898.368,34.7558,0.695116,None kPa,N/A,14262,['C'],A,Adiabatic calorimeter (non-vacuum) ,"not stated,99.5 weight % (total),",99.5,Weight %,1964
904.43,35.0783,0.701566,None kPa,N/A,14262,['C'],A,Adiabatic calorimeter (non-vacuum) ,"not stated,99.5 weight % (total),",99.5,Weight %,1964
936.209,34.9902,0.699804,None kPa,N/A,14262,['C'],A,Adiabatic calorimeter (non-vacuum) ,"not stated,99.5 weight % (total),",99.5,Weight %,1964
936.879,35.7837,0.715674,None kPa,N/A,14262,['C'],A,Adiabatic calorimeter (non-vacuum) ,"not stated,99.5 weight % (total),",99.5,Weight %,1964
938.384,35.4653,0.709306,None kPa,N/A,14262,['C'],A,Adiabatic calorimeter (non-vacuum) ,"not stated,99.5 weight % (total),",99.5,Weight %,1964
950.499,35.7484,0.714968,None kPa,N/A,14262,['C'],A,Adiabatic calorimeter (non-vacuum) ,"not stated,99.5 weight % (total),",99.5,Weight %,1964
950.946,36.3326,0.726652,None kPa,N/A,14262,['C'],A,Adiabatic calorimeter (non-vacuum) ,"not stated,99.5 weight % (total),",99.5,Weight %,1964
967.81,36.3147,0.726294,None kPa,N/A,14262,['C'],A,Adiabatic calorimeter (non-vacuum) ,"not stated,99.5 weight % (total),",99.5,Weight %,1964
1003.95,37.5389,0.750778,None kPa,N/A,14262,['C'],A,Adiabatic calorimeter (non-vacuum) ,"not stated,99.5 weight % (total),",99.5,Weight %,1964
1006.09,36.7366,0.734732,None kPa,N/A,14262,['C'],A,Adiabatic calorimeter (non-vacuum) ,"not stated,99.5 weight % (total),",99.5,Weight %,1964
1021.24,37.4381,0.748762,None kPa,N/A,14262,['C'],A,Adiabatic calorimeter (non-vacuum) ,"not stated,99.5 weight % (total),",99.5,Weight %,1964
1023.17,36.9148,0.738296,None kPa,N/A,14262,['C'],A,Adiabatic calorimeter (non-vacuum) ,"not stated,99.5 weight % (total),",99.5,Weight %,1964
1039.62,37.6905,0.75381,None kPa,N/A,14262,['C'],A,Adiabatic calorimeter (non-vacuum) ,"not stated,99.5 weight % (total),",99.5,Weight %,1964
1063.41,37.9296,0.758592,None kPa,N/A,14262,['C'],A,Adiabatic calorimeter (non-vacuum) ,"not stated,99.5 weight % (total),",99.5,Weight %,1964
1073.59,38.3173,0.766346,None kPa,N/A,14262,['C'],A,Adiabatic calorimeter (non-vacuum) ,"not stated,99.5 weight % (total),",99.5,Weight %,1964
1084.61,38.1339,0.762678,None kPa,N/A,14262,['C'],A,Adiabatic calorimeter (non-vacuum) ,"not stated,99.5 weight % (total),",99.5,Weight %,1964
1119.9,40.3129,0.806258,None kPa,N/A,14262,['C'],A,Adiabatic calorimeter (non-vacuum) ,"not stated,99.5 weight % (total),",99.5,Weight %,1964
1134.82,40.2776,0.805552,None kPa,N/A,14262,['C'],A,Adiabatic calorimeter (non-vacuum) ,"not stated,99.5 weight % (total),",99.5,Weight %,1964
1173.33,41.1573,0.823146,None kPa,N/A,14262,['C'],A,Adiabatic calorimeter (non-vacuum) ,"not stated,99.5 weight % (total),",99.5,Weight %,1964
1214.66,42.4423,0.848846,None kPa,N/A,14262,['C'],A,Adiabatic calorimeter (non-vacuum) ,"not stated,99.5 weight % (total),",99.5,Weight %,1964
1246.28,44.5168,0.890336,None kPa,N/A,14262,['C'],A,Adiabatic calorimeter (non-vacuum) ,"not stated,99.5 weight % (total),",99.5,Weight %,1964
1256.43,44.3072,0.886144,None kPa,N/A,14262,['C'],A,Adiabatic calorimeter (non-vacuum) ,"not stated,99.5 weight % (total),",99.5,Weight %,1964
1272.05,46.2993,0.925986,None kPa,N/A,14262,['C'],A,Adiabatic calorimeter (non-vacuum) ,"not stated,99.5 weight % (total),",99.5,Weight %,1964
1294.77,47.0007,0.940014,None kPa,N/A,14262,['C'],A,Adiabatic calorimeter (non-vacuum) ,"not stated,99.5 weight % (total),",99.5,Weight %,1964
1298.45,47.3145,0.94629,None kPa,N/A,14262,['C'],A,Adiabatic calorimeter (non-vacuum) ,"not stated,99.5 weight % (total),",99.5,Weight %,1964
1317.92,47.6933,0.953866,None kPa,N/A,14262,['C'],A,Adiabatic calorimeter (non-vacuum) ,"not stated,99.5 weight % (total),",99.5,Weight %,1964
1345.89,50.4829,1.00966,None kPa,N/A,14262,['C'],A,Adiabatic calorimeter (non-vacuum) ,"not stated,99.5 weight % (total),",99.5,Weight %,1964
1350.62,49.5933,0.991866,None kPa,N/A,14262,['C'],A,Adiabatic calorimeter (non-vacuum) ,"not stated,99.5 weight % (total),",99.5,Weight %,1964
1353.28,52.0,1.04,None kPa,N/A,14262,['C'],A,Adiabatic calorimeter (non-vacuum) ,"not stated,99.5 weight % (total),",99.5,Weight %,1964
1362.81,52.6014,1.05203,None kPa,N/A,14262,['C'],A,Adiabatic calorimeter (non-vacuum) ,"not stated,99.5 weight % (total),",99.5,Weight %,1964
1364.08,51.7468,1.03494,None kPa,N/A,14262,['C'],A,Adiabatic calorimeter (non-vacuum) ,"not stated,99.5 weight % (total),",99.5,Weight %,1964
1364.53,52.2351,1.0447,None kPa,N/A,14262,['C'],A,Adiabatic calorimeter (non-vacuum) ,"not stated,99.5 weight % (total),",99.5,Weight %,1964
1369.79,54.9469,1.09894,None kPa,N/A,14262,['C'],A,Adiabatic calorimeter (non-vacuum) ,"not stated,99.5 weight % (total),",99.5,Weight %,1964
1369.82,56.3509,1.12702,None kPa,N/A,14262,['C'],A,Adiabatic calorimeter (non-vacuum) ,"not stated,99.5 weight % (total),",99.5,Weight %,1964
1370.24,55.8625,1.11725,None kPa,N/A,14262,['C'],A,Adiabatic calorimeter (non-vacuum) ,"not stated,99.5 weight % (total),",99.5,Weight %,1964
1372.88,57.6414,1.15283,None kPa,N/A,14262,['C'],A,Adiabatic calorimeter (non-vacuum) ,"not stated,99.5 weight % (total),",99.5,Weight %,1964
1379.53,47.4125,0.94825,None kPa,N/A,14262,['C'],A,Adiabatic calorimeter (non-vacuum) ,"not stated,99.5 weight % (total),",99.5,Weight %,1964
1380.35,45.6771,0.913542,None kPa,N/A,14262,['C'],A,Adiabatic calorimeter (non-vacuum) ,"not stated,99.5 weight % (total),",99.5,Weight %,1964
1380.8,46.0259,0.920518,None kPa,N/A,14262,['C'],A,Adiabatic calorimeter (non-vacuum) ,"not stated,99.5 weight % (total),",99.5,Weight %,1964
1380.87,48.7902,0.975804,None kPa,N/A,14262,['C'],A,Adiabatic calorimeter (non-vacuum) ,"not stated,99.5 weight % (total),",99.5,Weight %,1964
1381.29,48.4588,0.969176,None kPa,N/A,14262,['C'],A,Adiabatic calorimeter (non-vacuum) ,"not stated,99.5 weight % (total),",99.5,Weight %,1964
1381.41,52.8887,1.05777,None kPa,N/A,14262,['C'],A,Adiabatic calorimeter (non-vacuum) ,"not stated,99.5 weight % (total),",99.5,Weight %,1964
1383.84,46.863,0.93726,None kPa,N/A,14262,['C'],A,Adiabatic calorimeter (non-vacuum) ,"not stated,99.5 weight % (total),",99.5,Weight %,1964
1387.69,45.3107,0.906214,None kPa,N/A,14262,['C'],A,Adiabatic calorimeter (non-vacuum) ,"not stated,99.5 weight % (total),",99.5,Weight %,1964
1388.12,44.9793,0.899586,None kPa,N/A,14262,['C'],A,Adiabatic calorimeter (non-vacuum) ,"not stated,99.5 weight % (total),",99.5,Weight %,1964
1396.31,44.1681,0.883362,None kPa,N/A,14262,['C'],A,Adiabatic calorimeter (non-vacuum) ,"not stated,99.5 weight % (total),",99.5,Weight %,1964
1397.13,42.4938,0.849876,None kPa,N/A,14262,['C'],A,Adiabatic calorimeter (non-vacuum) ,"not stated,99.5 weight % (total),",99.5,Weight %,1964
1401.47,42.8338,0.856676,None kPa,N/A,14262,['C'],A,Adiabatic calorimeter (non-vacuum) ,"not stated,99.5 weight % (total),",99.5,Weight %,1964
1411.37,41.2987,0.825974,None kPa,N/A,14262,['C'],A,Adiabatic calorimeter (non-vacuum) ,"not stated,99.5 weight % (total),",99.5,Weight %,1964
1416.14,41.5864,0.831728,None kPa,N/A,14262,['C'],A,Adiabatic calorimeter (non-vacuum) ,"not stated,99.5 weight % (total),",99.5,Weight %,1964
1433.85,41.0539,0.821078,None kPa,N/A,14262,['C'],A,Adiabatic calorimeter (non-vacuum) ,"not stated,99.5 weight % (total),",99.5,Weight %,1964
1436.89,41.4637,0.829274,None kPa,N/A,14262,['C'],A,Adiabatic calorimeter (non-vacuum) ,"not stated,99.5 weight % (total),",99.5,Weight %,1964
1441.19,40.7834,0.815668,None kPa,N/A,14262,['C'],A,Adiabatic calorimeter (non-vacuum) ,"not stated,99.5 weight % (total),",99.5,Weight %,1964
1452.02,41.3761,0.827522,None kPa,N/A,14262,['C'],A,Adiabatic calorimeter (non-vacuum) ,"not stated,99.5 weight % (total),",99.5,Weight %,1964
1457.62,40.6434,0.812868,None kPa,N/A,14262,['C'],A,Adiabatic calorimeter (non-vacuum) ,"not stated,99.5 weight % (total),",99.5,Weight %,1964
1459.77,40.2248,0.804496,None kPa,N/A,14262,['C'],A,Adiabatic calorimeter (non-vacuum) ,"not stated,99.5 weight % (total),",99.5,Weight %,1964
1545.81,39.6294,0.792588,None kPa,N/A,14262,['C'],A,Adiabatic calorimeter (non-vacuum) ,"not stated,99.5 weight % (total),",99.5,Weight %,1964
1609.36,39.2003,0.784006,None kPa,N/A,14262,['C'],A,Adiabatic calorimeter (non-vacuum) ,"not stated,99.5 weight % (total),",99.5,Weight %,1964
1665.15,39.7132,0.794264,None kPa,N/A,14262,['C'],A,Adiabatic calorimeter (non-vacuum) ,"not stated,99.5 weight % (total),",99.5,Weight %,1964
1722.66,39.7202,0.794404,None kPa,N/A,14262,['C'],A,Adiabatic calorimeter (non-vacuum) ,"not stated,99.5 weight % (total),",99.5,Weight %,1964
358.714,26.0859,0.521718,None kPa,N/A,14263,['C'],A,Adiabatic calorimeter (non-vacuum) ,"not stated,99.0 weight % (total),",99.0,Weight %,1964
368.456,26.587,0.53174,None kPa,N/A,14263,['C'],A,Adiabatic calorimeter (non-vacuum) ,"not stated,99.0 weight % (total),",99.0,Weight %,1964
373.653,26.8746,0.537492,None kPa,N/A,14263,['C'],A,Adiabatic calorimeter (non-vacuum) ,"not stated,99.0 weight % (total),",99.0,Weight %,1964
399.163,26.7998,0.535996,None kPa,N/A,14263,['C'],A,Adiabatic calorimeter (non-vacuum) ,"not stated,99.0 weight % (total),",99.0,Weight %,1964
411.264,26.5553,0.531106,None kPa,N/A,14263,['C'],A,Adiabatic calorimeter (non-vacuum) ,"not stated,99.0 weight % (total),",99.0,Weight %,1964
453.222,27.1209,0.542418,None kPa,N/A,14263,['C'],A,Adiabatic calorimeter (non-vacuum) ,"not stated,99.0 weight % (total),",99.0,Weight %,1964
454.745,27.5045,0.55009,None kPa,N/A,14263,['C'],A,Adiabatic calorimeter (non-vacuum) ,"not stated,99.0 weight % (total),",99.0,Weight %,1964
457.755,26.8417,0.536834,None kPa,N/A,14263,['C'],A,Adiabatic calorimeter (non-vacuum) ,"not stated,99.0 weight % (total),",99.0,Weight %,1964
465.571,28.1146,0.562292,None kPa,N/A,14263,['C'],A,Adiabatic calorimeter (non-vacuum) ,"not stated,99.0 weight % (total),",99.0,Weight %,1964
479.186,27.8788,0.557576,None kPa,N/A,14263,['C'],A,Adiabatic calorimeter (non-vacuum) ,"not stated,99.0 weight % (total),",99.0,Weight %,1964
483.07,27.5822,0.551644,None kPa,N/A,14263,['C'],A,Adiabatic calorimeter (non-vacuum) ,"not stated,99.0 weight % (total),",99.0,Weight %,1964
493.019,27.7389,0.554778,None kPa,N/A,14263,['C'],A,Adiabatic calorimeter (non-vacuum) ,"not stated,99.0 weight % (total),",99.0,Weight %,1964
533.278,29.4469,0.588938,None kPa,N/A,14263,['C'],A,Adiabatic calorimeter (non-vacuum) ,"not stated,99.0 weight % (total),",99.0,Weight %,1964
539.305,28.4178,0.568356,None kPa,N/A,14263,['C'],A,Adiabatic calorimeter (non-vacuum) ,"not stated,99.0 weight % (total),",99.0,Weight %,1964
556.601,28.4216,0.568432,None kPa,N/A,14263,['C'],A,Adiabatic calorimeter (non-vacuum) ,"not stated,99.0 weight % (total),",99.0,Weight %,1964
569.367,28.7875,0.57575,None kPa,N/A,14263,['C'],A,Adiabatic calorimeter (non-vacuum) ,"not stated,99.0 weight % (total),",99.0,Weight %,1964
582.794,29.6635,0.59327,None kPa,N/A,14263,['C'],A,Adiabatic calorimeter (non-vacuum) ,"not stated,99.0 weight % (total),",99.0,Weight %,1964
587.53,28.8873,0.577746,None kPa,N/A,14263,['C'],A,Adiabatic calorimeter (non-vacuum) ,"not stated,99.0 weight % (total),",99.0,Weight %,1964
600.53,29.9595,0.59919,None kPa,N/A,14263,['C'],A,Adiabatic calorimeter (non-vacuum) ,"not stated,99.0 weight % (total),",99.0,Weight %,1964
614.991,28.9998,0.579996,None kPa,N/A,14263,['C'],A,Adiabatic calorimeter (non-vacuum) ,"not stated,99.0 weight % (total),",99.0,Weight %,1964
629.722,30.1243,0.602486,None kPa,N/A,14263,['C'],A,Adiabatic calorimeter (non-vacuum) ,"not stated,99.0 weight % (total),",99.0,Weight %,1964
632.955,29.7449,0.594898,None kPa,N/A,14263,['C'],A,Adiabatic calorimeter (non-vacuum) ,"not stated,99.0 weight % (total),",99.0,Weight %,1964
645.08,30.4117,0.608234,None kPa,N/A,14263,['C'],A,Adiabatic calorimeter (non-vacuum) ,"not stated,99.0 weight % (total),",99.0,Weight %,1964
656.318,30.2326,0.604652,None kPa,N/A,14263,['C'],A,Adiabatic calorimeter (non-vacuum) ,"not stated,99.0 weight % (total),",99.0,Weight %,1964
667.772,30.0622,0.601244,None kPa,N/A,14263,['C'],A,Adiabatic calorimeter (non-vacuum) ,"not stated,99.0 weight % (total),",99.0,Weight %,1964
680.11,30.6199,0.612398,None kPa,N/A,14263,['C'],A,Adiabatic calorimeter (non-vacuum) ,"not stated,99.0 weight % (total),",99.0,Weight %,1964
683.118,29.883,0.59766,None kPa,N/A,14263,['C'],A,Adiabatic calorimeter (non-vacuum) ,"not stated,99.0 weight % (total),",99.0,Weight %,1964
727.248,30.8017,0.616034,None kPa,N/A,14263,['C'],A,Adiabatic calorimeter (non-vacuum) ,"not stated,99.0 weight % (total),",99.0,Weight %,1964
730.717,31.2071,0.624142,None kPa,N/A,14263,['C'],A,Adiabatic calorimeter (non-vacuum) ,"not stated,99.0 weight % (total),",99.0,Weight %,1964
741.731,30.7359,0.614718,None kPa,N/A,14263,['C'],A,Adiabatic calorimeter (non-vacuum) ,"not stated,99.0 weight % (total),",99.0,Weight %,1964
747.554,30.1689,0.603378,None kPa,N/A,14263,['C'],A,Adiabatic calorimeter (non-vacuum) ,"not stated,99.0 weight % (total),",99.0,Weight %,1964
758.214,32.7062,0.654124,None kPa,N/A,14263,['C'],A,Adiabatic calorimeter (non-vacuum) ,"not stated,99.0 weight % (total),",99.0,Weight %,1964
760.759,30.8138,0.616276,None kPa,N/A,14263,['C'],A,Adiabatic calorimeter (non-vacuum) ,"not stated,99.0 weight % (total),",99.0,Weight %,1964
780.465,32.0167,0.640334,None kPa,N/A,14263,['C'],A,Adiabatic calorimeter (non-vacuum) ,"not stated,99.0 weight % (total),",99.0,Weight %,1964
793.861,31.6936,0.633872,None kPa,N/A,14263,['C'],A,Adiabatic calorimeter (non-vacuum) ,"not stated,99.0 weight % (total),",99.0,Weight %,1964
812.275,33.084,0.66168,None kPa,N/A,14263,['C'],A,Adiabatic calorimeter (non-vacuum) ,"not stated,99.0 weight % (total),",99.0,Weight %,1964
830.453,33.7287,0.674574,None kPa,N/A,14263,['C'],A,Adiabatic calorimeter (non-vacuum) ,"not stated,99.0 weight % (total),",99.0,Weight %,1964
861.608,34.5781,0.691562,None kPa,N/A,14263,['C'],A,Adiabatic calorimeter (non-vacuum) ,"not stated,99.0 weight % (total),",99.0,Weight %,1964
884.749,34.8259,0.696518,None kPa,N/A,14263,['C'],A,Adiabatic calorimeter (non-vacuum) ,"not stated,99.0 weight % (total),",99.0,Weight %,1964
932.129,36.0323,0.720646,None kPa,N/A,14263,['C'],A,Adiabatic calorimeter (non-vacuum) ,"not stated,99.0 weight % (total),",99.0,Weight %,1964
952.451,36.0056,0.720112,None kPa,N/A,14263,['C'],A,Adiabatic calorimeter (non-vacuum) ,"not stated,99.0 weight % (total),",99.0,Weight %,1964
972.774,35.9919,0.719838,None kPa,N/A,14263,['C'],A,Adiabatic calorimeter (non-vacuum) ,"not stated,99.0 weight % (total),",99.0,Weight %,1964
982.952,36.6413,0.732826,None kPa,N/A,14263,['C'],A,Adiabatic calorimeter (non-vacuum) ,"not stated,99.0 weight % (total),",99.0,Weight %,1964
1013.45,37.107,0.74214,None kPa,N/A,14263,['C'],A,Adiabatic calorimeter (non-vacuum) ,"not stated,99.0 weight % (total),",99.0,Weight %,1964
1036.83,38.2573,0.765146,None kPa,N/A,14263,['C'],A,Adiabatic calorimeter (non-vacuum) ,"not stated,99.0 weight % (total),",99.0,Weight %,1964
1042.86,37.4026,0.748052,None kPa,N/A,14263,['C'],A,Adiabatic calorimeter (non-vacuum) ,"not stated,99.0 weight % (total),",99.0,Weight %,1964
1067.98,39.0064,0.780128,None kPa,N/A,14263,['C'],A,Adiabatic calorimeter (non-vacuum) ,"not stated,99.0 weight % (total),",99.0,Weight %,1964
1083.56,39.3199,0.786398,None kPa,N/A,14263,['C'],A,Adiabatic calorimeter (non-vacuum) ,"not stated,99.0 weight % (total),",99.0,Weight %,1964
1105.17,38.9007,0.778014,None kPa,N/A,14263,['C'],A,Adiabatic calorimeter (non-vacuum) ,"not stated,99.0 weight % (total),",99.0,Weight %,1964
1112.08,38.8831,0.777662,None kPa,N/A,14263,['C'],A,Adiabatic calorimeter (non-vacuum) ,"not stated,99.0 weight % (total),",99.0,Weight %,1964
1115.56,39.3364,0.786728,None kPa,N/A,14263,['C'],A,Adiabatic calorimeter (non-vacuum) ,"not stated,99.0 weight % (total),",99.0,Weight %,1964
1129.42,40.5568,0.811136,None kPa,N/A,14263,['C'],A,Adiabatic calorimeter (non-vacuum) ,"not stated,99.0 weight % (total),",99.0,Weight %,1964
1138.06,39.9462,0.798924,None kPa,N/A,14263,['C'],A,Adiabatic calorimeter (non-vacuum) ,"not stated,99.0 weight % (total),",99.0,Weight %,1964
1153.65,41.0096,0.820192,None kPa,N/A,14263,['C'],A,Adiabatic calorimeter (non-vacuum) ,"not stated,99.0 weight % (total),",99.0,Weight %,1964
1179.19,41.8983,0.837966,None kPa,N/A,14263,['C'],A,Adiabatic calorimeter (non-vacuum) ,"not stated,99.0 weight % (total),",99.0,Weight %,1964
1186.95,41.1787,0.823574,None kPa,N/A,14263,['C'],A,Adiabatic calorimeter (non-vacuum) ,"not stated,99.0 weight % (total),",99.0,Weight %,1964
1197.78,42.0373,0.840746,None kPa,N/A,14263,['C'],A,Adiabatic calorimeter (non-vacuum) ,"not stated,99.0 weight % (total),",99.0,Weight %,1964
1216.83,42.8129,0.856258,None kPa,N/A,14263,['C'],A,Adiabatic calorimeter (non-vacuum) ,"not stated,99.0 weight % (total),",99.0,Weight %,1964
1219.87,43.3447,0.866894,None kPa,N/A,14263,['C'],A,Adiabatic calorimeter (non-vacuum) ,"not stated,99.0 weight % (total),",99.0,Weight %,1964
1230.71,44.3298,0.886596,None kPa,N/A,14263,['C'],A,Adiabatic calorimeter (non-vacuum) ,"not stated,99.0 weight % (total),",99.0,Weight %,1964
1248.88,44.8001,0.896002,None kPa,N/A,14263,['C'],A,Adiabatic calorimeter (non-vacuum) ,"not stated,99.0 weight % (total),",99.0,Weight %,1964
1266.2,45.8373,0.916746,None kPa,N/A,14263,['C'],A,Adiabatic calorimeter (non-vacuum) ,"not stated,99.0 weight % (total),",99.0,Weight %,1964
1273.11,45.4796,0.909592,None kPa,N/A,14263,['C'],A,Adiabatic calorimeter (non-vacuum) ,"not stated,99.0 weight % (total),",99.0,Weight %,1964
1279.63,46.5782,0.931564,None kPa,N/A,14263,['C'],A,Adiabatic calorimeter (non-vacuum) ,"not stated,99.0 weight % (total),",99.0,Weight %,1964
1286.96,46.0635,0.92127,None kPa,N/A,14263,['C'],A,Adiabatic calorimeter (non-vacuum) ,"not stated,99.0 weight % (total),",99.0,Weight %,1964
1295.2,46.726,0.93452,None kPa,N/A,14263,['C'],A,Adiabatic calorimeter (non-vacuum) ,"not stated,99.0 weight % (total),",99.0,Weight %,1964
1303.45,48.2605,0.96521,None kPa,N/A,14263,['C'],A,Adiabatic calorimeter (non-vacuum) ,"not stated,99.0 weight % (total),",99.0,Weight %,1964
1308.2,47.9639,0.959278,None kPa,N/A,14263,['C'],A,Adiabatic calorimeter (non-vacuum) ,"not stated,99.0 weight % (total),",99.0,Weight %,1964
1317.29,48.2514,0.965028,None kPa,N/A,14263,['C'],A,Adiabatic calorimeter (non-vacuum) ,"not stated,99.0 weight % (total),",99.0,Weight %,1964
1324.21,48.5215,0.97043,None kPa,N/A,14263,['C'],A,Adiabatic calorimeter (non-vacuum) ,"not stated,99.0 weight % (total),",99.0,Weight %,1964
1324.24,49.3063,0.986126,None kPa,N/A,14263,['C'],A,Adiabatic calorimeter (non-vacuum) ,"not stated,99.0 weight % (total),",99.0,Weight %,1964
1331.58,49.123,0.98246,None kPa,N/A,14263,['C'],A,Adiabatic calorimeter (non-vacuum) ,"not stated,99.0 weight % (total),",99.0,Weight %,1964
1336.37,50.239,1.00478,None kPa,N/A,14263,['C'],A,Adiabatic calorimeter (non-vacuum) ,"not stated,99.0 weight % (total),",99.0,Weight %,1964
1346.35,51.5729,1.03146,None kPa,N/A,14263,['C'],A,Adiabatic calorimeter (non-vacuum) ,"not stated,99.0 weight % (total),",99.0,Weight %,1964
1353.69,51.1977,1.02395,None kPa,N/A,14263,['C'],A,Adiabatic calorimeter (non-vacuum) ,"not stated,99.0 weight % (total),",99.0,Weight %,1964
1360.22,52.8718,1.05744,None kPa,N/A,14263,['C'],A,Adiabatic calorimeter (non-vacuum) ,"not stated,99.0 weight % (total),",99.0,Weight %,1964
1366.3,54.0401,1.0808,None kPa,N/A,14263,['C'],A,Adiabatic calorimeter (non-vacuum) ,"not stated,99.0 weight % (total),",99.0,Weight %,1964
1366.31,54.4674,1.08935,None kPa,N/A,14263,['C'],A,Adiabatic calorimeter (non-vacuum) ,"not stated,99.0 weight % (total),",99.0,Weight %,1964
1376.29,55.5484,1.11097,None kPa,N/A,14263,['C'],A,Adiabatic calorimeter (non-vacuum) ,"not stated,99.0 weight % (total),",99.0,Weight %,1964
1380.57,53.813,1.07626,None kPa,N/A,14263,['C'],A,Adiabatic calorimeter (non-vacuum) ,"not stated,99.0 weight % (total),",99.0,Weight %,1964
1384.73,47.7088,0.954176,None kPa,N/A,14263,['C'],A,Adiabatic calorimeter (non-vacuum) ,"not stated,99.0 weight % (total),",99.0,Weight %,1964
1386.97,50.6125,1.01225,None kPa,N/A,14263,['C'],A,Adiabatic calorimeter (non-vacuum) ,"not stated,99.0 weight % (total),",99.0,Weight %,1964
1389.62,44.4822,0.889644,None kPa,N/A,14263,['C'],A,Adiabatic calorimeter (non-vacuum) ,"not stated,99.0 weight % (total),",99.0,Weight %,1964
1390.75,46.3483,0.926966,None kPa,N/A,14263,['C'],A,Adiabatic calorimeter (non-vacuum) ,"not stated,99.0 weight % (total),",99.0,Weight %,1964
1398.24,43.6143,0.872286,None kPa,N/A,14263,['C'],A,Adiabatic calorimeter (non-vacuum) ,"not stated,99.0 weight % (total),",99.0,Weight %,1964
1398.92,44.8264,0.896528,None kPa,N/A,14263,['C'],A,Adiabatic calorimeter (non-vacuum) ,"not stated,99.0 weight % (total),",99.0,Weight %,1964
1401.91,43.3613,0.867226,None kPa,N/A,14263,['C'],A,Adiabatic calorimeter (non-vacuum) ,"not stated,99.0 weight % (total),",99.0,Weight %,1964
1437.77,42.1264,0.842528,None kPa,N/A,14263,['C'],A,Adiabatic calorimeter (non-vacuum) ,"not stated,99.0 weight % (total),",99.0,Weight %,1964
1461.96,41.1752,0.823504,None kPa,N/A,14263,['C'],A,Adiabatic calorimeter (non-vacuum) ,"not stated,99.0 weight % (total),",99.0,Weight %,1964
1475.76,39.797,0.79594,None kPa,N/A,14263,['C'],A,Adiabatic calorimeter (non-vacuum) ,"not stated,99.0 weight % (total),",99.0,Weight %,1964
1481.81,39.6399,0.792798,None kPa,N/A,14263,['C'],A,Adiabatic calorimeter (non-vacuum) ,"not stated,99.0 weight % (total),",99.0,Weight %,1964
1484.87,40.9217,0.818434,None kPa,N/A,14263,['C'],A,Adiabatic calorimeter (non-vacuum) ,"not stated,99.0 weight % (total),",99.0,Weight %,1964
1512.53,40.1274,0.802548,None kPa,N/A,14263,['C'],A,Adiabatic calorimeter (non-vacuum) ,"not stated,99.0 weight % (total),",99.0,Weight %,1964
1530.25,40.0745,0.80149,None kPa,N/A,14263,['C'],A,Adiabatic calorimeter (non-vacuum) ,"not stated,99.0 weight % (total),",99.0,Weight %,1964
1567.87,39.838,0.79676,None kPa,N/A,14263,['C'],A,Adiabatic calorimeter (non-vacuum) ,"not stated,99.0 weight % (total),",99.0,Weight %,1964
1587.74,39.2096,0.784192,None kPa,N/A,14263,['C'],A,Adiabatic calorimeter (non-vacuum) ,"not stated,99.0 weight % (total),",99.0,Weight %,1964
1621.47,39.1389,0.782778,None kPa,N/A,14263,['C'],A,Adiabatic calorimeter (non-vacuum) ,"not stated,99.0 weight % (total),",99.0,Weight %,1964
1662.12,39.2598,0.785196,None kPa,N/A,14263,['C'],A,Adiabatic calorimeter (non-vacuum) ,"not stated,99.0 weight % (total),",99.0,Weight %,1964
1701.03,39.2151,0.784302,None kPa,N/A,14263,['C'],A,Adiabatic calorimeter (non-vacuum) ,"not stated,99.0 weight % (total),",99.0,Weight %,1964
1724.82,39.3191,0.786382,None kPa,N/A,14263,['C'],A,Adiabatic calorimeter (non-vacuum) ,"not stated,99.0 weight % (total),",99.0,Weight %,1964
300.0,24.9,0.498,None kPa,N/A,14268,['C'],A,Adiabatic calorimeter (non-vacuum) ,"not stated,99.5 weight % (total),",99.5,Weight %,1964
350.0,25.9,0.518,None kPa,N/A,14268,['C'],A,Adiabatic calorimeter (non-vacuum) ,"not stated,99.5 weight % (total),",99.5,Weight %,1964
400.0,26.8,0.536,None kPa,N/A,14268,['C'],A,Adiabatic calorimeter (non-vacuum) ,"not stated,99.5 weight % (total),",99.5,Weight %,1964
450.0,27.6,0.552,None kPa,N/A,14268,['C'],A,Adiabatic calorimeter (non-vacuum) ,"not stated,99.5 weight % (total),",99.5,Weight %,1964
500.0,28.3,0.566,None kPa,N/A,14268,['C'],A,Adiabatic calorimeter (non-vacuum) ,"not stated,99.5 weight % (total),",99.5,Weight %,1964
550.0,28.9,0.578,None kPa,N/A,14268,['C'],A,Adiabatic calorimeter (non-vacuum) ,"not stated,99.5 weight % (total),",99.5,Weight %,1964
600.0,29.6,0.592,None kPa,N/A,14268,['C'],A,Adiabatic calorimeter (non-vacuum) ,"not stated,99.5 weight % (total),",99.5,Weight %,1964
650.0,30.1,0.602,None kPa,N/A,14268,['C'],A,Adiabatic calorimeter (non-vacuum) ,"not stated,99.5 weight % (total),",99.5,Weight %,1964
700.0,30.7,0.614,None kPa,N/A,14268,['C'],A,Adiabatic calorimeter (non-vacuum) ,"not stated,99.5 weight % (total),",99.5,Weight %,1964
750.0,31.4,0.628,None kPa,N/A,14268,['C'],A,Adiabatic calorimeter (non-vacuum) ,"not stated,99.5 weight % (total),",99.5,Weight %,1964
800.0,32.4,0.648,None kPa,N/A,14268,['C'],A,Adiabatic calorimeter (non-vacuum) ,"not stated,99.5 weight % (total),",99.5,Weight %,1964
850.0,33.5,0.67,None kPa,N/A,14268,['C'],A,Adiabatic calorimeter (non-vacuum) ,"not stated,99.5 weight % (total),",99.5,Weight %,1964
900.0,34.5,0.69,None kPa,N/A,14268,['C'],A,Adiabatic calorimeter (non-vacuum) ,"not stated,99.5 weight % (total),",99.5,Weight %,1964
950.0,35.5,0.71,None kPa,N/A,14268,['C'],A,Adiabatic calorimeter (non-vacuum) ,"not stated,99.5 weight % (total),",99.5,Weight %,1964
1000.0,36.6,0.732,None kPa,N/A,14268,['C'],A,Adiabatic calorimeter (non-vacuum) ,"not stated,99.5 weight % (total),",99.5,Weight %,1964
1050.0,37.8,0.756,None kPa,N/A,14268,['C'],A,Adiabatic calorimeter (non-vacuum) ,"not stated,99.5 weight % (total),",99.5,Weight %,1964
1100.0,39.1,0.782,None kPa,N/A,14268,['C'],A,Adiabatic calorimeter (non-vacuum) ,"not stated,99.5 weight % (total),",99.5,Weight %,1964
1150.0,40.6,0.812,None kPa,N/A,14268,['C'],A,Adiabatic calorimeter (non-vacuum) ,"not stated,99.5 weight % (total),",99.5,Weight %,1964
1200.0,42.3,0.846,None kPa,N/A,14268,['C'],A,Adiabatic calorimeter (non-vacuum) ,"not stated,99.5 weight % (total),",99.5,Weight %,1964
1250.0,44.3,0.886,None kPa,N/A,14268,['C'],A,Adiabatic calorimeter (non-vacuum) ,"not stated,99.5 weight % (total),",99.5,Weight %,1964
1300.0,47.0,0.94,None kPa,N/A,14268,['C'],A,Adiabatic calorimeter (non-vacuum) ,"not stated,99.5 weight % (total),",99.5,Weight %,1964
1320.0,48.3,0.966,None kPa,N/A,14268,['C'],A,Adiabatic calorimeter (non-vacuum) ,"not stated,99.5 weight % (total),",99.5,Weight %,1964
1340.0,50.0,1.0,None kPa,N/A,14268,['C'],A,Adiabatic calorimeter (non-vacuum) ,"not stated,99.5 weight % (total),",99.5,Weight %,1964
1360.0,52.8,1.056,None kPa,N/A,14268,['C'],A,Adiabatic calorimeter (non-vacuum) ,"not stated,99.5 weight % (total),",99.5,Weight %,1964
1370.0,55.0,1.1,None kPa,N/A,14268,['C'],A,Adiabatic calorimeter (non-vacuum) ,"not stated,99.5 weight % (total),",99.5,Weight %,1964
1377.0,57.0,1.14,None kPa,N/A,14268,['C'],A,Adiabatic calorimeter (non-vacuum) ,"not stated,99.5 weight % (total),",99.5,Weight %,1964
1380.0,48.0,0.96,None kPa,N/A,14268,['C'],A,Adiabatic calorimeter (non-vacuum) ,"not stated,99.5 weight % (total),",99.5,Weight %,1964
1390.0,45.0,0.9,None kPa,N/A,14268,['C'],A,Adiabatic calorimeter (non-vacuum) ,"not stated,99.5 weight % (total),",99.5,Weight %,1964
1400.0,43.6,0.872,None kPa,N/A,14268,['C'],A,Adiabatic calorimeter (non-vacuum) ,"not stated,99.5 weight % (total),",99.5,Weight %,1964
1420.0,41.9,0.838,None kPa,N/A,14268,['C'],A,Adiabatic calorimeter (non-vacuum) ,"not stated,99.5 weight % (total),",99.5,Weight %,1964
1440.0,40.9,0.818,None kPa,N/A,14268,['C'],A,Adiabatic calorimeter (non-vacuum) ,"not stated,99.5 weight % (total),",99.5,Weight %,1964
1460.0,40.4,0.808,None kPa,N/A,14268,['C'],A,Adiabatic calorimeter (non-vacuum) ,"not stated,99.5 weight % (total),",99.5,Weight %,1964
1480.0,40.0,0.8,None kPa,N/A,14268,['C'],A,Adiabatic calorimeter (non-vacuum) ,"not stated,99.5 weight % (total),",99.5,Weight %,1964
1500.0,39.7,0.794,None kPa,N/A,14268,['C'],A,Adiabatic calorimeter (non-vacuum) ,"not stated,99.5 weight % (total),",99.5,Weight %,1964
1550.0,39.3,0.786,None kPa,N/A,14268,['C'],A,Adiabatic calorimeter (non-vacuum) ,"not stated,99.5 weight % (total),",99.5,Weight %,1964
1600.0,39.2,0.784,None kPa,N/A,14268,['C'],A,Adiabatic calorimeter (non-vacuum) ,"not stated,99.5 weight % (total),",99.5,Weight %,1964
1700.0,39.5,0.79,None kPa,N/A,14268,['C'],A,Adiabatic calorimeter (non-vacuum) ,"not stated,99.5 weight % (total),",99.5,Weight %,1964
300.0,24.9,0.498,None kPa,N/A,14269,['C'],A,Adiabatic calorimeter (non-vacuum) ,"not stated,99.0 weight % (total),",99.0,Weight %,1964
350.0,25.9,0.518,None kPa,N/A,14269,['C'],A,Adiabatic calorimeter (non-vacuum) ,"not stated,99.0 weight % (total),",99.0,Weight %,1964
400.0,26.8,0.536,None kPa,N/A,14269,['C'],A,Adiabatic calorimeter (non-vacuum) ,"not stated,99.0 weight % (total),",99.0,Weight %,1964
450.0,27.6,0.552,None kPa,N/A,14269,['C'],A,Adiabatic calorimeter (non-vacuum) ,"not stated,99.0 weight % (total),",99.0,Weight %,1964
500.0,28.3,0.566,None kPa,N/A,14269,['C'],A,Adiabatic calorimeter (non-vacuum) ,"not stated,99.0 weight % (total),",99.0,Weight %,1964
550.0,28.9,0.578,None kPa,N/A,14269,['C'],A,Adiabatic calorimeter (non-vacuum) ,"not stated,99.0 weight % (total),",99.0,Weight %,1964
600.0,29.6,0.592,None kPa,N/A,14269,['C'],A,Adiabatic calorimeter (non-vacuum) ,"not stated,99.0 weight % (total),",99.0,Weight %,1964
650.0,30.1,0.602,None kPa,N/A,14269,['C'],A,Adiabatic calorimeter (non-vacuum) ,"not stated,99.0 weight % (total),",99.0,Weight %,1964
700.0,30.7,0.614,None kPa,N/A,14269,['C'],A,Adiabatic calorimeter (non-vacuum) ,"not stated,99.0 weight % (total),",99.0,Weight %,1964
750.0,31.4,0.628,None kPa,N/A,14269,['C'],A,Adiabatic calorimeter (non-vacuum) ,"not stated,99.0 weight % (total),",99.0,Weight %,1964
800.0,32.4,0.648,None kPa,N/A,14269,['C'],A,Adiabatic calorimeter (non-vacuum) ,"not stated,99.0 weight % (total),",99.0,Weight %,1964
850.0,33.5,0.67,None kPa,N/A,14269,['C'],A,Adiabatic calorimeter (non-vacuum) ,"not stated,99.0 weight % (total),",99.0,Weight %,1964
900.0,34.5,0.69,None kPa,N/A,14269,['C'],A,Adiabatic calorimeter (non-vacuum) ,"not stated,99.0 weight % (total),",99.0,Weight %,1964
950.0,35.5,0.71,None kPa,N/A,14269,['C'],A,Adiabatic calorimeter (non-vacuum) ,"not stated,99.0 weight % (total),",99.0,Weight %,1964
1000.0,36.6,0.732,None kPa,N/A,14269,['C'],A,Adiabatic calorimeter (non-vacuum) ,"not stated,99.0 weight % (total),",99.0,Weight %,1964
1050.0,37.8,0.756,None kPa,N/A,14269,['C'],A,Adiabatic calorimeter (non-vacuum) ,"not stated,99.0 weight % (total),",99.0,Weight %,1964
1100.0,39.1,0.782,None kPa,N/A,14269,['C'],A,Adiabatic calorimeter (non-vacuum) ,"not stated,99.0 weight % (total),",99.0,Weight %,1964
1150.0,40.6,0.812,None kPa,N/A,14269,['C'],A,Adiabatic calorimeter (non-vacuum) ,"not stated,99.0 weight % (total),",99.0,Weight %,1964
1200.0,42.3,0.846,None kPa,N/A,14269,['C'],A,Adiabatic calorimeter (non-vacuum) ,"not stated,99.0 weight % (total),",99.0,Weight %,1964
1250.0,44.3,0.886,None kPa,N/A,14269,['C'],A,Adiabatic calorimeter (non-vacuum) ,"not stated,99.0 weight % (total),",99.0,Weight %,1964
1300.0,47.0,0.94,None kPa,N/A,14269,['C'],A,Adiabatic calorimeter (non-vacuum) ,"not stated,99.0 weight % (total),",99.0,Weight %,1964
1320.0,48.3,0.966,None kPa,N/A,14269,['C'],A,Adiabatic calorimeter (non-vacuum) ,"not stated,99.0 weight % (total),",99.0,Weight %,1964
1340.0,50.0,1.0,None kPa,N/A,14269,['C'],A,Adiabatic calorimeter (non-vacuum) ,"not stated,99.0 weight % (total),",99.0,Weight %,1964
1360.0,52.8,1.056,None kPa,N/A,14269,['C'],A,Adiabatic calorimeter (non-vacuum) ,"not stated,99.0 weight % (total),",99.0,Weight %,1964
1370.0,55.0,1.1,None kPa,N/A,14269,['C'],A,Adiabatic calorimeter (non-vacuum) ,"not stated,99.0 weight % (total),",99.0,Weight %,1964
1377.0,57.0,1.14,None kPa,N/A,14269,['C'],A,Adiabatic calorimeter (non-vacuum) ,"not stated,99.0 weight % (total),",99.0,Weight %,1964
1380.0,48.0,0.96,None kPa,N/A,14269,['C'],A,Adiabatic calorimeter (non-vacuum) ,"not stated,99.0 weight % (total),",99.0,Weight %,1964
1390.0,45.0,0.9,None kPa,N/A,14269,['C'],A,Adiabatic calorimeter (non-vacuum) ,"not stated,99.0 weight % (total),",99.0,Weight %,1964
1400.0,44.0,0.88,None kPa,N/A,14269,['C'],A,Adiabatic calorimeter (non-vacuum) ,"not stated,99.0 weight % (total),",99.0,Weight %,1964
1420.0,42.7,0.854,None kPa,N/A,14269,['C'],A,Adiabatic calorimeter (non-vacuum) ,"not stated,99.0 weight % (total),",99.0,Weight %,1964
1440.0,41.9,0.838,None kPa,N/A,14269,['C'],A,Adiabatic calorimeter (non-vacuum) ,"not stated,99.0 weight % (total),",99.0,Weight %,1964
1460.0,41.3,0.826,None kPa,N/A,14269,['C'],A,Adiabatic calorimeter (non-vacuum) ,"not stated,99.0 weight % (total),",99.0,Weight %,1964
1480.0,40.7,0.814,None kPa,N/A,14269,['C'],A,Adiabatic calorimeter (non-vacuum) ,"not stated,99.0 weight % (total),",99.0,Weight %,1964
1500.0,40.4,0.808,None kPa,N/A,14269,['C'],A,Adiabatic calorimeter (non-vacuum) ,"not stated,99.0 weight % (total),",99.0,Weight %,1964
1550.0,39.8,0.796,None kPa,N/A,14269,['C'],A,Adiabatic calorimeter (non-vacuum) ,"not stated,99.0 weight % (total),",99.0,Weight %,1964
1600.0,39.5,0.79,None kPa,N/A,14269,['C'],A,Adiabatic calorimeter (non-vacuum) ,"not stated,99.0 weight % (total),",99.0,Weight %,1964
1700.0,39.5,0.79,None kPa,N/A,14269,['C'],A,Adiabatic calorimeter (non-vacuum) ,"not stated,99.0 weight % (total),",99.0,Weight %,1964
1.2,0.008756,4.4e-05,101.325 kPa,N/A,15246,['C'],A,low temp calorimetry,"not stated,99 % (total),estimated by the compiler,chunk",99.0,Not Specified %,1965
1.3,0.00869,3.9e-05,None kPa,N/A,15246,['C'],A,low temp calorimetry,"not stated,99 % (total),estimated by the compiler,chunk",99.0,Not Specified %,1965
1.4,0.008733,3.6e-05,None kPa,N/A,15246,['C'],A,low temp calorimetry,"not stated,99 % (total),estimated by the compiler,chunk",99.0,Not Specified %,1965
1.5,0.008855,3.5e-05,None kPa,N/A,15246,['C'],A,low temp calorimetry,"not stated,99 % (total),estimated by the compiler,chunk",99.0,Not Specified %,1965
1.6,0.009039,3.5e-05,None kPa,N/A,15246,['C'],A,low temp calorimetry,"not stated,99 % (total),estimated by the compiler,chunk",99.0,Not Specified %,1965
1.7,0.009271,3.5e-05,None kPa,N/A,15246,['C'],A,low temp calorimetry,"not stated,99 % (total),estimated by the compiler,chunk",99.0,Not Specified %,1965
1.8,0.00954,3.6e-05,None kPa,N/A,15246,['C'],A,low temp calorimetry,"not stated,99 % (total),estimated by the compiler,chunk",99.0,Not Specified %,1965
1.9,0.009841,3.8e-05,None kPa,N/A,15246,['C'],A,low temp calorimetry,"not stated,99 % (total),estimated by the compiler,chunk",99.0,Not Specified %,1965
2.0,0.010167,4e-05,None kPa,N/A,15246,['C'],A,low temp calorimetry,"not stated,99 % (total),estimated by the compiler,chunk",99.0,Not Specified %,1965
2.1,0.010514,4.2e-05,None kPa,N/A,15246,['C'],A,low temp calorimetry,"not stated,99 % (total),estimated by the compiler,chunk",99.0,Not Specified %,1965
2.2,0.010879,4.5e-05,None kPa,N/A,15246,['C'],A,low temp calorimetry,"not stated,99 % (total),estimated by the compiler,chunk",99.0,Not Specified %,1965
2.3,0.01126,4.8e-05,None kPa,N/A,15246,['C'],A,low temp calorimetry,"not stated,99 % (total),estimated by the compiler,chunk",99.0,Not Specified %,1965
2.4,0.011654,5.1e-05,None kPa,N/A,15246,['C'],A,low temp calorimetry,"not stated,99 % (total),estimated by the compiler,chunk",99.0,Not Specified %,1965
2.5,0.01206,5.5e-05,None kPa,N/A,15246,['C'],A,low temp calorimetry,"not stated,99 % (total),estimated by the compiler,chunk",99.0,Not Specified %,1965
2.6,0.012476,5.8e-05,None kPa,N/A,15246,['C'],A,low temp calorimetry,"not stated,99 % (total),estimated by the compiler,chunk",99.0,Not Specified %,1965
2.7,0.012903,6.2e-05,None kPa,N/A,15246,['C'],A,low temp calorimetry,"not stated,99 % (total),estimated by the compiler,chunk",99.0,Not Specified %,1965
2.8,0.013338,6.6e-05,None kPa,N/A,15246,['C'],A,low temp calorimetry,"not stated,99 % (total),estimated by the compiler,chunk",99.0,Not Specified %,1965
2.9,0.013781,7e-05,None kPa,N/A,15246,['C'],A,low temp calorimetry,"not stated,99 % (total),estimated by the compiler,chunk",99.0,Not Specified %,1965
3.0,0.014233,7.4e-05,None kPa,N/A,15246,['C'],A,low temp calorimetry,"not stated,99 % (total),estimated by the compiler,chunk",99.0,Not Specified %,1965
3.1,0.014691,7.9e-05,None kPa,N/A,15246,['C'],A,low temp calorimetry,"not stated,99 % (total),estimated by the compiler,chunk",99.0,Not Specified %,1965
3.2,0.015156,8.4e-05,None kPa,N/A,15246,['C'],A,low temp calorimetry,"not stated,99 % (total),estimated by the compiler,chunk",99.0,Not Specified %,1965
3.3,0.015628,8.8e-05,None kPa,N/A,15246,['C'],A,low temp calorimetry,"not stated,99 % (total),estimated by the compiler,chunk",99.0,Not Specified %,1965
3.4,0.016107,9.4e-05,None kPa,N/A,15246,['C'],A,low temp calorimetry,"not stated,99 % (total),estimated by the compiler,chunk",99.0,Not Specified %,1965
3.5,0.016592,9.9e-05,None kPa,N/A,15246,['C'],A,low temp calorimetry,"not stated,99 % (total),estimated by the compiler,chunk",99.0,Not Specified %,1965
3.6,0.017083,0.000104,None kPa,N/A,15246,['C'],A,low temp calorimetry,"not stated,99 % (total),estimated by the compiler,chunk",99.0,Not Specified %,1965
3.7,0.01758,0.00011,None kPa,N/A,15246,['C'],A,low temp calorimetry,"not stated,99 % (total),estimated by the compiler,chunk",99.0,Not Specified %,1965
3.8,0.018083,0.000116,None kPa,N/A,15246,['C'],A,low temp calorimetry,"not stated,99 % (total),estimated by the compiler,chunk",99.0,Not Specified %,1965
3.9,0.018592,0.000122,None kPa,N/A,15246,['C'],A,low temp calorimetry,"not stated,99 % (total),estimated by the compiler,chunk",99.0,Not Specified %,1965
4.0,0.019107,0.000129,None kPa,N/A,15246,['C'],A,low temp calorimetry,"not stated,99 % (total),estimated by the compiler,chunk",99.0,Not Specified %,1965
4.1,0.019628,0.000136,None kPa,N/A,15246,['C'],A,low temp calorimetry,"not stated,99 % (total),estimated by the compiler,chunk",99.0,Not Specified %,1965
4.2,0.020155,0.000143,None kPa,N/A,15246,['C'],A,low temp calorimetry,"not stated,99 % (total),estimated by the compiler,chunk",99.0,Not Specified %,1965
4.3,0.020688,0.00015,None kPa,N/A,15246,['C'],A,low temp calorimetry,"not stated,99 % (total),estimated by the compiler,chunk",99.0,Not Specified %,1965
4.4,0.021227,0.000157,None kPa,N/A,15246,['C'],A,low temp calorimetry,"not stated,99 % (total),estimated by the compiler,chunk",99.0,Not Specified %,1965
4.5,0.021773,0.000165,None kPa,N/A,15246,['C'],A,low temp calorimetry,"not stated,99 % (total),estimated by the compiler,chunk",99.0,Not Specified %,1965
1600.0,39.2,1.176,101.325 kPa,N/A,16633,['C'],A,Vacuum adiabatic calorimetry,"origin: commercial source,99.999 weight % (total),stated by supplier,chunk",99.999,Weight %,1966
1700.0,39.5,1.185,None kPa,N/A,16633,['C'],A,Vacuum adiabatic calorimetry,"origin: commercial source,99.999 weight % (total),stated by supplier,chunk",99.999,Weight %,1966
1600.0,39.2,1.176,101.325 kPa,N/A,16636,['C'],A,Vacuum adiabatic calorimetry,"origin: commercial source,99.4 weight % (total),stated by supplier,chunk",99.4,Weight %,1966
1700.0,39.5,1.185,None kPa,N/A,16636,['C'],A,Vacuum adiabatic calorimetry,"origin: commercial source,99.4 weight % (total),stated by supplier,chunk",99.4,Weight %,1966
400.0,28.4512,1.42256,None kPa,N/A,16680,['C'],A,Resistive pulse heating - millisecond,not stated,,,1967
500.0,30.5432,1.52716,None kPa,N/A,16680,['C'],A,Resistive pulse heating - millisecond,not stated,,,1967
600.0,31.5892,1.57946,None kPa,N/A,16680,['C'],A,Resistive pulse heating - millisecond,not stated,,,1967
700.0,32.6352,1.63176,None kPa,N/A,16680,['C'],A,Resistive pulse heating - millisecond,not stated,,,1967
800.0,33.6812,1.68406,None kPa,N/A,16680,['C'],A,Resistive pulse heating - millisecond,not stated,,,1967
900.0,35.564,1.7782,None kPa,N/A,16680,['C'],A,Resistive pulse heating - millisecond,not stated,,,1967
1000.0,38.4928,1.92464,None kPa,N/A,16680,['C'],A,Resistive pulse heating - millisecond,not stated,,,1967
1100.0,41.0032,2.05016,None kPa,N/A,16680,['C'],A,Resistive pulse heating - millisecond,not stated,,,1967
1200.0,44.3504,2.21752,None kPa,N/A,16680,['C'],A,Resistive pulse heating - millisecond,not stated,,,1967
1300.0,48.5344,2.42672,None kPa,N/A,16680,['C'],A,Resistive pulse heating - millisecond,not stated,,,1967
1400.0,54.392,2.7196,None kPa,N/A,16680,['C'],A,Resistive pulse heating - millisecond,not stated,,,1967
1500.0,41.4216,2.07108,None kPa,N/A,16680,['C'],A,Resistive pulse heating - millisecond,not stated,,,1967
1600.0,42.6768,2.13384,None kPa,N/A,16680,['C'],A,Resistive pulse heating - millisecond,not stated,,,1967
1700.0,43.932,2.1966,None kPa,N/A,16680,['C'],A,Resistive pulse heating - millisecond,not stated,,,1967
304.4,24.83,0.4966,107.991 kPa,N/A,17766,['C'],A,High Temp Adiabatic Calorimetry,not stated,,,1968
327.5,25.37,0.5074,None kPa,N/A,17766,['C'],A,High Temp Adiabatic Calorimetry,not stated,,,1968
347.3,25.85,0.517,None kPa,N/A,17766,['C'],A,High Temp Adiabatic Calorimetry,not stated,,,1968
369.1,26.29,0.5258,None kPa,N/A,17766,['C'],A,High Temp Adiabatic Calorimetry,not stated,,,1968
393.4,26.75,0.535,None kPa,N/A,17766,['C'],A,High Temp Adiabatic Calorimetry,not stated,,,1968
418.4,27.18,0.5436,None kPa,N/A,17766,['C'],A,High Temp Adiabatic Calorimetry,not stated,,,1968
447.9,27.61,0.5522,None kPa,N/A,17766,['C'],A,High Temp Adiabatic Calorimetry,not stated,,,1968
476.8,28.01,0.5602,None kPa,N/A,17766,['C'],A,High Temp Adiabatic Calorimetry,not stated,,,1968
506.9,28.38,0.5676,None kPa,N/A,17766,['C'],A,High Temp Adiabatic Calorimetry,not stated,,,1968
534.5,28.7,0.574,None kPa,N/A,17766,['C'],A,High Temp Adiabatic Calorimetry,not stated,,,1968
563.4,29.02,0.5804,None kPa,N/A,17766,['C'],A,High Temp Adiabatic Calorimetry,not stated,,,1968
591.6,29.33,0.5866,None kPa,N/A,17766,['C'],A,High Temp Adiabatic Calorimetry,not stated,,,1968
620.5,29.66,0.5932,None kPa,N/A,17766,['C'],A,High Temp Adiabatic Calorimetry,not stated,,,1968
644.9,29.97,0.5994,None kPa,N/A,17766,['C'],A,High Temp Adiabatic Calorimetry,not stated,,,1968
670.6,30.31,0.6062,None kPa,N/A,17766,['C'],A,High Temp Adiabatic Calorimetry,not stated,,,1968
695.6,30.66,0.6132,None kPa,N/A,17766,['C'],A,High Temp Adiabatic Calorimetry,not stated,,,1968
704.5,30.78,0.6156,107.991 kPa,N/A,17767,['C'],A,High Temp Adiabatic Calorimetry,not stated,,,1968
730.2,31.18,0.6236,None kPa,N/A,17767,['C'],A,High Temp Adiabatic Calorimetry,not stated,,,1968
754.5,31.58,0.6316,None kPa,N/A,17767,['C'],A,High Temp Adiabatic Calorimetry,not stated,,,1968
782.1,32.08,0.6416,None kPa,N/A,17767,['C'],A,High Temp Adiabatic Calorimetry,not stated,,,1968
807.1,32.53,0.6506,None kPa,N/A,17767,['C'],A,High Temp Adiabatic Calorimetry,not stated,,,1968
832.1,33.0,0.66,None kPa,N/A,17767,['C'],A,High Temp Adiabatic Calorimetry,not stated,,,1968
855.8,33.47,0.6694,None kPa,N/A,17767,['C'],A,High Temp Adiabatic Calorimetry,not stated,,,1968
881.4,34.0,0.68,None kPa,N/A,17767,['C'],A,High Temp Adiabatic Calorimetry,not stated,,,1968
909.6,34.57,0.6914,None kPa,N/A,17767,['C'],A,High Temp Adiabatic Calorimetry,not stated,,,1968
935.8,35.12,0.7024,None kPa,N/A,17767,['C'],A,High Temp Adiabatic Calorimetry,not stated,,,1968
964.6,35.77,0.7154,None kPa,N/A,17767,['C'],A,High Temp Adiabatic Calorimetry,not stated,,,1968
990.2,36.34,0.7268,None kPa,N/A,17767,['C'],A,High Temp Adiabatic Calorimetry,not stated,,,1968
1017.0,36.97,0.7394,None kPa,N/A,17767,['C'],A,High Temp Adiabatic Calorimetry,not stated,,,1968
1042.0,37.57,0.7514,None kPa,N/A,17767,['C'],A,High Temp Adiabatic Calorimetry,not stated,,,1968
1067.0,38.23,0.7646,None kPa,N/A,17767,['C'],A,High Temp Adiabatic Calorimetry,not stated,,,1968
1093.0,38.93,0.7786,None kPa,N/A,17767,['C'],A,High Temp Adiabatic Calorimetry,not stated,,,1968
1116.0,39.6,0.792,None kPa,N/A,17767,['C'],A,High Temp Adiabatic Calorimetry,not stated,,,1968
1137.0,40.25,0.805,None kPa,N/A,17767,['C'],A,High Temp Adiabatic Calorimetry,not stated,,,1968
1157.0,40.9,0.818,None kPa,N/A,17767,['C'],A,High Temp Adiabatic Calorimetry,not stated,,,1968
1180.0,41.61,0.8322,None kPa,N/A,17767,['C'],A,High Temp Adiabatic Calorimetry,not stated,,,1968
1200.0,42.32,0.8464,None kPa,N/A,17767,['C'],A,High Temp Adiabatic Calorimetry,not stated,,,1968
1220.0,43.11,0.8622,None kPa,N/A,17767,['C'],A,High Temp Adiabatic Calorimetry,not stated,,,1968
1240.0,43.97,0.8794,None kPa,N/A,17767,['C'],A,High Temp Adiabatic Calorimetry,not stated,,,1968
1256.0,44.7,0.894,None kPa,N/A,17767,['C'],A,High Temp Adiabatic Calorimetry,not stated,,,1968
1271.0,45.48,0.9096,None kPa,N/A,17767,['C'],A,High Temp Adiabatic Calorimetry,not stated,,,1968
1287.0,46.41,0.9282,None kPa,N/A,17767,['C'],A,High Temp Adiabatic Calorimetry,not stated,,,1968
1300.0,47.17,0.9434,None kPa,N/A,17767,['C'],A,High Temp Adiabatic Calorimetry,not stated,,,1968
1313.0,48.08,0.9616,None kPa,N/A,17767,['C'],A,High Temp Adiabatic Calorimetry,not stated,,,1968
1324.0,49.03,0.9806,None kPa,N/A,17767,['C'],A,High Temp Adiabatic Calorimetry,not stated,,,1968
1334.0,50.03,1.0006,None kPa,N/A,17767,['C'],A,High Temp Adiabatic Calorimetry,not stated,,,1968
1342.0,50.96,1.0192,None kPa,N/A,17767,['C'],A,High Temp Adiabatic Calorimetry,not stated,,,1968
1349.0,51.89,1.0378,None kPa,N/A,17767,['C'],A,High Temp Adiabatic Calorimetry,not stated,,,1968
1355.0,52.88,1.0576,None kPa,N/A,17767,['C'],A,High Temp Adiabatic Calorimetry,not stated,,,1968
1361.0,53.9,1.078,None kPa,N/A,17767,['C'],A,High Temp Adiabatic Calorimetry,not stated,,,1968
1365.0,54.92,1.0984,None kPa,N/A,17767,['C'],A,High Temp Adiabatic Calorimetry,not stated,,,1968
1368.0,55.88,1.1176,None kPa,N/A,17767,['C'],A,High Temp Adiabatic Calorimetry,not stated,,,1968
1372.0,56.93,1.1386,None kPa,N/A,17767,['C'],A,High Temp Adiabatic Calorimetry,not stated,,,1968
1374.0,56.1,1.122,None kPa,N/A,17767,['C'],A,High Temp Adiabatic Calorimetry,not stated,,,1968
1375.0,55.14,1.1028,None kPa,N/A,17767,['C'],A,High Temp Adiabatic Calorimetry,not stated,,,1968
1376.0,54.24,1.0848,None kPa,N/A,17767,['C'],A,High Temp Adiabatic Calorimetry,not stated,,,1968
1377.0,53.3,1.066,None kPa,N/A,17767,['C'],A,High Temp Adiabatic Calorimetry,not stated,,,1968
1379.0,52.31,1.0462,None kPa,N/A,17767,['C'],A,High Temp Adiabatic Calorimetry,not stated,,,1968
1380.0,51.43,1.0286,None kPa,N/A,17767,['C'],A,High Temp Adiabatic Calorimetry,not stated,,,1968
1381.0,50.29,1.0058,None kPa,N/A,17767,['C'],A,High Temp Adiabatic Calorimetry,not stated,,,1968
1382.0,49.42,0.9884,None kPa,N/A,17767,['C'],A,High Temp Adiabatic Calorimetry,not stated,,,1968
1383.0,48.45,0.969,None kPa,N/A,17767,['C'],A,High Temp Adiabatic Calorimetry,not stated,,,1968
1384.0,47.55,0.951,None kPa,N/A,17767,['C'],A,High Temp Adiabatic Calorimetry,not stated,,,1968
1385.0,46.45,0.929,None kPa,N/A,17767,['C'],A,High Temp Adiabatic Calorimetry,not stated,,,1968
1389.0,45.42,0.9084,None kPa,N/A,17767,['C'],A,High Temp Adiabatic Calorimetry,not stated,,,1968
1394.0,44.48,0.8896,None kPa,N/A,17767,['C'],A,High Temp Adiabatic Calorimetry,not stated,,,1968
1403.0,43.5,0.87,None kPa,N/A,17767,['C'],A,High Temp Adiabatic Calorimetry,not stated,,,1968
1415.0,42.51,0.8502,None kPa,N/A,17767,['C'],A,High Temp Adiabatic Calorimetry,not stated,,,1968
1434.0,41.49,0.8298,None kPa,N/A,17767,['C'],A,High Temp Adiabatic Calorimetry,not stated,,,1968
1456.0,40.63,0.8126,None kPa,N/A,17767,['C'],A,High Temp Adiabatic Calorimetry,not stated,,,1968
1479.0,40.03,0.8006,None kPa,N/A,17767,['C'],A,High Temp Adiabatic Calorimetry,not stated,,,1968
1508.0,39.58,0.7916,None kPa,N/A,17767,['C'],A,High Temp Adiabatic Calorimetry,not stated,,,1968
1549.0,39.25,0.785,None kPa,N/A,17767,['C'],A,High Temp Adiabatic Calorimetry,not stated,,,1968
1598.0,39.09,0.7818,None kPa,N/A,17767,['C'],A,High Temp Adiabatic Calorimetry,not stated,,,1968
1642.0,39.13,0.7826,None kPa,N/A,17767,['C'],A,High Temp Adiabatic Calorimetry,not stated,,,1968
1682.0,39.28,0.7856,None kPa,N/A,17767,['C'],A,High Temp Adiabatic Calorimetry,not stated,,,1968
1722.0,39.57,0.7914,None kPa,N/A,17767,['C'],A,High Temp Adiabatic Calorimetry,not stated,,,1968
1763.0,39.92,0.7984,None kPa,N/A,17767,['C'],A,High Temp Adiabatic Calorimetry,not stated,,,1968
700.0,30.5,0.915,None kPa,N/A,22173,['C'],A,Adiabatic calorimeter (non-vacuum) ,"origin: commercial source,99.996 % (total),stated by supplier",99.996,Not Specified %,1975
707.0,30.5,0.915,None kPa,N/A,22173,['C'],A,Adiabatic calorimeter (non-vacuum) ,"origin: commercial source,99.996 % (total),stated by supplier",99.996,Not Specified %,1975
707.0,32.0,0.96,None kPa,N/A,22173,['C'],A,Adiabatic calorimeter (non-vacuum) ,"origin: commercial source,99.996 % (total),stated by supplier",99.996,Not Specified %,1975
800.0,34.6,1.038,None kPa,N/A,22173,['C'],A,Adiabatic calorimeter (non-vacuum) ,"origin: commercial source,99.996 % (total),stated by supplier",99.996,Not Specified %,1975
900.0,36.1,1.083,None kPa,N/A,22173,['C'],A,Adiabatic calorimeter (non-vacuum) ,"origin: commercial source,99.996 % (total),stated by supplier",99.996,Not Specified %,1975
1000.0,38.0,1.14,None kPa,N/A,22173,['C'],A,Adiabatic calorimeter (non-vacuum) ,"origin: commercial source,99.996 % (total),stated by supplier",99.996,Not Specified %,1975
1100.0,39.8,1.194,None kPa,N/A,22173,['C'],A,Adiabatic calorimeter (non-vacuum) ,"origin: commercial source,99.996 % (total),stated by supplier",99.996,Not Specified %,1975
1200.0,42.1,1.263,None kPa,N/A,22173,['C'],A,Adiabatic calorimeter (non-vacuum) ,"origin: commercial source,99.996 % (total),stated by supplier",99.996,Not Specified %,1975
1300.0,48.0,1.44,None kPa,N/A,22173,['C'],A,Adiabatic calorimeter (non-vacuum) ,"origin: commercial source,99.996 % (total),stated by supplier",99.996,Not Specified %,1975
1364.0,60.9,1.827,None kPa,N/A,22173,['C'],A,Adiabatic calorimeter (non-vacuum) ,"origin: commercial source,99.996 % (total),stated by supplier",99.996,Not Specified %,1975
1370.0,60.5,1.815,None kPa,N/A,22173,['C'],A,Adiabatic calorimeter (non-vacuum) ,"origin: commercial source,99.996 % (total),stated by supplier",99.996,Not Specified %,1975
1400.0,40.2,1.206,None kPa,N/A,22173,['C'],A,Adiabatic calorimeter (non-vacuum) ,"origin: commercial source,99.996 % (total),stated by supplier",99.996,Not Specified %,1975
1500.0,39.8,1.194,None kPa,N/A,22173,['C'],A,Adiabatic calorimeter (non-vacuum) ,"origin: commercial source,99.996 % (total),stated by supplier",99.996,Not Specified %,1975
1600.0,40.1,1.203,None kPa,N/A,22173,['C'],A,Adiabatic calorimeter (non-vacuum) ,"origin: commercial source,99.996 % (total),stated by supplier",99.996,Not Specified %,1975
624.8,30.07,0.9021,None kPa,N/A,22175,['C'],A,Adiabatic calorimeter (non-vacuum) ,"origin: commercial source,99.996 % (total),stated by supplier",99.996,Not Specified %,1975
637.0,28.52,0.8556,None kPa,N/A,22175,['C'],A,Adiabatic calorimeter (non-vacuum) ,"origin: commercial source,99.996 % (total),stated by supplier",99.996,Not Specified %,1975
647.9,30.09,0.9027,None kPa,N/A,22175,['C'],A,Adiabatic calorimeter (non-vacuum) ,"origin: commercial source,99.996 % (total),stated by supplier",99.996,Not Specified %,1975
653.7,30.05,0.9015,None kPa,N/A,22175,['C'],A,Adiabatic calorimeter (non-vacuum) ,"origin: commercial source,99.996 % (total),stated by supplier",99.996,Not Specified %,1975
662.7,30.03,0.9009,None kPa,N/A,22175,['C'],A,Adiabatic calorimeter (non-vacuum) ,"origin: commercial source,99.996 % (total),stated by supplier",99.996,Not Specified %,1975
668.9,30.01,0.9003,None kPa,N/A,22175,['C'],A,Adiabatic calorimeter (non-vacuum) ,"origin: commercial source,99.996 % (total),stated by supplier",99.996,Not Specified %,1975
685.5,30.24,0.9072,None kPa,N/A,22175,['C'],A,Adiabatic calorimeter (non-vacuum) ,"origin: commercial source,99.996 % (total),stated by supplier",99.996,Not Specified %,1975
706.0,30.49,0.9147,None kPa,N/A,22175,['C'],A,Adiabatic calorimeter (non-vacuum) ,"origin: commercial source,99.996 % (total),stated by supplier",99.996,Not Specified %,1975
724.7,31.94,0.9582,None kPa,N/A,22175,['C'],A,Adiabatic calorimeter (non-vacuum) ,"origin: commercial source,99.996 % (total),stated by supplier",99.996,Not Specified %,1975
740.1,32.43,0.9729,None kPa,N/A,22175,['C'],A,Adiabatic calorimeter (non-vacuum) ,"origin: commercial source,99.996 % (total),stated by supplier",99.996,Not Specified %,1975
775.1,33.0,0.99,None kPa,N/A,22175,['C'],A,Adiabatic calorimeter (non-vacuum) ,"origin: commercial source,99.996 % (total),stated by supplier",99.996,Not Specified %,1975
780.0,34.61,1.0383,None kPa,N/A,22175,['C'],A,Adiabatic calorimeter (non-vacuum) ,"origin: commercial source,99.996 % (total),stated by supplier",99.996,Not Specified %,1975
794.7,34.44,1.0332,None kPa,N/A,22175,['C'],A,Adiabatic calorimeter (non-vacuum) ,"origin: commercial source,99.996 % (total),stated by supplier",99.996,Not Specified %,1975
799.7,35.45,1.0635,None kPa,N/A,22175,['C'],A,Adiabatic calorimeter (non-vacuum) ,"origin: commercial source,99.996 % (total),stated by supplier",99.996,Not Specified %,1975
816.7,33.88,1.0164,None kPa,N/A,22175,['C'],A,Adiabatic calorimeter (non-vacuum) ,"origin: commercial source,99.996 % (total),stated by supplier",99.996,Not Specified %,1975
834.1,36.42,1.0926,None kPa,N/A,22175,['C'],A,Adiabatic calorimeter (non-vacuum) ,"origin: commercial source,99.996 % (total),stated by supplier",99.996,Not Specified %,1975
849.8,36.72,1.1016,None kPa,N/A,22175,['C'],A,Adiabatic calorimeter (non-vacuum) ,"origin: commercial source,99.996 % (total),stated by supplier",99.996,Not Specified %,1975
853.0,35.02,1.0506,None kPa,N/A,22175,['C'],A,Adiabatic calorimeter (non-vacuum) ,"origin: commercial source,99.996 % (total),stated by supplier",99.996,Not Specified %,1975
870.3,35.24,1.0572,None kPa,N/A,22175,['C'],A,Adiabatic calorimeter (non-vacuum) ,"origin: commercial source,99.996 % (total),stated by supplier",99.996,Not Specified %,1975
884.1,36.68,1.1004,None kPa,N/A,22175,['C'],A,Adiabatic calorimeter (non-vacuum) ,"origin: commercial source,99.996 % (total),stated by supplier",99.996,Not Specified %,1975
892.3,35.68,1.0704,None kPa,N/A,22175,['C'],A,Adiabatic calorimeter (non-vacuum) ,"origin: commercial source,99.996 % (total),stated by supplier",99.996,Not Specified %,1975
899.1,37.96,1.1388,None kPa,N/A,22175,['C'],A,Adiabatic calorimeter (non-vacuum) ,"origin: commercial source,99.996 % (total),stated by supplier",99.996,Not Specified %,1975
899.2,37.5,1.125,None kPa,N/A,22175,['C'],A,Adiabatic calorimeter (non-vacuum) ,"origin: commercial source,99.996 % (total),stated by supplier",99.996,Not Specified %,1975
909.2,36.41,1.0923,None kPa,N/A,22175,['C'],A,Adiabatic calorimeter (non-vacuum) ,"origin: commercial source,99.996 % (total),stated by supplier",99.996,Not Specified %,1975
920.4,36.0,1.08,None kPa,N/A,22175,['C'],A,Adiabatic calorimeter (non-vacuum) ,"origin: commercial source,99.996 % (total),stated by supplier",99.996,Not Specified %,1975
937.4,36.86,1.1058,None kPa,N/A,22175,['C'],A,Adiabatic calorimeter (non-vacuum) ,"origin: commercial source,99.996 % (total),stated by supplier",99.996,Not Specified %,1975
948.7,38.16,1.1448,None kPa,N/A,22175,['C'],A,Adiabatic calorimeter (non-vacuum) ,"origin: commercial source,99.996 % (total),stated by supplier",99.996,Not Specified %,1975
960.2,38.12,1.1436,None kPa,N/A,22175,['C'],A,Adiabatic calorimeter (non-vacuum) ,"origin: commercial source,99.996 % (total),stated by supplier",99.996,Not Specified %,1975
965.8,37.6,1.128,None kPa,N/A,22175,['C'],A,Adiabatic calorimeter (non-vacuum) ,"origin: commercial source,99.996 % (total),stated by supplier",99.996,Not Specified %,1975
966.1,35.93,1.0779,None kPa,N/A,22175,['C'],A,Adiabatic calorimeter (non-vacuum) ,"origin: commercial source,99.996 % (total),stated by supplier",99.996,Not Specified %,1975
969.5,34.32,1.0296,None kPa,N/A,22175,['C'],A,Adiabatic calorimeter (non-vacuum) ,"origin: commercial source,99.996 % (total),stated by supplier",99.996,Not Specified %,1975
979.3,36.89,1.1067,None kPa,N/A,22175,['C'],A,Adiabatic calorimeter (non-vacuum) ,"origin: commercial source,99.996 % (total),stated by supplier",99.996,Not Specified %,1975
985.7,38.6,1.158,None kPa,N/A,22175,['C'],A,Adiabatic calorimeter (non-vacuum) ,"origin: commercial source,99.996 % (total),stated by supplier",99.996,Not Specified %,1975
994.0,39.08,1.1724,None kPa,N/A,22175,['C'],A,Adiabatic calorimeter (non-vacuum) ,"origin: commercial source,99.996 % (total),stated by supplier",99.996,Not Specified %,1975
998.7,38.12,1.1436,None kPa,N/A,22175,['C'],A,Adiabatic calorimeter (non-vacuum) ,"origin: commercial source,99.996 % (total),stated by supplier",99.996,Not Specified %,1975
1008.8,39.32,1.1796,None kPa,N/A,22175,['C'],A,Adiabatic calorimeter (non-vacuum) ,"origin: commercial source,99.996 % (total),stated by supplier",99.996,Not Specified %,1975
1031.9,36.37,1.0911,None kPa,N/A,22175,['C'],A,Adiabatic calorimeter (non-vacuum) ,"origin: commercial source,99.996 % (total),stated by supplier",99.996,Not Specified %,1975
1033.0,37.82,1.1346,None kPa,N/A,22175,['C'],A,Adiabatic calorimeter (non-vacuum) ,"origin: commercial source,99.996 % (total),stated by supplier",99.996,Not Specified %,1975
1033.9,38.17,1.1451,None kPa,N/A,22175,['C'],A,Adiabatic calorimeter (non-vacuum) ,"origin: commercial source,99.996 % (total),stated by supplier",99.996,Not Specified %,1975
1040.9,38.52,1.1556,None kPa,N/A,22175,['C'],A,Adiabatic calorimeter (non-vacuum) ,"origin: commercial source,99.996 % (total),stated by supplier",99.996,Not Specified %,1975
1045.8,39.5,1.185,None kPa,N/A,22175,['C'],A,Adiabatic calorimeter (non-vacuum) ,"origin: commercial source,99.996 % (total),stated by supplier",99.996,Not Specified %,1975
1051.5,40.73,1.2219,None kPa,N/A,22175,['C'],A,Adiabatic calorimeter (non-vacuum) ,"origin: commercial source,99.996 % (total),stated by supplier",99.996,Not Specified %,1975
1061.0,40.46,1.2138,None kPa,N/A,22175,['C'],A,Adiabatic calorimeter (non-vacuum) ,"origin: commercial source,99.996 % (total),stated by supplier",99.996,Not Specified %,1975
1069.6,40.46,1.2138,None kPa,N/A,22175,['C'],A,Adiabatic calorimeter (non-vacuum) ,"origin: commercial source,99.996 % (total),stated by supplier",99.996,Not Specified %,1975
1071.9,38.71,1.1613,None kPa,N/A,22175,['C'],A,Adiabatic calorimeter (non-vacuum) ,"origin: commercial source,99.996 % (total),stated by supplier",99.996,Not Specified %,1975
1086.3,39.59,1.1877,None kPa,N/A,22175,['C'],A,Adiabatic calorimeter (non-vacuum) ,"origin: commercial source,99.996 % (total),stated by supplier",99.996,Not Specified %,1975
1103.5,41.64,1.2492,None kPa,N/A,22175,['C'],A,Adiabatic calorimeter (non-vacuum) ,"origin: commercial source,99.996 % (total),stated by supplier",99.996,Not Specified %,1975
1110.4,40.07,1.2021,None kPa,N/A,22175,['C'],A,Adiabatic calorimeter (non-vacuum) ,"origin: commercial source,99.996 % (total),stated by supplier",99.996,Not Specified %,1975
1119.0,40.32,1.2096,None kPa,N/A,22175,['C'],A,Adiabatic calorimeter (non-vacuum) ,"origin: commercial source,99.996 % (total),stated by supplier",99.996,Not Specified %,1975
1134.9,40.02,1.2006,None kPa,N/A,22175,['C'],A,Adiabatic calorimeter (non-vacuum) ,"origin: commercial source,99.996 % (total),stated by supplier",99.996,Not Specified %,1975
1140.4,40.65,1.2195,None kPa,N/A,22175,['C'],A,Adiabatic calorimeter (non-vacuum) ,"origin: commercial source,99.996 % (total),stated by supplier",99.996,Not Specified %,1975
1146.7,41.36,1.2408,None kPa,N/A,22175,['C'],A,Adiabatic calorimeter (non-vacuum) ,"origin: commercial source,99.996 % (total),stated by supplier",99.996,Not Specified %,1975
1154.9,41.11,1.2333,None kPa,N/A,22175,['C'],A,Adiabatic calorimeter (non-vacuum) ,"origin: commercial source,99.996 % (total),stated by supplier",99.996,Not Specified %,1975
1185.6,42.48,1.2744,None kPa,N/A,22175,['C'],A,Adiabatic calorimeter (non-vacuum) ,"origin: commercial source,99.996 % (total),stated by supplier",99.996,Not Specified %,1975
1200.0,41.68,1.2504,None kPa,N/A,22175,['C'],A,Adiabatic calorimeter (non-vacuum) ,"origin: commercial source,99.996 % (total),stated by supplier",99.996,Not Specified %,1975
1211.9,43.25,1.2975,None kPa,N/A,22175,['C'],A,Adiabatic calorimeter (non-vacuum) ,"origin: commercial source,99.996 % (total),stated by supplier",99.996,Not Specified %,1975
1224.6,41.67,1.2501,None kPa,N/A,22175,['C'],A,Adiabatic calorimeter (non-vacuum) ,"origin: commercial source,99.996 % (total),stated by supplier",99.996,Not Specified %,1975
1242.0,44.55,1.3365,None kPa,N/A,22175,['C'],A,Adiabatic calorimeter (non-vacuum) ,"origin: commercial source,99.996 % (total),stated by supplier",99.996,Not Specified %,1975
1256.1,44.82,1.3446,None kPa,N/A,22175,['C'],A,Adiabatic calorimeter (non-vacuum) ,"origin: commercial source,99.996 % (total),stated by supplier",99.996,Not Specified %,1975
1258.9,44.26,1.3278,None kPa,N/A,22175,['C'],A,Adiabatic calorimeter (non-vacuum) ,"origin: commercial source,99.996 % (total),stated by supplier",99.996,Not Specified %,1975
1274.8,45.86,1.3758,None kPa,N/A,22175,['C'],A,Adiabatic calorimeter (non-vacuum) ,"origin: commercial source,99.996 % (total),stated by supplier",99.996,Not Specified %,1975
1285.6,46.39,1.3917,None kPa,N/A,22175,['C'],A,Adiabatic calorimeter (non-vacuum) ,"origin: commercial source,99.996 % (total),stated by supplier",99.996,Not Specified %,1975
1289.1,47.4,1.422,None kPa,N/A,22175,['C'],A,Adiabatic calorimeter (non-vacuum) ,"origin: commercial source,99.996 % (total),stated by supplier",99.996,Not Specified %,1975
1300.5,46.99,1.4097,None kPa,N/A,22175,['C'],A,Adiabatic calorimeter (non-vacuum) ,"origin: commercial source,99.996 % (total),stated by supplier",99.996,Not Specified %,1975
1306.1,47.64,1.4292,None kPa,N/A,22175,['C'],A,Adiabatic calorimeter (non-vacuum) ,"origin: commercial source,99.996 % (total),stated by supplier",99.996,Not Specified %,1975
1313.9,50.59,1.5177,None kPa,N/A,22175,['C'],A,Adiabatic calorimeter (non-vacuum) ,"origin: commercial source,99.996 % (total),stated by supplier",99.996,Not Specified %,1975
1320.5,49.56,1.4868,None kPa,N/A,22175,['C'],A,Adiabatic calorimeter (non-vacuum) ,"origin: commercial source,99.996 % (total),stated by supplier",99.996,Not Specified %,1975
1330.2,49.99,1.4997,None kPa,N/A,22175,['C'],A,Adiabatic calorimeter (non-vacuum) ,"origin: commercial source,99.996 % (total),stated by supplier",99.996,Not Specified %,1975
1351.7,55.66,1.6698,None kPa,N/A,22175,['C'],A,Adiabatic calorimeter (non-vacuum) ,"origin: commercial source,99.996 % (total),stated by supplier",99.996,Not Specified %,1975
1356.3,54.52,1.6356,None kPa,N/A,22175,['C'],A,Adiabatic calorimeter (non-vacuum) ,"origin: commercial source,99.996 % (total),stated by supplier",99.996,Not Specified %,1975
1361.6,61.1,1.833,None kPa,N/A,22175,['C'],A,Adiabatic calorimeter (non-vacuum) ,"origin: commercial source,99.996 % (total),stated by supplier",99.996,Not Specified %,1975
1368.8,59.53,1.7859,None kPa,N/A,22175,['C'],A,Adiabatic calorimeter (non-vacuum) ,"origin: commercial source,99.996 % (total),stated by supplier",99.996,Not Specified %,1975
1370.8,60.99,1.8297,None kPa,N/A,22175,['C'],A,Adiabatic calorimeter (non-vacuum) ,"origin: commercial source,99.996 % (total),stated by supplier",99.996,Not Specified %,1975
1374.7,59.19,1.7757,None kPa,N/A,22175,['C'],A,Adiabatic calorimeter (non-vacuum) ,"origin: commercial source,99.996 % (total),stated by supplier",99.996,Not Specified %,1975
1379.8,54.29,1.6287,None kPa,N/A,22175,['C'],A,Adiabatic calorimeter (non-vacuum) ,"origin: commercial source,99.996 % (total),stated by supplier",99.996,Not Specified %,1975
1383.7,58.78,1.7634,None kPa,N/A,22175,['C'],A,Adiabatic calorimeter (non-vacuum) ,"origin: commercial source,99.996 % (total),stated by supplier",99.996,Not Specified %,1975
1387.9,47.29,1.4187,None kPa,N/A,22175,['C'],A,Adiabatic calorimeter (non-vacuum) ,"origin: commercial source,99.996 % (total),stated by supplier",99.996,Not Specified %,1975
1392.9,41.23,1.2369,None kPa,N/A,22175,['C'],A,Adiabatic calorimeter (non-vacuum) ,"origin: commercial source,99.996 % (total),stated by supplier",99.996,Not Specified %,1975
1404.8,39.82,1.1946,None kPa,N/A,22175,['C'],A,Adiabatic calorimeter (non-vacuum) ,"origin: commercial source,99.996 % (total),stated by supplier",99.996,Not Specified %,1975
1418.7,39.58,1.1874,None kPa,N/A,22175,['C'],A,Adiabatic calorimeter (non-vacuum) ,"origin: commercial source,99.996 % (total),stated by supplier",99.996,Not Specified %,1975
1429.2,37.78,1.1334,None kPa,N/A,22175,['C'],A,Adiabatic calorimeter (non-vacuum) ,"origin: commercial source,99.996 % (total),stated by supplier",99.996,Not Specified %,1975
1434.7,39.1,1.173,None kPa,N/A,22175,['C'],A,Adiabatic calorimeter (non-vacuum) ,"origin: commercial source,99.996 % (total),stated by supplier",99.996,Not Specified %,1975
1447.5,38.43,1.1529,None kPa,N/A,22175,['C'],A,Adiabatic calorimeter (non-vacuum) ,"origin: commercial source,99.996 % (total),stated by supplier",99.996,Not Specified %,1975
1454.3,38.96,1.1688,None kPa,N/A,22175,['C'],A,Adiabatic calorimeter (non-vacuum) ,"origin: commercial source,99.996 % (total),stated by supplier",99.996,Not Specified %,1975
1489.5,38.82,1.1646,None kPa,N/A,22175,['C'],A,Adiabatic calorimeter (non-vacuum) ,"origin: commercial source,99.996 % (total),stated by supplier",99.996,Not Specified %,1975
1495.6,39.76,1.1928,None kPa,N/A,22175,['C'],A,Adiabatic calorimeter (non-vacuum) ,"origin: commercial source,99.996 % (total),stated by supplier",99.996,Not Specified %,1975
1504.0,40.0,1.2,None kPa,N/A,22175,['C'],A,Adiabatic calorimeter (non-vacuum) ,"origin: commercial source,99.996 % (total),stated by supplier",99.996,Not Specified %,1975
1511.6,40.07,1.2021,None kPa,N/A,22175,['C'],A,Adiabatic calorimeter (non-vacuum) ,"origin: commercial source,99.996 % (total),stated by supplier",99.996,Not Specified %,1975
1515.8,41.19,1.2357,None kPa,N/A,22175,['C'],A,Adiabatic calorimeter (non-vacuum) ,"origin: commercial source,99.996 % (total),stated by supplier",99.996,Not Specified %,1975
1526.1,39.96,1.1988,None kPa,N/A,22175,['C'],A,Adiabatic calorimeter (non-vacuum) ,"origin: commercial source,99.996 % (total),stated by supplier",99.996,Not Specified %,1975
1533.7,38.18,1.1454,None kPa,N/A,22175,['C'],A,Adiabatic calorimeter (non-vacuum) ,"origin: commercial source,99.996 % (total),stated by supplier",99.996,Not Specified %,1975
1540.0,39.4,1.182,None kPa,N/A,22175,['C'],A,Adiabatic calorimeter (non-vacuum) ,"origin: commercial source,99.996 % (total),stated by supplier",99.996,Not Specified %,1975
1543.8,41.61,1.2483,None kPa,N/A,22175,['C'],A,Adiabatic calorimeter (non-vacuum) ,"origin: commercial source,99.996 % (total),stated by supplier",99.996,Not Specified %,1975
1555.0,40.59,1.2177,None kPa,N/A,22175,['C'],A,Adiabatic calorimeter (non-vacuum) ,"origin: commercial source,99.996 % (total),stated by supplier",99.996,Not Specified %,1975
1560.6,41.92,1.2576,None kPa,N/A,22175,['C'],A,Adiabatic calorimeter (non-vacuum) ,"origin: commercial source,99.996 % (total),stated by supplier",99.996,Not Specified %,1975
1573.8,41.21,1.2363,None kPa,N/A,22175,['C'],A,Adiabatic calorimeter (non-vacuum) ,"origin: commercial source,99.996 % (total),stated by supplier",99.996,Not Specified %,1975
1578.8,40.11,1.2033,None kPa,N/A,22175,['C'],A,Adiabatic calorimeter (non-vacuum) ,"origin: commercial source,99.996 % (total),stated by supplier",99.996,Not Specified %,1975
1589.3,39.74,1.1922,None kPa,N/A,22175,['C'],A,Adiabatic calorimeter (non-vacuum) ,"origin: commercial source,99.996 % (total),stated by supplier",99.996,Not Specified %,1975
1605.2,40.32,1.2096,None kPa,N/A,22175,['C'],A,Adiabatic calorimeter (non-vacuum) ,"origin: commercial source,99.996 % (total),stated by supplier",99.996,Not Specified %,1975
1607.0,38.7,1.161,None kPa,N/A,22175,['C'],A,Adiabatic calorimeter (non-vacuum) ,"origin: commercial source,99.996 % (total),stated by supplier",99.996,Not Specified %,1975
0.75,0.01269,3.87e-05,None kPa,N/A,16517,['C'],A,Vacuum adiabatic calorimetry,not stated,,,1966
0.79,0.011921,1.791e-05,None kPa,N/A,16517,['C'],A,Vacuum adiabatic calorimetry,not stated,,,1966
0.83,0.011305,1.68e-05,None kPa,N/A,16517,['C'],A,Vacuum adiabatic calorimetry,not stated,,,1966
0.871,0.010809,1.592e-05,None kPa,N/A,16517,['C'],A,Vacuum adiabatic calorimetry,not stated,,,1966
0.929,0.010228,1.505e-05,None kPa,N/A,16517,['C'],A,Vacuum adiabatic calorimetry,not stated,,,1966
0.989,0.009823,1.452e-05,None kPa,N/A,16517,['C'],A,Vacuum adiabatic calorimetry,not stated,,,1966
1.057,0.009606,1.43e-05,None kPa,N/A,16517,['C'],A,Vacuum adiabatic calorimetry,not stated,,,1966
1.12,0.009268,1.438e-05,None kPa,N/A,16517,['C'],A,Vacuum adiabatic calorimetry,not stated,,,1966
1.183,0.009224,1.468e-05,None kPa,N/A,16517,['C'],A,Vacuum adiabatic calorimetry,not stated,,,1966
1.248,0.009133,1.52e-05,None kPa,N/A,16517,['C'],A,Vacuum adiabatic calorimetry,not stated,,,1966
1.308,0.009143,1.582e-05,None kPa,N/A,16517,['C'],A,Vacuum adiabatic calorimetry,not stated,,,1966
1.366,0.009161,1.655e-05,None kPa,N/A,16517,['C'],A,Vacuum adiabatic calorimetry,not stated,,,1966
1.443,0.009257,1.767e-05,None kPa,N/A,16517,['C'],A,Vacuum adiabatic calorimetry,not stated,,,1966
1.523,0.009462,1.905e-05,None kPa,N/A,16517,['C'],A,Vacuum adiabatic calorimetry,not stated,,,1966
1.608,0.009599,2.072e-05,None kPa,N/A,16517,['C'],A,Vacuum adiabatic calorimetry,not stated,,,1966
1.71,0.009889,2.301e-05,None kPa,N/A,16517,['C'],A,Vacuum adiabatic calorimetry,not stated,,,1966
1.829,0.01026,2.608e-05,None kPa,N/A,16517,['C'],A,Vacuum adiabatic calorimetry,not stated,,,1966
1.941,0.010721,2.941e-05,None kPa,N/A,16517,['C'],A,Vacuum adiabatic calorimetry,not stated,,,1966
2.042,0.011154,3.279e-05,None kPa,N/A,16517,['C'],A,Vacuum adiabatic calorimetry,not stated,,,1966
0.746,0.012515,4.689e-05,None kPa,N/A,16517,['C'],A,Vacuum adiabatic calorimetry,not stated,,,1966
0.763,0.012011,4.616e-05,None kPa,N/A,16517,['C'],A,Vacuum adiabatic calorimetry,not stated,,,1966
0.785,0.011689,4.543e-05,None kPa,N/A,16517,['C'],A,Vacuum adiabatic calorimetry,not stated,,,1966
0.867,0.01064,4.419e-05,None kPa,N/A,16517,['C'],A,Vacuum adiabatic calorimetry,not stated,,,1966
0.937,0.009999,4.463e-05,None kPa,N/A,16517,['C'],A,Vacuum adiabatic calorimetry,not stated,,,1966
1.014,0.009509,4.618e-05,None kPa,N/A,16517,['C'],A,Vacuum adiabatic calorimetry,not stated,,,1966
1.086,0.009243,4.837e-05,None kPa,N/A,16517,['C'],A,Vacuum adiabatic calorimetry,not stated,,,1966
1.167,0.009044,5.145e-05,None kPa,N/A,16517,['C'],A,Vacuum adiabatic calorimetry,not stated,,,1966
1.307,0.009014,5.805e-05,None kPa,N/A,16517,['C'],A,Vacuum adiabatic calorimetry,not stated,,,1966
1.371,0.009081,6.152e-05,None kPa,N/A,16517,['C'],A,Vacuum adiabatic calorimetry,not stated,,,1966
1.44,0.009176,6.561e-05,None kPa,N/A,16517,['C'],A,Vacuum adiabatic calorimetry,not stated,,,1966
1.506,0.009282,6.979e-05,None kPa,N/A,16517,['C'],A,Vacuum adiabatic calorimetry,not stated,,,1966
1.605,0.009515,7.676e-05,None kPa,N/A,16517,['C'],A,Vacuum adiabatic calorimetry,not stated,,,1966
1.691,0.009767,8.347e-05,None kPa,N/A,16517,['C'],A,Vacuum adiabatic calorimetry,not stated,,,1966
1.772,0.010031,9.031e-05,None kPa,N/A,16517,['C'],A,Vacuum adiabatic calorimetry,not stated,,,1966
1.867,0.010396,9.92e-05,None kPa,N/A,16517,['C'],A,Vacuum adiabatic calorimetry,not stated,,,1966
1.976,0.0108,0.00011057,None kPa,N/A,16517,['C'],A,Vacuum adiabatic calorimetry,not stated,,,1966
2.077,0.011241,0.00012223,None kPa,N/A,16517,['C'],A,Vacuum adiabatic calorimetry,not stated,,,1966
2.169,0.011618,0.00013405,None kPa,N/A,16517,['C'],A,Vacuum adiabatic calorimetry,not stated,,,1966
0.736,0.012031,3.982e-05,None kPa,N/A,16517,['C'],A,Vacuum adiabatic calorimetry,not stated,,,1966
0.868,0.010351,3.184e-05,None kPa,N/A,16517,['C'],A,Vacuum adiabatic calorimetry,not stated,,,1966
0.939,0.009702,2.964e-05,None kPa,N/A,16517,['C'],A,Vacuum adiabatic calorimetry,not stated,,,1966
1.002,0.009156,2.855e-05,None kPa,N/A,16517,['C'],A,Vacuum adiabatic calorimetry,not stated,,,1966
1.072,0.008911,2.805e-05,None kPa,N/A,16517,['C'],A,Vacuum adiabatic calorimetry,not stated,,,1966
1.15,0.008801,2.819e-05,None kPa,N/A,16517,['C'],A,Vacuum adiabatic calorimetry,not stated,,,1966
1.251,0.008825,2.916e-05,None kPa,N/A,16517,['C'],A,Vacuum adiabatic calorimetry,not stated,,,1966
1.43,0.00896,3.241e-05,None kPa,N/A,16517,['C'],A,Vacuum adiabatic calorimetry,not stated,,,1966
1.526,0.009125,3.474e-05,None kPa,N/A,16517,['C'],A,Vacuum adiabatic calorimetry,not stated,,,1966
1.738,0.009728,4.116e-05,None kPa,N/A,16517,['C'],A,Vacuum adiabatic calorimetry,not stated,,,1966
1.97,0.010703,5.016e-05,None kPa,N/A,16517,['C'],A,Vacuum adiabatic calorimetry,not stated,,,1966
2.076,0.011098,5.501e-05,None kPa,N/A,16517,['C'],A,Vacuum adiabatic calorimetry,not stated,,,1966
2.177,0.011542,6.012e-05,None kPa,N/A,16517,['C'],A,Vacuum adiabatic calorimetry,not stated,,,1966
2.271,0.012052,6.536e-05,None kPa,N/A,16517,['C'],A,Vacuum adiabatic calorimetry,not stated,,,1966
2.355,0.012466,7.043e-05,None kPa,N/A,16517,['C'],A,Vacuum adiabatic calorimetry,not stated,,,1966
0.732,0.011592,4.776e-05,None kPa,N/A,16517,['C'],A,Vacuum adiabatic calorimetry,not stated,,,1966
0.778,0.010853,4.588e-05,None kPa,N/A,16517,['C'],A,Vacuum adiabatic calorimetry,not stated,,,1966
0.834,0.010186,4.479e-05,None kPa,N/A,16517,['C'],A,Vacuum adiabatic calorimetry,not stated,,,1966
0.887,0.009652,4.473e-05,None kPa,N/A,16517,['C'],A,Vacuum adiabatic calorimetry,not stated,,,1966
1.025,0.008876,4.765e-05,None kPa,N/A,16517,['C'],A,Vacuum adiabatic calorimetry,not stated,,,1966
1.096,0.0087,5.039e-05,None kPa,N/A,16517,['C'],A,Vacuum adiabatic calorimetry,not stated,,,1966
1.17,0.008635,5.39e-05,None kPa,N/A,16517,['C'],A,Vacuum adiabatic calorimetry,not stated,,,1966
1.241,0.008606,5.789e-05,None kPa,N/A,16517,['C'],A,Vacuum adiabatic calorimetry,not stated,,,1966
1.317,0.008585,6.27e-05,None kPa,N/A,16517,['C'],A,Vacuum adiabatic calorimetry,not stated,,,1966
1.39,0.008659,6.794e-05,None kPa,N/A,16517,['C'],A,Vacuum adiabatic calorimetry,not stated,,,1966
1.46,0.008851,7.348e-05,None kPa,N/A,16517,['C'],A,Vacuum adiabatic calorimetry,not stated,,,1966
1.528,0.008963,7.935e-05,None kPa,N/A,16517,['C'],A,Vacuum adiabatic calorimetry,not stated,,,1966
1.599,0.00911,8.617e-05,None kPa,N/A,16517,['C'],A,Vacuum adiabatic calorimetry,not stated,,,1966
1600.0,39.2,1.176,101.325 kPa,N/A,16633,['C'],A,Vacuum adiabatic calorimetry,"origin: commercial source,99.999 weight % (total),stated by supplier,chunk",99.999,Weight %,1966
1700.0,39.5,1.185,None kPa,N/A,16633,['C'],A,Vacuum adiabatic calorimetry,"origin: commercial source,99.999 weight % (total),stated by supplier,chunk",99.999,Weight %,1966
1600.0,39.2,1.176,101.325 kPa,N/A,16636,['C'],A,Vacuum adiabatic calorimetry,"origin: commercial source,99.4 weight % (total),stated by supplier,chunk",99.4,Weight %,1966
1700.0,39.5,1.185,None kPa,N/A,16636,['C'],A,Vacuum adiabatic calorimetry,"origin: commercial source,99.4 weight % (total),stated by supplier,chunk",99.4,Weight %,1966
304.4,24.83,0.4966,107.991 kPa,N/A,17766,['C'],A,High Temp Adiabatic Calorimetry,not stated,,,1968
327.5,25.37,0.5074,None kPa,N/A,17766,['C'],A,High Temp Adiabatic Calorimetry,not stated,,,1968
347.3,25.85,0.517,None kPa,N/A,17766,['C'],A,High Temp Adiabatic Calorimetry,not stated,,,1968
369.1,26.29,0.5258,None kPa,N/A,17766,['C'],A,High Temp Adiabatic Calorimetry,not stated,,,1968
393.4,26.75,0.535,None kPa,N/A,17766,['C'],A,High Temp Adiabatic Calorimetry,not stated,,,1968
418.4,27.18,0.5436,None kPa,N/A,17766,['C'],A,High Temp Adiabatic Calorimetry,not stated,,,1968
447.9,27.61,0.5522,None kPa,N/A,17766,['C'],A,High Temp Adiabatic Calorimetry,not stated,,,1968
476.8,28.01,0.5602,None kPa,N/A,17766,['C'],A,High Temp Adiabatic Calorimetry,not stated,,,1968
506.9,28.38,0.5676,None kPa,N/A,17766,['C'],A,High Temp Adiabatic Calorimetry,not stated,,,1968
534.5,28.7,0.574,None kPa,N/A,17766,['C'],A,High Temp Adiabatic Calorimetry,not stated,,,1968
563.4,29.02,0.5804,None kPa,N/A,17766,['C'],A,High Temp Adiabatic Calorimetry,not stated,,,1968
591.6,29.33,0.5866,None kPa,N/A,17766,['C'],A,High Temp Adiabatic Calorimetry,not stated,,,1968
620.5,29.66,0.5932,None kPa,N/A,17766,['C'],A,High Temp Adiabatic Calorimetry,not stated,,,1968
644.9,29.97,0.5994,None kPa,N/A,17766,['C'],A,High Temp Adiabatic Calorimetry,not stated,,,1968
670.6,30.31,0.6062,None kPa,N/A,17766,['C'],A,High Temp Adiabatic Calorimetry,not stated,,,1968
695.6,30.66,0.6132,None kPa,N/A,17766,['C'],A,High Temp Adiabatic Calorimetry,not stated,,,1968
704.5,30.78,0.6156,107.991 kPa,N/A,17767,['C'],A,High Temp Adiabatic Calorimetry,not stated,,,1968
730.2,31.18,0.6236,None kPa,N/A,17767,['C'],A,High Temp Adiabatic Calorimetry,not stated,,,1968
754.5,31.58,0.6316,None kPa,N/A,17767,['C'],A,High Temp Adiabatic Calorimetry,not stated,,,1968
782.1,32.08,0.6416,None kPa,N/A,17767,['C'],A,High Temp Adiabatic Calorimetry,not stated,,,1968
807.1,32.53,0.6506,None kPa,N/A,17767,['C'],A,High Temp Adiabatic Calorimetry,not stated,,,1968
832.1,33.0,0.66,None kPa,N/A,17767,['C'],A,High Temp Adiabatic Calorimetry,not stated,,,1968
855.8,33.47,0.6694,None kPa,N/A,17767,['C'],A,High Temp Adiabatic Calorimetry,not stated,,,1968
881.4,34.0,0.68,None kPa,N/A,17767,['C'],A,High Temp Adiabatic Calorimetry,not stated,,,1968
909.6,34.57,0.6914,None kPa,N/A,17767,['C'],A,High Temp Adiabatic Calorimetry,not stated,,,1968
935.8,35.12,0.7024,None kPa,N/A,17767,['C'],A,High Temp Adiabatic Calorimetry,not stated,,,1968
964.6,35.77,0.7154,None kPa,N/A,17767,['C'],A,High Temp Adiabatic Calorimetry,not stated,,,1968
990.2,36.34,0.7268,None kPa,N/A,17767,['C'],A,High Temp Adiabatic Calorimetry,not stated,,,1968
1017.0,36.97,0.7394,None kPa,N/A,17767,['C'],A,High Temp Adiabatic Calorimetry,not stated,,,1968
1042.0,37.57,0.7514,None kPa,N/A,17767,['C'],A,High Temp Adiabatic Calorimetry,not stated,,,1968
1067.0,38.23,0.7646,None kPa,N/A,17767,['C'],A,High Temp Adiabatic Calorimetry,not stated,,,1968
1093.0,38.93,0.7786,None kPa,N/A,17767,['C'],A,High Temp Adiabatic Calorimetry,not stated,,,1968
1116.0,39.6,0.792,None kPa,N/A,17767,['C'],A,High Temp Adiabatic Calorimetry,not stated,,,1968
1137.0,40.25,0.805,None kPa,N/A,17767,['C'],A,High Temp Adiabatic Calorimetry,not stated,,,1968
1157.0,40.9,0.818,None kPa,N/A,17767,['C'],A,High Temp Adiabatic Calorimetry,not stated,,,1968
1180.0,41.61,0.8322,None kPa,N/A,17767,['C'],A,High Temp Adiabatic Calorimetry,not stated,,,1968
1200.0,42.32,0.8464,None kPa,N/A,17767,['C'],A,High Temp Adiabatic Calorimetry,not stated,,,1968
1220.0,43.11,0.8622,None kPa,N/A,17767,['C'],A,High Temp Adiabatic Calorimetry,not stated,,,1968
1240.0,43.97,0.8794,None kPa,N/A,17767,['C'],A,High Temp Adiabatic Calorimetry,not stated,,,1968
1256.0,44.7,0.894,None kPa,N/A,17767,['C'],A,High Temp Adiabatic Calorimetry,not stated,,,1968
1271.0,45.48,0.9096,None kPa,N/A,17767,['C'],A,High Temp Adiabatic Calorimetry,not stated,,,1968
1287.0,46.41,0.9282,None kPa,N/A,17767,['C'],A,High Temp Adiabatic Calorimetry,not stated,,,1968
1300.0,47.17,0.9434,None kPa,N/A,17767,['C'],A,High Temp Adiabatic Calorimetry,not stated,,,1968
1313.0,48.08,0.9616,None kPa,N/A,17767,['C'],A,High Temp Adiabatic Calorimetry,not stated,,,1968
1324.0,49.03,0.9806,None kPa,N/A,17767,['C'],A,High Temp Adiabatic Calorimetry,not stated,,,1968
1334.0,50.03,1.0006,None kPa,N/A,17767,['C'],A,High Temp Adiabatic Calorimetry,not stated,,,1968
1342.0,50.96,1.0192,None kPa,N/A,17767,['C'],A,High Temp Adiabatic Calorimetry,not stated,,,1968
1349.0,51.89,1.0378,None kPa,N/A,17767,['C'],A,High Temp Adiabatic Calorimetry,not stated,,,1968
1355.0,52.88,1.0576,None kPa,N/A,17767,['C'],A,High Temp Adiabatic Calorimetry,not stated,,,1968
1361.0,53.9,1.078,None kPa,N/A,17767,['C'],A,High Temp Adiabatic Calorimetry,not stated,,,1968
1365.0,54.92,1.0984,None kPa,N/A,17767,['C'],A,High Temp Adiabatic Calorimetry,not stated,,,1968
1368.0,55.88,1.1176,None kPa,N/A,17767,['C'],A,High Temp Adiabatic Calorimetry,not stated,,,1968
1372.0,56.93,1.1386,None kPa,N/A,17767,['C'],A,High Temp Adiabatic Calorimetry,not stated,,,1968
1374.0,56.1,1.122,None kPa,N/A,17767,['C'],A,High Temp Adiabatic Calorimetry,not stated,,,1968
1375.0,55.14,1.1028,None kPa,N/A,17767,['C'],A,High Temp Adiabatic Calorimetry,not stated,,,1968
1376.0,54.24,1.0848,None kPa,N/A,17767,['C'],A,High Temp Adiabatic Calorimetry,not stated,,,1968
1377.0,53.3,1.066,None kPa,N/A,17767,['C'],A,High Temp Adiabatic Calorimetry,not stated,,,1968
1379.0,52.31,1.0462,None kPa,N/A,17767,['C'],A,High Temp Adiabatic Calorimetry,not stated,,,1968
1380.0,51.43,1.0286,None kPa,N/A,17767,['C'],A,High Temp Adiabatic Calorimetry,not stated,,,1968
1381.0,50.29,1.0058,None kPa,N/A,17767,['C'],A,High Temp Adiabatic Calorimetry,not stated,,,1968
1382.0,49.42,0.9884,None kPa,N/A,17767,['C'],A,High Temp Adiabatic Calorimetry,not stated,,,1968
1383.0,48.45,0.969,None kPa,N/A,17767,['C'],A,High Temp Adiabatic Calorimetry,not stated,,,1968
1384.0,47.55,0.951,None kPa,N/A,17767,['C'],A,High Temp Adiabatic Calorimetry,not stated,,,1968
1385.0,46.45,0.929,None kPa,N/A,17767,['C'],A,High Temp Adiabatic Calorimetry,not stated,,,1968
1389.0,45.42,0.9084,None kPa,N/A,17767,['C'],A,High Temp Adiabatic Calorimetry,not stated,,,1968
1394.0,44.48,0.8896,None kPa,N/A,17767,['C'],A,High Temp Adiabatic Calorimetry,not stated,,,1968
1403.0,43.5,0.87,None kPa,N/A,17767,['C'],A,High Temp Adiabatic Calorimetry,not stated,,,1968
1415.0,42.51,0.8502,None kPa,N/A,17767,['C'],A,High Temp Adiabatic Calorimetry,not stated,,,1968
1434.0,41.49,0.8298,None kPa,N/A,17767,['C'],A,High Temp Adiabatic Calorimetry,not stated,,,1968
1456.0,40.63,0.8126,None kPa,N/A,17767,['C'],A,High Temp Adiabatic Calorimetry,not stated,,,1968
1479.0,40.03,0.8006,None kPa,N/A,17767,['C'],A,High Temp Adiabatic Calorimetry,not stated,,,1968
1508.0,39.58,0.7916,None kPa,N/A,17767,['C'],A,High Temp Adiabatic Calorimetry,not stated,,,1968
1549.0,39.25,0.785,None kPa,N/A,17767,['C'],A,High Temp Adiabatic Calorimetry,not stated,,,1968
1598.0,39.09,0.7818,None kPa,N/A,17767,['C'],A,High Temp Adiabatic Calorimetry,not stated,,,1968
1642.0,39.13,0.7826,None kPa,N/A,17767,['C'],A,High Temp Adiabatic Calorimetry,not stated,,,1968
1682.0,39.28,0.7856,None kPa,N/A,17767,['C'],A,High Temp Adiabatic Calorimetry,not stated,,,1968
1722.0,39.57,0.7914,None kPa,N/A,17767,['C'],A,High Temp Adiabatic Calorimetry,not stated,,,1968
1763.0,39.92,0.7984,None kPa,N/A,17767,['C'],A,High Temp Adiabatic Calorimetry,not stated,,,1968
308.2,25.03,0.5006,3.54638 kPa,N/A,36797,['C'],A,Adiabatic calorimeter (non-vacuum) ,"origin: commercial source,99.5 weight %",99.5,Weight %,1964
340.6,25.85,0.517,None kPa,N/A,36797,['C'],A,Adiabatic calorimeter (non-vacuum) ,"origin: commercial source,99.5 weight %",99.5,Weight %,1964
351.0,25.54,0.5108,None kPa,N/A,36797,['C'],A,Adiabatic calorimeter (non-vacuum) ,"origin: commercial source,99.5 weight %",99.5,Weight %,1964
390.4,25.89,0.5178,None kPa,N/A,36797,['C'],A,Adiabatic calorimeter (non-vacuum) ,"origin: commercial source,99.5 weight %",99.5,Weight %,1964
384.0,26.3,0.526,None kPa,N/A,36797,['C'],A,Adiabatic calorimeter (non-vacuum) ,"origin: commercial source,99.5 weight %",99.5,Weight %,1964
429.5,27.56,0.5512,None kPa,N/A,36797,['C'],A,Adiabatic calorimeter (non-vacuum) ,"origin: commercial source,99.5 weight %",99.5,Weight %,1964
510.3,27.9,0.558,None kPa,N/A,36797,['C'],A,Adiabatic calorimeter (non-vacuum) ,"origin: commercial source,99.5 weight %",99.5,Weight %,1964
511.4,28.29,0.5658,None kPa,N/A,36797,['C'],A,Adiabatic calorimeter (non-vacuum) ,"origin: commercial source,99.5 weight %",99.5,Weight %,1964
517.4,28.8,0.576,None kPa,N/A,36797,['C'],A,Adiabatic calorimeter (non-vacuum) ,"origin: commercial source,99.5 weight %",99.5,Weight %,1964
669.4,29.55,0.591,None kPa,N/A,36797,['C'],A,Adiabatic calorimeter (non-vacuum) ,"origin: commercial source,99.5 weight %",99.5,Weight %,1964
671.8,30.35,0.607,None kPa,N/A,36797,['C'],A,Adiabatic calorimeter (non-vacuum) ,"origin: commercial source,99.5 weight %",99.5,Weight %,1964
685.9,30.23,0.6046,None kPa,N/A,36797,['C'],A,Adiabatic calorimeter (non-vacuum) ,"origin: commercial source,99.5 weight %",99.5,Weight %,1964
769.1,30.2,0.604,None kPa,N/A,36797,['C'],A,Adiabatic calorimeter (non-vacuum) ,"origin: commercial source,99.5 weight %",99.5,Weight %,1964
736.4,32.1,0.642,None kPa,N/A,36797,['C'],A,Adiabatic calorimeter (non-vacuum) ,"origin: commercial source,99.5 weight %",99.5,Weight %,1964
755.5,31.85,0.637,None kPa,N/A,36797,['C'],A,Adiabatic calorimeter (non-vacuum) ,"origin: commercial source,99.5 weight %",99.5,Weight %,1964
770.0,32.09,0.6418,None kPa,N/A,36797,['C'],A,Adiabatic calorimeter (non-vacuum) ,"origin: commercial source,99.5 weight %",99.5,Weight %,1964
824.6,32.22,0.6444,None kPa,N/A,36797,['C'],A,Adiabatic calorimeter (non-vacuum) ,"origin: commercial source,99.5 weight %",99.5,Weight %,1964
815.8,32.8,0.656,None kPa,N/A,36797,['C'],A,Adiabatic calorimeter (non-vacuum) ,"origin: commercial source,99.5 weight %",99.5,Weight %,1964
847.5,32.67,0.6534,None kPa,N/A,36797,['C'],A,Adiabatic calorimeter (non-vacuum) ,"origin: commercial source,99.5 weight %",99.5,Weight %,1964
853.7,33.06,0.6612,None kPa,N/A,36797,['C'],A,Adiabatic calorimeter (non-vacuum) ,"origin: commercial source,99.5 weight %",99.5,Weight %,1964
887.1,34.04,0.6808,None kPa,N/A,36797,['C'],A,Adiabatic calorimeter (non-vacuum) ,"origin: commercial source,99.5 weight %",99.5,Weight %,1964
886.9,34.45,0.689,None kPa,N/A,36797,['C'],A,Adiabatic calorimeter (non-vacuum) ,"origin: commercial source,99.5 weight %",99.5,Weight %,1964
902.9,34.71,0.6942,None kPa,N/A,36797,['C'],A,Adiabatic calorimeter (non-vacuum) ,"origin: commercial source,99.5 weight %",99.5,Weight %,1964
907.5,35.03,0.7006,None kPa,N/A,36797,['C'],A,Adiabatic calorimeter (non-vacuum) ,"origin: commercial source,99.5 weight %",99.5,Weight %,1964
939.7,34.93,0.6986,None kPa,N/A,36797,['C'],A,Adiabatic calorimeter (non-vacuum) ,"origin: commercial source,99.5 weight %",99.5,Weight %,1964
939.9,35.4,0.708,None kPa,N/A,36797,['C'],A,Adiabatic calorimeter (non-vacuum) ,"origin: commercial source,99.5 weight %",99.5,Weight %,1964
953.3,36.26,0.7252,None kPa,N/A,36797,['C'],A,Adiabatic calorimeter (non-vacuum) ,"origin: commercial source,99.5 weight %",99.5,Weight %,1964
1008.2,36.66,0.7332,None kPa,N/A,36797,['C'],A,Adiabatic calorimeter (non-vacuum) ,"origin: commercial source,99.5 weight %",99.5,Weight %,1964
1025.3,36.86,0.7372,None kPa,N/A,36797,['C'],A,Adiabatic calorimeter (non-vacuum) ,"origin: commercial source,99.5 weight %",99.5,Weight %,1964
1022.2,37.36,0.7472,None kPa,N/A,36797,['C'],A,Adiabatic calorimeter (non-vacuum) ,"origin: commercial source,99.5 weight %",99.5,Weight %,1964
1006.3,37.46,0.7492,None kPa,N/A,36797,['C'],A,Adiabatic calorimeter (non-vacuum) ,"origin: commercial source,99.5 weight %",99.5,Weight %,1964
1064.1,37.86,0.7572,None kPa,N/A,36797,['C'],A,Adiabatic calorimeter (non-vacuum) ,"origin: commercial source,99.5 weight %",99.5,Weight %,1964
1086.0,38.08,0.7616,None kPa,N/A,36797,['C'],A,Adiabatic calorimeter (non-vacuum) ,"origin: commercial source,99.5 weight %",99.5,Weight %,1964
1115.2,38.84,0.7768,None kPa,N/A,36797,['C'],A,Adiabatic calorimeter (non-vacuum) ,"origin: commercial source,99.5 weight %",99.5,Weight %,1964
1107.8,38.83,0.7766,None kPa,N/A,36797,['C'],A,Adiabatic calorimeter (non-vacuum) ,"origin: commercial source,99.5 weight %",99.5,Weight %,1964
1074.7,38.27,0.7654,None kPa,N/A,36797,['C'],A,Adiabatic calorimeter (non-vacuum) ,"origin: commercial source,99.5 weight %",99.5,Weight %,1964
1215.6,42.45,0.849,None kPa,N/A,36797,['C'],A,Adiabatic calorimeter (non-vacuum) ,"origin: commercial source,99.5 weight %",99.5,Weight %,1964
1270.5,46.3,0.926,None kPa,N/A,36797,['C'],A,Adiabatic calorimeter (non-vacuum) ,"origin: commercial source,99.5 weight %",99.5,Weight %,1964
1298.0,47.34,0.9468,None kPa,N/A,36797,['C'],A,Adiabatic calorimeter (non-vacuum) ,"origin: commercial source,99.5 weight %",99.5,Weight %,1964
1318.5,47.77,0.9554,None kPa,N/A,36797,['C'],A,Adiabatic calorimeter (non-vacuum) ,"origin: commercial source,99.5 weight %",99.5,Weight %,1964
1315.9,48.32,0.9664,None kPa,N/A,36797,['C'],A,Adiabatic calorimeter (non-vacuum) ,"origin: commercial source,99.5 weight %",99.5,Weight %,1964
1383.4,46.88,0.9376,None kPa,N/A,36797,['C'],A,Adiabatic calorimeter (non-vacuum) ,"origin: commercial source,99.5 weight %",99.5,Weight %,1964
1350.3,49.65,0.993,None kPa,N/A,36797,['C'],A,Adiabatic calorimeter (non-vacuum) ,"origin: commercial source,99.5 weight %",99.5,Weight %,1964
1346.1,50.53,1.0106,None kPa,N/A,36797,['C'],A,Adiabatic calorimeter (non-vacuum) ,"origin: commercial source,99.5 weight %",99.5,Weight %,1964
1358.1,51.15,1.023,None kPa,N/A,36797,['C'],A,Adiabatic calorimeter (non-vacuum) ,"origin: commercial source,99.5 weight %",99.5,Weight %,1964
1363.9,51.83,1.0366,None kPa,N/A,36797,['C'],A,Adiabatic calorimeter (non-vacuum) ,"origin: commercial source,99.5 weight %",99.5,Weight %,1964
1353.6,52.02,1.0404,None kPa,N/A,36797,['C'],A,Adiabatic calorimeter (non-vacuum) ,"origin: commercial source,99.5 weight %",99.5,Weight %,1964
1363.3,52.29,1.0458,None kPa,N/A,36797,['C'],A,Adiabatic calorimeter (non-vacuum) ,"origin: commercial source,99.5 weight %",99.5,Weight %,1964
1381.1,52.92,1.0584,None kPa,N/A,36797,['C'],A,Adiabatic calorimeter (non-vacuum) ,"origin: commercial source,99.5 weight %",99.5,Weight %,1964
1362.0,52.65,1.053,None kPa,N/A,36797,['C'],A,Adiabatic calorimeter (non-vacuum) ,"origin: commercial source,99.5 weight %",99.5,Weight %,1964
1369.3,54.99,1.0998,None kPa,N/A,36797,['C'],A,Adiabatic calorimeter (non-vacuum) ,"origin: commercial source,99.5 weight %",99.5,Weight %,1964
1369.9,55.9,1.118,None kPa,N/A,36797,['C'],A,Adiabatic calorimeter (non-vacuum) ,"origin: commercial source,99.5 weight %",99.5,Weight %,1964
1369.7,56.39,1.1278,None kPa,N/A,36797,['C'],A,Adiabatic calorimeter (non-vacuum) ,"origin: commercial source,99.5 weight %",99.5,Weight %,1964
1373.1,57.68,1.1536,None kPa,N/A,36797,['C'],A,Adiabatic calorimeter (non-vacuum) ,"origin: commercial source,99.5 weight %",99.5,Weight %,1964
1381.3,48.8,0.976,None kPa,N/A,36797,['C'],A,Adiabatic calorimeter (non-vacuum) ,"origin: commercial source,99.5 weight %",99.5,Weight %,1964
1381.5,48.52,0.9704,None kPa,N/A,36797,['C'],A,Adiabatic calorimeter (non-vacuum) ,"origin: commercial source,99.5 weight %",99.5,Weight %,1964
1379.1,47.45,0.949,None kPa,N/A,36797,['C'],A,Adiabatic calorimeter (non-vacuum) ,"origin: commercial source,99.5 weight %",99.5,Weight %,1964
1387.6,47.85,0.957,None kPa,N/A,36797,['C'],A,Adiabatic calorimeter (non-vacuum) ,"origin: commercial source,99.5 weight %",99.5,Weight %,1964
1380.4,46.01,0.9202,None kPa,N/A,36797,['C'],A,Adiabatic calorimeter (non-vacuum) ,"origin: commercial source,99.5 weight %",99.5,Weight %,1964
1379.7,45.68,0.9136,None kPa,N/A,36797,['C'],A,Adiabatic calorimeter (non-vacuum) ,"origin: commercial source,99.5 weight %",99.5,Weight %,1964
1388.2,45.32,0.9064,None kPa,N/A,36797,['C'],A,Adiabatic calorimeter (non-vacuum) ,"origin: commercial source,99.5 weight %",99.5,Weight %,1964
1395.3,44.23,0.8846,None kPa,N/A,36797,['C'],A,Adiabatic calorimeter (non-vacuum) ,"origin: commercial source,99.5 weight %",99.5,Weight %,1964
1386.9,44.97,0.8994,None kPa,N/A,36797,['C'],A,Adiabatic calorimeter (non-vacuum) ,"origin: commercial source,99.5 weight %",99.5,Weight %,1964
1401.5,42.85,0.857,None kPa,N/A,36797,['C'],A,Adiabatic calorimeter (non-vacuum) ,"origin: commercial source,99.5 weight %",99.5,Weight %,1964
1398.2,42.51,0.8502,None kPa,N/A,36797,['C'],A,Adiabatic calorimeter (non-vacuum) ,"origin: commercial source,99.5 weight %",99.5,Weight %,1964
1417.4,41.61,0.8322,None kPa,N/A,36797,['C'],A,Adiabatic calorimeter (non-vacuum) ,"origin: commercial source,99.5 weight %",99.5,Weight %,1964
1412.0,41.35,0.827,None kPa,N/A,36797,['C'],A,Adiabatic calorimeter (non-vacuum) ,"origin: commercial source,99.5 weight %",99.5,Weight %,1964
1438.7,41.49,0.8298,None kPa,N/A,36797,['C'],A,Adiabatic calorimeter (non-vacuum) ,"origin: commercial source,99.5 weight %",99.5,Weight %,1964
1435.1,41.09,0.8218,None kPa,N/A,36797,['C'],A,Adiabatic calorimeter (non-vacuum) ,"origin: commercial source,99.5 weight %",99.5,Weight %,1964
1442.7,40.83,0.8166,None kPa,N/A,36797,['C'],A,Adiabatic calorimeter (non-vacuum) ,"origin: commercial source,99.5 weight %",99.5,Weight %,1964
1459.4,40.68,0.8136,None kPa,N/A,36797,['C'],A,Adiabatic calorimeter (non-vacuum) ,"origin: commercial source,99.5 weight %",99.5,Weight %,1964
1461.0,40.25,0.805,None kPa,N/A,36797,['C'],A,Adiabatic calorimeter (non-vacuum) ,"origin: commercial source,99.5 weight %",99.5,Weight %,1964
1547.6,39.65,0.793,None kPa,N/A,36797,['C'],A,Adiabatic calorimeter (non-vacuum) ,"origin: commercial source,99.5 weight %",99.5,Weight %,1964
1608.3,39.2,0.784,None kPa,N/A,36797,['C'],A,Adiabatic calorimeter (non-vacuum) ,"origin: commercial source,99.5 weight %",99.5,Weight %,1964
1665.8,39.73,0.7946,None kPa,N/A,36797,['C'],A,Adiabatic calorimeter (non-vacuum) ,"origin: commercial source,99.5 weight %",99.5,Weight %,1964
1722.5,39.74,0.7948,None kPa,N/A,36797,['C'],A,Adiabatic calorimeter (non-vacuum) ,"origin: commercial source,99.5 weight %",99.5,Weight %,1964
1255.4,44.35,0.887,None kPa,N/A,36797,['C'],A,Adiabatic calorimeter (non-vacuum) ,"origin: commercial source,99.5 weight %",99.5,Weight %,1964
1246.5,44.54,0.8908,None kPa,N/A,36797,['C'],A,Adiabatic calorimeter (non-vacuum) ,"origin: commercial source,99.5 weight %",99.5,Weight %,1964
1295.6,47.06,0.9412,None kPa,N/A,36797,['C'],A,Adiabatic calorimeter (non-vacuum) ,"origin: commercial source,99.5 weight %",99.5,Weight %,1964
464.7,28.13,0.5626,None kPa,N/A,36797,['C'],A,Adiabatic calorimeter (non-vacuum) ,"origin: commercial source,99.5 weight %",99.5,Weight %,1964
1137.4,40.25,0.805,None kPa,N/A,36797,['C'],A,Adiabatic calorimeter (non-vacuum) ,"origin: commercial source,99.5 weight %",99.5,Weight %,1964
969.3,36.26,0.7252,None kPa,N/A,36797,['C'],A,Adiabatic calorimeter (non-vacuum) ,"origin: commercial source,99.5 weight %",99.5,Weight %,1964
940.0,35.67,0.7134,None kPa,N/A,36797,['C'],A,Adiabatic calorimeter (non-vacuum) ,"origin: commercial source,99.5 weight %",99.5,Weight %,1964
952.9,35.64,0.7128,None kPa,N/A,36797,['C'],A,Adiabatic calorimeter (non-vacuum) ,"origin: commercial source,99.5 weight %",99.5,Weight %,1964
732.5,31.2,0.624,3.54638 kPa,N/A,36798,['C'],A,Adiabatic calorimeter (non-vacuum) ,origin: isolated from natual product,,,1964
762.2,30.8,0.616,None kPa,N/A,36798,['C'],A,Adiabatic calorimeter (non-vacuum) ,origin: isolated from natual product,,,1964
797.3,31.68,0.6336,None kPa,N/A,36798,['C'],A,Adiabatic calorimeter (non-vacuum) ,origin: isolated from natual product,,,1964
760.5,32.7,0.654,None kPa,N/A,36798,['C'],A,Adiabatic calorimeter (non-vacuum) ,origin: isolated from natual product,,,1964
814.2,33.07,0.6614,None kPa,N/A,36798,['C'],A,Adiabatic calorimeter (non-vacuum) ,origin: isolated from natual product,,,1964
832.4,33.7,0.674,None kPa,N/A,36798,['C'],A,Adiabatic calorimeter (non-vacuum) ,origin: isolated from natual product,,,1964
864.7,34.54,0.6908,None kPa,N/A,36798,['C'],A,Adiabatic calorimeter (non-vacuum) ,origin: isolated from natual product,,,1964
888.2,34.77,0.6954,None kPa,N/A,36798,['C'],A,Adiabatic calorimeter (non-vacuum) ,origin: isolated from natual product,,,1964
974.2,35.94,0.7188,None kPa,N/A,36798,['C'],A,Adiabatic calorimeter (non-vacuum) ,origin: isolated from natual product,,,1964
1043.2,37.4,0.748,None kPa,N/A,36798,['C'],A,Adiabatic calorimeter (non-vacuum) ,origin: isolated from natual product,,,1964
1036.9,38.19,0.7638,None kPa,N/A,36798,['C'],A,Adiabatic calorimeter (non-vacuum) ,origin: isolated from natual product,,,1964
1067.9,38.92,0.7784,None kPa,N/A,36798,['C'],A,Adiabatic calorimeter (non-vacuum) ,origin: isolated from natual product,,,1964
1084.0,39.29,0.7858,None kPa,N/A,36798,['C'],A,Adiabatic calorimeter (non-vacuum) ,origin: isolated from natual product,,,1964
1117.6,39.31,0.7862,None kPa,N/A,36798,['C'],A,Adiabatic calorimeter (non-vacuum) ,origin: isolated from natual product,,,1964
1139.2,39.93,0.7986,None kPa,N/A,36798,['C'],A,Adiabatic calorimeter (non-vacuum) ,origin: isolated from natual product,,,1964
936.1,35.95,0.719,None kPa,N/A,36798,['C'],A,Adiabatic calorimeter (non-vacuum) ,origin: isolated from natual product,,,1964
1154.8,40.98,0.8196,None kPa,N/A,36798,['C'],A,Adiabatic calorimeter (non-vacuum) ,origin: isolated from natual product,,,1964
1174.4,41.13,0.8226,None kPa,N/A,36798,['C'],A,Adiabatic calorimeter (non-vacuum) ,origin: isolated from natual product,,,1964
1188.0,41.14,0.8228,None kPa,N/A,36798,['C'],A,Adiabatic calorimeter (non-vacuum) ,origin: isolated from natual product,,,1964
1179.3,41.87,0.8374,None kPa,N/A,36798,['C'],A,Adiabatic calorimeter (non-vacuum) ,origin: isolated from natual product,,,1964
1197.6,42.04,0.8408,None kPa,N/A,36798,['C'],A,Adiabatic calorimeter (non-vacuum) ,origin: isolated from natual product,,,1964
1217.9,42.84,0.8568,None kPa,N/A,36798,['C'],A,Adiabatic calorimeter (non-vacuum) ,origin: isolated from natual product,,,1964
1220.0,43.38,0.8676,None kPa,N/A,36798,['C'],A,Adiabatic calorimeter (non-vacuum) ,origin: isolated from natual product,,,1964
1232.2,44.33,0.8866,None kPa,N/A,36798,['C'],A,Adiabatic calorimeter (non-vacuum) ,origin: isolated from natual product,,,1964
1286.7,46.09,0.9218,None kPa,N/A,36798,['C'],A,Adiabatic calorimeter (non-vacuum) ,origin: isolated from natual product,,,1964
1277.9,46.63,0.9326,None kPa,N/A,36798,['C'],A,Adiabatic calorimeter (non-vacuum) ,origin: isolated from natual product,,,1964
1295.1,46.78,0.9356,None kPa,N/A,36798,['C'],A,Adiabatic calorimeter (non-vacuum) ,origin: isolated from natual product,,,1964
1305.8,48.31,0.9662,None kPa,N/A,36798,['C'],A,Adiabatic calorimeter (non-vacuum) ,origin: isolated from natual product,,,1964
1324.0,48.6,0.972,None kPa,N/A,36798,['C'],A,Adiabatic calorimeter (non-vacuum) ,origin: isolated from natual product,,,1964
1345.7,50.07,1.0014,None kPa,N/A,36798,['C'],A,Adiabatic calorimeter (non-vacuum) ,origin: isolated from natual product,,,1964
1337.0,50.28,1.0056,None kPa,N/A,36798,['C'],A,Adiabatic calorimeter (non-vacuum) ,origin: isolated from natual product,,,1964
1346.3,51.61,1.0322,None kPa,N/A,36798,['C'],A,Adiabatic calorimeter (non-vacuum) ,origin: isolated from natual product,,,1964
1359.6,52.93,1.0586,None kPa,N/A,36798,['C'],A,Adiabatic calorimeter (non-vacuum) ,origin: isolated from natual product,,,1964
1380.0,53.83,1.0766,None kPa,N/A,36798,['C'],A,Adiabatic calorimeter (non-vacuum) ,origin: isolated from natual product,,,1964
1365.8,54.11,1.0822,None kPa,N/A,36798,['C'],A,Adiabatic calorimeter (non-vacuum) ,origin: isolated from natual product,,,1964
1366.5,54.55,1.091,None kPa,N/A,36798,['C'],A,Adiabatic calorimeter (non-vacuum) ,origin: isolated from natual product,,,1964
1372.9,55.27,1.1054,None kPa,N/A,36798,['C'],A,Adiabatic calorimeter (non-vacuum) ,origin: isolated from natual product,,,1964
1387.6,50.66,1.0132,None kPa,N/A,36798,['C'],A,Adiabatic calorimeter (non-vacuum) ,origin: isolated from natual product,,,1964
1389.6,46.37,0.9274,None kPa,N/A,36798,['C'],A,Adiabatic calorimeter (non-vacuum) ,origin: isolated from natual product,,,1964
1388.2,44.51,0.8902,None kPa,N/A,36798,['C'],A,Adiabatic calorimeter (non-vacuum) ,origin: isolated from natual product,,,1964
1399.1,44.86,0.8972,None kPa,N/A,36798,['C'],A,Adiabatic calorimeter (non-vacuum) ,origin: isolated from natual product,,,1964
1398.4,43.64,0.8728,None kPa,N/A,36798,['C'],A,Adiabatic calorimeter (non-vacuum) ,origin: isolated from natual product,,,1964
1437.7,42.2,0.844,None kPa,N/A,36798,['C'],A,Adiabatic calorimeter (non-vacuum) ,origin: isolated from natual product,,,1964
1451.2,41.44,0.8288,None kPa,N/A,36798,['C'],A,Adiabatic calorimeter (non-vacuum) ,origin: isolated from natual product,,,1964
1462.4,41.19,0.8238,None kPa,N/A,36798,['C'],A,Adiabatic calorimeter (non-vacuum) ,origin: isolated from natual product,,,1964
1484.5,40.95,0.819,None kPa,N/A,36798,['C'],A,Adiabatic calorimeter (non-vacuum) ,origin: isolated from natual product,,,1964
1477.3,39.79,0.7958,None kPa,N/A,36798,['C'],A,Adiabatic calorimeter (non-vacuum) ,origin: isolated from natual product,,,1964
1484.2,39.62,0.7924,None kPa,N/A,36798,['C'],A,Adiabatic calorimeter (non-vacuum) ,origin: isolated from natual product,,,1964
1513.3,40.11,0.8022,None kPa,N/A,36798,['C'],A,Adiabatic calorimeter (non-vacuum) ,origin: isolated from natual product,,,1964
1530.4,40.1,0.802,None kPa,N/A,36798,['C'],A,Adiabatic calorimeter (non-vacuum) ,origin: isolated from natual product,,,1964
1568.7,39.83,0.7966,None kPa,N/A,36798,['C'],A,Adiabatic calorimeter (non-vacuum) ,origin: isolated from natual product,,,1964
1587.1,39.23,0.7846,None kPa,N/A,36798,['C'],A,Adiabatic calorimeter (non-vacuum) ,origin: isolated from natual product,,,1964
1623.6,39.14,0.7828,None kPa,N/A,36798,['C'],A,Adiabatic calorimeter (non-vacuum) ,origin: isolated from natual product,,,1964
1662.5,39.28,0.7856,None kPa,N/A,36798,['C'],A,Adiabatic calorimeter (non-vacuum) ,origin: isolated from natual product,,,1964
1700.2,39.21,0.7842,None kPa,N/A,36798,['C'],A,Adiabatic calorimeter (non-vacuum) ,origin: isolated from natual product,,,1964
1726.0,39.31,0.7862,None kPa,N/A,36798,['C'],A,Adiabatic calorimeter (non-vacuum) ,origin: isolated from natual product,,,1964
317.2,25.38,0.5076,None kPa,N/A,36798,['C'],A,Adiabatic calorimeter (non-vacuum) ,origin: isolated from natual product,,,1964
336.0,25.24,0.5048,None kPa,N/A,36798,['C'],A,Adiabatic calorimeter (non-vacuum) ,origin: isolated from natual product,,,1964
372.8,26.87,0.5374,None kPa,N/A,36798,['C'],A,Adiabatic calorimeter (non-vacuum) ,origin: isolated from natual product,,,1964
399.5,26.82,0.5364,None kPa,N/A,36798,['C'],A,Adiabatic calorimeter (non-vacuum) ,origin: isolated from natual product,,,1964
421.4,26.49,0.5298,None kPa,N/A,36798,['C'],A,Adiabatic calorimeter (non-vacuum) ,origin: isolated from natual product,,,1964
417.6,26.94,0.5388,None kPa,N/A,36798,['C'],A,Adiabatic calorimeter (non-vacuum) ,origin: isolated from natual product,,,1964
457.6,26.85,0.537,None kPa,N/A,36798,['C'],A,Adiabatic calorimeter (non-vacuum) ,origin: isolated from natual product,,,1964
483.2,27.6,0.552,None kPa,N/A,36798,['C'],A,Adiabatic calorimeter (non-vacuum) ,origin: isolated from natual product,,,1964
556.8,28.42,0.5684,None kPa,N/A,36798,['C'],A,Adiabatic calorimeter (non-vacuum) ,origin: isolated from natual product,,,1964
537.1,28.42,0.5684,None kPa,N/A,36798,['C'],A,Adiabatic calorimeter (non-vacuum) ,origin: isolated from natual product,,,1964
449.2,27.07,0.5414,None kPa,N/A,36798,['C'],A,Adiabatic calorimeter (non-vacuum) ,origin: isolated from natual product,,,1964
458.0,27.22,0.5444,None kPa,N/A,36798,['C'],A,Adiabatic calorimeter (non-vacuum) ,origin: isolated from natual product,,,1964
452.4,27.52,0.5504,None kPa,N/A,36798,['C'],A,Adiabatic calorimeter (non-vacuum) ,origin: isolated from natual product,,,1964
532.0,29.46,0.5892,None kPa,N/A,36798,['C'],A,Adiabatic calorimeter (non-vacuum) ,origin: isolated from natual product,,,1964
583.6,29.66,0.5932,None kPa,N/A,36798,['C'],A,Adiabatic calorimeter (non-vacuum) ,origin: isolated from natual product,,,1964
589.5,28.88,0.5776,None kPa,N/A,36798,['C'],A,Adiabatic calorimeter (non-vacuum) ,origin: isolated from natual product,,,1964
571.9,28.79,0.5758,None kPa,N/A,36798,['C'],A,Adiabatic calorimeter (non-vacuum) ,origin: isolated from natual product,,,1964
615.6,28.99,0.5798,None kPa,N/A,36798,['C'],A,Adiabatic calorimeter (non-vacuum) ,origin: isolated from natual product,,,1964
602.7,29.95,0.599,None kPa,N/A,36798,['C'],A,Adiabatic calorimeter (non-vacuum) ,origin: isolated from natual product,,,1964
638.8,29.74,0.5948,None kPa,N/A,36798,['C'],A,Adiabatic calorimeter (non-vacuum) ,origin: isolated from natual product,,,1964
631.3,29.78,0.5956,None kPa,N/A,36798,['C'],A,Adiabatic calorimeter (non-vacuum) ,origin: isolated from natual product,,,1964
630.8,30.11,0.6022,None kPa,N/A,36798,['C'],A,Adiabatic calorimeter (non-vacuum) ,origin: isolated from natual product,,,1964
684.7,29.87,0.5974,None kPa,N/A,36798,['C'],A,Adiabatic calorimeter (non-vacuum) ,origin: isolated from natual product,,,1964
748.6,30.12,0.6024,None kPa,N/A,36798,['C'],A,Adiabatic calorimeter (non-vacuum) ,origin: isolated from natual product,,,1964
741.8,30.7,0.614,None kPa,N/A,36798,['C'],A,Adiabatic calorimeter (non-vacuum) ,origin: isolated from natual product,,,1964
727.8,30.78,0.6156,None kPa,N/A,36798,['C'],A,Adiabatic calorimeter (non-vacuum) ,origin: isolated from natual product,,,1964
566.4,29.17,0.5834,None kPa,N/A,36798,['C'],A,Adiabatic calorimeter (non-vacuum) ,origin: isolated from natual product,,,1964
1122.7,40.29,0.8058,None kPa,N/A,36798,['C'],A,Adiabatic calorimeter (non-vacuum) ,origin: isolated from natual product,,,1964
1129.7,40.54,0.8108,None kPa,N/A,36798,['C'],A,Adiabatic calorimeter (non-vacuum) ,origin: isolated from natual product,,,1964
1248.6,45.0,0.9,None kPa,N/A,36798,['C'],A,Adiabatic calorimeter (non-vacuum) ,origin: isolated from natual product,,,1964
1270.6,45.96,0.9192,None kPa,N/A,36798,['C'],A,Adiabatic calorimeter (non-vacuum) ,origin: isolated from natual product,,,1964
