Temperature: K,Heat capacity at constant pressure Cp: J/K/mol,Uncertainty,Pressure,Ref Temp,Data Set ID,State,Representation,Method,Description,Purity,Purity Units,Year
56.1,2.65266,0.0530531,None kPa,N/A,4789,['C'],A,Vacuum adiabatic calorimetry,"origin: commercial source,99.35 % (total),",99.35,Not Specified %,1937
59.5,3.14637,0.0629274,None kPa,N/A,4789,['C'],A,Vacuum adiabatic calorimetry,"origin: commercial source,99.35 % (total),",99.35,Not Specified %,1937
61.1,3.39322,0.0678645,None kPa,N/A,4789,['C'],A,Vacuum adiabatic calorimetry,"origin: commercial source,99.35 % (total),",99.35,Not Specified %,1937
63.5,3.56058,0.0712117,None kPa,N/A,4789,['C'],A,Vacuum adiabatic calorimetry,"origin: commercial source,99.35 % (total),",99.35,Not Specified %,1937
66.9,4.35973,0.0871946,None kPa,N/A,4789,['C'],A,Vacuum adiabatic calorimetry,"origin: commercial source,99.35 % (total),",99.35,Not Specified %,1937
68.0,4.54801,0.0909602,None kPa,N/A,4789,['C'],A,Vacuum adiabatic calorimetry,"origin: commercial source,99.35 % (total),",99.35,Not Specified %,1937
72.4,5.2551,0.105102,None kPa,N/A,4789,['C'],A,Vacuum adiabatic calorimetry,"origin: commercial source,99.35 % (total),",99.35,Not Specified %,1937
74.2,5.67769,0.113554,None kPa,N/A,4789,['C'],A,Vacuum adiabatic calorimetry,"origin: commercial source,99.35 % (total),",99.35,Not Specified %,1937
81.6,6.88686,0.137737,None kPa,N/A,4789,['C'],A,Vacuum adiabatic calorimetry,"origin: commercial source,99.35 % (total),",99.35,Not Specified %,1937
84.8,7.43078,0.148616,None kPa,N/A,4789,['C'],A,Vacuum adiabatic calorimetry,"origin: commercial source,99.35 % (total),",99.35,Not Specified %,1937
93.2,8.84498,0.1769,None kPa,N/A,4789,['C'],A,Vacuum adiabatic calorimetry,"origin: commercial source,99.35 % (total),",99.35,Not Specified %,1937
96.1,9.35961,0.187192,None kPa,N/A,4789,['C'],A,Vacuum adiabatic calorimetry,"origin: commercial source,99.35 % (total),",99.35,Not Specified %,1937
105.8,10.9746,0.219493,None kPa,N/A,4789,['C'],A,Vacuum adiabatic calorimetry,"origin: commercial source,99.35 % (total),",99.35,Not Specified %,1937
123.1,12.665,0.253299,None kPa,N/A,4789,['C'],A,Vacuum adiabatic calorimetry,"origin: commercial source,99.35 % (total),",99.35,Not Specified %,1937
141.6,15.5436,0.310871,None kPa,N/A,4789,['C'],A,Vacuum adiabatic calorimetry,"origin: commercial source,99.35 % (total),",99.35,Not Specified %,1937
162.9,17.4891,0.349782,None kPa,N/A,4789,['C'],A,Vacuum adiabatic calorimetry,"origin: commercial source,99.35 % (total),",99.35,Not Specified %,1937
181.6,18.8615,0.377229,None kPa,N/A,4789,['C'],A,Vacuum adiabatic calorimetry,"origin: commercial source,99.35 % (total),",99.35,Not Specified %,1937
200.1,20.1501,0.403003,None kPa,N/A,4789,['C'],A,Vacuum adiabatic calorimetry,"origin: commercial source,99.35 % (total),",99.35,Not Specified %,1937
222.1,21.0999,0.421998,None kPa,N/A,4789,['C'],A,Vacuum adiabatic calorimetry,"origin: commercial source,99.35 % (total),",99.35,Not Specified %,1937
244.1,21.9409,0.438818,None kPa,N/A,4789,['C'],A,Vacuum adiabatic calorimetry,"origin: commercial source,99.35 % (total),",99.35,Not Specified %,1937
274.0,22.7693,0.455387,None kPa,N/A,4789,['C'],A,Vacuum adiabatic calorimetry,"origin: commercial source,99.35 % (total),",99.35,Not Specified %,1937
281.5,22.9241,0.458483,None kPa,N/A,4789,['C'],A,Vacuum adiabatic calorimetry,"origin: commercial source,99.35 % (total),",99.35,Not Specified %,1937
291.1,23.1877,0.463755,None kPa,N/A,4789,['C'],A,Vacuum adiabatic calorimetry,"origin: commercial source,99.35 % (total),",99.35,Not Specified %,1937
305.61,23.4137,0.234137,101 kPa,N/A,6418,['C'],A,Vacuum adiabatic calorimetry,"origin: commercial source,99.9 % (total),estimated by the compiler,plate",99.9,Not Specified %,1950
320.51,23.853,0.23853,None kPa,N/A,6418,['C'],A,Vacuum adiabatic calorimetry,"origin: commercial source,99.9 % (total),estimated by the compiler,plate",99.9,Not Specified %,1950
338.83,24.0413,0.240413,None kPa,N/A,6418,['C'],A,Vacuum adiabatic calorimetry,"origin: commercial source,99.9 % (total),estimated by the compiler,plate",99.9,Not Specified %,1950
358.7,24.7023,0.247023,None kPa,N/A,6418,['C'],A,Vacuum adiabatic calorimetry,"origin: commercial source,99.9 % (total),estimated by the compiler,plate",99.9,Not Specified %,1950
383.05,25.4806,0.254806,None kPa,N/A,6418,['C'],A,Vacuum adiabatic calorimetry,"origin: commercial source,99.9 % (total),estimated by the compiler,plate",99.9,Not Specified %,1950
405.05,25.9952,0.259952,None kPa,N/A,6418,['C'],A,Vacuum adiabatic calorimetry,"origin: commercial source,99.9 % (total),estimated by the compiler,plate",99.9,Not Specified %,1950
443.45,26.1374,0.261374,None kPa,N/A,6418,['C'],A,Vacuum adiabatic calorimetry,"origin: commercial source,99.9 % (total),estimated by the compiler,plate",99.9,Not Specified %,1950
466.95,26.4931,0.264931,None kPa,N/A,6418,['C'],A,Vacuum adiabatic calorimetry,"origin: commercial source,99.9 % (total),estimated by the compiler,plate",99.9,Not Specified %,1950
478.45,26.7567,0.267567,None kPa,N/A,6418,['C'],A,Vacuum adiabatic calorimetry,"origin: commercial source,99.9 % (total),estimated by the compiler,plate",99.9,Not Specified %,1950
511.25,26.627,0.26627,None kPa,N/A,6418,['C'],A,Vacuum adiabatic calorimetry,"origin: commercial source,99.9 % (total),estimated by the compiler,plate",99.9,Not Specified %,1950
527.05,27.5516,0.275516,None kPa,N/A,6418,['C'],A,Vacuum adiabatic calorimetry,"origin: commercial source,99.9 % (total),estimated by the compiler,plate",99.9,Not Specified %,1950
544.75,27.6646,0.276646,None kPa,N/A,6418,['C'],A,Vacuum adiabatic calorimetry,"origin: commercial source,99.9 % (total),estimated by the compiler,plate",99.9,Not Specified %,1950
584.95,27.6479,0.276479,None kPa,N/A,6418,['C'],A,Vacuum adiabatic calorimetry,"origin: commercial source,99.9 % (total),estimated by the compiler,plate",99.9,Not Specified %,1950
624.75,27.7357,0.277357,None kPa,N/A,6418,['C'],A,Vacuum adiabatic calorimetry,"origin: commercial source,99.9 % (total),estimated by the compiler,plate",99.9,Not Specified %,1950
662.75,27.9533,0.279533,None kPa,N/A,6418,['C'],A,Vacuum adiabatic calorimetry,"origin: commercial source,99.9 % (total),estimated by the compiler,plate",99.9,Not Specified %,1950
699.35,28.3633,0.283633,None kPa,N/A,6418,['C'],A,Vacuum adiabatic calorimetry,"origin: commercial source,99.9 % (total),estimated by the compiler,plate",99.9,Not Specified %,1950
744.45,28.0579,0.280579,None kPa,N/A,6418,['C'],A,Vacuum adiabatic calorimetry,"origin: commercial source,99.9 % (total),estimated by the compiler,plate",99.9,Not Specified %,1950
771.75,28.4135,0.284135,None kPa,N/A,6418,['C'],A,Vacuum adiabatic calorimetry,"origin: commercial source,99.9 % (total),estimated by the compiler,plate",99.9,Not Specified %,1950
799.05,29.38,0.2938,None kPa,N/A,6418,['C'],A,Vacuum adiabatic calorimetry,"origin: commercial source,99.9 % (total),estimated by the compiler,plate",99.9,Not Specified %,1950
829.15,29.6604,0.296604,None kPa,N/A,6418,['C'],A,Vacuum adiabatic calorimetry,"origin: commercial source,99.9 % (total),estimated by the compiler,plate",99.9,Not Specified %,1950
863.05,29.6813,0.296813,None kPa,N/A,6418,['C'],A,Vacuum adiabatic calorimetry,"origin: commercial source,99.9 % (total),estimated by the compiler,plate",99.9,Not Specified %,1950
900.15,30.0955,0.300955,None kPa,N/A,6418,['C'],A,Vacuum adiabatic calorimetry,"origin: commercial source,99.9 % (total),estimated by the compiler,plate",99.9,Not Specified %,1950
948.75,30.9825,0.309825,None kPa,N/A,6418,['C'],A,Vacuum adiabatic calorimetry,"origin: commercial source,99.9 % (total),estimated by the compiler,plate",99.9,Not Specified %,1950
968.65,31.1415,0.311415,None kPa,N/A,6418,['C'],A,Vacuum adiabatic calorimetry,"origin: commercial source,99.9 % (total),estimated by the compiler,plate",99.9,Not Specified %,1950
998.95,30.9658,0.309658,None kPa,N/A,6418,['C'],A,Vacuum adiabatic calorimetry,"origin: commercial source,99.9 % (total),estimated by the compiler,plate",99.9,Not Specified %,1950
1028.75,31.7984,0.317984,None kPa,N/A,6418,['C'],A,Vacuum adiabatic calorimetry,"origin: commercial source,99.9 % (total),estimated by the compiler,plate",99.9,Not Specified %,1950
1070.15,32.6059,0.326059,None kPa,N/A,6418,['C'],A,Vacuum adiabatic calorimetry,"origin: commercial source,99.9 % (total),estimated by the compiler,plate",99.9,Not Specified %,1950
20.0,0.11757,0.0011757,None kPa,N/A,8962,['C'],A,Calculated from Debye's and Electronic Coefficient,"origin: commercial source,99.98 %",99.98,Not Specified %,1955
1.782,0.002544,2.544e-05,None kPa,N/A,9213,['C'],A,Vacuum adiabatic calorimetry,"origin: commercial source,99.998 % (total),stated by supplier,rod",99.998,Not Specified %,1956
1.866,0.002656,2.656e-05,None kPa,N/A,9213,['C'],A,Vacuum adiabatic calorimetry,"origin: commercial source,99.998 % (total),stated by supplier,rod",99.998,Not Specified %,1956
1.91,0.002752,2.752e-05,None kPa,N/A,9213,['C'],A,Vacuum adiabatic calorimetry,"origin: commercial source,99.998 % (total),stated by supplier,rod",99.998,Not Specified %,1956
1.999,0.002882,2.882e-05,None kPa,N/A,9213,['C'],A,Vacuum adiabatic calorimetry,"origin: commercial source,99.998 % (total),stated by supplier,rod",99.998,Not Specified %,1956
2.091,0.002991,2.991e-05,None kPa,N/A,9213,['C'],A,Vacuum adiabatic calorimetry,"origin: commercial source,99.998 % (total),stated by supplier,rod",99.998,Not Specified %,1956
2.198,0.003178,3.178e-05,None kPa,N/A,9213,['C'],A,Vacuum adiabatic calorimetry,"origin: commercial source,99.998 % (total),stated by supplier,rod",99.998,Not Specified %,1956
2.322,0.003367,3.367e-05,None kPa,N/A,9213,['C'],A,Vacuum adiabatic calorimetry,"origin: commercial source,99.998 % (total),stated by supplier,rod",99.998,Not Specified %,1956
2.47,0.003574,3.574e-05,None kPa,N/A,9213,['C'],A,Vacuum adiabatic calorimetry,"origin: commercial source,99.998 % (total),stated by supplier,rod",99.998,Not Specified %,1956
2.54,0.003711,3.711e-05,None kPa,N/A,9213,['C'],A,Vacuum adiabatic calorimetry,"origin: commercial source,99.998 % (total),stated by supplier,rod",99.998,Not Specified %,1956
2.639,0.003859,3.859e-05,None kPa,N/A,9213,['C'],A,Vacuum adiabatic calorimetry,"origin: commercial source,99.998 % (total),stated by supplier,rod",99.998,Not Specified %,1956
2.705,0.003977,3.977e-05,None kPa,N/A,9213,['C'],A,Vacuum adiabatic calorimetry,"origin: commercial source,99.998 % (total),stated by supplier,rod",99.998,Not Specified %,1956
2.829,0.004153,4.153e-05,None kPa,N/A,9213,['C'],A,Vacuum adiabatic calorimetry,"origin: commercial source,99.998 % (total),stated by supplier,rod",99.998,Not Specified %,1956
2.89,0.004209,4.209e-05,None kPa,N/A,9213,['C'],A,Vacuum adiabatic calorimetry,"origin: commercial source,99.998 % (total),stated by supplier,rod",99.998,Not Specified %,1956
3.022,0.004464,4.464e-05,None kPa,N/A,9213,['C'],A,Vacuum adiabatic calorimetry,"origin: commercial source,99.998 % (total),stated by supplier,rod",99.998,Not Specified %,1956
3.08,0.004542,4.542e-05,None kPa,N/A,9213,['C'],A,Vacuum adiabatic calorimetry,"origin: commercial source,99.998 % (total),stated by supplier,rod",99.998,Not Specified %,1956
3.227,0.004776,4.776e-05,None kPa,N/A,9213,['C'],A,Vacuum adiabatic calorimetry,"origin: commercial source,99.998 % (total),stated by supplier,rod",99.998,Not Specified %,1956
3.262,0.004836,4.836e-05,None kPa,N/A,9213,['C'],A,Vacuum adiabatic calorimetry,"origin: commercial source,99.998 % (total),stated by supplier,rod",99.998,Not Specified %,1956
3.338,0.004977,4.977e-05,None kPa,N/A,9213,['C'],A,Vacuum adiabatic calorimetry,"origin: commercial source,99.998 % (total),stated by supplier,rod",99.998,Not Specified %,1956
3.448,0.00513,5.13e-05,None kPa,N/A,9213,['C'],A,Vacuum adiabatic calorimetry,"origin: commercial source,99.998 % (total),stated by supplier,rod",99.998,Not Specified %,1956
3.493,0.005227,5.227e-05,None kPa,N/A,9213,['C'],A,Vacuum adiabatic calorimetry,"origin: commercial source,99.998 % (total),stated by supplier,rod",99.998,Not Specified %,1956
3.555,0.005294,5.294e-05,None kPa,N/A,9213,['C'],A,Vacuum adiabatic calorimetry,"origin: commercial source,99.998 % (total),stated by supplier,rod",99.998,Not Specified %,1956
3.682,0.005559,5.559e-05,None kPa,N/A,9213,['C'],A,Vacuum adiabatic calorimetry,"origin: commercial source,99.998 % (total),stated by supplier,rod",99.998,Not Specified %,1956
3.77,0.005739,5.739e-05,None kPa,N/A,9213,['C'],A,Vacuum adiabatic calorimetry,"origin: commercial source,99.998 % (total),stated by supplier,rod",99.998,Not Specified %,1956
3.927,0.006018,6.018e-05,None kPa,N/A,9213,['C'],A,Vacuum adiabatic calorimetry,"origin: commercial source,99.998 % (total),stated by supplier,rod",99.998,Not Specified %,1956
3.952,0.006059,6.059e-05,None kPa,N/A,9213,['C'],A,Vacuum adiabatic calorimetry,"origin: commercial source,99.998 % (total),stated by supplier,rod",99.998,Not Specified %,1956
4.006,0.006144,6.144e-05,None kPa,N/A,9213,['C'],A,Vacuum adiabatic calorimetry,"origin: commercial source,99.998 % (total),stated by supplier,rod",99.998,Not Specified %,1956
4.13,0.006331,6.331e-05,None kPa,N/A,9213,['C'],A,Vacuum adiabatic calorimetry,"origin: commercial source,99.998 % (total),stated by supplier,rod",99.998,Not Specified %,1956
4.157,0.006367,6.367e-05,None kPa,N/A,9213,['C'],A,Vacuum adiabatic calorimetry,"origin: commercial source,99.998 % (total),stated by supplier,rod",99.998,Not Specified %,1956
267.793,22.7412,0.227412,None kPa,N/A,11097,['C'],A,Vacuum adiabatic calorimetry,"not stated,99.998 % (total),,rod",99.998,Not Specified %,1960
269.407,22.7682,0.227682,None kPa,N/A,11097,['C'],A,Vacuum adiabatic calorimetry,"not stated,99.998 % (total),,rod",99.998,Not Specified %,1960
271.009,22.7769,0.227769,None kPa,N/A,11097,['C'],A,Vacuum adiabatic calorimetry,"not stated,99.998 % (total),,rod",99.998,Not Specified %,1960
272.593,22.888,0.22888,None kPa,N/A,11097,['C'],A,Vacuum adiabatic calorimetry,"not stated,99.998 % (total),,rod",99.998,Not Specified %,1960
274.221,22.9301,0.229301,None kPa,N/A,11097,['C'],A,Vacuum adiabatic calorimetry,"not stated,99.998 % (total),,rod",99.998,Not Specified %,1960
275.786,22.9933,0.229933,None kPa,N/A,11097,['C'],A,Vacuum adiabatic calorimetry,"not stated,99.998 % (total),,rod",99.998,Not Specified %,1960
277.356,23.0159,0.230159,None kPa,N/A,11097,['C'],A,Vacuum adiabatic calorimetry,"not stated,99.998 % (total),,rod",99.998,Not Specified %,1960
278.979,23.0302,0.230302,None kPa,N/A,11097,['C'],A,Vacuum adiabatic calorimetry,"not stated,99.998 % (total),,rod",99.998,Not Specified %,1960
280.586,23.1398,0.231398,None kPa,N/A,11097,['C'],A,Vacuum adiabatic calorimetry,"not stated,99.998 % (total),,rod",99.998,Not Specified %,1960
282.224,23.1585,0.231585,None kPa,N/A,11097,['C'],A,Vacuum adiabatic calorimetry,"not stated,99.998 % (total),,rod",99.998,Not Specified %,1960
283.802,23.1966,0.231966,None kPa,N/A,11097,['C'],A,Vacuum adiabatic calorimetry,"not stated,99.998 % (total),,rod",99.998,Not Specified %,1960
284.634,23.1964,0.231964,None kPa,N/A,11097,['C'],A,Vacuum adiabatic calorimetry,"not stated,99.998 % (total),,rod",99.998,Not Specified %,1960
286.622,23.3617,0.233617,None kPa,N/A,11097,['C'],A,Vacuum adiabatic calorimetry,"not stated,99.998 % (total),,rod",99.998,Not Specified %,1960
288.651,23.2905,0.232905,None kPa,N/A,11097,['C'],A,Vacuum adiabatic calorimetry,"not stated,99.998 % (total),,rod",99.998,Not Specified %,1960
290.822,23.3658,0.233658,None kPa,N/A,11097,['C'],A,Vacuum adiabatic calorimetry,"not stated,99.998 % (total),,rod",99.998,Not Specified %,1960
293.092,23.445,0.23445,None kPa,N/A,11097,['C'],A,Vacuum adiabatic calorimetry,"not stated,99.998 % (total),,rod",99.998,Not Specified %,1960
295.351,23.516,0.23516,None kPa,N/A,11097,['C'],A,Vacuum adiabatic calorimetry,"not stated,99.998 % (total),,rod",99.998,Not Specified %,1960
297.604,23.5994,0.235994,None kPa,N/A,11097,['C'],A,Vacuum adiabatic calorimetry,"not stated,99.998 % (total),,rod",99.998,Not Specified %,1960
297.882,23.575,0.23575,None kPa,N/A,11097,['C'],A,Vacuum adiabatic calorimetry,"not stated,99.998 % (total),,rod",99.998,Not Specified %,1960
299.254,23.6128,0.236128,None kPa,N/A,11097,['C'],A,Vacuum adiabatic calorimetry,"not stated,99.998 % (total),,rod",99.998,Not Specified %,1960
299.834,23.6735,0.236735,None kPa,N/A,11097,['C'],A,Vacuum adiabatic calorimetry,"not stated,99.998 % (total),,rod",99.998,Not Specified %,1960
300.659,23.6402,0.236402,None kPa,N/A,11097,['C'],A,Vacuum adiabatic calorimetry,"not stated,99.998 % (total),,rod",99.998,Not Specified %,1960
301.045,23.6165,0.236165,None kPa,N/A,11097,['C'],A,Vacuum adiabatic calorimetry,"not stated,99.998 % (total),,rod",99.998,Not Specified %,1960
302.059,23.7617,0.237617,None kPa,N/A,11097,['C'],A,Vacuum adiabatic calorimetry,"not stated,99.998 % (total),,rod",99.998,Not Specified %,1960
302.256,23.8386,0.238386,None kPa,N/A,11097,['C'],A,Vacuum adiabatic calorimetry,"not stated,99.998 % (total),,rod",99.998,Not Specified %,1960
303.366,23.8125,0.238125,None kPa,N/A,11097,['C'],A,Vacuum adiabatic calorimetry,"not stated,99.998 % (total),,rod",99.998,Not Specified %,1960
303.38,23.7663,0.237662,None kPa,N/A,11097,['C'],A,Vacuum adiabatic calorimetry,"not stated,99.998 % (total),,rod",99.998,Not Specified %,1960
304.558,23.8673,0.238673,None kPa,N/A,11097,['C'],A,Vacuum adiabatic calorimetry,"not stated,99.998 % (total),,rod",99.998,Not Specified %,1960
304.834,23.811,0.23811,None kPa,N/A,11097,['C'],A,Vacuum adiabatic calorimetry,"not stated,99.998 % (total),,rod",99.998,Not Specified %,1960
305.681,23.8887,0.238887,None kPa,N/A,11097,['C'],A,Vacuum adiabatic calorimetry,"not stated,99.998 % (total),,rod",99.998,Not Specified %,1960
306.056,23.9338,0.239338,None kPa,N/A,11097,['C'],A,Vacuum adiabatic calorimetry,"not stated,99.998 % (total),,rod",99.998,Not Specified %,1960
306.844,23.9954,0.239954,None kPa,N/A,11097,['C'],A,Vacuum adiabatic calorimetry,"not stated,99.998 % (total),,rod",99.998,Not Specified %,1960
308.473,24.0192,0.240192,None kPa,N/A,11097,['C'],A,Vacuum adiabatic calorimetry,"not stated,99.998 % (total),,rod",99.998,Not Specified %,1960
309.071,24.1395,0.241395,None kPa,N/A,11097,['C'],A,Vacuum adiabatic calorimetry,"not stated,99.998 % (total),,rod",99.998,Not Specified %,1960
309.623,24.1578,0.241578,None kPa,N/A,11097,['C'],A,Vacuum adiabatic calorimetry,"not stated,99.998 % (total),,rod",99.998,Not Specified %,1960
310.232,24.298,0.24298,None kPa,N/A,11097,['C'],A,Vacuum adiabatic calorimetry,"not stated,99.998 % (total),,rod",99.998,Not Specified %,1960
310.716,24.3132,0.243132,None kPa,N/A,11097,['C'],A,Vacuum adiabatic calorimetry,"not stated,99.998 % (total),,rod",99.998,Not Specified %,1960
311.326,24.3593,0.243593,None kPa,N/A,11097,['C'],A,Vacuum adiabatic calorimetry,"not stated,99.998 % (total),,rod",99.998,Not Specified %,1960
311.557,24.1852,0.241852,None kPa,N/A,11097,['C'],A,Vacuum adiabatic calorimetry,"not stated,99.998 % (total),,rod",99.998,Not Specified %,1960
311.863,24.0548,0.240548,None kPa,N/A,11097,['C'],A,Vacuum adiabatic calorimetry,"not stated,99.998 % (total),,rod",99.998,Not Specified %,1960
312.133,24.0102,0.240102,None kPa,N/A,11097,['C'],A,Vacuum adiabatic calorimetry,"not stated,99.998 % (total),,rod",99.998,Not Specified %,1960
312.51,23.9294,0.239294,None kPa,N/A,11097,['C'],A,Vacuum adiabatic calorimetry,"not stated,99.998 % (total),,rod",99.998,Not Specified %,1960
312.702,23.8412,0.238412,None kPa,N/A,11097,['C'],A,Vacuum adiabatic calorimetry,"not stated,99.998 % (total),,rod",99.998,Not Specified %,1960
313.032,23.8876,0.238876,None kPa,N/A,11097,['C'],A,Vacuum adiabatic calorimetry,"not stated,99.998 % (total),,rod",99.998,Not Specified %,1960
313.37,23.8247,0.238247,None kPa,N/A,11097,['C'],A,Vacuum adiabatic calorimetry,"not stated,99.998 % (total),,rod",99.998,Not Specified %,1960
313.542,23.7367,0.237367,None kPa,N/A,11097,['C'],A,Vacuum adiabatic calorimetry,"not stated,99.998 % (total),,rod",99.998,Not Specified %,1960
314.144,23.7509,0.237509,None kPa,N/A,11097,['C'],A,Vacuum adiabatic calorimetry,"not stated,99.998 % (total),,rod",99.998,Not Specified %,1960
314.729,23.7621,0.237621,None kPa,N/A,11097,['C'],A,Vacuum adiabatic calorimetry,"not stated,99.998 % (total),,rod",99.998,Not Specified %,1960
315.272,23.8563,0.238563,None kPa,N/A,11097,['C'],A,Vacuum adiabatic calorimetry,"not stated,99.998 % (total),,rod",99.998,Not Specified %,1960
315.907,23.792,0.23792,None kPa,N/A,11097,['C'],A,Vacuum adiabatic calorimetry,"not stated,99.998 % (total),,rod",99.998,Not Specified %,1960
316.528,23.8531,0.238531,None kPa,N/A,11097,['C'],A,Vacuum adiabatic calorimetry,"not stated,99.998 % (total),,rod",99.998,Not Specified %,1960
317.074,23.8278,0.238278,None kPa,N/A,11097,['C'],A,Vacuum adiabatic calorimetry,"not stated,99.998 % (total),,rod",99.998,Not Specified %,1960
317.635,23.8926,0.238926,None kPa,N/A,11097,['C'],A,Vacuum adiabatic calorimetry,"not stated,99.998 % (total),,rod",99.998,Not Specified %,1960
318.186,23.8742,0.238742,None kPa,N/A,11097,['C'],A,Vacuum adiabatic calorimetry,"not stated,99.998 % (total),,rod",99.998,Not Specified %,1960
318.778,23.8619,0.238619,None kPa,N/A,11097,['C'],A,Vacuum adiabatic calorimetry,"not stated,99.998 % (total),,rod",99.998,Not Specified %,1960
319.396,23.8021,0.238021,None kPa,N/A,11097,['C'],A,Vacuum adiabatic calorimetry,"not stated,99.998 % (total),,rod",99.998,Not Specified %,1960
320.474,23.8932,0.238932,None kPa,N/A,11097,['C'],A,Vacuum adiabatic calorimetry,"not stated,99.998 % (total),,rod",99.998,Not Specified %,1960
321.65,23.914,0.23914,None kPa,N/A,11097,['C'],A,Vacuum adiabatic calorimetry,"not stated,99.998 % (total),,rod",99.998,Not Specified %,1960
322.748,23.9721,0.239721,None kPa,N/A,11097,['C'],A,Vacuum adiabatic calorimetry,"not stated,99.998 % (total),,rod",99.998,Not Specified %,1960
323.939,23.9711,0.239711,None kPa,N/A,11097,['C'],A,Vacuum adiabatic calorimetry,"not stated,99.998 % (total),,rod",99.998,Not Specified %,1960
20.0,0.161921,0.00647683,None kPa,N/A,8204,['C'],A,Vacuum adiabatic calorimetry,"not stated,99.9 % (total),",99.9,Not Specified %,1954
25.0,0.270286,0.0108115,None kPa,N/A,8204,['C'],A,Vacuum adiabatic calorimetry,"not stated,99.9 % (total),",99.9,Not Specified %,1954
30.0,0.432207,0.0172883,None kPa,N/A,8204,['C'],A,Vacuum adiabatic calorimetry,"not stated,99.9 % (total),",99.9,Not Specified %,1954
35.0,0.661909,0.0264764,None kPa,N/A,8204,['C'],A,Vacuum adiabatic calorimetry,"not stated,99.9 % (total),",99.9,Not Specified %,1954
40.0,1.02634,0.0410534,None kPa,N/A,8204,['C'],A,Vacuum adiabatic calorimetry,"not stated,99.9 % (total),",99.9,Not Specified %,1954
45.0,1.47235,0.058894,None kPa,N/A,8204,['C'],A,Vacuum adiabatic calorimetry,"not stated,99.9 % (total),",99.9,Not Specified %,1954
50.0,2.0397,0.081588,None kPa,N/A,8204,['C'],A,Vacuum adiabatic calorimetry,"not stated,99.9 % (total),",99.9,Not Specified %,1954
55.0,2.76897,0.110759,None kPa,N/A,8204,['C'],A,Vacuum adiabatic calorimetry,"not stated,99.9 % (total),",99.9,Not Specified %,1954
60.0,3.57941,0.143176,None kPa,N/A,8204,['C'],A,Vacuum adiabatic calorimetry,"not stated,99.9 % (total),",99.9,Not Specified %,1954
65.0,4.38902,0.175561,None kPa,N/A,8204,['C'],A,Vacuum adiabatic calorimetry,"not stated,99.9 % (total),",99.9,Not Specified %,1954
70.0,5.2551,0.210204,None kPa,N/A,8204,['C'],A,Vacuum adiabatic calorimetry,"not stated,99.9 % (total),",99.9,Not Specified %,1954
75.0,6.11701,0.24468,None kPa,N/A,8204,['C'],A,Vacuum adiabatic calorimetry,"not stated,99.9 % (total),",99.9,Not Specified %,1954
80.0,7.02494,0.280997,None kPa,N/A,8204,['C'],A,Vacuum adiabatic calorimetry,"not stated,99.9 % (total),",99.9,Not Specified %,1954
85.0,7.95378,0.318151,None kPa,N/A,8204,['C'],A,Vacuum adiabatic calorimetry,"not stated,99.9 % (total),",99.9,Not Specified %,1954
90.0,8.81987,0.352795,None kPa,N/A,8204,['C'],A,Vacuum adiabatic calorimetry,"not stated,99.9 % (total),",99.9,Not Specified %,1954
95.0,9.66922,0.386769,None kPa,N/A,8204,['C'],A,Vacuum adiabatic calorimetry,"not stated,99.9 % (total),",99.9,Not Specified %,1954
100.0,10.5228,0.42091,None kPa,N/A,8204,['C'],A,Vacuum adiabatic calorimetry,"not stated,99.9 % (total),",99.9,Not Specified %,1954
105.0,11.2968,0.451872,None kPa,N/A,8204,['C'],A,Vacuum adiabatic calorimetry,"not stated,99.9 % (total),",99.9,Not Specified %,1954
110.0,11.9955,0.479821,None kPa,N/A,8204,['C'],A,Vacuum adiabatic calorimetry,"not stated,99.9 % (total),",99.9,Not Specified %,1954
115.0,12.6817,0.507268,None kPa,N/A,8204,['C'],A,Vacuum adiabatic calorimetry,"not stated,99.9 % (total),",99.9,Not Specified %,1954
120.0,13.3302,0.533209,None kPa,N/A,8204,['C'],A,Vacuum adiabatic calorimetry,"not stated,99.9 % (total),",99.9,Not Specified %,1954
125.0,13.9536,0.558146,None kPa,N/A,8204,['C'],A,Vacuum adiabatic calorimetry,"not stated,99.9 % (total),",99.9,Not Specified %,1954
130.0,14.5352,0.581409,None kPa,N/A,8204,['C'],A,Vacuum adiabatic calorimetry,"not stated,99.9 % (total),",99.9,Not Specified %,1954
135.0,15.1126,0.604504,None kPa,N/A,8204,['C'],A,Vacuum adiabatic calorimetry,"not stated,99.9 % (total),",99.9,Not Specified %,1954
140.0,15.6398,0.625592,None kPa,N/A,8204,['C'],A,Vacuum adiabatic calorimetry,"not stated,99.9 % (total),",99.9,Not Specified %,1954
145.0,16.1,0.644001,None kPa,N/A,8204,['C'],A,Vacuum adiabatic calorimetry,"not stated,99.9 % (total),",99.9,Not Specified %,1954
150.0,16.5728,0.662913,None kPa,N/A,8204,['C'],A,Vacuum adiabatic calorimetry,"not stated,99.9 % (total),",99.9,Not Specified %,1954
155.0,17.0205,0.68082,None kPa,N/A,8204,['C'],A,Vacuum adiabatic calorimetry,"not stated,99.9 % (total),",99.9,Not Specified %,1954
160.0,17.4389,0.697556,None kPa,N/A,8204,['C'],A,Vacuum adiabatic calorimetry,"not stated,99.9 % (total),",99.9,Not Specified %,1954
165.0,17.828,0.713121,None kPa,N/A,8204,['C'],A,Vacuum adiabatic calorimetry,"not stated,99.9 % (total),",99.9,Not Specified %,1954
170.0,18.2213,0.728853,None kPa,N/A,8204,['C'],A,Vacuum adiabatic calorimetry,"not stated,99.9 % (total),",99.9,Not Specified %,1954
175.0,18.5853,0.743413,None kPa,N/A,8204,['C'],A,Vacuum adiabatic calorimetry,"not stated,99.9 % (total),",99.9,Not Specified %,1954
180.0,18.8949,0.755798,None kPa,N/A,8204,['C'],A,Vacuum adiabatic calorimetry,"not stated,99.9 % (total),",99.9,Not Specified %,1954
185.0,19.192,0.76768,None kPa,N/A,8204,['C'],A,Vacuum adiabatic calorimetry,"not stated,99.9 % (total),",99.9,Not Specified %,1954
190.0,19.4514,0.778057,None kPa,N/A,8204,['C'],A,Vacuum adiabatic calorimetry,"not stated,99.9 % (total),",99.9,Not Specified %,1954
195.0,19.6397,0.785588,None kPa,N/A,8204,['C'],A,Vacuum adiabatic calorimetry,"not stated,99.9 % (total),",99.9,Not Specified %,1954
200.0,19.761,0.790441,None kPa,N/A,8204,['C'],A,Vacuum adiabatic calorimetry,"not stated,99.9 % (total),",99.9,Not Specified %,1954
20.0,0.11757,0.0011757,None kPa,N/A,8962,['C'],A,Calculated from Debye's and Electronic Coefficient,"origin: commercial source,99.98 %",99.98,Not Specified %,1955
1.2,0.0018828,3.7656e-05,None kPa,N/A,9342,['C'],A,not stated,12100,99.98,Not Specified %,1956
1.3,0.00205016,4.10032e-05,None kPa,N/A,9342,['C'],A,not stated,12100,99.98,Not Specified %,1956
1.4,0.00217568,4.35136e-05,None kPa,N/A,9342,['C'],A,not stated,12100,99.98,Not Specified %,1956
1.5,0.00234304,4.68608e-05,None kPa,N/A,9342,['C'],A,not stated,12100,99.98,Not Specified %,1956
1.6,0.0025104,5.0208e-05,None kPa,N/A,9342,['C'],A,not stated,12100,99.98,Not Specified %,1956
1.7,0.00267776,5.35552e-05,None kPa,N/A,9342,['C'],A,not stated,12100,99.98,Not Specified %,1956
1.8,0.00284512,5.69024e-05,None kPa,N/A,9342,['C'],A,not stated,12100,99.98,Not Specified %,1956
1.9,0.00301248,6.02496e-05,None kPa,N/A,9342,['C'],A,not stated,12100,99.98,Not Specified %,1956
2.0,0.00317984,6.35968e-05,None kPa,N/A,9342,['C'],A,not stated,12100,99.98,Not Specified %,1956
2.1,0.0033472,6.6944e-05,None kPa,N/A,9342,['C'],A,not stated,12100,99.98,Not Specified %,1956
2.2,0.00351456,7.02912e-05,None kPa,N/A,9342,['C'],A,not stated,12100,99.98,Not Specified %,1956
2.3,0.00368192,7.36384e-05,None kPa,N/A,9342,['C'],A,not stated,12100,99.98,Not Specified %,1956
2.4,0.00384928,7.69856e-05,None kPa,N/A,9342,['C'],A,not stated,12100,99.98,Not Specified %,1956
2.5,0.00401664,8.03328e-05,None kPa,N/A,9342,['C'],A,not stated,12100,99.98,Not Specified %,1956
2.6,0.004184,8.368e-05,None kPa,N/A,9342,['C'],A,not stated,12100,99.98,Not Specified %,1956
2.7,0.00435136,8.70272e-05,None kPa,N/A,9342,['C'],A,not stated,12100,99.98,Not Specified %,1956
2.8,0.00456056,9.12112e-05,None kPa,N/A,9342,['C'],A,not stated,12100,99.98,Not Specified %,1956
2.9,0.00472792,9.45584e-05,None kPa,N/A,9342,['C'],A,not stated,12100,99.98,Not Specified %,1956
3.0,0.00489528,9.79056e-05,None kPa,N/A,9342,['C'],A,not stated,12100,99.98,Not Specified %,1956
3.1,0.00510448,0.00010209,None kPa,N/A,9342,['C'],A,not stated,12100,99.98,Not Specified %,1956
3.2,0.00527184,0.000105437,None kPa,N/A,9342,['C'],A,not stated,12100,99.98,Not Specified %,1956
3.3,0.0054392,0.000108784,None kPa,N/A,9342,['C'],A,not stated,12100,99.98,Not Specified %,1956
3.4,0.0056484,0.000112968,None kPa,N/A,9342,['C'],A,not stated,12100,99.98,Not Specified %,1956
3.5,0.00581576,0.000116315,None kPa,N/A,9342,['C'],A,not stated,12100,99.98,Not Specified %,1956
3.6,0.00602496,0.000120499,None kPa,N/A,9342,['C'],A,not stated,12100,99.98,Not Specified %,1956
3.7,0.00623416,0.000124683,None kPa,N/A,9342,['C'],A,not stated,12100,99.98,Not Specified %,1956
3.8,0.00640152,0.00012803,None kPa,N/A,9342,['C'],A,not stated,12100,99.98,Not Specified %,1956
3.9,0.00661072,0.000132214,None kPa,N/A,9342,['C'],A,not stated,12100,99.98,Not Specified %,1956
4.0,0.00681992,0.000136398,None kPa,N/A,9342,['C'],A,not stated,12100,99.98,Not Specified %,1956
20.0,0.117529,0.00235057,None kPa,N/A,9342,['C'],A,not stated,12100,99.98,Not Specified %,1956
320.0,24.3,0.486,None kPa,N/A,15469,['C'],A,Vacuum adiabatic calorimetry,"origin: commercial source,99.4 %,stated by supplier",99.4,Not Specified %,1965
350.0,25.2,0.504,None kPa,N/A,15469,['C'],A,Vacuum adiabatic calorimetry,"origin: commercial source,99.4 %,stated by supplier",99.4,Not Specified %,1965
400.0,26.1,0.522,None kPa,N/A,15469,['C'],A,Vacuum adiabatic calorimetry,"origin: commercial source,99.4 %,stated by supplier",99.4,Not Specified %,1965
450.0,26.8,0.536,None kPa,N/A,15469,['C'],A,Vacuum adiabatic calorimetry,"origin: commercial source,99.4 %,stated by supplier",99.4,Not Specified %,1965
500.0,27.2,0.544,None kPa,N/A,15469,['C'],A,Vacuum adiabatic calorimetry,"origin: commercial source,99.4 %,stated by supplier",99.4,Not Specified %,1965
550.0,27.6,0.552,None kPa,N/A,15469,['C'],A,Vacuum adiabatic calorimetry,"origin: commercial source,99.4 %,stated by supplier",99.4,Not Specified %,1965
600.0,28.0,0.56,None kPa,N/A,15469,['C'],A,Vacuum adiabatic calorimetry,"origin: commercial source,99.4 %,stated by supplier",99.4,Not Specified %,1965
650.0,28.4,0.568,None kPa,N/A,15469,['C'],A,Vacuum adiabatic calorimetry,"origin: commercial source,99.4 %,stated by supplier",99.4,Not Specified %,1965
700.0,28.8,0.576,None kPa,N/A,15469,['C'],A,Vacuum adiabatic calorimetry,"origin: commercial source,99.4 %,stated by supplier",99.4,Not Specified %,1965
750.0,29.2,0.584,None kPa,N/A,15469,['C'],A,Vacuum adiabatic calorimetry,"origin: commercial source,99.4 %,stated by supplier",99.4,Not Specified %,1965
800.0,29.6,0.592,None kPa,N/A,15469,['C'],A,Vacuum adiabatic calorimetry,"origin: commercial source,99.4 %,stated by supplier",99.4,Not Specified %,1965
850.0,30.1,0.602,None kPa,N/A,15469,['C'],A,Vacuum adiabatic calorimetry,"origin: commercial source,99.4 %,stated by supplier",99.4,Not Specified %,1965
900.0,30.7,0.614,None kPa,N/A,15469,['C'],A,Vacuum adiabatic calorimetry,"origin: commercial source,99.4 %,stated by supplier",99.4,Not Specified %,1965
950.0,31.3,0.626,None kPa,N/A,15469,['C'],A,Vacuum adiabatic calorimetry,"origin: commercial source,99.4 %,stated by supplier",99.4,Not Specified %,1965
1000.0,32.1,0.642,None kPa,N/A,15469,['C'],A,Vacuum adiabatic calorimetry,"origin: commercial source,99.4 %,stated by supplier",99.4,Not Specified %,1965
1050.0,32.9,0.658,None kPa,N/A,15469,['C'],A,Vacuum adiabatic calorimetry,"origin: commercial source,99.4 %,stated by supplier",99.4,Not Specified %,1965
1100.0,33.8,0.676,None kPa,N/A,15469,['C'],A,Vacuum adiabatic calorimetry,"origin: commercial source,99.4 %,stated by supplier",99.4,Not Specified %,1965
1150.0,34.7,0.694,None kPa,N/A,15469,['C'],A,Vacuum adiabatic calorimetry,"origin: commercial source,99.4 %,stated by supplier",99.4,Not Specified %,1965
1200.0,35.7,0.714,None kPa,N/A,15469,['C'],A,Vacuum adiabatic calorimetry,"origin: commercial source,99.4 %,stated by supplier",99.4,Not Specified %,1965
1250.0,36.8,0.736,None kPa,N/A,15469,['C'],A,Vacuum adiabatic calorimetry,"origin: commercial source,99.4 %,stated by supplier",99.4,Not Specified %,1965
1300.0,37.9,0.758,None kPa,N/A,15469,['C'],A,Vacuum adiabatic calorimetry,"origin: commercial source,99.4 %,stated by supplier",99.4,Not Specified %,1965
1350.0,39.1,0.782,None kPa,N/A,15469,['C'],A,Vacuum adiabatic calorimetry,"origin: commercial source,99.4 %,stated by supplier",99.4,Not Specified %,1965
1400.0,40.2,0.804,None kPa,N/A,15469,['C'],A,Vacuum adiabatic calorimetry,"origin: commercial source,99.4 %,stated by supplier",99.4,Not Specified %,1965
1450.0,41.2,0.824,None kPa,N/A,15469,['C'],A,Vacuum adiabatic calorimetry,"origin: commercial source,99.4 %,stated by supplier",99.4,Not Specified %,1965
1500.0,42.1,0.842,None kPa,N/A,15469,['C'],A,Vacuum adiabatic calorimetry,"origin: commercial source,99.4 %,stated by supplier",99.4,Not Specified %,1965
1550.0,43.1,0.862,None kPa,N/A,15469,['C'],A,Vacuum adiabatic calorimetry,"origin: commercial source,99.4 %,stated by supplier",99.4,Not Specified %,1965
1600.0,44.1,0.882,None kPa,N/A,15469,['C'],A,Vacuum adiabatic calorimetry,"origin: commercial source,99.4 %,stated by supplier",99.4,Not Specified %,1965
1650.0,45.1,0.902,None kPa,N/A,15469,['C'],A,Vacuum adiabatic calorimetry,"origin: commercial source,99.4 %,stated by supplier",99.4,Not Specified %,1965
1700.0,46.2,0.924,None kPa,N/A,15469,['C'],A,Vacuum adiabatic calorimetry,"origin: commercial source,99.4 %,stated by supplier",99.4,Not Specified %,1965
1750.0,47.2,0.944,None kPa,N/A,15469,['C'],A,Vacuum adiabatic calorimetry,"origin: commercial source,99.4 %,stated by supplier",99.4,Not Specified %,1965
1800.0,48.2,0.964,None kPa,N/A,15469,['C'],A,Vacuum adiabatic calorimetry,"origin: commercial source,99.4 %,stated by supplier",99.4,Not Specified %,1965
0.445,0.002336,0.0004672,None kPa,N/A,15827,['C'],A,Vacuum adiabatic calorimetry,not stated,,,1965
0.593,0.00165,0.00033,None kPa,N/A,15827,['C'],A,Vacuum adiabatic calorimetry,not stated,,,1965
0.64,0.001611,0.0003222,None kPa,N/A,15827,['C'],A,Vacuum adiabatic calorimetry,not stated,,,1965
0.73,0.001435,0.000287,None kPa,N/A,15827,['C'],A,Vacuum adiabatic calorimetry,not stated,,,1965
0.744,0.001569,0.0003138,None kPa,N/A,15827,['C'],A,Vacuum adiabatic calorimetry,not stated,,,1965
0.797,0.001342,0.0002684,None kPa,N/A,15827,['C'],A,Vacuum adiabatic calorimetry,not stated,,,1965
0.842,0.00138,0.000276,None kPa,N/A,15827,['C'],A,Vacuum adiabatic calorimetry,not stated,,,1965
0.851,0.001199,0.0002398,None kPa,N/A,15827,['C'],A,Vacuum adiabatic calorimetry,not stated,,,1965
0.853,0.00128,0.000256,None kPa,N/A,15827,['C'],A,Vacuum adiabatic calorimetry,not stated,,,1965
0.939,0.001322,0.0002644,None kPa,N/A,15827,['C'],A,Vacuum adiabatic calorimetry,not stated,,,1965
0.986,0.001227,0.0002454,None kPa,N/A,15827,['C'],A,Vacuum adiabatic calorimetry,not stated,,,1965
1.045,0.001145,0.000229,None kPa,N/A,15827,['C'],A,Vacuum adiabatic calorimetry,not stated,,,1965
0.624,0.001117,0.0002234,None kPa,N/A,15827,['C'],A,Vacuum adiabatic calorimetry,not stated,,,1965
0.642,0.001195,0.000239,None kPa,N/A,15827,['C'],A,Vacuum adiabatic calorimetry,not stated,,,1965
0.731,0.001331,0.0002662,None kPa,N/A,15827,['C'],A,Vacuum adiabatic calorimetry,not stated,,,1965
0.879,0.001588,0.0003176,None kPa,N/A,15827,['C'],A,Vacuum adiabatic calorimetry,not stated,,,1965
0.992,0.001654,0.0003308,None kPa,N/A,15827,['C'],A,Vacuum adiabatic calorimetry,not stated,,,1965
1.153,0.0019,0.00038,None kPa,N/A,15827,['C'],A,Vacuum adiabatic calorimetry,not stated,,,1965
320.0,24.3,0.486,107.991 kPa,N/A,17734,['C'],A,High Temp Adiabatic Calorimetry,not stated,,,1968
335.9,24.93,0.4986,None kPa,N/A,17734,['C'],A,High Temp Adiabatic Calorimetry,not stated,,,1968
362.2,25.48,0.5096,None kPa,N/A,17734,['C'],A,High Temp Adiabatic Calorimetry,not stated,,,1968
389.6,25.97,0.5194,None kPa,N/A,17734,['C'],A,High Temp Adiabatic Calorimetry,not stated,,,1968
428.6,26.49,0.5298,None kPa,N/A,17734,['C'],A,High Temp Adiabatic Calorimetry,not stated,,,1968
467.7,26.94,0.5388,None kPa,N/A,17734,['C'],A,High Temp Adiabatic Calorimetry,not stated,,,1968
528.6,27.45,0.549,None kPa,N/A,17734,['C'],A,High Temp Adiabatic Calorimetry,not stated,,,1968
578.1,27.86,0.5572,None kPa,N/A,17734,['C'],A,High Temp Adiabatic Calorimetry,not stated,,,1968
621.8,28.2,0.564,None kPa,N/A,17734,['C'],A,High Temp Adiabatic Calorimetry,not stated,,,1968
673.5,28.62,0.5724,None kPa,N/A,17734,['C'],A,High Temp Adiabatic Calorimetry,not stated,,,1968
717.2,28.99,0.5798,None kPa,N/A,17734,['C'],A,High Temp Adiabatic Calorimetry,not stated,,,1968
763.2,29.41,0.5882,None kPa,N/A,17734,['C'],A,High Temp Adiabatic Calorimetry,not stated,,,1968
812.6,29.89,0.5978,None kPa,N/A,17734,['C'],A,High Temp Adiabatic Calorimetry,not stated,,,1968
860.8,30.43,0.6086,None kPa,N/A,17734,['C'],A,High Temp Adiabatic Calorimetry,not stated,,,1968
911.3,31.04,0.6208,None kPa,N/A,17734,['C'],A,High Temp Adiabatic Calorimetry,not stated,,,1968
946.9,31.5,0.63,None kPa,N/A,17734,['C'],A,High Temp Adiabatic Calorimetry,not stated,,,1968
981.3,32.0,0.64,None kPa,N/A,17734,['C'],A,High Temp Adiabatic Calorimetry,not stated,,,1968
1011.0,32.43,0.6486,None kPa,N/A,17734,['C'],A,High Temp Adiabatic Calorimetry,not stated,,,1968
1057.0,33.16,0.6632,None kPa,N/A,17734,['C'],A,High Temp Adiabatic Calorimetry,not stated,,,1968
1089.0,33.68,0.6736,None kPa,N/A,17734,['C'],A,High Temp Adiabatic Calorimetry,not stated,,,1968
1121.0,34.22,0.6844,None kPa,N/A,17734,['C'],A,High Temp Adiabatic Calorimetry,not stated,,,1968
1152.0,34.83,0.6966,None kPa,N/A,17734,['C'],A,High Temp Adiabatic Calorimetry,not stated,,,1968
1181.0,35.39,0.7078,None kPa,N/A,17734,['C'],A,High Temp Adiabatic Calorimetry,not stated,,,1968
1215.0,36.09,0.7218,None kPa,N/A,17734,['C'],A,High Temp Adiabatic Calorimetry,not stated,,,1968
1248.0,36.77,0.7354,None kPa,N/A,17734,['C'],A,High Temp Adiabatic Calorimetry,not stated,,,1968
1275.0,37.43,0.7486,None kPa,N/A,17734,['C'],A,High Temp Adiabatic Calorimetry,not stated,,,1968
1306.0,38.14,0.7628,None kPa,N/A,17734,['C'],A,High Temp Adiabatic Calorimetry,not stated,,,1968
1332.0,38.8,0.776,None kPa,N/A,17734,['C'],A,High Temp Adiabatic Calorimetry,not stated,,,1968
1361.0,39.47,0.7894,None kPa,N/A,17734,['C'],A,High Temp Adiabatic Calorimetry,not stated,,,1968
1396.0,40.23,0.8046,None kPa,N/A,17734,['C'],A,High Temp Adiabatic Calorimetry,not stated,,,1968
1428.0,40.97,0.8194,None kPa,N/A,17734,['C'],A,High Temp Adiabatic Calorimetry,not stated,,,1968
1455.0,41.53,0.8306,None kPa,N/A,17734,['C'],A,High Temp Adiabatic Calorimetry,not stated,,,1968
1488.0,42.21,0.8442,None kPa,N/A,17734,['C'],A,High Temp Adiabatic Calorimetry,not stated,,,1968
1522.0,42.95,0.859,None kPa,N/A,17734,['C'],A,High Temp Adiabatic Calorimetry,not stated,,,1968
1562.0,43.77,0.8754,None kPa,N/A,17734,['C'],A,High Temp Adiabatic Calorimetry,not stated,,,1968
1595.0,44.42,0.8884,None kPa,N/A,17734,['C'],A,High Temp Adiabatic Calorimetry,not stated,,,1968
1635.0,45.23,0.9046,None kPa,N/A,17734,['C'],A,High Temp Adiabatic Calorimetry,not stated,,,1968
1670.0,45.89,0.9178,None kPa,N/A,17734,['C'],A,High Temp Adiabatic Calorimetry,not stated,,,1968
1700.0,46.5,0.93,None kPa,N/A,17734,['C'],A,High Temp Adiabatic Calorimetry,not stated,,,1968
1729.0,47.03,0.9406,None kPa,N/A,17734,['C'],A,High Temp Adiabatic Calorimetry,not stated,,,1968
1764.0,47.67,0.9534,None kPa,N/A,17734,['C'],A,High Temp Adiabatic Calorimetry,not stated,,,1968
1797.0,48.19,0.9638,None kPa,N/A,17734,['C'],A,High Temp Adiabatic Calorimetry,not stated,,,1968
310.03,24.0496,0.480993,None kPa,N/A,19928,['C'],A,AC calorimetry,"origin: commercial source,99.96 % (total),stated by supplier,plate",99.96,Not Specified %,1971
310.1,24.0496,0.480993,None kPa,N/A,19928,['C'],A,AC calorimetry,"origin: commercial source,99.96 % (total),stated by supplier,plate",99.96,Not Specified %,1971
310.18,24.0496,0.480993,None kPa,N/A,19928,['C'],A,AC calorimetry,"origin: commercial source,99.96 % (total),stated by supplier,plate",99.96,Not Specified %,1971
310.24,24.0622,0.481244,None kPa,N/A,19928,['C'],A,AC calorimetry,"origin: commercial source,99.96 % (total),stated by supplier,plate",99.96,Not Specified %,1971
310.31,24.0622,0.481244,None kPa,N/A,19928,['C'],A,AC calorimetry,"origin: commercial source,99.96 % (total),stated by supplier,plate",99.96,Not Specified %,1971
310.38,24.0622,0.481244,None kPa,N/A,19928,['C'],A,AC calorimetry,"origin: commercial source,99.96 % (total),stated by supplier,plate",99.96,Not Specified %,1971
310.45,24.0747,0.481495,None kPa,N/A,19928,['C'],A,AC calorimetry,"origin: commercial source,99.96 % (total),stated by supplier,plate",99.96,Not Specified %,1971
310.52,24.0747,0.481495,None kPa,N/A,19928,['C'],A,AC calorimetry,"origin: commercial source,99.96 % (total),stated by supplier,plate",99.96,Not Specified %,1971
310.59,24.0998,0.481997,None kPa,N/A,19928,['C'],A,AC calorimetry,"origin: commercial source,99.96 % (total),stated by supplier,plate",99.96,Not Specified %,1971
310.66,24.1124,0.482248,None kPa,N/A,19928,['C'],A,AC calorimetry,"origin: commercial source,99.96 % (total),stated by supplier,plate",99.96,Not Specified %,1971
310.73,24.1124,0.482248,None kPa,N/A,19928,['C'],A,AC calorimetry,"origin: commercial source,99.96 % (total),stated by supplier,plate",99.96,Not Specified %,1971
310.8,24.1375,0.48275,None kPa,N/A,19928,['C'],A,AC calorimetry,"origin: commercial source,99.96 % (total),stated by supplier,plate",99.96,Not Specified %,1971
310.87,24.1375,0.48275,None kPa,N/A,19928,['C'],A,AC calorimetry,"origin: commercial source,99.96 % (total),stated by supplier,plate",99.96,Not Specified %,1971
310.94,24.1626,0.483252,None kPa,N/A,19928,['C'],A,AC calorimetry,"origin: commercial source,99.96 % (total),stated by supplier,plate",99.96,Not Specified %,1971
311.01,24.1877,0.483754,None kPa,N/A,19928,['C'],A,AC calorimetry,"origin: commercial source,99.96 % (total),stated by supplier,plate",99.96,Not Specified %,1971
311.08,24.2003,0.484005,None kPa,N/A,19928,['C'],A,AC calorimetry,"origin: commercial source,99.96 % (total),stated by supplier,plate",99.96,Not Specified %,1971
311.14,24.1877,0.483754,None kPa,N/A,19928,['C'],A,AC calorimetry,"origin: commercial source,99.96 % (total),stated by supplier,plate",99.96,Not Specified %,1971
311.21,24.2128,0.484256,None kPa,N/A,19928,['C'],A,AC calorimetry,"origin: commercial source,99.96 % (total),stated by supplier,plate",99.96,Not Specified %,1971
311.28,24.2379,0.484758,None kPa,N/A,19928,['C'],A,AC calorimetry,"origin: commercial source,99.96 % (total),stated by supplier,plate",99.96,Not Specified %,1971
311.34,24.2965,0.48593,None kPa,N/A,19928,['C'],A,AC calorimetry,"origin: commercial source,99.96 % (total),stated by supplier,plate",99.96,Not Specified %,1971
311.39,24.3216,0.486432,None kPa,N/A,19928,['C'],A,AC calorimetry,"origin: commercial source,99.96 % (total),stated by supplier,plate",99.96,Not Specified %,1971
311.44,24.3467,0.486934,None kPa,N/A,19928,['C'],A,AC calorimetry,"origin: commercial source,99.96 % (total),stated by supplier,plate",99.96,Not Specified %,1971
311.51,24.3927,0.487854,None kPa,N/A,19928,['C'],A,AC calorimetry,"origin: commercial source,99.96 % (total),stated by supplier,plate",99.96,Not Specified %,1971
311.57,24.468,0.489361,None kPa,N/A,19928,['C'],A,AC calorimetry,"origin: commercial source,99.96 % (total),stated by supplier,plate",99.96,Not Specified %,1971
311.64,24.5266,0.490532,None kPa,N/A,19928,['C'],A,AC calorimetry,"origin: commercial source,99.96 % (total),stated by supplier,plate",99.96,Not Specified %,1971
311.7,24.673,0.493461,None kPa,N/A,19928,['C'],A,AC calorimetry,"origin: commercial source,99.96 % (total),stated by supplier,plate",99.96,Not Specified %,1971
311.76,24.7818,0.495637,None kPa,N/A,19928,['C'],A,AC calorimetry,"origin: commercial source,99.96 % (total),stated by supplier,plate",99.96,Not Specified %,1971
311.82,24.9157,0.498314,None kPa,N/A,19928,['C'],A,AC calorimetry,"origin: commercial source,99.96 % (total),stated by supplier,plate",99.96,Not Specified %,1971
311.85,24.9617,0.499235,None kPa,N/A,19928,['C'],A,AC calorimetry,"origin: commercial source,99.96 % (total),stated by supplier,plate",99.96,Not Specified %,1971
311.92,25.0245,0.50049,None kPa,N/A,19928,['C'],A,AC calorimetry,"origin: commercial source,99.96 % (total),stated by supplier,plate",99.96,Not Specified %,1971
311.99,24.9743,0.499486,None kPa,N/A,19928,['C'],A,AC calorimetry,"origin: commercial source,99.96 % (total),stated by supplier,plate",99.96,Not Specified %,1971
312.05,24.832,0.496641,None kPa,N/A,19928,['C'],A,AC calorimetry,"origin: commercial source,99.96 % (total),stated by supplier,plate",99.96,Not Specified %,1971
312.1,24.6647,0.493294,None kPa,N/A,19928,['C'],A,AC calorimetry,"origin: commercial source,99.96 % (total),stated by supplier,plate",99.96,Not Specified %,1971
312.16,24.4848,0.489695,None kPa,N/A,19928,['C'],A,AC calorimetry,"origin: commercial source,99.96 % (total),stated by supplier,plate",99.96,Not Specified %,1971
312.22,24.3258,0.486516,None kPa,N/A,19928,['C'],A,AC calorimetry,"origin: commercial source,99.96 % (total),stated by supplier,plate",99.96,Not Specified %,1971
312.28,24.1835,0.48367,None kPa,N/A,19928,['C'],A,AC calorimetry,"origin: commercial source,99.96 % (total),stated by supplier,plate",99.96,Not Specified %,1971
312.34,24.0496,0.480993,None kPa,N/A,19928,['C'],A,AC calorimetry,"origin: commercial source,99.96 % (total),stated by supplier,plate",99.96,Not Specified %,1971
312.41,23.9785,0.47957,None kPa,N/A,19928,['C'],A,AC calorimetry,"origin: commercial source,99.96 % (total),stated by supplier,plate",99.96,Not Specified %,1971
312.48,23.9074,0.478148,None kPa,N/A,19928,['C'],A,AC calorimetry,"origin: commercial source,99.96 % (total),stated by supplier,plate",99.96,Not Specified %,1971
312.54,23.8488,0.476976,None kPa,N/A,19928,['C'],A,AC calorimetry,"origin: commercial source,99.96 % (total),stated by supplier,plate",99.96,Not Specified %,1971
312.6,23.7651,0.475302,None kPa,N/A,19928,['C'],A,AC calorimetry,"origin: commercial source,99.96 % (total),stated by supplier,plate",99.96,Not Specified %,1971
312.65,23.7484,0.474968,None kPa,N/A,19928,['C'],A,AC calorimetry,"origin: commercial source,99.96 % (total),stated by supplier,plate",99.96,Not Specified %,1971
312.67,23.74,0.4748,None kPa,N/A,19928,['C'],A,AC calorimetry,"origin: commercial source,99.96 % (total),stated by supplier,plate",99.96,Not Specified %,1971
312.74,23.7275,0.474549,None kPa,N/A,19928,['C'],A,AC calorimetry,"origin: commercial source,99.96 % (total),stated by supplier,plate",99.96,Not Specified %,1971
312.81,23.7275,0.474549,None kPa,N/A,19928,['C'],A,AC calorimetry,"origin: commercial source,99.96 % (total),stated by supplier,plate",99.96,Not Specified %,1971
312.88,23.7191,0.474382,None kPa,N/A,19928,['C'],A,AC calorimetry,"origin: commercial source,99.96 % (total),stated by supplier,plate",99.96,Not Specified %,1971
312.95,23.7191,0.474382,None kPa,N/A,19928,['C'],A,AC calorimetry,"origin: commercial source,99.96 % (total),stated by supplier,plate",99.96,Not Specified %,1971
313.02,23.7191,0.474382,None kPa,N/A,19928,['C'],A,AC calorimetry,"origin: commercial source,99.96 % (total),stated by supplier,plate",99.96,Not Specified %,1971
313.09,23.7065,0.474131,None kPa,N/A,19928,['C'],A,AC calorimetry,"origin: commercial source,99.96 % (total),stated by supplier,plate",99.96,Not Specified %,1971
313.16,23.7191,0.474382,None kPa,N/A,19928,['C'],A,AC calorimetry,"origin: commercial source,99.96 % (total),stated by supplier,plate",99.96,Not Specified %,1971
313.23,23.7191,0.474382,None kPa,N/A,19928,['C'],A,AC calorimetry,"origin: commercial source,99.96 % (total),stated by supplier,plate",99.96,Not Specified %,1971
313.31,23.7065,0.474131,None kPa,N/A,19928,['C'],A,AC calorimetry,"origin: commercial source,99.96 % (total),stated by supplier,plate",99.96,Not Specified %,1971
313.37,23.7065,0.474131,None kPa,N/A,19928,['C'],A,AC calorimetry,"origin: commercial source,99.96 % (total),stated by supplier,plate",99.96,Not Specified %,1971
313.44,23.7065,0.474131,None kPa,N/A,19928,['C'],A,AC calorimetry,"origin: commercial source,99.96 % (total),stated by supplier,plate",99.96,Not Specified %,1971
310.03,24.0496,0.480993,None kPa,N/A,19929,['C'],A,AC calorimetry,"origin: commercial source,99.96 % (total),stated by supplier,plate",99.96,Not Specified %,1971
310.1,24.0496,0.480993,None kPa,N/A,19929,['C'],A,AC calorimetry,"origin: commercial source,99.96 % (total),stated by supplier,plate",99.96,Not Specified %,1971
310.18,24.0496,0.480993,None kPa,N/A,19929,['C'],A,AC calorimetry,"origin: commercial source,99.96 % (total),stated by supplier,plate",99.96,Not Specified %,1971
310.24,24.0622,0.481244,None kPa,N/A,19929,['C'],A,AC calorimetry,"origin: commercial source,99.96 % (total),stated by supplier,plate",99.96,Not Specified %,1971
310.31,24.0622,0.481244,None kPa,N/A,19929,['C'],A,AC calorimetry,"origin: commercial source,99.96 % (total),stated by supplier,plate",99.96,Not Specified %,1971
310.38,24.0622,0.481244,None kPa,N/A,19929,['C'],A,AC calorimetry,"origin: commercial source,99.96 % (total),stated by supplier,plate",99.96,Not Specified %,1971
310.45,24.0747,0.481495,None kPa,N/A,19929,['C'],A,AC calorimetry,"origin: commercial source,99.96 % (total),stated by supplier,plate",99.96,Not Specified %,1971
310.52,24.0747,0.481495,None kPa,N/A,19929,['C'],A,AC calorimetry,"origin: commercial source,99.96 % (total),stated by supplier,plate",99.96,Not Specified %,1971
310.59,24.0998,0.481997,None kPa,N/A,19929,['C'],A,AC calorimetry,"origin: commercial source,99.96 % (total),stated by supplier,plate",99.96,Not Specified %,1971
310.66,24.1124,0.482248,None kPa,N/A,19929,['C'],A,AC calorimetry,"origin: commercial source,99.96 % (total),stated by supplier,plate",99.96,Not Specified %,1971
310.73,24.1124,0.482248,None kPa,N/A,19929,['C'],A,AC calorimetry,"origin: commercial source,99.96 % (total),stated by supplier,plate",99.96,Not Specified %,1971
310.8,24.1375,0.48275,None kPa,N/A,19929,['C'],A,AC calorimetry,"origin: commercial source,99.96 % (total),stated by supplier,plate",99.96,Not Specified %,1971
310.87,24.1375,0.48275,None kPa,N/A,19929,['C'],A,AC calorimetry,"origin: commercial source,99.96 % (total),stated by supplier,plate",99.96,Not Specified %,1971
310.94,24.1626,0.483252,None kPa,N/A,19929,['C'],A,AC calorimetry,"origin: commercial source,99.96 % (total),stated by supplier,plate",99.96,Not Specified %,1971
311.01,24.1877,0.483754,None kPa,N/A,19929,['C'],A,AC calorimetry,"origin: commercial source,99.96 % (total),stated by supplier,plate",99.96,Not Specified %,1971
311.08,24.2003,0.484005,None kPa,N/A,19929,['C'],A,AC calorimetry,"origin: commercial source,99.96 % (total),stated by supplier,plate",99.96,Not Specified %,1971
311.14,24.1877,0.483754,None kPa,N/A,19929,['C'],A,AC calorimetry,"origin: commercial source,99.96 % (total),stated by supplier,plate",99.96,Not Specified %,1971
311.21,24.2128,0.484256,None kPa,N/A,19929,['C'],A,AC calorimetry,"origin: commercial source,99.96 % (total),stated by supplier,plate",99.96,Not Specified %,1971
311.28,24.2379,0.484758,None kPa,N/A,19929,['C'],A,AC calorimetry,"origin: commercial source,99.96 % (total),stated by supplier,plate",99.96,Not Specified %,1971
311.34,24.2965,0.48593,None kPa,N/A,19929,['C'],A,AC calorimetry,"origin: commercial source,99.96 % (total),stated by supplier,plate",99.96,Not Specified %,1971
311.38,24.3341,0.486683,None kPa,N/A,19929,['C'],A,AC calorimetry,"origin: commercial source,99.96 % (total),stated by supplier,plate",99.96,Not Specified %,1971
311.41,24.3592,0.487185,None kPa,N/A,19929,['C'],A,AC calorimetry,"origin: commercial source,99.96 % (total),stated by supplier,plate",99.96,Not Specified %,1971
311.44,24.4304,0.488608,None kPa,N/A,19929,['C'],A,AC calorimetry,"origin: commercial source,99.96 % (total),stated by supplier,plate",99.96,Not Specified %,1971
311.5,24.5392,0.490783,None kPa,N/A,19929,['C'],A,AC calorimetry,"origin: commercial source,99.96 % (total),stated by supplier,plate",99.96,Not Specified %,1971
311.56,24.7191,0.494381,None kPa,N/A,19929,['C'],A,AC calorimetry,"origin: commercial source,99.96 % (total),stated by supplier,plate",99.96,Not Specified %,1971
311.6,24.9617,0.499235,None kPa,N/A,19929,['C'],A,AC calorimetry,"origin: commercial source,99.96 % (total),stated by supplier,plate",99.96,Not Specified %,1971
311.63,25.1793,0.503586,None kPa,N/A,19929,['C'],A,AC calorimetry,"origin: commercial source,99.96 % (total),stated by supplier,plate",99.96,Not Specified %,1971
311.64,25.468,0.50936,None kPa,N/A,19929,['C'],A,AC calorimetry,"origin: commercial source,99.96 % (total),stated by supplier,plate",99.96,Not Specified %,1971
311.65,25.8529,0.517059,None kPa,N/A,19929,['C'],A,AC calorimetry,"origin: commercial source,99.96 % (total),stated by supplier,plate",99.96,Not Specified %,1971
311.67,26.1542,0.523084,None kPa,N/A,19929,['C'],A,AC calorimetry,"origin: commercial source,99.96 % (total),stated by supplier,plate",99.96,Not Specified %,1971
311.67,26.3843,0.527686,None kPa,N/A,19929,['C'],A,AC calorimetry,"origin: commercial source,99.96 % (total),stated by supplier,plate",99.96,Not Specified %,1971
311.68,26.6856,0.533711,None kPa,N/A,19929,['C'],A,AC calorimetry,"origin: commercial source,99.96 % (total),stated by supplier,plate",99.96,Not Specified %,1971
311.69,26.9826,0.539652,None kPa,N/A,19929,['C'],A,AC calorimetry,"origin: commercial source,99.96 % (total),stated by supplier,plate",99.96,Not Specified %,1971
311.7,27.2755,0.54551,None kPa,N/A,19929,['C'],A,AC calorimetry,"origin: commercial source,99.96 % (total),stated by supplier,plate",99.96,Not Specified %,1971
311.7,27.4136,0.548271,None kPa,N/A,19929,['C'],A,AC calorimetry,"origin: commercial source,99.96 % (total),stated by supplier,plate",99.96,Not Specified %,1971
311.71,27.5767,0.551535,None kPa,N/A,19929,['C'],A,AC calorimetry,"origin: commercial source,99.96 % (total),stated by supplier,plate",99.96,Not Specified %,1971
311.72,27.7148,0.554296,None kPa,N/A,19929,['C'],A,AC calorimetry,"origin: commercial source,99.96 % (total),stated by supplier,plate",99.96,Not Specified %,1971
311.72,27.8236,0.556472,None kPa,N/A,19929,['C'],A,AC calorimetry,"origin: commercial source,99.96 % (total),stated by supplier,plate",99.96,Not Specified %,1971
311.74,27.7692,0.555384,None kPa,N/A,19929,['C'],A,AC calorimetry,"origin: commercial source,99.96 % (total),stated by supplier,plate",99.96,Not Specified %,1971
311.74,27.6353,0.552706,None kPa,N/A,19929,['C'],A,AC calorimetry,"origin: commercial source,99.96 % (total),stated by supplier,plate",99.96,Not Specified %,1971
311.75,27.3341,0.546681,None kPa,N/A,19929,['C'],A,AC calorimetry,"origin: commercial source,99.96 % (total),stated by supplier,plate",99.96,Not Specified %,1971
311.76,27.0454,0.540908,None kPa,N/A,19929,['C'],A,AC calorimetry,"origin: commercial source,99.96 % (total),stated by supplier,plate",99.96,Not Specified %,1971
311.77,26.7441,0.534883,None kPa,N/A,19929,['C'],A,AC calorimetry,"origin: commercial source,99.96 % (total),stated by supplier,plate",99.96,Not Specified %,1971
311.78,26.4429,0.528858,None kPa,N/A,19929,['C'],A,AC calorimetry,"origin: commercial source,99.96 % (total),stated by supplier,plate",99.96,Not Specified %,1971
311.79,26.1416,0.522833,None kPa,N/A,19929,['C'],A,AC calorimetry,"origin: commercial source,99.96 % (total),stated by supplier,plate",99.96,Not Specified %,1971
311.8,25.8404,0.516808,None kPa,N/A,19929,['C'],A,AC calorimetry,"origin: commercial source,99.96 % (total),stated by supplier,plate",99.96,Not Specified %,1971
311.8,25.7023,0.514046,None kPa,N/A,19929,['C'],A,AC calorimetry,"origin: commercial source,99.96 % (total),stated by supplier,plate",99.96,Not Specified %,1971
311.81,25.4513,0.509025,None kPa,N/A,19929,['C'],A,AC calorimetry,"origin: commercial source,99.96 % (total),stated by supplier,plate",99.96,Not Specified %,1971
311.82,25.2253,0.504507,None kPa,N/A,19929,['C'],A,AC calorimetry,"origin: commercial source,99.96 % (total),stated by supplier,plate",99.96,Not Specified %,1971
311.83,25.0663,0.501327,None kPa,N/A,19929,['C'],A,AC calorimetry,"origin: commercial source,99.96 % (total),stated by supplier,plate",99.96,Not Specified %,1971
311.84,24.8864,0.497729,None kPa,N/A,19929,['C'],A,AC calorimetry,"origin: commercial source,99.96 % (total),stated by supplier,plate",99.96,Not Specified %,1971
311.85,24.7818,0.495637,None kPa,N/A,19929,['C'],A,AC calorimetry,"origin: commercial source,99.96 % (total),stated by supplier,plate",99.96,Not Specified %,1971
311.87,24.6312,0.492624,None kPa,N/A,19929,['C'],A,AC calorimetry,"origin: commercial source,99.96 % (total),stated by supplier,plate",99.96,Not Specified %,1971
311.88,24.5182,0.490365,None kPa,N/A,19929,['C'],A,AC calorimetry,"origin: commercial source,99.96 % (total),stated by supplier,plate",99.96,Not Specified %,1971
311.89,24.422,0.48844,None kPa,N/A,19929,['C'],A,AC calorimetry,"origin: commercial source,99.96 % (total),stated by supplier,plate",99.96,Not Specified %,1971
311.92,24.2756,0.485511,None kPa,N/A,19929,['C'],A,AC calorimetry,"origin: commercial source,99.96 % (total),stated by supplier,plate",99.96,Not Specified %,1971
311.98,24.0957,0.481913,None kPa,N/A,19929,['C'],A,AC calorimetry,"origin: commercial source,99.96 % (total),stated by supplier,plate",99.96,Not Specified %,1971
312.04,23.9785,0.47957,None kPa,N/A,19929,['C'],A,AC calorimetry,"origin: commercial source,99.96 % (total),stated by supplier,plate",99.96,Not Specified %,1971
312.11,23.9032,0.478064,None kPa,N/A,19929,['C'],A,AC calorimetry,"origin: commercial source,99.96 % (total),stated by supplier,plate",99.96,Not Specified %,1971
312.18,23.8572,0.477143,None kPa,N/A,19929,['C'],A,AC calorimetry,"origin: commercial source,99.96 % (total),stated by supplier,plate",99.96,Not Specified %,1971
312.25,23.8195,0.47639,None kPa,N/A,19929,['C'],A,AC calorimetry,"origin: commercial source,99.96 % (total),stated by supplier,plate",99.96,Not Specified %,1971
312.32,23.786,0.475721,None kPa,N/A,19929,['C'],A,AC calorimetry,"origin: commercial source,99.96 % (total),stated by supplier,plate",99.96,Not Specified %,1971
312.33,23.7484,0.474968,None kPa,N/A,19929,['C'],A,AC calorimetry,"origin: commercial source,99.96 % (total),stated by supplier,plate",99.96,Not Specified %,1971
312.4,23.7484,0.474968,None kPa,N/A,19929,['C'],A,AC calorimetry,"origin: commercial source,99.96 % (total),stated by supplier,plate",99.96,Not Specified %,1971
312.47,23.7275,0.474549,None kPa,N/A,19929,['C'],A,AC calorimetry,"origin: commercial source,99.96 % (total),stated by supplier,plate",99.96,Not Specified %,1971
312.53,23.7275,0.474549,None kPa,N/A,19929,['C'],A,AC calorimetry,"origin: commercial source,99.96 % (total),stated by supplier,plate",99.96,Not Specified %,1971
312.6,23.7651,0.475302,None kPa,N/A,19929,['C'],A,AC calorimetry,"origin: commercial source,99.96 % (total),stated by supplier,plate",99.96,Not Specified %,1971
312.67,23.74,0.4748,None kPa,N/A,19929,['C'],A,AC calorimetry,"origin: commercial source,99.96 % (total),stated by supplier,plate",99.96,Not Specified %,1971
312.74,23.7275,0.474549,None kPa,N/A,19929,['C'],A,AC calorimetry,"origin: commercial source,99.96 % (total),stated by supplier,plate",99.96,Not Specified %,1971
312.81,23.7275,0.474549,None kPa,N/A,19929,['C'],A,AC calorimetry,"origin: commercial source,99.96 % (total),stated by supplier,plate",99.96,Not Specified %,1971
312.88,23.7191,0.474382,None kPa,N/A,19929,['C'],A,AC calorimetry,"origin: commercial source,99.96 % (total),stated by supplier,plate",99.96,Not Specified %,1971
312.95,23.7191,0.474382,None kPa,N/A,19929,['C'],A,AC calorimetry,"origin: commercial source,99.96 % (total),stated by supplier,plate",99.96,Not Specified %,1971
313.02,23.7191,0.474382,None kPa,N/A,19929,['C'],A,AC calorimetry,"origin: commercial source,99.96 % (total),stated by supplier,plate",99.96,Not Specified %,1971
313.09,23.7065,0.474131,None kPa,N/A,19929,['C'],A,AC calorimetry,"origin: commercial source,99.96 % (total),stated by supplier,plate",99.96,Not Specified %,1971
313.16,23.7191,0.474382,None kPa,N/A,19929,['C'],A,AC calorimetry,"origin: commercial source,99.96 % (total),stated by supplier,plate",99.96,Not Specified %,1971
313.23,23.7191,0.474382,None kPa,N/A,19929,['C'],A,AC calorimetry,"origin: commercial source,99.96 % (total),stated by supplier,plate",99.96,Not Specified %,1971
313.31,23.7065,0.474131,None kPa,N/A,19929,['C'],A,AC calorimetry,"origin: commercial source,99.96 % (total),stated by supplier,plate",99.96,Not Specified %,1971
313.37,23.7065,0.474131,None kPa,N/A,19929,['C'],A,AC calorimetry,"origin: commercial source,99.96 % (total),stated by supplier,plate",99.96,Not Specified %,1971
313.44,23.7065,0.474131,None kPa,N/A,19929,['C'],A,AC calorimetry,"origin: commercial source,99.96 % (total),stated by supplier,plate",99.96,Not Specified %,1971
310.03,24.0496,0.480993,None kPa,N/A,19930,['C'],A,AC calorimetry,"origin: commercial source,99.96 % (total),stated by supplier,plate",99.96,Not Specified %,1971
310.1,24.0496,0.480993,None kPa,N/A,19930,['C'],A,AC calorimetry,"origin: commercial source,99.96 % (total),stated by supplier,plate",99.96,Not Specified %,1971
310.18,24.0496,0.480993,None kPa,N/A,19930,['C'],A,AC calorimetry,"origin: commercial source,99.96 % (total),stated by supplier,plate",99.96,Not Specified %,1971
310.24,24.0622,0.481244,None kPa,N/A,19930,['C'],A,AC calorimetry,"origin: commercial source,99.96 % (total),stated by supplier,plate",99.96,Not Specified %,1971
310.31,24.0622,0.481244,None kPa,N/A,19930,['C'],A,AC calorimetry,"origin: commercial source,99.96 % (total),stated by supplier,plate",99.96,Not Specified %,1971
310.38,24.0622,0.481244,None kPa,N/A,19930,['C'],A,AC calorimetry,"origin: commercial source,99.96 % (total),stated by supplier,plate",99.96,Not Specified %,1971
310.45,24.0747,0.481495,None kPa,N/A,19930,['C'],A,AC calorimetry,"origin: commercial source,99.96 % (total),stated by supplier,plate",99.96,Not Specified %,1971
310.52,24.0747,0.481495,None kPa,N/A,19930,['C'],A,AC calorimetry,"origin: commercial source,99.96 % (total),stated by supplier,plate",99.96,Not Specified %,1971
310.59,24.0998,0.481997,None kPa,N/A,19930,['C'],A,AC calorimetry,"origin: commercial source,99.96 % (total),stated by supplier,plate",99.96,Not Specified %,1971
310.66,24.1124,0.482248,None kPa,N/A,19930,['C'],A,AC calorimetry,"origin: commercial source,99.96 % (total),stated by supplier,plate",99.96,Not Specified %,1971
310.73,24.1124,0.482248,None kPa,N/A,19930,['C'],A,AC calorimetry,"origin: commercial source,99.96 % (total),stated by supplier,plate",99.96,Not Specified %,1971
310.8,24.1375,0.48275,None kPa,N/A,19930,['C'],A,AC calorimetry,"origin: commercial source,99.96 % (total),stated by supplier,plate",99.96,Not Specified %,1971
310.87,24.1375,0.48275,None kPa,N/A,19930,['C'],A,AC calorimetry,"origin: commercial source,99.96 % (total),stated by supplier,plate",99.96,Not Specified %,1971
310.94,24.1626,0.483252,None kPa,N/A,19930,['C'],A,AC calorimetry,"origin: commercial source,99.96 % (total),stated by supplier,plate",99.96,Not Specified %,1971
311.01,24.1877,0.483754,None kPa,N/A,19930,['C'],A,AC calorimetry,"origin: commercial source,99.96 % (total),stated by supplier,plate",99.96,Not Specified %,1971
311.08,24.2003,0.484005,None kPa,N/A,19930,['C'],A,AC calorimetry,"origin: commercial source,99.96 % (total),stated by supplier,plate",99.96,Not Specified %,1971
311.14,24.2714,0.485428,None kPa,N/A,19930,['C'],A,AC calorimetry,"origin: commercial source,99.96 % (total),stated by supplier,plate",99.96,Not Specified %,1971
311.21,24.3341,0.486683,None kPa,N/A,19930,['C'],A,AC calorimetry,"origin: commercial source,99.96 % (total),stated by supplier,plate",99.96,Not Specified %,1971
311.28,24.4053,0.488105,None kPa,N/A,19930,['C'],A,AC calorimetry,"origin: commercial source,99.96 % (total),stated by supplier,plate",99.96,Not Specified %,1971
311.34,24.5266,0.490532,None kPa,N/A,19930,['C'],A,AC calorimetry,"origin: commercial source,99.96 % (total),stated by supplier,plate",99.96,Not Specified %,1971
311.4,24.694,0.493879,None kPa,N/A,19930,['C'],A,AC calorimetry,"origin: commercial source,99.96 % (total),stated by supplier,plate",99.96,Not Specified %,1971
311.44,24.9115,0.498231,None kPa,N/A,19930,['C'],A,AC calorimetry,"origin: commercial source,99.96 % (total),stated by supplier,plate",99.96,Not Specified %,1971
311.48,25.1751,0.503503,None kPa,N/A,19930,['C'],A,AC calorimetry,"origin: commercial source,99.96 % (total),stated by supplier,plate",99.96,Not Specified %,1971
311.49,25.468,0.50936,None kPa,N/A,19930,['C'],A,AC calorimetry,"origin: commercial source,99.96 % (total),stated by supplier,plate",99.96,Not Specified %,1971
311.5,25.7693,0.515385,None kPa,N/A,19930,['C'],A,AC calorimetry,"origin: commercial source,99.96 % (total),stated by supplier,plate",99.96,Not Specified %,1971
311.51,26.104,0.52208,None kPa,N/A,19930,['C'],A,AC calorimetry,"origin: commercial source,99.96 % (total),stated by supplier,plate",99.96,Not Specified %,1971
311.52,26.4052,0.528104,None kPa,N/A,19930,['C'],A,AC calorimetry,"origin: commercial source,99.96 % (total),stated by supplier,plate",99.96,Not Specified %,1971
311.52,26.7065,0.534129,None kPa,N/A,19930,['C'],A,AC calorimetry,"origin: commercial source,99.96 % (total),stated by supplier,plate",99.96,Not Specified %,1971
311.53,27.0077,0.540154,None kPa,N/A,19930,['C'],A,AC calorimetry,"origin: commercial source,99.96 % (total),stated by supplier,plate",99.96,Not Specified %,1971
311.53,27.309,0.546179,None kPa,N/A,19930,['C'],A,AC calorimetry,"origin: commercial source,99.96 % (total),stated by supplier,plate",99.96,Not Specified %,1971
311.53,27.6102,0.552204,None kPa,N/A,19930,['C'],A,AC calorimetry,"origin: commercial source,99.96 % (total),stated by supplier,plate",99.96,Not Specified %,1971
311.53,27.878,0.55756,None kPa,N/A,19930,['C'],A,AC calorimetry,"origin: commercial source,99.96 % (total),stated by supplier,plate",99.96,Not Specified %,1971
311.53,28.4805,0.56961,None kPa,N/A,19930,['C'],A,AC calorimetry,"origin: commercial source,99.96 % (total),stated by supplier,plate",99.96,Not Specified %,1971
311.53,29.016,0.580321,None kPa,N/A,19930,['C'],A,AC calorimetry,"origin: commercial source,99.96 % (total),stated by supplier,plate",99.96,Not Specified %,1971
311.53,28.2043,0.564087,None kPa,N/A,19930,['C'],A,AC calorimetry,"origin: commercial source,99.96 % (total),stated by supplier,plate",99.96,Not Specified %,1971
311.53,28.7064,0.574129,None kPa,N/A,19930,['C'],A,AC calorimetry,"origin: commercial source,99.96 % (total),stated by supplier,plate",99.96,Not Specified %,1971
311.54,29.38,0.587601,None kPa,N/A,19930,['C'],A,AC calorimetry,"origin: commercial source,99.96 % (total),stated by supplier,plate",99.96,Not Specified %,1971
311.54,30.2629,0.605257,None kPa,N/A,19930,['C'],A,AC calorimetry,"origin: commercial source,99.96 % (total),stated by supplier,plate",99.96,Not Specified %,1971
311.54,29.903,0.598061,None kPa,N/A,19930,['C'],A,AC calorimetry,"origin: commercial source,99.96 % (total),stated by supplier,plate",99.96,Not Specified %,1971
311.54,30.6311,0.612621,None kPa,N/A,19930,['C'],A,AC calorimetry,"origin: commercial source,99.96 % (total),stated by supplier,plate",99.96,Not Specified %,1971
311.54,29.5851,0.591701,None kPa,N/A,19930,['C'],A,AC calorimetry,"origin: commercial source,99.96 % (total),stated by supplier,plate",99.96,Not Specified %,1971
311.54,30.9072,0.618144,None kPa,N/A,19930,['C'],A,AC calorimetry,"origin: commercial source,99.96 % (total),stated by supplier,plate",99.96,Not Specified %,1971
311.54,31.1875,0.623751,None kPa,N/A,19930,['C'],A,AC calorimetry,"origin: commercial source,99.96 % (total),stated by supplier,plate",99.96,Not Specified %,1971
311.54,31.5515,0.631031,None kPa,N/A,19930,['C'],A,AC calorimetry,"origin: commercial source,99.96 % (total),stated by supplier,plate",99.96,Not Specified %,1971
311.54,32.4427,0.648855,None kPa,N/A,19930,['C'],A,AC calorimetry,"origin: commercial source,99.96 % (total),stated by supplier,plate",99.96,Not Specified %,1971
311.54,32.5975,0.651951,None kPa,N/A,19930,['C'],A,AC calorimetry,"origin: commercial source,99.96 % (total),stated by supplier,plate",99.96,Not Specified %,1971
311.54,31.9407,0.638813,None kPa,N/A,19930,['C'],A,AC calorimetry,"origin: commercial source,99.96 % (total),stated by supplier,plate",99.96,Not Specified %,1971
311.54,32.1415,0.64283,None kPa,N/A,19930,['C'],A,AC calorimetry,"origin: commercial source,99.96 % (total),stated by supplier,plate",99.96,Not Specified %,1971
311.55,33.9239,0.678477,None kPa,N/A,19930,['C'],A,AC calorimetry,"origin: commercial source,99.96 % (total),stated by supplier,plate",99.96,Not Specified %,1971
311.55,34.1707,0.683415,None kPa,N/A,19930,['C'],A,AC calorimetry,"origin: commercial source,99.96 % (total),stated by supplier,plate",99.96,Not Specified %,1971
311.55,35.1289,0.702577,None kPa,N/A,19930,['C'],A,AC calorimetry,"origin: commercial source,99.96 % (total),stated by supplier,plate",99.96,Not Specified %,1971
311.55,36.8192,0.736384,None kPa,N/A,19930,['C'],A,AC calorimetry,"origin: commercial source,99.96 % (total),stated by supplier,plate",99.96,Not Specified %,1971
311.55,35.3841,0.707682,None kPa,N/A,19930,['C'],A,AC calorimetry,"origin: commercial source,99.96 % (total),stated by supplier,plate",99.96,Not Specified %,1971
311.56,33.6352,0.672704,None kPa,N/A,19930,['C'],A,AC calorimetry,"origin: commercial source,99.96 % (total),stated by supplier,plate",99.96,Not Specified %,1971
311.56,34.4176,0.688352,None kPa,N/A,19930,['C'],A,AC calorimetry,"origin: commercial source,99.96 % (total),stated by supplier,plate",99.96,Not Specified %,1971
311.56,36.1539,0.723079,None kPa,N/A,19930,['C'],A,AC calorimetry,"origin: commercial source,99.96 % (total),stated by supplier,plate",99.96,Not Specified %,1971
311.56,37.0117,0.740233,None kPa,N/A,19930,['C'],A,AC calorimetry,"origin: commercial source,99.96 % (total),stated by supplier,plate",99.96,Not Specified %,1971
311.56,33.1749,0.663499,None kPa,N/A,19930,['C'],A,AC calorimetry,"origin: commercial source,99.96 % (total),stated by supplier,plate",99.96,Not Specified %,1971
311.56,35.7565,0.715129,None kPa,N/A,19930,['C'],A,AC calorimetry,"origin: commercial source,99.96 % (total),stated by supplier,plate",99.96,Not Specified %,1971
311.56,36.4217,0.728434,None kPa,N/A,19930,['C'],A,AC calorimetry,"origin: commercial source,99.96 % (total),stated by supplier,plate",99.96,Not Specified %,1971
311.56,32.9741,0.659482,None kPa,N/A,19930,['C'],A,AC calorimetry,"origin: commercial source,99.96 % (total),stated by supplier,plate",99.96,Not Specified %,1971
311.56,37.246,0.744919,None kPa,N/A,19930,['C'],A,AC calorimetry,"origin: commercial source,99.96 % (total),stated by supplier,plate",99.96,Not Specified %,1971
311.56,37.6225,0.752451,None kPa,N/A,19930,['C'],A,AC calorimetry,"origin: commercial source,99.96 % (total),stated by supplier,plate",99.96,Not Specified %,1971
311.56,37.907,0.758141,None kPa,N/A,19930,['C'],A,AC calorimetry,"origin: commercial source,99.96 % (total),stated by supplier,plate",99.96,Not Specified %,1971
311.56,33.426,0.668519,None kPa,N/A,19930,['C'],A,AC calorimetry,"origin: commercial source,99.96 % (total),stated by supplier,plate",99.96,Not Specified %,1971
311.56,34.7356,0.694711,None kPa,N/A,19930,['C'],A,AC calorimetry,"origin: commercial source,99.96 % (total),stated by supplier,plate",99.96,Not Specified %,1971
311.56,38.2083,0.764166,None kPa,N/A,19930,['C'],A,AC calorimetry,"origin: commercial source,99.96 % (total),stated by supplier,plate",99.96,Not Specified %,1971
311.56,32.7356,0.654712,None kPa,N/A,19930,['C'],A,AC calorimetry,"origin: commercial source,99.96 % (total),stated by supplier,plate",99.96,Not Specified %,1971
311.56,30.5014,0.610027,None kPa,N/A,19930,['C'],A,AC calorimetry,"origin: commercial source,99.96 % (total),stated by supplier,plate",99.96,Not Specified %,1971
311.56,32.4595,0.649189,None kPa,N/A,19930,['C'],A,AC calorimetry,"origin: commercial source,99.96 % (total),stated by supplier,plate",99.96,Not Specified %,1971
311.57,30.8486,0.616973,None kPa,N/A,19930,['C'],A,AC calorimetry,"origin: commercial source,99.96 % (total),stated by supplier,plate",99.96,Not Specified %,1971
311.57,31.2628,0.625257,None kPa,N/A,19930,['C'],A,AC calorimetry,"origin: commercial source,99.96 % (total),stated by supplier,plate",99.96,Not Specified %,1971
311.57,29.2671,0.585342,None kPa,N/A,19930,['C'],A,AC calorimetry,"origin: commercial source,99.96 % (total),stated by supplier,plate",99.96,Not Specified %,1971
311.57,28.8654,0.577308,None kPa,N/A,19930,['C'],A,AC calorimetry,"origin: commercial source,99.96 % (total),stated by supplier,plate",99.96,Not Specified %,1971
311.57,30.0453,0.600906,None kPa,N/A,19930,['C'],A,AC calorimetry,"origin: commercial source,99.96 % (total),stated by supplier,plate",99.96,Not Specified %,1971
311.57,31.7607,0.635215,None kPa,N/A,19930,['C'],A,AC calorimetry,"origin: commercial source,99.96 % (total),stated by supplier,plate",99.96,Not Specified %,1971
311.57,29.719,0.594379,None kPa,N/A,19930,['C'],A,AC calorimetry,"origin: commercial source,99.96 % (total),stated by supplier,plate",99.96,Not Specified %,1971
311.57,32.2042,0.644085,None kPa,N/A,19930,['C'],A,AC calorimetry,"origin: commercial source,99.96 % (total),stated by supplier,plate",99.96,Not Specified %,1971
311.57,28.4135,0.568271,None kPa,N/A,19930,['C'],A,AC calorimetry,"origin: commercial source,99.96 % (total),stated by supplier,plate",99.96,Not Specified %,1971
311.57,28.0997,0.561995,None kPa,N/A,19930,['C'],A,AC calorimetry,"origin: commercial source,99.96 % (total),stated by supplier,plate",99.96,Not Specified %,1971
311.58,27.673,0.55346,None kPa,N/A,19930,['C'],A,AC calorimetry,"origin: commercial source,99.96 % (total),stated by supplier,plate",99.96,Not Specified %,1971
311.58,27.2044,0.544087,None kPa,N/A,19930,['C'],A,AC calorimetry,"origin: commercial source,99.96 % (total),stated by supplier,plate",99.96,Not Specified %,1971
311.58,26.9115,0.53823,None kPa,N/A,19930,['C'],A,AC calorimetry,"origin: commercial source,99.96 % (total),stated by supplier,plate",99.96,Not Specified %,1971
311.59,26.6228,0.532456,None kPa,N/A,19930,['C'],A,AC calorimetry,"origin: commercial source,99.96 % (total),stated by supplier,plate",99.96,Not Specified %,1971
311.59,26.3215,0.526431,None kPa,N/A,19930,['C'],A,AC calorimetry,"origin: commercial source,99.96 % (total),stated by supplier,plate",99.96,Not Specified %,1971
311.6,26.0203,0.520406,None kPa,N/A,19930,['C'],A,AC calorimetry,"origin: commercial source,99.96 % (total),stated by supplier,plate",99.96,Not Specified %,1971
311.6,25.719,0.514381,None kPa,N/A,19930,['C'],A,AC calorimetry,"origin: commercial source,99.96 % (total),stated by supplier,plate",99.96,Not Specified %,1971
311.61,25.422,0.50844,None kPa,N/A,19930,['C'],A,AC calorimetry,"origin: commercial source,99.96 % (total),stated by supplier,plate",99.96,Not Specified %,1971
311.61,25.0914,0.501829,None kPa,N/A,19930,['C'],A,AC calorimetry,"origin: commercial source,99.96 % (total),stated by supplier,plate",99.96,Not Specified %,1971
311.62,24.8279,0.496557,None kPa,N/A,19930,['C'],A,AC calorimetry,"origin: commercial source,99.96 % (total),stated by supplier,plate",99.96,Not Specified %,1971
311.63,24.5057,0.490114,None kPa,N/A,19930,['C'],A,AC calorimetry,"origin: commercial source,99.96 % (total),stated by supplier,plate",99.96,Not Specified %,1971
311.64,24.309,0.486181,None kPa,N/A,19930,['C'],A,AC calorimetry,"origin: commercial source,99.96 % (total),stated by supplier,plate",99.96,Not Specified %,1971
311.67,24.058,0.48116,None kPa,N/A,19930,['C'],A,AC calorimetry,"origin: commercial source,99.96 % (total),stated by supplier,plate",99.96,Not Specified %,1971
311.74,23.9367,0.478733,None kPa,N/A,19930,['C'],A,AC calorimetry,"origin: commercial source,99.96 % (total),stated by supplier,plate",99.96,Not Specified %,1971
311.8,23.853,0.47706,None kPa,N/A,19930,['C'],A,AC calorimetry,"origin: commercial source,99.96 % (total),stated by supplier,plate",99.96,Not Specified %,1971
311.87,23.7819,0.475637,None kPa,N/A,19930,['C'],A,AC calorimetry,"origin: commercial source,99.96 % (total),stated by supplier,plate",99.96,Not Specified %,1971
311.94,23.7484,0.474968,None kPa,N/A,19930,['C'],A,AC calorimetry,"origin: commercial source,99.96 % (total),stated by supplier,plate",99.96,Not Specified %,1971
312.01,23.7107,0.474215,None kPa,N/A,19930,['C'],A,AC calorimetry,"origin: commercial source,99.96 % (total),stated by supplier,plate",99.96,Not Specified %,1971
312.08,23.7233,0.474466,None kPa,N/A,19930,['C'],A,AC calorimetry,"origin: commercial source,99.96 % (total),stated by supplier,plate",99.96,Not Specified %,1971
312.15,23.7107,0.474215,None kPa,N/A,19930,['C'],A,AC calorimetry,"origin: commercial source,99.96 % (total),stated by supplier,plate",99.96,Not Specified %,1971
312.22,23.7107,0.474215,None kPa,N/A,19930,['C'],A,AC calorimetry,"origin: commercial source,99.96 % (total),stated by supplier,plate",99.96,Not Specified %,1971
312.29,23.7149,0.474298,None kPa,N/A,19930,['C'],A,AC calorimetry,"origin: commercial source,99.96 % (total),stated by supplier,plate",99.96,Not Specified %,1971
312.33,23.7484,0.474968,None kPa,N/A,19930,['C'],A,AC calorimetry,"origin: commercial source,99.96 % (total),stated by supplier,plate",99.96,Not Specified %,1971
312.4,23.7484,0.474968,None kPa,N/A,19930,['C'],A,AC calorimetry,"origin: commercial source,99.96 % (total),stated by supplier,plate",99.96,Not Specified %,1971
312.47,23.7275,0.474549,None kPa,N/A,19930,['C'],A,AC calorimetry,"origin: commercial source,99.96 % (total),stated by supplier,plate",99.96,Not Specified %,1971
312.53,23.7275,0.474549,None kPa,N/A,19930,['C'],A,AC calorimetry,"origin: commercial source,99.96 % (total),stated by supplier,plate",99.96,Not Specified %,1971
312.6,23.7651,0.475302,None kPa,N/A,19930,['C'],A,AC calorimetry,"origin: commercial source,99.96 % (total),stated by supplier,plate",99.96,Not Specified %,1971
312.67,23.74,0.4748,None kPa,N/A,19930,['C'],A,AC calorimetry,"origin: commercial source,99.96 % (total),stated by supplier,plate",99.96,Not Specified %,1971
312.74,23.7275,0.474549,None kPa,N/A,19930,['C'],A,AC calorimetry,"origin: commercial source,99.96 % (total),stated by supplier,plate",99.96,Not Specified %,1971
312.81,23.7275,0.474549,None kPa,N/A,19930,['C'],A,AC calorimetry,"origin: commercial source,99.96 % (total),stated by supplier,plate",99.96,Not Specified %,1971
312.88,23.7191,0.474382,None kPa,N/A,19930,['C'],A,AC calorimetry,"origin: commercial source,99.96 % (total),stated by supplier,plate",99.96,Not Specified %,1971
312.95,23.7191,0.474382,None kPa,N/A,19930,['C'],A,AC calorimetry,"origin: commercial source,99.96 % (total),stated by supplier,plate",99.96,Not Specified %,1971
313.02,23.7191,0.474382,None kPa,N/A,19930,['C'],A,AC calorimetry,"origin: commercial source,99.96 % (total),stated by supplier,plate",99.96,Not Specified %,1971
313.09,23.7065,0.474131,None kPa,N/A,19930,['C'],A,AC calorimetry,"origin: commercial source,99.96 % (total),stated by supplier,plate",99.96,Not Specified %,1971
313.16,23.7191,0.474382,None kPa,N/A,19930,['C'],A,AC calorimetry,"origin: commercial source,99.96 % (total),stated by supplier,plate",99.96,Not Specified %,1971
313.23,23.7191,0.474382,None kPa,N/A,19930,['C'],A,AC calorimetry,"origin: commercial source,99.96 % (total),stated by supplier,plate",99.96,Not Specified %,1971
313.31,23.7065,0.474131,None kPa,N/A,19930,['C'],A,AC calorimetry,"origin: commercial source,99.96 % (total),stated by supplier,plate",99.96,Not Specified %,1971
313.37,23.7065,0.474131,None kPa,N/A,19930,['C'],A,AC calorimetry,"origin: commercial source,99.96 % (total),stated by supplier,plate",99.96,Not Specified %,1971
313.44,23.7065,0.474131,None kPa,N/A,19930,['C'],A,AC calorimetry,"origin: commercial source,99.96 % (total),stated by supplier,plate",99.96,Not Specified %,1971
311.55,97.6587,1.95317,None kPa,N/A,19930,['C'],A,AC calorimetry,"origin: commercial source,99.96 % (total),stated by supplier,plate",99.96,Not Specified %,1971
311.55,95.1442,1.90288,None kPa,N/A,19930,['C'],A,AC calorimetry,"origin: commercial source,99.96 % (total),stated by supplier,plate",99.96,Not Specified %,1971
311.56,95.391,1.90782,None kPa,N/A,19930,['C'],A,AC calorimetry,"origin: commercial source,99.96 % (total),stated by supplier,plate",99.96,Not Specified %,1971
279.1,23.535,0.23535,None kPa,N/A,20809,['C'],A,Adiabatic calorimeter (non-vacuum) ,"origin: commercial source,99.99 % (total),stated by supplier,rod",99.99,Not Specified %,1972
281.8,23.657,0.23657,None kPa,N/A,20809,['C'],A,Adiabatic calorimeter (non-vacuum) ,"origin: commercial source,99.99 % (total),stated by supplier,rod",99.99,Not Specified %,1972
282.8,23.731,0.23731,None kPa,N/A,20809,['C'],A,Adiabatic calorimeter (non-vacuum) ,"origin: commercial source,99.99 % (total),stated by supplier,rod",99.99,Not Specified %,1972
284.1,23.916,0.23916,None kPa,N/A,20809,['C'],A,Adiabatic calorimeter (non-vacuum) ,"origin: commercial source,99.99 % (total),stated by supplier,rod",99.99,Not Specified %,1972
290.7,24.25,0.2425,None kPa,N/A,20809,['C'],A,Adiabatic calorimeter (non-vacuum) ,"origin: commercial source,99.99 % (total),stated by supplier,rod",99.99,Not Specified %,1972
291.4,24.511,0.24511,None kPa,N/A,20809,['C'],A,Adiabatic calorimeter (non-vacuum) ,"origin: commercial source,99.99 % (total),stated by supplier,rod",99.99,Not Specified %,1972
292.7,24.399,0.24399,None kPa,N/A,20809,['C'],A,Adiabatic calorimeter (non-vacuum) ,"origin: commercial source,99.99 % (total),stated by supplier,rod",99.99,Not Specified %,1972
293.3,24.39,0.2439,None kPa,N/A,20809,['C'],A,Adiabatic calorimeter (non-vacuum) ,"origin: commercial source,99.99 % (total),stated by supplier,rod",99.99,Not Specified %,1972
294.4,24.63,0.2463,None kPa,N/A,20809,['C'],A,Adiabatic calorimeter (non-vacuum) ,"origin: commercial source,99.99 % (total),stated by supplier,rod",99.99,Not Specified %,1972
295.6,24.621,0.24621,None kPa,N/A,20809,['C'],A,Adiabatic calorimeter (non-vacuum) ,"origin: commercial source,99.99 % (total),stated by supplier,rod",99.99,Not Specified %,1972
295.7,24.95,0.2495,None kPa,N/A,20809,['C'],A,Adiabatic calorimeter (non-vacuum) ,"origin: commercial source,99.99 % (total),stated by supplier,rod",99.99,Not Specified %,1972
299.7,24.681,0.24681,None kPa,N/A,20809,['C'],A,Adiabatic calorimeter (non-vacuum) ,"origin: commercial source,99.99 % (total),stated by supplier,rod",99.99,Not Specified %,1972
301.6,24.813,0.24813,None kPa,N/A,20809,['C'],A,Adiabatic calorimeter (non-vacuum) ,"origin: commercial source,99.99 % (total),stated by supplier,rod",99.99,Not Specified %,1972
302.1,24.995,0.24995,None kPa,N/A,20809,['C'],A,Adiabatic calorimeter (non-vacuum) ,"origin: commercial source,99.99 % (total),stated by supplier,rod",99.99,Not Specified %,1972
304.2,25.099,0.25099,None kPa,N/A,20809,['C'],A,Adiabatic calorimeter (non-vacuum) ,"origin: commercial source,99.99 % (total),stated by supplier,rod",99.99,Not Specified %,1972
304.5,24.932,0.24932,None kPa,N/A,20809,['C'],A,Adiabatic calorimeter (non-vacuum) ,"origin: commercial source,99.99 % (total),stated by supplier,rod",99.99,Not Specified %,1972
304.7,25.093,0.25093,None kPa,N/A,20809,['C'],A,Adiabatic calorimeter (non-vacuum) ,"origin: commercial source,99.99 % (total),stated by supplier,rod",99.99,Not Specified %,1972
304.9,24.93,0.2493,None kPa,N/A,20809,['C'],A,Adiabatic calorimeter (non-vacuum) ,"origin: commercial source,99.99 % (total),stated by supplier,rod",99.99,Not Specified %,1972
305.2,25.078,0.25078,None kPa,N/A,20809,['C'],A,Adiabatic calorimeter (non-vacuum) ,"origin: commercial source,99.99 % (total),stated by supplier,rod",99.99,Not Specified %,1972
306.7,24.803,0.24803,None kPa,N/A,20809,['C'],A,Adiabatic calorimeter (non-vacuum) ,"origin: commercial source,99.99 % (total),stated by supplier,rod",99.99,Not Specified %,1972
307.2,25.058,0.25058,None kPa,N/A,20809,['C'],A,Adiabatic calorimeter (non-vacuum) ,"origin: commercial source,99.99 % (total),stated by supplier,rod",99.99,Not Specified %,1972
307.4,25.139,0.25139,None kPa,N/A,20809,['C'],A,Adiabatic calorimeter (non-vacuum) ,"origin: commercial source,99.99 % (total),stated by supplier,rod",99.99,Not Specified %,1972
307.6,24.96,0.2496,None kPa,N/A,20809,['C'],A,Adiabatic calorimeter (non-vacuum) ,"origin: commercial source,99.99 % (total),stated by supplier,rod",99.99,Not Specified %,1972
308.3,25.195,0.25195,None kPa,N/A,20809,['C'],A,Adiabatic calorimeter (non-vacuum) ,"origin: commercial source,99.99 % (total),stated by supplier,rod",99.99,Not Specified %,1972
308.4,25.163,0.25163,None kPa,N/A,20809,['C'],A,Adiabatic calorimeter (non-vacuum) ,"origin: commercial source,99.99 % (total),stated by supplier,rod",99.99,Not Specified %,1972
309.0,25.351,0.25351,None kPa,N/A,20809,['C'],A,Adiabatic calorimeter (non-vacuum) ,"origin: commercial source,99.99 % (total),stated by supplier,rod",99.99,Not Specified %,1972
309.4,25.101,0.25101,None kPa,N/A,20809,['C'],A,Adiabatic calorimeter (non-vacuum) ,"origin: commercial source,99.99 % (total),stated by supplier,rod",99.99,Not Specified %,1972
309.7,25.04,0.2504,None kPa,N/A,20809,['C'],A,Adiabatic calorimeter (non-vacuum) ,"origin: commercial source,99.99 % (total),stated by supplier,rod",99.99,Not Specified %,1972
310.1,25.018,0.25018,None kPa,N/A,20809,['C'],A,Adiabatic calorimeter (non-vacuum) ,"origin: commercial source,99.99 % (total),stated by supplier,rod",99.99,Not Specified %,1972
310.3,25.27,0.2527,None kPa,N/A,20809,['C'],A,Adiabatic calorimeter (non-vacuum) ,"origin: commercial source,99.99 % (total),stated by supplier,rod",99.99,Not Specified %,1972
310.8,25.097,0.25097,None kPa,N/A,20809,['C'],A,Adiabatic calorimeter (non-vacuum) ,"origin: commercial source,99.99 % (total),stated by supplier,rod",99.99,Not Specified %,1972
310.9,25.27,0.2527,None kPa,N/A,20809,['C'],A,Adiabatic calorimeter (non-vacuum) ,"origin: commercial source,99.99 % (total),stated by supplier,rod",99.99,Not Specified %,1972
311.1,25.523,0.25523,None kPa,N/A,20809,['C'],A,Adiabatic calorimeter (non-vacuum) ,"origin: commercial source,99.99 % (total),stated by supplier,rod",99.99,Not Specified %,1972
311.2,25.653,0.25653,None kPa,N/A,20809,['C'],A,Adiabatic calorimeter (non-vacuum) ,"origin: commercial source,99.99 % (total),stated by supplier,rod",99.99,Not Specified %,1972
311.3,26.156,0.26156,None kPa,N/A,20809,['C'],A,Adiabatic calorimeter (non-vacuum) ,"origin: commercial source,99.99 % (total),stated by supplier,rod",99.99,Not Specified %,1972
311.4,25.836,0.25836,None kPa,N/A,20809,['C'],A,Adiabatic calorimeter (non-vacuum) ,"origin: commercial source,99.99 % (total),stated by supplier,rod",99.99,Not Specified %,1972
311.5,25.431,0.25431,None kPa,N/A,20809,['C'],A,Adiabatic calorimeter (non-vacuum) ,"origin: commercial source,99.99 % (total),stated by supplier,rod",99.99,Not Specified %,1972
311.6,26.374,0.26374,None kPa,N/A,20809,['C'],A,Adiabatic calorimeter (non-vacuum) ,"origin: commercial source,99.99 % (total),stated by supplier,rod",99.99,Not Specified %,1972
311.6,27.077,0.27077,None kPa,N/A,20809,['C'],A,Adiabatic calorimeter (non-vacuum) ,"origin: commercial source,99.99 % (total),stated by supplier,rod",99.99,Not Specified %,1972
311.6,27.0,0.27,None kPa,N/A,20809,['C'],A,Adiabatic calorimeter (non-vacuum) ,"origin: commercial source,99.99 % (total),stated by supplier,rod",99.99,Not Specified %,1972
311.6,25.487,0.25487,None kPa,N/A,20809,['C'],A,Adiabatic calorimeter (non-vacuum) ,"origin: commercial source,99.99 % (total),stated by supplier,rod",99.99,Not Specified %,1972
311.7,27.469,0.27469,None kPa,N/A,20809,['C'],A,Adiabatic calorimeter (non-vacuum) ,"origin: commercial source,99.99 % (total),stated by supplier,rod",99.99,Not Specified %,1972
311.8,28.14,0.2814,None kPa,N/A,20809,['C'],A,Adiabatic calorimeter (non-vacuum) ,"origin: commercial source,99.99 % (total),stated by supplier,rod",99.99,Not Specified %,1972
311.8,27.958,0.27958,None kPa,N/A,20809,['C'],A,Adiabatic calorimeter (non-vacuum) ,"origin: commercial source,99.99 % (total),stated by supplier,rod",99.99,Not Specified %,1972
311.8,25.675,0.25675,None kPa,N/A,20809,['C'],A,Adiabatic calorimeter (non-vacuum) ,"origin: commercial source,99.99 % (total),stated by supplier,rod",99.99,Not Specified %,1972
312.0,25.942,0.25942,None kPa,N/A,20809,['C'],A,Adiabatic calorimeter (non-vacuum) ,"origin: commercial source,99.99 % (total),stated by supplier,rod",99.99,Not Specified %,1972
312.0,27.469,0.27469,None kPa,N/A,20809,['C'],A,Adiabatic calorimeter (non-vacuum) ,"origin: commercial source,99.99 % (total),stated by supplier,rod",99.99,Not Specified %,1972
312.1,25.426,0.25426,None kPa,N/A,20809,['C'],A,Adiabatic calorimeter (non-vacuum) ,"origin: commercial source,99.99 % (total),stated by supplier,rod",99.99,Not Specified %,1972
312.1,24.893,0.24893,None kPa,N/A,20809,['C'],A,Adiabatic calorimeter (non-vacuum) ,"origin: commercial source,99.99 % (total),stated by supplier,rod",99.99,Not Specified %,1972
312.2,24.43,0.2443,None kPa,N/A,20809,['C'],A,Adiabatic calorimeter (non-vacuum) ,"origin: commercial source,99.99 % (total),stated by supplier,rod",99.99,Not Specified %,1972
312.2,24.585,0.24585,None kPa,N/A,20809,['C'],A,Adiabatic calorimeter (non-vacuum) ,"origin: commercial source,99.99 % (total),stated by supplier,rod",99.99,Not Specified %,1972
312.6,24.593,0.24593,None kPa,N/A,20809,['C'],A,Adiabatic calorimeter (non-vacuum) ,"origin: commercial source,99.99 % (total),stated by supplier,rod",99.99,Not Specified %,1972
312.6,24.472,0.24472,None kPa,N/A,20809,['C'],A,Adiabatic calorimeter (non-vacuum) ,"origin: commercial source,99.99 % (total),stated by supplier,rod",99.99,Not Specified %,1972
315.3,24.278,0.24278,None kPa,N/A,20809,['C'],A,Adiabatic calorimeter (non-vacuum) ,"origin: commercial source,99.99 % (total),stated by supplier,rod",99.99,Not Specified %,1972
316.3,24.519,0.24519,None kPa,N/A,20809,['C'],A,Adiabatic calorimeter (non-vacuum) ,"origin: commercial source,99.99 % (total),stated by supplier,rod",99.99,Not Specified %,1972
316.9,24.37,0.2437,None kPa,N/A,20809,['C'],A,Adiabatic calorimeter (non-vacuum) ,"origin: commercial source,99.99 % (total),stated by supplier,rod",99.99,Not Specified %,1972
317.0,24.494,0.24494,None kPa,N/A,20809,['C'],A,Adiabatic calorimeter (non-vacuum) ,"origin: commercial source,99.99 % (total),stated by supplier,rod",99.99,Not Specified %,1972
318.4,24.328,0.24328,None kPa,N/A,20809,['C'],A,Adiabatic calorimeter (non-vacuum) ,"origin: commercial source,99.99 % (total),stated by supplier,rod",99.99,Not Specified %,1972
319.7,24.366,0.24366,None kPa,N/A,20809,['C'],A,Adiabatic calorimeter (non-vacuum) ,"origin: commercial source,99.99 % (total),stated by supplier,rod",99.99,Not Specified %,1972
320.6,24.175,0.24175,None kPa,N/A,20809,['C'],A,Adiabatic calorimeter (non-vacuum) ,"origin: commercial source,99.99 % (total),stated by supplier,rod",99.99,Not Specified %,1972
322.2,24.384,0.24384,None kPa,N/A,20809,['C'],A,Adiabatic calorimeter (non-vacuum) ,"origin: commercial source,99.99 % (total),stated by supplier,rod",99.99,Not Specified %,1972
322.5,24.496,0.24496,None kPa,N/A,20809,['C'],A,Adiabatic calorimeter (non-vacuum) ,"origin: commercial source,99.99 % (total),stated by supplier,rod",99.99,Not Specified %,1972
323.2,24.241,0.24241,None kPa,N/A,20809,['C'],A,Adiabatic calorimeter (non-vacuum) ,"origin: commercial source,99.99 % (total),stated by supplier,rod",99.99,Not Specified %,1972
324.8,24.426,0.24426,None kPa,N/A,20809,['C'],A,Adiabatic calorimeter (non-vacuum) ,"origin: commercial source,99.99 % (total),stated by supplier,rod",99.99,Not Specified %,1972
325.5,24.195,0.24195,None kPa,N/A,20809,['C'],A,Adiabatic calorimeter (non-vacuum) ,"origin: commercial source,99.99 % (total),stated by supplier,rod",99.99,Not Specified %,1972
328.0,24.21,0.2421,None kPa,N/A,20809,['C'],A,Adiabatic calorimeter (non-vacuum) ,"origin: commercial source,99.99 % (total),stated by supplier,rod",99.99,Not Specified %,1972
328.8,24.372,0.24372,None kPa,N/A,20809,['C'],A,Adiabatic calorimeter (non-vacuum) ,"origin: commercial source,99.99 % (total),stated by supplier,rod",99.99,Not Specified %,1972
310.61,25.261,0.25261,None kPa,N/A,20810,['C'],A,Adiabatic calorimeter (non-vacuum) ,"origin: commercial source,99.99 % (total),stated by supplier,rod",99.99,Not Specified %,1972
310.65,25.218,0.25218,None kPa,N/A,20810,['C'],A,Adiabatic calorimeter (non-vacuum) ,"origin: commercial source,99.99 % (total),stated by supplier,rod",99.99,Not Specified %,1972
310.78,25.26,0.2526,None kPa,N/A,20810,['C'],A,Adiabatic calorimeter (non-vacuum) ,"origin: commercial source,99.99 % (total),stated by supplier,rod",99.99,Not Specified %,1972
310.83,25.27,0.2527,None kPa,N/A,20810,['C'],A,Adiabatic calorimeter (non-vacuum) ,"origin: commercial source,99.99 % (total),stated by supplier,rod",99.99,Not Specified %,1972
310.94,25.436,0.25436,None kPa,N/A,20810,['C'],A,Adiabatic calorimeter (non-vacuum) ,"origin: commercial source,99.99 % (total),stated by supplier,rod",99.99,Not Specified %,1972
311.0,25.257,0.25257,None kPa,N/A,20810,['C'],A,Adiabatic calorimeter (non-vacuum) ,"origin: commercial source,99.99 % (total),stated by supplier,rod",99.99,Not Specified %,1972
311.05,25.456,0.25456,None kPa,N/A,20810,['C'],A,Adiabatic calorimeter (non-vacuum) ,"origin: commercial source,99.99 % (total),stated by supplier,rod",99.99,Not Specified %,1972
311.08,25.486,0.25486,None kPa,N/A,20810,['C'],A,Adiabatic calorimeter (non-vacuum) ,"origin: commercial source,99.99 % (total),stated by supplier,rod",99.99,Not Specified %,1972
311.11,25.503,0.25503,None kPa,N/A,20810,['C'],A,Adiabatic calorimeter (non-vacuum) ,"origin: commercial source,99.99 % (total),stated by supplier,rod",99.99,Not Specified %,1972
311.21,25.989,0.25989,None kPa,N/A,20810,['C'],A,Adiabatic calorimeter (non-vacuum) ,"origin: commercial source,99.99 % (total),stated by supplier,rod",99.99,Not Specified %,1972
311.21,25.451,0.25451,None kPa,N/A,20810,['C'],A,Adiabatic calorimeter (non-vacuum) ,"origin: commercial source,99.99 % (total),stated by supplier,rod",99.99,Not Specified %,1972
311.26,26.147,0.26147,None kPa,N/A,20810,['C'],A,Adiabatic calorimeter (non-vacuum) ,"origin: commercial source,99.99 % (total),stated by supplier,rod",99.99,Not Specified %,1972
311.32,25.805,0.25805,None kPa,N/A,20810,['C'],A,Adiabatic calorimeter (non-vacuum) ,"origin: commercial source,99.99 % (total),stated by supplier,rod",99.99,Not Specified %,1972
311.32,25.852,0.25852,None kPa,N/A,20810,['C'],A,Adiabatic calorimeter (non-vacuum) ,"origin: commercial source,99.99 % (total),stated by supplier,rod",99.99,Not Specified %,1972
311.37,25.493,0.25493,None kPa,N/A,20810,['C'],A,Adiabatic calorimeter (non-vacuum) ,"origin: commercial source,99.99 % (total),stated by supplier,rod",99.99,Not Specified %,1972
311.41,26.013,0.26013,None kPa,N/A,20810,['C'],A,Adiabatic calorimeter (non-vacuum) ,"origin: commercial source,99.99 % (total),stated by supplier,rod",99.99,Not Specified %,1972
311.43,26.196,0.26196,None kPa,N/A,20810,['C'],A,Adiabatic calorimeter (non-vacuum) ,"origin: commercial source,99.99 % (total),stated by supplier,rod",99.99,Not Specified %,1972
311.44,26.802,0.26802,None kPa,N/A,20810,['C'],A,Adiabatic calorimeter (non-vacuum) ,"origin: commercial source,99.99 % (total),stated by supplier,rod",99.99,Not Specified %,1972
311.46,26.109,0.26109,None kPa,N/A,20810,['C'],A,Adiabatic calorimeter (non-vacuum) ,"origin: commercial source,99.99 % (total),stated by supplier,rod",99.99,Not Specified %,1972
311.5,26.69,0.2669,None kPa,N/A,20810,['C'],A,Adiabatic calorimeter (non-vacuum) ,"origin: commercial source,99.99 % (total),stated by supplier,rod",99.99,Not Specified %,1972
311.51,26.358,0.26358,None kPa,N/A,20810,['C'],A,Adiabatic calorimeter (non-vacuum) ,"origin: commercial source,99.99 % (total),stated by supplier,rod",99.99,Not Specified %,1972
311.52,26.503,0.26503,None kPa,N/A,20810,['C'],A,Adiabatic calorimeter (non-vacuum) ,"origin: commercial source,99.99 % (total),stated by supplier,rod",99.99,Not Specified %,1972
311.53,26.696,0.26696,None kPa,N/A,20810,['C'],A,Adiabatic calorimeter (non-vacuum) ,"origin: commercial source,99.99 % (total),stated by supplier,rod",99.99,Not Specified %,1972
311.53,26.799,0.26799,None kPa,N/A,20810,['C'],A,Adiabatic calorimeter (non-vacuum) ,"origin: commercial source,99.99 % (total),stated by supplier,rod",99.99,Not Specified %,1972
311.55,27.266,0.27266,None kPa,N/A,20810,['C'],A,Adiabatic calorimeter (non-vacuum) ,"origin: commercial source,99.99 % (total),stated by supplier,rod",99.99,Not Specified %,1972
311.6,27.328,0.27328,None kPa,N/A,20810,['C'],A,Adiabatic calorimeter (non-vacuum) ,"origin: commercial source,99.99 % (total),stated by supplier,rod",99.99,Not Specified %,1972
311.6,27.56,0.2756,None kPa,N/A,20810,['C'],A,Adiabatic calorimeter (non-vacuum) ,"origin: commercial source,99.99 % (total),stated by supplier,rod",99.99,Not Specified %,1972
311.63,28.113,0.28113,None kPa,N/A,20810,['C'],A,Adiabatic calorimeter (non-vacuum) ,"origin: commercial source,99.99 % (total),stated by supplier,rod",99.99,Not Specified %,1972
311.64,27.962,0.27962,None kPa,N/A,20810,['C'],A,Adiabatic calorimeter (non-vacuum) ,"origin: commercial source,99.99 % (total),stated by supplier,rod",99.99,Not Specified %,1972
311.66,27.838,0.27838,None kPa,N/A,20810,['C'],A,Adiabatic calorimeter (non-vacuum) ,"origin: commercial source,99.99 % (total),stated by supplier,rod",99.99,Not Specified %,1972
311.68,27.713,0.27713,None kPa,N/A,20810,['C'],A,Adiabatic calorimeter (non-vacuum) ,"origin: commercial source,99.99 % (total),stated by supplier,rod",99.99,Not Specified %,1972
311.74,26.757,0.26757,None kPa,N/A,20810,['C'],A,Adiabatic calorimeter (non-vacuum) ,"origin: commercial source,99.99 % (total),stated by supplier,rod",99.99,Not Specified %,1972
311.76,25.847,0.25847,None kPa,N/A,20810,['C'],A,Adiabatic calorimeter (non-vacuum) ,"origin: commercial source,99.99 % (total),stated by supplier,rod",99.99,Not Specified %,1972
311.78,26.108,0.26108,None kPa,N/A,20810,['C'],A,Adiabatic calorimeter (non-vacuum) ,"origin: commercial source,99.99 % (total),stated by supplier,rod",99.99,Not Specified %,1972
311.84,25.412,0.25412,None kPa,N/A,20810,['C'],A,Adiabatic calorimeter (non-vacuum) ,"origin: commercial source,99.99 % (total),stated by supplier,rod",99.99,Not Specified %,1972
311.86,25.47,0.2547,None kPa,N/A,20810,['C'],A,Adiabatic calorimeter (non-vacuum) ,"origin: commercial source,99.99 % (total),stated by supplier,rod",99.99,Not Specified %,1972
311.89,25.33,0.2533,None kPa,N/A,20810,['C'],A,Adiabatic calorimeter (non-vacuum) ,"origin: commercial source,99.99 % (total),stated by supplier,rod",99.99,Not Specified %,1972
311.93,24.585,0.24585,None kPa,N/A,20810,['C'],A,Adiabatic calorimeter (non-vacuum) ,"origin: commercial source,99.99 % (total),stated by supplier,rod",99.99,Not Specified %,1972
311.99,25.003,0.25003,None kPa,N/A,20810,['C'],A,Adiabatic calorimeter (non-vacuum) ,"origin: commercial source,99.99 % (total),stated by supplier,rod",99.99,Not Specified %,1972
312.07,24.877,0.24877,None kPa,N/A,20810,['C'],A,Adiabatic calorimeter (non-vacuum) ,"origin: commercial source,99.99 % (total),stated by supplier,rod",99.99,Not Specified %,1972
312.1,24.745,0.24745,None kPa,N/A,20810,['C'],A,Adiabatic calorimeter (non-vacuum) ,"origin: commercial source,99.99 % (total),stated by supplier,rod",99.99,Not Specified %,1972
312.15,24.69,0.2469,None kPa,N/A,20810,['C'],A,Adiabatic calorimeter (non-vacuum) ,"origin: commercial source,99.99 % (total),stated by supplier,rod",99.99,Not Specified %,1972
312.17,24.543,0.24543,None kPa,N/A,20810,['C'],A,Adiabatic calorimeter (non-vacuum) ,"origin: commercial source,99.99 % (total),stated by supplier,rod",99.99,Not Specified %,1972
312.55,24.585,0.24585,None kPa,N/A,20810,['C'],A,Adiabatic calorimeter (non-vacuum) ,"origin: commercial source,99.99 % (total),stated by supplier,rod",99.99,Not Specified %,1972
312.67,24.475,0.24475,None kPa,N/A,20810,['C'],A,Adiabatic calorimeter (non-vacuum) ,"origin: commercial source,99.99 % (total),stated by supplier,rod",99.99,Not Specified %,1972
312.67,24.442,0.24442,None kPa,N/A,20810,['C'],A,Adiabatic calorimeter (non-vacuum) ,"origin: commercial source,99.99 % (total),stated by supplier,rod",99.99,Not Specified %,1972
310.65,25.3,0.253,None kPa,N/A,20810,['C'],A,Adiabatic calorimeter (non-vacuum) ,"origin: commercial source,99.99 % (total),stated by supplier,rod",99.99,Not Specified %,1972
311.0,25.323,0.25323,None kPa,N/A,20810,['C'],A,Adiabatic calorimeter (non-vacuum) ,"origin: commercial source,99.99 % (total),stated by supplier,rod",99.99,Not Specified %,1972
311.13,25.613,0.25613,None kPa,N/A,20810,['C'],A,Adiabatic calorimeter (non-vacuum) ,"origin: commercial source,99.99 % (total),stated by supplier,rod",99.99,Not Specified %,1972
311.27,25.391,0.25391,None kPa,N/A,20810,['C'],A,Adiabatic calorimeter (non-vacuum) ,"origin: commercial source,99.99 % (total),stated by supplier,rod",99.99,Not Specified %,1972
311.38,25.828,0.25828,None kPa,N/A,20810,['C'],A,Adiabatic calorimeter (non-vacuum) ,"origin: commercial source,99.99 % (total),stated by supplier,rod",99.99,Not Specified %,1972
311.54,27.164,0.27164,None kPa,N/A,20810,['C'],A,Adiabatic calorimeter (non-vacuum) ,"origin: commercial source,99.99 % (total),stated by supplier,rod",99.99,Not Specified %,1972
311.66,27.451,0.27451,None kPa,N/A,20810,['C'],A,Adiabatic calorimeter (non-vacuum) ,"origin: commercial source,99.99 % (total),stated by supplier,rod",99.99,Not Specified %,1972
2.196,0.0030563,9.1689e-05,None kPa,N/A,14768,['C'],A,Low temperature calorimetry set up,"origin: commercial source,99.999 % (total),stated by supplier",99.999,Not Specified %,1964
2.206,0.0031876,9.5628e-05,None kPa,N/A,14768,['C'],A,Low temperature calorimetry set up,"origin: commercial source,99.999 % (total),stated by supplier",99.999,Not Specified %,1964
2.239,0.0031816,9.5448e-05,None kPa,N/A,14768,['C'],A,Low temperature calorimetry set up,"origin: commercial source,99.999 % (total),stated by supplier",99.999,Not Specified %,1964
2.349,0.0033048,9.9144e-05,None kPa,N/A,14768,['C'],A,Low temperature calorimetry set up,"origin: commercial source,99.999 % (total),stated by supplier",99.999,Not Specified %,1964
2.354,0.0033742,0.000101226,None kPa,N/A,14768,['C'],A,Low temperature calorimetry set up,"origin: commercial source,99.999 % (total),stated by supplier",99.999,Not Specified %,1964
2.387,0.0033974,0.000101922,None kPa,N/A,14768,['C'],A,Low temperature calorimetry set up,"origin: commercial source,99.999 % (total),stated by supplier",99.999,Not Specified %,1964
2.446,0.0034812,0.000104436,None kPa,N/A,14768,['C'],A,Low temperature calorimetry set up,"origin: commercial source,99.999 % (total),stated by supplier",99.999,Not Specified %,1964
2.588,0.0037554,0.000112662,None kPa,N/A,14768,['C'],A,Low temperature calorimetry set up,"origin: commercial source,99.999 % (total),stated by supplier",99.999,Not Specified %,1964
2.615,0.003723,0.00011169,None kPa,N/A,14768,['C'],A,Low temperature calorimetry set up,"origin: commercial source,99.999 % (total),stated by supplier",99.999,Not Specified %,1964
2.673,0.003872,0.00011616,None kPa,N/A,14768,['C'],A,Low temperature calorimetry set up,"origin: commercial source,99.999 % (total),stated by supplier",99.999,Not Specified %,1964
2.771,0.0040282,0.000120846,None kPa,N/A,14768,['C'],A,Low temperature calorimetry set up,"origin: commercial source,99.999 % (total),stated by supplier",99.999,Not Specified %,1964
2.787,0.0039812,0.000119436,None kPa,N/A,14768,['C'],A,Low temperature calorimetry set up,"origin: commercial source,99.999 % (total),stated by supplier",99.999,Not Specified %,1964
2.788,0.0040071,0.000120213,None kPa,N/A,14768,['C'],A,Low temperature calorimetry set up,"origin: commercial source,99.999 % (total),stated by supplier",99.999,Not Specified %,1964
2.829,0.0041128,0.000123384,None kPa,N/A,14768,['C'],A,Low temperature calorimetry set up,"origin: commercial source,99.999 % (total),stated by supplier",99.999,Not Specified %,1964
2.932,0.004278,0.00012834,None kPa,N/A,14768,['C'],A,Low temperature calorimetry set up,"origin: commercial source,99.999 % (total),stated by supplier",99.999,Not Specified %,1964
2.976,0.0043598,0.000130794,None kPa,N/A,14768,['C'],A,Low temperature calorimetry set up,"origin: commercial source,99.999 % (total),stated by supplier",99.999,Not Specified %,1964
3.0,0.004333,0.00012999,None kPa,N/A,14768,['C'],A,Low temperature calorimetry set up,"origin: commercial source,99.999 % (total),stated by supplier",99.999,Not Specified %,1964
3.086,0.0044191,0.000132573,None kPa,N/A,14768,['C'],A,Low temperature calorimetry set up,"origin: commercial source,99.999 % (total),stated by supplier",99.999,Not Specified %,1964
3.1,0.0045541,0.000136623,None kPa,N/A,14768,['C'],A,Low temperature calorimetry set up,"origin: commercial source,99.999 % (total),stated by supplier",99.999,Not Specified %,1964
3.228,0.0047398,0.000142194,None kPa,N/A,14768,['C'],A,Low temperature calorimetry set up,"origin: commercial source,99.999 % (total),stated by supplier",99.999,Not Specified %,1964
3.371,0.0051311,0.000153933,None kPa,N/A,14768,['C'],A,Low temperature calorimetry set up,"origin: commercial source,99.999 % (total),stated by supplier",99.999,Not Specified %,1964
3.377,0.0049003,0.000147009,None kPa,N/A,14768,['C'],A,Low temperature calorimetry set up,"origin: commercial source,99.999 % (total),stated by supplier",99.999,Not Specified %,1964
3.386,0.0050001,0.000150003,None kPa,N/A,14768,['C'],A,Low temperature calorimetry set up,"origin: commercial source,99.999 % (total),stated by supplier",99.999,Not Specified %,1964
3.492,0.0051789,0.000155367,None kPa,N/A,14768,['C'],A,Low temperature calorimetry set up,"origin: commercial source,99.999 % (total),stated by supplier",99.999,Not Specified %,1964
3.537,0.0052114,0.000156342,None kPa,N/A,14768,['C'],A,Low temperature calorimetry set up,"origin: commercial source,99.999 % (total),stated by supplier",99.999,Not Specified %,1964
3.66,0.0053928,0.000161784,None kPa,N/A,14768,['C'],A,Low temperature calorimetry set up,"origin: commercial source,99.999 % (total),stated by supplier",99.999,Not Specified %,1964
3.713,0.0054182,0.000162546,None kPa,N/A,14768,['C'],A,Low temperature calorimetry set up,"origin: commercial source,99.999 % (total),stated by supplier",99.999,Not Specified %,1964
3.757,0.0056466,0.000169398,None kPa,N/A,14768,['C'],A,Low temperature calorimetry set up,"origin: commercial source,99.999 % (total),stated by supplier",99.999,Not Specified %,1964
3.838,0.0057102,0.000171306,None kPa,N/A,14768,['C'],A,Low temperature calorimetry set up,"origin: commercial source,99.999 % (total),stated by supplier",99.999,Not Specified %,1964
3.839,0.0057749,0.000173247,None kPa,N/A,14768,['C'],A,Low temperature calorimetry set up,"origin: commercial source,99.999 % (total),stated by supplier",99.999,Not Specified %,1964
3.929,0.0058829,0.000176487,None kPa,N/A,14768,['C'],A,Low temperature calorimetry set up,"origin: commercial source,99.999 % (total),stated by supplier",99.999,Not Specified %,1964
4.013,0.0060818,0.000182454,None kPa,N/A,14768,['C'],A,Low temperature calorimetry set up,"origin: commercial source,99.999 % (total),stated by supplier",99.999,Not Specified %,1964
1.3811,0.00202924,6.08772e-05,None kPa,N/A,14799,['C'],A,Low temperature calorimetry set up,"not stated,99.93 weight % (total),chemical analysis",99.93,Weight %,1964
1.4633,0.00210748,6.32244e-05,None kPa,N/A,14799,['C'],A,Low temperature calorimetry set up,"not stated,99.93 weight % (total),chemical analysis",99.93,Weight %,1964
1.5446,0.00226564,6.79691e-05,None kPa,N/A,14799,['C'],A,Low temperature calorimetry set up,"not stated,99.93 weight % (total),chemical analysis",99.93,Weight %,1964
1.6498,0.00237568,7.12703e-05,None kPa,N/A,14799,['C'],A,Low temperature calorimetry set up,"not stated,99.93 weight % (total),chemical analysis",99.93,Weight %,1964
1.7968,0.00262588,7.87763e-05,None kPa,N/A,14799,['C'],A,Low temperature calorimetry set up,"not stated,99.93 weight % (total),chemical analysis",99.93,Weight %,1964
1.9488,0.0028288,8.48641e-05,None kPa,N/A,14799,['C'],A,Low temperature calorimetry set up,"not stated,99.93 weight % (total),chemical analysis",99.93,Weight %,1964
2.0416,0.00293842,8.81527e-05,None kPa,N/A,14799,['C'],A,Low temperature calorimetry set up,"not stated,99.93 weight % (total),chemical analysis",99.93,Weight %,1964
2.1555,0.00315892,9.47676e-05,None kPa,N/A,14799,['C'],A,Low temperature calorimetry set up,"not stated,99.93 weight % (total),chemical analysis",99.93,Weight %,1964
2.2788,0.00333339,0.000100002,None kPa,N/A,14799,['C'],A,Low temperature calorimetry set up,"not stated,99.93 weight % (total),chemical analysis",99.93,Weight %,1964
2.4613,0.0036292,0.000108876,None kPa,N/A,14799,['C'],A,Low temperature calorimetry set up,"not stated,99.93 weight % (total),chemical analysis",99.93,Weight %,1964
2.615,0.003861,0.00011583,None kPa,N/A,14799,['C'],A,Low temperature calorimetry set up,"not stated,99.93 weight % (total),chemical analysis",99.93,Weight %,1964
2.7363,0.00405262,0.000121579,None kPa,N/A,14799,['C'],A,Low temperature calorimetry set up,"not stated,99.93 weight % (total),chemical analysis",99.93,Weight %,1964
2.8842,0.00431203,0.000129361,None kPa,N/A,14799,['C'],A,Low temperature calorimetry set up,"not stated,99.93 weight % (total),chemical analysis",99.93,Weight %,1964
3.0752,0.00461077,0.000138323,None kPa,N/A,14799,['C'],A,Low temperature calorimetry set up,"not stated,99.93 weight % (total),chemical analysis",99.93,Weight %,1964
3.2367,0.00489068,0.00014672,None kPa,N/A,14799,['C'],A,Low temperature calorimetry set up,"not stated,99.93 weight % (total),chemical analysis",99.93,Weight %,1964
3.382,0.00518188,0.000155457,None kPa,N/A,14799,['C'],A,Low temperature calorimetry set up,"not stated,99.93 weight % (total),chemical analysis",99.93,Weight %,1964
3.5616,0.0055325,0.000165975,None kPa,N/A,14799,['C'],A,Low temperature calorimetry set up,"not stated,99.93 weight % (total),chemical analysis",99.93,Weight %,1964
3.7735,0.00587685,0.000176305,None kPa,N/A,14799,['C'],A,Low temperature calorimetry set up,"not stated,99.93 weight % (total),chemical analysis",99.93,Weight %,1964
3.9439,0.00616805,0.000185042,None kPa,N/A,14799,['C'],A,Low temperature calorimetry set up,"not stated,99.93 weight % (total),chemical analysis",99.93,Weight %,1964
4.085,0.00647516,0.000194255,None kPa,N/A,14799,['C'],A,Low temperature calorimetry set up,"not stated,99.93 weight % (total),chemical analysis",99.93,Weight %,1964
4.261,0.00684377,0.000205313,None kPa,N/A,14799,['C'],A,Low temperature calorimetry set up,"not stated,99.93 weight % (total),chemical analysis",99.93,Weight %,1964
4.4563,0.00727221,0.000218166,None kPa,N/A,14799,['C'],A,Low temperature calorimetry set up,"not stated,99.93 weight % (total),chemical analysis",99.93,Weight %,1964
60.0,3.25,0.01625,None kPa,N/A,15430,['C'],A,Vacuum adiabatic calorimetry,19276,99.93,Weight %,1965
70.0,4.89,0.02445,None kPa,N/A,15430,['C'],A,Vacuum adiabatic calorimetry,19276,99.93,Weight %,1965
80.0,6.63,0.03315,None kPa,N/A,15430,['C'],A,Vacuum adiabatic calorimetry,19276,99.93,Weight %,1965
90.0,8.35,0.04175,None kPa,N/A,15430,['C'],A,Vacuum adiabatic calorimetry,19276,99.93,Weight %,1965
100.0,9.96,0.0498,None kPa,N/A,15430,['C'],A,Vacuum adiabatic calorimetry,19276,99.93,Weight %,1965
110.0,11.5,0.0575,None kPa,N/A,15430,['C'],A,Vacuum adiabatic calorimetry,19276,99.93,Weight %,1965
120.0,12.85,0.06425,None kPa,N/A,15430,['C'],A,Vacuum adiabatic calorimetry,19276,99.93,Weight %,1965
130.0,14.1,0.0705,None kPa,N/A,15430,['C'],A,Vacuum adiabatic calorimetry,19276,99.93,Weight %,1965
140.0,15.2,0.076,None kPa,N/A,15430,['C'],A,Vacuum adiabatic calorimetry,19276,99.93,Weight %,1965
150.0,16.2,0.081,None kPa,N/A,15430,['C'],A,Vacuum adiabatic calorimetry,19276,99.93,Weight %,1965
160.0,17.1,0.0855,None kPa,N/A,15430,['C'],A,Vacuum adiabatic calorimetry,19276,99.93,Weight %,1965
170.0,17.9,0.0895,None kPa,N/A,15430,['C'],A,Vacuum adiabatic calorimetry,19276,99.93,Weight %,1965
180.0,18.65,0.09325,None kPa,N/A,15430,['C'],A,Vacuum adiabatic calorimetry,19276,99.93,Weight %,1965
190.0,19.3,0.0965,None kPa,N/A,15430,['C'],A,Vacuum adiabatic calorimetry,19276,99.93,Weight %,1965
200.0,19.9,0.0995,None kPa,N/A,15430,['C'],A,Vacuum adiabatic calorimetry,19276,99.93,Weight %,1965
210.0,20.4,0.102,None kPa,N/A,15430,['C'],A,Vacuum adiabatic calorimetry,19276,99.93,Weight %,1965
220.0,20.9,0.1045,None kPa,N/A,15430,['C'],A,Vacuum adiabatic calorimetry,19276,99.93,Weight %,1965
230.0,21.3,0.1065,None kPa,N/A,15430,['C'],A,Vacuum adiabatic calorimetry,19276,99.93,Weight %,1965
240.0,21.7,0.1085,None kPa,N/A,15430,['C'],A,Vacuum adiabatic calorimetry,19276,99.93,Weight %,1965
250.0,22.05,0.11025,None kPa,N/A,15430,['C'],A,Vacuum adiabatic calorimetry,19276,99.93,Weight %,1965
260.0,22.4,0.112,None kPa,N/A,15430,['C'],A,Vacuum adiabatic calorimetry,19276,99.93,Weight %,1965
270.0,22.65,0.11325,None kPa,N/A,15430,['C'],A,Vacuum adiabatic calorimetry,19276,99.93,Weight %,1965
273.15,22.7,0.1135,None kPa,N/A,15430,['C'],A,Vacuum adiabatic calorimetry,19276,99.93,Weight %,1965
280.0,22.9,0.1145,None kPa,N/A,15430,['C'],A,Vacuum adiabatic calorimetry,19276,99.93,Weight %,1965
290.0,23.05,0.11525,None kPa,N/A,15430,['C'],A,Vacuum adiabatic calorimetry,19276,99.93,Weight %,1965
298.15,23.2,0.116,None kPa,N/A,15430,['C'],A,Vacuum adiabatic calorimetry,19276,99.93,Weight %,1965
300.0,23.2,0.116,None kPa,N/A,15430,['C'],A,Vacuum adiabatic calorimetry,19276,99.93,Weight %,1965
320.0,24.3,0.486,107.991 kPa,N/A,17734,['C'],A,High Temp Adiabatic Calorimetry,not stated,,,1968
335.9,24.93,0.4986,None kPa,N/A,17734,['C'],A,High Temp Adiabatic Calorimetry,not stated,,,1968
362.2,25.48,0.5096,None kPa,N/A,17734,['C'],A,High Temp Adiabatic Calorimetry,not stated,,,1968
389.6,25.97,0.5194,None kPa,N/A,17734,['C'],A,High Temp Adiabatic Calorimetry,not stated,,,1968
428.6,26.49,0.5298,None kPa,N/A,17734,['C'],A,High Temp Adiabatic Calorimetry,not stated,,,1968
467.7,26.94,0.5388,None kPa,N/A,17734,['C'],A,High Temp Adiabatic Calorimetry,not stated,,,1968
528.6,27.45,0.549,None kPa,N/A,17734,['C'],A,High Temp Adiabatic Calorimetry,not stated,,,1968
578.1,27.86,0.5572,None kPa,N/A,17734,['C'],A,High Temp Adiabatic Calorimetry,not stated,,,1968
621.8,28.2,0.564,None kPa,N/A,17734,['C'],A,High Temp Adiabatic Calorimetry,not stated,,,1968
673.5,28.62,0.5724,None kPa,N/A,17734,['C'],A,High Temp Adiabatic Calorimetry,not stated,,,1968
717.2,28.99,0.5798,None kPa,N/A,17734,['C'],A,High Temp Adiabatic Calorimetry,not stated,,,1968
763.2,29.41,0.5882,None kPa,N/A,17734,['C'],A,High Temp Adiabatic Calorimetry,not stated,,,1968
812.6,29.89,0.5978,None kPa,N/A,17734,['C'],A,High Temp Adiabatic Calorimetry,not stated,,,1968
860.8,30.43,0.6086,None kPa,N/A,17734,['C'],A,High Temp Adiabatic Calorimetry,not stated,,,1968
911.3,31.04,0.6208,None kPa,N/A,17734,['C'],A,High Temp Adiabatic Calorimetry,not stated,,,1968
946.9,31.5,0.63,None kPa,N/A,17734,['C'],A,High Temp Adiabatic Calorimetry,not stated,,,1968
981.3,32.0,0.64,None kPa,N/A,17734,['C'],A,High Temp Adiabatic Calorimetry,not stated,,,1968
1011.0,32.43,0.6486,None kPa,N/A,17734,['C'],A,High Temp Adiabatic Calorimetry,not stated,,,1968
1057.0,33.16,0.6632,None kPa,N/A,17734,['C'],A,High Temp Adiabatic Calorimetry,not stated,,,1968
1089.0,33.68,0.6736,None kPa,N/A,17734,['C'],A,High Temp Adiabatic Calorimetry,not stated,,,1968
1121.0,34.22,0.6844,None kPa,N/A,17734,['C'],A,High Temp Adiabatic Calorimetry,not stated,,,1968
1152.0,34.83,0.6966,None kPa,N/A,17734,['C'],A,High Temp Adiabatic Calorimetry,not stated,,,1968
1181.0,35.39,0.7078,None kPa,N/A,17734,['C'],A,High Temp Adiabatic Calorimetry,not stated,,,1968
1215.0,36.09,0.7218,None kPa,N/A,17734,['C'],A,High Temp Adiabatic Calorimetry,not stated,,,1968
1248.0,36.77,0.7354,None kPa,N/A,17734,['C'],A,High Temp Adiabatic Calorimetry,not stated,,,1968
1275.0,37.43,0.7486,None kPa,N/A,17734,['C'],A,High Temp Adiabatic Calorimetry,not stated,,,1968
1306.0,38.14,0.7628,None kPa,N/A,17734,['C'],A,High Temp Adiabatic Calorimetry,not stated,,,1968
1332.0,38.8,0.776,None kPa,N/A,17734,['C'],A,High Temp Adiabatic Calorimetry,not stated,,,1968
1361.0,39.47,0.7894,None kPa,N/A,17734,['C'],A,High Temp Adiabatic Calorimetry,not stated,,,1968
1396.0,40.23,0.8046,None kPa,N/A,17734,['C'],A,High Temp Adiabatic Calorimetry,not stated,,,1968
1428.0,40.97,0.8194,None kPa,N/A,17734,['C'],A,High Temp Adiabatic Calorimetry,not stated,,,1968
1455.0,41.53,0.8306,None kPa,N/A,17734,['C'],A,High Temp Adiabatic Calorimetry,not stated,,,1968
1488.0,42.21,0.8442,None kPa,N/A,17734,['C'],A,High Temp Adiabatic Calorimetry,not stated,,,1968
1522.0,42.95,0.859,None kPa,N/A,17734,['C'],A,High Temp Adiabatic Calorimetry,not stated,,,1968
1562.0,43.77,0.8754,None kPa,N/A,17734,['C'],A,High Temp Adiabatic Calorimetry,not stated,,,1968
1595.0,44.42,0.8884,None kPa,N/A,17734,['C'],A,High Temp Adiabatic Calorimetry,not stated,,,1968
1635.0,45.23,0.9046,None kPa,N/A,17734,['C'],A,High Temp Adiabatic Calorimetry,not stated,,,1968
1670.0,45.89,0.9178,None kPa,N/A,17734,['C'],A,High Temp Adiabatic Calorimetry,not stated,,,1968
1700.0,46.5,0.93,None kPa,N/A,17734,['C'],A,High Temp Adiabatic Calorimetry,not stated,,,1968
1729.0,47.03,0.9406,None kPa,N/A,17734,['C'],A,High Temp Adiabatic Calorimetry,not stated,,,1968
1764.0,47.67,0.9534,None kPa,N/A,17734,['C'],A,High Temp Adiabatic Calorimetry,not stated,,,1968
1797.0,48.19,0.9638,None kPa,N/A,17734,['C'],A,High Temp Adiabatic Calorimetry,not stated,,,1968
1.441,0.002003,6.009e-05,None kPa,N/A,23742,['C'],A,Vacuum adiabatic calorimetry,"origin: commercial source,99.999 % (total),",99.999,Not Specified %,1980
1.486,0.002003,6.009e-05,None kPa,N/A,23742,['C'],A,Vacuum adiabatic calorimetry,"origin: commercial source,99.999 % (total),",99.999,Not Specified %,1980
1.526,0.002068,6.204e-05,None kPa,N/A,23742,['C'],A,Vacuum adiabatic calorimetry,"origin: commercial source,99.999 % (total),",99.999,Not Specified %,1980
1.538,0.002071,6.213e-05,None kPa,N/A,23742,['C'],A,Vacuum adiabatic calorimetry,"origin: commercial source,99.999 % (total),",99.999,Not Specified %,1980
1.571,0.002124,6.372e-05,None kPa,N/A,23742,['C'],A,Vacuum adiabatic calorimetry,"origin: commercial source,99.999 % (total),",99.999,Not Specified %,1980
1.6,0.002219,6.657e-05,None kPa,N/A,23742,['C'],A,Vacuum adiabatic calorimetry,"origin: commercial source,99.999 % (total),",99.999,Not Specified %,1980
1.606,0.002247,6.741e-05,None kPa,N/A,23742,['C'],A,Vacuum adiabatic calorimetry,"origin: commercial source,99.999 % (total),",99.999,Not Specified %,1980
1.709,0.002361,7.083e-05,None kPa,N/A,23742,['C'],A,Vacuum adiabatic calorimetry,"origin: commercial source,99.999 % (total),",99.999,Not Specified %,1980
1.714,0.002355,7.065e-05,None kPa,N/A,23742,['C'],A,Vacuum adiabatic calorimetry,"origin: commercial source,99.999 % (total),",99.999,Not Specified %,1980
1.748,0.002423,7.269e-05,None kPa,N/A,23742,['C'],A,Vacuum adiabatic calorimetry,"origin: commercial source,99.999 % (total),",99.999,Not Specified %,1980
1.772,0.002444,7.332e-05,None kPa,N/A,23742,['C'],A,Vacuum adiabatic calorimetry,"origin: commercial source,99.999 % (total),",99.999,Not Specified %,1980
1.841,0.002557,7.671e-05,None kPa,N/A,23742,['C'],A,Vacuum adiabatic calorimetry,"origin: commercial source,99.999 % (total),",99.999,Not Specified %,1980
1.883,0.00261,7.83e-05,None kPa,N/A,23742,['C'],A,Vacuum adiabatic calorimetry,"origin: commercial source,99.999 % (total),",99.999,Not Specified %,1980
1.916,0.002666,7.998e-05,None kPa,N/A,23742,['C'],A,Vacuum adiabatic calorimetry,"origin: commercial source,99.999 % (total),",99.999,Not Specified %,1980
1.959,0.002773,8.319e-05,None kPa,N/A,23742,['C'],A,Vacuum adiabatic calorimetry,"origin: commercial source,99.999 % (total),",99.999,Not Specified %,1980
2.025,0.002867,8.601e-05,None kPa,N/A,23742,['C'],A,Vacuum adiabatic calorimetry,"origin: commercial source,99.999 % (total),",99.999,Not Specified %,1980
2.082,0.002941,8.823e-05,None kPa,N/A,23742,['C'],A,Vacuum adiabatic calorimetry,"origin: commercial source,99.999 % (total),",99.999,Not Specified %,1980
2.135,0.00302,9.06e-05,None kPa,N/A,23742,['C'],A,Vacuum adiabatic calorimetry,"origin: commercial source,99.999 % (total),",99.999,Not Specified %,1980
2.186,0.003078,9.234e-05,None kPa,N/A,23742,['C'],A,Vacuum adiabatic calorimetry,"origin: commercial source,99.999 % (total),",99.999,Not Specified %,1980
2.241,0.003164,9.492e-05,None kPa,N/A,23742,['C'],A,Vacuum adiabatic calorimetry,"origin: commercial source,99.999 % (total),",99.999,Not Specified %,1980
2.296,0.00325,9.75e-05,None kPa,N/A,23742,['C'],A,Vacuum adiabatic calorimetry,"origin: commercial source,99.999 % (total),",99.999,Not Specified %,1980
2.365,0.003353,0.00010059,None kPa,N/A,23742,['C'],A,Vacuum adiabatic calorimetry,"origin: commercial source,99.999 % (total),",99.999,Not Specified %,1980
2.45,0.003502,0.00010506,None kPa,N/A,23742,['C'],A,Vacuum adiabatic calorimetry,"origin: commercial source,99.999 % (total),",99.999,Not Specified %,1980
2.525,0.003603,0.00010809,None kPa,N/A,23742,['C'],A,Vacuum adiabatic calorimetry,"origin: commercial source,99.999 % (total),",99.999,Not Specified %,1980
2.591,0.003698,0.00011094,None kPa,N/A,23742,['C'],A,Vacuum adiabatic calorimetry,"origin: commercial source,99.999 % (total),",99.999,Not Specified %,1980
2.653,0.003809,0.00011427,None kPa,N/A,23742,['C'],A,Vacuum adiabatic calorimetry,"origin: commercial source,99.999 % (total),",99.999,Not Specified %,1980
2.739,0.003947,0.00011841,None kPa,N/A,23742,['C'],A,Vacuum adiabatic calorimetry,"origin: commercial source,99.999 % (total),",99.999,Not Specified %,1980
2.813,0.004067,0.00012201,None kPa,N/A,23742,['C'],A,Vacuum adiabatic calorimetry,"origin: commercial source,99.999 % (total),",99.999,Not Specified %,1980
2.884,0.00419,0.0001257,None kPa,N/A,23742,['C'],A,Vacuum adiabatic calorimetry,"origin: commercial source,99.999 % (total),",99.999,Not Specified %,1980
2.971,0.004337,0.00013011,None kPa,N/A,23742,['C'],A,Vacuum adiabatic calorimetry,"origin: commercial source,99.999 % (total),",99.999,Not Specified %,1980
3.052,0.004444,0.00013332,None kPa,N/A,23742,['C'],A,Vacuum adiabatic calorimetry,"origin: commercial source,99.999 % (total),",99.999,Not Specified %,1980
3.141,0.004612,0.00013836,None kPa,N/A,23742,['C'],A,Vacuum adiabatic calorimetry,"origin: commercial source,99.999 % (total),",99.999,Not Specified %,1980
3.233,0.004795,0.00014385,None kPa,N/A,23742,['C'],A,Vacuum adiabatic calorimetry,"origin: commercial source,99.999 % (total),",99.999,Not Specified %,1980
3.311,0.00493,0.0001479,None kPa,N/A,23742,['C'],A,Vacuum adiabatic calorimetry,"origin: commercial source,99.999 % (total),",99.999,Not Specified %,1980
3.377,0.005027,0.00015081,None kPa,N/A,23742,['C'],A,Vacuum adiabatic calorimetry,"origin: commercial source,99.999 % (total),",99.999,Not Specified %,1980
3.509,0.00526,0.0001578,None kPa,N/A,23742,['C'],A,Vacuum adiabatic calorimetry,"origin: commercial source,99.999 % (total),",99.999,Not Specified %,1980
3.564,0.005439,0.00016317,None kPa,N/A,23742,['C'],A,Vacuum adiabatic calorimetry,"origin: commercial source,99.999 % (total),",99.999,Not Specified %,1980
3.617,0.005491,0.00016473,None kPa,N/A,23742,['C'],A,Vacuum adiabatic calorimetry,"origin: commercial source,99.999 % (total),",99.999,Not Specified %,1980
3.681,0.005654,0.00016962,None kPa,N/A,23742,['C'],A,Vacuum adiabatic calorimetry,"origin: commercial source,99.999 % (total),",99.999,Not Specified %,1980
3.713,0.005671,0.00017013,None kPa,N/A,23742,['C'],A,Vacuum adiabatic calorimetry,"origin: commercial source,99.999 % (total),",99.999,Not Specified %,1980
3.772,0.005778,0.00017334,None kPa,N/A,23742,['C'],A,Vacuum adiabatic calorimetry,"origin: commercial source,99.999 % (total),",99.999,Not Specified %,1980
3.82,0.005895,0.00017685,None kPa,N/A,23742,['C'],A,Vacuum adiabatic calorimetry,"origin: commercial source,99.999 % (total),",99.999,Not Specified %,1980
3.883,0.005998,0.00017994,None kPa,N/A,23742,['C'],A,Vacuum adiabatic calorimetry,"origin: commercial source,99.999 % (total),",99.999,Not Specified %,1980
3.997,0.00622,0.0001866,None kPa,N/A,23742,['C'],A,Vacuum adiabatic calorimetry,"origin: commercial source,99.999 % (total),",99.999,Not Specified %,1980
4.058,0.006399,0.00019197,None kPa,N/A,23742,['C'],A,Vacuum adiabatic calorimetry,"origin: commercial source,99.999 % (total),",99.999,Not Specified %,1980
4.135,0.006571,0.00019713,None kPa,N/A,23742,['C'],A,Vacuum adiabatic calorimetry,"origin: commercial source,99.999 % (total),",99.999,Not Specified %,1980
4.204,0.006662,0.00019986,None kPa,N/A,23742,['C'],A,Vacuum adiabatic calorimetry,"origin: commercial source,99.999 % (total),",99.999,Not Specified %,1980
4.285,0.006839,0.00020517,None kPa,N/A,23742,['C'],A,Vacuum adiabatic calorimetry,"origin: commercial source,99.999 % (total),",99.999,Not Specified %,1980
4.363,0.006968,0.00020904,None kPa,N/A,23742,['C'],A,Vacuum adiabatic calorimetry,"origin: commercial source,99.999 % (total),",99.999,Not Specified %,1980
4.426,0.007208,0.00021624,None kPa,N/A,23742,['C'],A,Vacuum adiabatic calorimetry,"origin: commercial source,99.999 % (total),",99.999,Not Specified %,1980
4.486,0.007271,0.00021813,None kPa,N/A,23742,['C'],A,Vacuum adiabatic calorimetry,"origin: commercial source,99.999 % (total),",99.999,Not Specified %,1980
4.549,0.007376,0.00022128,None kPa,N/A,23742,['C'],A,Vacuum adiabatic calorimetry,"origin: commercial source,99.999 % (total),",99.999,Not Specified %,1980
4.61,0.007508,0.00022524,None kPa,N/A,23742,['C'],A,Vacuum adiabatic calorimetry,"origin: commercial source,99.999 % (total),",99.999,Not Specified %,1980
4.685,0.007673,0.00023019,None kPa,N/A,23742,['C'],A,Vacuum adiabatic calorimetry,"origin: commercial source,99.999 % (total),",99.999,Not Specified %,1980
4.742,0.007796,0.00023388,None kPa,N/A,23742,['C'],A,Vacuum adiabatic calorimetry,"origin: commercial source,99.999 % (total),",99.999,Not Specified %,1980
332.4,23.16,0.6948,101.325 kPa,N/A,23994,['C'],A,Vacuum adiabatic calorimetry,28662,99.999,Not Specified %,1982
349.1,23.55,0.7065,None kPa,N/A,23994,['C'],A,Vacuum adiabatic calorimetry,28662,99.999,Not Specified %,1982
362.2,24.14,0.7242,None kPa,N/A,23994,['C'],A,Vacuum adiabatic calorimetry,28662,99.999,Not Specified %,1982
376.2,24.23,0.7269,None kPa,N/A,23994,['C'],A,Vacuum adiabatic calorimetry,28662,99.999,Not Specified %,1982
391.1,24.43,0.7329,None kPa,N/A,23994,['C'],A,Vacuum adiabatic calorimetry,28662,99.999,Not Specified %,1982
402.4,24.73,0.7419,None kPa,N/A,23994,['C'],A,Vacuum adiabatic calorimetry,28662,99.999,Not Specified %,1982
415.5,25.09,0.7527,None kPa,N/A,23994,['C'],A,Vacuum adiabatic calorimetry,28662,99.999,Not Specified %,1982
427.3,25.54,0.7662,None kPa,N/A,23994,['C'],A,Vacuum adiabatic calorimetry,28662,99.999,Not Specified %,1982
442.7,25.61,0.7683,None kPa,N/A,23994,['C'],A,Vacuum adiabatic calorimetry,28662,99.999,Not Specified %,1982
450.8,26.08,0.7824,None kPa,N/A,23994,['C'],A,Vacuum adiabatic calorimetry,28662,99.999,Not Specified %,1982
464.8,26.24,0.7872,None kPa,N/A,23994,['C'],A,Vacuum adiabatic calorimetry,28662,99.999,Not Specified %,1982
474.8,25.98,0.7794,None kPa,N/A,23994,['C'],A,Vacuum adiabatic calorimetry,28662,99.999,Not Specified %,1982
488.3,26.43,0.7929,None kPa,N/A,23994,['C'],A,Vacuum adiabatic calorimetry,28662,99.999,Not Specified %,1982
500.5,26.29,0.7887,None kPa,N/A,23994,['C'],A,Vacuum adiabatic calorimetry,28662,99.999,Not Specified %,1982
509.6,26.72,0.8016,None kPa,N/A,23994,['C'],A,Vacuum adiabatic calorimetry,28662,99.999,Not Specified %,1982
521.4,26.34,0.7902,None kPa,N/A,23994,['C'],A,Vacuum adiabatic calorimetry,28662,99.999,Not Specified %,1982
533.6,26.61,0.7983,None kPa,N/A,23994,['C'],A,Vacuum adiabatic calorimetry,28662,99.999,Not Specified %,1982
543.5,26.86,0.8058,None kPa,N/A,23994,['C'],A,Vacuum adiabatic calorimetry,28662,99.999,Not Specified %,1982
555.3,26.46,0.7938,None kPa,N/A,23994,['C'],A,Vacuum adiabatic calorimetry,28662,99.999,Not Specified %,1982
564.3,27.05,0.8115,None kPa,N/A,23994,['C'],A,Vacuum adiabatic calorimetry,28662,99.999,Not Specified %,1982
577.9,27.12,0.8136,None kPa,N/A,23994,['C'],A,Vacuum adiabatic calorimetry,28662,99.999,Not Specified %,1982
587.9,26.78,0.8034,None kPa,N/A,23994,['C'],A,Vacuum adiabatic calorimetry,28662,99.999,Not Specified %,1982
599.2,27.05,0.8115,None kPa,N/A,23994,['C'],A,Vacuum adiabatic calorimetry,28662,99.999,Not Specified %,1982
609.6,27.12,0.8136,None kPa,N/A,23994,['C'],A,Vacuum adiabatic calorimetry,28662,99.999,Not Specified %,1982
619.1,27.51,0.8253,None kPa,N/A,23994,['C'],A,Vacuum adiabatic calorimetry,28662,99.999,Not Specified %,1982
627.6,27.57,0.8271,None kPa,N/A,23994,['C'],A,Vacuum adiabatic calorimetry,28662,99.999,Not Specified %,1982
640.8,27.44,0.8232,None kPa,N/A,23994,['C'],A,Vacuum adiabatic calorimetry,28662,99.999,Not Specified %,1982
654.8,27.69,0.8307,None kPa,N/A,23994,['C'],A,Vacuum adiabatic calorimetry,28662,99.999,Not Specified %,1982
663.9,27.63,0.8289,None kPa,N/A,23994,['C'],A,Vacuum adiabatic calorimetry,28662,99.999,Not Specified %,1982
672.9,27.12,0.8136,None kPa,N/A,23994,['C'],A,Vacuum adiabatic calorimetry,28662,99.999,Not Specified %,1982
683.8,27.72,0.8316,None kPa,N/A,23994,['C'],A,Vacuum adiabatic calorimetry,28662,99.999,Not Specified %,1982
695.5,27.82,0.8346,None kPa,N/A,23994,['C'],A,Vacuum adiabatic calorimetry,28662,99.999,Not Specified %,1982
705.5,28.11,0.8433,None kPa,N/A,23994,['C'],A,Vacuum adiabatic calorimetry,28662,99.999,Not Specified %,1982
715.4,27.91,0.8373,None kPa,N/A,23994,['C'],A,Vacuum adiabatic calorimetry,28662,99.999,Not Specified %,1982
724.5,28.29,0.8487,None kPa,N/A,23994,['C'],A,Vacuum adiabatic calorimetry,28662,99.999,Not Specified %,1982
733.5,28.05,0.8415,None kPa,N/A,23994,['C'],A,Vacuum adiabatic calorimetry,28662,99.999,Not Specified %,1982
743.5,28.09,0.8427,None kPa,N/A,23994,['C'],A,Vacuum adiabatic calorimetry,28662,99.999,Not Specified %,1982
755.2,28.17,0.8451,None kPa,N/A,23994,['C'],A,Vacuum adiabatic calorimetry,28662,99.999,Not Specified %,1982
765.2,28.05,0.8415,None kPa,N/A,23994,['C'],A,Vacuum adiabatic calorimetry,28662,99.999,Not Specified %,1982
777.4,28.5,0.855,None kPa,N/A,23994,['C'],A,Vacuum adiabatic calorimetry,28662,99.999,Not Specified %,1982
788.3,28.44,0.8532,None kPa,N/A,23994,['C'],A,Vacuum adiabatic calorimetry,28662,99.999,Not Specified %,1982
796.9,28.24,0.8472,None kPa,N/A,23994,['C'],A,Vacuum adiabatic calorimetry,28662,99.999,Not Specified %,1982
806.8,28.63,0.8589,None kPa,N/A,23994,['C'],A,Vacuum adiabatic calorimetry,28662,99.999,Not Specified %,1982
816.8,28.24,0.8472,None kPa,N/A,23994,['C'],A,Vacuum adiabatic calorimetry,28662,99.999,Not Specified %,1982
817.7,29.05,0.8715,None kPa,N/A,23994,['C'],A,Vacuum adiabatic calorimetry,28662,99.999,Not Specified %,1982
823.1,28.63,0.8589,None kPa,N/A,23994,['C'],A,Vacuum adiabatic calorimetry,28662,99.999,Not Specified %,1982
833.1,28.68,0.8604,None kPa,N/A,23994,['C'],A,Vacuum adiabatic calorimetry,28662,99.999,Not Specified %,1982
843.9,28.9,0.867,None kPa,N/A,23994,['C'],A,Vacuum adiabatic calorimetry,28662,99.999,Not Specified %,1982
853.0,28.84,0.8652,None kPa,N/A,23994,['C'],A,Vacuum adiabatic calorimetry,28662,99.999,Not Specified %,1982
872.9,29.22,0.8766,None kPa,N/A,23994,['C'],A,Vacuum adiabatic calorimetry,28662,99.999,Not Specified %,1982
882.8,29.34,0.8802,None kPa,N/A,23994,['C'],A,Vacuum adiabatic calorimetry,28662,99.999,Not Specified %,1982
894.6,29.54,0.8862,None kPa,N/A,23994,['C'],A,Vacuum adiabatic calorimetry,28662,99.999,Not Specified %,1982
903.6,29.38,0.8814,None kPa,N/A,23994,['C'],A,Vacuum adiabatic calorimetry,28662,99.999,Not Specified %,1982
914.5,29.92,0.8976,None kPa,N/A,23994,['C'],A,Vacuum adiabatic calorimetry,28662,99.999,Not Specified %,1982
933.0,29.93,0.8979,None kPa,N/A,23994,['C'],A,Vacuum adiabatic calorimetry,28662,99.999,Not Specified %,1982
938.5,29.53,0.8859,None kPa,N/A,23994,['C'],A,Vacuum adiabatic calorimetry,28662,99.999,Not Specified %,1982
953.9,29.67,0.8901,None kPa,N/A,23994,['C'],A,Vacuum adiabatic calorimetry,28662,99.999,Not Specified %,1982
962.4,29.82,0.8946,None kPa,N/A,23994,['C'],A,Vacuum adiabatic calorimetry,28662,99.999,Not Specified %,1982
973.3,30.03,0.9009,None kPa,N/A,23994,['C'],A,Vacuum adiabatic calorimetry,28662,99.999,Not Specified %,1982
980.6,29.78,0.8934,None kPa,N/A,23994,['C'],A,Vacuum adiabatic calorimetry,28662,99.999,Not Specified %,1982
992.3,29.63,0.8889,None kPa,N/A,23994,['C'],A,Vacuum adiabatic calorimetry,28662,99.999,Not Specified %,1982
1000.0,30.08,0.9024,None kPa,N/A,23994,['C'],A,Vacuum adiabatic calorimetry,28662,99.999,Not Specified %,1982
1010.0,29.77,0.8931,None kPa,N/A,23994,['C'],A,Vacuum adiabatic calorimetry,28662,99.999,Not Specified %,1982
1018.0,30.01,0.9003,None kPa,N/A,23994,['C'],A,Vacuum adiabatic calorimetry,28662,99.999,Not Specified %,1982
1029.0,29.66,0.8898,None kPa,N/A,23994,['C'],A,Vacuum adiabatic calorimetry,28662,99.999,Not Specified %,1982
1038.0,29.97,0.8991,None kPa,N/A,23994,['C'],A,Vacuum adiabatic calorimetry,28662,99.999,Not Specified %,1982
1055.0,30.11,0.9033,None kPa,N/A,23994,['C'],A,Vacuum adiabatic calorimetry,28662,99.999,Not Specified %,1982
1064.0,30.0,0.9,None kPa,N/A,23994,['C'],A,Vacuum adiabatic calorimetry,28662,99.999,Not Specified %,1982
1072.0,30.57,0.9171,None kPa,N/A,23994,['C'],A,Vacuum adiabatic calorimetry,28662,99.999,Not Specified %,1982
1082.0,30.3,0.909,None kPa,N/A,23994,['C'],A,Vacuum adiabatic calorimetry,28662,99.999,Not Specified %,1982
1091.0,30.91,0.9273,None kPa,N/A,23994,['C'],A,Vacuum adiabatic calorimetry,28662,99.999,Not Specified %,1982
1100.0,30.39,0.9117,None kPa,N/A,23994,['C'],A,Vacuum adiabatic calorimetry,28662,99.999,Not Specified %,1982
1107.0,30.69,0.9207,None kPa,N/A,23994,['C'],A,Vacuum adiabatic calorimetry,28662,99.999,Not Specified %,1982
1108.0,31.36,0.9408,None kPa,N/A,23994,['C'],A,Vacuum adiabatic calorimetry,28662,99.999,Not Specified %,1982
1119.0,30.76,0.9228,None kPa,N/A,23994,['C'],A,Vacuum adiabatic calorimetry,28662,99.999,Not Specified %,1982
1128.0,30.89,0.9267,None kPa,N/A,23994,['C'],A,Vacuum adiabatic calorimetry,28662,99.999,Not Specified %,1982
1129.0,31.25,0.9375,None kPa,N/A,23994,['C'],A,Vacuum adiabatic calorimetry,28662,99.999,Not Specified %,1982
1138.0,31.39,0.9417,None kPa,N/A,23994,['C'],A,Vacuum adiabatic calorimetry,28662,99.999,Not Specified %,1982
1146.0,31.21,0.9363,None kPa,N/A,23994,['C'],A,Vacuum adiabatic calorimetry,28662,99.999,Not Specified %,1982
1150.0,31.61,0.9483,None kPa,N/A,23994,['C'],A,Vacuum adiabatic calorimetry,28662,99.999,Not Specified %,1982
1155.0,31.16,0.9348,None kPa,N/A,23994,['C'],A,Vacuum adiabatic calorimetry,28662,99.999,Not Specified %,1982
1163.0,31.39,0.9417,None kPa,N/A,23994,['C'],A,Vacuum adiabatic calorimetry,28662,99.999,Not Specified %,1982
1164.0,31.75,0.9525,None kPa,N/A,23994,['C'],A,Vacuum adiabatic calorimetry,28662,99.999,Not Specified %,1982
1165.0,32.31,0.9693,None kPa,N/A,23994,['C'],A,Vacuum adiabatic calorimetry,28662,99.999,Not Specified %,1982
1172.0,31.51,0.9453,None kPa,N/A,23994,['C'],A,Vacuum adiabatic calorimetry,28662,99.999,Not Specified %,1982
1182.0,32.23,0.9669,None kPa,N/A,23994,['C'],A,Vacuum adiabatic calorimetry,28662,99.999,Not Specified %,1982
1191.0,32.02,0.9606,None kPa,N/A,23994,['C'],A,Vacuum adiabatic calorimetry,28662,99.999,Not Specified %,1982
1199.0,32.27,0.9681,None kPa,N/A,23994,['C'],A,Vacuum adiabatic calorimetry,28662,99.999,Not Specified %,1982
1209.0,31.78,0.9534,None kPa,N/A,23994,['C'],A,Vacuum adiabatic calorimetry,28662,99.999,Not Specified %,1982
1221.0,32.17,0.9651,None kPa,N/A,23994,['C'],A,Vacuum adiabatic calorimetry,28662,99.999,Not Specified %,1982
1227.0,32.77,0.9831,None kPa,N/A,23994,['C'],A,Vacuum adiabatic calorimetry,28662,99.999,Not Specified %,1982
1228.0,33.38,1.0014,None kPa,N/A,23994,['C'],A,Vacuum adiabatic calorimetry,28662,99.999,Not Specified %,1982
1235.0,32.46,0.9738,None kPa,N/A,23994,['C'],A,Vacuum adiabatic calorimetry,28662,99.999,Not Specified %,1982
1241.0,32.39,0.9717,None kPa,N/A,23994,['C'],A,Vacuum adiabatic calorimetry,28662,99.999,Not Specified %,1982
1243.0,32.69,0.9807,None kPa,N/A,23994,['C'],A,Vacuum adiabatic calorimetry,28662,99.999,Not Specified %,1982
1252.0,33.56,1.0068,None kPa,N/A,23994,['C'],A,Vacuum adiabatic calorimetry,28662,99.999,Not Specified %,1982
1263.0,34.17,1.0251,None kPa,N/A,23994,['C'],A,Vacuum adiabatic calorimetry,28662,99.999,Not Specified %,1982
1265.0,33.77,1.0131,None kPa,N/A,23994,['C'],A,Vacuum adiabatic calorimetry,28662,99.999,Not Specified %,1982
1278.0,33.3,0.999,None kPa,N/A,23994,['C'],A,Vacuum adiabatic calorimetry,28662,99.999,Not Specified %,1982
1286.0,33.82,1.0146,None kPa,N/A,23994,['C'],A,Vacuum adiabatic calorimetry,28662,99.999,Not Specified %,1982
1295.0,34.22,1.0266,None kPa,N/A,23994,['C'],A,Vacuum adiabatic calorimetry,28662,99.999,Not Specified %,1982
1304.0,33.8,1.014,None kPa,N/A,23994,['C'],A,Vacuum adiabatic calorimetry,28662,99.999,Not Specified %,1982
1307.0,34.56,1.0368,None kPa,N/A,23994,['C'],A,Vacuum adiabatic calorimetry,28662,99.999,Not Specified %,1982
1315.0,35.43,1.0629,None kPa,N/A,23994,['C'],A,Vacuum adiabatic calorimetry,28662,99.999,Not Specified %,1982
1315.0,34.83,1.0449,None kPa,N/A,23994,['C'],A,Vacuum adiabatic calorimetry,28662,99.999,Not Specified %,1982
1317.0,35.1,1.053,None kPa,N/A,23994,['C'],A,Vacuum adiabatic calorimetry,28662,99.999,Not Specified %,1982
1323.0,35.32,1.0596,None kPa,N/A,23994,['C'],A,Vacuum adiabatic calorimetry,28662,99.999,Not Specified %,1982
1329.0,34.72,1.0416,None kPa,N/A,23994,['C'],A,Vacuum adiabatic calorimetry,28662,99.999,Not Specified %,1982
1338.0,35.3,1.059,None kPa,N/A,23994,['C'],A,Vacuum adiabatic calorimetry,28662,99.999,Not Specified %,1982
1345.0,35.76,1.0728,None kPa,N/A,23994,['C'],A,Vacuum adiabatic calorimetry,28662,99.999,Not Specified %,1982
1354.0,35.47,1.0641,None kPa,N/A,23994,['C'],A,Vacuum adiabatic calorimetry,28662,99.999,Not Specified %,1982
1363.0,36.41,1.0923,None kPa,N/A,23994,['C'],A,Vacuum adiabatic calorimetry,28662,99.999,Not Specified %,1982
1370.0,35.51,1.0653,None kPa,N/A,23994,['C'],A,Vacuum adiabatic calorimetry,28662,99.999,Not Specified %,1982
1378.0,36.17,1.0851,None kPa,N/A,23994,['C'],A,Vacuum adiabatic calorimetry,28662,99.999,Not Specified %,1982
1388.0,36.05,1.0815,None kPa,N/A,23994,['C'],A,Vacuum adiabatic calorimetry,28662,99.999,Not Specified %,1982
1397.0,36.48,1.0944,None kPa,N/A,23994,['C'],A,Vacuum adiabatic calorimetry,28662,99.999,Not Specified %,1982
1404.0,36.21,1.0863,None kPa,N/A,23994,['C'],A,Vacuum adiabatic calorimetry,28662,99.999,Not Specified %,1982
1418.0,36.17,1.0851,None kPa,N/A,23994,['C'],A,Vacuum adiabatic calorimetry,28662,99.999,Not Specified %,1982
1423.0,36.6,1.098,None kPa,N/A,23994,['C'],A,Vacuum adiabatic calorimetry,28662,99.999,Not Specified %,1982
1430.0,37.27,1.1181,None kPa,N/A,23994,['C'],A,Vacuum adiabatic calorimetry,28662,99.999,Not Specified %,1982
1440.0,36.49,1.0947,None kPa,N/A,23994,['C'],A,Vacuum adiabatic calorimetry,28662,99.999,Not Specified %,1982
1447.0,36.72,1.1016,None kPa,N/A,23994,['C'],A,Vacuum adiabatic calorimetry,28662,99.999,Not Specified %,1982
1454.0,37.12,1.1136,None kPa,N/A,23994,['C'],A,Vacuum adiabatic calorimetry,28662,99.999,Not Specified %,1982
1464.0,36.59,1.0977,None kPa,N/A,23994,['C'],A,Vacuum adiabatic calorimetry,28662,99.999,Not Specified %,1982
1473.0,36.77,1.1031,None kPa,N/A,23994,['C'],A,Vacuum adiabatic calorimetry,28662,99.999,Not Specified %,1982
1480.0,36.99,1.1097,None kPa,N/A,23994,['C'],A,Vacuum adiabatic calorimetry,28662,99.999,Not Specified %,1982
1488.0,37.47,1.1241,None kPa,N/A,23994,['C'],A,Vacuum adiabatic calorimetry,28662,99.999,Not Specified %,1982
1516.0,36.62,1.0986,None kPa,N/A,23994,['C'],A,Vacuum adiabatic calorimetry,28662,99.999,Not Specified %,1982
1530.0,36.89,1.1067,None kPa,N/A,23994,['C'],A,Vacuum adiabatic calorimetry,28662,99.999,Not Specified %,1982
1538.0,37.28,1.1184,None kPa,N/A,23994,['C'],A,Vacuum adiabatic calorimetry,28662,99.999,Not Specified %,1982
1547.0,37.68,1.1304,None kPa,N/A,23994,['C'],A,Vacuum adiabatic calorimetry,28662,99.999,Not Specified %,1982
1558.0,37.26,1.1178,None kPa,N/A,23994,['C'],A,Vacuum adiabatic calorimetry,28662,99.999,Not Specified %,1982
1563.0,37.69,1.1307,None kPa,N/A,23994,['C'],A,Vacuum adiabatic calorimetry,28662,99.999,Not Specified %,1982
1596.0,37.27,1.1181,None kPa,N/A,23994,['C'],A,Vacuum adiabatic calorimetry,28662,99.999,Not Specified %,1982
1613.0,37.56,1.1268,None kPa,N/A,23994,['C'],A,Vacuum adiabatic calorimetry,28662,99.999,Not Specified %,1982
1631.0,38.03,1.1409,None kPa,N/A,23994,['C'],A,Vacuum adiabatic calorimetry,28662,99.999,Not Specified %,1982
1649.0,37.79,1.1337,None kPa,N/A,23994,['C'],A,Vacuum adiabatic calorimetry,28662,99.999,Not Specified %,1982
1666.0,37.78,1.1334,None kPa,N/A,23994,['C'],A,Vacuum adiabatic calorimetry,28662,99.999,Not Specified %,1982
0.07039,0.0001018,3.054e-06,None kPa,N/A,34804,['C'],A,Adiabatic calorimeter (non-vacuum) ,not stated,,,1965
0.08358,0.0001197,3.591e-06,None kPa,N/A,34804,['C'],A,Adiabatic calorimeter (non-vacuum) ,not stated,,,1965
0.09019,0.0001301,3.903e-06,None kPa,N/A,34804,['C'],A,Adiabatic calorimeter (non-vacuum) ,not stated,,,1965
0.09785,0.0001417,4.251e-06,None kPa,N/A,34804,['C'],A,Adiabatic calorimeter (non-vacuum) ,not stated,,,1965
0.1054,0.0001526,4.578e-06,None kPa,N/A,34804,['C'],A,Adiabatic calorimeter (non-vacuum) ,not stated,,,1965
0.1139,0.0001662,4.986e-06,None kPa,N/A,34804,['C'],A,Adiabatic calorimeter (non-vacuum) ,not stated,,,1965
0.1217,0.0001771,5.313e-06,None kPa,N/A,34804,['C'],A,Adiabatic calorimeter (non-vacuum) ,not stated,,,1965
0.1319,0.0001926,5.778e-06,None kPa,N/A,34804,['C'],A,Adiabatic calorimeter (non-vacuum) ,not stated,,,1965
0.06965,0.0001011,3.033e-06,None kPa,N/A,34804,['C'],A,Adiabatic calorimeter (non-vacuum) ,not stated,,,1965
0.0903,0.0001312,3.936e-06,None kPa,N/A,34804,['C'],A,Adiabatic calorimeter (non-vacuum) ,not stated,,,1965
0.09821,0.0001412,4.236e-06,None kPa,N/A,34804,['C'],A,Adiabatic calorimeter (non-vacuum) ,not stated,,,1965
0.1064,0.000153,4.59e-06,None kPa,N/A,34804,['C'],A,Adiabatic calorimeter (non-vacuum) ,not stated,,,1965
0.1142,0.0001667,5.001e-06,None kPa,N/A,34804,['C'],A,Adiabatic calorimeter (non-vacuum) ,not stated,,,1965
0.1227,0.0001778,5.334e-06,None kPa,N/A,34804,['C'],A,Adiabatic calorimeter (non-vacuum) ,not stated,,,1965
0.1322,0.0001921,5.763e-06,None kPa,N/A,34804,['C'],A,Adiabatic calorimeter (non-vacuum) ,not stated,,,1965
0.1435,0.0002086,6.258e-06,None kPa,N/A,34804,['C'],A,Adiabatic calorimeter (non-vacuum) ,not stated,,,1965
0.1545,0.0002258,6.774e-06,None kPa,N/A,34804,['C'],A,Adiabatic calorimeter (non-vacuum) ,not stated,,,1965
0.1651,0.0002379,7.137e-06,None kPa,N/A,34804,['C'],A,Adiabatic calorimeter (non-vacuum) ,not stated,,,1965
0.177,0.0002585,7.755e-06,None kPa,N/A,34804,['C'],A,Adiabatic calorimeter (non-vacuum) ,not stated,,,1965
0.1896,0.0002732,8.196e-06,None kPa,N/A,34804,['C'],A,Adiabatic calorimeter (non-vacuum) ,not stated,,,1965
0.2184,0.0003147,9.441e-06,None kPa,N/A,34804,['C'],A,Adiabatic calorimeter (non-vacuum) ,not stated,,,1965
0.2354,0.0003448,1.0344e-05,None kPa,N/A,34804,['C'],A,Adiabatic calorimeter (non-vacuum) ,not stated,,,1965
0.2543,0.0003712,1.1136e-05,None kPa,N/A,34804,['C'],A,Adiabatic calorimeter (non-vacuum) ,not stated,,,1965
0.12,0.0001725,5.175e-06,None kPa,N/A,34804,['C'],A,Adiabatic calorimeter (non-vacuum) ,not stated,,,1965
0.1284,0.0001875,5.625e-06,None kPa,N/A,34804,['C'],A,Adiabatic calorimeter (non-vacuum) ,not stated,,,1965
0.1574,0.0002304,6.912e-06,None kPa,N/A,34804,['C'],A,Adiabatic calorimeter (non-vacuum) ,not stated,,,1965
0.1712,0.0002464,7.392e-06,None kPa,N/A,34804,['C'],A,Adiabatic calorimeter (non-vacuum) ,not stated,,,1965
0.1866,0.0002752,8.256e-06,None kPa,N/A,34804,['C'],A,Adiabatic calorimeter (non-vacuum) ,not stated,,,1965
0.2056,0.0003011,9.033e-06,None kPa,N/A,34804,['C'],A,Adiabatic calorimeter (non-vacuum) ,not stated,,,1965
0.2258,0.0003257,9.771e-06,None kPa,N/A,34804,['C'],A,Adiabatic calorimeter (non-vacuum) ,not stated,,,1965
0.2427,0.0003519,1.0557e-05,None kPa,N/A,34804,['C'],A,Adiabatic calorimeter (non-vacuum) ,not stated,,,1965
0.2585,0.0003778,1.1334e-05,None kPa,N/A,34804,['C'],A,Adiabatic calorimeter (non-vacuum) ,not stated,,,1965
0.2905,0.0004241,1.2723e-05,None kPa,N/A,34804,['C'],A,Adiabatic calorimeter (non-vacuum) ,not stated,,,1965
0.3084,0.0004462,1.3386e-05,None kPa,N/A,34804,['C'],A,Adiabatic calorimeter (non-vacuum) ,not stated,,,1965
0.3289,0.0004775,1.4325e-05,None kPa,N/A,34804,['C'],A,Adiabatic calorimeter (non-vacuum) ,not stated,,,1965
0.3841,0.0005572,1.6716e-05,None kPa,N/A,34804,['C'],A,Adiabatic calorimeter (non-vacuum) ,not stated,,,1965
0.4172,0.0006077,1.8231e-05,None kPa,N/A,34804,['C'],A,Adiabatic calorimeter (non-vacuum) ,not stated,,,1965
0.2771,0.0004015,1.2045e-05,None kPa,N/A,34804,['C'],A,Adiabatic calorimeter (non-vacuum) ,not stated,,,1965
0.2965,0.0004305,1.2915e-05,None kPa,N/A,34804,['C'],A,Adiabatic calorimeter (non-vacuum) ,not stated,,,1965
0.319,0.0004625,1.3875e-05,None kPa,N/A,34804,['C'],A,Adiabatic calorimeter (non-vacuum) ,not stated,,,1965
0.3432,0.0004931,1.4793e-05,None kPa,N/A,34804,['C'],A,Adiabatic calorimeter (non-vacuum) ,not stated,,,1965
0.3729,0.0005427,1.6281e-05,None kPa,N/A,34804,['C'],A,Adiabatic calorimeter (non-vacuum) ,not stated,,,1965
0.4052,0.0005869,1.7607e-05,None kPa,N/A,34804,['C'],A,Adiabatic calorimeter (non-vacuum) ,not stated,,,1965
0.4398,0.0006376,1.9128e-05,None kPa,N/A,34804,['C'],A,Adiabatic calorimeter (non-vacuum) ,not stated,,,1965
0.4777,0.0006981,2.0943e-05,None kPa,N/A,34804,['C'],A,Adiabatic calorimeter (non-vacuum) ,not stated,,,1965
0.517,0.0007528,2.2584e-05,None kPa,N/A,34804,['C'],A,Adiabatic calorimeter (non-vacuum) ,not stated,,,1965
0.5564,0.0008078,2.4234e-05,None kPa,N/A,34804,['C'],A,Adiabatic calorimeter (non-vacuum) ,not stated,,,1965
0.6368,0.0009231,2.7693e-05,None kPa,N/A,34804,['C'],A,Adiabatic calorimeter (non-vacuum) ,not stated,,,1965
0.681,0.0009987,2.9961e-05,None kPa,N/A,34804,['C'],A,Adiabatic calorimeter (non-vacuum) ,not stated,,,1965
0.7316,0.00107,3.21e-05,None kPa,N/A,34804,['C'],A,Adiabatic calorimeter (non-vacuum) ,not stated,,,1965
0.7912,0.001157,3.471e-05,None kPa,N/A,34804,['C'],A,Adiabatic calorimeter (non-vacuum) ,not stated,,,1965
0.947,0.001388,4.164e-05,None kPa,N/A,34804,['C'],A,Adiabatic calorimeter (non-vacuum) ,not stated,,,1965
1.058,0.001535,4.605e-05,None kPa,N/A,34804,['C'],A,Adiabatic calorimeter (non-vacuum) ,not stated,,,1965
1.157,0.001683,5.049e-05,None kPa,N/A,34804,['C'],A,Adiabatic calorimeter (non-vacuum) ,not stated,,,1965
0.4472,0.0006511,1.9533e-05,None kPa,N/A,34804,['C'],A,Adiabatic calorimeter (non-vacuum) ,not stated,,,1965
0.4908,0.0007125,2.1375e-05,None kPa,N/A,34804,['C'],A,Adiabatic calorimeter (non-vacuum) ,not stated,,,1965
0.5414,0.0007893,2.3679e-05,None kPa,N/A,34804,['C'],A,Adiabatic calorimeter (non-vacuum) ,not stated,,,1965
0.5921,0.0008661,2.5983e-05,None kPa,N/A,34804,['C'],A,Adiabatic calorimeter (non-vacuum) ,not stated,,,1965
0.7003,0.001021,3.063e-05,None kPa,N/A,34804,['C'],A,Adiabatic calorimeter (non-vacuum) ,not stated,,,1965
0.8041,0.00117,3.51e-05,None kPa,N/A,34804,['C'],A,Adiabatic calorimeter (non-vacuum) ,not stated,,,1965
0.8616,0.001257,3.771e-05,None kPa,N/A,34804,['C'],A,Adiabatic calorimeter (non-vacuum) ,not stated,,,1965
0.9365,0.001367,4.101e-05,None kPa,N/A,34804,['C'],A,Adiabatic calorimeter (non-vacuum) ,not stated,,,1965
1.029,0.001493,4.479e-05,None kPa,N/A,34804,['C'],A,Adiabatic calorimeter (non-vacuum) ,not stated,,,1965
1.134,0.001662,4.986e-05,None kPa,N/A,34804,['C'],A,Adiabatic calorimeter (non-vacuum) ,not stated,,,1965
0.05929,8.47e-05,2.541e-06,None kPa,N/A,34805,['C'],A,Adiabatic calorimeter (non-vacuum) ,not stated,,,1965
0.07175,0.0001049,3.147e-06,None kPa,N/A,34805,['C'],A,Adiabatic calorimeter (non-vacuum) ,not stated,,,1965
0.06214,9.09e-05,2.727e-06,None kPa,N/A,34805,['C'],A,Adiabatic calorimeter (non-vacuum) ,not stated,,,1965
0.08478,0.0001242,3.726e-06,None kPa,N/A,34805,['C'],A,Adiabatic calorimeter (non-vacuum) ,not stated,,,1965
0.07091,0.0001041,3.123e-06,None kPa,N/A,34805,['C'],A,Adiabatic calorimeter (non-vacuum) ,not stated,,,1965
0.08904,0.0001286,3.858e-06,None kPa,N/A,34805,['C'],A,Adiabatic calorimeter (non-vacuum) ,not stated,,,1965
0.09762,0.00014,4.2e-06,None kPa,N/A,34805,['C'],A,Adiabatic calorimeter (non-vacuum) ,not stated,,,1965
0.1082,0.0001556,4.668e-06,None kPa,N/A,34805,['C'],A,Adiabatic calorimeter (non-vacuum) ,not stated,,,1965
0.1185,0.0001693,5.079e-06,None kPa,N/A,34805,['C'],A,Adiabatic calorimeter (non-vacuum) ,not stated,,,1965
0.07357,0.0001072,3.216e-06,None kPa,N/A,34805,['C'],A,Adiabatic calorimeter (non-vacuum) ,not stated,,,1965
0.08585,0.0001252,3.756e-06,None kPa,N/A,34805,['C'],A,Adiabatic calorimeter (non-vacuum) ,not stated,,,1965
0.1116,0.0001595,4.785e-06,None kPa,N/A,34805,['C'],A,Adiabatic calorimeter (non-vacuum) ,not stated,,,1965
0.1228,0.0001786,5.358e-06,None kPa,N/A,34805,['C'],A,Adiabatic calorimeter (non-vacuum) ,not stated,,,1965
0.1371,0.0001978,5.934e-06,None kPa,N/A,34805,['C'],A,Adiabatic calorimeter (non-vacuum) ,not stated,,,1965
0.1507,0.0002165,6.495e-06,None kPa,N/A,34805,['C'],A,Adiabatic calorimeter (non-vacuum) ,not stated,,,1965
0.165,0.0002368,7.104e-06,None kPa,N/A,34805,['C'],A,Adiabatic calorimeter (non-vacuum) ,not stated,,,1965
0.1796,0.0002595,7.785e-06,None kPa,N/A,34805,['C'],A,Adiabatic calorimeter (non-vacuum) ,not stated,,,1965
0.1996,0.0002864,8.592e-06,None kPa,N/A,34805,['C'],A,Adiabatic calorimeter (non-vacuum) ,not stated,,,1965
0.2206,0.0003201,9.603e-06,None kPa,N/A,34805,['C'],A,Adiabatic calorimeter (non-vacuum) ,not stated,,,1965
0.2477,0.0003562,1.0686e-05,None kPa,N/A,34805,['C'],A,Adiabatic calorimeter (non-vacuum) ,not stated,,,1965
0.2809,0.0004099,1.2297e-05,None kPa,N/A,34805,['C'],A,Adiabatic calorimeter (non-vacuum) ,not stated,,,1965
0.3102,0.0004496,1.3488e-05,None kPa,N/A,34805,['C'],A,Adiabatic calorimeter (non-vacuum) ,not stated,,,1965
0.3403,0.0004906,1.4718e-05,None kPa,N/A,34805,['C'],A,Adiabatic calorimeter (non-vacuum) ,not stated,,,1965
0.5915,0.0008533,2.5599e-05,None kPa,N/A,34805,['C'],A,Adiabatic calorimeter (non-vacuum) ,not stated,,,1965
0.6498,0.0009397,2.8191e-05,None kPa,N/A,34805,['C'],A,Adiabatic calorimeter (non-vacuum) ,not stated,,,1965
0.7126,0.001039,3.117e-05,None kPa,N/A,34805,['C'],A,Adiabatic calorimeter (non-vacuum) ,not stated,,,1965
0.3743,0.0005387,1.6161e-05,None kPa,N/A,34805,['C'],A,Adiabatic calorimeter (non-vacuum) ,not stated,,,1965
0.4185,0.0006089,1.8267e-05,None kPa,N/A,34805,['C'],A,Adiabatic calorimeter (non-vacuum) ,not stated,,,1965
0.4655,0.0006771,2.0313e-05,None kPa,N/A,34805,['C'],A,Adiabatic calorimeter (non-vacuum) ,not stated,,,1965
0.5135,0.0007463,2.2389e-05,None kPa,N/A,34805,['C'],A,Adiabatic calorimeter (non-vacuum) ,not stated,,,1965
0.5649,0.0008213,2.4639e-05,None kPa,N/A,34805,['C'],A,Adiabatic calorimeter (non-vacuum) ,not stated,,,1965
0.623,0.0009018,2.7054e-05,None kPa,N/A,34805,['C'],A,Adiabatic calorimeter (non-vacuum) ,not stated,,,1965
0.69,0.001009,3.027e-05,None kPa,N/A,34805,['C'],A,Adiabatic calorimeter (non-vacuum) ,not stated,,,1965
0.767,0.001107,3.321e-05,None kPa,N/A,34805,['C'],A,Adiabatic calorimeter (non-vacuum) ,not stated,,,1965
0.8612,0.001244,3.732e-05,None kPa,N/A,34805,['C'],A,Adiabatic calorimeter (non-vacuum) ,not stated,,,1965
0.9561,0.001391,4.173e-05,None kPa,N/A,34805,['C'],A,Adiabatic calorimeter (non-vacuum) ,not stated,,,1965
1.043,0.001523,4.569e-05,None kPa,N/A,34805,['C'],A,Adiabatic calorimeter (non-vacuum) ,not stated,,,1965
1.143,0.001658,4.974e-05,None kPa,N/A,34805,['C'],A,Adiabatic calorimeter (non-vacuum) ,not stated,,,1965
0.09385,0.0001362,4.086e-06,None kPa,N/A,34805,['C'],A,Adiabatic calorimeter (non-vacuum) ,not stated,,,1965
0.1052,0.0001511,4.533e-06,None kPa,N/A,34805,['C'],A,Adiabatic calorimeter (non-vacuum) ,not stated,,,1965
0.1161,0.0001689,5.067e-06,None kPa,N/A,34805,['C'],A,Adiabatic calorimeter (non-vacuum) ,not stated,,,1965
0.1258,0.0001835,5.505e-06,None kPa,N/A,34805,['C'],A,Adiabatic calorimeter (non-vacuum) ,not stated,,,1965
0.1358,0.0001957,5.871e-06,None kPa,N/A,34805,['C'],A,Adiabatic calorimeter (non-vacuum) ,not stated,,,1965
0.1477,0.0002128,6.384e-06,None kPa,N/A,34805,['C'],A,Adiabatic calorimeter (non-vacuum) ,not stated,,,1965
0.1598,0.0002333,6.999e-06,None kPa,N/A,34805,['C'],A,Adiabatic calorimeter (non-vacuum) ,not stated,,,1965
0.1745,0.0002511,7.533e-06,None kPa,N/A,34805,['C'],A,Adiabatic calorimeter (non-vacuum) ,not stated,,,1965
0.1921,0.000281,8.43e-06,None kPa,N/A,34805,['C'],A,Adiabatic calorimeter (non-vacuum) ,not stated,,,1965
0.214,0.0003081,9.243e-06,None kPa,N/A,34805,['C'],A,Adiabatic calorimeter (non-vacuum) ,not stated,,,1965
0.2409,0.0003493,1.0479e-05,None kPa,N/A,34805,['C'],A,Adiabatic calorimeter (non-vacuum) ,not stated,,,1965
0.271,0.000396,1.188e-05,None kPa,N/A,34805,['C'],A,Adiabatic calorimeter (non-vacuum) ,not stated,,,1965
0.2983,0.0004355,1.3065e-05,None kPa,N/A,34805,['C'],A,Adiabatic calorimeter (non-vacuum) ,not stated,,,1965
0.3259,0.0004702,1.4106e-05,None kPa,N/A,34805,['C'],A,Adiabatic calorimeter (non-vacuum) ,not stated,,,1965
0.3741,0.0005457,1.6371e-05,None kPa,N/A,34805,['C'],A,Adiabatic calorimeter (non-vacuum) ,not stated,,,1965
0.4363,0.0006339,1.9017e-05,None kPa,N/A,34805,['C'],A,Adiabatic calorimeter (non-vacuum) ,not stated,,,1965
0.488,0.0007078,2.1234e-05,None kPa,N/A,34805,['C'],A,Adiabatic calorimeter (non-vacuum) ,not stated,,,1965
0.5381,0.0007852,2.3556e-05,None kPa,N/A,34805,['C'],A,Adiabatic calorimeter (non-vacuum) ,not stated,,,1965
0.9119,0.001319,3.957e-05,None kPa,N/A,34805,['C'],A,Adiabatic calorimeter (non-vacuum) ,not stated,,,1965
0.9852,0.001446,4.338e-05,None kPa,N/A,34805,['C'],A,Adiabatic calorimeter (non-vacuum) ,not stated,,,1965
1.076,0.001572,4.716e-05,None kPa,N/A,34805,['C'],A,Adiabatic calorimeter (non-vacuum) ,not stated,,,1965
0.7794,0.001127,3.381e-05,None kPa,N/A,34805,['C'],A,Adiabatic calorimeter (non-vacuum) ,not stated,,,1965
0.847,0.001241,3.723e-05,None kPa,N/A,34805,['C'],A,Adiabatic calorimeter (non-vacuum) ,not stated,,,1965
1.184,0.001733,5.199e-05,None kPa,N/A,34805,['C'],A,Adiabatic calorimeter (non-vacuum) ,not stated,,,1965
308.532,24.2422,0.0484845,None kPa,N/A,23561,['C'],A,Adiabatic calorimeter (non-vacuum) ,"origin: commercial source,99.95 % (total),,rod",99.95,Not Specified %,1979
310.003,24.4519,0.0489038,None kPa,N/A,23561,['C'],A,Adiabatic calorimeter (non-vacuum) ,"origin: commercial source,99.95 % (total),,rod",99.95,Not Specified %,1979
310.798,25.6792,0.0513585,None kPa,N/A,23561,['C'],A,Adiabatic calorimeter (non-vacuum) ,"origin: commercial source,99.95 % (total),,rod",99.95,Not Specified %,1979
310.879,26.545,0.05309,None kPa,N/A,23561,['C'],A,Adiabatic calorimeter (non-vacuum) ,"origin: commercial source,99.95 % (total),,rod",99.95,Not Specified %,1979
311.077,26.8485,0.0536969,None kPa,N/A,23561,['C'],A,Adiabatic calorimeter (non-vacuum) ,"origin: commercial source,99.95 % (total),,rod",99.95,Not Specified %,1979
311.296,25.7565,0.0515129,None kPa,N/A,23561,['C'],A,Adiabatic calorimeter (non-vacuum) ,"origin: commercial source,99.95 % (total),,rod",99.95,Not Specified %,1979
311.308,25.3281,0.0506563,None kPa,N/A,23561,['C'],A,Adiabatic calorimeter (non-vacuum) ,"origin: commercial source,99.95 % (total),,rod",99.95,Not Specified %,1979
311.317,26.1975,0.0523949,None kPa,N/A,23561,['C'],A,Adiabatic calorimeter (non-vacuum) ,"origin: commercial source,99.95 % (total),,rod",99.95,Not Specified %,1979
311.66,24.0763,0.0481526,None kPa,N/A,23561,['C'],A,Adiabatic calorimeter (non-vacuum) ,"origin: commercial source,99.95 % (total),,rod",99.95,Not Specified %,1979
312.256,23.8228,0.0476456,None kPa,N/A,23561,['C'],A,Adiabatic calorimeter (non-vacuum) ,"origin: commercial source,99.95 % (total),,rod",99.95,Not Specified %,1979
313.012,23.6119,0.0472239,None kPa,N/A,23561,['C'],A,Adiabatic calorimeter (non-vacuum) ,"origin: commercial source,99.95 % (total),,rod",99.95,Not Specified %,1979
314.885,23.6268,0.0472537,None kPa,N/A,23561,['C'],A,Adiabatic calorimeter (non-vacuum) ,"origin: commercial source,99.95 % (total),,rod",99.95,Not Specified %,1979
283.435,23.1913,0.0463825,None kPa,N/A,23561,['C'],A,Adiabatic calorimeter (non-vacuum) ,"origin: commercial source,99.95 % (total),,rod",99.95,Not Specified %,1979
283.744,23.1974,0.0463948,None kPa,N/A,23561,['C'],A,Adiabatic calorimeter (non-vacuum) ,"origin: commercial source,99.95 % (total),,rod",99.95,Not Specified %,1979
284.384,23.2141,0.0464281,None kPa,N/A,23561,['C'],A,Adiabatic calorimeter (non-vacuum) ,"origin: commercial source,99.95 % (total),,rod",99.95,Not Specified %,1979
284.735,23.2461,0.0464921,None kPa,N/A,23561,['C'],A,Adiabatic calorimeter (non-vacuum) ,"origin: commercial source,99.95 % (total),,rod",99.95,Not Specified %,1979
285.437,23.2141,0.0464282,None kPa,N/A,23561,['C'],A,Adiabatic calorimeter (non-vacuum) ,"origin: commercial source,99.95 % (total),,rod",99.95,Not Specified %,1979
285.887,23.2678,0.0465356,None kPa,N/A,23561,['C'],A,Adiabatic calorimeter (non-vacuum) ,"origin: commercial source,99.95 % (total),,rod",99.95,Not Specified %,1979
287.158,23.2694,0.0465388,None kPa,N/A,23561,['C'],A,Adiabatic calorimeter (non-vacuum) ,"origin: commercial source,99.95 % (total),,rod",99.95,Not Specified %,1979
287.697,23.3131,0.0466263,None kPa,N/A,23561,['C'],A,Adiabatic calorimeter (non-vacuum) ,"origin: commercial source,99.95 % (total),,rod",99.95,Not Specified %,1979
288.842,23.2895,0.0465789,None kPa,N/A,23561,['C'],A,Adiabatic calorimeter (non-vacuum) ,"origin: commercial source,99.95 % (total),,rod",99.95,Not Specified %,1979
290.375,23.3459,0.0466918,None kPa,N/A,23561,['C'],A,Adiabatic calorimeter (non-vacuum) ,"origin: commercial source,99.95 % (total),,rod",99.95,Not Specified %,1979
291.632,23.3757,0.0467514,None kPa,N/A,23561,['C'],A,Adiabatic calorimeter (non-vacuum) ,"origin: commercial source,99.95 % (total),,rod",99.95,Not Specified %,1979
292.141,23.4382,0.0468764,None kPa,N/A,23561,['C'],A,Adiabatic calorimeter (non-vacuum) ,"origin: commercial source,99.95 % (total),,rod",99.95,Not Specified %,1979
293.068,23.4215,0.046843,None kPa,N/A,23561,['C'],A,Adiabatic calorimeter (non-vacuum) ,"origin: commercial source,99.95 % (total),,rod",99.95,Not Specified %,1979
293.557,23.4942,0.0469884,None kPa,N/A,23561,['C'],A,Adiabatic calorimeter (non-vacuum) ,"origin: commercial source,99.95 % (total),,rod",99.95,Not Specified %,1979
294.422,23.4825,0.0469649,None kPa,N/A,23561,['C'],A,Adiabatic calorimeter (non-vacuum) ,"origin: commercial source,99.95 % (total),,rod",99.95,Not Specified %,1979
294.945,23.5382,0.0470763,None kPa,N/A,23561,['C'],A,Adiabatic calorimeter (non-vacuum) ,"origin: commercial source,99.95 % (total),,rod",99.95,Not Specified %,1979
296.059,23.5521,0.0471042,None kPa,N/A,23561,['C'],A,Adiabatic calorimeter (non-vacuum) ,"origin: commercial source,99.95 % (total),,rod",99.95,Not Specified %,1979
296.666,23.5978,0.0471955,None kPa,N/A,23561,['C'],A,Adiabatic calorimeter (non-vacuum) ,"origin: commercial source,99.95 % (total),,rod",99.95,Not Specified %,1979
298.843,23.6117,0.0472235,None kPa,N/A,23561,['C'],A,Adiabatic calorimeter (non-vacuum) ,"origin: commercial source,99.95 % (total),,rod",99.95,Not Specified %,1979
300.926,23.7162,0.0474324,None kPa,N/A,23561,['C'],A,Adiabatic calorimeter (non-vacuum) ,"origin: commercial source,99.95 % (total),,rod",99.95,Not Specified %,1979
302.128,23.7021,0.0474043,None kPa,N/A,23561,['C'],A,Adiabatic calorimeter (non-vacuum) ,"origin: commercial source,99.95 % (total),,rod",99.95,Not Specified %,1979
302.842,23.7362,0.0474723,None kPa,N/A,23561,['C'],A,Adiabatic calorimeter (non-vacuum) ,"origin: commercial source,99.95 % (total),,rod",99.95,Not Specified %,1979
303.82,23.7282,0.0474565,None kPa,N/A,23561,['C'],A,Adiabatic calorimeter (non-vacuum) ,"origin: commercial source,99.95 % (total),,rod",99.95,Not Specified %,1979
305.545,23.7741,0.0475483,None kPa,N/A,23561,['C'],A,Adiabatic calorimeter (non-vacuum) ,"origin: commercial source,99.95 % (total),,rod",99.95,Not Specified %,1979
306.343,23.799,0.047598,None kPa,N/A,23561,['C'],A,Adiabatic calorimeter (non-vacuum) ,"origin: commercial source,99.95 % (total),,rod",99.95,Not Specified %,1979
307.336,23.8365,0.0476731,None kPa,N/A,23561,['C'],A,Adiabatic calorimeter (non-vacuum) ,"origin: commercial source,99.95 % (total),,rod",99.95,Not Specified %,1979
314.454,23.618,0.047236,None kPa,N/A,23561,['C'],A,Adiabatic calorimeter (non-vacuum) ,"origin: commercial source,99.95 % (total),,rod",99.95,Not Specified %,1979
315.408,23.6708,0.0473415,None kPa,N/A,23561,['C'],A,Adiabatic calorimeter (non-vacuum) ,"origin: commercial source,99.95 % (total),,rod",99.95,Not Specified %,1979
316.95,23.7406,0.0474811,None kPa,N/A,23561,['C'],A,Adiabatic calorimeter (non-vacuum) ,"origin: commercial source,99.95 % (total),,rod",99.95,Not Specified %,1979
318.564,23.7296,0.0474593,None kPa,N/A,23561,['C'],A,Adiabatic calorimeter (non-vacuum) ,"origin: commercial source,99.95 % (total),,rod",99.95,Not Specified %,1979
319.549,23.7717,0.0475434,None kPa,N/A,23561,['C'],A,Adiabatic calorimeter (non-vacuum) ,"origin: commercial source,99.95 % (total),,rod",99.95,Not Specified %,1979
320.499,23.777,0.047554,None kPa,N/A,23561,['C'],A,Adiabatic calorimeter (non-vacuum) ,"origin: commercial source,99.95 % (total),,rod",99.95,Not Specified %,1979
321.938,23.8573,0.0477145,None kPa,N/A,23561,['C'],A,Adiabatic calorimeter (non-vacuum) ,"origin: commercial source,99.95 % (total),,rod",99.95,Not Specified %,1979
323.284,23.9059,0.0478118,None kPa,N/A,23561,['C'],A,Adiabatic calorimeter (non-vacuum) ,"origin: commercial source,99.95 % (total),,rod",99.95,Not Specified %,1979
324.352,23.958,0.0479159,None kPa,N/A,23561,['C'],A,Adiabatic calorimeter (non-vacuum) ,"origin: commercial source,99.95 % (total),,rod",99.95,Not Specified %,1979
307.954,24.157,0.048314,None kPa,N/A,23561,['C'],A,Adiabatic calorimeter (non-vacuum) ,"origin: commercial source,99.95 % (total),,rod",99.95,Not Specified %,1979
309.626,24.3492,0.0486984,None kPa,N/A,23561,['C'],A,Adiabatic calorimeter (non-vacuum) ,"origin: commercial source,99.95 % (total),,rod",99.95,Not Specified %,1979
310.403,24.6166,0.0492332,None kPa,N/A,23561,['C'],A,Adiabatic calorimeter (non-vacuum) ,"origin: commercial source,99.95 % (total),,rod",99.95,Not Specified %,1979
310.421,24.9447,0.0498895,None kPa,N/A,23561,['C'],A,Adiabatic calorimeter (non-vacuum) ,"origin: commercial source,99.95 % (total),,rod",99.95,Not Specified %,1979
310.434,24.7161,0.0494322,None kPa,N/A,23561,['C'],A,Adiabatic calorimeter (non-vacuum) ,"origin: commercial source,99.95 % (total),,rod",99.95,Not Specified %,1979
310.442,25.0962,0.0501924,None kPa,N/A,23561,['C'],A,Adiabatic calorimeter (non-vacuum) ,"origin: commercial source,99.95 % (total),,rod",99.95,Not Specified %,1979
310.558,31.9609,0.0639218,None kPa,N/A,23561,['C'],A,Adiabatic calorimeter (non-vacuum) ,"origin: commercial source,99.95 % (total),,rod",99.95,Not Specified %,1979
310.577,28.1765,0.0563529,None kPa,N/A,23561,['C'],A,Adiabatic calorimeter (non-vacuum) ,"origin: commercial source,99.95 % (total),,rod",99.95,Not Specified %,1979
310.699,27.0024,0.0540048,None kPa,N/A,23561,['C'],A,Adiabatic calorimeter (non-vacuum) ,"origin: commercial source,99.95 % (total),,rod",99.95,Not Specified %,1979
311.177,26.3169,0.0526339,None kPa,N/A,23561,['C'],A,Adiabatic calorimeter (non-vacuum) ,"origin: commercial source,99.95 % (total),,rod",99.95,Not Specified %,1979
311.316,24.8538,0.0497075,None kPa,N/A,23561,['C'],A,Adiabatic calorimeter (non-vacuum) ,"origin: commercial source,99.95 % (total),,rod",99.95,Not Specified %,1979
311.469,24.2682,0.0485364,None kPa,N/A,23561,['C'],A,Adiabatic calorimeter (non-vacuum) ,"origin: commercial source,99.95 % (total),,rod",99.95,Not Specified %,1979
311.968,23.9291,0.0478581,None kPa,N/A,23561,['C'],A,Adiabatic calorimeter (non-vacuum) ,"origin: commercial source,99.95 % (total),,rod",99.95,Not Specified %,1979
312.945,23.7227,0.0474453,None kPa,N/A,23561,['C'],A,Adiabatic calorimeter (non-vacuum) ,"origin: commercial source,99.95 % (total),,rod",99.95,Not Specified %,1979
313.916,23.7244,0.0474488,None kPa,N/A,23561,['C'],A,Adiabatic calorimeter (non-vacuum) ,"origin: commercial source,99.95 % (total),,rod",99.95,Not Specified %,1979
315.946,23.7238,0.0474476,None kPa,N/A,23561,['C'],A,Adiabatic calorimeter (non-vacuum) ,"origin: commercial source,99.95 % (total),,rod",99.95,Not Specified %,1979
283.201,23.2171,0.0464341,None kPa,N/A,23561,['C'],A,Adiabatic calorimeter (non-vacuum) ,"origin: commercial source,99.95 % (total),,rod",99.95,Not Specified %,1979
286.849,23.2872,0.0465745,None kPa,N/A,23561,['C'],A,Adiabatic calorimeter (non-vacuum) ,"origin: commercial source,99.95 % (total),,rod",99.95,Not Specified %,1979
290.933,23.3597,0.0467194,None kPa,N/A,23561,['C'],A,Adiabatic calorimeter (non-vacuum) ,"origin: commercial source,99.95 % (total),,rod",99.95,Not Specified %,1979
294.233,23.5572,0.0471145,None kPa,N/A,23561,['C'],A,Adiabatic calorimeter (non-vacuum) ,"origin: commercial source,99.95 % (total),,rod",99.95,Not Specified %,1979
297.93,23.6199,0.0472398,None kPa,N/A,23561,['C'],A,Adiabatic calorimeter (non-vacuum) ,"origin: commercial source,99.95 % (total),,rod",99.95,Not Specified %,1979
300.964,23.6015,0.0472031,None kPa,N/A,23561,['C'],A,Adiabatic calorimeter (non-vacuum) ,"origin: commercial source,99.95 % (total),,rod",99.95,Not Specified %,1979
304.346,23.7497,0.0474993,None kPa,N/A,23561,['C'],A,Adiabatic calorimeter (non-vacuum) ,"origin: commercial source,99.95 % (total),,rod",99.95,Not Specified %,1979
306.837,23.8289,0.0476578,None kPa,N/A,23561,['C'],A,Adiabatic calorimeter (non-vacuum) ,"origin: commercial source,99.95 % (total),,rod",99.95,Not Specified %,1979
307.905,23.8898,0.0477796,None kPa,N/A,23561,['C'],A,Adiabatic calorimeter (non-vacuum) ,"origin: commercial source,99.95 % (total),,rod",99.95,Not Specified %,1979
317.825,23.8091,0.0476183,None kPa,N/A,23561,['C'],A,Adiabatic calorimeter (non-vacuum) ,"origin: commercial source,99.95 % (total),,rod",99.95,Not Specified %,1979
320.944,23.8451,0.0476901,None kPa,N/A,23561,['C'],A,Adiabatic calorimeter (non-vacuum) ,"origin: commercial source,99.95 % (total),,rod",99.95,Not Specified %,1979
323.735,23.8953,0.0477906,None kPa,N/A,23561,['C'],A,Adiabatic calorimeter (non-vacuum) ,"origin: commercial source,99.95 % (total),,rod",99.95,Not Specified %,1979
307.999,24.0169,0.0480338,None kPa,N/A,23561,['C'],A,Adiabatic calorimeter (non-vacuum) ,"origin: commercial source,99.95 % (total),,rod",99.95,Not Specified %,1979
308.979,24.2272,0.0484545,None kPa,N/A,23561,['C'],A,Adiabatic calorimeter (non-vacuum) ,"origin: commercial source,99.95 % (total),,rod",99.95,Not Specified %,1979
309.738,24.3105,0.048621,None kPa,N/A,23561,['C'],A,Adiabatic calorimeter (non-vacuum) ,"origin: commercial source,99.95 % (total),,rod",99.95,Not Specified %,1979
310.29,24.3934,0.0487867,None kPa,N/A,23561,['C'],A,Adiabatic calorimeter (non-vacuum) ,"origin: commercial source,99.95 % (total),,rod",99.95,Not Specified %,1979
310.872,24.4186,0.0488371,None kPa,N/A,23561,['C'],A,Adiabatic calorimeter (non-vacuum) ,"origin: commercial source,99.95 % (total),,rod",99.95,Not Specified %,1979
311.441,24.523,0.0490459,None kPa,N/A,23561,['C'],A,Adiabatic calorimeter (non-vacuum) ,"origin: commercial source,99.95 % (total),,rod",99.95,Not Specified %,1979
312.109,24.4407,0.0488814,None kPa,N/A,23561,['C'],A,Adiabatic calorimeter (non-vacuum) ,"origin: commercial source,99.95 % (total),,rod",99.95,Not Specified %,1979
312.64,24.409,0.048818,None kPa,N/A,23561,['C'],A,Adiabatic calorimeter (non-vacuum) ,"origin: commercial source,99.95 % (total),,rod",99.95,Not Specified %,1979
313.184,24.1975,0.048395,None kPa,N/A,23561,['C'],A,Adiabatic calorimeter (non-vacuum) ,"origin: commercial source,99.95 % (total),,rod",99.95,Not Specified %,1979
313.747,24.0654,0.0481309,None kPa,N/A,23561,['C'],A,Adiabatic calorimeter (non-vacuum) ,"origin: commercial source,99.95 % (total),,rod",99.95,Not Specified %,1979
314.472,24.0035,0.0480071,None kPa,N/A,23561,['C'],A,Adiabatic calorimeter (non-vacuum) ,"origin: commercial source,99.95 % (total),,rod",99.95,Not Specified %,1979
315.06,23.9083,0.0478167,None kPa,N/A,23561,['C'],A,Adiabatic calorimeter (non-vacuum) ,"origin: commercial source,99.95 % (total),,rod",99.95,Not Specified %,1979
315.586,23.7577,0.0475153,None kPa,N/A,23561,['C'],A,Adiabatic calorimeter (non-vacuum) ,"origin: commercial source,99.95 % (total),,rod",99.95,Not Specified %,1979
284.002,23.2281,0.0464561,None kPa,N/A,23561,['C'],A,Adiabatic calorimeter (non-vacuum) ,"origin: commercial source,99.95 % (total),,rod",99.95,Not Specified %,1979
285.189,23.2568,0.0465135,None kPa,N/A,23561,['C'],A,Adiabatic calorimeter (non-vacuum) ,"origin: commercial source,99.95 % (total),,rod",99.95,Not Specified %,1979
286.469,23.2977,0.0465953,None kPa,N/A,23561,['C'],A,Adiabatic calorimeter (non-vacuum) ,"origin: commercial source,99.95 % (total),,rod",99.95,Not Specified %,1979
288.081,23.3299,0.0466598,None kPa,N/A,23561,['C'],A,Adiabatic calorimeter (non-vacuum) ,"origin: commercial source,99.95 % (total),,rod",99.95,Not Specified %,1979
289.623,23.336,0.0466721,None kPa,N/A,23561,['C'],A,Adiabatic calorimeter (non-vacuum) ,"origin: commercial source,99.95 % (total),,rod",99.95,Not Specified %,1979
291.171,23.4123,0.0468247,None kPa,N/A,23561,['C'],A,Adiabatic calorimeter (non-vacuum) ,"origin: commercial source,99.95 % (total),,rod",99.95,Not Specified %,1979
292.687,23.4227,0.0468454,None kPa,N/A,23561,['C'],A,Adiabatic calorimeter (non-vacuum) ,"origin: commercial source,99.95 % (total),,rod",99.95,Not Specified %,1979
294.02,23.5188,0.0470376,None kPa,N/A,23561,['C'],A,Adiabatic calorimeter (non-vacuum) ,"origin: commercial source,99.95 % (total),,rod",99.95,Not Specified %,1979
295.615,23.5294,0.0470588,None kPa,N/A,23561,['C'],A,Adiabatic calorimeter (non-vacuum) ,"origin: commercial source,99.95 % (total),,rod",99.95,Not Specified %,1979
297.186,23.636,0.047272,None kPa,N/A,23561,['C'],A,Adiabatic calorimeter (non-vacuum) ,"origin: commercial source,99.95 % (total),,rod",99.95,Not Specified %,1979
298.275,23.6342,0.0472683,None kPa,N/A,23561,['C'],A,Adiabatic calorimeter (non-vacuum) ,"origin: commercial source,99.95 % (total),,rod",99.95,Not Specified %,1979
300.126,23.6499,0.0472999,None kPa,N/A,23561,['C'],A,Adiabatic calorimeter (non-vacuum) ,"origin: commercial source,99.95 % (total),,rod",99.95,Not Specified %,1979
301.653,23.7467,0.0474933,None kPa,N/A,23561,['C'],A,Adiabatic calorimeter (non-vacuum) ,"origin: commercial source,99.95 % (total),,rod",99.95,Not Specified %,1979
303.331,23.7802,0.0475604,None kPa,N/A,23561,['C'],A,Adiabatic calorimeter (non-vacuum) ,"origin: commercial source,99.95 % (total),,rod",99.95,Not Specified %,1979
304.963,23.8201,0.0476402,None kPa,N/A,23561,['C'],A,Adiabatic calorimeter (non-vacuum) ,"origin: commercial source,99.95 % (total),,rod",99.95,Not Specified %,1979
306.101,23.8605,0.047721,None kPa,N/A,23561,['C'],A,Adiabatic calorimeter (non-vacuum) ,"origin: commercial source,99.95 % (total),,rod",99.95,Not Specified %,1979
306.929,23.9107,0.0478214,None kPa,N/A,23561,['C'],A,Adiabatic calorimeter (non-vacuum) ,"origin: commercial source,99.95 % (total),,rod",99.95,Not Specified %,1979
316.118,23.7772,0.0475545,None kPa,N/A,23561,['C'],A,Adiabatic calorimeter (non-vacuum) ,"origin: commercial source,99.95 % (total),,rod",99.95,Not Specified %,1979
319.739,23.7227,0.0474454,None kPa,N/A,23561,['C'],A,Adiabatic calorimeter (non-vacuum) ,"origin: commercial source,99.95 % (total),,rod",99.95,Not Specified %,1979
321.506,23.7479,0.0474958,None kPa,N/A,23561,['C'],A,Adiabatic calorimeter (non-vacuum) ,"origin: commercial source,99.95 % (total),,rod",99.95,Not Specified %,1979
322.906,23.8226,0.0476453,None kPa,N/A,23561,['C'],A,Adiabatic calorimeter (non-vacuum) ,"origin: commercial source,99.95 % (total),,rod",99.95,Not Specified %,1979
210.246,20.4962,0.0409923,None kPa,N/A,23562,['C'],A,Adiabatic calorimeter (non-vacuum) ,"origin: commercial source,99.95 % (total),,rod",99.95,Not Specified %,1979
215.001,20.7224,0.0414449,None kPa,N/A,23562,['C'],A,Adiabatic calorimeter (non-vacuum) ,"origin: commercial source,99.95 % (total),,rod",99.95,Not Specified %,1979
219.889,20.9448,0.0418896,None kPa,N/A,23562,['C'],A,Adiabatic calorimeter (non-vacuum) ,"origin: commercial source,99.95 % (total),,rod",99.95,Not Specified %,1979
225.007,21.1398,0.0422796,None kPa,N/A,23562,['C'],A,Adiabatic calorimeter (non-vacuum) ,"origin: commercial source,99.95 % (total),,rod",99.95,Not Specified %,1979
229.723,21.3413,0.0426827,None kPa,N/A,23562,['C'],A,Adiabatic calorimeter (non-vacuum) ,"origin: commercial source,99.95 % (total),,rod",99.95,Not Specified %,1979
234.965,21.5725,0.043145,None kPa,N/A,23562,['C'],A,Adiabatic calorimeter (non-vacuum) ,"origin: commercial source,99.95 % (total),,rod",99.95,Not Specified %,1979
239.999,21.7711,0.0435422,None kPa,N/A,23562,['C'],A,Adiabatic calorimeter (non-vacuum) ,"origin: commercial source,99.95 % (total),,rod",99.95,Not Specified %,1979
244.829,21.9531,0.0439062,None kPa,N/A,23562,['C'],A,Adiabatic calorimeter (non-vacuum) ,"origin: commercial source,99.95 % (total),,rod",99.95,Not Specified %,1979
249.727,22.14,0.04428,None kPa,N/A,23562,['C'],A,Adiabatic calorimeter (non-vacuum) ,"origin: commercial source,99.95 % (total),,rod",99.95,Not Specified %,1979
254.65,22.2777,0.0445554,None kPa,N/A,23562,['C'],A,Adiabatic calorimeter (non-vacuum) ,"origin: commercial source,99.95 % (total),,rod",99.95,Not Specified %,1979
259.397,22.4627,0.0449253,None kPa,N/A,23562,['C'],A,Adiabatic calorimeter (non-vacuum) ,"origin: commercial source,99.95 % (total),,rod",99.95,Not Specified %,1979
265.059,22.6108,0.0452216,None kPa,N/A,23562,['C'],A,Adiabatic calorimeter (non-vacuum) ,"origin: commercial source,99.95 % (total),,rod",99.95,Not Specified %,1979
270.184,22.757,0.045514,None kPa,N/A,23562,['C'],A,Adiabatic calorimeter (non-vacuum) ,"origin: commercial source,99.95 % (total),,rod",99.95,Not Specified %,1979
274.525,22.9253,0.0458506,None kPa,N/A,23562,['C'],A,Adiabatic calorimeter (non-vacuum) ,"origin: commercial source,99.95 % (total),,rod",99.95,Not Specified %,1979
279.634,23.0754,0.0461508,None kPa,N/A,23562,['C'],A,Adiabatic calorimeter (non-vacuum) ,"origin: commercial source,99.95 % (total),,rod",99.95,Not Specified %,1979
284.691,23.2138,0.0464276,None kPa,N/A,23562,['C'],A,Adiabatic calorimeter (non-vacuum) ,"origin: commercial source,99.95 % (total),,rod",99.95,Not Specified %,1979
289.953,23.3733,0.0467467,None kPa,N/A,23562,['C'],A,Adiabatic calorimeter (non-vacuum) ,"origin: commercial source,99.95 % (total),,rod",99.95,Not Specified %,1979
294.68,23.5449,0.0470898,None kPa,N/A,23562,['C'],A,Adiabatic calorimeter (non-vacuum) ,"origin: commercial source,99.95 % (total),,rod",99.95,Not Specified %,1979
300.138,23.6735,0.0473471,None kPa,N/A,23562,['C'],A,Adiabatic calorimeter (non-vacuum) ,"origin: commercial source,99.95 % (total),,rod",99.95,Not Specified %,1979
304.795,23.8298,0.0476596,None kPa,N/A,23562,['C'],A,Adiabatic calorimeter (non-vacuum) ,"origin: commercial source,99.95 % (total),,rod",99.95,Not Specified %,1979
310.238,24.1495,0.048299,None kPa,N/A,23562,['C'],A,Adiabatic calorimeter (non-vacuum) ,"origin: commercial source,99.95 % (total),,rod",99.95,Not Specified %,1979
310.941,24.4116,0.0488231,None kPa,N/A,23562,['C'],A,Adiabatic calorimeter (non-vacuum) ,"origin: commercial source,99.95 % (total),,rod",99.95,Not Specified %,1979
310.942,24.7706,0.0495412,None kPa,N/A,23562,['C'],A,Adiabatic calorimeter (non-vacuum) ,"origin: commercial source,99.95 % (total),,rod",99.95,Not Specified %,1979
311.069,23.8435,0.0476871,None kPa,N/A,23562,['C'],A,Adiabatic calorimeter (non-vacuum) ,"origin: commercial source,99.95 % (total),,rod",99.95,Not Specified %,1979
311.171,25.0043,0.0500087,None kPa,N/A,23562,['C'],A,Adiabatic calorimeter (non-vacuum) ,"origin: commercial source,99.95 % (total),,rod",99.95,Not Specified %,1979
311.266,24.5301,0.0490601,None kPa,N/A,23562,['C'],A,Adiabatic calorimeter (non-vacuum) ,"origin: commercial source,99.95 % (total),,rod",99.95,Not Specified %,1979
311.861,23.7726,0.0475452,None kPa,N/A,23562,['C'],A,Adiabatic calorimeter (non-vacuum) ,"origin: commercial source,99.95 % (total),,rod",99.95,Not Specified %,1979
315.592,23.729,0.047458,None kPa,N/A,23562,['C'],A,Adiabatic calorimeter (non-vacuum) ,"origin: commercial source,99.95 % (total),,rod",99.95,Not Specified %,1979
319.83,23.7958,0.0475915,None kPa,N/A,23562,['C'],A,Adiabatic calorimeter (non-vacuum) ,"origin: commercial source,99.95 % (total),,rod",99.95,Not Specified %,1979
329.461,24.0035,0.048007,None kPa,N/A,23562,['C'],A,Adiabatic calorimeter (non-vacuum) ,"origin: commercial source,99.95 % (total),,rod",99.95,Not Specified %,1979
335.279,24.0901,0.0481802,None kPa,N/A,23562,['C'],A,Adiabatic calorimeter (non-vacuum) ,"origin: commercial source,99.95 % (total),,rod",99.95,Not Specified %,1979
339.542,24.1973,0.0483945,None kPa,N/A,23562,['C'],A,Adiabatic calorimeter (non-vacuum) ,"origin: commercial source,99.95 % (total),,rod",99.95,Not Specified %,1979
344.917,24.2474,0.0484948,None kPa,N/A,23562,['C'],A,Adiabatic calorimeter (non-vacuum) ,"origin: commercial source,99.95 % (total),,rod",99.95,Not Specified %,1979
347.815,24.3236,0.0486472,None kPa,N/A,23562,['C'],A,Adiabatic calorimeter (non-vacuum) ,"origin: commercial source,99.95 % (total),,rod",99.95,Not Specified %,1979
350.002,24.3607,0.0487215,None kPa,N/A,23562,['C'],A,Adiabatic calorimeter (non-vacuum) ,"origin: commercial source,99.95 % (total),,rod",99.95,Not Specified %,1979
354.546,24.4483,0.0488967,None kPa,N/A,23562,['C'],A,Adiabatic calorimeter (non-vacuum) ,"origin: commercial source,99.95 % (total),,rod",99.95,Not Specified %,1979
365.21,24.6196,0.0492393,None kPa,N/A,23562,['C'],A,Adiabatic calorimeter (non-vacuum) ,"origin: commercial source,99.95 % (total),,rod",99.95,Not Specified %,1979
205.0,20.215,0.105,None kPa,N/A,23563,['C'],A,Adiabatic calorimeter (non-vacuum) ,"origin: commercial source,99.95 % (total),,rod",99.95,Not Specified %,1979
210.0,20.47,0.11,None kPa,N/A,23563,['C'],A,Adiabatic calorimeter (non-vacuum) ,"origin: commercial source,99.95 % (total),,rod",99.95,Not Specified %,1979
215.0,20.71,0.115,None kPa,N/A,23563,['C'],A,Adiabatic calorimeter (non-vacuum) ,"origin: commercial source,99.95 % (total),,rod",99.95,Not Specified %,1979
220.0,20.93,0.12,None kPa,N/A,23563,['C'],A,Adiabatic calorimeter (non-vacuum) ,"origin: commercial source,99.95 % (total),,rod",99.95,Not Specified %,1979
225.0,21.15,0.125,None kPa,N/A,23563,['C'],A,Adiabatic calorimeter (non-vacuum) ,"origin: commercial source,99.95 % (total),,rod",99.95,Not Specified %,1979
230.0,21.36,0.13,None kPa,N/A,23563,['C'],A,Adiabatic calorimeter (non-vacuum) ,"origin: commercial source,99.95 % (total),,rod",99.95,Not Specified %,1979
235.0,21.57,0.135,None kPa,N/A,23563,['C'],A,Adiabatic calorimeter (non-vacuum) ,"origin: commercial source,99.95 % (total),,rod",99.95,Not Specified %,1979
240.0,21.76,0.14,None kPa,N/A,23563,['C'],A,Adiabatic calorimeter (non-vacuum) ,"origin: commercial source,99.95 % (total),,rod",99.95,Not Specified %,1979
245.0,21.94,0.145,None kPa,N/A,23563,['C'],A,Adiabatic calorimeter (non-vacuum) ,"origin: commercial source,99.95 % (total),,rod",99.95,Not Specified %,1979
250.0,22.12,0.15,None kPa,N/A,23563,['C'],A,Adiabatic calorimeter (non-vacuum) ,"origin: commercial source,99.95 % (total),,rod",99.95,Not Specified %,1979
255.0,22.27,0.155,None kPa,N/A,23563,['C'],A,Adiabatic calorimeter (non-vacuum) ,"origin: commercial source,99.95 % (total),,rod",99.95,Not Specified %,1979
260.0,22.44,0.16,None kPa,N/A,23563,['C'],A,Adiabatic calorimeter (non-vacuum) ,"origin: commercial source,99.95 % (total),,rod",99.95,Not Specified %,1979
265.0,22.59,0.165,None kPa,N/A,23563,['C'],A,Adiabatic calorimeter (non-vacuum) ,"origin: commercial source,99.95 % (total),,rod",99.95,Not Specified %,1979
270.0,22.76,0.17,None kPa,N/A,23563,['C'],A,Adiabatic calorimeter (non-vacuum) ,"origin: commercial source,99.95 % (total),,rod",99.95,Not Specified %,1979
275.0,22.92,0.175,None kPa,N/A,23563,['C'],A,Adiabatic calorimeter (non-vacuum) ,"origin: commercial source,99.95 % (total),,rod",99.95,Not Specified %,1979
280.0,23.06,0.18,None kPa,N/A,23563,['C'],A,Adiabatic calorimeter (non-vacuum) ,"origin: commercial source,99.95 % (total),,rod",99.95,Not Specified %,1979
285.0,23.22,0.185,None kPa,N/A,23563,['C'],A,Adiabatic calorimeter (non-vacuum) ,"origin: commercial source,99.95 % (total),,rod",99.95,Not Specified %,1979
290.0,23.36,0.19,None kPa,N/A,23563,['C'],A,Adiabatic calorimeter (non-vacuum) ,"origin: commercial source,99.95 % (total),,rod",99.95,Not Specified %,1979
295.0,23.52,0.195,None kPa,N/A,23563,['C'],A,Adiabatic calorimeter (non-vacuum) ,"origin: commercial source,99.95 % (total),,rod",99.95,Not Specified %,1979
300.0,23.65,0.2,None kPa,N/A,23563,['C'],A,Adiabatic calorimeter (non-vacuum) ,"origin: commercial source,99.95 % (total),,rod",99.95,Not Specified %,1979
305.0,23.78,0.215,None kPa,N/A,23563,['C'],A,Adiabatic calorimeter (non-vacuum) ,"origin: commercial source,99.95 % (total),,rod",99.95,Not Specified %,1979
310.0,24.11,0.23,None kPa,N/A,23563,['C'],A,Adiabatic calorimeter (non-vacuum) ,"origin: commercial source,99.95 % (total),,rod",99.95,Not Specified %,1979
315.0,23.73,0.245,None kPa,N/A,23563,['C'],A,Adiabatic calorimeter (non-vacuum) ,"origin: commercial source,99.95 % (total),,rod",99.95,Not Specified %,1979
320.0,23.82,0.26,None kPa,N/A,23563,['C'],A,Adiabatic calorimeter (non-vacuum) ,"origin: commercial source,99.95 % (total),,rod",99.95,Not Specified %,1979
325.0,23.92,0.275,None kPa,N/A,23563,['C'],A,Adiabatic calorimeter (non-vacuum) ,"origin: commercial source,99.95 % (total),,rod",99.95,Not Specified %,1979
330.0,24.01,0.29,None kPa,N/A,23563,['C'],A,Adiabatic calorimeter (non-vacuum) ,"origin: commercial source,99.95 % (total),,rod",99.95,Not Specified %,1979
335.0,24.1,0.305,None kPa,N/A,23563,['C'],A,Adiabatic calorimeter (non-vacuum) ,"origin: commercial source,99.95 % (total),,rod",99.95,Not Specified %,1979
340.0,24.18,0.32,None kPa,N/A,23563,['C'],A,Adiabatic calorimeter (non-vacuum) ,"origin: commercial source,99.95 % (total),,rod",99.95,Not Specified %,1979
345.0,24.27,0.335,None kPa,N/A,23563,['C'],A,Adiabatic calorimeter (non-vacuum) ,"origin: commercial source,99.95 % (total),,rod",99.95,Not Specified %,1979
350.0,24.36,0.35,None kPa,N/A,23563,['C'],A,Adiabatic calorimeter (non-vacuum) ,"origin: commercial source,99.95 % (total),,rod",99.95,Not Specified %,1979
355.0,24.46,0.365,None kPa,N/A,23563,['C'],A,Adiabatic calorimeter (non-vacuum) ,"origin: commercial source,99.95 % (total),,rod",99.95,Not Specified %,1979
360.0,24.54,0.38,None kPa,N/A,23563,['C'],A,Adiabatic calorimeter (non-vacuum) ,"origin: commercial source,99.95 % (total),,rod",99.95,Not Specified %,1979
365.0,24.61,0.395,None kPa,N/A,23563,['C'],A,Adiabatic calorimeter (non-vacuum) ,"origin: commercial source,99.95 % (total),,rod",99.95,Not Specified %,1979
370.0,24.68,0.41,None kPa,N/A,23563,['C'],A,Adiabatic calorimeter (non-vacuum) ,"origin: commercial source,99.95 % (total),,rod",99.95,Not Specified %,1979
375.0,24.77,0.425,None kPa,N/A,23563,['C'],A,Adiabatic calorimeter (non-vacuum) ,"origin: commercial source,99.95 % (total),,rod",99.95,Not Specified %,1979
380.0,24.85,0.44,None kPa,N/A,23563,['C'],A,Adiabatic calorimeter (non-vacuum) ,"origin: commercial source,99.95 % (total),,rod",99.95,Not Specified %,1979
