Temperature: K,Heat capacity at constant pressure Cp: J/K/mol,Uncertainty,Pressure,Ref Temp,Data Set ID,State,Representation,Method,Description,Purity,Purity Units,Year
88.0,14.1419,0.141419,None kPa,N/A,879,['C'],A,Low temperature calorimetry set up,not stated,,,1911
87.0,14.0582,0.140582,None kPa,N/A,879,['C'],A,Low temperature calorimetry set up,not stated,,,1911
87.0,13.8072,0.138072,None kPa,N/A,879,['C'],A,Low temperature calorimetry set up,not stated,,,1911
33.4,2.25099,0.0225099,None kPa,N/A,879,['C'],A,Low temperature calorimetry set up,not stated,,,1911
27.7,1.35562,0.0135562,None kPa,N/A,879,['C'],A,Low temperature calorimetry set up,not stated,,,1911
23.5,0.933032,0.00933032,None kPa,N/A,879,['C'],A,Low temperature calorimetry set up,not stated,,,1911
23.5,0.92048,0.0368192,None kPa,N/A,909,['C'],A,not stated,1313,,,1912
27.7,1.33888,0.0535552,None kPa,N/A,909,['C'],A,not stated,1313,,,1912
33.4,2.25936,0.0903744,None kPa,N/A,909,['C'],A,not stated,1313,,,1912
87.0,13.9327,0.557309,None kPa,N/A,909,['C'],A,not stated,1313,,,1912
88.0,14.1419,0.565677,None kPa,N/A,909,['C'],A,not stated,1313,,,1912
137.0,19.1209,0.764835,None kPa,N/A,909,['C'],A,not stated,1313,,,1912
234.0,23.3886,0.935542,None kPa,N/A,909,['C'],A,not stated,1313,,,1912
290.0,24.2254,0.969014,None kPa,N/A,909,['C'],A,not stated,1313,,,1912
323.0,24.6856,0.987424,None kPa,N/A,909,['C'],A,not stated,1313,,,1912
450.0,25.4806,1.01922,None kPa,N/A,909,['C'],A,not stated,1313,,,1912
138.0,20.669,0.620069,None kPa,N/A,1171,['C'],A,Low temperature calorimetry set up,not stated,,,1914
149.5,21.1292,0.633876,None kPa,N/A,1171,['C'],A,Low temperature calorimetry set up,not stated,,,1914
171.4,21.8823,0.65647,None kPa,N/A,1171,['C'],A,Low temperature calorimetry set up,not stated,,,1914
204.9,22.8446,0.685339,None kPa,N/A,1171,['C'],A,Low temperature calorimetry set up,not stated,,,1914
273.1,24.1835,0.725506,None kPa,N/A,1171,['C'],A,Low temperature calorimetry set up,not stated,,,1914
301.6,24.5601,0.736802,None kPa,N/A,1171,['C'],A,Low temperature calorimetry set up,not stated,,,1914
336.7,24.8948,0.746844,None kPa,N/A,1171,['C'],A,Low temperature calorimetry set up,not stated,,,1914
340.5,24.9785,0.749354,None kPa,N/A,1171,['C'],A,Low temperature calorimetry set up,not stated,,,1914
370.5,25.3132,0.759396,None kPa,N/A,1171,['C'],A,Low temperature calorimetry set up,not stated,,,1914
130.0,19.9995,0.999976,101.325 kPa,N/A,1178,['C'],A,Not Described,not stated,,,1914
170.0,21.8823,1.09412,None kPa,N/A,1178,['C'],A,Not Described,not stated,,,1914
210.0,23.012,1.1506,None kPa,N/A,1178,['C'],A,Not Described,not stated,,,1914
250.0,23.8488,1.19244,None kPa,N/A,1178,['C'],A,Not Described,not stated,,,1914
290.0,24.3927,1.21964,None kPa,N/A,1178,['C'],A,Not Described,not stated,,,1914
390.0,25.4806,1.27403,None kPa,N/A,1178,['C'],A,Not Described,not stated,,,1914
94.61,15.2381,0.228572,101.325 kPa,N/A,3195,['C'],A,Low temperature calorimetry set up,"not stated,99.8 weight % (total),estimated by the compiler",99.8,Weight %,1930
113.21,17.6188,0.264282,None kPa,N/A,3195,['C'],A,Low temperature calorimetry set up,"not stated,99.8 weight % (total),estimated by the compiler",99.8,Weight %,1930
122.11,18.5226,0.277839,None kPa,N/A,3195,['C'],A,Low temperature calorimetry set up,"not stated,99.8 weight % (total),estimated by the compiler",99.8,Weight %,1930
129.92,19.1795,0.287692,None kPa,N/A,3195,['C'],A,Low temperature calorimetry set up,"not stated,99.8 weight % (total),estimated by the compiler",99.8,Weight %,1930
134.62,19.5895,0.293842,None kPa,N/A,3195,['C'],A,Low temperature calorimetry set up,"not stated,99.8 weight % (total),estimated by the compiler",99.8,Weight %,1930
136.68,19.7485,0.296227,None kPa,N/A,3195,['C'],A,Low temperature calorimetry set up,"not stated,99.8 weight % (total),estimated by the compiler",99.8,Weight %,1930
154.92,20.8698,0.313047,None kPa,N/A,3195,['C'],A,Low temperature calorimetry set up,"not stated,99.8 weight % (total),estimated by the compiler",99.8,Weight %,1930
174.97,21.7484,0.326226,None kPa,N/A,3195,['C'],A,Low temperature calorimetry set up,"not stated,99.8 weight % (total),estimated by the compiler",99.8,Weight %,1930
204.1,22.7986,0.341979,None kPa,N/A,3195,['C'],A,Low temperature calorimetry set up,"not stated,99.8 weight % (total),estimated by the compiler",99.8,Weight %,1930
215.44,23.2421,0.348632,None kPa,N/A,3195,['C'],A,Low temperature calorimetry set up,"not stated,99.8 weight % (total),estimated by the compiler",99.8,Weight %,1930
83.83,13.4599,0.201899,101.325 kPa,N/A,3196,['C'],A,Low temperature calorimetry set up,"not stated,99.8 weight % (total),estimated by the compiler",99.8,Weight %,1930
87.43,13.9327,0.208991,None kPa,N/A,3196,['C'],A,Low temperature calorimetry set up,"not stated,99.8 weight % (total),estimated by the compiler",99.8,Weight %,1930
94.72,15.1796,0.227693,None kPa,N/A,3196,['C'],A,Low temperature calorimetry set up,"not stated,99.8 weight % (total),estimated by the compiler",99.8,Weight %,1930
119.55,18.2213,0.27332,None kPa,N/A,3196,['C'],A,Low temperature calorimetry set up,"not stated,99.8 weight % (total),estimated by the compiler",99.8,Weight %,1930
139.05,19.9158,0.298738,None kPa,N/A,3196,['C'],A,Low temperature calorimetry set up,"not stated,99.8 weight % (total),estimated by the compiler",99.8,Weight %,1930
145.43,20.3259,0.304888,None kPa,N/A,3196,['C'],A,Low temperature calorimetry set up,"not stated,99.8 weight % (total),estimated by the compiler",99.8,Weight %,1930
183.11,22.0999,0.331498,None kPa,N/A,3196,['C'],A,Low temperature calorimetry set up,"not stated,99.8 weight % (total),estimated by the compiler",99.8,Weight %,1930
54.14,7.25506,0.145101,None kPa,N/A,4147,['C'],A,Vacuum adiabatic calorimetry,"origin: commercial source,99.5 weight % (total),estimated by the compiler,wire",99.5,Weight %,1934
56.72,7.75295,0.155059,None kPa,N/A,4147,['C'],A,Vacuum adiabatic calorimetry,"origin: commercial source,99.5 weight % (total),estimated by the compiler,wire",99.5,Weight %,1934
60.18,8.79477,0.175895,None kPa,N/A,4147,['C'],A,Vacuum adiabatic calorimetry,"origin: commercial source,99.5 weight % (total),estimated by the compiler,wire",99.5,Weight %,1934
69.63,10.9579,0.219158,None kPa,N/A,4147,['C'],A,Vacuum adiabatic calorimetry,"origin: commercial source,99.5 weight % (total),estimated by the compiler,wire",99.5,Weight %,1934
83.23,13.3804,0.267609,None kPa,N/A,4147,['C'],A,Vacuum adiabatic calorimetry,"origin: commercial source,99.5 weight % (total),estimated by the compiler,wire",99.5,Weight %,1934
101.5,16.259,0.32518,None kPa,N/A,4147,['C'],A,Vacuum adiabatic calorimetry,"origin: commercial source,99.5 weight % (total),estimated by the compiler,wire",99.5,Weight %,1934
126.3,18.8657,0.377313,None kPa,N/A,4147,['C'],A,Vacuum adiabatic calorimetry,"origin: commercial source,99.5 weight % (total),estimated by the compiler,wire",99.5,Weight %,1934
153.5,21.0497,0.420994,None kPa,N/A,4147,['C'],A,Vacuum adiabatic calorimetry,"origin: commercial source,99.5 weight % (total),estimated by the compiler,wire",99.5,Weight %,1934
190.3,22.2338,0.444676,None kPa,N/A,4147,['C'],A,Vacuum adiabatic calorimetry,"origin: commercial source,99.5 weight % (total),estimated by the compiler,wire",99.5,Weight %,1934
213.4,23.0455,0.460909,None kPa,N/A,4147,['C'],A,Vacuum adiabatic calorimetry,"origin: commercial source,99.5 weight % (total),estimated by the compiler,wire",99.5,Weight %,1934
240.4,23.581,0.47162,None kPa,N/A,4147,['C'],A,Vacuum adiabatic calorimetry,"origin: commercial source,99.5 weight % (total),estimated by the compiler,wire",99.5,Weight %,1934
261.0,23.9241,0.478482,None kPa,N/A,4147,['C'],A,Vacuum adiabatic calorimetry,"origin: commercial source,99.5 weight % (total),estimated by the compiler,wire",99.5,Weight %,1934
279.3,24.15,0.483001,None kPa,N/A,4147,['C'],A,Vacuum adiabatic calorimetry,"origin: commercial source,99.5 weight % (total),estimated by the compiler,wire",99.5,Weight %,1934
294.3,24.3885,0.487771,None kPa,N/A,4147,['C'],A,Vacuum adiabatic calorimetry,"origin: commercial source,99.5 weight % (total),estimated by the compiler,wire",99.5,Weight %,1934
53.29,7.22995,0.144599,None kPa,N/A,4148,['C'],A,Vacuum adiabatic calorimetry,"origin: commercial source,99.5 weight % (total),estimated by the compiler,wire",99.5,Weight %,1934
57.72,8.16717,0.163343,None kPa,N/A,4148,['C'],A,Vacuum adiabatic calorimetry,"origin: commercial source,99.5 weight % (total),estimated by the compiler,wire",99.5,Weight %,1934
60.56,8.89937,0.177987,None kPa,N/A,4148,['C'],A,Vacuum adiabatic calorimetry,"origin: commercial source,99.5 weight % (total),estimated by the compiler,wire",99.5,Weight %,1934
72.29,11.4307,0.228614,None kPa,N/A,4148,['C'],A,Vacuum adiabatic calorimetry,"origin: commercial source,99.5 weight % (total),estimated by the compiler,wire",99.5,Weight %,1934
84.19,13.4306,0.268613,None kPa,N/A,4148,['C'],A,Vacuum adiabatic calorimetry,"origin: commercial source,99.5 weight % (total),estimated by the compiler,wire",99.5,Weight %,1934
99.2,15.9369,0.318737,None kPa,N/A,4148,['C'],A,Vacuum adiabatic calorimetry,"origin: commercial source,99.5 weight % (total),estimated by the compiler,wire",99.5,Weight %,1934
123.1,18.5937,0.371874,None kPa,N/A,4148,['C'],A,Vacuum adiabatic calorimetry,"origin: commercial source,99.5 weight % (total),estimated by the compiler,wire",99.5,Weight %,1934
152.8,20.7192,0.414383,None kPa,N/A,4148,['C'],A,Vacuum adiabatic calorimetry,"origin: commercial source,99.5 weight % (total),estimated by the compiler,wire",99.5,Weight %,1934
188.2,22.0957,0.441914,None kPa,N/A,4148,['C'],A,Vacuum adiabatic calorimetry,"origin: commercial source,99.5 weight % (total),estimated by the compiler,wire",99.5,Weight %,1934
209.6,22.9325,0.45865,None kPa,N/A,4148,['C'],A,Vacuum adiabatic calorimetry,"origin: commercial source,99.5 weight % (total),estimated by the compiler,wire",99.5,Weight %,1934
241.7,23.6145,0.47229,None kPa,N/A,4148,['C'],A,Vacuum adiabatic calorimetry,"origin: commercial source,99.5 weight % (total),estimated by the compiler,wire",99.5,Weight %,1934
267.5,24.0538,0.481076,None kPa,N/A,4148,['C'],A,Vacuum adiabatic calorimetry,"origin: commercial source,99.5 weight % (total),estimated by the compiler,wire",99.5,Weight %,1934
288.1,24.2337,0.484675,None kPa,N/A,4148,['C'],A,Vacuum adiabatic calorimetry,"origin: commercial source,99.5 weight % (total),estimated by the compiler,wire",99.5,Weight %,1934
291.9,24.2881,0.485762,None kPa,N/A,4148,['C'],A,Vacuum adiabatic calorimetry,"origin: commercial source,99.5 weight % (total),estimated by the compiler,wire",99.5,Weight %,1934
293.0,24.2756,0.485511,None kPa,N/A,4148,['C'],A,Vacuum adiabatic calorimetry,"origin: commercial source,99.5 weight % (total),estimated by the compiler,wire",99.5,Weight %,1934
82.11,13.3511,0.267023,None kPa,N/A,5418,['C'],A,Low temperature calorimetry set up,"not stated,99.92 % (total),",99.92,Not Specified %,1941
88.9,14.3888,0.287776,None kPa,N/A,5418,['C'],A,Low temperature calorimetry set up,"not stated,99.92 % (total),",99.92,Not Specified %,1941
101.01,16.0247,0.320494,None kPa,N/A,5418,['C'],A,Low temperature calorimetry set up,"not stated,99.92 % (total),",99.92,Not Specified %,1941
104.98,16.3218,0.326436,None kPa,N/A,5418,['C'],A,Low temperature calorimetry set up,"not stated,99.92 % (total),",99.92,Not Specified %,1941
112.11,17.351,0.347021,None kPa,N/A,5418,['C'],A,Low temperature calorimetry set up,"not stated,99.92 % (total),",99.92,Not Specified %,1941
125.2,18.7401,0.374803,None kPa,N/A,5418,['C'],A,Low temperature calorimetry set up,"not stated,99.92 % (total),",99.92,Not Specified %,1941
130.15,19.2506,0.385012,None kPa,N/A,5418,['C'],A,Low temperature calorimetry set up,"not stated,99.92 % (total),",99.92,Not Specified %,1941
145.3,20.5936,0.411873,None kPa,N/A,5418,['C'],A,Low temperature calorimetry set up,"not stated,99.92 % (total),",99.92,Not Specified %,1941
151.09,20.9618,0.419237,None kPa,N/A,5418,['C'],A,Low temperature calorimetry set up,"not stated,99.92 % (total),",99.92,Not Specified %,1941
163.2,21.443,0.42886,None kPa,N/A,5418,['C'],A,Low temperature calorimetry set up,"not stated,99.92 % (total),",99.92,Not Specified %,1941
173.25,22.079,0.441579,None kPa,N/A,5418,['C'],A,Low temperature calorimetry set up,"not stated,99.92 % (total),",99.92,Not Specified %,1941
180.11,22.3844,0.447688,None kPa,N/A,5418,['C'],A,Low temperature calorimetry set up,"not stated,99.92 % (total),",99.92,Not Specified %,1941
191.88,22.6815,0.453629,None kPa,N/A,5418,['C'],A,Low temperature calorimetry set up,"not stated,99.92 % (total),",99.92,Not Specified %,1941
212.0,23.4053,0.468106,None kPa,N/A,5418,['C'],A,Low temperature calorimetry set up,"not stated,99.92 % (total),",99.92,Not Specified %,1941
227.9,23.8697,0.477394,None kPa,N/A,5418,['C'],A,Low temperature calorimetry set up,"not stated,99.92 % (total),",99.92,Not Specified %,1941
230.01,23.9199,0.478399,None kPa,N/A,5418,['C'],A,Low temperature calorimetry set up,"not stated,99.92 % (total),",99.92,Not Specified %,1941
242.3,24.0664,0.481327,None kPa,N/A,5418,['C'],A,Low temperature calorimetry set up,"not stated,99.92 % (total),",99.92,Not Specified %,1941
253.4,24.3049,0.486097,None kPa,N/A,5418,['C'],A,Low temperature calorimetry set up,"not stated,99.92 % (total),",99.92,Not Specified %,1941
265.24,24.4136,0.488273,None kPa,N/A,5418,['C'],A,Low temperature calorimetry set up,"not stated,99.92 % (total),",99.92,Not Specified %,1941
273.2,24.4304,0.488608,None kPa,N/A,5418,['C'],A,Low temperature calorimetry set up,"not stated,99.92 % (total),",99.92,Not Specified %,1941
14.7,0.16736,0.0050208,101.325 kPa,N/A,5491,['C'],A,Closed cup calorimetry,"origin: standard reference sample,99.96 % (total),stated by supplier,chunk",99.96,Not Specified %,1941
14.82,0.16736,0.0050208,None kPa,N/A,5491,['C'],A,Closed cup calorimetry,"origin: standard reference sample,99.96 % (total),stated by supplier,chunk",99.96,Not Specified %,1941
17.63,0.301248,0.0301248,None kPa,N/A,5491,['C'],A,Closed cup calorimetry,"origin: standard reference sample,99.96 % (total),stated by supplier,chunk",99.96,Not Specified %,1941
19.75,0.447688,0.0447688,None kPa,N/A,5491,['C'],A,Closed cup calorimetry,"origin: standard reference sample,99.96 % (total),stated by supplier,chunk",99.96,Not Specified %,1941
19.87,0.46024,0.046024,None kPa,N/A,5491,['C'],A,Closed cup calorimetry,"origin: standard reference sample,99.96 % (total),stated by supplier,chunk",99.96,Not Specified %,1941
23.35,0.782408,0.0156482,None kPa,N/A,5491,['C'],A,Closed cup calorimetry,"origin: standard reference sample,99.96 % (total),stated by supplier,chunk",99.96,Not Specified %,1941
28.21,1.42256,0.0284512,None kPa,N/A,5491,['C'],A,Closed cup calorimetry,"origin: standard reference sample,99.96 % (total),stated by supplier,chunk",99.96,Not Specified %,1941
33.52,2.38488,0.0476976,None kPa,N/A,5491,['C'],A,Closed cup calorimetry,"origin: standard reference sample,99.96 % (total),stated by supplier,chunk",99.96,Not Specified %,1941
38.86,3.51456,0.0702912,None kPa,N/A,5491,['C'],A,Closed cup calorimetry,"origin: standard reference sample,99.96 % (total),stated by supplier,chunk",99.96,Not Specified %,1941
44.21,4.75721,0.0951442,None kPa,N/A,5491,['C'],A,Closed cup calorimetry,"origin: standard reference sample,99.96 % (total),stated by supplier,chunk",99.96,Not Specified %,1941
48.17,5.78229,0.115646,None kPa,N/A,5491,['C'],A,Closed cup calorimetry,"origin: standard reference sample,99.96 % (total),stated by supplier,chunk",99.96,Not Specified %,1941
53.34,7.10025,0.142005,None kPa,N/A,5491,['C'],A,Closed cup calorimetry,"origin: standard reference sample,99.96 % (total),stated by supplier,chunk",99.96,Not Specified %,1941
59.08,8.46423,0.169285,None kPa,N/A,5491,['C'],A,Closed cup calorimetry,"origin: standard reference sample,99.96 % (total),stated by supplier,chunk",99.96,Not Specified %,1941
65.12,9.81148,0.19623,None kPa,N/A,5491,['C'],A,Closed cup calorimetry,"origin: standard reference sample,99.96 % (total),stated by supplier,chunk",99.96,Not Specified %,1941
70.12,10.8993,0.217986,None kPa,N/A,5491,['C'],A,Closed cup calorimetry,"origin: standard reference sample,99.96 % (total),stated by supplier,chunk",99.96,Not Specified %,1941
75.36,12.0332,0.240664,None kPa,N/A,5491,['C'],A,Closed cup calorimetry,"origin: standard reference sample,99.96 % (total),stated by supplier,chunk",99.96,Not Specified %,1941
80.6,13.0457,0.260914,None kPa,N/A,5491,['C'],A,Closed cup calorimetry,"origin: standard reference sample,99.96 % (total),stated by supplier,chunk",99.96,Not Specified %,1941
85.62,13.916,0.27832,None kPa,N/A,5491,['C'],A,Closed cup calorimetry,"origin: standard reference sample,99.96 % (total),stated by supplier,chunk",99.96,Not Specified %,1941
90.73,14.6984,0.293968,None kPa,N/A,5491,['C'],A,Closed cup calorimetry,"origin: standard reference sample,99.96 % (total),stated by supplier,chunk",99.96,Not Specified %,1941
95.78,15.4975,0.309951,None kPa,N/A,5491,['C'],A,Closed cup calorimetry,"origin: standard reference sample,99.96 % (total),stated by supplier,chunk",99.96,Not Specified %,1941
101.24,16.2883,0.325766,None kPa,N/A,5491,['C'],A,Closed cup calorimetry,"origin: standard reference sample,99.96 % (total),stated by supplier,chunk",99.96,Not Specified %,1941
106.72,16.9829,0.339657,None kPa,N/A,5491,['C'],A,Closed cup calorimetry,"origin: standard reference sample,99.96 % (total),stated by supplier,chunk",99.96,Not Specified %,1941
112.25,17.6146,0.352293,None kPa,N/A,5491,['C'],A,Closed cup calorimetry,"origin: standard reference sample,99.96 % (total),stated by supplier,chunk",99.96,Not Specified %,1941
117.86,18.1042,0.362083,None kPa,N/A,5491,['C'],A,Closed cup calorimetry,"origin: standard reference sample,99.96 % (total),stated by supplier,chunk",99.96,Not Specified %,1941
123.4,18.6523,0.373045,None kPa,N/A,5491,['C'],A,Closed cup calorimetry,"origin: standard reference sample,99.96 % (total),stated by supplier,chunk",99.96,Not Specified %,1941
128.99,19.0539,0.381079,None kPa,N/A,5491,['C'],A,Closed cup calorimetry,"origin: standard reference sample,99.96 % (total),stated by supplier,chunk",99.96,Not Specified %,1941
134.54,19.4765,0.38953,None kPa,N/A,5491,['C'],A,Closed cup calorimetry,"origin: standard reference sample,99.96 % (total),stated by supplier,chunk",99.96,Not Specified %,1941
140.2,19.8866,0.397731,None kPa,N/A,5491,['C'],A,Closed cup calorimetry,"origin: standard reference sample,99.96 % (total),stated by supplier,chunk",99.96,Not Specified %,1941
146.02,20.2631,0.405262,None kPa,N/A,5491,['C'],A,Closed cup calorimetry,"origin: standard reference sample,99.96 % (total),stated by supplier,chunk",99.96,Not Specified %,1941
151.01,20.602,0.41204,None kPa,N/A,5491,['C'],A,Closed cup calorimetry,"origin: standard reference sample,99.96 % (total),stated by supplier,chunk",99.96,Not Specified %,1941
156.91,20.92,0.4184,None kPa,N/A,5491,['C'],A,Closed cup calorimetry,"origin: standard reference sample,99.96 % (total),stated by supplier,chunk",99.96,Not Specified %,1941
162.77,21.1961,0.423923,None kPa,N/A,5491,['C'],A,Closed cup calorimetry,"origin: standard reference sample,99.96 % (total),stated by supplier,chunk",99.96,Not Specified %,1941
168.28,21.5769,0.431538,None kPa,N/A,5491,['C'],A,Closed cup calorimetry,"origin: standard reference sample,99.96 % (total),stated by supplier,chunk",99.96,Not Specified %,1941
174.05,21.7024,0.434048,None kPa,N/A,5491,['C'],A,Closed cup calorimetry,"origin: standard reference sample,99.96 % (total),stated by supplier,chunk",99.96,Not Specified %,1941
179.36,21.9242,0.438483,None kPa,N/A,5491,['C'],A,Closed cup calorimetry,"origin: standard reference sample,99.96 % (total),stated by supplier,chunk",99.96,Not Specified %,1941
184.72,22.1836,0.443671,None kPa,N/A,5491,['C'],A,Closed cup calorimetry,"origin: standard reference sample,99.96 % (total),stated by supplier,chunk",99.96,Not Specified %,1941
190.18,22.3551,0.447102,None kPa,N/A,5491,['C'],A,Closed cup calorimetry,"origin: standard reference sample,99.96 % (total),stated by supplier,chunk",99.96,Not Specified %,1941
195.81,22.5769,0.451537,None kPa,N/A,5491,['C'],A,Closed cup calorimetry,"origin: standard reference sample,99.96 % (total),stated by supplier,chunk",99.96,Not Specified %,1941
201.39,22.7359,0.454717,None kPa,N/A,5491,['C'],A,Closed cup calorimetry,"origin: standard reference sample,99.96 % (total),stated by supplier,chunk",99.96,Not Specified %,1941
207.07,22.9409,0.458817,None kPa,N/A,5491,['C'],A,Closed cup calorimetry,"origin: standard reference sample,99.96 % (total),stated by supplier,chunk",99.96,Not Specified %,1941
213.03,23.1543,0.463085,None kPa,N/A,5491,['C'],A,Closed cup calorimetry,"origin: standard reference sample,99.96 % (total),stated by supplier,chunk",99.96,Not Specified %,1941
218.9,23.1794,0.463587,None kPa,N/A,5491,['C'],A,Closed cup calorimetry,"origin: standard reference sample,99.96 % (total),stated by supplier,chunk",99.96,Not Specified %,1941
224.23,23.3425,0.466851,None kPa,N/A,5491,['C'],A,Closed cup calorimetry,"origin: standard reference sample,99.96 % (total),stated by supplier,chunk",99.96,Not Specified %,1941
229.66,23.443,0.468859,None kPa,N/A,5491,['C'],A,Closed cup calorimetry,"origin: standard reference sample,99.96 % (total),stated by supplier,chunk",99.96,Not Specified %,1941
235.25,23.581,0.47162,None kPa,N/A,5491,['C'],A,Closed cup calorimetry,"origin: standard reference sample,99.96 % (total),stated by supplier,chunk",99.96,Not Specified %,1941
240.71,23.7358,0.474717,None kPa,N/A,5491,['C'],A,Closed cup calorimetry,"origin: standard reference sample,99.96 % (total),stated by supplier,chunk",99.96,Not Specified %,1941
245.98,23.8655,0.477311,None kPa,N/A,5491,['C'],A,Closed cup calorimetry,"origin: standard reference sample,99.96 % (total),stated by supplier,chunk",99.96,Not Specified %,1941
251.58,23.966,0.479319,None kPa,N/A,5491,['C'],A,Closed cup calorimetry,"origin: standard reference sample,99.96 % (total),stated by supplier,chunk",99.96,Not Specified %,1941
256.6,23.9911,0.479821,None kPa,N/A,5491,['C'],A,Closed cup calorimetry,"origin: standard reference sample,99.96 % (total),stated by supplier,chunk",99.96,Not Specified %,1941
261.34,24.0873,0.481746,None kPa,N/A,5491,['C'],A,Closed cup calorimetry,"origin: standard reference sample,99.96 % (total),stated by supplier,chunk",99.96,Not Specified %,1941
266.61,24.1793,0.483587,None kPa,N/A,5491,['C'],A,Closed cup calorimetry,"origin: standard reference sample,99.96 % (total),stated by supplier,chunk",99.96,Not Specified %,1941
272.18,24.2254,0.484507,None kPa,N/A,5491,['C'],A,Closed cup calorimetry,"origin: standard reference sample,99.96 % (total),stated by supplier,chunk",99.96,Not Specified %,1941
277.69,24.3509,0.487018,None kPa,N/A,5491,['C'],A,Closed cup calorimetry,"origin: standard reference sample,99.96 % (total),stated by supplier,chunk",99.96,Not Specified %,1941
283.59,24.3969,0.487938,None kPa,N/A,5491,['C'],A,Closed cup calorimetry,"origin: standard reference sample,99.96 % (total),stated by supplier,chunk",99.96,Not Specified %,1941
289.51,24.3802,0.487603,None kPa,N/A,5491,['C'],A,Closed cup calorimetry,"origin: standard reference sample,99.96 % (total),stated by supplier,chunk",99.96,Not Specified %,1941
294.76,24.4931,0.489863,None kPa,N/A,5491,['C'],A,Closed cup calorimetry,"origin: standard reference sample,99.96 % (total),stated by supplier,chunk",99.96,Not Specified %,1941
300.15,24.4346,0.488691,None kPa,N/A,5491,['C'],A,Closed cup calorimetry,"origin: standard reference sample,99.96 % (total),stated by supplier,chunk",99.96,Not Specified %,1941
1.144,0.000876,2.63e-05,1.33322e-09 kPa,N/A,8484,['C'],A,Vacuum adiabatic calorimetry,"origin: commercial source,99.999 % (total),chemical analysis,rod",99.999,Not Specified %,1955
1.169,0.000853,2.51e-05,None kPa,N/A,8484,['C'],A,Vacuum adiabatic calorimetry,"origin: commercial source,99.999 % (total),chemical analysis,rod",99.999,Not Specified %,1955
1.174,0.000896,2.58e-05,None kPa,N/A,8484,['C'],A,Vacuum adiabatic calorimetry,"origin: commercial source,99.999 % (total),chemical analysis,rod",99.999,Not Specified %,1955
1.185,0.000896,2.53e-05,None kPa,N/A,8484,['C'],A,Vacuum adiabatic calorimetry,"origin: commercial source,99.999 % (total),chemical analysis,rod",99.999,Not Specified %,1955
1.208,0.000936,2.59e-05,None kPa,N/A,8484,['C'],A,Vacuum adiabatic calorimetry,"origin: commercial source,99.999 % (total),chemical analysis,rod",99.999,Not Specified %,1955
1.214,0.000919,2.49e-05,None kPa,N/A,8484,['C'],A,Vacuum adiabatic calorimetry,"origin: commercial source,99.999 % (total),chemical analysis,rod",99.999,Not Specified %,1955
1.215,0.000916,2.42e-05,None kPa,N/A,8484,['C'],A,Vacuum adiabatic calorimetry,"origin: commercial source,99.999 % (total),chemical analysis,rod",99.999,Not Specified %,1955
1.247,0.000959,2.48e-05,None kPa,N/A,8484,['C'],A,Vacuum adiabatic calorimetry,"origin: commercial source,99.999 % (total),chemical analysis,rod",99.999,Not Specified %,1955
1.248,0.000956,2.42e-05,None kPa,N/A,8484,['C'],A,Vacuum adiabatic calorimetry,"origin: commercial source,99.999 % (total),chemical analysis,rod",99.999,Not Specified %,1955
1.285,0.000994,2.46e-05,None kPa,N/A,8484,['C'],A,Vacuum adiabatic calorimetry,"origin: commercial source,99.999 % (total),chemical analysis,rod",99.999,Not Specified %,1955
1.382,0.001088,2.62e-05,None kPa,N/A,8484,['C'],A,Vacuum adiabatic calorimetry,"origin: commercial source,99.999 % (total),chemical analysis,rod",99.999,Not Specified %,1955
1.401,0.001103,2.6e-05,None kPa,N/A,8484,['C'],A,Vacuum adiabatic calorimetry,"origin: commercial source,99.999 % (total),chemical analysis,rod",99.999,Not Specified %,1955
1.465,0.001166,2.67e-05,None kPa,N/A,8484,['C'],A,Vacuum adiabatic calorimetry,"origin: commercial source,99.999 % (total),chemical analysis,rod",99.999,Not Specified %,1955
1.579,0.001258,2.81e-05,None kPa,N/A,8484,['C'],A,Vacuum adiabatic calorimetry,"origin: commercial source,99.999 % (total),chemical analysis,rod",99.999,Not Specified %,1955
1.582,0.001255,2.73e-05,None kPa,N/A,8484,['C'],A,Vacuum adiabatic calorimetry,"origin: commercial source,99.999 % (total),chemical analysis,rod",99.999,Not Specified %,1955
1.737,0.00143,3.03e-05,None kPa,N/A,8484,['C'],A,Vacuum adiabatic calorimetry,"origin: commercial source,99.999 % (total),chemical analysis,rod",99.999,Not Specified %,1955
1.775,0.001482,3.05e-05,None kPa,N/A,8484,['C'],A,Vacuum adiabatic calorimetry,"origin: commercial source,99.999 % (total),chemical analysis,rod",99.999,Not Specified %,1955
1.8,0.001499,3e-05,None kPa,N/A,8484,['C'],A,Vacuum adiabatic calorimetry,"origin: commercial source,99.999 % (total),chemical analysis,rod",99.999,Not Specified %,1955
1.897,0.001614,3.23e-05,None kPa,N/A,8484,['C'],A,Vacuum adiabatic calorimetry,"origin: commercial source,99.999 % (total),chemical analysis,rod",99.999,Not Specified %,1955
1.974,0.001694,3.39e-05,None kPa,N/A,8484,['C'],A,Vacuum adiabatic calorimetry,"origin: commercial source,99.999 % (total),chemical analysis,rod",99.999,Not Specified %,1955
2.0,0.001723,3.45e-05,None kPa,N/A,8484,['C'],A,Vacuum adiabatic calorimetry,"origin: commercial source,99.999 % (total),chemical analysis,rod",99.999,Not Specified %,1955
2.089,0.001821,3.64e-05,None kPa,N/A,8484,['C'],A,Vacuum adiabatic calorimetry,"origin: commercial source,99.999 % (total),chemical analysis,rod",99.999,Not Specified %,1955
2.208,0.0021,4.2e-05,None kPa,N/A,8484,['C'],A,Vacuum adiabatic calorimetry,"origin: commercial source,99.999 % (total),chemical analysis,rod",99.999,Not Specified %,1955
2.278,0.00216,4.32e-05,None kPa,N/A,8484,['C'],A,Vacuum adiabatic calorimetry,"origin: commercial source,99.999 % (total),chemical analysis,rod",99.999,Not Specified %,1955
2.373,0.00233,4.66e-05,None kPa,N/A,8484,['C'],A,Vacuum adiabatic calorimetry,"origin: commercial source,99.999 % (total),chemical analysis,rod",99.999,Not Specified %,1955
2.375,0.00233,4.66e-05,None kPa,N/A,8484,['C'],A,Vacuum adiabatic calorimetry,"origin: commercial source,99.999 % (total),chemical analysis,rod",99.999,Not Specified %,1955
2.468,0.00245,4.9e-05,None kPa,N/A,8484,['C'],A,Vacuum adiabatic calorimetry,"origin: commercial source,99.999 % (total),chemical analysis,rod",99.999,Not Specified %,1955
2.57,0.00258,5.16e-05,None kPa,N/A,8484,['C'],A,Vacuum adiabatic calorimetry,"origin: commercial source,99.999 % (total),chemical analysis,rod",99.999,Not Specified %,1955
2.577,0.0026,5.2e-05,None kPa,N/A,8484,['C'],A,Vacuum adiabatic calorimetry,"origin: commercial source,99.999 % (total),chemical analysis,rod",99.999,Not Specified %,1955
2.662,0.00274,5.48e-05,None kPa,N/A,8484,['C'],A,Vacuum adiabatic calorimetry,"origin: commercial source,99.999 % (total),chemical analysis,rod",99.999,Not Specified %,1955
2.772,0.00299,5.98e-05,None kPa,N/A,8484,['C'],A,Vacuum adiabatic calorimetry,"origin: commercial source,99.999 % (total),chemical analysis,rod",99.999,Not Specified %,1955
2.772,0.00295,5.9e-05,None kPa,N/A,8484,['C'],A,Vacuum adiabatic calorimetry,"origin: commercial source,99.999 % (total),chemical analysis,rod",99.999,Not Specified %,1955
2.915,0.00317,6.34e-05,None kPa,N/A,8484,['C'],A,Vacuum adiabatic calorimetry,"origin: commercial source,99.999 % (total),chemical analysis,rod",99.999,Not Specified %,1955
2.974,0.00329,6.58e-05,None kPa,N/A,8484,['C'],A,Vacuum adiabatic calorimetry,"origin: commercial source,99.999 % (total),chemical analysis,rod",99.999,Not Specified %,1955
2.977,0.00346,6.92e-05,None kPa,N/A,8484,['C'],A,Vacuum adiabatic calorimetry,"origin: commercial source,99.999 % (total),chemical analysis,rod",99.999,Not Specified %,1955
3.083,0.00345,6.9e-05,None kPa,N/A,8484,['C'],A,Vacuum adiabatic calorimetry,"origin: commercial source,99.999 % (total),chemical analysis,rod",99.999,Not Specified %,1955
3.181,0.00367,7.34e-05,None kPa,N/A,8484,['C'],A,Vacuum adiabatic calorimetry,"origin: commercial source,99.999 % (total),chemical analysis,rod",99.999,Not Specified %,1955
3.279,0.00385,7.7e-05,None kPa,N/A,8484,['C'],A,Vacuum adiabatic calorimetry,"origin: commercial source,99.999 % (total),chemical analysis,rod",99.999,Not Specified %,1955
3.376,0.00409,8.18e-05,None kPa,N/A,8484,['C'],A,Vacuum adiabatic calorimetry,"origin: commercial source,99.999 % (total),chemical analysis,rod",99.999,Not Specified %,1955
3.48,0.00436,8.72e-05,None kPa,N/A,8484,['C'],A,Vacuum adiabatic calorimetry,"origin: commercial source,99.999 % (total),chemical analysis,rod",99.999,Not Specified %,1955
3.579,0.00459,9.18e-05,None kPa,N/A,8484,['C'],A,Vacuum adiabatic calorimetry,"origin: commercial source,99.999 % (total),chemical analysis,rod",99.999,Not Specified %,1955
3.693,0.00499,9.98e-05,None kPa,N/A,8484,['C'],A,Vacuum adiabatic calorimetry,"origin: commercial source,99.999 % (total),chemical analysis,rod",99.999,Not Specified %,1955
3.781,0.00525,0.000105,None kPa,N/A,8484,['C'],A,Vacuum adiabatic calorimetry,"origin: commercial source,99.999 % (total),chemical analysis,rod",99.999,Not Specified %,1955
3.899,0.00563,0.0001126,None kPa,N/A,8484,['C'],A,Vacuum adiabatic calorimetry,"origin: commercial source,99.999 % (total),chemical analysis,rod",99.999,Not Specified %,1955
3.982,0.0059,0.000118,None kPa,N/A,8484,['C'],A,Vacuum adiabatic calorimetry,"origin: commercial source,99.999 % (total),chemical analysis,rod",99.999,Not Specified %,1955
4.091,0.00618,0.0001236,None kPa,N/A,8484,['C'],A,Vacuum adiabatic calorimetry,"origin: commercial source,99.999 % (total),chemical analysis,rod",99.999,Not Specified %,1955
4.178,0.00624,0.0001248,None kPa,N/A,8484,['C'],A,Vacuum adiabatic calorimetry,"origin: commercial source,99.999 % (total),chemical analysis,rod",99.999,Not Specified %,1955
4.296,0.00665,0.000133,None kPa,N/A,8484,['C'],A,Vacuum adiabatic calorimetry,"origin: commercial source,99.999 % (total),chemical analysis,rod",99.999,Not Specified %,1955
4.374,0.0068,0.000136,None kPa,N/A,8484,['C'],A,Vacuum adiabatic calorimetry,"origin: commercial source,99.999 % (total),chemical analysis,rod",99.999,Not Specified %,1955
4.487,0.0071,0.0001562,None kPa,N/A,8484,['C'],A,Vacuum adiabatic calorimetry,"origin: commercial source,99.999 % (total),chemical analysis,rod",99.999,Not Specified %,1955
4.601,0.00738,0.0001771,None kPa,N/A,8484,['C'],A,Vacuum adiabatic calorimetry,"origin: commercial source,99.999 % (total),chemical analysis,rod",99.999,Not Specified %,1955
4.693,0.00774,0.0002012,None kPa,N/A,8484,['C'],A,Vacuum adiabatic calorimetry,"origin: commercial source,99.999 % (total),chemical analysis,rod",99.999,Not Specified %,1955
4.79,0.00809,0.0002265,None kPa,N/A,8484,['C'],A,Vacuum adiabatic calorimetry,"origin: commercial source,99.999 % (total),chemical analysis,rod",99.999,Not Specified %,1955
4.864,0.00846,0.0002538,None kPa,N/A,8484,['C'],A,Vacuum adiabatic calorimetry,"origin: commercial source,99.999 % (total),chemical analysis,rod",99.999,Not Specified %,1955
1.154,0.000884,1.768e-05,6.66612e-09 kPa,N/A,8489,['C'],A,Low temperature calorimetry set up,"origin: commercial source,99.999 % (total),stated by supplier",99.999,Not Specified %,1955
1.1812,0.000861,1.722e-05,None kPa,N/A,8489,['C'],A,Low temperature calorimetry set up,"origin: commercial source,99.999 % (total),stated by supplier",99.999,Not Specified %,1955
1.2349,0.0009305,1.861e-05,None kPa,N/A,8489,['C'],A,Low temperature calorimetry set up,"origin: commercial source,99.999 % (total),stated by supplier",99.999,Not Specified %,1955
1.3032,0.0010111,2.0222e-05,None kPa,N/A,8489,['C'],A,Low temperature calorimetry set up,"origin: commercial source,99.999 % (total),stated by supplier",99.999,Not Specified %,1955
1.3962,0.0011054,2.2108e-05,None kPa,N/A,8489,['C'],A,Low temperature calorimetry set up,"origin: commercial source,99.999 % (total),stated by supplier",99.999,Not Specified %,1955
1.482,0.0011859,2.3718e-05,None kPa,N/A,8489,['C'],A,Low temperature calorimetry set up,"origin: commercial source,99.999 % (total),stated by supplier",99.999,Not Specified %,1955
1.5814,0.0012526,2.5052e-05,None kPa,N/A,8489,['C'],A,Low temperature calorimetry set up,"origin: commercial source,99.999 % (total),stated by supplier",99.999,Not Specified %,1955
1.7381,0.0014298,2.8596e-05,None kPa,N/A,8489,['C'],A,Low temperature calorimetry set up,"origin: commercial source,99.999 % (total),stated by supplier",99.999,Not Specified %,1955
1.769,0.0014649,2.9298e-05,None kPa,N/A,8489,['C'],A,Low temperature calorimetry set up,"origin: commercial source,99.999 % (total),stated by supplier",99.999,Not Specified %,1955
1.7882,0.0014875,2.975e-05,None kPa,N/A,8489,['C'],A,Low temperature calorimetry set up,"origin: commercial source,99.999 % (total),stated by supplier",99.999,Not Specified %,1955
1.817,0.00152,3.04e-05,None kPa,N/A,8489,['C'],A,Low temperature calorimetry set up,"origin: commercial source,99.999 % (total),stated by supplier",99.999,Not Specified %,1955
1.9015,0.0016165,3.233e-05,None kPa,N/A,8489,['C'],A,Low temperature calorimetry set up,"origin: commercial source,99.999 % (total),stated by supplier",99.999,Not Specified %,1955
1.9791,0.0016982,3.3964e-05,None kPa,N/A,8489,['C'],A,Low temperature calorimetry set up,"origin: commercial source,99.999 % (total),stated by supplier",99.999,Not Specified %,1955
2.0185,0.0017499,3.4998e-05,None kPa,N/A,8489,['C'],A,Low temperature calorimetry set up,"origin: commercial source,99.999 % (total),stated by supplier",99.999,Not Specified %,1955
2.086,0.0018566,3.7132e-05,None kPa,N/A,8489,['C'],A,Low temperature calorimetry set up,"origin: commercial source,99.999 % (total),stated by supplier",99.999,Not Specified %,1955
2.1871,0.0019685,3.937e-05,None kPa,N/A,8489,['C'],A,Low temperature calorimetry set up,"origin: commercial source,99.999 % (total),stated by supplier",99.999,Not Specified %,1955
2.2062,0.002102,4.204e-05,None kPa,N/A,8489,['C'],A,Low temperature calorimetry set up,"origin: commercial source,99.999 % (total),stated by supplier",99.999,Not Specified %,1955
2.2826,0.0021703,4.3406e-05,None kPa,N/A,8489,['C'],A,Low temperature calorimetry set up,"origin: commercial source,99.999 % (total),stated by supplier",99.999,Not Specified %,1955
2.381,0.0023363,4.6726e-05,None kPa,N/A,8489,['C'],A,Low temperature calorimetry set up,"origin: commercial source,99.999 % (total),stated by supplier",99.999,Not Specified %,1955
2.4661,0.0024579,4.9158e-05,None kPa,N/A,8489,['C'],A,Low temperature calorimetry set up,"origin: commercial source,99.999 % (total),stated by supplier",99.999,Not Specified %,1955
2.5694,0.0025901,5.1802e-05,None kPa,N/A,8489,['C'],A,Low temperature calorimetry set up,"origin: commercial source,99.999 % (total),stated by supplier",99.999,Not Specified %,1955
2.66,0.0027574,5.5148e-05,None kPa,N/A,8489,['C'],A,Low temperature calorimetry set up,"origin: commercial source,99.999 % (total),stated by supplier",99.999,Not Specified %,1955
2.7743,0.0030071,6.0142e-05,None kPa,N/A,8489,['C'],A,Low temperature calorimetry set up,"origin: commercial source,99.999 % (total),stated by supplier",99.999,Not Specified %,1955
2.9151,0.0031654,6.3308e-05,None kPa,N/A,8489,['C'],A,Low temperature calorimetry set up,"origin: commercial source,99.999 % (total),stated by supplier",99.999,Not Specified %,1955
2.978,0.0034769,6.9538e-05,None kPa,N/A,8489,['C'],A,Low temperature calorimetry set up,"origin: commercial source,99.999 % (total),stated by supplier",99.999,Not Specified %,1955
2.9807,0.0033106,6.6212e-05,None kPa,N/A,8489,['C'],A,Low temperature calorimetry set up,"origin: commercial source,99.999 % (total),stated by supplier",99.999,Not Specified %,1955
3.0832,0.0034536,6.9072e-05,None kPa,N/A,8489,['C'],A,Low temperature calorimetry set up,"origin: commercial source,99.999 % (total),stated by supplier",99.999,Not Specified %,1955
3.1869,0.0036883,7.3766e-05,None kPa,N/A,8489,['C'],A,Low temperature calorimetry set up,"origin: commercial source,99.999 % (total),stated by supplier",99.999,Not Specified %,1955
3.2815,0.0038611,7.7222e-05,None kPa,N/A,8489,['C'],A,Low temperature calorimetry set up,"origin: commercial source,99.999 % (total),stated by supplier",99.999,Not Specified %,1955
3.3774,0.0041052,8.2104e-05,None kPa,N/A,8489,['C'],A,Low temperature calorimetry set up,"origin: commercial source,99.999 % (total),stated by supplier",99.999,Not Specified %,1955
3.4812,0.004389,8.778e-05,None kPa,N/A,8489,['C'],A,Low temperature calorimetry set up,"origin: commercial source,99.999 % (total),stated by supplier",99.999,Not Specified %,1955
3.5819,0.004617,9.234e-05,None kPa,N/A,8489,['C'],A,Low temperature calorimetry set up,"origin: commercial source,99.999 % (total),stated by supplier",99.999,Not Specified %,1955
3.6957,0.0050061,0.000100122,None kPa,N/A,8489,['C'],A,Low temperature calorimetry set up,"origin: commercial source,99.999 % (total),stated by supplier",99.999,Not Specified %,1955
3.7879,0.0052776,0.000105552,None kPa,N/A,8489,['C'],A,Low temperature calorimetry set up,"origin: commercial source,99.999 % (total),stated by supplier",99.999,Not Specified %,1955
3.9021,0.0056719,0.000113438,None kPa,N/A,8489,['C'],A,Low temperature calorimetry set up,"origin: commercial source,99.999 % (total),stated by supplier",99.999,Not Specified %,1955
3.9834,0.0059362,0.000118724,None kPa,N/A,8489,['C'],A,Low temperature calorimetry set up,"origin: commercial source,99.999 % (total),stated by supplier",99.999,Not Specified %,1955
4.093,0.0061989,0.000123978,None kPa,N/A,8489,['C'],A,Low temperature calorimetry set up,"origin: commercial source,99.999 % (total),stated by supplier",99.999,Not Specified %,1955
1.671,0.001376,1.1008e-05,None kPa,N/A,9208,['C'],A,Low temperature calorimetry set up,"origin: commercial source,99.999 % (total),",99.999,Not Specified %,1956
1.781,0.001486,1.1888e-05,None kPa,N/A,9208,['C'],A,Low temperature calorimetry set up,"origin: commercial source,99.999 % (total),",99.999,Not Specified %,1956
1.858,0.001594,1.2752e-05,None kPa,N/A,9208,['C'],A,Low temperature calorimetry set up,"origin: commercial source,99.999 % (total),",99.999,Not Specified %,1956
1.976,0.00173,1.384e-05,None kPa,N/A,9208,['C'],A,Low temperature calorimetry set up,"origin: commercial source,99.999 % (total),",99.999,Not Specified %,1956
2.079,0.001845,1.476e-05,None kPa,N/A,9208,['C'],A,Low temperature calorimetry set up,"origin: commercial source,99.999 % (total),",99.999,Not Specified %,1956
2.21,0.002034,1.6272e-05,None kPa,N/A,9208,['C'],A,Low temperature calorimetry set up,"origin: commercial source,99.999 % (total),",99.999,Not Specified %,1956
2.348,0.002245,1.796e-05,None kPa,N/A,9208,['C'],A,Low temperature calorimetry set up,"origin: commercial source,99.999 % (total),",99.999,Not Specified %,1956
2.504,0.002489,1.9912e-05,None kPa,N/A,9208,['C'],A,Low temperature calorimetry set up,"origin: commercial source,99.999 % (total),",99.999,Not Specified %,1956
2.578,0.00262,2.096e-05,None kPa,N/A,9208,['C'],A,Low temperature calorimetry set up,"origin: commercial source,99.999 % (total),",99.999,Not Specified %,1956
2.672,0.002784,2.2272e-05,None kPa,N/A,9208,['C'],A,Low temperature calorimetry set up,"origin: commercial source,99.999 % (total),",99.999,Not Specified %,1956
2.765,0.002941,2.3528e-05,None kPa,N/A,9208,['C'],A,Low temperature calorimetry set up,"origin: commercial source,99.999 % (total),",99.999,Not Specified %,1956
2.848,0.003063,2.4504e-05,None kPa,N/A,9208,['C'],A,Low temperature calorimetry set up,"origin: commercial source,99.999 % (total),",99.999,Not Specified %,1956
2.952,0.003285,2.628e-05,None kPa,N/A,9208,['C'],A,Low temperature calorimetry set up,"origin: commercial source,99.999 % (total),",99.999,Not Specified %,1956
3.048,0.003452,2.7616e-05,None kPa,N/A,9208,['C'],A,Low temperature calorimetry set up,"origin: commercial source,99.999 % (total),",99.999,Not Specified %,1956
3.117,0.003624,2.8992e-05,None kPa,N/A,9208,['C'],A,Low temperature calorimetry set up,"origin: commercial source,99.999 % (total),",99.999,Not Specified %,1956
3.187,0.003752,3.0016e-05,None kPa,N/A,9208,['C'],A,Low temperature calorimetry set up,"origin: commercial source,99.999 % (total),",99.999,Not Specified %,1956
3.28,0.003976,3.1808e-05,None kPa,N/A,9208,['C'],A,Low temperature calorimetry set up,"origin: commercial source,99.999 % (total),",99.999,Not Specified %,1956
3.367,0.004161,3.3288e-05,None kPa,N/A,9208,['C'],A,Low temperature calorimetry set up,"origin: commercial source,99.999 % (total),",99.999,Not Specified %,1956
3.435,0.004327,3.4616e-05,None kPa,N/A,9208,['C'],A,Low temperature calorimetry set up,"origin: commercial source,99.999 % (total),",99.999,Not Specified %,1956
3.504,0.004468,3.5744e-05,None kPa,N/A,9208,['C'],A,Low temperature calorimetry set up,"origin: commercial source,99.999 % (total),",99.999,Not Specified %,1956
3.563,0.004638,3.7104e-05,None kPa,N/A,9208,['C'],A,Low temperature calorimetry set up,"origin: commercial source,99.999 % (total),",99.999,Not Specified %,1956
3.63,0.004781,3.8248e-05,None kPa,N/A,9208,['C'],A,Low temperature calorimetry set up,"origin: commercial source,99.999 % (total),",99.999,Not Specified %,1956
3.726,0.004996,3.9968e-05,None kPa,N/A,9208,['C'],A,Low temperature calorimetry set up,"origin: commercial source,99.999 % (total),",99.999,Not Specified %,1956
3.784,0.005214,4.1712e-05,None kPa,N/A,9208,['C'],A,Low temperature calorimetry set up,"origin: commercial source,99.999 % (total),",99.999,Not Specified %,1956
3.873,0.005452,4.3616e-05,None kPa,N/A,9208,['C'],A,Low temperature calorimetry set up,"origin: commercial source,99.999 % (total),",99.999,Not Specified %,1956
3.947,0.005671,4.5368e-05,None kPa,N/A,9208,['C'],A,Low temperature calorimetry set up,"origin: commercial source,99.999 % (total),",99.999,Not Specified %,1956
4.063,0.006095,4.876e-05,None kPa,N/A,9208,['C'],A,Low temperature calorimetry set up,"origin: commercial source,99.999 % (total),",99.999,Not Specified %,1956
2.107,0.001887,1.5096e-05,None kPa,N/A,9209,['C'],A,Low temperature calorimetry set up,"origin: commercial source,99.9 % (total),stated by supplier",99.9,Not Specified %,1956
2.26,0.002101,1.6808e-05,None kPa,N/A,9209,['C'],A,Low temperature calorimetry set up,"origin: commercial source,99.9 % (total),stated by supplier",99.9,Not Specified %,1956
2.307,0.002172,1.7376e-05,None kPa,N/A,9209,['C'],A,Low temperature calorimetry set up,"origin: commercial source,99.9 % (total),stated by supplier",99.9,Not Specified %,1956
2.393,0.002284,1.8272e-05,None kPa,N/A,9209,['C'],A,Low temperature calorimetry set up,"origin: commercial source,99.9 % (total),stated by supplier",99.9,Not Specified %,1956
2.488,0.002448,1.9584e-05,None kPa,N/A,9209,['C'],A,Low temperature calorimetry set up,"origin: commercial source,99.9 % (total),stated by supplier",99.9,Not Specified %,1956
2.675,0.002786,2.2288e-05,None kPa,N/A,9209,['C'],A,Low temperature calorimetry set up,"origin: commercial source,99.9 % (total),stated by supplier",99.9,Not Specified %,1956
2.749,0.002883,2.3064e-05,None kPa,N/A,9209,['C'],A,Low temperature calorimetry set up,"origin: commercial source,99.9 % (total),stated by supplier",99.9,Not Specified %,1956
2.835,0.003054,2.4432e-05,None kPa,N/A,9209,['C'],A,Low temperature calorimetry set up,"origin: commercial source,99.9 % (total),stated by supplier",99.9,Not Specified %,1956
2.889,0.003153,2.5224e-05,None kPa,N/A,9209,['C'],A,Low temperature calorimetry set up,"origin: commercial source,99.9 % (total),stated by supplier",99.9,Not Specified %,1956
2.926,0.00322,2.576e-05,None kPa,N/A,9209,['C'],A,Low temperature calorimetry set up,"origin: commercial source,99.9 % (total),stated by supplier",99.9,Not Specified %,1956
2.968,0.003334,2.6672e-05,None kPa,N/A,9209,['C'],A,Low temperature calorimetry set up,"origin: commercial source,99.9 % (total),stated by supplier",99.9,Not Specified %,1956
3.007,0.003377,2.7016e-05,None kPa,N/A,9209,['C'],A,Low temperature calorimetry set up,"origin: commercial source,99.9 % (total),stated by supplier",99.9,Not Specified %,1956
3.068,0.003533,2.8264e-05,None kPa,N/A,9209,['C'],A,Low temperature calorimetry set up,"origin: commercial source,99.9 % (total),stated by supplier",99.9,Not Specified %,1956
3.115,0.003601,2.8808e-05,None kPa,N/A,9209,['C'],A,Low temperature calorimetry set up,"origin: commercial source,99.9 % (total),stated by supplier",99.9,Not Specified %,1956
3.181,0.003729,2.9832e-05,None kPa,N/A,9209,['C'],A,Low temperature calorimetry set up,"origin: commercial source,99.9 % (total),stated by supplier",99.9,Not Specified %,1956
3.239,0.003886,3.1088e-05,None kPa,N/A,9209,['C'],A,Low temperature calorimetry set up,"origin: commercial source,99.9 % (total),stated by supplier",99.9,Not Specified %,1956
3.297,0.003982,3.1856e-05,None kPa,N/A,9209,['C'],A,Low temperature calorimetry set up,"origin: commercial source,99.9 % (total),stated by supplier",99.9,Not Specified %,1956
3.312,0.004045,3.236e-05,None kPa,N/A,9209,['C'],A,Low temperature calorimetry set up,"origin: commercial source,99.9 % (total),stated by supplier",99.9,Not Specified %,1956
3.367,0.004207,3.3656e-05,None kPa,N/A,9209,['C'],A,Low temperature calorimetry set up,"origin: commercial source,99.9 % (total),stated by supplier",99.9,Not Specified %,1956
3.408,0.004289,3.4312e-05,None kPa,N/A,9209,['C'],A,Low temperature calorimetry set up,"origin: commercial source,99.9 % (total),stated by supplier",99.9,Not Specified %,1956
3.434,0.004323,3.4584e-05,None kPa,N/A,9209,['C'],A,Low temperature calorimetry set up,"origin: commercial source,99.9 % (total),stated by supplier",99.9,Not Specified %,1956
3.493,0.004444,3.5552e-05,None kPa,N/A,9209,['C'],A,Low temperature calorimetry set up,"origin: commercial source,99.9 % (total),stated by supplier",99.9,Not Specified %,1956
3.556,0.004628,3.7024e-05,None kPa,N/A,9209,['C'],A,Low temperature calorimetry set up,"origin: commercial source,99.9 % (total),stated by supplier",99.9,Not Specified %,1956
3.577,0.004704,3.7632e-05,None kPa,N/A,9209,['C'],A,Low temperature calorimetry set up,"origin: commercial source,99.9 % (total),stated by supplier",99.9,Not Specified %,1956
3.634,0.004858,3.8864e-05,None kPa,N/A,9209,['C'],A,Low temperature calorimetry set up,"origin: commercial source,99.9 % (total),stated by supplier",99.9,Not Specified %,1956
3.701,0.004998,3.9984e-05,None kPa,N/A,9209,['C'],A,Low temperature calorimetry set up,"origin: commercial source,99.9 % (total),stated by supplier",99.9,Not Specified %,1956
3.729,0.005125,4.1e-05,None kPa,N/A,9209,['C'],A,Low temperature calorimetry set up,"origin: commercial source,99.9 % (total),stated by supplier",99.9,Not Specified %,1956
3.793,0.005299,4.2392e-05,None kPa,N/A,9209,['C'],A,Low temperature calorimetry set up,"origin: commercial source,99.9 % (total),stated by supplier",99.9,Not Specified %,1956
3.853,0.005415,4.332e-05,None kPa,N/A,9209,['C'],A,Low temperature calorimetry set up,"origin: commercial source,99.9 % (total),stated by supplier",99.9,Not Specified %,1956
3.879,0.005514,4.4112e-05,None kPa,N/A,9209,['C'],A,Low temperature calorimetry set up,"origin: commercial source,99.9 % (total),stated by supplier",99.9,Not Specified %,1956
4.009,0.005918,4.7344e-05,None kPa,N/A,9209,['C'],A,Low temperature calorimetry set up,"origin: commercial source,99.9 % (total),stated by supplier",99.9,Not Specified %,1956
4.038,0.006073,4.8584e-05,None kPa,N/A,9209,['C'],A,Low temperature calorimetry set up,"origin: commercial source,99.9 % (total),stated by supplier",99.9,Not Specified %,1956
4.147,0.006403,5.1224e-05,None kPa,N/A,9209,['C'],A,Low temperature calorimetry set up,"origin: commercial source,99.9 % (total),stated by supplier",99.9,Not Specified %,1956
4.199,0.006549,5.2392e-05,None kPa,N/A,9209,['C'],A,Low temperature calorimetry set up,"origin: commercial source,99.9 % (total),stated by supplier",99.9,Not Specified %,1956
1.696,0.001377,1.1016e-05,None kPa,N/A,9210,['C'],A,Low temperature calorimetry set up,"origin: commercial source,99.9 % (total),stated by supplier",99.9,Not Specified %,1956
1.778,0.001467,1.1736e-05,None kPa,N/A,9210,['C'],A,Low temperature calorimetry set up,"origin: commercial source,99.9 % (total),stated by supplier",99.9,Not Specified %,1956
1.877,0.001595,1.276e-05,None kPa,N/A,9210,['C'],A,Low temperature calorimetry set up,"origin: commercial source,99.9 % (total),stated by supplier",99.9,Not Specified %,1956
1.944,0.00167,1.336e-05,None kPa,N/A,9210,['C'],A,Low temperature calorimetry set up,"origin: commercial source,99.9 % (total),stated by supplier",99.9,Not Specified %,1956
2.0,0.001756,1.4048e-05,None kPa,N/A,9210,['C'],A,Low temperature calorimetry set up,"origin: commercial source,99.9 % (total),stated by supplier",99.9,Not Specified %,1956
2.04,0.001803,1.4424e-05,None kPa,N/A,9210,['C'],A,Low temperature calorimetry set up,"origin: commercial source,99.9 % (total),stated by supplier",99.9,Not Specified %,1956
2.204,0.002021,1.6168e-05,None kPa,N/A,9210,['C'],A,Low temperature calorimetry set up,"origin: commercial source,99.9 % (total),stated by supplier",99.9,Not Specified %,1956
2.349,0.002222,1.7776e-05,None kPa,N/A,9210,['C'],A,Low temperature calorimetry set up,"origin: commercial source,99.9 % (total),stated by supplier",99.9,Not Specified %,1956
2.599,0.00264,2.112e-05,None kPa,N/A,9210,['C'],A,Low temperature calorimetry set up,"origin: commercial source,99.9 % (total),stated by supplier",99.9,Not Specified %,1956
2.764,0.002936,2.3488e-05,None kPa,N/A,9210,['C'],A,Low temperature calorimetry set up,"origin: commercial source,99.9 % (total),stated by supplier",99.9,Not Specified %,1956
2.949,0.003285,2.628e-05,None kPa,N/A,9210,['C'],A,Low temperature calorimetry set up,"origin: commercial source,99.9 % (total),stated by supplier",99.9,Not Specified %,1956
3.15,0.003688,2.9504e-05,None kPa,N/A,9210,['C'],A,Low temperature calorimetry set up,"origin: commercial source,99.9 % (total),stated by supplier",99.9,Not Specified %,1956
3.343,0.004098,3.2784e-05,None kPa,N/A,9210,['C'],A,Low temperature calorimetry set up,"origin: commercial source,99.9 % (total),stated by supplier",99.9,Not Specified %,1956
3.525,0.004546,3.6368e-05,None kPa,N/A,9210,['C'],A,Low temperature calorimetry set up,"origin: commercial source,99.9 % (total),stated by supplier",99.9,Not Specified %,1956
3.745,0.005152,4.1216e-05,None kPa,N/A,9210,['C'],A,Low temperature calorimetry set up,"origin: commercial source,99.9 % (total),stated by supplier",99.9,Not Specified %,1956
3.918,0.005629,4.5032e-05,None kPa,N/A,9210,['C'],A,Low temperature calorimetry set up,"origin: commercial source,99.9 % (total),stated by supplier",99.9,Not Specified %,1956
4.081,0.006164,4.9312e-05,None kPa,N/A,9210,['C'],A,Low temperature calorimetry set up,"origin: commercial source,99.9 % (total),stated by supplier",99.9,Not Specified %,1956
1.723,0.001616,1.2928e-05,None kPa,N/A,9211,['C'],A,Low temperature calorimetry set up,"origin: commercial source,98.8 % (total),chemical analysis,ingot",98.8,Not Specified %,1956
1.881,0.001817,1.4536e-05,None kPa,N/A,9211,['C'],A,Low temperature calorimetry set up,"origin: commercial source,98.8 % (total),chemical analysis,ingot",98.8,Not Specified %,1956
2.041,0.002063,1.6504e-05,None kPa,N/A,9211,['C'],A,Low temperature calorimetry set up,"origin: commercial source,98.8 % (total),chemical analysis,ingot",98.8,Not Specified %,1956
2.227,0.002304,1.8432e-05,None kPa,N/A,9211,['C'],A,Low temperature calorimetry set up,"origin: commercial source,98.8 % (total),chemical analysis,ingot",98.8,Not Specified %,1956
2.351,0.002524,2.0192e-05,None kPa,N/A,9211,['C'],A,Low temperature calorimetry set up,"origin: commercial source,98.8 % (total),chemical analysis,ingot",98.8,Not Specified %,1956
2.492,0.00273,2.184e-05,None kPa,N/A,9211,['C'],A,Low temperature calorimetry set up,"origin: commercial source,98.8 % (total),chemical analysis,ingot",98.8,Not Specified %,1956
2.603,0.002961,2.3688e-05,None kPa,N/A,9211,['C'],A,Low temperature calorimetry set up,"origin: commercial source,98.8 % (total),chemical analysis,ingot",98.8,Not Specified %,1956
2.742,0.00319,2.552e-05,None kPa,N/A,9211,['C'],A,Low temperature calorimetry set up,"origin: commercial source,98.8 % (total),chemical analysis,ingot",98.8,Not Specified %,1956
2.851,0.003406,2.7248e-05,None kPa,N/A,9211,['C'],A,Low temperature calorimetry set up,"origin: commercial source,98.8 % (total),chemical analysis,ingot",98.8,Not Specified %,1956
2.968,0.003681,2.9448e-05,None kPa,N/A,9211,['C'],A,Low temperature calorimetry set up,"origin: commercial source,98.8 % (total),chemical analysis,ingot",98.8,Not Specified %,1956
3.091,0.003955,3.164e-05,None kPa,N/A,9211,['C'],A,Low temperature calorimetry set up,"origin: commercial source,98.8 % (total),chemical analysis,ingot",98.8,Not Specified %,1956
3.22,0.004214,3.3712e-05,None kPa,N/A,9211,['C'],A,Low temperature calorimetry set up,"origin: commercial source,98.8 % (total),chemical analysis,ingot",98.8,Not Specified %,1956
3.33,0.004493,3.5944e-05,None kPa,N/A,9211,['C'],A,Low temperature calorimetry set up,"origin: commercial source,98.8 % (total),chemical analysis,ingot",98.8,Not Specified %,1956
3.436,0.004761,3.8088e-05,None kPa,N/A,9211,['C'],A,Low temperature calorimetry set up,"origin: commercial source,98.8 % (total),chemical analysis,ingot",98.8,Not Specified %,1956
3.541,0.005002,4.0016e-05,None kPa,N/A,9211,['C'],A,Low temperature calorimetry set up,"origin: commercial source,98.8 % (total),chemical analysis,ingot",98.8,Not Specified %,1956
3.646,0.005338,4.2704e-05,None kPa,N/A,9211,['C'],A,Low temperature calorimetry set up,"origin: commercial source,98.8 % (total),chemical analysis,ingot",98.8,Not Specified %,1956
3.753,0.005644,4.5152e-05,None kPa,N/A,9211,['C'],A,Low temperature calorimetry set up,"origin: commercial source,98.8 % (total),chemical analysis,ingot",98.8,Not Specified %,1956
3.857,0.005959,4.7672e-05,None kPa,N/A,9211,['C'],A,Low temperature calorimetry set up,"origin: commercial source,98.8 % (total),chemical analysis,ingot",98.8,Not Specified %,1956
3.98,0.00632,5.056e-05,None kPa,N/A,9211,['C'],A,Low temperature calorimetry set up,"origin: commercial source,98.8 % (total),chemical analysis,ingot",98.8,Not Specified %,1956
4.094,0.006632,5.3056e-05,None kPa,N/A,9211,['C'],A,Low temperature calorimetry set up,"origin: commercial source,98.8 % (total),chemical analysis,ingot",98.8,Not Specified %,1956
1.83,0.001567,4.7e-05,None kPa,N/A,9573,['C'],A,Vacuum adiabatic calorimetry,"origin: commercial source,99.99 % (total),,rod",99.99,Not Specified %,1957
1.95,0.001722,5.2e-05,None kPa,N/A,9573,['C'],A,Vacuum adiabatic calorimetry,"origin: commercial source,99.99 % (total),,rod",99.99,Not Specified %,1957
2.02,0.001734,5.2e-05,None kPa,N/A,9573,['C'],A,Vacuum adiabatic calorimetry,"origin: commercial source,99.99 % (total),,rod",99.99,Not Specified %,1957
2.27,0.002174,6.5e-05,None kPa,N/A,9573,['C'],A,Vacuum adiabatic calorimetry,"origin: commercial source,99.99 % (total),,rod",99.99,Not Specified %,1957
2.48,0.002458,7.4e-05,None kPa,N/A,9573,['C'],A,Vacuum adiabatic calorimetry,"origin: commercial source,99.99 % (total),,rod",99.99,Not Specified %,1957
2.67,0.002741,5.5e-05,None kPa,N/A,9573,['C'],A,Vacuum adiabatic calorimetry,"origin: commercial source,99.99 % (total),,rod",99.99,Not Specified %,1957
2.85,0.002993,6e-05,None kPa,N/A,9573,['C'],A,Vacuum adiabatic calorimetry,"origin: commercial source,99.99 % (total),,rod",99.99,Not Specified %,1957
2.9,0.003161,6.3e-05,None kPa,N/A,9573,['C'],A,Vacuum adiabatic calorimetry,"origin: commercial source,99.99 % (total),,rod",99.99,Not Specified %,1957
3.07,0.00348,7e-05,None kPa,N/A,9573,['C'],A,Vacuum adiabatic calorimetry,"origin: commercial source,99.99 % (total),,rod",99.99,Not Specified %,1957
3.2,0.003716,7.4e-05,None kPa,N/A,9573,['C'],A,Vacuum adiabatic calorimetry,"origin: commercial source,99.99 % (total),,rod",99.99,Not Specified %,1957
3.27,0.00386,7.7e-05,None kPa,N/A,9573,['C'],A,Vacuum adiabatic calorimetry,"origin: commercial source,99.99 % (total),,rod",99.99,Not Specified %,1957
3.47,0.004377,8.8e-05,None kPa,N/A,9573,['C'],A,Vacuum adiabatic calorimetry,"origin: commercial source,99.99 % (total),,rod",99.99,Not Specified %,1957
3.63,0.004781,9.6e-05,None kPa,N/A,9573,['C'],A,Vacuum adiabatic calorimetry,"origin: commercial source,99.99 % (total),,rod",99.99,Not Specified %,1957
3.84,0.005376,0.000108,None kPa,N/A,9573,['C'],A,Vacuum adiabatic calorimetry,"origin: commercial source,99.99 % (total),,rod",99.99,Not Specified %,1957
4.08,0.005995,0.00012,None kPa,N/A,9573,['C'],A,Vacuum adiabatic calorimetry,"origin: commercial source,99.99 % (total),,rod",99.99,Not Specified %,1957
1.366,0.00113633,3.409e-05,None kPa,N/A,9768,['C'],A,Vacuum adiabatic calorimetry,"origin: commercial source,99.95 % (total),,rod",99.95,Not Specified %,1957
1.398,0.00117265,3.51795e-05,None kPa,N/A,9768,['C'],A,Vacuum adiabatic calorimetry,"origin: commercial source,99.95 % (total),,rod",99.95,Not Specified %,1957
1.436,0.00121742,3.65226e-05,None kPa,N/A,9768,['C'],A,Vacuum adiabatic calorimetry,"origin: commercial source,99.95 % (total),,rod",99.95,Not Specified %,1957
1.463,0.00128373,3.8512e-05,None kPa,N/A,9768,['C'],A,Vacuum adiabatic calorimetry,"origin: commercial source,99.95 % (total),,rod",99.95,Not Specified %,1957
1.494,0.00126516,3.79547e-05,None kPa,N/A,9768,['C'],A,Vacuum adiabatic calorimetry,"origin: commercial source,99.95 % (total),,rod",99.95,Not Specified %,1957
1.537,0.00131386,3.94158e-05,None kPa,N/A,9768,['C'],A,Vacuum adiabatic calorimetry,"origin: commercial source,99.95 % (total),,rod",99.95,Not Specified %,1957
1.56,0.00132135,3.96405e-05,None kPa,N/A,9768,['C'],A,Vacuum adiabatic calorimetry,"origin: commercial source,99.95 % (total),,rod",99.95,Not Specified %,1957
1.593,0.00135298,4.05894e-05,None kPa,N/A,9768,['C'],A,Vacuum adiabatic calorimetry,"origin: commercial source,99.95 % (total),,rod",99.95,Not Specified %,1957
1.61,0.0013152,3.9456e-05,None kPa,N/A,9768,['C'],A,Vacuum adiabatic calorimetry,"origin: commercial source,99.95 % (total),,rod",99.95,Not Specified %,1957
1.629,0.00137206,4.11618e-05,None kPa,N/A,9768,['C'],A,Vacuum adiabatic calorimetry,"origin: commercial source,99.95 % (total),,rod",99.95,Not Specified %,1957
1.665,0.00143612,4.30835e-05,None kPa,N/A,9768,['C'],A,Vacuum adiabatic calorimetry,"origin: commercial source,99.95 % (total),,rod",99.95,Not Specified %,1957
1.687,0.00142428,4.27283e-05,None kPa,N/A,9768,['C'],A,Vacuum adiabatic calorimetry,"origin: commercial source,99.95 % (total),,rod",99.95,Not Specified %,1957
1.702,0.00153808,4.61424e-05,None kPa,N/A,9768,['C'],A,Vacuum adiabatic calorimetry,"origin: commercial source,99.95 % (total),,rod",99.95,Not Specified %,1957
1.737,0.00159954,4.79863e-05,None kPa,N/A,9768,['C'],A,Vacuum adiabatic calorimetry,"origin: commercial source,99.95 % (total),,rod",99.95,Not Specified %,1957
1.746,0.00151963,4.55889e-05,None kPa,N/A,9768,['C'],A,Vacuum adiabatic calorimetry,"origin: commercial source,99.95 % (total),,rod",99.95,Not Specified %,1957
1.774,0.00156745,4.70236e-05,None kPa,N/A,9768,['C'],A,Vacuum adiabatic calorimetry,"origin: commercial source,99.95 % (total),,rod",99.95,Not Specified %,1957
1.8,0.0015772,4.7316e-05,None kPa,N/A,9768,['C'],A,Vacuum adiabatic calorimetry,"origin: commercial source,99.95 % (total),,rod",99.95,Not Specified %,1957
1.844,0.00167824,5.03473e-05,None kPa,N/A,9768,['C'],A,Vacuum adiabatic calorimetry,"origin: commercial source,99.95 % (total),,rod",99.95,Not Specified %,1957
1.848,0.00160954,4.82863e-05,None kPa,N/A,9768,['C'],A,Vacuum adiabatic calorimetry,"origin: commercial source,99.95 % (total),,rod",99.95,Not Specified %,1957
1.878,0.00169448,5.08343e-05,None kPa,N/A,9768,['C'],A,Vacuum adiabatic calorimetry,"origin: commercial source,99.95 % (total),,rod",99.95,Not Specified %,1957
1.93,0.00178506,5.35519e-05,None kPa,N/A,9768,['C'],A,Vacuum adiabatic calorimetry,"origin: commercial source,99.95 % (total),,rod",99.95,Not Specified %,1957
1.974,0.00185753,5.57259e-05,None kPa,N/A,9768,['C'],A,Vacuum adiabatic calorimetry,"origin: commercial source,99.95 % (total),,rod",99.95,Not Specified %,1957
2.034,0.00187343,5.62028e-05,None kPa,N/A,9768,['C'],A,Vacuum adiabatic calorimetry,"origin: commercial source,99.95 % (total),,rod",99.95,Not Specified %,1957
2.042,0.00193778,5.81333e-05,None kPa,N/A,9768,['C'],A,Vacuum adiabatic calorimetry,"origin: commercial source,99.95 % (total),,rod",99.95,Not Specified %,1957
2.087,0.00197736,5.93208e-05,None kPa,N/A,9768,['C'],A,Vacuum adiabatic calorimetry,"origin: commercial source,99.95 % (total),,rod",99.95,Not Specified %,1957
2.113,0.002063,6.18901e-05,None kPa,N/A,9768,['C'],A,Vacuum adiabatic calorimetry,"origin: commercial source,99.95 % (total),,rod",99.95,Not Specified %,1957
2.145,0.00204288,6.12864e-05,None kPa,N/A,9768,['C'],A,Vacuum adiabatic calorimetry,"origin: commercial source,99.95 % (total),,rod",99.95,Not Specified %,1957
2.205,0.00213484,6.40453e-05,None kPa,N/A,9768,['C'],A,Vacuum adiabatic calorimetry,"origin: commercial source,99.95 % (total),,rod",99.95,Not Specified %,1957
2.226,0.0021776,6.53281e-05,None kPa,N/A,9768,['C'],A,Vacuum adiabatic calorimetry,"origin: commercial source,99.95 % (total),,rod",99.95,Not Specified %,1957
2.241,0.00227024,6.81072e-05,None kPa,N/A,9768,['C'],A,Vacuum adiabatic calorimetry,"origin: commercial source,99.95 % (total),,rod",99.95,Not Specified %,1957
2.275,0.00220413,6.61239e-05,None kPa,N/A,9768,['C'],A,Vacuum adiabatic calorimetry,"origin: commercial source,99.95 % (total),,rod",99.95,Not Specified %,1957
2.291,0.00235559,7.06678e-05,None kPa,N/A,9768,['C'],A,Vacuum adiabatic calorimetry,"origin: commercial source,99.95 % (total),,rod",99.95,Not Specified %,1957
2.331,0.00229551,6.88653e-05,None kPa,N/A,9768,['C'],A,Vacuum adiabatic calorimetry,"origin: commercial source,99.95 % (total),,rod",99.95,Not Specified %,1957
2.339,0.00242521,7.27564e-05,None kPa,N/A,9768,['C'],A,Vacuum adiabatic calorimetry,"origin: commercial source,99.95 % (total),,rod",99.95,Not Specified %,1957
2.362,0.00233865,7.01594e-05,None kPa,N/A,9768,['C'],A,Vacuum adiabatic calorimetry,"origin: commercial source,99.95 % (total),,rod",99.95,Not Specified %,1957
2.428,0.00254747,7.64241e-05,None kPa,N/A,9768,['C'],A,Vacuum adiabatic calorimetry,"origin: commercial source,99.95 % (total),,rod",99.95,Not Specified %,1957
2.437,0.0024673,7.40191e-05,None kPa,N/A,9768,['C'],A,Vacuum adiabatic calorimetry,"origin: commercial source,99.95 % (total),,rod",99.95,Not Specified %,1957
2.461,0.00248789,7.46367e-05,None kPa,N/A,9768,['C'],A,Vacuum adiabatic calorimetry,"origin: commercial source,99.95 % (total),,rod",99.95,Not Specified %,1957
2.541,0.00260349,7.81048e-05,None kPa,N/A,9768,['C'],A,Vacuum adiabatic calorimetry,"origin: commercial source,99.95 % (total),,rod",99.95,Not Specified %,1957
2.545,0.00280638,8.41913e-05,None kPa,N/A,9768,['C'],A,Vacuum adiabatic calorimetry,"origin: commercial source,99.95 % (total),,rod",99.95,Not Specified %,1957
2.545,0.00271228,8.13683e-05,None kPa,N/A,9768,['C'],A,Vacuum adiabatic calorimetry,"origin: commercial source,99.95 % (total),,rod",99.95,Not Specified %,1957
2.626,0.00280412,8.41235e-05,None kPa,N/A,9768,['C'],A,Vacuum adiabatic calorimetry,"origin: commercial source,99.95 % (total),,rod",99.95,Not Specified %,1957
2.696,0.00300357,9.0107e-05,None kPa,N/A,9768,['C'],A,Vacuum adiabatic calorimetry,"origin: commercial source,99.95 % (total),,rod",99.95,Not Specified %,1957
2.731,0.00301926,9.05777e-05,None kPa,N/A,9768,['C'],A,Vacuum adiabatic calorimetry,"origin: commercial source,99.95 % (total),,rod",99.95,Not Specified %,1957
2.736,0.00307578,9.22735e-05,None kPa,N/A,9768,['C'],A,Vacuum adiabatic calorimetry,"origin: commercial source,99.95 % (total),,rod",99.95,Not Specified %,1957
2.829,0.00322787,9.68362e-05,None kPa,N/A,9768,['C'],A,Vacuum adiabatic calorimetry,"origin: commercial source,99.95 % (total),,rod",99.95,Not Specified %,1957
2.858,0.00322072,9.66215e-05,None kPa,N/A,9768,['C'],A,Vacuum adiabatic calorimetry,"origin: commercial source,99.95 % (total),,rod",99.95,Not Specified %,1957
2.927,0.00337883,0.000101365,None kPa,N/A,9768,['C'],A,Vacuum adiabatic calorimetry,"origin: commercial source,99.95 % (total),,rod",99.95,Not Specified %,1957
2.936,0.00347423,0.000104227,None kPa,N/A,9768,['C'],A,Vacuum adiabatic calorimetry,"origin: commercial source,99.95 % (total),,rod",99.95,Not Specified %,1957
3.038,0.00367,0.0001101,None kPa,N/A,9768,['C'],A,Vacuum adiabatic calorimetry,"origin: commercial source,99.95 % (total),,rod",99.95,Not Specified %,1957
3.113,0.00381447,0.000114434,None kPa,N/A,9768,['C'],A,Vacuum adiabatic calorimetry,"origin: commercial source,99.95 % (total),,rod",99.95,Not Specified %,1957
3.15,0.00388786,0.000116636,None kPa,N/A,9768,['C'],A,Vacuum adiabatic calorimetry,"origin: commercial source,99.95 % (total),,rod",99.95,Not Specified %,1957
3.226,0.00406137,0.000121841,None kPa,N/A,9768,['C'],A,Vacuum adiabatic calorimetry,"origin: commercial source,99.95 % (total),,rod",99.95,Not Specified %,1957
3.227,0.00411785,0.000123536,None kPa,N/A,9768,['C'],A,Vacuum adiabatic calorimetry,"origin: commercial source,99.95 % (total),,rod",99.95,Not Specified %,1957
3.321,0.00428358,0.000128507,None kPa,N/A,9768,['C'],A,Vacuum adiabatic calorimetry,"origin: commercial source,99.95 % (total),,rod",99.95,Not Specified %,1957
3.436,0.00460575,0.000138172,None kPa,N/A,9768,['C'],A,Vacuum adiabatic calorimetry,"origin: commercial source,99.95 % (total),,rod",99.95,Not Specified %,1957
3.529,0.00481411,0.000144423,None kPa,N/A,9768,['C'],A,Vacuum adiabatic calorimetry,"origin: commercial source,99.95 % (total),,rod",99.95,Not Specified %,1957
3.617,0.00516933,0.00015508,None kPa,N/A,9768,['C'],A,Vacuum adiabatic calorimetry,"origin: commercial source,99.95 % (total),,rod",99.95,Not Specified %,1957
3.715,0.00548773,0.000164632,None kPa,N/A,9768,['C'],A,Vacuum adiabatic calorimetry,"origin: commercial source,99.95 % (total),,rod",99.95,Not Specified %,1957
3.818,0.005712,0.00017136,None kPa,N/A,9768,['C'],A,Vacuum adiabatic calorimetry,"origin: commercial source,99.95 % (total),,rod",99.95,Not Specified %,1957
3.832,0.00584379,0.000175314,None kPa,N/A,9768,['C'],A,Vacuum adiabatic calorimetry,"origin: commercial source,99.95 % (total),,rod",99.95,Not Specified %,1957
3.929,0.00606847,0.000182054,None kPa,N/A,9768,['C'],A,Vacuum adiabatic calorimetry,"origin: commercial source,99.95 % (total),,rod",99.95,Not Specified %,1957
3.931,0.00603375,0.000181012,None kPa,N/A,9768,['C'],A,Vacuum adiabatic calorimetry,"origin: commercial source,99.95 % (total),,rod",99.95,Not Specified %,1957
4.033,0.00630905,0.000189272,None kPa,N/A,9768,['C'],A,Vacuum adiabatic calorimetry,"origin: commercial source,99.95 % (total),,rod",99.95,Not Specified %,1957
4.038,0.00647474,0.000194242,None kPa,N/A,9768,['C'],A,Vacuum adiabatic calorimetry,"origin: commercial source,99.95 % (total),,rod",99.95,Not Specified %,1957
4.049,0.006417,0.00019251,None kPa,N/A,9768,['C'],A,Vacuum adiabatic calorimetry,"origin: commercial source,99.95 % (total),,rod",99.95,Not Specified %,1957
4.131,0.00665716,0.000199715,None kPa,N/A,9768,['C'],A,Vacuum adiabatic calorimetry,"origin: commercial source,99.95 % (total),,rod",99.95,Not Specified %,1957
0.96,0.000704,2.112e-05,None kPa,N/A,10377,['C'],A,Vacuum adiabatic calorimetry,"not stated,99.999 %",99.999,Not Specified %,1958
1.11,0.00083,2.49e-05,None kPa,N/A,10377,['C'],A,Vacuum adiabatic calorimetry,"not stated,99.999 %",99.999,Not Specified %,1958
1.18,0.000895,2.685e-05,None kPa,N/A,10377,['C'],A,Vacuum adiabatic calorimetry,"not stated,99.999 %",99.999,Not Specified %,1958
1.4,0.001096,3.288e-05,None kPa,N/A,10377,['C'],A,Vacuum adiabatic calorimetry,"not stated,99.999 %",99.999,Not Specified %,1958
1.55,0.001253,3.759e-05,None kPa,N/A,10377,['C'],A,Vacuum adiabatic calorimetry,"not stated,99.999 %",99.999,Not Specified %,1958
1.72,0.001437,4.311e-05,None kPa,N/A,10377,['C'],A,Vacuum adiabatic calorimetry,"not stated,99.999 %",99.999,Not Specified %,1958
1.91,0.001655,4.965e-05,None kPa,N/A,10377,['C'],A,Vacuum adiabatic calorimetry,"not stated,99.999 %",99.999,Not Specified %,1958
2.11,0.001906,5.718e-05,None kPa,N/A,10377,['C'],A,Vacuum adiabatic calorimetry,"not stated,99.999 %",99.999,Not Specified %,1958
2.16,0.001985,5.955e-05,None kPa,N/A,10377,['C'],A,Vacuum adiabatic calorimetry,"not stated,99.999 %",99.999,Not Specified %,1958
2.32,0.002214,6.642e-05,None kPa,N/A,10377,['C'],A,Vacuum adiabatic calorimetry,"not stated,99.999 %",99.999,Not Specified %,1958
2.38,0.0023,6.9e-05,None kPa,N/A,10377,['C'],A,Vacuum adiabatic calorimetry,"not stated,99.999 %",99.999,Not Specified %,1958
2.6,0.002655,7.965e-05,None kPa,N/A,10377,['C'],A,Vacuum adiabatic calorimetry,"not stated,99.999 %",99.999,Not Specified %,1958
2.66,0.002752,8.256e-05,None kPa,N/A,10377,['C'],A,Vacuum adiabatic calorimetry,"not stated,99.999 %",99.999,Not Specified %,1958
2.91,0.003197,9.591e-05,None kPa,N/A,10377,['C'],A,Vacuum adiabatic calorimetry,"not stated,99.999 %",99.999,Not Specified %,1958
2.97,0.003323,9.969e-05,None kPa,N/A,10377,['C'],A,Vacuum adiabatic calorimetry,"not stated,99.999 %",99.999,Not Specified %,1958
3.31,0.004042,0.00012126,None kPa,N/A,10377,['C'],A,Vacuum adiabatic calorimetry,"not stated,99.999 %",99.999,Not Specified %,1958
3.35,0.004142,0.00012426,None kPa,N/A,10377,['C'],A,Vacuum adiabatic calorimetry,"not stated,99.999 %",99.999,Not Specified %,1958
3.58,0.004689,0.00014067,None kPa,N/A,10377,['C'],A,Vacuum adiabatic calorimetry,"not stated,99.999 %",99.999,Not Specified %,1958
3.66,0.004918,0.00014754,None kPa,N/A,10377,['C'],A,Vacuum adiabatic calorimetry,"not stated,99.999 %",99.999,Not Specified %,1958
3.77,0.005208,0.00015624,None kPa,N/A,10377,['C'],A,Vacuum adiabatic calorimetry,"not stated,99.999 %",99.999,Not Specified %,1958
4.01,0.005898,0.00017694,None kPa,N/A,10377,['C'],A,Vacuum adiabatic calorimetry,"not stated,99.999 %",99.999,Not Specified %,1958
4.17,0.006408,0.00019224,None kPa,N/A,10377,['C'],A,Vacuum adiabatic calorimetry,"not stated,99.999 %",99.999,Not Specified %,1958
0.25,0.000172,5.16e-06,None kPa,N/A,10377,['C'],A,Vacuum adiabatic calorimetry,"not stated,99.999 %",99.999,Not Specified %,1958
0.29,0.000201,6.03e-06,None kPa,N/A,10377,['C'],A,Vacuum adiabatic calorimetry,"not stated,99.999 %",99.999,Not Specified %,1958
0.32,0.000226,6.78e-06,None kPa,N/A,10377,['C'],A,Vacuum adiabatic calorimetry,"not stated,99.999 %",99.999,Not Specified %,1958
0.36,0.00025,7.5e-06,None kPa,N/A,10377,['C'],A,Vacuum adiabatic calorimetry,"not stated,99.999 %",99.999,Not Specified %,1958
0.39,0.000274,8.22e-06,None kPa,N/A,10377,['C'],A,Vacuum adiabatic calorimetry,"not stated,99.999 %",99.999,Not Specified %,1958
0.41,0.000285,8.55e-06,None kPa,N/A,10377,['C'],A,Vacuum adiabatic calorimetry,"not stated,99.999 %",99.999,Not Specified %,1958
0.44,0.000307,9.21e-06,None kPa,N/A,10377,['C'],A,Vacuum adiabatic calorimetry,"not stated,99.999 %",99.999,Not Specified %,1958
0.49,0.000343,1.029e-05,None kPa,N/A,10377,['C'],A,Vacuum adiabatic calorimetry,"not stated,99.999 %",99.999,Not Specified %,1958
0.52,0.000362,1.086e-05,None kPa,N/A,10377,['C'],A,Vacuum adiabatic calorimetry,"not stated,99.999 %",99.999,Not Specified %,1958
0.56,0.000392,1.176e-05,None kPa,N/A,10377,['C'],A,Vacuum adiabatic calorimetry,"not stated,99.999 %",99.999,Not Specified %,1958
0.6,0.000422,1.266e-05,None kPa,N/A,10377,['C'],A,Vacuum adiabatic calorimetry,"not stated,99.999 %",99.999,Not Specified %,1958
0.64,0.000454,1.362e-05,None kPa,N/A,10377,['C'],A,Vacuum adiabatic calorimetry,"not stated,99.999 %",99.999,Not Specified %,1958
0.67,0.000477,1.431e-05,None kPa,N/A,10377,['C'],A,Vacuum adiabatic calorimetry,"not stated,99.999 %",99.999,Not Specified %,1958
0.73,0.000521,1.563e-05,None kPa,N/A,10377,['C'],A,Vacuum adiabatic calorimetry,"not stated,99.999 %",99.999,Not Specified %,1958
0.8,0.000581,1.743e-05,None kPa,N/A,10377,['C'],A,Vacuum adiabatic calorimetry,"not stated,99.999 %",99.999,Not Specified %,1958
0.9,0.000659,1.977e-05,None kPa,N/A,10377,['C'],A,Vacuum adiabatic calorimetry,"not stated,99.999 %",99.999,Not Specified %,1958
0.92,0.000676,2.028e-05,None kPa,N/A,10377,['C'],A,Vacuum adiabatic calorimetry,"not stated,99.999 %",99.999,Not Specified %,1958
1.0,0.000737,2.211e-05,None kPa,N/A,10377,['C'],A,Vacuum adiabatic calorimetry,"not stated,99.999 %",99.999,Not Specified %,1958
0.408,0.000354,2.478e-05,1.33322e-11 kPa,N/A,10703,['C'],A,Low temperature calorimetry set up,not stated,,,1959
0.406,0.000301,2.107e-05,None kPa,N/A,10703,['C'],A,Low temperature calorimetry set up,not stated,,,1959
0.376,0.000296,2.072e-05,None kPa,N/A,10703,['C'],A,Low temperature calorimetry set up,not stated,,,1959
0.362,0.000285,1.995e-05,None kPa,N/A,10703,['C'],A,Low temperature calorimetry set up,not stated,,,1959
0.366,0.000276,1.932e-05,None kPa,N/A,10703,['C'],A,Low temperature calorimetry set up,not stated,,,1959
0.37,0.000308,2.156e-05,None kPa,N/A,10703,['C'],A,Low temperature calorimetry set up,not stated,,,1959
0.377,0.000316,2.212e-05,None kPa,N/A,10703,['C'],A,Low temperature calorimetry set up,not stated,,,1959
0.377,0.00031,2.17e-05,None kPa,N/A,10703,['C'],A,Low temperature calorimetry set up,not stated,,,1959
0.393,0.000348,2.436e-05,None kPa,N/A,10703,['C'],A,Low temperature calorimetry set up,not stated,,,1959
0.509,0.00036,2.52e-05,None kPa,N/A,10703,['C'],A,Low temperature calorimetry set up,not stated,,,1959
0.529,0.000463,3.241e-05,None kPa,N/A,10703,['C'],A,Low temperature calorimetry set up,not stated,,,1959
0.548,0.000445,3.115e-05,None kPa,N/A,10703,['C'],A,Low temperature calorimetry set up,not stated,,,1959
0.544,0.000431,3.017e-05,None kPa,N/A,10703,['C'],A,Low temperature calorimetry set up,not stated,,,1959
21.0,0.552288,0.00127026,None kPa,N/A,11406,['C'],A,Low temperature calorimetry set up,"origin: commercial source,99.98 % (total),spectroscopy",99.98,Not Specified %,1960
25.0,0.96232,0.00336812,None kPa,N/A,11406,['C'],A,Low temperature calorimetry set up,"origin: commercial source,99.98 % (total),spectroscopy",99.98,Not Specified %,1960
30.0,1.6987,0.00849352,None kPa,N/A,11406,['C'],A,Low temperature calorimetry set up,"origin: commercial source,99.98 % (total),spectroscopy",99.98,Not Specified %,1960
35.0,2.66521,0.0173239,None kPa,N/A,11406,['C'],A,Low temperature calorimetry set up,"origin: commercial source,99.98 % (total),spectroscopy",99.98,Not Specified %,1960
40.0,3.74886,0.0299909,None kPa,N/A,11406,['C'],A,Low temperature calorimetry set up,"origin: commercial source,99.98 % (total),spectroscopy",99.98,Not Specified %,1960
45.0,4.92875,0.0468231,None kPa,N/A,11406,['C'],A,Low temperature calorimetry set up,"origin: commercial source,99.98 % (total),spectroscopy",99.98,Not Specified %,1960
50.0,6.15048,0.0676553,None kPa,N/A,11406,['C'],A,Low temperature calorimetry set up,"origin: commercial source,99.98 % (total),spectroscopy",99.98,Not Specified %,1960
55.0,7.4015,0.0925187,None kPa,N/A,11406,['C'],A,Low temperature calorimetry set up,"origin: commercial source,99.98 % (total),spectroscopy",99.98,Not Specified %,1960
60.0,8.6023,0.120432,None kPa,N/A,11406,['C'],A,Low temperature calorimetry set up,"origin: commercial source,99.98 % (total),spectroscopy",99.98,Not Specified %,1960
65.0,9.74872,0.151105,None kPa,N/A,11406,['C'],A,Low temperature calorimetry set up,"origin: commercial source,99.98 % (total),spectroscopy",99.98,Not Specified %,1960
70.0,10.8449,0.184364,None kPa,N/A,11406,['C'],A,Low temperature calorimetry set up,"origin: commercial source,99.98 % (total),spectroscopy",99.98,Not Specified %,1960
75.0,11.8867,0.219905,None kPa,N/A,11406,['C'],A,Low temperature calorimetry set up,"origin: commercial source,99.98 % (total),spectroscopy",99.98,Not Specified %,1960
80.0,12.8616,0.257232,None kPa,N/A,11406,['C'],A,Low temperature calorimetry set up,"origin: commercial source,99.98 % (total),spectroscopy",99.98,Not Specified %,1960
85.0,13.7612,0.275224,None kPa,N/A,11406,['C'],A,Low temperature calorimetry set up,"origin: commercial source,99.98 % (total),spectroscopy",99.98,Not Specified %,1960
90.0,14.5645,0.29129,None kPa,N/A,11406,['C'],A,Low temperature calorimetry set up,"origin: commercial source,99.98 % (total),spectroscopy",99.98,Not Specified %,1960
95.0,15.3009,0.306018,None kPa,N/A,11406,['C'],A,Low temperature calorimetry set up,"origin: commercial source,99.98 % (total),spectroscopy",99.98,Not Specified %,1960
100.0,15.9452,0.318904,None kPa,N/A,11406,['C'],A,Low temperature calorimetry set up,"origin: commercial source,99.98 % (total),spectroscopy",99.98,Not Specified %,1960
110.0,17.1879,0.343757,None kPa,N/A,11406,['C'],A,Low temperature calorimetry set up,"origin: commercial source,99.98 % (total),spectroscopy",99.98,Not Specified %,1960
120.0,18.2004,0.364008,None kPa,N/A,11406,['C'],A,Low temperature calorimetry set up,"origin: commercial source,99.98 % (total),spectroscopy",99.98,Not Specified %,1960
130.0,19.0916,0.381832,None kPa,N/A,11406,['C'],A,Low temperature calorimetry set up,"origin: commercial source,99.98 % (total),spectroscopy",99.98,Not Specified %,1960
140.0,19.8656,0.397313,None kPa,N/A,11406,['C'],A,Low temperature calorimetry set up,"origin: commercial source,99.98 % (total),spectroscopy",99.98,Not Specified %,1960
150.0,20.4974,0.409948,None kPa,N/A,11406,['C'],A,Low temperature calorimetry set up,"origin: commercial source,99.98 % (total),spectroscopy",99.98,Not Specified %,1960
160.0,21.0455,0.42091,None kPa,N/A,11406,['C'],A,Low temperature calorimetry set up,"origin: commercial source,99.98 % (total),spectroscopy",99.98,Not Specified %,1960
170.0,21.5183,0.430366,None kPa,N/A,11406,['C'],A,Low temperature calorimetry set up,"origin: commercial source,99.98 % (total),spectroscopy",99.98,Not Specified %,1960
180.0,21.9367,0.438734,None kPa,N/A,11406,['C'],A,Low temperature calorimetry set up,"origin: commercial source,99.98 % (total),spectroscopy",99.98,Not Specified %,1960
190.0,22.2798,0.445596,None kPa,N/A,11406,['C'],A,Low temperature calorimetry set up,"origin: commercial source,99.98 % (total),spectroscopy",99.98,Not Specified %,1960
200.0,22.5978,0.451956,None kPa,N/A,11406,['C'],A,Low temperature calorimetry set up,"origin: commercial source,99.98 % (total),spectroscopy",99.98,Not Specified %,1960
210.0,22.8948,0.457897,None kPa,N/A,11406,['C'],A,Low temperature calorimetry set up,"origin: commercial source,99.98 % (total),spectroscopy",99.98,Not Specified %,1960
220.0,23.1584,0.463169,None kPa,N/A,11406,['C'],A,Low temperature calorimetry set up,"origin: commercial source,99.98 % (total),spectroscopy",99.98,Not Specified %,1960
230.0,23.3969,0.467939,None kPa,N/A,11406,['C'],A,Low temperature calorimetry set up,"origin: commercial source,99.98 % (total),spectroscopy",99.98,Not Specified %,1960
240.0,23.6187,0.472374,None kPa,N/A,11406,['C'],A,Low temperature calorimetry set up,"origin: commercial source,99.98 % (total),spectroscopy",99.98,Not Specified %,1960
250.0,23.7944,0.475888,None kPa,N/A,11406,['C'],A,Low temperature calorimetry set up,"origin: commercial source,99.98 % (total),spectroscopy",99.98,Not Specified %,1960
260.0,23.9492,0.478984,None kPa,N/A,11406,['C'],A,Low temperature calorimetry set up,"origin: commercial source,99.98 % (total),spectroscopy",99.98,Not Specified %,1960
270.0,24.1166,0.482332,None kPa,N/A,11406,['C'],A,Low temperature calorimetry set up,"origin: commercial source,99.98 % (total),spectroscopy",99.98,Not Specified %,1960
273.0,24.1668,0.483336,None kPa,N/A,11406,['C'],A,Low temperature calorimetry set up,"origin: commercial source,99.98 % (total),spectroscopy",99.98,Not Specified %,1960
280.0,24.2588,0.485177,None kPa,N/A,11406,['C'],A,Low temperature calorimetry set up,"origin: commercial source,99.98 % (total),spectroscopy",99.98,Not Specified %,1960
290.0,24.3844,0.487687,None kPa,N/A,11406,['C'],A,Low temperature calorimetry set up,"origin: commercial source,99.98 % (total),spectroscopy",99.98,Not Specified %,1960
298.15,24.4764,0.489528,None kPa,N/A,11406,['C'],A,Low temperature calorimetry set up,"origin: commercial source,99.98 % (total),spectroscopy",99.98,Not Specified %,1960
300.0,24.4973,0.489946,None kPa,N/A,11406,['C'],A,Low temperature calorimetry set up,"origin: commercial source,99.98 % (total),spectroscopy",99.98,Not Specified %,1960
21.0,0.552288,0.00127026,None kPa,N/A,11406,['C'],A,Low temperature calorimetry set up,"origin: commercial source,99.98 % (total),spectroscopy",99.98,Not Specified %,1960
25.0,0.966504,0.00338276,None kPa,N/A,11406,['C'],A,Low temperature calorimetry set up,"origin: commercial source,99.98 % (total),spectroscopy",99.98,Not Specified %,1960
30.0,1.70289,0.00851444,None kPa,N/A,11406,['C'],A,Low temperature calorimetry set up,"origin: commercial source,99.98 % (total),spectroscopy",99.98,Not Specified %,1960
35.0,2.66102,0.0172967,None kPa,N/A,11406,['C'],A,Low temperature calorimetry set up,"origin: commercial source,99.98 % (total),spectroscopy",99.98,Not Specified %,1960
40.0,3.75305,0.0300244,None kPa,N/A,11406,['C'],A,Low temperature calorimetry set up,"origin: commercial source,99.98 % (total),spectroscopy",99.98,Not Specified %,1960
45.0,4.94549,0.0469821,None kPa,N/A,11406,['C'],A,Low temperature calorimetry set up,"origin: commercial source,99.98 % (total),spectroscopy",99.98,Not Specified %,1960
50.0,6.15466,0.0677013,None kPa,N/A,11406,['C'],A,Low temperature calorimetry set up,"origin: commercial source,99.98 % (total),spectroscopy",99.98,Not Specified %,1960
55.0,7.4015,0.0925187,None kPa,N/A,11406,['C'],A,Low temperature calorimetry set up,"origin: commercial source,99.98 % (total),spectroscopy",99.98,Not Specified %,1960
60.0,8.62322,0.120725,None kPa,N/A,11406,['C'],A,Low temperature calorimetry set up,"origin: commercial source,99.98 % (total),spectroscopy",99.98,Not Specified %,1960
65.0,9.79893,0.151883,None kPa,N/A,11406,['C'],A,Low temperature calorimetry set up,"origin: commercial source,99.98 % (total),spectroscopy",99.98,Not Specified %,1960
70.0,10.87,0.184791,None kPa,N/A,11406,['C'],A,Low temperature calorimetry set up,"origin: commercial source,99.98 % (total),spectroscopy",99.98,Not Specified %,1960
75.0,11.8575,0.219363,None kPa,N/A,11406,['C'],A,Low temperature calorimetry set up,"origin: commercial source,99.98 % (total),spectroscopy",99.98,Not Specified %,1960
80.0,12.8491,0.256981,None kPa,N/A,11406,['C'],A,Low temperature calorimetry set up,"origin: commercial source,99.98 % (total),spectroscopy",99.98,Not Specified %,1960
85.0,13.7528,0.275056,None kPa,N/A,11406,['C'],A,Low temperature calorimetry set up,"origin: commercial source,99.98 % (total),spectroscopy",99.98,Not Specified %,1960
90.0,14.5938,0.291876,None kPa,N/A,11406,['C'],A,Low temperature calorimetry set up,"origin: commercial source,99.98 % (total),spectroscopy",99.98,Not Specified %,1960
95.0,15.3218,0.306436,None kPa,N/A,11406,['C'],A,Low temperature calorimetry set up,"origin: commercial source,99.98 % (total),spectroscopy",99.98,Not Specified %,1960
100.0,15.9871,0.319741,None kPa,N/A,11406,['C'],A,Low temperature calorimetry set up,"origin: commercial source,99.98 % (total),spectroscopy",99.98,Not Specified %,1960
110.0,17.2004,0.344008,None kPa,N/A,11406,['C'],A,Low temperature calorimetry set up,"origin: commercial source,99.98 % (total),spectroscopy",99.98,Not Specified %,1960
120.0,18.2339,0.364677,None kPa,N/A,11406,['C'],A,Low temperature calorimetry set up,"origin: commercial source,99.98 % (total),spectroscopy",99.98,Not Specified %,1960
130.0,19.1292,0.382585,None kPa,N/A,11406,['C'],A,Low temperature calorimetry set up,"origin: commercial source,99.98 % (total),spectroscopy",99.98,Not Specified %,1960
140.0,19.8698,0.397396,None kPa,N/A,11406,['C'],A,Low temperature calorimetry set up,"origin: commercial source,99.98 % (total),spectroscopy",99.98,Not Specified %,1960
150.0,20.51,0.410199,None kPa,N/A,11406,['C'],A,Low temperature calorimetry set up,"origin: commercial source,99.98 % (total),spectroscopy",99.98,Not Specified %,1960
160.0,21.0664,0.421329,None kPa,N/A,11406,['C'],A,Low temperature calorimetry set up,"origin: commercial source,99.98 % (total),spectroscopy",99.98,Not Specified %,1960
170.0,21.535,0.430701,None kPa,N/A,11406,['C'],A,Low temperature calorimetry set up,"origin: commercial source,99.98 % (total),spectroscopy",99.98,Not Specified %,1960
180.0,21.9451,0.438902,None kPa,N/A,11406,['C'],A,Low temperature calorimetry set up,"origin: commercial source,99.98 % (total),spectroscopy",99.98,Not Specified %,1960
190.0,22.2924,0.445847,None kPa,N/A,11406,['C'],A,Low temperature calorimetry set up,"origin: commercial source,99.98 % (total),spectroscopy",99.98,Not Specified %,1960
200.0,22.6103,0.452207,None kPa,N/A,11406,['C'],A,Low temperature calorimetry set up,"origin: commercial source,99.98 % (total),spectroscopy",99.98,Not Specified %,1960
210.0,22.8907,0.457813,None kPa,N/A,11406,['C'],A,Low temperature calorimetry set up,"origin: commercial source,99.98 % (total),spectroscopy",99.98,Not Specified %,1960
220.0,23.1417,0.462834,None kPa,N/A,11406,['C'],A,Low temperature calorimetry set up,"origin: commercial source,99.98 % (total),spectroscopy",99.98,Not Specified %,1960
230.0,23.3718,0.467436,None kPa,N/A,11406,['C'],A,Low temperature calorimetry set up,"origin: commercial source,99.98 % (total),spectroscopy",99.98,Not Specified %,1960
240.0,23.5643,0.471286,None kPa,N/A,11406,['C'],A,Low temperature calorimetry set up,"origin: commercial source,99.98 % (total),spectroscopy",99.98,Not Specified %,1960
250.0,23.7693,0.475386,None kPa,N/A,11406,['C'],A,Low temperature calorimetry set up,"origin: commercial source,99.98 % (total),spectroscopy",99.98,Not Specified %,1960
260.0,23.966,0.479319,None kPa,N/A,11406,['C'],A,Low temperature calorimetry set up,"origin: commercial source,99.98 % (total),spectroscopy",99.98,Not Specified %,1960
270.0,24.15,0.483001,None kPa,N/A,11406,['C'],A,Low temperature calorimetry set up,"origin: commercial source,99.98 % (total),spectroscopy",99.98,Not Specified %,1960
273.0,24.2003,0.484005,None kPa,N/A,11406,['C'],A,Low temperature calorimetry set up,"origin: commercial source,99.98 % (total),spectroscopy",99.98,Not Specified %,1960
280.0,24.3132,0.486264,None kPa,N/A,11406,['C'],A,Low temperature calorimetry set up,"origin: commercial source,99.98 % (total),spectroscopy",99.98,Not Specified %,1960
22.0,0.640152,0.0016644,None kPa,N/A,11406,['C'],A,Low temperature calorimetry set up,"origin: commercial source,99.98 % (total),spectroscopy",99.98,Not Specified %,1960
25.0,0.966504,0.00338276,None kPa,N/A,11406,['C'],A,Low temperature calorimetry set up,"origin: commercial source,99.98 % (total),spectroscopy",99.98,Not Specified %,1960
30.0,1.70707,0.00853536,None kPa,N/A,11406,['C'],A,Low temperature calorimetry set up,"origin: commercial source,99.98 % (total),spectroscopy",99.98,Not Specified %,1960
35.0,2.66521,0.0173239,None kPa,N/A,11406,['C'],A,Low temperature calorimetry set up,"origin: commercial source,99.98 % (total),spectroscopy",99.98,Not Specified %,1960
40.0,3.76978,0.0301583,None kPa,N/A,11406,['C'],A,Low temperature calorimetry set up,"origin: commercial source,99.98 % (total),spectroscopy",99.98,Not Specified %,1960
45.0,4.95804,0.0471014,None kPa,N/A,11406,['C'],A,Low temperature calorimetry set up,"origin: commercial source,99.98 % (total),spectroscopy",99.98,Not Specified %,1960
50.0,6.17977,0.0679775,None kPa,N/A,11406,['C'],A,Low temperature calorimetry set up,"origin: commercial source,99.98 % (total),spectroscopy",99.98,Not Specified %,1960
55.0,7.42242,0.0927802,None kPa,N/A,11406,['C'],A,Low temperature calorimetry set up,"origin: commercial source,99.98 % (total),spectroscopy",99.98,Not Specified %,1960
60.0,8.63578,0.120901,None kPa,N/A,11406,['C'],A,Low temperature calorimetry set up,"origin: commercial source,99.98 % (total),spectroscopy",99.98,Not Specified %,1960
65.0,9.79474,0.151819,None kPa,N/A,11406,['C'],A,Low temperature calorimetry set up,"origin: commercial source,99.98 % (total),spectroscopy",99.98,Not Specified %,1960
70.0,10.8826,0.185004,None kPa,N/A,11406,['C'],A,Low temperature calorimetry set up,"origin: commercial source,99.98 % (total),spectroscopy",99.98,Not Specified %,1960
75.0,11.916,0.220447,None kPa,N/A,11406,['C'],A,Low temperature calorimetry set up,"origin: commercial source,99.98 % (total),spectroscopy",99.98,Not Specified %,1960
80.0,12.9244,0.258488,None kPa,N/A,11406,['C'],A,Low temperature calorimetry set up,"origin: commercial source,99.98 % (total),spectroscopy",99.98,Not Specified %,1960
85.0,13.8114,0.276228,None kPa,N/A,11406,['C'],A,Low temperature calorimetry set up,"origin: commercial source,99.98 % (total),spectroscopy",99.98,Not Specified %,1960
90.0,14.6273,0.292545,None kPa,N/A,11406,['C'],A,Low temperature calorimetry set up,"origin: commercial source,99.98 % (total),spectroscopy",99.98,Not Specified %,1960
95.0,15.3888,0.307775,None kPa,N/A,11406,['C'],A,Low temperature calorimetry set up,"origin: commercial source,99.98 % (total),spectroscopy",99.98,Not Specified %,1960
100.0,16.0582,0.321164,None kPa,N/A,11406,['C'],A,Low temperature calorimetry set up,"origin: commercial source,99.98 % (total),spectroscopy",99.98,Not Specified %,1960
110.0,17.2297,0.344594,None kPa,N/A,11406,['C'],A,Low temperature calorimetry set up,"origin: commercial source,99.98 % (total),spectroscopy",99.98,Not Specified %,1960
120.0,18.2715,0.365431,None kPa,N/A,11406,['C'],A,Low temperature calorimetry set up,"origin: commercial source,99.98 % (total),spectroscopy",99.98,Not Specified %,1960
130.0,19.1585,0.383171,None kPa,N/A,11406,['C'],A,Low temperature calorimetry set up,"origin: commercial source,99.98 % (total),spectroscopy",99.98,Not Specified %,1960
140.0,19.9284,0.398568,None kPa,N/A,11406,['C'],A,Low temperature calorimetry set up,"origin: commercial source,99.98 % (total),spectroscopy",99.98,Not Specified %,1960
150.0,20.5393,0.410785,None kPa,N/A,11406,['C'],A,Low temperature calorimetry set up,"origin: commercial source,99.98 % (total),spectroscopy",99.98,Not Specified %,1960
160.0,21.0957,0.421915,None kPa,N/A,11406,['C'],A,Low temperature calorimetry set up,"origin: commercial source,99.98 % (total),spectroscopy",99.98,Not Specified %,1960
170.0,21.5727,0.431454,None kPa,N/A,11406,['C'],A,Low temperature calorimetry set up,"origin: commercial source,99.98 % (total),spectroscopy",99.98,Not Specified %,1960
180.0,21.9911,0.439822,None kPa,N/A,11406,['C'],A,Low temperature calorimetry set up,"origin: commercial source,99.98 % (total),spectroscopy",99.98,Not Specified %,1960
190.0,22.3718,0.447437,None kPa,N/A,11406,['C'],A,Low temperature calorimetry set up,"origin: commercial source,99.98 % (total),spectroscopy",99.98,Not Specified %,1960
200.0,22.6773,0.453546,None kPa,N/A,11406,['C'],A,Low temperature calorimetry set up,"origin: commercial source,99.98 % (total),spectroscopy",99.98,Not Specified %,1960
210.0,22.9576,0.459152,None kPa,N/A,11406,['C'],A,Low temperature calorimetry set up,"origin: commercial source,99.98 % (total),spectroscopy",99.98,Not Specified %,1960
220.0,23.1877,0.463755,None kPa,N/A,11406,['C'],A,Low temperature calorimetry set up,"origin: commercial source,99.98 % (total),spectroscopy",99.98,Not Specified %,1960
230.0,23.4011,0.468022,None kPa,N/A,11406,['C'],A,Low temperature calorimetry set up,"origin: commercial source,99.98 % (total),spectroscopy",99.98,Not Specified %,1960
240.0,23.6103,0.472206,None kPa,N/A,11406,['C'],A,Low temperature calorimetry set up,"origin: commercial source,99.98 % (total),spectroscopy",99.98,Not Specified %,1960
250.0,23.807,0.476139,None kPa,N/A,11406,['C'],A,Low temperature calorimetry set up,"origin: commercial source,99.98 % (total),spectroscopy",99.98,Not Specified %,1960
260.0,24.0036,0.480072,None kPa,N/A,11406,['C'],A,Low temperature calorimetry set up,"origin: commercial source,99.98 % (total),spectroscopy",99.98,Not Specified %,1960
270.0,24.1752,0.483503,None kPa,N/A,11406,['C'],A,Low temperature calorimetry set up,"origin: commercial source,99.98 % (total),spectroscopy",99.98,Not Specified %,1960
273.0,24.2254,0.484507,None kPa,N/A,11406,['C'],A,Low temperature calorimetry set up,"origin: commercial source,99.98 % (total),spectroscopy",99.98,Not Specified %,1960
280.0,24.33,0.486599,None kPa,N/A,11406,['C'],A,Low temperature calorimetry set up,"origin: commercial source,99.98 % (total),spectroscopy",99.98,Not Specified %,1960
290.0,24.4513,0.489026,None kPa,N/A,11406,['C'],A,Low temperature calorimetry set up,"origin: commercial source,99.98 % (total),spectroscopy",99.98,Not Specified %,1960
21.0,0.548104,0.00126064,None kPa,N/A,11407,['C'],A,Low temperature calorimetry set up,"origin: commercial source,99.999 % (total),",99.999,Not Specified %,1960
25.0,0.958136,0.00335348,None kPa,N/A,11407,['C'],A,Low temperature calorimetry set up,"origin: commercial source,99.999 % (total),",99.999,Not Specified %,1960
30.0,1.69452,0.0084726,None kPa,N/A,11407,['C'],A,Low temperature calorimetry set up,"origin: commercial source,99.999 % (total),",99.999,Not Specified %,1960
35.0,2.66102,0.0172967,None kPa,N/A,11407,['C'],A,Low temperature calorimetry set up,"origin: commercial source,99.999 % (total),",99.999,Not Specified %,1960
40.0,3.74886,0.0299909,None kPa,N/A,11407,['C'],A,Low temperature calorimetry set up,"origin: commercial source,99.999 % (total),",99.999,Not Specified %,1960
45.0,4.93712,0.0469026,None kPa,N/A,11407,['C'],A,Low temperature calorimetry set up,"origin: commercial source,99.999 % (total),",99.999,Not Specified %,1960
50.0,6.15885,0.0677473,None kPa,N/A,11407,['C'],A,Low temperature calorimetry set up,"origin: commercial source,99.999 % (total),",99.999,Not Specified %,1960
55.0,7.40568,0.092571,None kPa,N/A,11407,['C'],A,Low temperature calorimetry set up,"origin: commercial source,99.999 % (total),",99.999,Not Specified %,1960
60.0,8.62322,0.120725,None kPa,N/A,11407,['C'],A,Low temperature calorimetry set up,"origin: commercial source,99.999 % (total),",99.999,Not Specified %,1960
65.0,9.77382,0.151494,None kPa,N/A,11407,['C'],A,Low temperature calorimetry set up,"origin: commercial source,99.999 % (total),",99.999,Not Specified %,1960
70.0,10.8658,0.184719,None kPa,N/A,11407,['C'],A,Low temperature calorimetry set up,"origin: commercial source,99.999 % (total),",99.999,Not Specified %,1960
75.0,11.9202,0.220524,None kPa,N/A,11407,['C'],A,Low temperature calorimetry set up,"origin: commercial source,99.999 % (total),",99.999,Not Specified %,1960
80.0,12.8909,0.257818,None kPa,N/A,11407,['C'],A,Low temperature calorimetry set up,"origin: commercial source,99.999 % (total),",99.999,Not Specified %,1960
85.0,13.7695,0.275391,None kPa,N/A,11407,['C'],A,Low temperature calorimetry set up,"origin: commercial source,99.999 % (total),",99.999,Not Specified %,1960
90.0,14.6356,0.292713,None kPa,N/A,11407,['C'],A,Low temperature calorimetry set up,"origin: commercial source,99.999 % (total),",99.999,Not Specified %,1960
95.0,15.3469,0.306938,None kPa,N/A,11407,['C'],A,Low temperature calorimetry set up,"origin: commercial source,99.999 % (total),",99.999,Not Specified %,1960
100.0,15.9996,0.319992,None kPa,N/A,11407,['C'],A,Low temperature calorimetry set up,"origin: commercial source,99.999 % (total),",99.999,Not Specified %,1960
110.0,17.1921,0.343841,None kPa,N/A,11407,['C'],A,Low temperature calorimetry set up,"origin: commercial source,99.999 % (total),",99.999,Not Specified %,1960
120.0,18.2339,0.364677,None kPa,N/A,11407,['C'],A,Low temperature calorimetry set up,"origin: commercial source,99.999 % (total),",99.999,Not Specified %,1960
130.0,19.1292,0.382585,None kPa,N/A,11407,['C'],A,Low temperature calorimetry set up,"origin: commercial source,99.999 % (total),",99.999,Not Specified %,1960
140.0,19.8489,0.396978,None kPa,N/A,11407,['C'],A,Low temperature calorimetry set up,"origin: commercial source,99.999 % (total),",99.999,Not Specified %,1960
150.0,20.4849,0.409697,None kPa,N/A,11407,['C'],A,Low temperature calorimetry set up,"origin: commercial source,99.999 % (total),",99.999,Not Specified %,1960
160.0,21.0497,0.420994,None kPa,N/A,11407,['C'],A,Low temperature calorimetry set up,"origin: commercial source,99.999 % (total),",99.999,Not Specified %,1960
170.0,21.5267,0.430534,None kPa,N/A,11407,['C'],A,Low temperature calorimetry set up,"origin: commercial source,99.999 % (total),",99.999,Not Specified %,1960
180.0,21.9325,0.438651,None kPa,N/A,11407,['C'],A,Low temperature calorimetry set up,"origin: commercial source,99.999 % (total),",99.999,Not Specified %,1960
190.0,22.3049,0.446098,None kPa,N/A,11407,['C'],A,Low temperature calorimetry set up,"origin: commercial source,99.999 % (total),",99.999,Not Specified %,1960
200.0,22.6313,0.452625,None kPa,N/A,11407,['C'],A,Low temperature calorimetry set up,"origin: commercial source,99.999 % (total),",99.999,Not Specified %,1960
210.0,22.9074,0.458148,None kPa,N/A,11407,['C'],A,Low temperature calorimetry set up,"origin: commercial source,99.999 % (total),",99.999,Not Specified %,1960
220.0,23.1543,0.463085,None kPa,N/A,11407,['C'],A,Low temperature calorimetry set up,"origin: commercial source,99.999 % (total),",99.999,Not Specified %,1960
230.0,23.376,0.46752,None kPa,N/A,11407,['C'],A,Low temperature calorimetry set up,"origin: commercial source,99.999 % (total),",99.999,Not Specified %,1960
240.0,23.581,0.47162,None kPa,N/A,11407,['C'],A,Low temperature calorimetry set up,"origin: commercial source,99.999 % (total),",99.999,Not Specified %,1960
250.0,23.786,0.475721,None kPa,N/A,11407,['C'],A,Low temperature calorimetry set up,"origin: commercial source,99.999 % (total),",99.999,Not Specified %,1960
260.0,23.9785,0.47957,None kPa,N/A,11407,['C'],A,Low temperature calorimetry set up,"origin: commercial source,99.999 % (total),",99.999,Not Specified %,1960
270.0,24.1542,0.483085,None kPa,N/A,11407,['C'],A,Low temperature calorimetry set up,"origin: commercial source,99.999 % (total),",99.999,Not Specified %,1960
273.0,24.2003,0.484005,None kPa,N/A,11407,['C'],A,Low temperature calorimetry set up,"origin: commercial source,99.999 % (total),",99.999,Not Specified %,1960
280.0,24.2965,0.48593,None kPa,N/A,11407,['C'],A,Low temperature calorimetry set up,"origin: commercial source,99.999 % (total),",99.999,Not Specified %,1960
290.0,24.4136,0.488273,None kPa,N/A,11407,['C'],A,Low temperature calorimetry set up,"origin: commercial source,99.999 % (total),",99.999,Not Specified %,1960
298.15,24.5099,0.490197,None kPa,N/A,11407,['C'],A,Low temperature calorimetry set up,"origin: commercial source,99.999 % (total),",99.999,Not Specified %,1960
300.0,24.5308,0.490616,None kPa,N/A,11407,['C'],A,Low temperature calorimetry set up,"origin: commercial source,99.999 % (total),",99.999,Not Specified %,1960
20.0,0.472792,0.000945584,None kPa,N/A,11408,['C'],A,Low temperature calorimetry set up,"origin: commercial source,99.999 % (total),",99.999,Not Specified %,1960
21.0,0.552288,0.00127026,None kPa,N/A,11408,['C'],A,Low temperature calorimetry set up,"origin: commercial source,99.999 % (total),",99.999,Not Specified %,1960
25.0,0.96232,0.00336812,None kPa,N/A,11408,['C'],A,Low temperature calorimetry set up,"origin: commercial source,99.999 % (total),",99.999,Not Specified %,1960
30.0,1.69034,0.00845168,None kPa,N/A,11408,['C'],A,Low temperature calorimetry set up,"origin: commercial source,99.999 % (total),",99.999,Not Specified %,1960
35.0,2.65266,0.0172423,None kPa,N/A,11408,['C'],A,Low temperature calorimetry set up,"origin: commercial source,99.999 % (total),",99.999,Not Specified %,1960
40.0,3.73631,0.0298905,None kPa,N/A,11408,['C'],A,Low temperature calorimetry set up,"origin: commercial source,99.999 % (total),",99.999,Not Specified %,1960
45.0,4.93294,0.0468629,None kPa,N/A,11408,['C'],A,Low temperature calorimetry set up,"origin: commercial source,99.999 % (total),",99.999,Not Specified %,1960
50.0,6.13793,0.0675172,None kPa,N/A,11408,['C'],A,Low temperature calorimetry set up,"origin: commercial source,99.999 % (total),",99.999,Not Specified %,1960
55.0,7.38058,0.0922572,None kPa,N/A,11408,['C'],A,Low temperature calorimetry set up,"origin: commercial source,99.999 % (total),",99.999,Not Specified %,1960
60.0,8.59812,0.120374,None kPa,N/A,11408,['C'],A,Low temperature calorimetry set up,"origin: commercial source,99.999 % (total),",99.999,Not Specified %,1960
65.0,9.76546,0.151365,None kPa,N/A,11408,['C'],A,Low temperature calorimetry set up,"origin: commercial source,99.999 % (total),",99.999,Not Specified %,1960
70.0,10.8324,0.18415,None kPa,N/A,11408,['C'],A,Low temperature calorimetry set up,"origin: commercial source,99.999 % (total),",99.999,Not Specified %,1960
75.0,11.8867,0.219905,None kPa,N/A,11408,['C'],A,Low temperature calorimetry set up,"origin: commercial source,99.999 % (total),",99.999,Not Specified %,1960
80.0,12.8616,0.257232,None kPa,N/A,11408,['C'],A,Low temperature calorimetry set up,"origin: commercial source,99.999 % (total),",99.999,Not Specified %,1960
85.0,13.7528,0.275056,None kPa,N/A,11408,['C'],A,Low temperature calorimetry set up,"origin: commercial source,99.999 % (total),",99.999,Not Specified %,1960
90.0,14.5938,0.291876,None kPa,N/A,11408,['C'],A,Low temperature calorimetry set up,"origin: commercial source,99.999 % (total),",99.999,Not Specified %,1960
95.0,15.3344,0.306687,None kPa,N/A,11408,['C'],A,Low temperature calorimetry set up,"origin: commercial source,99.999 % (total),",99.999,Not Specified %,1960
100.0,16.008,0.32016,None kPa,N/A,11408,['C'],A,Low temperature calorimetry set up,"origin: commercial source,99.999 % (total),",99.999,Not Specified %,1960
110.0,17.2213,0.344427,None kPa,N/A,11408,['C'],A,Low temperature calorimetry set up,"origin: commercial source,99.999 % (total),",99.999,Not Specified %,1960
120.0,18.2171,0.364343,None kPa,N/A,11408,['C'],A,Low temperature calorimetry set up,"origin: commercial source,99.999 % (total),",99.999,Not Specified %,1960
130.0,19.1,0.381999,None kPa,N/A,11408,['C'],A,Low temperature calorimetry set up,"origin: commercial source,99.999 % (total),",99.999,Not Specified %,1960
140.0,19.8698,0.397396,None kPa,N/A,11408,['C'],A,Low temperature calorimetry set up,"origin: commercial source,99.999 % (total),",99.999,Not Specified %,1960
150.0,20.5142,0.410283,None kPa,N/A,11408,['C'],A,Low temperature calorimetry set up,"origin: commercial source,99.999 % (total),",99.999,Not Specified %,1960
160.0,21.0413,0.420827,None kPa,N/A,11408,['C'],A,Low temperature calorimetry set up,"origin: commercial source,99.999 % (total),",99.999,Not Specified %,1960
170.0,21.4974,0.429948,None kPa,N/A,11408,['C'],A,Low temperature calorimetry set up,"origin: commercial source,99.999 % (total),",99.999,Not Specified %,1960
180.0,21.9116,0.438232,None kPa,N/A,11408,['C'],A,Low temperature calorimetry set up,"origin: commercial source,99.999 % (total),",99.999,Not Specified %,1960
190.0,22.2882,0.445763,None kPa,N/A,11408,['C'],A,Low temperature calorimetry set up,"origin: commercial source,99.999 % (total),",99.999,Not Specified %,1960
200.0,22.5894,0.451788,None kPa,N/A,11408,['C'],A,Low temperature calorimetry set up,"origin: commercial source,99.999 % (total),",99.999,Not Specified %,1960
210.0,22.8697,0.457395,None kPa,N/A,11408,['C'],A,Low temperature calorimetry set up,"origin: commercial source,99.999 % (total),",99.999,Not Specified %,1960
220.0,23.125,0.462499,None kPa,N/A,11408,['C'],A,Low temperature calorimetry set up,"origin: commercial source,99.999 % (total),",99.999,Not Specified %,1960
230.0,23.3425,0.466851,None kPa,N/A,11408,['C'],A,Low temperature calorimetry set up,"origin: commercial source,99.999 % (total),",99.999,Not Specified %,1960
240.0,23.535,0.4707,None kPa,N/A,11408,['C'],A,Low temperature calorimetry set up,"origin: commercial source,99.999 % (total),",99.999,Not Specified %,1960
250.0,23.7316,0.474633,None kPa,N/A,11408,['C'],A,Low temperature calorimetry set up,"origin: commercial source,99.999 % (total),",99.999,Not Specified %,1960
260.0,23.9241,0.478482,None kPa,N/A,11408,['C'],A,Low temperature calorimetry set up,"origin: commercial source,99.999 % (total),",99.999,Not Specified %,1960
270.0,24.104,0.48208,None kPa,N/A,11408,['C'],A,Low temperature calorimetry set up,"origin: commercial source,99.999 % (total),",99.999,Not Specified %,1960
273.0,24.1542,0.483085,None kPa,N/A,11408,['C'],A,Low temperature calorimetry set up,"origin: commercial source,99.999 % (total),",99.999,Not Specified %,1960
280.0,24.2421,0.484842,None kPa,N/A,11408,['C'],A,Low temperature calorimetry set up,"origin: commercial source,99.999 % (total),",99.999,Not Specified %,1960
290.0,24.3676,0.487352,None kPa,N/A,11408,['C'],A,Low temperature calorimetry set up,"origin: commercial source,99.999 % (total),",99.999,Not Specified %,1960
298.15,24.4471,0.488942,None kPa,N/A,11408,['C'],A,Low temperature calorimetry set up,"origin: commercial source,99.999 % (total),",99.999,Not Specified %,1960
300.0,24.4597,0.489193,None kPa,N/A,11408,['C'],A,Low temperature calorimetry set up,"origin: commercial source,99.999 % (total),",99.999,Not Specified %,1960
1.508,0.001223,3.669e-05,None kPa,N/A,11921,['C'],A,Vacuum adiabatic calorimetry,origin: commercial source,,,1961
1.55,0.0012627,3.788e-05,None kPa,N/A,11921,['C'],A,Vacuum adiabatic calorimetry,origin: commercial source,,,1961
1.572,0.0012502,3.75045e-05,None kPa,N/A,11921,['C'],A,Vacuum adiabatic calorimetry,origin: commercial source,,,1961
1.6,0.0013041,3.91234e-05,None kPa,N/A,11921,['C'],A,Vacuum adiabatic calorimetry,origin: commercial source,,,1961
1.617,0.0012705,3.81158e-05,None kPa,N/A,11921,['C'],A,Vacuum adiabatic calorimetry,origin: commercial source,,,1961
1.634,0.001339,4.01695e-05,None kPa,N/A,11921,['C'],A,Vacuum adiabatic calorimetry,origin: commercial source,,,1961
1.671,0.0013456,4.03681e-05,None kPa,N/A,11921,['C'],A,Vacuum adiabatic calorimetry,origin: commercial source,,,1961
1.695,0.0013535,4.06064e-05,None kPa,N/A,11921,['C'],A,Vacuum adiabatic calorimetry,origin: commercial source,,,1961
1.722,0.0014232,4.26968e-05,None kPa,N/A,11921,['C'],A,Vacuum adiabatic calorimetry,origin: commercial source,,,1961
1.748,0.0014184,4.25513e-05,None kPa,N/A,11921,['C'],A,Vacuum adiabatic calorimetry,origin: commercial source,,,1961
1.754,0.0014533,4.36e-05,None kPa,N/A,11921,['C'],A,Vacuum adiabatic calorimetry,origin: commercial source,,,1961
1.777,0.001479,4.43707e-05,None kPa,N/A,11921,['C'],A,Vacuum adiabatic calorimetry,origin: commercial source,,,1961
1.804,0.0015093,4.52789e-05,None kPa,N/A,11921,['C'],A,Vacuum adiabatic calorimetry,origin: commercial source,,,1961
1.841,0.0015487,4.64619e-05,None kPa,N/A,11921,['C'],A,Vacuum adiabatic calorimetry,origin: commercial source,,,1961
1.864,0.001586,4.75806e-05,None kPa,N/A,11921,['C'],A,Vacuum adiabatic calorimetry,origin: commercial source,,,1961
1.872,0.0015699,4.70963e-05,None kPa,N/A,11921,['C'],A,Vacuum adiabatic calorimetry,origin: commercial source,,,1961
1.893,0.0016266,4.87985e-05,None kPa,N/A,11921,['C'],A,Vacuum adiabatic calorimetry,origin: commercial source,,,1961
1.923,0.0016455,4.93648e-05,None kPa,N/A,11921,['C'],A,Vacuum adiabatic calorimetry,origin: commercial source,,,1961
1.941,0.0016929,5.07863e-05,None kPa,N/A,11921,['C'],A,Vacuum adiabatic calorimetry,origin: commercial source,,,1961
1.965,0.0017017,5.105e-05,None kPa,N/A,11921,['C'],A,Vacuum adiabatic calorimetry,origin: commercial source,,,1961
2.021,0.0017582,3.5163e-05,None kPa,N/A,11921,['C'],A,Vacuum adiabatic calorimetry,origin: commercial source,,,1961
2.023,0.00179,3.57994e-05,None kPa,N/A,11921,['C'],A,Vacuum adiabatic calorimetry,origin: commercial source,,,1961
2.043,0.0018119,3.62384e-05,None kPa,N/A,11921,['C'],A,Vacuum adiabatic calorimetry,origin: commercial source,,,1961
2.091,0.0018539,3.7077e-05,None kPa,N/A,11921,['C'],A,Vacuum adiabatic calorimetry,origin: commercial source,,,1961
2.092,0.0018826,3.76522e-05,None kPa,N/A,11921,['C'],A,Vacuum adiabatic calorimetry,origin: commercial source,,,1961
2.165,0.0019822,3.96438e-05,None kPa,N/A,11921,['C'],A,Vacuum adiabatic calorimetry,origin: commercial source,,,1961
2.188,0.0020085,4.01702e-05,None kPa,N/A,11921,['C'],A,Vacuum adiabatic calorimetry,origin: commercial source,,,1961
2.263,0.002116,4.23197e-05,None kPa,N/A,11921,['C'],A,Vacuum adiabatic calorimetry,origin: commercial source,,,1961
2.276,0.0021512,4.30243e-05,None kPa,N/A,11921,['C'],A,Vacuum adiabatic calorimetry,origin: commercial source,,,1961
2.341,0.0021897,4.37948e-05,None kPa,N/A,11921,['C'],A,Vacuum adiabatic calorimetry,origin: commercial source,,,1961
2.364,0.0022314,4.46282e-05,None kPa,N/A,11921,['C'],A,Vacuum adiabatic calorimetry,origin: commercial source,,,1961
2.388,0.0022858,4.57163e-05,None kPa,N/A,11921,['C'],A,Vacuum adiabatic calorimetry,origin: commercial source,,,1961
2.404,0.0022963,4.59264e-05,None kPa,N/A,11921,['C'],A,Vacuum adiabatic calorimetry,origin: commercial source,,,1961
2.424,0.002345,4.69005e-05,None kPa,N/A,11921,['C'],A,Vacuum adiabatic calorimetry,origin: commercial source,,,1961
2.471,0.0023606,4.7213e-05,None kPa,N/A,11921,['C'],A,Vacuum adiabatic calorimetry,origin: commercial source,,,1961
2.488,0.0024075,4.81503e-05,None kPa,N/A,11921,['C'],A,Vacuum adiabatic calorimetry,origin: commercial source,,,1961
2.508,0.0024538,4.90761e-05,None kPa,N/A,11921,['C'],A,Vacuum adiabatic calorimetry,origin: commercial source,,,1961
2.565,0.0025868,5.17365e-05,None kPa,N/A,11921,['C'],A,Vacuum adiabatic calorimetry,origin: commercial source,,,1961
2.565,0.0025597,5.11939e-05,None kPa,N/A,11921,['C'],A,Vacuum adiabatic calorimetry,origin: commercial source,,,1961
2.582,0.0025858,5.17168e-05,None kPa,N/A,11921,['C'],A,Vacuum adiabatic calorimetry,origin: commercial source,,,1961
2.607,0.0026035,5.20693e-05,None kPa,N/A,11921,['C'],A,Vacuum adiabatic calorimetry,origin: commercial source,,,1961
2.64,0.0026267,5.25349e-05,None kPa,N/A,11921,['C'],A,Vacuum adiabatic calorimetry,origin: commercial source,,,1961
2.677,0.0026721,5.3442e-05,None kPa,N/A,11921,['C'],A,Vacuum adiabatic calorimetry,origin: commercial source,,,1961
2.725,0.0028258,5.65167e-05,None kPa,N/A,11921,['C'],A,Vacuum adiabatic calorimetry,origin: commercial source,,,1961
2.74,0.0028528,5.70557e-05,None kPa,N/A,11921,['C'],A,Vacuum adiabatic calorimetry,origin: commercial source,,,1961
2.808,0.0029174,5.83474e-05,None kPa,N/A,11921,['C'],A,Vacuum adiabatic calorimetry,origin: commercial source,,,1961
2.858,0.0030249,6.04973e-05,None kPa,N/A,11921,['C'],A,Vacuum adiabatic calorimetry,origin: commercial source,,,1961
2.86,0.0030814,6.16289e-05,None kPa,N/A,11921,['C'],A,Vacuum adiabatic calorimetry,origin: commercial source,,,1961
2.872,0.0030774,6.15488e-05,None kPa,N/A,11921,['C'],A,Vacuum adiabatic calorimetry,origin: commercial source,,,1961
2.876,0.0030103,6.02065e-05,None kPa,N/A,11921,['C'],A,Vacuum adiabatic calorimetry,origin: commercial source,,,1961
2.877,0.0030495,6.0989e-05,None kPa,N/A,11921,['C'],A,Vacuum adiabatic calorimetry,origin: commercial source,,,1961
2.947,0.0031375,6.27497e-05,None kPa,N/A,11921,['C'],A,Vacuum adiabatic calorimetry,origin: commercial source,,,1961
2.952,0.0031607,6.32137e-05,None kPa,N/A,11921,['C'],A,Vacuum adiabatic calorimetry,origin: commercial source,,,1961
3.062,0.003357,6.71392e-05,None kPa,N/A,11921,['C'],A,Vacuum adiabatic calorimetry,origin: commercial source,,,1961
3.062,0.00342,6.83998e-05,None kPa,N/A,11921,['C'],A,Vacuum adiabatic calorimetry,origin: commercial source,,,1961
3.112,0.0034951,6.99011e-05,None kPa,N/A,11921,['C'],A,Vacuum adiabatic calorimetry,origin: commercial source,,,1961
3.113,0.0035505,7.10101e-05,None kPa,N/A,11921,['C'],A,Vacuum adiabatic calorimetry,origin: commercial source,,,1961
3.128,0.0035755,7.15098e-05,None kPa,N/A,11921,['C'],A,Vacuum adiabatic calorimetry,origin: commercial source,,,1961
3.221,0.003745,7.48994e-05,None kPa,N/A,11921,['C'],A,Vacuum adiabatic calorimetry,origin: commercial source,,,1961
3.265,0.0038259,7.65172e-05,None kPa,N/A,11921,['C'],A,Vacuum adiabatic calorimetry,origin: commercial source,,,1961
3.301,0.003949,7.8979e-05,None kPa,N/A,11921,['C'],A,Vacuum adiabatic calorimetry,origin: commercial source,,,1961
3.378,0.0041138,8.22768e-05,None kPa,N/A,11921,['C'],A,Vacuum adiabatic calorimetry,origin: commercial source,,,1961
3.421,0.004123,8.2459e-05,None kPa,N/A,11921,['C'],A,Vacuum adiabatic calorimetry,origin: commercial source,,,1961
3.486,0.0043387,8.67733e-05,None kPa,N/A,11921,['C'],A,Vacuum adiabatic calorimetry,origin: commercial source,,,1961
3.488,0.0044245,8.84903e-05,None kPa,N/A,11921,['C'],A,Vacuum adiabatic calorimetry,origin: commercial source,,,1961
3.592,0.0045468,9.09354e-05,None kPa,N/A,11921,['C'],A,Vacuum adiabatic calorimetry,origin: commercial source,,,1961
3.629,0.0047375,9.47502e-05,None kPa,N/A,11921,['C'],A,Vacuum adiabatic calorimetry,origin: commercial source,,,1961
3.675,0.0047572,9.51447e-05,None kPa,N/A,11921,['C'],A,Vacuum adiabatic calorimetry,origin: commercial source,,,1961
3.779,0.0051164,0.000102328,None kPa,N/A,11921,['C'],A,Vacuum adiabatic calorimetry,origin: commercial source,,,1961
3.788,0.0051759,0.000103519,None kPa,N/A,11921,['C'],A,Vacuum adiabatic calorimetry,origin: commercial source,,,1961
3.893,0.0053243,0.000106486,None kPa,N/A,11921,['C'],A,Vacuum adiabatic calorimetry,origin: commercial source,,,1961
4.018,0.0057692,0.000115384,None kPa,N/A,11921,['C'],A,Vacuum adiabatic calorimetry,origin: commercial source,,,1961
4.043,0.0058386,0.000116773,None kPa,N/A,11921,['C'],A,Vacuum adiabatic calorimetry,origin: commercial source,,,1961
4.086,0.0059634,0.000119268,None kPa,N/A,11921,['C'],A,Vacuum adiabatic calorimetry,origin: commercial source,,,1961
4.25,0.0064596,0.000129192,None kPa,N/A,11921,['C'],A,Vacuum adiabatic calorimetry,origin: commercial source,,,1961
4.261,0.0066276,0.000132552,None kPa,N/A,11921,['C'],A,Vacuum adiabatic calorimetry,origin: commercial source,,,1961
4.293,0.006601,0.000132019,None kPa,N/A,11921,['C'],A,Vacuum adiabatic calorimetry,origin: commercial source,,,1961
4.361,0.0068702,0.000137405,None kPa,N/A,11921,['C'],A,Vacuum adiabatic calorimetry,origin: commercial source,,,1961
4.407,0.0070308,0.000140616,None kPa,N/A,11921,['C'],A,Vacuum adiabatic calorimetry,origin: commercial source,,,1961
1.2,0.000928848,9.28848e-06,None kPa,N/A,12040,['C'],A,Low temperature calorimetry set up,"origin: commercial source,99.999 % (total),stated by supplier",99.999,Not Specified %,1961
1.5,0.00120499,1.20499e-05,None kPa,N/A,12040,['C'],A,Low temperature calorimetry set up,"origin: commercial source,99.999 % (total),stated by supplier",99.999,Not Specified %,1961
2.0,0.00174891,1.74891e-05,None kPa,N/A,12040,['C'],A,Low temperature calorimetry set up,"origin: commercial source,99.999 % (total),stated by supplier",99.999,Not Specified %,1961
2.5,0.0024853,2.4853e-05,None kPa,N/A,12040,['C'],A,Low temperature calorimetry set up,"origin: commercial source,99.999 % (total),stated by supplier",99.999,Not Specified %,1961
3.0,0.00338904,3.38904e-05,None kPa,N/A,12040,['C'],A,Low temperature calorimetry set up,"origin: commercial source,99.999 % (total),stated by supplier",99.999,Not Specified %,1961
3.5,0.00450198,4.50198e-05,None kPa,N/A,12040,['C'],A,Low temperature calorimetry set up,"origin: commercial source,99.999 % (total),stated by supplier",99.999,Not Specified %,1961
4.0,0.00584505,5.84505e-05,None kPa,N/A,12040,['C'],A,Low temperature calorimetry set up,"origin: commercial source,99.999 % (total),stated by supplier",99.999,Not Specified %,1961
0.41746,0.000301516,3.01516e-06,None kPa,N/A,12041,['C'],A,Low temperature calorimetry set up,"origin: commercial source,99.999 % (total),stated by supplier",99.999,Not Specified %,1961
0.42017,0.00028547,2.8547e-06,None kPa,N/A,12041,['C'],A,Low temperature calorimetry set up,"origin: commercial source,99.999 % (total),stated by supplier",99.999,Not Specified %,1961
0.42412,0.000324624,3.24624e-06,None kPa,N/A,12041,['C'],A,Low temperature calorimetry set up,"origin: commercial source,99.999 % (total),stated by supplier",99.999,Not Specified %,1961
0.44332,0.000324314,3.24314e-06,None kPa,N/A,12041,['C'],A,Low temperature calorimetry set up,"origin: commercial source,99.999 % (total),stated by supplier",99.999,Not Specified %,1961
0.44603,0.000304097,3.04097e-06,None kPa,N/A,12041,['C'],A,Low temperature calorimetry set up,"origin: commercial source,99.999 % (total),stated by supplier",99.999,Not Specified %,1961
0.44696,0.000319821,3.19821e-06,None kPa,N/A,12041,['C'],A,Low temperature calorimetry set up,"origin: commercial source,99.999 % (total),stated by supplier",99.999,Not Specified %,1961
0.46028,0.000349029,3.49029e-06,None kPa,N/A,12041,['C'],A,Low temperature calorimetry set up,"origin: commercial source,99.999 % (total),stated by supplier",99.999,Not Specified %,1961
0.46818,0.000367004,3.67004e-06,None kPa,N/A,12041,['C'],A,Low temperature calorimetry set up,"origin: commercial source,99.999 % (total),stated by supplier",99.999,Not Specified %,1961
0.46956,0.000322076,3.22076e-06,None kPa,N/A,12041,['C'],A,Low temperature calorimetry set up,"origin: commercial source,99.999 % (total),stated by supplier",99.999,Not Specified %,1961
0.47173,0.000339406,3.39406e-06,None kPa,N/A,12041,['C'],A,Low temperature calorimetry set up,"origin: commercial source,99.999 % (total),stated by supplier",99.999,Not Specified %,1961
0.4914,0.000351933,3.51933e-06,None kPa,N/A,12041,['C'],A,Low temperature calorimetry set up,"origin: commercial source,99.999 % (total),stated by supplier",99.999,Not Specified %,1961
0.49489,0.000409697,4.09697e-06,None kPa,N/A,12041,['C'],A,Low temperature calorimetry set up,"origin: commercial source,99.999 % (total),stated by supplier",99.999,Not Specified %,1961
0.4962,0.000358996,3.58996e-06,None kPa,N/A,12041,['C'],A,Low temperature calorimetry set up,"origin: commercial source,99.999 % (total),stated by supplier",99.999,Not Specified %,1961
0.501,0.000352255,3.52255e-06,None kPa,N/A,12041,['C'],A,Low temperature calorimetry set up,"origin: commercial source,99.999 % (total),stated by supplier",99.999,Not Specified %,1961
0.51873,0.000365422,3.65422e-06,None kPa,N/A,12041,['C'],A,Low temperature calorimetry set up,"origin: commercial source,99.999 % (total),stated by supplier",99.999,Not Specified %,1961
0.52392,0.000363498,3.63498e-06,None kPa,N/A,12041,['C'],A,Low temperature calorimetry set up,"origin: commercial source,99.999 % (total),stated by supplier",99.999,Not Specified %,1961
0.52461,0.000348736,3.48736e-06,None kPa,N/A,12041,['C'],A,Low temperature calorimetry set up,"origin: commercial source,99.999 % (total),stated by supplier",99.999,Not Specified %,1961
0.53042,0.000377941,3.77941e-06,None kPa,N/A,12041,['C'],A,Low temperature calorimetry set up,"origin: commercial source,99.999 % (total),stated by supplier",99.999,Not Specified %,1961
0.54923,0.000385652,3.85652e-06,None kPa,N/A,12041,['C'],A,Low temperature calorimetry set up,"origin: commercial source,99.999 % (total),stated by supplier",99.999,Not Specified %,1961
0.55164,0.000415818,4.15818e-06,None kPa,N/A,12041,['C'],A,Low temperature calorimetry set up,"origin: commercial source,99.999 % (total),stated by supplier",99.999,Not Specified %,1961
0.55217,0.000368004,3.68004e-06,None kPa,N/A,12041,['C'],A,Low temperature calorimetry set up,"origin: commercial source,99.999 % (total),stated by supplier",99.999,Not Specified %,1961
0.56054,0.000398815,3.98815e-06,None kPa,N/A,12041,['C'],A,Low temperature calorimetry set up,"origin: commercial source,99.999 % (total),stated by supplier",99.999,Not Specified %,1961
0.57873,0.000404919,4.04919e-06,None kPa,N/A,12041,['C'],A,Low temperature calorimetry set up,"origin: commercial source,99.999 % (total),stated by supplier",99.999,Not Specified %,1961
0.58392,0.000433483,4.33483e-06,None kPa,N/A,12041,['C'],A,Low temperature calorimetry set up,"origin: commercial source,99.999 % (total),stated by supplier",99.999,Not Specified %,1961
0.58423,0.000415513,4.15513e-06,None kPa,N/A,12041,['C'],A,Low temperature calorimetry set up,"origin: commercial source,99.999 % (total),stated by supplier",99.999,Not Specified %,1961
0.60382,0.000434776,4.34776e-06,None kPa,N/A,12041,['C'],A,Low temperature calorimetry set up,"origin: commercial source,99.999 % (total),stated by supplier",99.999,Not Specified %,1961
0.60746,0.000448897,4.48897e-06,None kPa,N/A,12041,['C'],A,Low temperature calorimetry set up,"origin: commercial source,99.999 % (total),stated by supplier",99.999,Not Specified %,1961
0.62348,0.00043414,4.3414e-06,None kPa,N/A,12041,['C'],A,Low temperature calorimetry set up,"origin: commercial source,99.999 % (total),stated by supplier",99.999,Not Specified %,1961
0.6258,0.000454361,4.54361e-06,None kPa,N/A,12041,['C'],A,Low temperature calorimetry set up,"origin: commercial source,99.999 % (total),stated by supplier",99.999,Not Specified %,1961
0.6464,0.000476189,4.76189e-06,None kPa,N/A,12041,['C'],A,Low temperature calorimetry set up,"origin: commercial source,99.999 % (total),stated by supplier",99.999,Not Specified %,1961
0.6529,0.0004425,4.425e-06,None kPa,N/A,12041,['C'],A,Low temperature calorimetry set up,"origin: commercial source,99.999 % (total),stated by supplier",99.999,Not Specified %,1961
0.66033,0.000467855,4.67855e-06,None kPa,N/A,12041,['C'],A,Low temperature calorimetry set up,"origin: commercial source,99.999 % (total),stated by supplier",99.999,Not Specified %,1961
0.67078,0.000460478,4.60478e-06,None kPa,N/A,12041,['C'],A,Low temperature calorimetry set up,"origin: commercial source,99.999 % (total),stated by supplier",99.999,Not Specified %,1961
0.69246,0.000494825,4.94825e-06,None kPa,N/A,12041,['C'],A,Low temperature calorimetry set up,"origin: commercial source,99.999 % (total),stated by supplier",99.999,Not Specified %,1961
0.69634,0.000496432,4.96432e-06,None kPa,N/A,12041,['C'],A,Low temperature calorimetry set up,"origin: commercial source,99.999 % (total),stated by supplier",99.999,Not Specified %,1961
0.7009,0.000503172,5.03172e-06,None kPa,N/A,12041,['C'],A,Low temperature calorimetry set up,"origin: commercial source,99.999 % (total),stated by supplier",99.999,Not Specified %,1961
0.71043,0.000499967,4.99967e-06,None kPa,N/A,12041,['C'],A,Low temperature calorimetry set up,"origin: commercial source,99.999 % (total),stated by supplier",99.999,Not Specified %,1961
0.73435,0.000521159,5.21159e-06,None kPa,N/A,12041,['C'],A,Low temperature calorimetry set up,"origin: commercial source,99.999 % (total),stated by supplier",99.999,Not Specified %,1961
0.74264,0.000538167,5.38167e-06,None kPa,N/A,12041,['C'],A,Low temperature calorimetry set up,"origin: commercial source,99.999 % (total),stated by supplier",99.999,Not Specified %,1961
0.75602,0.000506724,5.06724e-06,None kPa,N/A,12041,['C'],A,Low temperature calorimetry set up,"origin: commercial source,99.999 % (total),stated by supplier",99.999,Not Specified %,1961
0.76462,0.000542029,5.42029e-06,None kPa,N/A,12041,['C'],A,Low temperature calorimetry set up,"origin: commercial source,99.999 % (total),stated by supplier",99.999,Not Specified %,1961
0.77832,0.000532728,5.32728e-06,None kPa,N/A,12041,['C'],A,Low temperature calorimetry set up,"origin: commercial source,99.999 % (total),stated by supplier",99.999,Not Specified %,1961
0.78491,0.000573488,5.73488e-06,None kPa,N/A,12041,['C'],A,Low temperature calorimetry set up,"origin: commercial source,99.999 % (total),stated by supplier",99.999,Not Specified %,1961
0.81324,0.000573819,5.73819e-06,None kPa,N/A,12041,['C'],A,Low temperature calorimetry set up,"origin: commercial source,99.999 % (total),stated by supplier",99.999,Not Specified %,1961
0.82989,0.000594367,5.94366e-06,None kPa,N/A,12041,['C'],A,Low temperature calorimetry set up,"origin: commercial source,99.999 % (total),stated by supplier",99.999,Not Specified %,1961
0.83817,0.000593408,5.93408e-06,None kPa,N/A,12041,['C'],A,Low temperature calorimetry set up,"origin: commercial source,99.999 % (total),stated by supplier",99.999,Not Specified %,1961
0.84855,0.000589241,5.89241e-06,None kPa,N/A,12041,['C'],A,Low temperature calorimetry set up,"origin: commercial source,99.999 % (total),stated by supplier",99.999,Not Specified %,1961
0.8813,0.000652152,6.52152e-06,None kPa,N/A,12041,['C'],A,Low temperature calorimetry set up,"origin: commercial source,99.999 % (total),stated by supplier",99.999,Not Specified %,1961
0.89407,0.000648951,6.48951e-06,None kPa,N/A,12041,['C'],A,Low temperature calorimetry set up,"origin: commercial source,99.999 % (total),stated by supplier",99.999,Not Specified %,1961
0.89856,0.000651198,6.51198e-06,None kPa,N/A,12041,['C'],A,Low temperature calorimetry set up,"origin: commercial source,99.999 % (total),stated by supplier",99.999,Not Specified %,1961
0.93015,0.000655382,6.55382e-06,None kPa,N/A,12041,['C'],A,Low temperature calorimetry set up,"origin: commercial source,99.999 % (total),stated by supplier",99.999,Not Specified %,1961
0.94773,0.000675607,6.75607e-06,None kPa,N/A,12041,['C'],A,Low temperature calorimetry set up,"origin: commercial source,99.999 % (total),stated by supplier",99.999,Not Specified %,1961
0.95934,0.000674649,6.74649e-06,None kPa,N/A,12041,['C'],A,Low temperature calorimetry set up,"origin: commercial source,99.999 % (total),stated by supplier",99.999,Not Specified %,1961
0.97753,0.000689101,6.89101e-06,None kPa,N/A,12041,['C'],A,Low temperature calorimetry set up,"origin: commercial source,99.999 % (total),stated by supplier",99.999,Not Specified %,1961
0.99565,0.00069777,6.9777e-06,None kPa,N/A,12041,['C'],A,Low temperature calorimetry set up,"origin: commercial source,99.999 % (total),stated by supplier",99.999,Not Specified %,1961
1.02337,0.000731798,7.31798e-06,None kPa,N/A,12041,['C'],A,Low temperature calorimetry set up,"origin: commercial source,99.999 % (total),stated by supplier",99.999,Not Specified %,1961
1.04613,0.000754275,7.54275e-06,None kPa,N/A,12041,['C'],A,Low temperature calorimetry set up,"origin: commercial source,99.999 % (total),stated by supplier",99.999,Not Specified %,1961
1.05008,0.000750743,7.50743e-06,None kPa,N/A,12041,['C'],A,Low temperature calorimetry set up,"origin: commercial source,99.999 % (total),stated by supplier",99.999,Not Specified %,1961
1.09731,0.000789918,7.89918e-06,None kPa,N/A,12041,['C'],A,Low temperature calorimetry set up,"origin: commercial source,99.999 % (total),stated by supplier",99.999,Not Specified %,1961
1.10025,0.000811098,8.11098e-06,None kPa,N/A,12041,['C'],A,Low temperature calorimetry set up,"origin: commercial source,99.999 % (total),stated by supplier",99.999,Not Specified %,1961
1.11427,0.000842875,8.42875e-06,None kPa,N/A,12041,['C'],A,Low temperature calorimetry set up,"origin: commercial source,99.999 % (total),stated by supplier",99.999,Not Specified %,1961
1.15111,0.000826202,8.26202e-06,None kPa,N/A,12041,['C'],A,Low temperature calorimetry set up,"origin: commercial source,99.999 % (total),stated by supplier",99.999,Not Specified %,1961
1.19811,0.000872435,8.72435e-06,None kPa,N/A,12041,['C'],A,Low temperature calorimetry set up,"origin: commercial source,99.999 % (total),stated by supplier",99.999,Not Specified %,1961
1.21902,0.000910313,9.10313e-06,None kPa,N/A,12041,['C'],A,Low temperature calorimetry set up,"origin: commercial source,99.999 % (total),stated by supplier",99.999,Not Specified %,1961
1.22506,0.000928928,9.28928e-06,None kPa,N/A,12041,['C'],A,Low temperature calorimetry set up,"origin: commercial source,99.999 % (total),stated by supplier",99.999,Not Specified %,1961
1.23783,0.000915133,9.15133e-06,None kPa,N/A,12041,['C'],A,Low temperature calorimetry set up,"origin: commercial source,99.999 % (total),stated by supplier",99.999,Not Specified %,1961
1.28213,0.00105956,1.05956e-05,None kPa,N/A,12041,['C'],A,Low temperature calorimetry set up,"origin: commercial source,99.999 % (total),stated by supplier",99.999,Not Specified %,1961
1.31859,0.00108012,1.08012e-05,None kPa,N/A,12041,['C'],A,Low temperature calorimetry set up,"origin: commercial source,99.999 % (total),stated by supplier",99.999,Not Specified %,1961
1.34143,0.0010843,1.0843e-05,None kPa,N/A,12041,['C'],A,Low temperature calorimetry set up,"origin: commercial source,99.999 % (total),stated by supplier",99.999,Not Specified %,1961
1.35234,0.00103713,1.03713e-05,None kPa,N/A,12041,['C'],A,Low temperature calorimetry set up,"origin: commercial source,99.999 % (total),stated by supplier",99.999,Not Specified %,1961
1.37248,0.00107982,1.07982e-05,None kPa,N/A,12041,['C'],A,Low temperature calorimetry set up,"origin: commercial source,99.999 % (total),stated by supplier",99.999,Not Specified %,1961
1.45564,0.00124609,1.24609e-05,None kPa,N/A,12041,['C'],A,Low temperature calorimetry set up,"origin: commercial source,99.999 % (total),stated by supplier",99.999,Not Specified %,1961
1.46315,0.00122748,1.22748e-05,None kPa,N/A,12041,['C'],A,Low temperature calorimetry set up,"origin: commercial source,99.999 % (total),stated by supplier",99.999,Not Specified %,1961
1.46555,0.00123615,1.23615e-05,None kPa,N/A,12041,['C'],A,Low temperature calorimetry set up,"origin: commercial source,99.999 % (total),stated by supplier",99.999,Not Specified %,1961
1.49094,0.00125252,1.25252e-05,None kPa,N/A,12041,['C'],A,Low temperature calorimetry set up,"origin: commercial source,99.999 % (total),stated by supplier",99.999,Not Specified %,1961
3.0,0.00335975,3.35975e-05,None kPa,N/A,12042,['C'],A,Adiabatic calorimeter (non-vacuum) ,"origin: commercial source,99.999 % (total),stated by supplier",99.999,Not Specified %,1961
4.0,0.00581994,5.81994e-05,None kPa,N/A,12042,['C'],A,Adiabatic calorimeter (non-vacuum) ,"origin: commercial source,99.999 % (total),stated by supplier",99.999,Not Specified %,1961
5.0,0.0094391,9.4391e-05,None kPa,N/A,12042,['C'],A,Adiabatic calorimeter (non-vacuum) ,"origin: commercial source,99.999 % (total),stated by supplier",99.999,Not Specified %,1961
6.0,0.0145268,0.000145268,None kPa,N/A,12042,['C'],A,Adiabatic calorimeter (non-vacuum) ,"origin: commercial source,99.999 % (total),stated by supplier",99.999,Not Specified %,1961
7.0,0.0213761,0.000213761,None kPa,N/A,12042,['C'],A,Adiabatic calorimeter (non-vacuum) ,"origin: commercial source,99.999 % (total),stated by supplier",99.999,Not Specified %,1961
8.0,0.0303214,0.000303214,None kPa,N/A,12042,['C'],A,Adiabatic calorimeter (non-vacuum) ,"origin: commercial source,99.999 % (total),stated by supplier",99.999,Not Specified %,1961
9.0,0.0417145,0.000417145,None kPa,N/A,12042,['C'],A,Adiabatic calorimeter (non-vacuum) ,"origin: commercial source,99.999 % (total),stated by supplier",99.999,Not Specified %,1961
10.0,0.0558982,0.000558982,None kPa,N/A,12042,['C'],A,Adiabatic calorimeter (non-vacuum) ,"origin: commercial source,99.999 % (total),stated by supplier",99.999,Not Specified %,1961
12.0,0.0943074,0.000943074,None kPa,N/A,12042,['C'],A,Adiabatic calorimeter (non-vacuum) ,"origin: commercial source,99.999 % (total),stated by supplier",99.999,Not Specified %,1961
14.0,0.149243,0.00149243,None kPa,N/A,12042,['C'],A,Adiabatic calorimeter (non-vacuum) ,"origin: commercial source,99.999 % (total),stated by supplier",99.999,Not Specified %,1961
16.0,0.225183,0.00225183,None kPa,N/A,12042,['C'],A,Adiabatic calorimeter (non-vacuum) ,"origin: commercial source,99.999 % (total),stated by supplier",99.999,Not Specified %,1961
18.0,0.327524,0.00327524,None kPa,N/A,12042,['C'],A,Adiabatic calorimeter (non-vacuum) ,"origin: commercial source,99.999 % (total),stated by supplier",99.999,Not Specified %,1961
20.0,0.461914,0.00461914,None kPa,N/A,12042,['C'],A,Adiabatic calorimeter (non-vacuum) ,"origin: commercial source,99.999 % (total),stated by supplier",99.999,Not Specified %,1961
22.0,0.633876,0.00633876,None kPa,N/A,12042,['C'],A,Adiabatic calorimeter (non-vacuum) ,"origin: commercial source,99.999 % (total),stated by supplier",99.999,Not Specified %,1961
24.0,0.844331,0.00844331,None kPa,N/A,12042,['C'],A,Adiabatic calorimeter (non-vacuum) ,"origin: commercial source,99.999 % (total),stated by supplier",99.999,Not Specified %,1961
26.0,1.08993,0.0108993,None kPa,N/A,12042,['C'],A,Adiabatic calorimeter (non-vacuum) ,"origin: commercial source,99.999 % (total),stated by supplier",99.999,Not Specified %,1961
28.0,1.369,0.01369,None kPa,N/A,12042,['C'],A,Adiabatic calorimeter (non-vacuum) ,"origin: commercial source,99.999 % (total),stated by supplier",99.999,Not Specified %,1961
30.0,1.68155,0.0168155,None kPa,N/A,12042,['C'],A,Adiabatic calorimeter (non-vacuum) ,"origin: commercial source,99.999 % (total),stated by supplier",99.999,Not Specified %,1961
4.85,0.00761488,7.61488e-05,None kPa,N/A,3709,['C'],A,Vacuum adiabatic calorimetry,none used,,,1932
5.23,0.00945584,9.45584e-05,None kPa,N/A,3709,['C'],A,Vacuum adiabatic calorimetry,none used,,,1932
5.37,0.0098324,9.8324e-05,None kPa,N/A,3709,['C'],A,Vacuum adiabatic calorimetry,none used,,,1932
5.75,0.0121336,0.000121336,None kPa,N/A,3709,['C'],A,Vacuum adiabatic calorimetry,none used,,,1932
5.96,0.0137654,0.000137654,None kPa,N/A,3709,['C'],A,Vacuum adiabatic calorimetry,none used,,,1932
6.07,0.0138909,0.000138909,None kPa,N/A,3709,['C'],A,Vacuum adiabatic calorimetry,none used,,,1932
6.76,0.0191209,0.000191209,None kPa,N/A,3709,['C'],A,Vacuum adiabatic calorimetry,none used,,,1932
7.24,0.0246438,0.000246438,None kPa,N/A,3709,['C'],A,Vacuum adiabatic calorimetry,none used,,,1932
8.27,0.0344343,0.000344343,None kPa,N/A,3709,['C'],A,Vacuum adiabatic calorimetry,none used,,,1932
8.87,0.0416726,0.000416726,None kPa,N/A,3709,['C'],A,Vacuum adiabatic calorimetry,none used,,,1932
9.98,0.0627182,0.000627182,None kPa,N/A,3709,['C'],A,Vacuum adiabatic calorimetry,none used,,,1932
10.98,0.077404,0.00077404,None kPa,N/A,3709,['C'],A,Vacuum adiabatic calorimetry,none used,,,1932
11.88,0.0953952,0.000953952,None kPa,N/A,3709,['C'],A,Vacuum adiabatic calorimetry,none used,,,1932
12.68,0.108784,0.00108784,None kPa,N/A,3709,['C'],A,Vacuum adiabatic calorimetry,none used,,,1932
13.59,0.139327,0.00139327,None kPa,N/A,3709,['C'],A,Vacuum adiabatic calorimetry,none used,,,1932
54.14,7.25506,0.145101,None kPa,N/A,4147,['C'],A,Vacuum adiabatic calorimetry,"origin: commercial source,99.5 weight % (total),estimated by the compiler,wire",99.5,Weight %,1934
56.72,7.75295,0.155059,None kPa,N/A,4147,['C'],A,Vacuum adiabatic calorimetry,"origin: commercial source,99.5 weight % (total),estimated by the compiler,wire",99.5,Weight %,1934
60.18,8.79477,0.175895,None kPa,N/A,4147,['C'],A,Vacuum adiabatic calorimetry,"origin: commercial source,99.5 weight % (total),estimated by the compiler,wire",99.5,Weight %,1934
69.63,10.9579,0.219158,None kPa,N/A,4147,['C'],A,Vacuum adiabatic calorimetry,"origin: commercial source,99.5 weight % (total),estimated by the compiler,wire",99.5,Weight %,1934
83.23,13.3804,0.267609,None kPa,N/A,4147,['C'],A,Vacuum adiabatic calorimetry,"origin: commercial source,99.5 weight % (total),estimated by the compiler,wire",99.5,Weight %,1934
101.5,16.259,0.32518,None kPa,N/A,4147,['C'],A,Vacuum adiabatic calorimetry,"origin: commercial source,99.5 weight % (total),estimated by the compiler,wire",99.5,Weight %,1934
126.3,18.8657,0.377313,None kPa,N/A,4147,['C'],A,Vacuum adiabatic calorimetry,"origin: commercial source,99.5 weight % (total),estimated by the compiler,wire",99.5,Weight %,1934
153.5,21.0497,0.420994,None kPa,N/A,4147,['C'],A,Vacuum adiabatic calorimetry,"origin: commercial source,99.5 weight % (total),estimated by the compiler,wire",99.5,Weight %,1934
190.3,22.2338,0.444676,None kPa,N/A,4147,['C'],A,Vacuum adiabatic calorimetry,"origin: commercial source,99.5 weight % (total),estimated by the compiler,wire",99.5,Weight %,1934
213.4,23.0455,0.460909,None kPa,N/A,4147,['C'],A,Vacuum adiabatic calorimetry,"origin: commercial source,99.5 weight % (total),estimated by the compiler,wire",99.5,Weight %,1934
240.4,23.581,0.47162,None kPa,N/A,4147,['C'],A,Vacuum adiabatic calorimetry,"origin: commercial source,99.5 weight % (total),estimated by the compiler,wire",99.5,Weight %,1934
261.0,23.9241,0.478482,None kPa,N/A,4147,['C'],A,Vacuum adiabatic calorimetry,"origin: commercial source,99.5 weight % (total),estimated by the compiler,wire",99.5,Weight %,1934
279.3,24.15,0.483001,None kPa,N/A,4147,['C'],A,Vacuum adiabatic calorimetry,"origin: commercial source,99.5 weight % (total),estimated by the compiler,wire",99.5,Weight %,1934
294.3,24.3885,0.487771,None kPa,N/A,4147,['C'],A,Vacuum adiabatic calorimetry,"origin: commercial source,99.5 weight % (total),estimated by the compiler,wire",99.5,Weight %,1934
53.29,7.22995,0.144599,None kPa,N/A,4148,['C'],A,Vacuum adiabatic calorimetry,"origin: commercial source,99.5 weight % (total),estimated by the compiler,wire",99.5,Weight %,1934
57.72,8.16717,0.163343,None kPa,N/A,4148,['C'],A,Vacuum adiabatic calorimetry,"origin: commercial source,99.5 weight % (total),estimated by the compiler,wire",99.5,Weight %,1934
60.56,8.89937,0.177987,None kPa,N/A,4148,['C'],A,Vacuum adiabatic calorimetry,"origin: commercial source,99.5 weight % (total),estimated by the compiler,wire",99.5,Weight %,1934
72.29,11.4307,0.228614,None kPa,N/A,4148,['C'],A,Vacuum adiabatic calorimetry,"origin: commercial source,99.5 weight % (total),estimated by the compiler,wire",99.5,Weight %,1934
84.19,13.4306,0.268613,None kPa,N/A,4148,['C'],A,Vacuum adiabatic calorimetry,"origin: commercial source,99.5 weight % (total),estimated by the compiler,wire",99.5,Weight %,1934
99.2,15.9369,0.318737,None kPa,N/A,4148,['C'],A,Vacuum adiabatic calorimetry,"origin: commercial source,99.5 weight % (total),estimated by the compiler,wire",99.5,Weight %,1934
123.1,18.5937,0.371874,None kPa,N/A,4148,['C'],A,Vacuum adiabatic calorimetry,"origin: commercial source,99.5 weight % (total),estimated by the compiler,wire",99.5,Weight %,1934
152.8,20.7192,0.414383,None kPa,N/A,4148,['C'],A,Vacuum adiabatic calorimetry,"origin: commercial source,99.5 weight % (total),estimated by the compiler,wire",99.5,Weight %,1934
188.2,22.0957,0.441914,None kPa,N/A,4148,['C'],A,Vacuum adiabatic calorimetry,"origin: commercial source,99.5 weight % (total),estimated by the compiler,wire",99.5,Weight %,1934
209.6,22.9325,0.45865,None kPa,N/A,4148,['C'],A,Vacuum adiabatic calorimetry,"origin: commercial source,99.5 weight % (total),estimated by the compiler,wire",99.5,Weight %,1934
241.7,23.6145,0.47229,None kPa,N/A,4148,['C'],A,Vacuum adiabatic calorimetry,"origin: commercial source,99.5 weight % (total),estimated by the compiler,wire",99.5,Weight %,1934
267.5,24.0538,0.481076,None kPa,N/A,4148,['C'],A,Vacuum adiabatic calorimetry,"origin: commercial source,99.5 weight % (total),estimated by the compiler,wire",99.5,Weight %,1934
288.1,24.2337,0.484675,None kPa,N/A,4148,['C'],A,Vacuum adiabatic calorimetry,"origin: commercial source,99.5 weight % (total),estimated by the compiler,wire",99.5,Weight %,1934
291.9,24.2881,0.485762,None kPa,N/A,4148,['C'],A,Vacuum adiabatic calorimetry,"origin: commercial source,99.5 weight % (total),estimated by the compiler,wire",99.5,Weight %,1934
293.0,24.2756,0.485511,None kPa,N/A,4148,['C'],A,Vacuum adiabatic calorimetry,"origin: commercial source,99.5 weight % (total),estimated by the compiler,wire",99.5,Weight %,1934
1.69,0.00172381,6.89523e-05,None kPa,N/A,8207,['C'],A,Vacuum adiabatic calorimetry,"not stated,99.99 % (total),",99.99,Not Specified %,1954
1.74,0.00165686,6.62746e-05,None kPa,N/A,8207,['C'],A,Vacuum adiabatic calorimetry,"not stated,99.99 % (total),",99.99,Not Specified %,1954
1.78,0.00164013,6.56051e-05,None kPa,N/A,8207,['C'],A,Vacuum adiabatic calorimetry,"not stated,99.99 % (total),",99.99,Not Specified %,1954
1.84,0.00153134,6.12538e-05,None kPa,N/A,8207,['C'],A,Vacuum adiabatic calorimetry,"not stated,99.99 % (total),",99.99,Not Specified %,1954
1.89,0.0018033,7.21322e-05,None kPa,N/A,8207,['C'],A,Vacuum adiabatic calorimetry,"not stated,99.99 % (total),",99.99,Not Specified %,1954
1.93,0.00187443,7.49773e-05,None kPa,N/A,8207,['C'],A,Vacuum adiabatic calorimetry,"not stated,99.99 % (total),",99.99,Not Specified %,1954
1.97,0.00197066,7.88266e-05,None kPa,N/A,8207,['C'],A,Vacuum adiabatic calorimetry,"not stated,99.99 % (total),",99.99,Not Specified %,1954
2.01,0.0020669,8.26758e-05,None kPa,N/A,8207,['C'],A,Vacuum adiabatic calorimetry,"not stated,99.99 % (total),",99.99,Not Specified %,1954
2.03,0.00206271,8.25085e-05,None kPa,N/A,8207,['C'],A,Vacuum adiabatic calorimetry,"not stated,99.99 % (total),",99.99,Not Specified %,1954
2.05,0.00212129,8.48515e-05,None kPa,N/A,8207,['C'],A,Vacuum adiabatic calorimetry,"not stated,99.99 % (total),",99.99,Not Specified %,1954
2.09,0.00209618,8.38474e-05,None kPa,N/A,8207,['C'],A,Vacuum adiabatic calorimetry,"not stated,99.99 % (total),",99.99,Not Specified %,1954
2.09,0.00209618,8.38474e-05,None kPa,N/A,8207,['C'],A,Vacuum adiabatic calorimetry,"not stated,99.99 % (total),",99.99,Not Specified %,1954
2.14,0.00226354,9.05418e-05,None kPa,N/A,8207,['C'],A,Vacuum adiabatic calorimetry,"not stated,99.99 % (total),",99.99,Not Specified %,1954
2.15,0.00235141,9.40563e-05,None kPa,N/A,8207,['C'],A,Vacuum adiabatic calorimetry,"not stated,99.99 % (total),",99.99,Not Specified %,1954
2.21,0.00235559,9.42237e-05,None kPa,N/A,8207,['C'],A,Vacuum adiabatic calorimetry,"not stated,99.99 % (total),",99.99,Not Specified %,1954
2.24,0.00232212,9.28848e-05,None kPa,N/A,8207,['C'],A,Vacuum adiabatic calorimetry,"not stated,99.99 % (total),",99.99,Not Specified %,1954
2.24,0.00231794,9.27174e-05,None kPa,N/A,8207,['C'],A,Vacuum adiabatic calorimetry,"not stated,99.99 % (total),",99.99,Not Specified %,1954
2.33,0.0023807,9.52278e-05,None kPa,N/A,8207,['C'],A,Vacuum adiabatic calorimetry,"not stated,99.99 % (total),",99.99,Not Specified %,1954
2.45,0.00251458,0.000100583,None kPa,N/A,8207,['C'],A,Vacuum adiabatic calorimetry,"not stated,99.99 % (total),",99.99,Not Specified %,1954
2.47,0.00256061,0.000102424,None kPa,N/A,8207,['C'],A,Vacuum adiabatic calorimetry,"not stated,99.99 % (total),",99.99,Not Specified %,1954
2.57,0.00279491,0.000111796,None kPa,N/A,8207,['C'],A,Vacuum adiabatic calorimetry,"not stated,99.99 % (total),",99.99,Not Specified %,1954
2.62,0.00299156,0.000119662,None kPa,N/A,8207,['C'],A,Vacuum adiabatic calorimetry,"not stated,99.99 % (total),",99.99,Not Specified %,1954
2.66,0.00311708,0.000124683,None kPa,N/A,8207,['C'],A,Vacuum adiabatic calorimetry,"not stated,99.99 % (total),",99.99,Not Specified %,1954
2.79,0.00302085,0.000120834,None kPa,N/A,8207,['C'],A,Vacuum adiabatic calorimetry,"not stated,99.99 % (total),",99.99,Not Specified %,1954
2.8,0.0030334,0.000121336,None kPa,N/A,8207,['C'],A,Vacuum adiabatic calorimetry,"not stated,99.99 % (total),",99.99,Not Specified %,1954
2.87,0.00335557,0.000134223,None kPa,N/A,8207,['C'],A,Vacuum adiabatic calorimetry,"not stated,99.99 % (total),",99.99,Not Specified %,1954
2.98,0.00336812,0.000134725,None kPa,N/A,8207,['C'],A,Vacuum adiabatic calorimetry,"not stated,99.99 % (total),",99.99,Not Specified %,1954
3.02,0.00347272,0.000138909,None kPa,N/A,8207,['C'],A,Vacuum adiabatic calorimetry,"not stated,99.99 % (total),",99.99,Not Specified %,1954
3.14,0.00402501,0.000161,None kPa,N/A,8207,['C'],A,Vacuum adiabatic calorimetry,"not stated,99.99 % (total),",99.99,Not Specified %,1954
3.17,0.0038702,0.000154808,None kPa,N/A,8207,['C'],A,Vacuum adiabatic calorimetry,"not stated,99.99 % (total),",99.99,Not Specified %,1954
3.27,0.00422584,0.000169034,None kPa,N/A,8207,['C'],A,Vacuum adiabatic calorimetry,"not stated,99.99 % (total),",99.99,Not Specified %,1954
3.37,0.00435136,0.000174054,None kPa,N/A,8207,['C'],A,Vacuum adiabatic calorimetry,"not stated,99.99 % (total),",99.99,Not Specified %,1954
3.48,0.00476976,0.00019079,None kPa,N/A,8207,['C'],A,Vacuum adiabatic calorimetry,"not stated,99.99 % (total),",99.99,Not Specified %,1954
3.6,0.00489528,0.000195811,None kPa,N/A,8207,['C'],A,Vacuum adiabatic calorimetry,"not stated,99.99 % (total),",99.99,Not Specified %,1954
3.74,0.00518816,0.000207526,None kPa,N/A,8207,['C'],A,Vacuum adiabatic calorimetry,"not stated,99.99 % (total),",99.99,Not Specified %,1954
3.85,0.00548104,0.000219242,None kPa,N/A,8207,['C'],A,Vacuum adiabatic calorimetry,"not stated,99.99 % (total),",99.99,Not Specified %,1954
3.97,0.00581576,0.00023263,None kPa,N/A,8207,['C'],A,Vacuum adiabatic calorimetry,"not stated,99.99 % (total),",99.99,Not Specified %,1954
4.07,0.00635968,0.000254387,None kPa,N/A,8207,['C'],A,Vacuum adiabatic calorimetry,"not stated,99.99 % (total),",99.99,Not Specified %,1954
1.27,0.00109244,6.55465e-05,None kPa,N/A,8606,['C'],A,temperature-wave method,origin: commercial source,,,1955
1.8,0.00170624,0.000102374,None kPa,N/A,8606,['C'],A,temperature-wave method,origin: commercial source,,,1955
2.21,0.00234597,0.000140758,None kPa,N/A,8606,['C'],A,temperature-wave method,origin: commercial source,,,1955
2.82,0.00345096,0.000207058,None kPa,N/A,8606,['C'],A,temperature-wave method,origin: commercial source,,,1955
3.24,0.00463211,0.000277926,None kPa,N/A,8606,['C'],A,temperature-wave method,origin: commercial source,,,1955
3.61,0.00587685,0.000352611,None kPa,N/A,8606,['C'],A,temperature-wave method,origin: commercial source,,,1955
4.01,0.00752702,0.000451621,None kPa,N/A,8606,['C'],A,temperature-wave method,origin: commercial source,,,1955
4.2,0.00862866,0.00051772,None kPa,N/A,8606,['C'],A,temperature-wave method,origin: commercial source,,,1955
1.59,0.00122131,7.32786e-05,None kPa,N/A,8606,['C'],A,temperature-wave method,origin: commercial source,,,1955
2.0,0.00164724,9.88344e-05,None kPa,N/A,8606,['C'],A,temperature-wave method,origin: commercial source,,,1955
2.4,0.00223175,0.000133905,None kPa,N/A,8606,['C'],A,temperature-wave method,origin: commercial source,,,1955
2.81,0.00295683,0.00017741,None kPa,N/A,8606,['C'],A,temperature-wave method,origin: commercial source,,,1955
3.21,0.00386058,0.000231635,None kPa,N/A,8606,['C'],A,temperature-wave method,origin: commercial source,,,1955
3.6,0.00504674,0.000302804,None kPa,N/A,8606,['C'],A,temperature-wave method,origin: commercial source,,,1955
4.01,0.00641324,0.000384794,None kPa,N/A,8606,['C'],A,temperature-wave method,origin: commercial source,,,1955
946.0,28.4512,1.42256,None kPa,N/A,10135,['C'],A,isoperibol calorimeter,not stated,,,1958
875.0,28.4512,1.42256,None kPa,N/A,10135,['C'],A,isoperibol calorimeter,not stated,,,1958
781.0,27.4052,1.37026,None kPa,N/A,10135,['C'],A,isoperibol calorimeter,not stated,,,1958
676.0,27.6562,1.38281,None kPa,N/A,10135,['C'],A,isoperibol calorimeter,not stated,,,1958
604.0,26.3174,1.31587,None kPa,N/A,10135,['C'],A,isoperibol calorimeter,not stated,,,1958
565.0,26.5684,1.32842,None kPa,N/A,10135,['C'],A,isoperibol calorimeter,not stated,,,1958
465.0,25.7734,1.28867,None kPa,N/A,10135,['C'],A,isoperibol calorimeter,not stated,,,1958
400.0,25.5224,1.27612,None kPa,N/A,10135,['C'],A,isoperibol calorimeter,not stated,,,1958
356.0,24.9785,1.24892,None kPa,N/A,10135,['C'],A,isoperibol calorimeter,not stated,,,1958
337.0,25.5224,1.27612,None kPa,N/A,10135,['C'],A,isoperibol calorimeter,not stated,,,1958
1.5,0.00119,1.785e-05,None kPa,N/A,10408,['C'],A,Low temperature calorimetry set up,not stated,,,1958
1.6,0.00129,1.935e-05,None kPa,N/A,10408,['C'],A,Low temperature calorimetry set up,not stated,,,1958
1.7,0.0014,2.1e-05,None kPa,N/A,10408,['C'],A,Low temperature calorimetry set up,not stated,,,1958
1.8,0.00151,2.265e-05,None kPa,N/A,10408,['C'],A,Low temperature calorimetry set up,not stated,,,1958
1.9,0.00163,2.445e-05,None kPa,N/A,10408,['C'],A,Low temperature calorimetry set up,not stated,,,1958
2.0,0.00175,2.625e-05,None kPa,N/A,10408,['C'],A,Low temperature calorimetry set up,not stated,,,1958
2.1,0.00188,2.82e-05,None kPa,N/A,10408,['C'],A,Low temperature calorimetry set up,not stated,,,1958
2.2,0.00202,3.03e-05,None kPa,N/A,10408,['C'],A,Low temperature calorimetry set up,not stated,,,1958
2.3,0.00216,3.24e-05,None kPa,N/A,10408,['C'],A,Low temperature calorimetry set up,not stated,,,1958
2.4,0.00231,3.465e-05,None kPa,N/A,10408,['C'],A,Low temperature calorimetry set up,not stated,,,1958
2.5,0.00246,3.69e-05,None kPa,N/A,10408,['C'],A,Low temperature calorimetry set up,not stated,,,1958
2.6,0.00262,3.93e-05,None kPa,N/A,10408,['C'],A,Low temperature calorimetry set up,not stated,,,1958
2.7,0.00279,4.185e-05,None kPa,N/A,10408,['C'],A,Low temperature calorimetry set up,not stated,,,1958
2.8,0.00297,4.455e-05,None kPa,N/A,10408,['C'],A,Low temperature calorimetry set up,not stated,,,1958
2.9,0.00315,4.725e-05,None kPa,N/A,10408,['C'],A,Low temperature calorimetry set up,not stated,,,1958
3.0,0.00335,5.025e-05,None kPa,N/A,10408,['C'],A,Low temperature calorimetry set up,not stated,,,1958
3.1,0.00355,5.325e-05,None kPa,N/A,10408,['C'],A,Low temperature calorimetry set up,not stated,,,1958
3.2,0.00376,5.64e-05,None kPa,N/A,10408,['C'],A,Low temperature calorimetry set up,not stated,,,1958
3.3,0.00398,5.97e-05,None kPa,N/A,10408,['C'],A,Low temperature calorimetry set up,not stated,,,1958
3.4,0.00421,6.315e-05,None kPa,N/A,10408,['C'],A,Low temperature calorimetry set up,not stated,,,1958
3.5,0.00444,6.66e-05,None kPa,N/A,10408,['C'],A,Low temperature calorimetry set up,not stated,,,1958
3.6,0.00469,7.035e-05,None kPa,N/A,10408,['C'],A,Low temperature calorimetry set up,not stated,,,1958
3.7,0.00495,7.425e-05,None kPa,N/A,10408,['C'],A,Low temperature calorimetry set up,not stated,,,1958
3.8,0.00522,7.83e-05,None kPa,N/A,10408,['C'],A,Low temperature calorimetry set up,not stated,,,1958
3.9,0.0055,8.25e-05,None kPa,N/A,10408,['C'],A,Low temperature calorimetry set up,not stated,,,1958
4.0,0.00579,8.685e-05,None kPa,N/A,10408,['C'],A,Low temperature calorimetry set up,not stated,,,1958
4.1,0.0061,9.15e-05,None kPa,N/A,10408,['C'],A,Low temperature calorimetry set up,not stated,,,1958
4.2,0.00641,9.615e-05,None kPa,N/A,10408,['C'],A,Low temperature calorimetry set up,not stated,,,1958
1.2,0.000928848,9.28848e-06,None kPa,N/A,12040,['C'],A,Low temperature calorimetry set up,"origin: commercial source,99.999 % (total),stated by supplier",99.999,Not Specified %,1961
1.5,0.00120499,1.20499e-05,None kPa,N/A,12040,['C'],A,Low temperature calorimetry set up,"origin: commercial source,99.999 % (total),stated by supplier",99.999,Not Specified %,1961
2.0,0.00174891,1.74891e-05,None kPa,N/A,12040,['C'],A,Low temperature calorimetry set up,"origin: commercial source,99.999 % (total),stated by supplier",99.999,Not Specified %,1961
2.5,0.0024853,2.4853e-05,None kPa,N/A,12040,['C'],A,Low temperature calorimetry set up,"origin: commercial source,99.999 % (total),stated by supplier",99.999,Not Specified %,1961
3.0,0.00338904,3.38904e-05,None kPa,N/A,12040,['C'],A,Low temperature calorimetry set up,"origin: commercial source,99.999 % (total),stated by supplier",99.999,Not Specified %,1961
3.5,0.00450198,4.50198e-05,None kPa,N/A,12040,['C'],A,Low temperature calorimetry set up,"origin: commercial source,99.999 % (total),stated by supplier",99.999,Not Specified %,1961
4.0,0.00584505,5.84505e-05,None kPa,N/A,12040,['C'],A,Low temperature calorimetry set up,"origin: commercial source,99.999 % (total),stated by supplier",99.999,Not Specified %,1961
0.41746,0.000301516,3.01516e-06,None kPa,N/A,12041,['C'],A,Low temperature calorimetry set up,"origin: commercial source,99.999 % (total),stated by supplier",99.999,Not Specified %,1961
0.42017,0.00028547,2.8547e-06,None kPa,N/A,12041,['C'],A,Low temperature calorimetry set up,"origin: commercial source,99.999 % (total),stated by supplier",99.999,Not Specified %,1961
0.42412,0.000324624,3.24624e-06,None kPa,N/A,12041,['C'],A,Low temperature calorimetry set up,"origin: commercial source,99.999 % (total),stated by supplier",99.999,Not Specified %,1961
0.44332,0.000324314,3.24314e-06,None kPa,N/A,12041,['C'],A,Low temperature calorimetry set up,"origin: commercial source,99.999 % (total),stated by supplier",99.999,Not Specified %,1961
0.44603,0.000304097,3.04097e-06,None kPa,N/A,12041,['C'],A,Low temperature calorimetry set up,"origin: commercial source,99.999 % (total),stated by supplier",99.999,Not Specified %,1961
0.44696,0.000319821,3.19821e-06,None kPa,N/A,12041,['C'],A,Low temperature calorimetry set up,"origin: commercial source,99.999 % (total),stated by supplier",99.999,Not Specified %,1961
0.46028,0.000349029,3.49029e-06,None kPa,N/A,12041,['C'],A,Low temperature calorimetry set up,"origin: commercial source,99.999 % (total),stated by supplier",99.999,Not Specified %,1961
0.46818,0.000367004,3.67004e-06,None kPa,N/A,12041,['C'],A,Low temperature calorimetry set up,"origin: commercial source,99.999 % (total),stated by supplier",99.999,Not Specified %,1961
0.46956,0.000322076,3.22076e-06,None kPa,N/A,12041,['C'],A,Low temperature calorimetry set up,"origin: commercial source,99.999 % (total),stated by supplier",99.999,Not Specified %,1961
0.47173,0.000339406,3.39406e-06,None kPa,N/A,12041,['C'],A,Low temperature calorimetry set up,"origin: commercial source,99.999 % (total),stated by supplier",99.999,Not Specified %,1961
0.4914,0.000351933,3.51933e-06,None kPa,N/A,12041,['C'],A,Low temperature calorimetry set up,"origin: commercial source,99.999 % (total),stated by supplier",99.999,Not Specified %,1961
0.49489,0.000409697,4.09697e-06,None kPa,N/A,12041,['C'],A,Low temperature calorimetry set up,"origin: commercial source,99.999 % (total),stated by supplier",99.999,Not Specified %,1961
0.4962,0.000358996,3.58996e-06,None kPa,N/A,12041,['C'],A,Low temperature calorimetry set up,"origin: commercial source,99.999 % (total),stated by supplier",99.999,Not Specified %,1961
0.501,0.000352255,3.52255e-06,None kPa,N/A,12041,['C'],A,Low temperature calorimetry set up,"origin: commercial source,99.999 % (total),stated by supplier",99.999,Not Specified %,1961
0.51873,0.000365422,3.65422e-06,None kPa,N/A,12041,['C'],A,Low temperature calorimetry set up,"origin: commercial source,99.999 % (total),stated by supplier",99.999,Not Specified %,1961
0.52392,0.000363498,3.63498e-06,None kPa,N/A,12041,['C'],A,Low temperature calorimetry set up,"origin: commercial source,99.999 % (total),stated by supplier",99.999,Not Specified %,1961
0.52461,0.000348736,3.48736e-06,None kPa,N/A,12041,['C'],A,Low temperature calorimetry set up,"origin: commercial source,99.999 % (total),stated by supplier",99.999,Not Specified %,1961
0.53042,0.000377941,3.77941e-06,None kPa,N/A,12041,['C'],A,Low temperature calorimetry set up,"origin: commercial source,99.999 % (total),stated by supplier",99.999,Not Specified %,1961
0.54923,0.000385652,3.85652e-06,None kPa,N/A,12041,['C'],A,Low temperature calorimetry set up,"origin: commercial source,99.999 % (total),stated by supplier",99.999,Not Specified %,1961
0.55164,0.000415818,4.15818e-06,None kPa,N/A,12041,['C'],A,Low temperature calorimetry set up,"origin: commercial source,99.999 % (total),stated by supplier",99.999,Not Specified %,1961
0.55217,0.000368004,3.68004e-06,None kPa,N/A,12041,['C'],A,Low temperature calorimetry set up,"origin: commercial source,99.999 % (total),stated by supplier",99.999,Not Specified %,1961
0.56054,0.000398815,3.98815e-06,None kPa,N/A,12041,['C'],A,Low temperature calorimetry set up,"origin: commercial source,99.999 % (total),stated by supplier",99.999,Not Specified %,1961
0.57873,0.000404919,4.04919e-06,None kPa,N/A,12041,['C'],A,Low temperature calorimetry set up,"origin: commercial source,99.999 % (total),stated by supplier",99.999,Not Specified %,1961
0.58392,0.000433483,4.33483e-06,None kPa,N/A,12041,['C'],A,Low temperature calorimetry set up,"origin: commercial source,99.999 % (total),stated by supplier",99.999,Not Specified %,1961
0.58423,0.000415513,4.15513e-06,None kPa,N/A,12041,['C'],A,Low temperature calorimetry set up,"origin: commercial source,99.999 % (total),stated by supplier",99.999,Not Specified %,1961
0.60382,0.000434776,4.34776e-06,None kPa,N/A,12041,['C'],A,Low temperature calorimetry set up,"origin: commercial source,99.999 % (total),stated by supplier",99.999,Not Specified %,1961
0.60746,0.000448897,4.48897e-06,None kPa,N/A,12041,['C'],A,Low temperature calorimetry set up,"origin: commercial source,99.999 % (total),stated by supplier",99.999,Not Specified %,1961
0.62348,0.00043414,4.3414e-06,None kPa,N/A,12041,['C'],A,Low temperature calorimetry set up,"origin: commercial source,99.999 % (total),stated by supplier",99.999,Not Specified %,1961
0.6258,0.000454361,4.54361e-06,None kPa,N/A,12041,['C'],A,Low temperature calorimetry set up,"origin: commercial source,99.999 % (total),stated by supplier",99.999,Not Specified %,1961
0.6464,0.000476189,4.76189e-06,None kPa,N/A,12041,['C'],A,Low temperature calorimetry set up,"origin: commercial source,99.999 % (total),stated by supplier",99.999,Not Specified %,1961
0.6529,0.0004425,4.425e-06,None kPa,N/A,12041,['C'],A,Low temperature calorimetry set up,"origin: commercial source,99.999 % (total),stated by supplier",99.999,Not Specified %,1961
0.66033,0.000467855,4.67855e-06,None kPa,N/A,12041,['C'],A,Low temperature calorimetry set up,"origin: commercial source,99.999 % (total),stated by supplier",99.999,Not Specified %,1961
0.67078,0.000460478,4.60478e-06,None kPa,N/A,12041,['C'],A,Low temperature calorimetry set up,"origin: commercial source,99.999 % (total),stated by supplier",99.999,Not Specified %,1961
0.69246,0.000494825,4.94825e-06,None kPa,N/A,12041,['C'],A,Low temperature calorimetry set up,"origin: commercial source,99.999 % (total),stated by supplier",99.999,Not Specified %,1961
0.69634,0.000496432,4.96432e-06,None kPa,N/A,12041,['C'],A,Low temperature calorimetry set up,"origin: commercial source,99.999 % (total),stated by supplier",99.999,Not Specified %,1961
0.7009,0.000503172,5.03172e-06,None kPa,N/A,12041,['C'],A,Low temperature calorimetry set up,"origin: commercial source,99.999 % (total),stated by supplier",99.999,Not Specified %,1961
0.71043,0.000499967,4.99967e-06,None kPa,N/A,12041,['C'],A,Low temperature calorimetry set up,"origin: commercial source,99.999 % (total),stated by supplier",99.999,Not Specified %,1961
0.73435,0.000521159,5.21159e-06,None kPa,N/A,12041,['C'],A,Low temperature calorimetry set up,"origin: commercial source,99.999 % (total),stated by supplier",99.999,Not Specified %,1961
0.74264,0.000538167,5.38167e-06,None kPa,N/A,12041,['C'],A,Low temperature calorimetry set up,"origin: commercial source,99.999 % (total),stated by supplier",99.999,Not Specified %,1961
0.75602,0.000506724,5.06724e-06,None kPa,N/A,12041,['C'],A,Low temperature calorimetry set up,"origin: commercial source,99.999 % (total),stated by supplier",99.999,Not Specified %,1961
0.76462,0.000542029,5.42029e-06,None kPa,N/A,12041,['C'],A,Low temperature calorimetry set up,"origin: commercial source,99.999 % (total),stated by supplier",99.999,Not Specified %,1961
0.77832,0.000532728,5.32728e-06,None kPa,N/A,12041,['C'],A,Low temperature calorimetry set up,"origin: commercial source,99.999 % (total),stated by supplier",99.999,Not Specified %,1961
0.78491,0.000573488,5.73488e-06,None kPa,N/A,12041,['C'],A,Low temperature calorimetry set up,"origin: commercial source,99.999 % (total),stated by supplier",99.999,Not Specified %,1961
0.81324,0.000573819,5.73819e-06,None kPa,N/A,12041,['C'],A,Low temperature calorimetry set up,"origin: commercial source,99.999 % (total),stated by supplier",99.999,Not Specified %,1961
0.82989,0.000594367,5.94366e-06,None kPa,N/A,12041,['C'],A,Low temperature calorimetry set up,"origin: commercial source,99.999 % (total),stated by supplier",99.999,Not Specified %,1961
0.83817,0.000593408,5.93408e-06,None kPa,N/A,12041,['C'],A,Low temperature calorimetry set up,"origin: commercial source,99.999 % (total),stated by supplier",99.999,Not Specified %,1961
0.84855,0.000589241,5.89241e-06,None kPa,N/A,12041,['C'],A,Low temperature calorimetry set up,"origin: commercial source,99.999 % (total),stated by supplier",99.999,Not Specified %,1961
0.8813,0.000652152,6.52152e-06,None kPa,N/A,12041,['C'],A,Low temperature calorimetry set up,"origin: commercial source,99.999 % (total),stated by supplier",99.999,Not Specified %,1961
0.89407,0.000648951,6.48951e-06,None kPa,N/A,12041,['C'],A,Low temperature calorimetry set up,"origin: commercial source,99.999 % (total),stated by supplier",99.999,Not Specified %,1961
0.89856,0.000651198,6.51198e-06,None kPa,N/A,12041,['C'],A,Low temperature calorimetry set up,"origin: commercial source,99.999 % (total),stated by supplier",99.999,Not Specified %,1961
0.93015,0.000655382,6.55382e-06,None kPa,N/A,12041,['C'],A,Low temperature calorimetry set up,"origin: commercial source,99.999 % (total),stated by supplier",99.999,Not Specified %,1961
0.94773,0.000675607,6.75607e-06,None kPa,N/A,12041,['C'],A,Low temperature calorimetry set up,"origin: commercial source,99.999 % (total),stated by supplier",99.999,Not Specified %,1961
0.95934,0.000674649,6.74649e-06,None kPa,N/A,12041,['C'],A,Low temperature calorimetry set up,"origin: commercial source,99.999 % (total),stated by supplier",99.999,Not Specified %,1961
0.97753,0.000689101,6.89101e-06,None kPa,N/A,12041,['C'],A,Low temperature calorimetry set up,"origin: commercial source,99.999 % (total),stated by supplier",99.999,Not Specified %,1961
0.99565,0.00069777,6.9777e-06,None kPa,N/A,12041,['C'],A,Low temperature calorimetry set up,"origin: commercial source,99.999 % (total),stated by supplier",99.999,Not Specified %,1961
1.02337,0.000731798,7.31798e-06,None kPa,N/A,12041,['C'],A,Low temperature calorimetry set up,"origin: commercial source,99.999 % (total),stated by supplier",99.999,Not Specified %,1961
1.04613,0.000754275,7.54275e-06,None kPa,N/A,12041,['C'],A,Low temperature calorimetry set up,"origin: commercial source,99.999 % (total),stated by supplier",99.999,Not Specified %,1961
1.05008,0.000750743,7.50743e-06,None kPa,N/A,12041,['C'],A,Low temperature calorimetry set up,"origin: commercial source,99.999 % (total),stated by supplier",99.999,Not Specified %,1961
1.09731,0.000789918,7.89918e-06,None kPa,N/A,12041,['C'],A,Low temperature calorimetry set up,"origin: commercial source,99.999 % (total),stated by supplier",99.999,Not Specified %,1961
1.10025,0.000811098,8.11098e-06,None kPa,N/A,12041,['C'],A,Low temperature calorimetry set up,"origin: commercial source,99.999 % (total),stated by supplier",99.999,Not Specified %,1961
1.11427,0.000842875,8.42875e-06,None kPa,N/A,12041,['C'],A,Low temperature calorimetry set up,"origin: commercial source,99.999 % (total),stated by supplier",99.999,Not Specified %,1961
1.15111,0.000826202,8.26202e-06,None kPa,N/A,12041,['C'],A,Low temperature calorimetry set up,"origin: commercial source,99.999 % (total),stated by supplier",99.999,Not Specified %,1961
1.19811,0.000872435,8.72435e-06,None kPa,N/A,12041,['C'],A,Low temperature calorimetry set up,"origin: commercial source,99.999 % (total),stated by supplier",99.999,Not Specified %,1961
1.21902,0.000910313,9.10313e-06,None kPa,N/A,12041,['C'],A,Low temperature calorimetry set up,"origin: commercial source,99.999 % (total),stated by supplier",99.999,Not Specified %,1961
1.22506,0.000928928,9.28928e-06,None kPa,N/A,12041,['C'],A,Low temperature calorimetry set up,"origin: commercial source,99.999 % (total),stated by supplier",99.999,Not Specified %,1961
1.23783,0.000915133,9.15133e-06,None kPa,N/A,12041,['C'],A,Low temperature calorimetry set up,"origin: commercial source,99.999 % (total),stated by supplier",99.999,Not Specified %,1961
1.28213,0.00105956,1.05956e-05,None kPa,N/A,12041,['C'],A,Low temperature calorimetry set up,"origin: commercial source,99.999 % (total),stated by supplier",99.999,Not Specified %,1961
1.31859,0.00108012,1.08012e-05,None kPa,N/A,12041,['C'],A,Low temperature calorimetry set up,"origin: commercial source,99.999 % (total),stated by supplier",99.999,Not Specified %,1961
1.34143,0.0010843,1.0843e-05,None kPa,N/A,12041,['C'],A,Low temperature calorimetry set up,"origin: commercial source,99.999 % (total),stated by supplier",99.999,Not Specified %,1961
1.35234,0.00103713,1.03713e-05,None kPa,N/A,12041,['C'],A,Low temperature calorimetry set up,"origin: commercial source,99.999 % (total),stated by supplier",99.999,Not Specified %,1961
1.37248,0.00107982,1.07982e-05,None kPa,N/A,12041,['C'],A,Low temperature calorimetry set up,"origin: commercial source,99.999 % (total),stated by supplier",99.999,Not Specified %,1961
1.45564,0.00124609,1.24609e-05,None kPa,N/A,12041,['C'],A,Low temperature calorimetry set up,"origin: commercial source,99.999 % (total),stated by supplier",99.999,Not Specified %,1961
1.46315,0.00122748,1.22748e-05,None kPa,N/A,12041,['C'],A,Low temperature calorimetry set up,"origin: commercial source,99.999 % (total),stated by supplier",99.999,Not Specified %,1961
1.46555,0.00123615,1.23615e-05,None kPa,N/A,12041,['C'],A,Low temperature calorimetry set up,"origin: commercial source,99.999 % (total),stated by supplier",99.999,Not Specified %,1961
1.49094,0.00125252,1.25252e-05,None kPa,N/A,12041,['C'],A,Low temperature calorimetry set up,"origin: commercial source,99.999 % (total),stated by supplier",99.999,Not Specified %,1961
3.0,0.00335975,3.35975e-05,None kPa,N/A,12042,['C'],A,Adiabatic calorimeter (non-vacuum) ,"origin: commercial source,99.999 % (total),stated by supplier",99.999,Not Specified %,1961
4.0,0.00581994,5.81994e-05,None kPa,N/A,12042,['C'],A,Adiabatic calorimeter (non-vacuum) ,"origin: commercial source,99.999 % (total),stated by supplier",99.999,Not Specified %,1961
5.0,0.0094391,9.4391e-05,None kPa,N/A,12042,['C'],A,Adiabatic calorimeter (non-vacuum) ,"origin: commercial source,99.999 % (total),stated by supplier",99.999,Not Specified %,1961
6.0,0.0145268,0.000145268,None kPa,N/A,12042,['C'],A,Adiabatic calorimeter (non-vacuum) ,"origin: commercial source,99.999 % (total),stated by supplier",99.999,Not Specified %,1961
7.0,0.0213761,0.000213761,None kPa,N/A,12042,['C'],A,Adiabatic calorimeter (non-vacuum) ,"origin: commercial source,99.999 % (total),stated by supplier",99.999,Not Specified %,1961
8.0,0.0303214,0.000303214,None kPa,N/A,12042,['C'],A,Adiabatic calorimeter (non-vacuum) ,"origin: commercial source,99.999 % (total),stated by supplier",99.999,Not Specified %,1961
9.0,0.0417145,0.000417145,None kPa,N/A,12042,['C'],A,Adiabatic calorimeter (non-vacuum) ,"origin: commercial source,99.999 % (total),stated by supplier",99.999,Not Specified %,1961
10.0,0.0558982,0.000558982,None kPa,N/A,12042,['C'],A,Adiabatic calorimeter (non-vacuum) ,"origin: commercial source,99.999 % (total),stated by supplier",99.999,Not Specified %,1961
12.0,0.0943074,0.000943074,None kPa,N/A,12042,['C'],A,Adiabatic calorimeter (non-vacuum) ,"origin: commercial source,99.999 % (total),stated by supplier",99.999,Not Specified %,1961
14.0,0.149243,0.00149243,None kPa,N/A,12042,['C'],A,Adiabatic calorimeter (non-vacuum) ,"origin: commercial source,99.999 % (total),stated by supplier",99.999,Not Specified %,1961
16.0,0.225183,0.00225183,None kPa,N/A,12042,['C'],A,Adiabatic calorimeter (non-vacuum) ,"origin: commercial source,99.999 % (total),stated by supplier",99.999,Not Specified %,1961
18.0,0.327524,0.00327524,None kPa,N/A,12042,['C'],A,Adiabatic calorimeter (non-vacuum) ,"origin: commercial source,99.999 % (total),stated by supplier",99.999,Not Specified %,1961
20.0,0.461914,0.00461914,None kPa,N/A,12042,['C'],A,Adiabatic calorimeter (non-vacuum) ,"origin: commercial source,99.999 % (total),stated by supplier",99.999,Not Specified %,1961
22.0,0.633876,0.00633876,None kPa,N/A,12042,['C'],A,Adiabatic calorimeter (non-vacuum) ,"origin: commercial source,99.999 % (total),stated by supplier",99.999,Not Specified %,1961
24.0,0.844331,0.00844331,None kPa,N/A,12042,['C'],A,Adiabatic calorimeter (non-vacuum) ,"origin: commercial source,99.999 % (total),stated by supplier",99.999,Not Specified %,1961
26.0,1.08993,0.0108993,None kPa,N/A,12042,['C'],A,Adiabatic calorimeter (non-vacuum) ,"origin: commercial source,99.999 % (total),stated by supplier",99.999,Not Specified %,1961
28.0,1.369,0.01369,None kPa,N/A,12042,['C'],A,Adiabatic calorimeter (non-vacuum) ,"origin: commercial source,99.999 % (total),stated by supplier",99.999,Not Specified %,1961
30.0,1.68155,0.0168155,None kPa,N/A,12042,['C'],A,Adiabatic calorimeter (non-vacuum) ,"origin: commercial source,99.999 % (total),stated by supplier",99.999,Not Specified %,1961
1.0,0.000771,3.855e-05,None kPa,N/A,12852,['C'],A,Low temperature calorimetry set up,"not stated,99.9999 mole % (total),",99.9999,Mole %,1962
2.0,0.00184,9.2e-05,None kPa,N/A,12852,['C'],A,Low temperature calorimetry set up,"not stated,99.9999 mole % (total),",99.9999,Mole %,1962
3.0,0.00351,0.0001755,None kPa,N/A,12852,['C'],A,Low temperature calorimetry set up,"not stated,99.9999 mole % (total),",99.9999,Mole %,1962
4.0,0.00608,0.000304,None kPa,N/A,12852,['C'],A,Low temperature calorimetry set up,"not stated,99.9999 mole % (total),",99.9999,Mole %,1962
5.0,0.00985,0.0004925,None kPa,N/A,12852,['C'],A,Low temperature calorimetry set up,"not stated,99.9999 mole % (total),",99.9999,Mole %,1962
6.0,0.0151,0.000755,None kPa,N/A,12852,['C'],A,Low temperature calorimetry set up,"not stated,99.9999 mole % (total),",99.9999,Mole %,1962
7.0,0.0222,0.00111,None kPa,N/A,12852,['C'],A,Low temperature calorimetry set up,"not stated,99.9999 mole % (total),",99.9999,Mole %,1962
8.0,0.0313,0.001565,None kPa,N/A,12852,['C'],A,Low temperature calorimetry set up,"not stated,99.9999 mole % (total),",99.9999,Mole %,1962
9.0,0.0429,0.002145,None kPa,N/A,12852,['C'],A,Low temperature calorimetry set up,"not stated,99.9999 mole % (total),",99.9999,Mole %,1962
10.0,0.0571,0.002855,None kPa,N/A,12852,['C'],A,Low temperature calorimetry set up,"not stated,99.9999 mole % (total),",99.9999,Mole %,1962
11.0,0.0744,0.00372,None kPa,N/A,12852,['C'],A,Low temperature calorimetry set up,"not stated,99.9999 mole % (total),",99.9999,Mole %,1962
12.0,0.0949,0.004745,None kPa,N/A,12852,['C'],A,Low temperature calorimetry set up,"not stated,99.9999 mole % (total),",99.9999,Mole %,1962
13.0,0.119,0.00595,None kPa,N/A,12852,['C'],A,Low temperature calorimetry set up,"not stated,99.9999 mole % (total),",99.9999,Mole %,1962
14.0,0.147,0.00735,None kPa,N/A,12852,['C'],A,Low temperature calorimetry set up,"not stated,99.9999 mole % (total),",99.9999,Mole %,1962
15.0,0.179,0.00895,None kPa,N/A,12852,['C'],A,Low temperature calorimetry set up,"not stated,99.9999 mole % (total),",99.9999,Mole %,1962
16.0,0.216,0.0108,None kPa,N/A,12852,['C'],A,Low temperature calorimetry set up,"not stated,99.9999 mole % (total),",99.9999,Mole %,1962
17.0,0.258,0.0129,None kPa,N/A,12852,['C'],A,Low temperature calorimetry set up,"not stated,99.9999 mole % (total),",99.9999,Mole %,1962
18.0,0.304,0.0152,None kPa,N/A,12852,['C'],A,Low temperature calorimetry set up,"not stated,99.9999 mole % (total),",99.9999,Mole %,1962
19.0,0.356,0.0178,None kPa,N/A,12852,['C'],A,Low temperature calorimetry set up,"not stated,99.9999 mole % (total),",99.9999,Mole %,1962
20.0,0.414,0.0207,None kPa,N/A,12852,['C'],A,Low temperature calorimetry set up,"not stated,99.9999 mole % (total),",99.9999,Mole %,1962
21.0,0.478,0.0239,None kPa,N/A,12852,['C'],A,Low temperature calorimetry set up,"not stated,99.9999 mole % (total),",99.9999,Mole %,1962
22.0,0.548,0.0274,None kPa,N/A,12852,['C'],A,Low temperature calorimetry set up,"not stated,99.9999 mole % (total),",99.9999,Mole %,1962
23.0,0.624,0.0312,None kPa,N/A,12852,['C'],A,Low temperature calorimetry set up,"not stated,99.9999 mole % (total),",99.9999,Mole %,1962
24.0,0.708,0.0354,None kPa,N/A,12852,['C'],A,Low temperature calorimetry set up,"not stated,99.9999 mole % (total),",99.9999,Mole %,1962
25.0,0.798,0.0399,None kPa,N/A,12852,['C'],A,Low temperature calorimetry set up,"not stated,99.9999 mole % (total),",99.9999,Mole %,1962
26.0,0.896,0.0448,None kPa,N/A,12852,['C'],A,Low temperature calorimetry set up,"not stated,99.9999 mole % (total),",99.9999,Mole %,1962
27.0,1.0,0.05,None kPa,N/A,12852,['C'],A,Low temperature calorimetry set up,"not stated,99.9999 mole % (total),",99.9999,Mole %,1962
28.0,1.12,0.056,None kPa,N/A,12852,['C'],A,Low temperature calorimetry set up,"not stated,99.9999 mole % (total),",99.9999,Mole %,1962
29.0,1.24,0.062,None kPa,N/A,12852,['C'],A,Low temperature calorimetry set up,"not stated,99.9999 mole % (total),",99.9999,Mole %,1962
30.0,1.37,0.0685,None kPa,N/A,12852,['C'],A,Low temperature calorimetry set up,"not stated,99.9999 mole % (total),",99.9999,Mole %,1962
1.0,0.000771,3.855e-05,None kPa,N/A,12853,['C'],A,Low temperature calorimetry set up,"not stated,99.9999 mole % (total),",99.9999,Mole %,1962
2.0,0.00184,9.2e-05,None kPa,N/A,12853,['C'],A,Low temperature calorimetry set up,"not stated,99.9999 mole % (total),",99.9999,Mole %,1962
3.0,0.00351,0.0001755,None kPa,N/A,12853,['C'],A,Low temperature calorimetry set up,"not stated,99.9999 mole % (total),",99.9999,Mole %,1962
4.0,0.00608,0.000304,None kPa,N/A,12853,['C'],A,Low temperature calorimetry set up,"not stated,99.9999 mole % (total),",99.9999,Mole %,1962
5.0,0.00985,0.0004925,None kPa,N/A,12853,['C'],A,Low temperature calorimetry set up,"not stated,99.9999 mole % (total),",99.9999,Mole %,1962
6.0,0.0151,0.000755,None kPa,N/A,12853,['C'],A,Low temperature calorimetry set up,"not stated,99.9999 mole % (total),",99.9999,Mole %,1962
7.0,0.0222,0.00111,None kPa,N/A,12853,['C'],A,Low temperature calorimetry set up,"not stated,99.9999 mole % (total),",99.9999,Mole %,1962
8.0,0.0313,0.001565,None kPa,N/A,12853,['C'],A,Low temperature calorimetry set up,"not stated,99.9999 mole % (total),",99.9999,Mole %,1962
9.0,0.0429,0.002145,None kPa,N/A,12853,['C'],A,Low temperature calorimetry set up,"not stated,99.9999 mole % (total),",99.9999,Mole %,1962
10.0,0.0571,0.002855,None kPa,N/A,12853,['C'],A,Low temperature calorimetry set up,"not stated,99.9999 mole % (total),",99.9999,Mole %,1962
11.0,0.0744,0.00372,None kPa,N/A,12853,['C'],A,Low temperature calorimetry set up,"not stated,99.9999 mole % (total),",99.9999,Mole %,1962
12.0,0.0949,0.004745,None kPa,N/A,12853,['C'],A,Low temperature calorimetry set up,"not stated,99.9999 mole % (total),",99.9999,Mole %,1962
13.0,0.119,0.00595,None kPa,N/A,12853,['C'],A,Low temperature calorimetry set up,"not stated,99.9999 mole % (total),",99.9999,Mole %,1962
14.0,0.147,0.00735,None kPa,N/A,12853,['C'],A,Low temperature calorimetry set up,"not stated,99.9999 mole % (total),",99.9999,Mole %,1962
15.0,0.179,0.00895,None kPa,N/A,12853,['C'],A,Low temperature calorimetry set up,"not stated,99.9999 mole % (total),",99.9999,Mole %,1962
16.0,0.216,0.0108,None kPa,N/A,12853,['C'],A,Low temperature calorimetry set up,"not stated,99.9999 mole % (total),",99.9999,Mole %,1962
17.0,0.258,0.0129,None kPa,N/A,12853,['C'],A,Low temperature calorimetry set up,"not stated,99.9999 mole % (total),",99.9999,Mole %,1962
18.0,0.304,0.0152,None kPa,N/A,12853,['C'],A,Low temperature calorimetry set up,"not stated,99.9999 mole % (total),",99.9999,Mole %,1962
19.0,0.356,0.0178,None kPa,N/A,12853,['C'],A,Low temperature calorimetry set up,"not stated,99.9999 mole % (total),",99.9999,Mole %,1962
20.0,0.414,0.0207,None kPa,N/A,12853,['C'],A,Low temperature calorimetry set up,"not stated,99.9999 mole % (total),",99.9999,Mole %,1962
21.0,0.478,0.0239,None kPa,N/A,12853,['C'],A,Low temperature calorimetry set up,"not stated,99.9999 mole % (total),",99.9999,Mole %,1962
22.0,0.548,0.0274,None kPa,N/A,12853,['C'],A,Low temperature calorimetry set up,"not stated,99.9999 mole % (total),",99.9999,Mole %,1962
23.0,0.624,0.0312,None kPa,N/A,12853,['C'],A,Low temperature calorimetry set up,"not stated,99.9999 mole % (total),",99.9999,Mole %,1962
24.0,0.708,0.0354,None kPa,N/A,12853,['C'],A,Low temperature calorimetry set up,"not stated,99.9999 mole % (total),",99.9999,Mole %,1962
25.0,0.798,0.0399,None kPa,N/A,12853,['C'],A,Low temperature calorimetry set up,"not stated,99.9999 mole % (total),",99.9999,Mole %,1962
26.0,0.896,0.0448,None kPa,N/A,12853,['C'],A,Low temperature calorimetry set up,"not stated,99.9999 mole % (total),",99.9999,Mole %,1962
27.0,1.0,0.05,None kPa,N/A,12853,['C'],A,Low temperature calorimetry set up,"not stated,99.9999 mole % (total),",99.9999,Mole %,1962
28.0,1.12,0.056,None kPa,N/A,12853,['C'],A,Low temperature calorimetry set up,"not stated,99.9999 mole % (total),",99.9999,Mole %,1962
29.0,1.24,0.062,None kPa,N/A,12853,['C'],A,Low temperature calorimetry set up,"not stated,99.9999 mole % (total),",99.9999,Mole %,1962
30.0,1.37,0.0685,None kPa,N/A,12853,['C'],A,Low temperature calorimetry set up,"not stated,99.9999 mole % (total),",99.9999,Mole %,1962
1.0,0.000779,3.895e-05,None kPa,N/A,12854,['C'],A,Low temperature calorimetry set up,"not stated,99.9999 mole % (total),",99.9999,Mole %,1962
2.0,0.0019,9.5e-05,None kPa,N/A,12854,['C'],A,Low temperature calorimetry set up,"not stated,99.9999 mole % (total),",99.9999,Mole %,1962
3.0,0.00372,0.000186,None kPa,N/A,12854,['C'],A,Low temperature calorimetry set up,"not stated,99.9999 mole % (total),",99.9999,Mole %,1962
4.0,0.00657,0.0003285,None kPa,N/A,12854,['C'],A,Low temperature calorimetry set up,"not stated,99.9999 mole % (total),",99.9999,Mole %,1962
5.0,0.0108,0.00054,None kPa,N/A,12854,['C'],A,Low temperature calorimetry set up,"not stated,99.9999 mole % (total),",99.9999,Mole %,1962
6.0,0.0168,0.00084,None kPa,N/A,12854,['C'],A,Low temperature calorimetry set up,"not stated,99.9999 mole % (total),",99.9999,Mole %,1962
7.0,0.0248,0.00124,None kPa,N/A,12854,['C'],A,Low temperature calorimetry set up,"not stated,99.9999 mole % (total),",99.9999,Mole %,1962
8.0,0.0352,0.00176,None kPa,N/A,12854,['C'],A,Low temperature calorimetry set up,"not stated,99.9999 mole % (total),",99.9999,Mole %,1962
9.0,0.0485,0.002425,None kPa,N/A,12854,['C'],A,Low temperature calorimetry set up,"not stated,99.9999 mole % (total),",99.9999,Mole %,1962
10.0,0.0648,0.00324,None kPa,N/A,12854,['C'],A,Low temperature calorimetry set up,"not stated,99.9999 mole % (total),",99.9999,Mole %,1962
11.0,0.0846,0.00423,None kPa,N/A,12854,['C'],A,Low temperature calorimetry set up,"not stated,99.9999 mole % (total),",99.9999,Mole %,1962
12.0,0.108,0.0054,None kPa,N/A,12854,['C'],A,Low temperature calorimetry set up,"not stated,99.9999 mole % (total),",99.9999,Mole %,1962
13.0,0.136,0.0068,None kPa,N/A,12854,['C'],A,Low temperature calorimetry set up,"not stated,99.9999 mole % (total),",99.9999,Mole %,1962
14.0,0.168,0.0084,None kPa,N/A,12854,['C'],A,Low temperature calorimetry set up,"not stated,99.9999 mole % (total),",99.9999,Mole %,1962
15.0,0.205,0.01025,None kPa,N/A,12854,['C'],A,Low temperature calorimetry set up,"not stated,99.9999 mole % (total),",99.9999,Mole %,1962
16.0,0.247,0.01235,None kPa,N/A,12854,['C'],A,Low temperature calorimetry set up,"not stated,99.9999 mole % (total),",99.9999,Mole %,1962
17.0,0.295,0.01475,None kPa,N/A,12854,['C'],A,Low temperature calorimetry set up,"not stated,99.9999 mole % (total),",99.9999,Mole %,1962
18.0,0.349,0.01745,None kPa,N/A,12854,['C'],A,Low temperature calorimetry set up,"not stated,99.9999 mole % (total),",99.9999,Mole %,1962
19.0,0.409,0.02045,None kPa,N/A,12854,['C'],A,Low temperature calorimetry set up,"not stated,99.9999 mole % (total),",99.9999,Mole %,1962
20.0,0.475,0.02375,None kPa,N/A,12854,['C'],A,Low temperature calorimetry set up,"not stated,99.9999 mole % (total),",99.9999,Mole %,1962
21.0,0.548,0.0274,None kPa,N/A,12854,['C'],A,Low temperature calorimetry set up,"not stated,99.9999 mole % (total),",99.9999,Mole %,1962
22.0,0.629,0.03145,None kPa,N/A,12854,['C'],A,Low temperature calorimetry set up,"not stated,99.9999 mole % (total),",99.9999,Mole %,1962
23.0,0.717,0.03585,None kPa,N/A,12854,['C'],A,Low temperature calorimetry set up,"not stated,99.9999 mole % (total),",99.9999,Mole %,1962
24.0,0.813,0.04065,None kPa,N/A,12854,['C'],A,Low temperature calorimetry set up,"not stated,99.9999 mole % (total),",99.9999,Mole %,1962
25.0,0.918,0.0459,None kPa,N/A,12854,['C'],A,Low temperature calorimetry set up,"not stated,99.9999 mole % (total),",99.9999,Mole %,1962
26.0,1.03,0.0515,None kPa,N/A,12854,['C'],A,Low temperature calorimetry set up,"not stated,99.9999 mole % (total),",99.9999,Mole %,1962
27.0,1.15,0.0575,None kPa,N/A,12854,['C'],A,Low temperature calorimetry set up,"not stated,99.9999 mole % (total),",99.9999,Mole %,1962
28.0,1.28,0.064,None kPa,N/A,12854,['C'],A,Low temperature calorimetry set up,"not stated,99.9999 mole % (total),",99.9999,Mole %,1962
29.0,1.43,0.0715,None kPa,N/A,12854,['C'],A,Low temperature calorimetry set up,"not stated,99.9999 mole % (total),",99.9999,Mole %,1962
30.0,1.58,0.079,None kPa,N/A,12854,['C'],A,Low temperature calorimetry set up,"not stated,99.9999 mole % (total),",99.9999,Mole %,1962
1.0,0.000788,3.94e-05,None kPa,N/A,12855,['C'],A,Low temperature calorimetry set up,"not stated,99.9999 mole % (total),",99.9999,Mole %,1962
2.0,0.00198,9.9e-05,None kPa,N/A,12855,['C'],A,Low temperature calorimetry set up,"not stated,99.9999 mole % (total),",99.9999,Mole %,1962
3.0,0.00396,0.000198,None kPa,N/A,12855,['C'],A,Low temperature calorimetry set up,"not stated,99.9999 mole % (total),",99.9999,Mole %,1962
4.0,0.00715,0.0003575,None kPa,N/A,12855,['C'],A,Low temperature calorimetry set up,"not stated,99.9999 mole % (total),",99.9999,Mole %,1962
5.0,0.0119,0.000595,None kPa,N/A,12855,['C'],A,Low temperature calorimetry set up,"not stated,99.9999 mole % (total),",99.9999,Mole %,1962
6.0,0.0187,0.000935,None kPa,N/A,12855,['C'],A,Low temperature calorimetry set up,"not stated,99.9999 mole % (total),",99.9999,Mole %,1962
7.0,0.0279,0.001395,None kPa,N/A,12855,['C'],A,Low temperature calorimetry set up,"not stated,99.9999 mole % (total),",99.9999,Mole %,1962
8.0,0.0399,0.001995,None kPa,N/A,12855,['C'],A,Low temperature calorimetry set up,"not stated,99.9999 mole % (total),",99.9999,Mole %,1962
9.0,0.0551,0.002755,None kPa,N/A,12855,['C'],A,Low temperature calorimetry set up,"not stated,99.9999 mole % (total),",99.9999,Mole %,1962
10.0,0.0739,0.003695,None kPa,N/A,12855,['C'],A,Low temperature calorimetry set up,"not stated,99.9999 mole % (total),",99.9999,Mole %,1962
11.0,0.0966,0.00483,None kPa,N/A,12855,['C'],A,Low temperature calorimetry set up,"not stated,99.9999 mole % (total),",99.9999,Mole %,1962
12.0,0.124,0.0062,None kPa,N/A,12855,['C'],A,Low temperature calorimetry set up,"not stated,99.9999 mole % (total),",99.9999,Mole %,1962
13.0,0.156,0.0078,None kPa,N/A,12855,['C'],A,Low temperature calorimetry set up,"not stated,99.9999 mole % (total),",99.9999,Mole %,1962
14.0,0.193,0.00965,None kPa,N/A,12855,['C'],A,Low temperature calorimetry set up,"not stated,99.9999 mole % (total),",99.9999,Mole %,1962
15.0,0.236,0.0118,None kPa,N/A,12855,['C'],A,Low temperature calorimetry set up,"not stated,99.9999 mole % (total),",99.9999,Mole %,1962
16.0,0.285,0.01425,None kPa,N/A,12855,['C'],A,Low temperature calorimetry set up,"not stated,99.9999 mole % (total),",99.9999,Mole %,1962
17.0,0.34,0.017,None kPa,N/A,12855,['C'],A,Low temperature calorimetry set up,"not stated,99.9999 mole % (total),",99.9999,Mole %,1962
18.0,0.402,0.0201,None kPa,N/A,12855,['C'],A,Low temperature calorimetry set up,"not stated,99.9999 mole % (total),",99.9999,Mole %,1962
19.0,0.471,0.02355,None kPa,N/A,12855,['C'],A,Low temperature calorimetry set up,"not stated,99.9999 mole % (total),",99.9999,Mole %,1962
20.0,0.548,0.0274,None kPa,N/A,12855,['C'],A,Low temperature calorimetry set up,"not stated,99.9999 mole % (total),",99.9999,Mole %,1962
21.0,0.632,0.0316,None kPa,N/A,12855,['C'],A,Low temperature calorimetry set up,"not stated,99.9999 mole % (total),",99.9999,Mole %,1962
22.0,0.726,0.0363,None kPa,N/A,12855,['C'],A,Low temperature calorimetry set up,"not stated,99.9999 mole % (total),",99.9999,Mole %,1962
23.0,0.828,0.0414,None kPa,N/A,12855,['C'],A,Low temperature calorimetry set up,"not stated,99.9999 mole % (total),",99.9999,Mole %,1962
24.0,0.939,0.04695,None kPa,N/A,12855,['C'],A,Low temperature calorimetry set up,"not stated,99.9999 mole % (total),",99.9999,Mole %,1962
25.0,1.06,0.053,None kPa,N/A,12855,['C'],A,Low temperature calorimetry set up,"not stated,99.9999 mole % (total),",99.9999,Mole %,1962
26.0,1.19,0.0595,None kPa,N/A,12855,['C'],A,Low temperature calorimetry set up,"not stated,99.9999 mole % (total),",99.9999,Mole %,1962
27.0,1.33,0.0665,None kPa,N/A,12855,['C'],A,Low temperature calorimetry set up,"not stated,99.9999 mole % (total),",99.9999,Mole %,1962
28.0,1.48,0.074,None kPa,N/A,12855,['C'],A,Low temperature calorimetry set up,"not stated,99.9999 mole % (total),",99.9999,Mole %,1962
29.0,1.65,0.0825,None kPa,N/A,12855,['C'],A,Low temperature calorimetry set up,"not stated,99.9999 mole % (total),",99.9999,Mole %,1962
30.0,1.82,0.091,None kPa,N/A,12855,['C'],A,Low temperature calorimetry set up,"not stated,99.9999 mole % (total),",99.9999,Mole %,1962
1.5,0.00120512,1.24427e-05,None kPa,N/A,13844,['C'],A,Vacuum adiabatic calorimetry,"not stated,99.999 %",99.999,Not Specified %,1963
1.7,0.00141726,1.4728e-05,None kPa,N/A,13844,['C'],A,Vacuum adiabatic calorimetry,"not stated,99.999 %",99.999,Not Specified %,1963
1.9,0.00164869,1.72482e-05,None kPa,N/A,13844,['C'],A,Vacuum adiabatic calorimetry,"not stated,99.999 %",99.999,Not Specified %,1963
2.1,0.0019017,2.00309e-05,None kPa,N/A,13844,['C'],A,Vacuum adiabatic calorimetry,"not stated,99.999 %",99.999,Not Specified %,1963
2.3,0.00217853,2.31036e-05,None kPa,N/A,13844,['C'],A,Vacuum adiabatic calorimetry,"not stated,99.999 %",99.999,Not Specified %,1963
2.5,0.00248148,2.64942e-05,None kPa,N/A,13844,['C'],A,Vacuum adiabatic calorimetry,"not stated,99.999 %",99.999,Not Specified %,1963
2.7,0.0028128,3.023e-05,None kPa,N/A,13844,['C'],A,Vacuum adiabatic calorimetry,"not stated,99.999 %",99.999,Not Specified %,1963
2.9,0.00317477,3.43389e-05,None kPa,N/A,13844,['C'],A,Vacuum adiabatic calorimetry,"not stated,99.999 %",99.999,Not Specified %,1963
3.1,0.00356966,3.88485e-05,None kPa,N/A,13844,['C'],A,Vacuum adiabatic calorimetry,"not stated,99.999 %",99.999,Not Specified %,1963
3.3,0.00399973,4.37863e-05,None kPa,N/A,13844,['C'],A,Vacuum adiabatic calorimetry,"not stated,99.999 %",99.999,Not Specified %,1963
3.5,0.00446726,4.918e-05,None kPa,N/A,13844,['C'],A,Vacuum adiabatic calorimetry,"not stated,99.999 %",99.999,Not Specified %,1963
3.7,0.00497452,5.50572e-05,None kPa,N/A,13844,['C'],A,Vacuum adiabatic calorimetry,"not stated,99.999 %",99.999,Not Specified %,1963
3.9,0.00552377,6.14455e-05,None kPa,N/A,13844,['C'],A,Vacuum adiabatic calorimetry,"not stated,99.999 %",99.999,Not Specified %,1963
4.1,0.00611729,6.83727e-05,None kPa,N/A,13844,['C'],A,Vacuum adiabatic calorimetry,"not stated,99.999 %",99.999,Not Specified %,1963
4.3,0.00675736,7.58663e-05,None kPa,N/A,13844,['C'],A,Vacuum adiabatic calorimetry,"not stated,99.999 %",99.999,Not Specified %,1963
4.5,0.00744622,8.39539e-05,None kPa,N/A,13844,['C'],A,Vacuum adiabatic calorimetry,"not stated,99.999 %",99.999,Not Specified %,1963
1.5,0.00120757,1.25071e-05,None kPa,N/A,13845,['C'],A,Vacuum adiabatic calorimetry,"not stated,99.999 %",99.999,Not Specified %,1963
1.7,0.00142131,1.48217e-05,None kPa,N/A,13845,['C'],A,Vacuum adiabatic calorimetry,"not stated,99.999 %",99.999,Not Specified %,1963
1.9,0.00165482,1.7379e-05,None kPa,N/A,13845,['C'],A,Vacuum adiabatic calorimetry,"not stated,99.999 %",99.999,Not Specified %,1963
2.1,0.00191043,2.02075e-05,None kPa,N/A,13845,['C'],A,Vacuum adiabatic calorimetry,"not stated,99.999 %",99.999,Not Specified %,1963
2.3,0.00219047,2.33356e-05,None kPa,N/A,13845,['C'],A,Vacuum adiabatic calorimetry,"not stated,99.999 %",99.999,Not Specified %,1963
2.5,0.00249726,2.67921e-05,None kPa,N/A,13845,['C'],A,Vacuum adiabatic calorimetry,"not stated,99.999 %",99.999,Not Specified %,1963
2.7,0.00283313,3.06053e-05,None kPa,N/A,13845,['C'],A,Vacuum adiabatic calorimetry,"not stated,99.999 %",99.999,Not Specified %,1963
2.9,0.00320041,3.4804e-05,None kPa,N/A,13845,['C'],A,Vacuum adiabatic calorimetry,"not stated,99.999 %",99.999,Not Specified %,1963
3.1,0.00360141,3.94165e-05,None kPa,N/A,13845,['C'],A,Vacuum adiabatic calorimetry,"not stated,99.999 %",99.999,Not Specified %,1963
3.3,0.00403848,4.44715e-05,None kPa,N/A,13845,['C'],A,Vacuum adiabatic calorimetry,"not stated,99.999 %",99.999,Not Specified %,1963
3.5,0.00451393,4.99975e-05,None kPa,N/A,13845,['C'],A,Vacuum adiabatic calorimetry,"not stated,99.999 %",99.999,Not Specified %,1963
3.7,0.00503009,5.6023e-05,None kPa,N/A,13845,['C'],A,Vacuum adiabatic calorimetry,"not stated,99.999 %",99.999,Not Specified %,1963
3.9,0.00558928,6.25766e-05,None kPa,N/A,13845,['C'],A,Vacuum adiabatic calorimetry,"not stated,99.999 %",99.999,Not Specified %,1963
4.1,0.00619384,6.96868e-05,None kPa,N/A,13845,['C'],A,Vacuum adiabatic calorimetry,"not stated,99.999 %",99.999,Not Specified %,1963
4.3,0.00684609,7.73823e-05,None kPa,N/A,13845,['C'],A,Vacuum adiabatic calorimetry,"not stated,99.999 %",99.999,Not Specified %,1963
4.5,0.00754835,8.56914e-05,None kPa,N/A,13845,['C'],A,Vacuum adiabatic calorimetry,"not stated,99.999 %",99.999,Not Specified %,1963
1.4,0.000969,1.938e-05,None kPa,N/A,14115,['C'],A,Low temperature calorimetry set up,"origin: commercial source,99.999 % (total),mass spectrometry,ingot",99.999,Not Specified %,1963
1.6,0.001107,2.214e-05,None kPa,N/A,14115,['C'],A,Low temperature calorimetry set up,"origin: commercial source,99.999 % (total),mass spectrometry,ingot",99.999,Not Specified %,1963
1.8,0.001246,2.492e-05,None kPa,N/A,14115,['C'],A,Low temperature calorimetry set up,"origin: commercial source,99.999 % (total),mass spectrometry,ingot",99.999,Not Specified %,1963
2.0,0.001384,2.768e-05,None kPa,N/A,14115,['C'],A,Low temperature calorimetry set up,"origin: commercial source,99.999 % (total),mass spectrometry,ingot",99.999,Not Specified %,1963
2.2,0.001522,3.044e-05,None kPa,N/A,14115,['C'],A,Low temperature calorimetry set up,"origin: commercial source,99.999 % (total),mass spectrometry,ingot",99.999,Not Specified %,1963
2.4,0.001661,3.322e-05,None kPa,N/A,14115,['C'],A,Low temperature calorimetry set up,"origin: commercial source,99.999 % (total),mass spectrometry,ingot",99.999,Not Specified %,1963
2.6,0.001799,3.598e-05,None kPa,N/A,14115,['C'],A,Low temperature calorimetry set up,"origin: commercial source,99.999 % (total),mass spectrometry,ingot",99.999,Not Specified %,1963
2.8,0.001938,3.876e-05,None kPa,N/A,14115,['C'],A,Low temperature calorimetry set up,"origin: commercial source,99.999 % (total),mass spectrometry,ingot",99.999,Not Specified %,1963
3.0,0.002076,4.152e-05,None kPa,N/A,14115,['C'],A,Low temperature calorimetry set up,"origin: commercial source,99.999 % (total),mass spectrometry,ingot",99.999,Not Specified %,1963
3.2,0.002215,4.43e-05,None kPa,N/A,14115,['C'],A,Low temperature calorimetry set up,"origin: commercial source,99.999 % (total),mass spectrometry,ingot",99.999,Not Specified %,1963
3.4,0.002353,4.706e-05,None kPa,N/A,14115,['C'],A,Low temperature calorimetry set up,"origin: commercial source,99.999 % (total),mass spectrometry,ingot",99.999,Not Specified %,1963
3.6,0.002491,4.982e-05,None kPa,N/A,14115,['C'],A,Low temperature calorimetry set up,"origin: commercial source,99.999 % (total),mass spectrometry,ingot",99.999,Not Specified %,1963
3.8,0.00263,5.26e-05,None kPa,N/A,14115,['C'],A,Low temperature calorimetry set up,"origin: commercial source,99.999 % (total),mass spectrometry,ingot",99.999,Not Specified %,1963
4.0,0.002768,5.536e-05,None kPa,N/A,14115,['C'],A,Low temperature calorimetry set up,"origin: commercial source,99.999 % (total),mass spectrometry,ingot",99.999,Not Specified %,1963
4.2,0.002907,5.814e-05,None kPa,N/A,14115,['C'],A,Low temperature calorimetry set up,"origin: commercial source,99.999 % (total),mass spectrometry,ingot",99.999,Not Specified %,1963
77.0,12.4683,0.249366,None kPa,N/A,15187,['C'],A,Drop ice or diphenyl ether calorimetry,"origin: commercial source,0.99994 weight %,mass spectrometry,ingot",0.99994,Weight %,1965
100.0,16.0666,0.321331,None kPa,N/A,15187,['C'],A,Drop ice or diphenyl ether calorimetry,"origin: commercial source,0.99994 weight %,mass spectrometry,ingot",0.99994,Weight %,1965
200.0,22.6354,0.452709,None kPa,N/A,15187,['C'],A,Drop ice or diphenyl ether calorimetry,"origin: commercial source,0.99994 weight %,mass spectrometry,ingot",0.99994,Weight %,1965
298.15,24.4346,0.488691,None kPa,N/A,15187,['C'],A,Drop ice or diphenyl ether calorimetry,"origin: commercial source,0.99994 weight %,mass spectrometry,ingot",0.99994,Weight %,1965
400.0,25.2714,0.505427,None kPa,N/A,15187,['C'],A,Drop ice or diphenyl ether calorimetry,"origin: commercial source,0.99994 weight %,mass spectrometry,ingot",0.99994,Weight %,1965
500.0,25.899,0.517979,None kPa,N/A,15187,['C'],A,Drop ice or diphenyl ether calorimetry,"origin: commercial source,0.99994 weight %,mass spectrometry,ingot",0.99994,Weight %,1965
600.0,26.5266,0.530531,None kPa,N/A,15187,['C'],A,Drop ice or diphenyl ether calorimetry,"origin: commercial source,0.99994 weight %,mass spectrometry,ingot",0.99994,Weight %,1965
700.0,27.1123,0.542246,None kPa,N/A,15187,['C'],A,Drop ice or diphenyl ether calorimetry,"origin: commercial source,0.99994 weight %,mass spectrometry,ingot",0.99994,Weight %,1965
800.0,27.6981,0.553962,None kPa,N/A,15187,['C'],A,Drop ice or diphenyl ether calorimetry,"origin: commercial source,0.99994 weight %,mass spectrometry,ingot",0.99994,Weight %,1965
1.2,0.0009171,4.4e-06,101.325 kPa,N/A,15235,['C'],A,Low temperature calorimetry set up,19030,0.99994,Weight %,1965
1.3,0.0010091,4.6e-06,None kPa,N/A,15235,['C'],A,Low temperature calorimetry set up,19030,0.99994,Weight %,1965
1.4,0.0011049,4.9e-06,None kPa,N/A,15235,['C'],A,Low temperature calorimetry set up,19030,0.99994,Weight %,1965
1.5,0.0012048,5.2e-06,None kPa,N/A,15235,['C'],A,Low temperature calorimetry set up,19030,0.99994,Weight %,1965
1.6,0.0013089,5.5e-06,None kPa,N/A,15235,['C'],A,Low temperature calorimetry set up,19030,0.99994,Weight %,1965
1.7,0.0014177,5.8e-06,None kPa,N/A,15235,['C'],A,Low temperature calorimetry set up,19030,0.99994,Weight %,1965
1.8,0.0015314,6.2e-06,None kPa,N/A,15235,['C'],A,Low temperature calorimetry set up,19030,0.99994,Weight %,1965
1.9,0.0016503,6.6e-06,None kPa,N/A,15235,['C'],A,Low temperature calorimetry set up,19030,0.99994,Weight %,1965
2.0,0.0017747,7e-06,None kPa,N/A,15235,['C'],A,Low temperature calorimetry set up,19030,0.99994,Weight %,1965
2.1,0.0019048,7.5e-06,None kPa,N/A,15235,['C'],A,Low temperature calorimetry set up,19030,0.99994,Weight %,1965
2.2,0.002041,8e-06,None kPa,N/A,15235,['C'],A,Low temperature calorimetry set up,19030,0.99994,Weight %,1965
2.3,0.0021835,8.5e-06,None kPa,N/A,15235,['C'],A,Low temperature calorimetry set up,19030,0.99994,Weight %,1965
2.4,0.0023327,9e-06,None kPa,N/A,15235,['C'],A,Low temperature calorimetry set up,19030,0.99994,Weight %,1965
2.5,0.0024888,9.7e-06,None kPa,N/A,15235,['C'],A,Low temperature calorimetry set up,19030,0.99994,Weight %,1965
2.6,0.0026521,1.03e-05,None kPa,N/A,15235,['C'],A,Low temperature calorimetry set up,19030,0.99994,Weight %,1965
2.7,0.0028229,1.1e-05,None kPa,N/A,15235,['C'],A,Low temperature calorimetry set up,19030,0.99994,Weight %,1965
2.8,0.0030015,1.18e-05,None kPa,N/A,15235,['C'],A,Low temperature calorimetry set up,19030,0.99994,Weight %,1965
2.9,0.0031882,1.26e-05,None kPa,N/A,15235,['C'],A,Low temperature calorimetry set up,19030,0.99994,Weight %,1965
3.0,0.0033832,1.35e-05,None kPa,N/A,15235,['C'],A,Low temperature calorimetry set up,19030,0.99994,Weight %,1965
3.1,0.0035869,1.44e-05,None kPa,N/A,15235,['C'],A,Low temperature calorimetry set up,19030,0.99994,Weight %,1965
3.2,0.0037995,1.54e-05,None kPa,N/A,15235,['C'],A,Low temperature calorimetry set up,19030,0.99994,Weight %,1965
3.3,0.0040214,1.65e-05,None kPa,N/A,15235,['C'],A,Low temperature calorimetry set up,19030,0.99994,Weight %,1965
3.4,0.0042528,1.76e-05,None kPa,N/A,15235,['C'],A,Low temperature calorimetry set up,19030,0.99994,Weight %,1965
3.5,0.004494,1.88e-05,None kPa,N/A,15235,['C'],A,Low temperature calorimetry set up,19030,0.99994,Weight %,1965
3.6,0.0047453,2.01e-05,None kPa,N/A,15235,['C'],A,Low temperature calorimetry set up,19030,0.99994,Weight %,1965
3.7,0.005007,2.14e-05,None kPa,N/A,15235,['C'],A,Low temperature calorimetry set up,19030,0.99994,Weight %,1965
3.8,0.0052793,2.28e-05,None kPa,N/A,15235,['C'],A,Low temperature calorimetry set up,19030,0.99994,Weight %,1965
3.9,0.0055627,2.43e-05,None kPa,N/A,15235,['C'],A,Low temperature calorimetry set up,19030,0.99994,Weight %,1965
4.0,0.0058572,2.59e-05,None kPa,N/A,15235,['C'],A,Low temperature calorimetry set up,19030,0.99994,Weight %,1965
4.1,0.0061633,2.76e-05,None kPa,N/A,15235,['C'],A,Low temperature calorimetry set up,19030,0.99994,Weight %,1965
4.2,0.0064813,2.93e-05,None kPa,N/A,15235,['C'],A,Low temperature calorimetry set up,19030,0.99994,Weight %,1965
4.3,0.0068113,3.11e-05,None kPa,N/A,15235,['C'],A,Low temperature calorimetry set up,19030,0.99994,Weight %,1965
4.4,0.0071538,3.31e-05,None kPa,N/A,15235,['C'],A,Low temperature calorimetry set up,19030,0.99994,Weight %,1965
4.5,0.0075089,3.51e-05,None kPa,N/A,15235,['C'],A,Low temperature calorimetry set up,19030,0.99994,Weight %,1965
1.2,0.0009207,6.04e-06,101.325 kPa,N/A,15236,['C'],A,Low temperature calorimetry set up,"origin: commercial source,99.999 % (total),,chunk",99.999,Not Specified %,1965
1.3,0.001013,6.46e-06,None kPa,N/A,15236,['C'],A,Low temperature calorimetry set up,"origin: commercial source,99.999 % (total),,chunk",99.999,Not Specified %,1965
1.4,0.0011091,6.9e-06,None kPa,N/A,15236,['C'],A,Low temperature calorimetry set up,"origin: commercial source,99.999 % (total),,chunk",99.999,Not Specified %,1965
1.5,0.0012093,7.35e-06,None kPa,N/A,15236,['C'],A,Low temperature calorimetry set up,"origin: commercial source,99.999 % (total),,chunk",99.999,Not Specified %,1965
1.6,0.0013137,7.82e-06,None kPa,N/A,15236,['C'],A,Low temperature calorimetry set up,"origin: commercial source,99.999 % (total),,chunk",99.999,Not Specified %,1965
1.7,0.0014228,8.3e-06,None kPa,N/A,15236,['C'],A,Low temperature calorimetry set up,"origin: commercial source,99.999 % (total),,chunk",99.999,Not Specified %,1965
1.8,0.0015368,8.8e-06,None kPa,N/A,15236,['C'],A,Low temperature calorimetry set up,"origin: commercial source,99.999 % (total),,chunk",99.999,Not Specified %,1965
1.9,0.001656,9.32e-06,None kPa,N/A,15236,['C'],A,Low temperature calorimetry set up,"origin: commercial source,99.999 % (total),,chunk",99.999,Not Specified %,1965
2.0,0.0017807,9.86e-06,None kPa,N/A,15236,['C'],A,Low temperature calorimetry set up,"origin: commercial source,99.999 % (total),,chunk",99.999,Not Specified %,1965
2.1,0.0019111,1.04e-05,None kPa,N/A,15236,['C'],A,Low temperature calorimetry set up,"origin: commercial source,99.999 % (total),,chunk",99.999,Not Specified %,1965
2.2,0.0020476,1.1e-05,None kPa,N/A,15236,['C'],A,Low temperature calorimetry set up,"origin: commercial source,99.999 % (total),,chunk",99.999,Not Specified %,1965
2.3,0.0021904,1.16e-05,None kPa,N/A,15236,['C'],A,Low temperature calorimetry set up,"origin: commercial source,99.999 % (total),,chunk",99.999,Not Specified %,1965
2.4,0.0023399,1.23e-05,None kPa,N/A,15236,['C'],A,Low temperature calorimetry set up,"origin: commercial source,99.999 % (total),,chunk",99.999,Not Specified %,1965
2.5,0.0024963,1.3e-05,None kPa,N/A,15236,['C'],A,Low temperature calorimetry set up,"origin: commercial source,99.999 % (total),,chunk",99.999,Not Specified %,1965
2.6,0.0026599,1.37e-05,None kPa,N/A,15236,['C'],A,Low temperature calorimetry set up,"origin: commercial source,99.999 % (total),,chunk",99.999,Not Specified %,1965
2.7,0.002831,1.45e-05,None kPa,N/A,15236,['C'],A,Low temperature calorimetry set up,"origin: commercial source,99.999 % (total),,chunk",99.999,Not Specified %,1965
2.8,0.0030099,1.53e-05,None kPa,N/A,15236,['C'],A,Low temperature calorimetry set up,"origin: commercial source,99.999 % (total),,chunk",99.999,Not Specified %,1965
2.9,0.0031969,1.61e-05,None kPa,N/A,15236,['C'],A,Low temperature calorimetry set up,"origin: commercial source,99.999 % (total),,chunk",99.999,Not Specified %,1965
3.0,0.0033922,1.7e-05,None kPa,N/A,15236,['C'],A,Low temperature calorimetry set up,"origin: commercial source,99.999 % (total),,chunk",99.999,Not Specified %,1965
3.1,0.0035962,1.8e-05,None kPa,N/A,15236,['C'],A,Low temperature calorimetry set up,"origin: commercial source,99.999 % (total),,chunk",99.999,Not Specified %,1965
3.2,0.0038091,1.9e-05,None kPa,N/A,15236,['C'],A,Low temperature calorimetry set up,"origin: commercial source,99.999 % (total),,chunk",99.999,Not Specified %,1965
3.3,0.0040313,2.01e-05,None kPa,N/A,15236,['C'],A,Low temperature calorimetry set up,"origin: commercial source,99.999 % (total),,chunk",99.999,Not Specified %,1965
3.4,0.004263,2.12e-05,None kPa,N/A,15236,['C'],A,Low temperature calorimetry set up,"origin: commercial source,99.999 % (total),,chunk",99.999,Not Specified %,1965
3.5,0.0045045,2.24e-05,None kPa,N/A,15236,['C'],A,Low temperature calorimetry set up,"origin: commercial source,99.999 % (total),,chunk",99.999,Not Specified %,1965
3.6,0.0047561,2.36e-05,None kPa,N/A,15236,['C'],A,Low temperature calorimetry set up,"origin: commercial source,99.999 % (total),,chunk",99.999,Not Specified %,1965
3.7,0.0050181,2.5e-05,None kPa,N/A,15236,['C'],A,Low temperature calorimetry set up,"origin: commercial source,99.999 % (total),,chunk",99.999,Not Specified %,1965
3.8,0.0052907,2.64e-05,None kPa,N/A,15236,['C'],A,Low temperature calorimetry set up,"origin: commercial source,99.999 % (total),,chunk",99.999,Not Specified %,1965
3.9,0.0055744,2.78e-05,None kPa,N/A,15236,['C'],A,Low temperature calorimetry set up,"origin: commercial source,99.999 % (total),,chunk",99.999,Not Specified %,1965
4.0,0.0058692,2.94e-05,None kPa,N/A,15236,['C'],A,Low temperature calorimetry set up,"origin: commercial source,99.999 % (total),,chunk",99.999,Not Specified %,1965
4.1,0.0061756,3.1e-05,None kPa,N/A,15236,['C'],A,Low temperature calorimetry set up,"origin: commercial source,99.999 % (total),,chunk",99.999,Not Specified %,1965
4.2,0.0064939,3.27e-05,None kPa,N/A,15236,['C'],A,Low temperature calorimetry set up,"origin: commercial source,99.999 % (total),,chunk",99.999,Not Specified %,1965
4.3,0.0068242,3.45e-05,None kPa,N/A,15236,['C'],A,Low temperature calorimetry set up,"origin: commercial source,99.999 % (total),,chunk",99.999,Not Specified %,1965
4.4,0.007167,3.64e-05,None kPa,N/A,15236,['C'],A,Low temperature calorimetry set up,"origin: commercial source,99.999 % (total),,chunk",99.999,Not Specified %,1965
4.5,0.0075224,3.84e-05,None kPa,N/A,15236,['C'],A,Low temperature calorimetry set up,"origin: commercial source,99.999 % (total),,chunk",99.999,Not Specified %,1965
2.0,0.00070209,4e-06,None kPa,N/A,16058,['C'],A,Vacuum adiabatic calorimetry,"origin: commercial source,99.999 % (total),stated by supplier",99.999,Not Specified %,1966
2.15,0.00070212,4e-06,None kPa,N/A,16058,['C'],A,Vacuum adiabatic calorimetry,"origin: commercial source,99.999 % (total),stated by supplier",99.999,Not Specified %,1966
2.3,0.00070216,4e-06,None kPa,N/A,16058,['C'],A,Vacuum adiabatic calorimetry,"origin: commercial source,99.999 % (total),stated by supplier",99.999,Not Specified %,1966
2.45,0.00070221,4e-06,None kPa,N/A,16058,['C'],A,Vacuum adiabatic calorimetry,"origin: commercial source,99.999 % (total),stated by supplier",99.999,Not Specified %,1966
2.6,0.00070226,4e-06,None kPa,N/A,16058,['C'],A,Vacuum adiabatic calorimetry,"origin: commercial source,99.999 % (total),stated by supplier",99.999,Not Specified %,1966
2.75,0.00070233,4e-06,None kPa,N/A,16058,['C'],A,Vacuum adiabatic calorimetry,"origin: commercial source,99.999 % (total),stated by supplier",99.999,Not Specified %,1966
2.9,0.0007024,4e-06,None kPa,N/A,16058,['C'],A,Vacuum adiabatic calorimetry,"origin: commercial source,99.999 % (total),stated by supplier",99.999,Not Specified %,1966
3.05,0.00070249,4e-06,None kPa,N/A,16058,['C'],A,Vacuum adiabatic calorimetry,"origin: commercial source,99.999 % (total),stated by supplier",99.999,Not Specified %,1966
3.2,0.0007026,4e-06,None kPa,N/A,16058,['C'],A,Vacuum adiabatic calorimetry,"origin: commercial source,99.999 % (total),stated by supplier",99.999,Not Specified %,1966
3.35,0.00070272,4e-06,None kPa,N/A,16058,['C'],A,Vacuum adiabatic calorimetry,"origin: commercial source,99.999 % (total),stated by supplier",99.999,Not Specified %,1966
3.5,0.00070286,4e-06,None kPa,N/A,16058,['C'],A,Vacuum adiabatic calorimetry,"origin: commercial source,99.999 % (total),stated by supplier",99.999,Not Specified %,1966
3.65,0.00070301,4e-06,None kPa,N/A,16058,['C'],A,Vacuum adiabatic calorimetry,"origin: commercial source,99.999 % (total),stated by supplier",99.999,Not Specified %,1966
3.8,0.00070319,4e-06,None kPa,N/A,16058,['C'],A,Vacuum adiabatic calorimetry,"origin: commercial source,99.999 % (total),stated by supplier",99.999,Not Specified %,1966
3.95,0.00070339,4e-06,None kPa,N/A,16058,['C'],A,Vacuum adiabatic calorimetry,"origin: commercial source,99.999 % (total),stated by supplier",99.999,Not Specified %,1966
4.0,0.00069747,4e-06,None kPa,N/A,16058,['C'],A,Vacuum adiabatic calorimetry,"origin: commercial source,99.999 % (total),stated by supplier",99.999,Not Specified %,1966
2.0,0.00069609,4e-06,None kPa,N/A,16058,['C'],A,Vacuum adiabatic calorimetry,"origin: commercial source,99.999 % (total),stated by supplier",99.999,Not Specified %,1966
2.15,0.00069612,4e-06,None kPa,N/A,16058,['C'],A,Vacuum adiabatic calorimetry,"origin: commercial source,99.999 % (total),stated by supplier",99.999,Not Specified %,1966
2.3,0.00069616,4e-06,None kPa,N/A,16058,['C'],A,Vacuum adiabatic calorimetry,"origin: commercial source,99.999 % (total),stated by supplier",99.999,Not Specified %,1966
2.45,0.00069621,4e-06,None kPa,N/A,16058,['C'],A,Vacuum adiabatic calorimetry,"origin: commercial source,99.999 % (total),stated by supplier",99.999,Not Specified %,1966
2.6,0.00069626,4e-06,None kPa,N/A,16058,['C'],A,Vacuum adiabatic calorimetry,"origin: commercial source,99.999 % (total),stated by supplier",99.999,Not Specified %,1966
2.75,0.00069633,4e-06,None kPa,N/A,16058,['C'],A,Vacuum adiabatic calorimetry,"origin: commercial source,99.999 % (total),stated by supplier",99.999,Not Specified %,1966
2.9,0.00069641,4e-06,None kPa,N/A,16058,['C'],A,Vacuum adiabatic calorimetry,"origin: commercial source,99.999 % (total),stated by supplier",99.999,Not Specified %,1966
3.05,0.0006965,4e-06,None kPa,N/A,16058,['C'],A,Vacuum adiabatic calorimetry,"origin: commercial source,99.999 % (total),stated by supplier",99.999,Not Specified %,1966
3.2,0.0006966,4e-06,None kPa,N/A,16058,['C'],A,Vacuum adiabatic calorimetry,"origin: commercial source,99.999 % (total),stated by supplier",99.999,Not Specified %,1966
3.35,0.00069672,4e-06,None kPa,N/A,16058,['C'],A,Vacuum adiabatic calorimetry,"origin: commercial source,99.999 % (total),stated by supplier",99.999,Not Specified %,1966
3.5,0.00069686,4e-06,None kPa,N/A,16058,['C'],A,Vacuum adiabatic calorimetry,"origin: commercial source,99.999 % (total),stated by supplier",99.999,Not Specified %,1966
3.65,0.00069702,4e-06,None kPa,N/A,16058,['C'],A,Vacuum adiabatic calorimetry,"origin: commercial source,99.999 % (total),stated by supplier",99.999,Not Specified %,1966
3.8,0.0006972,4e-06,None kPa,N/A,16058,['C'],A,Vacuum adiabatic calorimetry,"origin: commercial source,99.999 % (total),stated by supplier",99.999,Not Specified %,1966
3.95,0.0006974,4e-06,None kPa,N/A,16058,['C'],A,Vacuum adiabatic calorimetry,"origin: commercial source,99.999 % (total),stated by supplier",99.999,Not Specified %,1966
4.0,0.00069747,4e-06,None kPa,N/A,16058,['C'],A,Vacuum adiabatic calorimetry,"origin: commercial source,99.999 % (total),stated by supplier",99.999,Not Specified %,1966
3.0,0.00335975,1.67988e-05,None kPa,N/A,16405,['C'],A,Low temperature calorimetry set up,"origin: commercial source,99.999 weight % (total),spectroscopy,rod",99.999,Weight %,1966
4.0,0.00579484,2.89742e-05,None kPa,N/A,16405,['C'],A,Low temperature calorimetry set up,"origin: commercial source,99.999 weight % (total),spectroscopy,rod",99.999,Weight %,1966
5.0,0.0100416,5.0208e-05,None kPa,N/A,16405,['C'],A,Low temperature calorimetry set up,"origin: commercial source,99.999 weight % (total),spectroscopy,rod",99.999,Weight %,1966
6.0,0.014393,7.19648e-05,None kPa,N/A,16405,['C'],A,Low temperature calorimetry set up,"origin: commercial source,99.999 weight % (total),spectroscopy,rod",99.999,Weight %,1966
7.0,0.0211836,0.000105918,None kPa,N/A,16405,['C'],A,Low temperature calorimetry set up,"origin: commercial source,99.999 weight % (total),spectroscopy,rod",99.999,Weight %,1966
8.0,0.0300453,0.000150227,None kPa,N/A,16405,['C'],A,Low temperature calorimetry set up,"origin: commercial source,99.999 weight % (total),spectroscopy,rod",99.999,Weight %,1966
9.0,0.0413296,0.000206648,None kPa,N/A,16405,['C'],A,Low temperature calorimetry set up,"origin: commercial source,99.999 weight % (total),spectroscopy,rod",99.999,Weight %,1966
10.0,0.0553962,0.000276981,None kPa,N/A,16405,['C'],A,Low temperature calorimetry set up,"origin: commercial source,99.999 weight % (total),spectroscopy,rod",99.999,Weight %,1966
11.0,0.0727179,0.00036359,None kPa,N/A,16405,['C'],A,Low temperature calorimetry set up,"origin: commercial source,99.999 weight % (total),spectroscopy,rod",99.999,Weight %,1966
12.0,0.0936379,0.00046819,None kPa,N/A,16405,['C'],A,Low temperature calorimetry set up,"origin: commercial source,99.999 weight % (total),spectroscopy,rod",99.999,Weight %,1966
13.0,0.118867,0.000594337,None kPa,N/A,16405,['C'],A,Low temperature calorimetry set up,"origin: commercial source,99.999 weight % (total),spectroscopy,rod",99.999,Weight %,1966
14.0,0.148741,0.000743706,None kPa,N/A,16405,['C'],A,Low temperature calorimetry set up,"origin: commercial source,99.999 weight % (total),spectroscopy,rod",99.999,Weight %,1966
15.0,0.184012,0.000920062,None kPa,N/A,16405,['C'],A,Low temperature calorimetry set up,"origin: commercial source,99.999 weight % (total),spectroscopy,rod",99.999,Weight %,1966
16.0,0.225183,0.00112591,None kPa,N/A,16405,['C'],A,Low temperature calorimetry set up,"origin: commercial source,99.999 weight % (total),spectroscopy,rod",99.999,Weight %,1966
17.0,0.273257,0.00136629,None kPa,N/A,16405,['C'],A,Low temperature calorimetry set up,"origin: commercial source,99.999 weight % (total),spectroscopy,rod",99.999,Weight %,1966
18.0,0.327984,0.00163992,None kPa,N/A,16405,['C'],A,Low temperature calorimetry set up,"origin: commercial source,99.999 weight % (total),spectroscopy,rod",99.999,Weight %,1966
19.0,0.391037,0.00195518,None kPa,N/A,16405,['C'],A,Low temperature calorimetry set up,"origin: commercial source,99.999 weight % (total),spectroscopy,rod",99.999,Weight %,1966
20.0,0.46275,0.00231375,None kPa,N/A,16405,['C'],A,Low temperature calorimetry set up,"origin: commercial source,99.999 weight % (total),spectroscopy,rod",99.999,Weight %,1966
21.0,0.543502,0.00271751,None kPa,N/A,16405,['C'],A,Low temperature calorimetry set up,"origin: commercial source,99.999 weight % (total),spectroscopy,rod",99.999,Weight %,1966
22.0,0.633458,0.00316729,None kPa,N/A,16405,['C'],A,Low temperature calorimetry set up,"origin: commercial source,99.999 weight % (total),spectroscopy,rod",99.999,Weight %,1966
23.0,0.733037,0.00366518,None kPa,N/A,16405,['C'],A,Low temperature calorimetry set up,"origin: commercial source,99.999 weight % (total),spectroscopy,rod",99.999,Weight %,1966
24.0,0.843076,0.00421538,None kPa,N/A,16405,['C'],A,Low temperature calorimetry set up,"origin: commercial source,99.999 weight % (total),spectroscopy,rod",99.999,Weight %,1966
25.0,0.963157,0.00481578,None kPa,N/A,16405,['C'],A,Low temperature calorimetry set up,"origin: commercial source,99.999 weight % (total),spectroscopy,rod",99.999,Weight %,1966
26.0,1.09286,0.0054643,None kPa,N/A,16405,['C'],A,Low temperature calorimetry set up,"origin: commercial source,99.999 weight % (total),spectroscopy,rod",99.999,Weight %,1966
27.0,1.23093,0.00615466,None kPa,N/A,16405,['C'],A,Low temperature calorimetry set up,"origin: commercial source,99.999 weight % (total),spectroscopy,rod",99.999,Weight %,1966
28.0,1.37612,0.00688059,None kPa,N/A,16405,['C'],A,Low temperature calorimetry set up,"origin: commercial source,99.999 weight % (total),spectroscopy,rod",99.999,Weight %,1966
29.0,1.52758,0.00763789,None kPa,N/A,16405,['C'],A,Low temperature calorimetry set up,"origin: commercial source,99.999 weight % (total),spectroscopy,rod",99.999,Weight %,1966
30.0,1.68532,0.00842658,None kPa,N/A,16405,['C'],A,Low temperature calorimetry set up,"origin: commercial source,99.999 weight % (total),spectroscopy,rod",99.999,Weight %,1966
0.38238,0.000292205,2.92205e-06,None kPa,N/A,16956,['C'],A,Vacuum adiabatic calorimetry,"origin: commercial source,99.999 % (total),stated by supplier",99.999,Not Specified %,1967
0.39322,0.000304566,3.04566e-06,None kPa,N/A,16956,['C'],A,Vacuum adiabatic calorimetry,"origin: commercial source,99.999 % (total),stated by supplier",99.999,Not Specified %,1967
0.39825,0.000303272,3.03272e-06,None kPa,N/A,16956,['C'],A,Vacuum adiabatic calorimetry,"origin: commercial source,99.999 % (total),stated by supplier",99.999,Not Specified %,1967
0.39889,0.000312333,3.12333e-06,None kPa,N/A,16956,['C'],A,Vacuum adiabatic calorimetry,"origin: commercial source,99.999 % (total),stated by supplier",99.999,Not Specified %,1967
0.43376,0.000337455,3.37455e-06,None kPa,N/A,16956,['C'],A,Vacuum adiabatic calorimetry,"origin: commercial source,99.999 % (total),stated by supplier",99.999,Not Specified %,1967
0.43744,0.000342985,3.42985e-06,None kPa,N/A,16956,['C'],A,Vacuum adiabatic calorimetry,"origin: commercial source,99.999 % (total),stated by supplier",99.999,Not Specified %,1967
0.45906,0.000370287,3.70287e-06,None kPa,N/A,16956,['C'],A,Vacuum adiabatic calorimetry,"origin: commercial source,99.999 % (total),stated by supplier",99.999,Not Specified %,1967
0.47667,0.000389124,3.89124e-06,None kPa,N/A,16956,['C'],A,Vacuum adiabatic calorimetry,"origin: commercial source,99.999 % (total),stated by supplier",99.999,Not Specified %,1967
0.48893,0.000391148,3.91148e-06,None kPa,N/A,16956,['C'],A,Vacuum adiabatic calorimetry,"origin: commercial source,99.999 % (total),stated by supplier",99.999,Not Specified %,1967
0.4984,0.000410477,4.10477e-06,None kPa,N/A,16956,['C'],A,Vacuum adiabatic calorimetry,"origin: commercial source,99.999 % (total),stated by supplier",99.999,Not Specified %,1967
0.50597,0.000414781,4.14781e-06,None kPa,N/A,16956,['C'],A,Vacuum adiabatic calorimetry,"origin: commercial source,99.999 % (total),stated by supplier",99.999,Not Specified %,1967
0.53097,0.000443492,4.43492e-06,None kPa,N/A,16956,['C'],A,Vacuum adiabatic calorimetry,"origin: commercial source,99.999 % (total),stated by supplier",99.999,Not Specified %,1967
0.55094,0.000458046,4.58046e-06,None kPa,N/A,16956,['C'],A,Vacuum adiabatic calorimetry,"origin: commercial source,99.999 % (total),stated by supplier",99.999,Not Specified %,1967
0.56113,0.000474631,4.74631e-06,None kPa,N/A,16956,['C'],A,Vacuum adiabatic calorimetry,"origin: commercial source,99.999 % (total),stated by supplier",99.999,Not Specified %,1967
0.56251,0.000478453,4.78453e-06,None kPa,N/A,16956,['C'],A,Vacuum adiabatic calorimetry,"origin: commercial source,99.999 % (total),stated by supplier",99.999,Not Specified %,1967
0.58537,0.000496177,4.96177e-06,None kPa,N/A,16956,['C'],A,Vacuum adiabatic calorimetry,"origin: commercial source,99.999 % (total),stated by supplier",99.999,Not Specified %,1967
0.60274,0.000523625,5.23625e-06,None kPa,N/A,16956,['C'],A,Vacuum adiabatic calorimetry,"origin: commercial source,99.999 % (total),stated by supplier",99.999,Not Specified %,1967
0.62469,0.000553721,5.53721e-06,None kPa,N/A,16956,['C'],A,Vacuum adiabatic calorimetry,"origin: commercial source,99.999 % (total),stated by supplier",99.999,Not Specified %,1967
0.65379,0.000589961,5.89961e-06,None kPa,N/A,16956,['C'],A,Vacuum adiabatic calorimetry,"origin: commercial source,99.999 % (total),stated by supplier",99.999,Not Specified %,1967
0.69749,0.000650202,6.50202e-06,None kPa,N/A,16956,['C'],A,Vacuum adiabatic calorimetry,"origin: commercial source,99.999 % (total),stated by supplier",99.999,Not Specified %,1967
0.71175,0.00066707,6.6707e-06,None kPa,N/A,16956,['C'],A,Vacuum adiabatic calorimetry,"origin: commercial source,99.999 % (total),stated by supplier",99.999,Not Specified %,1967
0.71407,0.000664376,6.64376e-06,None kPa,N/A,16956,['C'],A,Vacuum adiabatic calorimetry,"origin: commercial source,99.999 % (total),stated by supplier",99.999,Not Specified %,1967
0.73123,0.000691639,6.91639e-06,None kPa,N/A,16956,['C'],A,Vacuum adiabatic calorimetry,"origin: commercial source,99.999 % (total),stated by supplier",99.999,Not Specified %,1967
0.78192,0.000771719,7.71719e-06,None kPa,N/A,16956,['C'],A,Vacuum adiabatic calorimetry,"origin: commercial source,99.999 % (total),stated by supplier",99.999,Not Specified %,1967
0.84405,0.00087432,8.7432e-06,None kPa,N/A,16956,['C'],A,Vacuum adiabatic calorimetry,"origin: commercial source,99.999 % (total),stated by supplier",99.999,Not Specified %,1967
0.90864,0.000991522,9.91522e-06,None kPa,N/A,16956,['C'],A,Vacuum adiabatic calorimetry,"origin: commercial source,99.999 % (total),stated by supplier",99.999,Not Specified %,1967
0.91458,0.000999867,9.99867e-06,None kPa,N/A,16956,['C'],A,Vacuum adiabatic calorimetry,"origin: commercial source,99.999 % (total),stated by supplier",99.999,Not Specified %,1967
0.95057,0.00107111,1.07111e-05,None kPa,N/A,16956,['C'],A,Vacuum adiabatic calorimetry,"origin: commercial source,99.999 % (total),stated by supplier",99.999,Not Specified %,1967
0.96489,0.0011052,1.1052e-05,None kPa,N/A,16956,['C'],A,Vacuum adiabatic calorimetry,"origin: commercial source,99.999 % (total),stated by supplier",99.999,Not Specified %,1967
0.97418,0.00111779,1.11779e-05,None kPa,N/A,16956,['C'],A,Vacuum adiabatic calorimetry,"origin: commercial source,99.999 % (total),stated by supplier",99.999,Not Specified %,1967
1.02603,0.00122839,1.22839e-05,None kPa,N/A,16956,['C'],A,Vacuum adiabatic calorimetry,"origin: commercial source,99.999 % (total),stated by supplier",99.999,Not Specified %,1967
1.03529,0.00125431,1.25431e-05,None kPa,N/A,16956,['C'],A,Vacuum adiabatic calorimetry,"origin: commercial source,99.999 % (total),stated by supplier",99.999,Not Specified %,1967
1.0438,0.00126996,1.26996e-05,None kPa,N/A,16956,['C'],A,Vacuum adiabatic calorimetry,"origin: commercial source,99.999 % (total),stated by supplier",99.999,Not Specified %,1967
1.11054,0.00143164,1.43164e-05,None kPa,N/A,16956,['C'],A,Vacuum adiabatic calorimetry,"origin: commercial source,99.999 % (total),stated by supplier",99.999,Not Specified %,1967
1.12193,0.00145433,1.45433e-05,None kPa,N/A,16956,['C'],A,Vacuum adiabatic calorimetry,"origin: commercial source,99.999 % (total),stated by supplier",99.999,Not Specified %,1967
1.13095,0.00147004,1.47004e-05,None kPa,N/A,16956,['C'],A,Vacuum adiabatic calorimetry,"origin: commercial source,99.999 % (total),stated by supplier",99.999,Not Specified %,1967
1.13277,0.00147901,1.47901e-05,None kPa,N/A,16956,['C'],A,Vacuum adiabatic calorimetry,"origin: commercial source,99.999 % (total),stated by supplier",99.999,Not Specified %,1967
1.1525,0.00153568,1.53568e-05,None kPa,N/A,16956,['C'],A,Vacuum adiabatic calorimetry,"origin: commercial source,99.999 % (total),stated by supplier",99.999,Not Specified %,1967
1.19265,0.0016353,1.6353e-05,None kPa,N/A,16956,['C'],A,Vacuum adiabatic calorimetry,"origin: commercial source,99.999 % (total),stated by supplier",99.999,Not Specified %,1967
1.19346,0.00164882,1.64882e-05,None kPa,N/A,16956,['C'],A,Vacuum adiabatic calorimetry,"origin: commercial source,99.999 % (total),stated by supplier",99.999,Not Specified %,1967
1.19468,0.00164445,1.64445e-05,None kPa,N/A,16956,['C'],A,Vacuum adiabatic calorimetry,"origin: commercial source,99.999 % (total),stated by supplier",99.999,Not Specified %,1967
1.24075,0.00176109,1.76109e-05,None kPa,N/A,16956,['C'],A,Vacuum adiabatic calorimetry,"origin: commercial source,99.999 % (total),stated by supplier",99.999,Not Specified %,1967
1.24614,0.00179319,1.79319e-05,None kPa,N/A,16956,['C'],A,Vacuum adiabatic calorimetry,"origin: commercial source,99.999 % (total),stated by supplier",99.999,Not Specified %,1967
1.28098,0.00188935,1.88935e-05,None kPa,N/A,16956,['C'],A,Vacuum adiabatic calorimetry,"origin: commercial source,99.999 % (total),stated by supplier",99.999,Not Specified %,1967
1.29777,0.0019318,1.9318e-05,None kPa,N/A,16956,['C'],A,Vacuum adiabatic calorimetry,"origin: commercial source,99.999 % (total),stated by supplier",99.999,Not Specified %,1967
1.31406,0.00199699,1.99699e-05,None kPa,N/A,16956,['C'],A,Vacuum adiabatic calorimetry,"origin: commercial source,99.999 % (total),stated by supplier",99.999,Not Specified %,1967
1.3149,0.00201323,2.01323e-05,None kPa,N/A,16956,['C'],A,Vacuum adiabatic calorimetry,"origin: commercial source,99.999 % (total),stated by supplier",99.999,Not Specified %,1967
1.32747,0.00203646,2.03646e-05,None kPa,N/A,16956,['C'],A,Vacuum adiabatic calorimetry,"origin: commercial source,99.999 % (total),stated by supplier",99.999,Not Specified %,1967
1.33389,0.00204749,2.04749e-05,None kPa,N/A,16956,['C'],A,Vacuum adiabatic calorimetry,"origin: commercial source,99.999 % (total),stated by supplier",99.999,Not Specified %,1967
1.37377,0.00217116,2.17116e-05,None kPa,N/A,16956,['C'],A,Vacuum adiabatic calorimetry,"origin: commercial source,99.999 % (total),stated by supplier",99.999,Not Specified %,1967
1.38285,0.00221309,2.21309e-05,None kPa,N/A,16956,['C'],A,Vacuum adiabatic calorimetry,"origin: commercial source,99.999 % (total),stated by supplier",99.999,Not Specified %,1967
1.40781,0.00230853,2.30853e-05,None kPa,N/A,16956,['C'],A,Vacuum adiabatic calorimetry,"origin: commercial source,99.999 % (total),stated by supplier",99.999,Not Specified %,1967
1.42522,0.00237759,2.37759e-05,None kPa,N/A,16956,['C'],A,Vacuum adiabatic calorimetry,"origin: commercial source,99.999 % (total),stated by supplier",99.999,Not Specified %,1967
1.43115,0.00241618,2.41618e-05,None kPa,N/A,16956,['C'],A,Vacuum adiabatic calorimetry,"origin: commercial source,99.999 % (total),stated by supplier",99.999,Not Specified %,1967
1.48466,0.00257642,2.57642e-05,None kPa,N/A,16956,['C'],A,Vacuum adiabatic calorimetry,"origin: commercial source,99.999 % (total),stated by supplier",99.999,Not Specified %,1967
1.48576,0.00259562,2.59562e-05,None kPa,N/A,16956,['C'],A,Vacuum adiabatic calorimetry,"origin: commercial source,99.999 % (total),stated by supplier",99.999,Not Specified %,1967
1.53224,0.00280988,2.80988e-05,None kPa,N/A,16956,['C'],A,Vacuum adiabatic calorimetry,"origin: commercial source,99.999 % (total),stated by supplier",99.999,Not Specified %,1967
1.56916,0.00295783,2.95783e-05,None kPa,N/A,16956,['C'],A,Vacuum adiabatic calorimetry,"origin: commercial source,99.999 % (total),stated by supplier",99.999,Not Specified %,1967
1.57511,0.0029746,2.9746e-05,None kPa,N/A,16956,['C'],A,Vacuum adiabatic calorimetry,"origin: commercial source,99.999 % (total),stated by supplier",99.999,Not Specified %,1967
1.6047,0.0030907,3.0907e-05,None kPa,N/A,16956,['C'],A,Vacuum adiabatic calorimetry,"origin: commercial source,99.999 % (total),stated by supplier",99.999,Not Specified %,1967
1.60618,0.00307951,3.07951e-05,None kPa,N/A,16956,['C'],A,Vacuum adiabatic calorimetry,"origin: commercial source,99.999 % (total),stated by supplier",99.999,Not Specified %,1967
1.62074,0.00315598,3.15598e-05,None kPa,N/A,16956,['C'],A,Vacuum adiabatic calorimetry,"origin: commercial source,99.999 % (total),stated by supplier",99.999,Not Specified %,1967
1.68759,0.00347304,3.47304e-05,None kPa,N/A,16956,['C'],A,Vacuum adiabatic calorimetry,"origin: commercial source,99.999 % (total),stated by supplier",99.999,Not Specified %,1967
1.68938,0.00349242,3.49242e-05,None kPa,N/A,16956,['C'],A,Vacuum adiabatic calorimetry,"origin: commercial source,99.999 % (total),stated by supplier",99.999,Not Specified %,1967
1.71454,0.00359002,3.59002e-05,None kPa,N/A,16956,['C'],A,Vacuum adiabatic calorimetry,"origin: commercial source,99.999 % (total),stated by supplier",99.999,Not Specified %,1967
1.72355,0.00365363,3.65363e-05,None kPa,N/A,16956,['C'],A,Vacuum adiabatic calorimetry,"origin: commercial source,99.999 % (total),stated by supplier",99.999,Not Specified %,1967
1.74002,0.00372331,3.72331e-05,None kPa,N/A,16956,['C'],A,Vacuum adiabatic calorimetry,"origin: commercial source,99.999 % (total),stated by supplier",99.999,Not Specified %,1967
1.75195,0.00376124,3.76124e-05,None kPa,N/A,16956,['C'],A,Vacuum adiabatic calorimetry,"origin: commercial source,99.999 % (total),stated by supplier",99.999,Not Specified %,1967
1.76418,0.00383466,3.83466e-05,None kPa,N/A,16956,['C'],A,Vacuum adiabatic calorimetry,"origin: commercial source,99.999 % (total),stated by supplier",99.999,Not Specified %,1967
1.76875,0.00386745,3.86745e-05,None kPa,N/A,16956,['C'],A,Vacuum adiabatic calorimetry,"origin: commercial source,99.999 % (total),stated by supplier",99.999,Not Specified %,1967
1.81506,0.00411922,4.11922e-05,None kPa,N/A,16956,['C'],A,Vacuum adiabatic calorimetry,"origin: commercial source,99.999 % (total),stated by supplier",99.999,Not Specified %,1967
1.82345,0.00415528,4.15528e-05,None kPa,N/A,16956,['C'],A,Vacuum adiabatic calorimetry,"origin: commercial source,99.999 % (total),stated by supplier",99.999,Not Specified %,1967
1.87003,0.00441739,4.41739e-05,None kPa,N/A,16956,['C'],A,Vacuum adiabatic calorimetry,"origin: commercial source,99.999 % (total),stated by supplier",99.999,Not Specified %,1967
1.90145,0.00459455,4.59455e-05,None kPa,N/A,16956,['C'],A,Vacuum adiabatic calorimetry,"origin: commercial source,99.999 % (total),stated by supplier",99.999,Not Specified %,1967
1.90896,0.00464368,4.64368e-05,None kPa,N/A,16956,['C'],A,Vacuum adiabatic calorimetry,"origin: commercial source,99.999 % (total),stated by supplier",99.999,Not Specified %,1967
1.92486,0.00473249,4.73249e-05,None kPa,N/A,16956,['C'],A,Vacuum adiabatic calorimetry,"origin: commercial source,99.999 % (total),stated by supplier",99.999,Not Specified %,1967
1.95073,0.00489122,4.89122e-05,None kPa,N/A,16956,['C'],A,Vacuum adiabatic calorimetry,"origin: commercial source,99.999 % (total),stated by supplier",99.999,Not Specified %,1967
2.04677,0.00550747,5.50747e-05,None kPa,N/A,16956,['C'],A,Vacuum adiabatic calorimetry,"origin: commercial source,99.999 % (total),stated by supplier",99.999,Not Specified %,1967
2.06473,0.00563304,5.63304e-05,None kPa,N/A,16956,['C'],A,Vacuum adiabatic calorimetry,"origin: commercial source,99.999 % (total),stated by supplier",99.999,Not Specified %,1967
2.12184,0.00603139,6.03139e-05,None kPa,N/A,16956,['C'],A,Vacuum adiabatic calorimetry,"origin: commercial source,99.999 % (total),stated by supplier",99.999,Not Specified %,1967
2.13509,0.00612023,6.12023e-05,None kPa,N/A,16956,['C'],A,Vacuum adiabatic calorimetry,"origin: commercial source,99.999 % (total),stated by supplier",99.999,Not Specified %,1967
2.15319,0.00625366,6.25366e-05,None kPa,N/A,16956,['C'],A,Vacuum adiabatic calorimetry,"origin: commercial source,99.999 % (total),stated by supplier",99.999,Not Specified %,1967
2.23116,0.00684223,6.84223e-05,None kPa,N/A,16956,['C'],A,Vacuum adiabatic calorimetry,"origin: commercial source,99.999 % (total),stated by supplier",99.999,Not Specified %,1967
2.2653,0.0071021,7.1021e-05,None kPa,N/A,16956,['C'],A,Vacuum adiabatic calorimetry,"origin: commercial source,99.999 % (total),stated by supplier",99.999,Not Specified %,1967
2.33239,0.0076677,7.6677e-05,None kPa,N/A,16956,['C'],A,Vacuum adiabatic calorimetry,"origin: commercial source,99.999 % (total),stated by supplier",99.999,Not Specified %,1967
1.84,0.001551,0.00024,None kPa,N/A,16957,['C'],A,Vacuum adiabatic calorimetry,"origin: commercial source,99.999 % (total),stated by supplier",99.999,Not Specified %,1967
1.98,0.001719,0.0002,None kPa,N/A,16957,['C'],A,Vacuum adiabatic calorimetry,"origin: commercial source,99.999 % (total),stated by supplier",99.999,Not Specified %,1967
2.02,0.00181,0.00018,None kPa,N/A,16957,['C'],A,Vacuum adiabatic calorimetry,"origin: commercial source,99.999 % (total),stated by supplier",99.999,Not Specified %,1967
2.09,0.001898,0.00016,None kPa,N/A,16957,['C'],A,Vacuum adiabatic calorimetry,"origin: commercial source,99.999 % (total),stated by supplier",99.999,Not Specified %,1967
2.16,0.001996,0.00013,None kPa,N/A,16957,['C'],A,Vacuum adiabatic calorimetry,"origin: commercial source,99.999 % (total),stated by supplier",99.999,Not Specified %,1967
2.16,0.001973,0.00013,None kPa,N/A,16957,['C'],A,Vacuum adiabatic calorimetry,"origin: commercial source,99.999 % (total),stated by supplier",99.999,Not Specified %,1967
2.19,0.002015,0.00012,None kPa,N/A,16957,['C'],A,Vacuum adiabatic calorimetry,"origin: commercial source,99.999 % (total),stated by supplier",99.999,Not Specified %,1967
2.24,0.002119,0.00011,None kPa,N/A,16957,['C'],A,Vacuum adiabatic calorimetry,"origin: commercial source,99.999 % (total),stated by supplier",99.999,Not Specified %,1967
2.3,0.0022,9e-05,None kPa,N/A,16957,['C'],A,Vacuum adiabatic calorimetry,"origin: commercial source,99.999 % (total),stated by supplier",99.999,Not Specified %,1967
2.34,0.002271,7e-05,None kPa,N/A,16957,['C'],A,Vacuum adiabatic calorimetry,"origin: commercial source,99.999 % (total),stated by supplier",99.999,Not Specified %,1967
2.43,0.002427,4e-05,None kPa,N/A,16957,['C'],A,Vacuum adiabatic calorimetry,"origin: commercial source,99.999 % (total),stated by supplier",99.999,Not Specified %,1967
2.48,0.002454,2e-05,None kPa,N/A,16957,['C'],A,Vacuum adiabatic calorimetry,"origin: commercial source,99.999 % (total),stated by supplier",99.999,Not Specified %,1967
2.53,0.00254,1e-05,None kPa,N/A,16957,['C'],A,Vacuum adiabatic calorimetry,"origin: commercial source,99.999 % (total),stated by supplier",99.999,Not Specified %,1967
2.63,0.002733,3e-05,None kPa,N/A,16957,['C'],A,Vacuum adiabatic calorimetry,"origin: commercial source,99.999 % (total),stated by supplier",99.999,Not Specified %,1967
2.66,0.002787,4e-05,None kPa,N/A,16957,['C'],A,Vacuum adiabatic calorimetry,"origin: commercial source,99.999 % (total),stated by supplier",99.999,Not Specified %,1967
2.67,0.002763,4e-05,None kPa,N/A,16957,['C'],A,Vacuum adiabatic calorimetry,"origin: commercial source,99.999 % (total),stated by supplier",99.999,Not Specified %,1967
2.71,0.002843,6e-05,None kPa,N/A,16957,['C'],A,Vacuum adiabatic calorimetry,"origin: commercial source,99.999 % (total),stated by supplier",99.999,Not Specified %,1967
2.74,0.002872,7e-05,None kPa,N/A,16957,['C'],A,Vacuum adiabatic calorimetry,"origin: commercial source,99.999 % (total),stated by supplier",99.999,Not Specified %,1967
2.75,0.002867,7e-05,None kPa,N/A,16957,['C'],A,Vacuum adiabatic calorimetry,"origin: commercial source,99.999 % (total),stated by supplier",99.999,Not Specified %,1967
2.82,0.003087,9e-05,None kPa,N/A,16957,['C'],A,Vacuum adiabatic calorimetry,"origin: commercial source,99.999 % (total),stated by supplier",99.999,Not Specified %,1967
2.88,0.003157,0.00012,None kPa,N/A,16957,['C'],A,Vacuum adiabatic calorimetry,"origin: commercial source,99.999 % (total),stated by supplier",99.999,Not Specified %,1967
3.01,0.003405,0.00016,None kPa,N/A,16957,['C'],A,Vacuum adiabatic calorimetry,"origin: commercial source,99.999 % (total),stated by supplier",99.999,Not Specified %,1967
3.08,0.003536,0.00018,None kPa,N/A,16957,['C'],A,Vacuum adiabatic calorimetry,"origin: commercial source,99.999 % (total),stated by supplier",99.999,Not Specified %,1967
3.22,0.003877,0.00023,None kPa,N/A,16957,['C'],A,Vacuum adiabatic calorimetry,"origin: commercial source,99.999 % (total),stated by supplier",99.999,Not Specified %,1967
3.29,0.003997,0.00026,None kPa,N/A,16957,['C'],A,Vacuum adiabatic calorimetry,"origin: commercial source,99.999 % (total),stated by supplier",99.999,Not Specified %,1967
3.52,0.004565,0.00034,None kPa,N/A,16957,['C'],A,Vacuum adiabatic calorimetry,"origin: commercial source,99.999 % (total),stated by supplier",99.999,Not Specified %,1967
3.53,0.004571,0.00034,None kPa,N/A,16957,['C'],A,Vacuum adiabatic calorimetry,"origin: commercial source,99.999 % (total),stated by supplier",99.999,Not Specified %,1967
3.55,0.004603,0.00034,None kPa,N/A,16957,['C'],A,Vacuum adiabatic calorimetry,"origin: commercial source,99.999 % (total),stated by supplier",99.999,Not Specified %,1967
3.64,0.004824,0.00038,None kPa,N/A,16957,['C'],A,Vacuum adiabatic calorimetry,"origin: commercial source,99.999 % (total),stated by supplier",99.999,Not Specified %,1967
3.64,0.004887,0.00038,None kPa,N/A,16957,['C'],A,Vacuum adiabatic calorimetry,"origin: commercial source,99.999 % (total),stated by supplier",99.999,Not Specified %,1967
3.77,0.005165,0.00042,None kPa,N/A,16957,['C'],A,Vacuum adiabatic calorimetry,"origin: commercial source,99.999 % (total),stated by supplier",99.999,Not Specified %,1967
3.77,0.005187,0.00042,None kPa,N/A,16957,['C'],A,Vacuum adiabatic calorimetry,"origin: commercial source,99.999 % (total),stated by supplier",99.999,Not Specified %,1967
3.93,0.005661,0.00048,None kPa,N/A,16957,['C'],A,Vacuum adiabatic calorimetry,"origin: commercial source,99.999 % (total),stated by supplier",99.999,Not Specified %,1967
3.94,0.005716,0.00048,None kPa,N/A,16957,['C'],A,Vacuum adiabatic calorimetry,"origin: commercial source,99.999 % (total),stated by supplier",99.999,Not Specified %,1967
3.97,0.005762,0.00049,None kPa,N/A,16957,['C'],A,Vacuum adiabatic calorimetry,"origin: commercial source,99.999 % (total),stated by supplier",99.999,Not Specified %,1967
3.98,0.005769,0.00049,None kPa,N/A,16957,['C'],A,Vacuum adiabatic calorimetry,"origin: commercial source,99.999 % (total),stated by supplier",99.999,Not Specified %,1967
3.98,0.005794,0.00049,None kPa,N/A,16957,['C'],A,Vacuum adiabatic calorimetry,"origin: commercial source,99.999 % (total),stated by supplier",99.999,Not Specified %,1967
4.04,0.006012,0.00052,None kPa,N/A,16957,['C'],A,Vacuum adiabatic calorimetry,"origin: commercial source,99.999 % (total),stated by supplier",99.999,Not Specified %,1967
4.11,0.006213,0.00054,None kPa,N/A,16957,['C'],A,Vacuum adiabatic calorimetry,"origin: commercial source,99.999 % (total),stated by supplier",99.999,Not Specified %,1967
4.24,0.006539,0.00058,None kPa,N/A,16957,['C'],A,Vacuum adiabatic calorimetry,"origin: commercial source,99.999 % (total),stated by supplier",99.999,Not Specified %,1967
4.27,0.006698,0.00059,None kPa,N/A,16957,['C'],A,Vacuum adiabatic calorimetry,"origin: commercial source,99.999 % (total),stated by supplier",99.999,Not Specified %,1967
4.37,0.007,0.00063,None kPa,N/A,16957,['C'],A,Vacuum adiabatic calorimetry,"origin: commercial source,99.999 % (total),stated by supplier",99.999,Not Specified %,1967
4.47,0.007331,0.00066,None kPa,N/A,16957,['C'],A,Vacuum adiabatic calorimetry,"origin: commercial source,99.999 % (total),stated by supplier",99.999,Not Specified %,1967
4.49,0.007411,0.00067,None kPa,N/A,16957,['C'],A,Vacuum adiabatic calorimetry,"origin: commercial source,99.999 % (total),stated by supplier",99.999,Not Specified %,1967
4.66,0.008,0.00073,None kPa,N/A,16957,['C'],A,Vacuum adiabatic calorimetry,"origin: commercial source,99.999 % (total),stated by supplier",99.999,Not Specified %,1967
4.73,0.008288,0.00075,None kPa,N/A,16957,['C'],A,Vacuum adiabatic calorimetry,"origin: commercial source,99.999 % (total),stated by supplier",99.999,Not Specified %,1967
4.86,0.008835,0.0008,None kPa,N/A,16957,['C'],A,Vacuum adiabatic calorimetry,"origin: commercial source,99.999 % (total),stated by supplier",99.999,Not Specified %,1967
4.96,0.00927,0.00083,None kPa,N/A,16957,['C'],A,Vacuum adiabatic calorimetry,"origin: commercial source,99.999 % (total),stated by supplier",99.999,Not Specified %,1967
5.18,0.010121,0.0009,None kPa,N/A,16957,['C'],A,Vacuum adiabatic calorimetry,"origin: commercial source,99.999 % (total),stated by supplier",99.999,Not Specified %,1967
5.36,0.010961,0.00097,None kPa,N/A,16957,['C'],A,Vacuum adiabatic calorimetry,"origin: commercial source,99.999 % (total),stated by supplier",99.999,Not Specified %,1967
5.56,0.012011,0.00104,None kPa,N/A,16957,['C'],A,Vacuum adiabatic calorimetry,"origin: commercial source,99.999 % (total),stated by supplier",99.999,Not Specified %,1967
5.65,0.012401,0.00107,None kPa,N/A,16957,['C'],A,Vacuum adiabatic calorimetry,"origin: commercial source,99.999 % (total),stated by supplier",99.999,Not Specified %,1967
5.85,0.013494,0.00114,None kPa,N/A,16957,['C'],A,Vacuum adiabatic calorimetry,"origin: commercial source,99.999 % (total),stated by supplier",99.999,Not Specified %,1967
6.06,0.014719,0.00121,None kPa,N/A,16957,['C'],A,Vacuum adiabatic calorimetry,"origin: commercial source,99.999 % (total),stated by supplier",99.999,Not Specified %,1967
6.12,0.015102,0.00123,None kPa,N/A,16957,['C'],A,Vacuum adiabatic calorimetry,"origin: commercial source,99.999 % (total),stated by supplier",99.999,Not Specified %,1967
6.18,0.015427,0.00125,None kPa,N/A,16957,['C'],A,Vacuum adiabatic calorimetry,"origin: commercial source,99.999 % (total),stated by supplier",99.999,Not Specified %,1967
6.3,0.016297,0.00129,None kPa,N/A,16957,['C'],A,Vacuum adiabatic calorimetry,"origin: commercial source,99.999 % (total),stated by supplier",99.999,Not Specified %,1967
6.57,0.01807,0.00138,None kPa,N/A,16957,['C'],A,Vacuum adiabatic calorimetry,"origin: commercial source,99.999 % (total),stated by supplier",99.999,Not Specified %,1967
6.64,0.018516,0.00141,None kPa,N/A,16957,['C'],A,Vacuum adiabatic calorimetry,"origin: commercial source,99.999 % (total),stated by supplier",99.999,Not Specified %,1967
6.89,0.020382,0.00149,None kPa,N/A,16957,['C'],A,Vacuum adiabatic calorimetry,"origin: commercial source,99.999 % (total),stated by supplier",99.999,Not Specified %,1967
7.05,0.02161,0.00155,None kPa,N/A,16957,['C'],A,Vacuum adiabatic calorimetry,"origin: commercial source,99.999 % (total),stated by supplier",99.999,Not Specified %,1967
7.25,0.023154,0.00162,None kPa,N/A,16957,['C'],A,Vacuum adiabatic calorimetry,"origin: commercial source,99.999 % (total),stated by supplier",99.999,Not Specified %,1967
7.53,0.02563,0.00171,None kPa,N/A,16957,['C'],A,Vacuum adiabatic calorimetry,"origin: commercial source,99.999 % (total),stated by supplier",99.999,Not Specified %,1967
7.64,0.026819,0.00175,None kPa,N/A,16957,['C'],A,Vacuum adiabatic calorimetry,"origin: commercial source,99.999 % (total),stated by supplier",99.999,Not Specified %,1967
8.03,0.030391,0.00189,None kPa,N/A,16957,['C'],A,Vacuum adiabatic calorimetry,"origin: commercial source,99.999 % (total),stated by supplier",99.999,Not Specified %,1967
8.47,0.035166,0.00204,None kPa,N/A,16957,['C'],A,Vacuum adiabatic calorimetry,"origin: commercial source,99.999 % (total),stated by supplier",99.999,Not Specified %,1967
8.74,0.038105,0.00213,None kPa,N/A,16957,['C'],A,Vacuum adiabatic calorimetry,"origin: commercial source,99.999 % (total),stated by supplier",99.999,Not Specified %,1967
8.99,0.041418,0.00221,None kPa,N/A,16957,['C'],A,Vacuum adiabatic calorimetry,"origin: commercial source,99.999 % (total),stated by supplier",99.999,Not Specified %,1967
9.19,0.044022,0.00229,None kPa,N/A,16957,['C'],A,Vacuum adiabatic calorimetry,"origin: commercial source,99.999 % (total),stated by supplier",99.999,Not Specified %,1967
9.3,0.045635,0.00232,None kPa,N/A,16957,['C'],A,Vacuum adiabatic calorimetry,"origin: commercial source,99.999 % (total),stated by supplier",99.999,Not Specified %,1967
9.34,0.04624,0.00234,None kPa,N/A,16957,['C'],A,Vacuum adiabatic calorimetry,"origin: commercial source,99.999 % (total),stated by supplier",99.999,Not Specified %,1967
9.48,0.048175,0.00238,None kPa,N/A,16957,['C'],A,Vacuum adiabatic calorimetry,"origin: commercial source,99.999 % (total),stated by supplier",99.999,Not Specified %,1967
9.68,0.050906,0.00245,None kPa,N/A,16957,['C'],A,Vacuum adiabatic calorimetry,"origin: commercial source,99.999 % (total),stated by supplier",99.999,Not Specified %,1967
9.93,0.054748,0.00254,None kPa,N/A,16957,['C'],A,Vacuum adiabatic calorimetry,"origin: commercial source,99.999 % (total),stated by supplier",99.999,Not Specified %,1967
10.47,0.063446,0.00272,None kPa,N/A,16957,['C'],A,Vacuum adiabatic calorimetry,"origin: commercial source,99.999 % (total),stated by supplier",99.999,Not Specified %,1967
10.76,0.06852,0.00282,None kPa,N/A,16957,['C'],A,Vacuum adiabatic calorimetry,"origin: commercial source,99.999 % (total),stated by supplier",99.999,Not Specified %,1967
10.86,0.070029,0.00286,None kPa,N/A,16957,['C'],A,Vacuum adiabatic calorimetry,"origin: commercial source,99.999 % (total),stated by supplier",99.999,Not Specified %,1967
11.24,0.0774,0.00299,None kPa,N/A,16957,['C'],A,Vacuum adiabatic calorimetry,"origin: commercial source,99.999 % (total),stated by supplier",99.999,Not Specified %,1967
11.51,0.083135,0.00308,None kPa,N/A,16957,['C'],A,Vacuum adiabatic calorimetry,"origin: commercial source,99.999 % (total),stated by supplier",99.999,Not Specified %,1967
11.72,0.088176,0.00315,None kPa,N/A,16957,['C'],A,Vacuum adiabatic calorimetry,"origin: commercial source,99.999 % (total),stated by supplier",99.999,Not Specified %,1967
12.22,0.099757,0.00332,None kPa,N/A,16957,['C'],A,Vacuum adiabatic calorimetry,"origin: commercial source,99.999 % (total),stated by supplier",99.999,Not Specified %,1967
12.66,0.110088,0.00348,None kPa,N/A,16957,['C'],A,Vacuum adiabatic calorimetry,"origin: commercial source,99.999 % (total),stated by supplier",99.999,Not Specified %,1967
13.17,0.123631,0.00365,None kPa,N/A,16957,['C'],A,Vacuum adiabatic calorimetry,"origin: commercial source,99.999 % (total),stated by supplier",99.999,Not Specified %,1967
13.49,0.133311,0.00376,None kPa,N/A,16957,['C'],A,Vacuum adiabatic calorimetry,"origin: commercial source,99.999 % (total),stated by supplier",99.999,Not Specified %,1967
13.77,0.141297,0.00386,None kPa,N/A,16957,['C'],A,Vacuum adiabatic calorimetry,"origin: commercial source,99.999 % (total),stated by supplier",99.999,Not Specified %,1967
13.92,0.145892,0.00391,None kPa,N/A,16957,['C'],A,Vacuum adiabatic calorimetry,"origin: commercial source,99.999 % (total),stated by supplier",99.999,Not Specified %,1967
13.96,0.146601,0.00393,None kPa,N/A,16957,['C'],A,Vacuum adiabatic calorimetry,"origin: commercial source,99.999 % (total),stated by supplier",99.999,Not Specified %,1967
14.05,0.149923,0.00396,None kPa,N/A,16957,['C'],A,Vacuum adiabatic calorimetry,"origin: commercial source,99.999 % (total),stated by supplier",99.999,Not Specified %,1967
14.21,0.15519,0.00401,None kPa,N/A,16957,['C'],A,Vacuum adiabatic calorimetry,"origin: commercial source,99.999 % (total),stated by supplier",99.999,Not Specified %,1967
14.3,0.158149,0.00404,None kPa,N/A,16957,['C'],A,Vacuum adiabatic calorimetry,"origin: commercial source,99.999 % (total),stated by supplier",99.999,Not Specified %,1967
14.42,0.162646,0.00408,None kPa,N/A,16957,['C'],A,Vacuum adiabatic calorimetry,"origin: commercial source,99.999 % (total),stated by supplier",99.999,Not Specified %,1967
14.56,0.166872,0.00413,None kPa,N/A,16957,['C'],A,Vacuum adiabatic calorimetry,"origin: commercial source,99.999 % (total),stated by supplier",99.999,Not Specified %,1967
14.8,0.17441,0.00421,None kPa,N/A,16957,['C'],A,Vacuum adiabatic calorimetry,"origin: commercial source,99.999 % (total),stated by supplier",99.999,Not Specified %,1967
14.89,0.180242,0.00424,None kPa,N/A,16957,['C'],A,Vacuum adiabatic calorimetry,"origin: commercial source,99.999 % (total),stated by supplier",99.999,Not Specified %,1967
15.48,0.202224,0.00445,None kPa,N/A,16957,['C'],A,Vacuum adiabatic calorimetry,"origin: commercial source,99.999 % (total),stated by supplier",99.999,Not Specified %,1967
16.68,0.258949,0.00486,None kPa,N/A,16957,['C'],A,Vacuum adiabatic calorimetry,"origin: commercial source,99.999 % (total),stated by supplier",99.999,Not Specified %,1967
16.93,0.267881,0.00494,None kPa,N/A,16957,['C'],A,Vacuum adiabatic calorimetry,"origin: commercial source,99.999 % (total),stated by supplier",99.999,Not Specified %,1967
17.19,0.28305,0.00503,None kPa,N/A,16957,['C'],A,Vacuum adiabatic calorimetry,"origin: commercial source,99.999 % (total),stated by supplier",99.999,Not Specified %,1967
17.67,0.308188,0.0052,None kPa,N/A,16957,['C'],A,Vacuum adiabatic calorimetry,"origin: commercial source,99.999 % (total),stated by supplier",99.999,Not Specified %,1967
17.76,0.310074,0.00523,None kPa,N/A,16957,['C'],A,Vacuum adiabatic calorimetry,"origin: commercial source,99.999 % (total),stated by supplier",99.999,Not Specified %,1967
17.9,0.321528,0.00528,None kPa,N/A,16957,['C'],A,Vacuum adiabatic calorimetry,"origin: commercial source,99.999 % (total),stated by supplier",99.999,Not Specified %,1967
18.15,0.337307,0.00536,None kPa,N/A,16957,['C'],A,Vacuum adiabatic calorimetry,"origin: commercial source,99.999 % (total),stated by supplier",99.999,Not Specified %,1967
18.61,0.367629,0.00552,None kPa,N/A,16957,['C'],A,Vacuum adiabatic calorimetry,"origin: commercial source,99.999 % (total),stated by supplier",99.999,Not Specified %,1967
18.75,0.373263,0.00557,None kPa,N/A,16957,['C'],A,Vacuum adiabatic calorimetry,"origin: commercial source,99.999 % (total),stated by supplier",99.999,Not Specified %,1967
19.05,0.394198,0.00567,None kPa,N/A,16957,['C'],A,Vacuum adiabatic calorimetry,"origin: commercial source,99.999 % (total),stated by supplier",99.999,Not Specified %,1967
19.34,0.414613,0.00577,None kPa,N/A,16957,['C'],A,Vacuum adiabatic calorimetry,"origin: commercial source,99.999 % (total),stated by supplier",99.999,Not Specified %,1967
19.48,0.423509,0.00582,None kPa,N/A,16957,['C'],A,Vacuum adiabatic calorimetry,"origin: commercial source,99.999 % (total),stated by supplier",99.999,Not Specified %,1967
20.02,0.458667,0.00601,None kPa,N/A,16957,['C'],A,Vacuum adiabatic calorimetry,"origin: commercial source,99.999 % (total),stated by supplier",99.999,Not Specified %,1967
20.43,0.49426,0.00615,None kPa,N/A,16957,['C'],A,Vacuum adiabatic calorimetry,"origin: commercial source,99.999 % (total),stated by supplier",99.999,Not Specified %,1967
20.87,0.52915,0.0063,None kPa,N/A,16957,['C'],A,Vacuum adiabatic calorimetry,"origin: commercial source,99.999 % (total),stated by supplier",99.999,Not Specified %,1967
21.94,0.626653,0.00667,None kPa,N/A,16957,['C'],A,Vacuum adiabatic calorimetry,"origin: commercial source,99.999 % (total),stated by supplier",99.999,Not Specified %,1967
22.45,0.674514,0.00684,None kPa,N/A,16957,['C'],A,Vacuum adiabatic calorimetry,"origin: commercial source,99.999 % (total),stated by supplier",99.999,Not Specified %,1967
22.92,0.727053,0.007,None kPa,N/A,16957,['C'],A,Vacuum adiabatic calorimetry,"origin: commercial source,99.999 % (total),stated by supplier",99.999,Not Specified %,1967
23.37,0.772751,0.00716,None kPa,N/A,16957,['C'],A,Vacuum adiabatic calorimetry,"origin: commercial source,99.999 % (total),stated by supplier",99.999,Not Specified %,1967
23.64,0.800962,0.00725,None kPa,N/A,16957,['C'],A,Vacuum adiabatic calorimetry,"origin: commercial source,99.999 % (total),stated by supplier",99.999,Not Specified %,1967
24.24,0.871261,0.00746,None kPa,N/A,16957,['C'],A,Vacuum adiabatic calorimetry,"origin: commercial source,99.999 % (total),stated by supplier",99.999,Not Specified %,1967
24.38,0.887741,0.00751,None kPa,N/A,16957,['C'],A,Vacuum adiabatic calorimetry,"origin: commercial source,99.999 % (total),stated by supplier",99.999,Not Specified %,1967
24.95,0.948886,0.0077,None kPa,N/A,16957,['C'],A,Vacuum adiabatic calorimetry,"origin: commercial source,99.999 % (total),stated by supplier",99.999,Not Specified %,1967
24.98,0.961385,0.00771,None kPa,N/A,16957,['C'],A,Vacuum adiabatic calorimetry,"origin: commercial source,99.999 % (total),stated by supplier",99.999,Not Specified %,1967
25.59,1.02829,0.00792,None kPa,N/A,16957,['C'],A,Vacuum adiabatic calorimetry,"origin: commercial source,99.999 % (total),stated by supplier",99.999,Not Specified %,1967
25.6,1.03849,0.00793,None kPa,N/A,16957,['C'],A,Vacuum adiabatic calorimetry,"origin: commercial source,99.999 % (total),stated by supplier",99.999,Not Specified %,1967
26.6,1.17468,0.00827,None kPa,N/A,16957,['C'],A,Vacuum adiabatic calorimetry,"origin: commercial source,99.999 % (total),stated by supplier",99.999,Not Specified %,1967
26.6,1.17943,0.00827,None kPa,N/A,16957,['C'],A,Vacuum adiabatic calorimetry,"origin: commercial source,99.999 % (total),stated by supplier",99.999,Not Specified %,1967
27.39,1.28877,0.00854,None kPa,N/A,16957,['C'],A,Vacuum adiabatic calorimetry,"origin: commercial source,99.999 % (total),stated by supplier",99.999,Not Specified %,1967
28.22,1.41724,0.00883,None kPa,N/A,16957,['C'],A,Vacuum adiabatic calorimetry,"origin: commercial source,99.999 % (total),stated by supplier",99.999,Not Specified %,1967
29.01,1.5375,0.0091,None kPa,N/A,16957,['C'],A,Vacuum adiabatic calorimetry,"origin: commercial source,99.999 % (total),stated by supplier",99.999,Not Specified %,1967
513.8,26.1374,1.30687,None kPa,N/A,17022,['C'],A,AC calorimetry,not stated,,,1967
550.0,26.2295,1.31147,None kPa,N/A,17022,['C'],A,AC calorimetry,not stated,,,1967
584.9,26.355,1.31775,None kPa,N/A,17022,['C'],A,AC calorimetry,not stated,,,1967
594.3,26.786,1.3393,None kPa,N/A,17022,['C'],A,AC calorimetry,not stated,,,1967
635.1,27.5349,1.37675,None kPa,N/A,17022,['C'],A,AC calorimetry,not stated,,,1967
704.9,27.2337,1.36168,None kPa,N/A,17022,['C'],A,AC calorimetry,not stated,,,1967
736.0,27.9449,1.39725,None kPa,N/A,17022,['C'],A,AC calorimetry,not stated,,,1967
772.3,28.0872,1.40436,None kPa,N/A,17022,['C'],A,AC calorimetry,not stated,,,1967
784.1,27.9868,1.39934,None kPa,N/A,17022,['C'],A,AC calorimetry,not stated,,,1967
817.4,27.5767,1.37884,None kPa,N/A,17022,['C'],A,AC calorimetry,not stated,,,1967
839.0,28.1165,1.40582,None kPa,N/A,17022,['C'],A,AC calorimetry,not stated,,,1967
869.1,27.7274,1.38637,None kPa,N/A,17022,['C'],A,AC calorimetry,not stated,,,1967
900.0,28.037,1.40185,None kPa,N/A,17022,['C'],A,AC calorimetry,not stated,,,1967
915.2,28.8236,1.44118,None kPa,N/A,17022,['C'],A,AC calorimetry,not stated,,,1967
957.0,28.7399,1.43699,None kPa,N/A,17022,['C'],A,AC calorimetry,not stated,,,1967
975.1,28.4094,1.42047,None kPa,N/A,17022,['C'],A,AC calorimetry,not stated,,,1967
1017.4,29.0077,1.45038,None kPa,N/A,17022,['C'],A,AC calorimetry,not stated,,,1967
1055.9,29.5516,1.47758,None kPa,N/A,17022,['C'],A,AC calorimetry,not stated,,,1967
1081.3,29.7022,1.48511,None kPa,N/A,17022,['C'],A,AC calorimetry,not stated,,,1967
1124.8,30.4888,1.52444,None kPa,N/A,17022,['C'],A,AC calorimetry,not stated,,,1967
1164.2,30.3173,1.51586,None kPa,N/A,17022,['C'],A,AC calorimetry,not stated,,,1967
1197.8,31.0118,1.55059,None kPa,N/A,17022,['C'],A,AC calorimetry,not stated,,,1967
1250.8,31.7775,1.58887,None kPa,N/A,17022,['C'],A,AC calorimetry,not stated,,,1967
1.279,0.000979,1.958e-05,1.33322e-06 kPa,N/A,17427,['C'],A,Vacuum adiabatic calorimetry,"origin: commercial source,99.999 % (total),",99.999,Not Specified %,1967
1.345,0.001033,2.066e-05,None kPa,N/A,17427,['C'],A,Vacuum adiabatic calorimetry,"origin: commercial source,99.999 % (total),",99.999,Not Specified %,1967
1.394,0.001088,2.176e-05,None kPa,N/A,17427,['C'],A,Vacuum adiabatic calorimetry,"origin: commercial source,99.999 % (total),",99.999,Not Specified %,1967
1.477,0.001182,2.364e-05,None kPa,N/A,17427,['C'],A,Vacuum adiabatic calorimetry,"origin: commercial source,99.999 % (total),",99.999,Not Specified %,1967
1.533,0.001243,2.486e-05,None kPa,N/A,17427,['C'],A,Vacuum adiabatic calorimetry,"origin: commercial source,99.999 % (total),",99.999,Not Specified %,1967
1.628,0.00133,2.66e-05,None kPa,N/A,17427,['C'],A,Vacuum adiabatic calorimetry,"origin: commercial source,99.999 % (total),",99.999,Not Specified %,1967
1.685,0.001391,2.782e-05,None kPa,N/A,17427,['C'],A,Vacuum adiabatic calorimetry,"origin: commercial source,99.999 % (total),",99.999,Not Specified %,1967
1.708,0.001427,2.854e-05,None kPa,N/A,17427,['C'],A,Vacuum adiabatic calorimetry,"origin: commercial source,99.999 % (total),",99.999,Not Specified %,1967
1.777,0.001499,2.998e-05,None kPa,N/A,17427,['C'],A,Vacuum adiabatic calorimetry,"origin: commercial source,99.999 % (total),",99.999,Not Specified %,1967
1.811,0.001541,3.082e-05,None kPa,N/A,17427,['C'],A,Vacuum adiabatic calorimetry,"origin: commercial source,99.999 % (total),",99.999,Not Specified %,1967
1.84,0.001588,3.176e-05,None kPa,N/A,17427,['C'],A,Vacuum adiabatic calorimetry,"origin: commercial source,99.999 % (total),",99.999,Not Specified %,1967
1.857,0.001613,3.226e-05,None kPa,N/A,17427,['C'],A,Vacuum adiabatic calorimetry,"origin: commercial source,99.999 % (total),",99.999,Not Specified %,1967
1.911,0.001672,3.344e-05,None kPa,N/A,17427,['C'],A,Vacuum adiabatic calorimetry,"origin: commercial source,99.999 % (total),",99.999,Not Specified %,1967
1.95,0.001729,3.458e-05,None kPa,N/A,17427,['C'],A,Vacuum adiabatic calorimetry,"origin: commercial source,99.999 % (total),",99.999,Not Specified %,1967
1.992,0.001785,3.57e-05,None kPa,N/A,17427,['C'],A,Vacuum adiabatic calorimetry,"origin: commercial source,99.999 % (total),",99.999,Not Specified %,1967
2.036,0.001845,3.69e-05,None kPa,N/A,17427,['C'],A,Vacuum adiabatic calorimetry,"origin: commercial source,99.999 % (total),",99.999,Not Specified %,1967
2.125,0.001969,3.938e-05,None kPa,N/A,17427,['C'],A,Vacuum adiabatic calorimetry,"origin: commercial source,99.999 % (total),",99.999,Not Specified %,1967
2.165,0.002034,4.068e-05,None kPa,N/A,17427,['C'],A,Vacuum adiabatic calorimetry,"origin: commercial source,99.999 % (total),",99.999,Not Specified %,1967
2.229,0.002128,4.256e-05,None kPa,N/A,17427,['C'],A,Vacuum adiabatic calorimetry,"origin: commercial source,99.999 % (total),",99.999,Not Specified %,1967
2.268,0.002191,4.382e-05,None kPa,N/A,17427,['C'],A,Vacuum adiabatic calorimetry,"origin: commercial source,99.999 % (total),",99.999,Not Specified %,1967
2.282,0.002214,4.428e-05,None kPa,N/A,17427,['C'],A,Vacuum adiabatic calorimetry,"origin: commercial source,99.999 % (total),",99.999,Not Specified %,1967
2.3,0.002243,4.486e-05,None kPa,N/A,17427,['C'],A,Vacuum adiabatic calorimetry,"origin: commercial source,99.999 % (total),",99.999,Not Specified %,1967
2.355,0.002315,4.63e-05,None kPa,N/A,17427,['C'],A,Vacuum adiabatic calorimetry,"origin: commercial source,99.999 % (total),",99.999,Not Specified %,1967
2.385,0.002375,4.75e-05,None kPa,N/A,17427,['C'],A,Vacuum adiabatic calorimetry,"origin: commercial source,99.999 % (total),",99.999,Not Specified %,1967
2.405,0.002408,4.816e-05,None kPa,N/A,17427,['C'],A,Vacuum adiabatic calorimetry,"origin: commercial source,99.999 % (total),",99.999,Not Specified %,1967
2.451,0.002472,4.944e-05,None kPa,N/A,17427,['C'],A,Vacuum adiabatic calorimetry,"origin: commercial source,99.999 % (total),",99.999,Not Specified %,1967
2.493,0.002545,5.09e-05,None kPa,N/A,17427,['C'],A,Vacuum adiabatic calorimetry,"origin: commercial source,99.999 % (total),",99.999,Not Specified %,1967
2.522,0.002593,5.186e-05,None kPa,N/A,17427,['C'],A,Vacuum adiabatic calorimetry,"origin: commercial source,99.999 % (total),",99.999,Not Specified %,1967
2.558,0.002653,5.306e-05,None kPa,N/A,17427,['C'],A,Vacuum adiabatic calorimetry,"origin: commercial source,99.999 % (total),",99.999,Not Specified %,1967
2.59,0.002714,5.428e-05,None kPa,N/A,17427,['C'],A,Vacuum adiabatic calorimetry,"origin: commercial source,99.999 % (total),",99.999,Not Specified %,1967
2.623,0.002776,5.552e-05,None kPa,N/A,17427,['C'],A,Vacuum adiabatic calorimetry,"origin: commercial source,99.999 % (total),",99.999,Not Specified %,1967
2.653,0.002825,5.65e-05,None kPa,N/A,17427,['C'],A,Vacuum adiabatic calorimetry,"origin: commercial source,99.999 % (total),",99.999,Not Specified %,1967
2.695,0.002891,5.782e-05,None kPa,N/A,17427,['C'],A,Vacuum adiabatic calorimetry,"origin: commercial source,99.999 % (total),",99.999,Not Specified %,1967
2.722,0.002942,5.884e-05,None kPa,N/A,17427,['C'],A,Vacuum adiabatic calorimetry,"origin: commercial source,99.999 % (total),",99.999,Not Specified %,1967
2.761,0.003003,6.006e-05,None kPa,N/A,17427,['C'],A,Vacuum adiabatic calorimetry,"origin: commercial source,99.999 % (total),",99.999,Not Specified %,1967
2.791,0.003075,6.15e-05,None kPa,N/A,17427,['C'],A,Vacuum adiabatic calorimetry,"origin: commercial source,99.999 % (total),",99.999,Not Specified %,1967
2.828,0.003167,6.334e-05,None kPa,N/A,17427,['C'],A,Vacuum adiabatic calorimetry,"origin: commercial source,99.999 % (total),",99.999,Not Specified %,1967
300.0,24.3,0.486,107.991 kPa,N/A,17747,['C'],A,Adiabatic High Temp Calorimetry,not stated,,,1968
320.4,24.5,0.49,None kPa,N/A,17747,['C'],A,Adiabatic High Temp Calorimetry,not stated,,,1968
341.7,24.72,0.4944,None kPa,N/A,17747,['C'],A,Adiabatic High Temp Calorimetry,not stated,,,1968
361.3,24.92,0.4984,None kPa,N/A,17747,['C'],A,Adiabatic High Temp Calorimetry,not stated,,,1968
384.4,25.12,0.5024,None kPa,N/A,17747,['C'],A,Adiabatic High Temp Calorimetry,not stated,,,1968
409.1,25.32,0.5064,None kPa,N/A,17747,['C'],A,Adiabatic High Temp Calorimetry,not stated,,,1968
433.0,25.53,0.5106,None kPa,N/A,17747,['C'],A,Adiabatic High Temp Calorimetry,not stated,,,1968
460.4,25.73,0.5146,None kPa,N/A,17747,['C'],A,Adiabatic High Temp Calorimetry,not stated,,,1968
491.2,25.92,0.5184,None kPa,N/A,17747,['C'],A,Adiabatic High Temp Calorimetry,not stated,,,1968
525.3,26.14,0.5228,None kPa,N/A,17747,['C'],A,Adiabatic High Temp Calorimetry,not stated,,,1968
563.8,26.38,0.5276,None kPa,N/A,17747,['C'],A,Adiabatic High Temp Calorimetry,not stated,,,1968
602.3,26.58,0.5316,None kPa,N/A,17747,['C'],A,Adiabatic High Temp Calorimetry,not stated,,,1968
645.9,26.81,0.5362,None kPa,N/A,17747,['C'],A,Adiabatic High Temp Calorimetry,not stated,,,1968
689.4,27.07,0.5414,None kPa,N/A,17747,['C'],A,Adiabatic High Temp Calorimetry,not stated,,,1968
730.5,27.33,0.5466,None kPa,N/A,17747,['C'],A,Adiabatic High Temp Calorimetry,not stated,,,1968
766.4,27.57,0.5514,None kPa,N/A,17747,['C'],A,Adiabatic High Temp Calorimetry,not stated,,,1968
803.9,27.85,0.557,None kPa,N/A,17747,['C'],A,Adiabatic High Temp Calorimetry,not stated,,,1968
847.5,28.18,0.5636,None kPa,N/A,17747,['C'],A,Adiabatic High Temp Calorimetry,not stated,,,1968
896.2,28.55,0.571,None kPa,N/A,17747,['C'],A,Adiabatic High Temp Calorimetry,not stated,,,1968
954.3,28.98,0.5796,None kPa,N/A,17747,['C'],A,Adiabatic High Temp Calorimetry,not stated,,,1968
1005.0,29.34,0.5868,None kPa,N/A,17747,['C'],A,Adiabatic High Temp Calorimetry,not stated,,,1968
1065.0,29.75,0.595,None kPa,N/A,17747,['C'],A,Adiabatic High Temp Calorimetry,not stated,,,1968
1122.0,30.12,0.6024,None kPa,N/A,17747,['C'],A,Adiabatic High Temp Calorimetry,not stated,,,1968
1170.0,30.47,0.6094,None kPa,N/A,17747,['C'],A,Adiabatic High Temp Calorimetry,not stated,,,1968
1214.0,30.76,0.6152,None kPa,N/A,17747,['C'],A,Adiabatic High Temp Calorimetry,not stated,,,1968
1264.0,31.11,0.6222,None kPa,N/A,17747,['C'],A,Adiabatic High Temp Calorimetry,not stated,,,1968
1309.0,31.41,0.6282,None kPa,N/A,17747,['C'],A,Adiabatic High Temp Calorimetry,not stated,,,1968
1356.0,31.71,0.6342,None kPa,N/A,17747,['C'],A,Adiabatic High Temp Calorimetry,not stated,,,1968
300.0,24.3,0.486,107.991 kPa,N/A,18286,['C'],A,Adiabatic calorimeter (non-vacuum) ,"not stated,99.999 weight % (total),",99.999,Weight %,1968
350.0,24.8,0.496,None kPa,N/A,18286,['C'],A,Adiabatic calorimeter (non-vacuum) ,"not stated,99.999 weight % (total),",99.999,Weight %,1968
400.0,25.3,0.506,None kPa,N/A,18286,['C'],A,Adiabatic calorimeter (non-vacuum) ,"not stated,99.999 weight % (total),",99.999,Weight %,1968
450.0,25.7,0.514,None kPa,N/A,18286,['C'],A,Adiabatic calorimeter (non-vacuum) ,"not stated,99.999 weight % (total),",99.999,Weight %,1968
500.0,26.1,0.522,None kPa,N/A,18286,['C'],A,Adiabatic calorimeter (non-vacuum) ,"not stated,99.999 weight % (total),",99.999,Weight %,1968
550.0,26.4,0.528,None kPa,N/A,18286,['C'],A,Adiabatic calorimeter (non-vacuum) ,"not stated,99.999 weight % (total),",99.999,Weight %,1968
600.0,26.6,0.532,None kPa,N/A,18286,['C'],A,Adiabatic calorimeter (non-vacuum) ,"not stated,99.999 weight % (total),",99.999,Weight %,1968
650.0,26.9,0.538,None kPa,N/A,18286,['C'],A,Adiabatic calorimeter (non-vacuum) ,"not stated,99.999 weight % (total),",99.999,Weight %,1968
700.0,27.2,0.544,None kPa,N/A,18286,['C'],A,Adiabatic calorimeter (non-vacuum) ,"not stated,99.999 weight % (total),",99.999,Weight %,1968
750.0,27.6,0.552,None kPa,N/A,18286,['C'],A,Adiabatic calorimeter (non-vacuum) ,"not stated,99.999 weight % (total),",99.999,Weight %,1968
800.0,27.9,0.558,None kPa,N/A,18286,['C'],A,Adiabatic calorimeter (non-vacuum) ,"not stated,99.999 weight % (total),",99.999,Weight %,1968
850.0,28.3,0.566,None kPa,N/A,18286,['C'],A,Adiabatic calorimeter (non-vacuum) ,"not stated,99.999 weight % (total),",99.999,Weight %,1968
900.0,28.6,0.572,None kPa,N/A,18286,['C'],A,Adiabatic calorimeter (non-vacuum) ,"not stated,99.999 weight % (total),",99.999,Weight %,1968
950.0,29.0,0.58,None kPa,N/A,18286,['C'],A,Adiabatic calorimeter (non-vacuum) ,"not stated,99.999 weight % (total),",99.999,Weight %,1968
1000.0,29.3,0.586,None kPa,N/A,18286,['C'],A,Adiabatic calorimeter (non-vacuum) ,"not stated,99.999 weight % (total),",99.999,Weight %,1968
1050.0,29.7,0.594,None kPa,N/A,18286,['C'],A,Adiabatic calorimeter (non-vacuum) ,"not stated,99.999 weight % (total),",99.999,Weight %,1968
1100.0,30.0,0.6,None kPa,N/A,18286,['C'],A,Adiabatic calorimeter (non-vacuum) ,"not stated,99.999 weight % (total),",99.999,Weight %,1968
1150.0,30.4,0.608,None kPa,N/A,18286,['C'],A,Adiabatic calorimeter (non-vacuum) ,"not stated,99.999 weight % (total),",99.999,Weight %,1968
1200.0,30.7,0.614,None kPa,N/A,18286,['C'],A,Adiabatic calorimeter (non-vacuum) ,"not stated,99.999 weight % (total),",99.999,Weight %,1968
1250.0,31.1,0.622,None kPa,N/A,18286,['C'],A,Adiabatic calorimeter (non-vacuum) ,"not stated,99.999 weight % (total),",99.999,Weight %,1968
1300.0,31.4,0.628,None kPa,N/A,18286,['C'],A,Adiabatic calorimeter (non-vacuum) ,"not stated,99.999 weight % (total),",99.999,Weight %,1968
1350.0,31.8,0.636,None kPa,N/A,18286,['C'],A,Adiabatic calorimeter (non-vacuum) ,"not stated,99.999 weight % (total),",99.999,Weight %,1968
1357.0,31.85,0.637,None kPa,N/A,18286,['C'],A,Adiabatic calorimeter (non-vacuum) ,"not stated,99.999 weight % (total),",99.999,Weight %,1968
0.39,0.000266102,4.85344e-07,None kPa,N/A,18589,['C'],A,Vacuum adiabatic calorimetry,"origin: commercial source,99.999 % (total),stated by supplier",99.999,Not Specified %,1969
0.39,0.000268194,4.89528e-07,None kPa,N/A,18589,['C'],A,Vacuum adiabatic calorimetry,"origin: commercial source,99.999 % (total),stated by supplier",99.999,Not Specified %,1969
0.39,0.000270705,4.93712e-07,None kPa,N/A,18589,['C'],A,Vacuum adiabatic calorimetry,"origin: commercial source,99.999 % (total),stated by supplier",99.999,Not Specified %,1969
0.4,0.000272378,4.97896e-07,None kPa,N/A,18589,['C'],A,Vacuum adiabatic calorimetry,"origin: commercial source,99.999 % (total),stated by supplier",99.999,Not Specified %,1969
0.4,0.000278654,5.06264e-07,None kPa,N/A,18589,['C'],A,Vacuum adiabatic calorimetry,"origin: commercial source,99.999 % (total),stated by supplier",99.999,Not Specified %,1969
0.41,0.000281583,5.14632e-07,None kPa,N/A,18589,['C'],A,Vacuum adiabatic calorimetry,"origin: commercial source,99.999 % (total),stated by supplier",99.999,Not Specified %,1969
0.42,0.000289114,5.27184e-07,None kPa,N/A,18589,['C'],A,Vacuum adiabatic calorimetry,"origin: commercial source,99.999 % (total),stated by supplier",99.999,Not Specified %,1969
0.42,0.000290788,5.31368e-07,None kPa,N/A,18589,['C'],A,Vacuum adiabatic calorimetry,"origin: commercial source,99.999 % (total),stated by supplier",99.999,Not Specified %,1969
0.43,0.000298738,5.4392e-07,None kPa,N/A,18589,['C'],A,Vacuum adiabatic calorimetry,"origin: commercial source,99.999 % (total),stated by supplier",99.999,Not Specified %,1969
0.43,0.000299574,5.4392e-07,None kPa,N/A,18589,['C'],A,Vacuum adiabatic calorimetry,"origin: commercial source,99.999 % (total),stated by supplier",99.999,Not Specified %,1969
0.44,0.00030334,5.52288e-07,None kPa,N/A,18589,['C'],A,Vacuum adiabatic calorimetry,"origin: commercial source,99.999 % (total),stated by supplier",99.999,Not Specified %,1969
0.46,0.000316729,5.77392e-07,None kPa,N/A,18589,['C'],A,Vacuum adiabatic calorimetry,"origin: commercial source,99.999 % (total),stated by supplier",99.999,Not Specified %,1969
0.46,0.000317566,5.77392e-07,None kPa,N/A,18589,['C'],A,Vacuum adiabatic calorimetry,"origin: commercial source,99.999 % (total),stated by supplier",99.999,Not Specified %,1969
0.46,0.000319658,5.81576e-07,None kPa,N/A,18589,['C'],A,Vacuum adiabatic calorimetry,"origin: commercial source,99.999 % (total),stated by supplier",99.999,Not Specified %,1969
0.47,0.000325515,5.94128e-07,None kPa,N/A,18589,['C'],A,Vacuum adiabatic calorimetry,"origin: commercial source,99.999 % (total),stated by supplier",99.999,Not Specified %,1969
0.49,0.000340159,6.19232e-07,None kPa,N/A,18589,['C'],A,Vacuum adiabatic calorimetry,"origin: commercial source,99.999 % (total),stated by supplier",99.999,Not Specified %,1969
0.5,0.000346854,6.31784e-07,None kPa,N/A,18589,['C'],A,Vacuum adiabatic calorimetry,"origin: commercial source,99.999 % (total),stated by supplier",99.999,Not Specified %,1969
0.5,0.00034769,6.31784e-07,None kPa,N/A,18589,['C'],A,Vacuum adiabatic calorimetry,"origin: commercial source,99.999 % (total),stated by supplier",99.999,Not Specified %,1969
0.53,0.0003661,6.6944e-07,None kPa,N/A,18589,['C'],A,Vacuum adiabatic calorimetry,"origin: commercial source,99.999 % (total),stated by supplier",99.999,Not Specified %,1969
0.54,0.000373631,6.81992e-07,None kPa,N/A,18589,['C'],A,Vacuum adiabatic calorimetry,"origin: commercial source,99.999 % (total),stated by supplier",99.999,Not Specified %,1969
0.55,0.000378652,6.9036e-07,None kPa,N/A,18589,['C'],A,Vacuum adiabatic calorimetry,"origin: commercial source,99.999 % (total),stated by supplier",99.999,Not Specified %,1969
0.55,0.000381581,6.94544e-07,None kPa,N/A,18589,['C'],A,Vacuum adiabatic calorimetry,"origin: commercial source,99.999 % (total),stated by supplier",99.999,Not Specified %,1969
0.57,0.00038953,7.1128e-07,None kPa,N/A,18589,['C'],A,Vacuum adiabatic calorimetry,"origin: commercial source,99.999 % (total),stated by supplier",99.999,Not Specified %,1969
0.58,0.000400409,7.28016e-07,None kPa,N/A,18589,['C'],A,Vacuum adiabatic calorimetry,"origin: commercial source,99.999 % (total),stated by supplier",99.999,Not Specified %,1969
0.59,0.000404593,7.36384e-07,None kPa,N/A,18589,['C'],A,Vacuum adiabatic calorimetry,"origin: commercial source,99.999 % (total),stated by supplier",99.999,Not Specified %,1969
0.6,0.000412961,7.5312e-07,None kPa,N/A,18589,['C'],A,Vacuum adiabatic calorimetry,"origin: commercial source,99.999 % (total),stated by supplier",99.999,Not Specified %,1969
0.6,0.000414634,7.57304e-07,None kPa,N/A,18589,['C'],A,Vacuum adiabatic calorimetry,"origin: commercial source,99.999 % (total),stated by supplier",99.999,Not Specified %,1969
0.63,0.000430952,7.86592e-07,None kPa,N/A,18589,['C'],A,Vacuum adiabatic calorimetry,"origin: commercial source,99.999 % (total),stated by supplier",99.999,Not Specified %,1969
0.64,0.00043932,7.99144e-07,None kPa,N/A,18589,['C'],A,Vacuum adiabatic calorimetry,"origin: commercial source,99.999 % (total),stated by supplier",99.999,Not Specified %,1969
0.65,0.000447688,8.11696e-07,None kPa,N/A,18589,['C'],A,Vacuum adiabatic calorimetry,"origin: commercial source,99.999 % (total),stated by supplier",99.999,Not Specified %,1969
0.67,0.00046024,8.40984e-07,None kPa,N/A,18589,['C'],A,Vacuum adiabatic calorimetry,"origin: commercial source,99.999 % (total),stated by supplier",99.999,Not Specified %,1969
0.69,0.000472792,8.61904e-07,None kPa,N/A,18589,['C'],A,Vacuum adiabatic calorimetry,"origin: commercial source,99.999 % (total),stated by supplier",99.999,Not Specified %,1969
0.69,0.000476976,8.70272e-07,None kPa,N/A,18589,['C'],A,Vacuum adiabatic calorimetry,"origin: commercial source,99.999 % (total),stated by supplier",99.999,Not Specified %,1969
0.7,0.00048116,8.7864e-07,None kPa,N/A,18589,['C'],A,Vacuum adiabatic calorimetry,"origin: commercial source,99.999 % (total),stated by supplier",99.999,Not Specified %,1969
0.74,0.000510448,9.28848e-07,None kPa,N/A,18589,['C'],A,Vacuum adiabatic calorimetry,"origin: commercial source,99.999 % (total),stated by supplier",99.999,Not Specified %,1969
0.76,0.000523,9.49768e-07,None kPa,N/A,18589,['C'],A,Vacuum adiabatic calorimetry,"origin: commercial source,99.999 % (total),stated by supplier",99.999,Not Specified %,1969
0.76,0.000527184,9.58136e-07,None kPa,N/A,18589,['C'],A,Vacuum adiabatic calorimetry,"origin: commercial source,99.999 % (total),stated by supplier",99.999,Not Specified %,1969
0.77,0.000531368,9.66504e-07,None kPa,N/A,18589,['C'],A,Vacuum adiabatic calorimetry,"origin: commercial source,99.999 % (total),stated by supplier",99.999,Not Specified %,1969
0.82,0.00056484,1.02508e-06,None kPa,N/A,18589,['C'],A,Vacuum adiabatic calorimetry,"origin: commercial source,99.999 % (total),stated by supplier",99.999,Not Specified %,1969
0.82,0.00056484,1.02926e-06,None kPa,N/A,18589,['C'],A,Vacuum adiabatic calorimetry,"origin: commercial source,99.999 % (total),stated by supplier",99.999,Not Specified %,1969
0.84,0.000581576,1.05855e-06,None kPa,N/A,18589,['C'],A,Vacuum adiabatic calorimetry,"origin: commercial source,99.999 % (total),stated by supplier",99.999,Not Specified %,1969
0.89,0.000610864,1.11294e-06,None kPa,N/A,18589,['C'],A,Vacuum adiabatic calorimetry,"origin: commercial source,99.999 % (total),stated by supplier",99.999,Not Specified %,1969
0.89,0.000615048,1.12131e-06,None kPa,N/A,18589,['C'],A,Vacuum adiabatic calorimetry,"origin: commercial source,99.999 % (total),stated by supplier",99.999,Not Specified %,1969
0.91,0.0006276,1.14223e-06,None kPa,N/A,18589,['C'],A,Vacuum adiabatic calorimetry,"origin: commercial source,99.999 % (total),stated by supplier",99.999,Not Specified %,1969
0.93,0.000644336,1.17152e-06,None kPa,N/A,18589,['C'],A,Vacuum adiabatic calorimetry,"origin: commercial source,99.999 % (total),stated by supplier",99.999,Not Specified %,1969
0.96,0.000656888,1.20081e-06,None kPa,N/A,18589,['C'],A,Vacuum adiabatic calorimetry,"origin: commercial source,99.999 % (total),stated by supplier",99.999,Not Specified %,1969
0.96,0.000661072,1.20918e-06,None kPa,N/A,18589,['C'],A,Vacuum adiabatic calorimetry,"origin: commercial source,99.999 % (total),stated by supplier",99.999,Not Specified %,1969
0.97,0.00066944,1.22173e-06,None kPa,N/A,18589,['C'],A,Vacuum adiabatic calorimetry,"origin: commercial source,99.999 % (total),stated by supplier",99.999,Not Specified %,1969
1.0,0.00069036,1.2552e-06,None kPa,N/A,18589,['C'],A,Vacuum adiabatic calorimetry,"origin: commercial source,99.999 % (total),stated by supplier",99.999,Not Specified %,1969
1.02,0.000702912,1.2803e-06,None kPa,N/A,18589,['C'],A,Vacuum adiabatic calorimetry,"origin: commercial source,99.999 % (total),stated by supplier",99.999,Not Specified %,1969
1.05,0.000719648,1.31378e-06,None kPa,N/A,18589,['C'],A,Vacuum adiabatic calorimetry,"origin: commercial source,99.999 % (total),stated by supplier",99.999,Not Specified %,1969
1.06,0.000728016,1.33051e-06,None kPa,N/A,18589,['C'],A,Vacuum adiabatic calorimetry,"origin: commercial source,99.999 % (total),stated by supplier",99.999,Not Specified %,1969
1.08,0.000740568,1.35143e-06,None kPa,N/A,18589,['C'],A,Vacuum adiabatic calorimetry,"origin: commercial source,99.999 % (total),stated by supplier",99.999,Not Specified %,1969
1.11,0.000761488,1.38909e-06,None kPa,N/A,18589,['C'],A,Vacuum adiabatic calorimetry,"origin: commercial source,99.999 % (total),stated by supplier",99.999,Not Specified %,1969
1.14,0.000782408,1.42674e-06,None kPa,N/A,18589,['C'],A,Vacuum adiabatic calorimetry,"origin: commercial source,99.999 % (total),stated by supplier",99.999,Not Specified %,1969
1.16,0.000799144,1.46022e-06,None kPa,N/A,18589,['C'],A,Vacuum adiabatic calorimetry,"origin: commercial source,99.999 % (total),stated by supplier",99.999,Not Specified %,1969
1.21,0.000832616,1.51461e-06,None kPa,N/A,18589,['C'],A,Vacuum adiabatic calorimetry,"origin: commercial source,99.999 % (total),stated by supplier",99.999,Not Specified %,1969
1.21,0.000832616,1.51461e-06,None kPa,N/A,18589,['C'],A,Vacuum adiabatic calorimetry,"origin: commercial source,99.999 % (total),stated by supplier",99.999,Not Specified %,1969
1.23,0.000845168,1.53971e-06,None kPa,N/A,18589,['C'],A,Vacuum adiabatic calorimetry,"origin: commercial source,99.999 % (total),stated by supplier",99.999,Not Specified %,1969
1.25,0.00085772,1.56482e-06,None kPa,N/A,18589,['C'],A,Vacuum adiabatic calorimetry,"origin: commercial source,99.999 % (total),stated by supplier",99.999,Not Specified %,1969
1.33,0.000916296,1.66942e-06,None kPa,N/A,18589,['C'],A,Vacuum adiabatic calorimetry,"origin: commercial source,99.999 % (total),stated by supplier",99.999,Not Specified %,1969
1.35,0.000928848,1.69452e-06,None kPa,N/A,18589,['C'],A,Vacuum adiabatic calorimetry,"origin: commercial source,99.999 % (total),stated by supplier",99.999,Not Specified %,1969
1.36,0.000933032,1.70289e-06,None kPa,N/A,18589,['C'],A,Vacuum adiabatic calorimetry,"origin: commercial source,99.999 % (total),stated by supplier",99.999,Not Specified %,1969
1.39,0.000958136,1.74473e-06,None kPa,N/A,18589,['C'],A,Vacuum adiabatic calorimetry,"origin: commercial source,99.999 % (total),stated by supplier",99.999,Not Specified %,1969
1.46,0.00100416,1.83259e-06,None kPa,N/A,18589,['C'],A,Vacuum adiabatic calorimetry,"origin: commercial source,99.999 % (total),stated by supplier",99.999,Not Specified %,1969
1.48,0.0010209,1.8577e-06,None kPa,N/A,18589,['C'],A,Vacuum adiabatic calorimetry,"origin: commercial source,99.999 % (total),stated by supplier",99.999,Not Specified %,1969
1.48,0.0010209,1.86188e-06,None kPa,N/A,18589,['C'],A,Vacuum adiabatic calorimetry,"origin: commercial source,99.999 % (total),stated by supplier",99.999,Not Specified %,1969
1.53,0.00105437,1.92464e-06,None kPa,N/A,18589,['C'],A,Vacuum adiabatic calorimetry,"origin: commercial source,99.999 % (total),stated by supplier",99.999,Not Specified %,1969
1.55,0.0010711,1.94974e-06,None kPa,N/A,18589,['C'],A,Vacuum adiabatic calorimetry,"origin: commercial source,99.999 % (total),stated by supplier",99.999,Not Specified %,1969
1.56,0.00107529,1.9623e-06,None kPa,N/A,18589,['C'],A,Vacuum adiabatic calorimetry,"origin: commercial source,99.999 % (total),stated by supplier",99.999,Not Specified %,1969
1.58,0.00109202,1.9874e-06,None kPa,N/A,18589,['C'],A,Vacuum adiabatic calorimetry,"origin: commercial source,99.999 % (total),stated by supplier",99.999,Not Specified %,1969
1.66,0.00114642,2.08782e-06,None kPa,N/A,18589,['C'],A,Vacuum adiabatic calorimetry,"origin: commercial source,99.999 % (total),stated by supplier",99.999,Not Specified %,1969
1.71,0.0011757,2.14221e-06,None kPa,N/A,18589,['C'],A,Vacuum adiabatic calorimetry,"origin: commercial source,99.999 % (total),stated by supplier",99.999,Not Specified %,1969
1.73,0.00119244,2.1715e-06,None kPa,N/A,18589,['C'],A,Vacuum adiabatic calorimetry,"origin: commercial source,99.999 % (total),stated by supplier",99.999,Not Specified %,1969
1.76,0.00121336,2.21334e-06,None kPa,N/A,18589,['C'],A,Vacuum adiabatic calorimetry,"origin: commercial source,99.999 % (total),stated by supplier",99.999,Not Specified %,1969
1.78,0.00122591,2.23426e-06,None kPa,N/A,18589,['C'],A,Vacuum adiabatic calorimetry,"origin: commercial source,99.999 % (total),stated by supplier",99.999,Not Specified %,1969
1.84,0.00126775,2.31375e-06,None kPa,N/A,18589,['C'],A,Vacuum adiabatic calorimetry,"origin: commercial source,99.999 % (total),stated by supplier",99.999,Not Specified %,1969
1.88,0.00129704,2.36396e-06,None kPa,N/A,18589,['C'],A,Vacuum adiabatic calorimetry,"origin: commercial source,99.999 % (total),stated by supplier",99.999,Not Specified %,1969
1.92,0.00131796,2.4058e-06,None kPa,N/A,18589,['C'],A,Vacuum adiabatic calorimetry,"origin: commercial source,99.999 % (total),stated by supplier",99.999,Not Specified %,1969
1.92,0.00132214,2.4058e-06,None kPa,N/A,18589,['C'],A,Vacuum adiabatic calorimetry,"origin: commercial source,99.999 % (total),stated by supplier",99.999,Not Specified %,1969
2.01,0.00138072,2.51877e-06,None kPa,N/A,18589,['C'],A,Vacuum adiabatic calorimetry,"origin: commercial source,99.999 % (total),stated by supplier",99.999,Not Specified %,1969
2.03,0.00139746,2.54387e-06,None kPa,N/A,18589,['C'],A,Vacuum adiabatic calorimetry,"origin: commercial source,99.999 % (total),stated by supplier",99.999,Not Specified %,1969
2.08,0.00143511,2.615e-06,None kPa,N/A,18589,['C'],A,Vacuum adiabatic calorimetry,"origin: commercial source,99.999 % (total),stated by supplier",99.999,Not Specified %,1969
2.12,0.0014644,2.66521e-06,None kPa,N/A,18589,['C'],A,Vacuum adiabatic calorimetry,"origin: commercial source,99.999 % (total),stated by supplier",99.999,Not Specified %,1969
2.17,0.0014895,2.7196e-06,None kPa,N/A,18589,['C'],A,Vacuum adiabatic calorimetry,"origin: commercial source,99.999 % (total),stated by supplier",99.999,Not Specified %,1969
2.18,0.00150206,2.73634e-06,None kPa,N/A,18589,['C'],A,Vacuum adiabatic calorimetry,"origin: commercial source,99.999 % (total),stated by supplier",99.999,Not Specified %,1969
2.24,0.0015439,2.81165e-06,None kPa,N/A,18589,['C'],A,Vacuum adiabatic calorimetry,"origin: commercial source,99.999 % (total),stated by supplier",99.999,Not Specified %,1969
2.31,0.00158992,2.89533e-06,None kPa,N/A,18589,['C'],A,Vacuum adiabatic calorimetry,"origin: commercial source,99.999 % (total),stated by supplier",99.999,Not Specified %,1969
2.31,0.00158992,2.89533e-06,None kPa,N/A,18589,['C'],A,Vacuum adiabatic calorimetry,"origin: commercial source,99.999 % (total),stated by supplier",99.999,Not Specified %,1969
2.34,0.00161084,2.93717e-06,None kPa,N/A,18589,['C'],A,Vacuum adiabatic calorimetry,"origin: commercial source,99.999 % (total),stated by supplier",99.999,Not Specified %,1969
2.47,0.00170289,3.10453e-06,None kPa,N/A,18589,['C'],A,Vacuum adiabatic calorimetry,"origin: commercial source,99.999 % (total),stated by supplier",99.999,Not Specified %,1969
2.5,0.00172381,3.14218e-06,None kPa,N/A,18589,['C'],A,Vacuum adiabatic calorimetry,"origin: commercial source,99.999 % (total),stated by supplier",99.999,Not Specified %,1969
2.53,0.00174054,3.17566e-06,None kPa,N/A,18589,['C'],A,Vacuum adiabatic calorimetry,"origin: commercial source,99.999 % (total),stated by supplier",99.999,Not Specified %,1969
2.57,0.00176983,3.22168e-06,None kPa,N/A,18589,['C'],A,Vacuum adiabatic calorimetry,"origin: commercial source,99.999 % (total),stated by supplier",99.999,Not Specified %,1969
2.64,0.00181586,3.30954e-06,None kPa,N/A,18589,['C'],A,Vacuum adiabatic calorimetry,"origin: commercial source,99.999 % (total),stated by supplier",99.999,Not Specified %,1969
2.67,0.00183678,3.3472e-06,None kPa,N/A,18589,['C'],A,Vacuum adiabatic calorimetry,"origin: commercial source,99.999 % (total),stated by supplier",99.999,Not Specified %,1969
2.68,0.00184933,3.36812e-06,None kPa,N/A,18589,['C'],A,Vacuum adiabatic calorimetry,"origin: commercial source,99.999 % (total),stated by supplier",99.999,Not Specified %,1969
2.74,0.00188698,3.43925e-06,None kPa,N/A,18589,['C'],A,Vacuum adiabatic calorimetry,"origin: commercial source,99.999 % (total),stated by supplier",99.999,Not Specified %,1969
2.76,0.00189954,3.46017e-06,None kPa,N/A,18589,['C'],A,Vacuum adiabatic calorimetry,"origin: commercial source,99.999 % (total),stated by supplier",99.999,Not Specified %,1969
2.77,0.0019079,3.4769e-06,None kPa,N/A,18589,['C'],A,Vacuum adiabatic calorimetry,"origin: commercial source,99.999 % (total),stated by supplier",99.999,Not Specified %,1969
0.3035,0.0002538,1.269e-05,None kPa,N/A,19248,['C'],A,Relaxation calorimetry,not stated,,,1970
0.3625,0.0002983,1.4915e-05,None kPa,N/A,19248,['C'],A,Relaxation calorimetry,not stated,,,1970
0.5586,0.0004022,2.011e-05,None kPa,N/A,19248,['C'],A,Relaxation calorimetry,not stated,,,1970
0.6288,0.0004809,2.4045e-05,None kPa,N/A,19248,['C'],A,Relaxation calorimetry,not stated,,,1970
0.6947,0.0005292,2.646e-05,None kPa,N/A,19248,['C'],A,Relaxation calorimetry,not stated,,,1970
0.754,0.0005854,2.927e-05,None kPa,N/A,19248,['C'],A,Relaxation calorimetry,not stated,,,1970
0.886,0.0007155,3.5775e-05,None kPa,N/A,19248,['C'],A,Relaxation calorimetry,not stated,,,1970
0.9886,0.0007648,3.824e-05,None kPa,N/A,19248,['C'],A,Relaxation calorimetry,not stated,,,1970
1.055,0.0008561,4.2805e-05,None kPa,N/A,19248,['C'],A,Relaxation calorimetry,not stated,,,1970
1.1393,0.0009462,4.731e-05,None kPa,N/A,19248,['C'],A,Relaxation calorimetry,not stated,,,1970
1.2375,0.0010263,5.1315e-05,None kPa,N/A,19248,['C'],A,Relaxation calorimetry,not stated,,,1970
1.3086,0.0010955,5.4775e-05,None kPa,N/A,19248,['C'],A,Relaxation calorimetry,not stated,,,1970
1.442,0.0011813,5.9065e-05,None kPa,N/A,19248,['C'],A,Relaxation calorimetry,not stated,,,1970
1.5851,0.0013176,6.588e-05,None kPa,N/A,19248,['C'],A,Relaxation calorimetry,not stated,,,1970
1.7741,0.0015367,7.6835e-05,None kPa,N/A,19248,['C'],A,Relaxation calorimetry,not stated,,,1970
1.9378,0.0017194,8.597e-05,None kPa,N/A,19248,['C'],A,Relaxation calorimetry,not stated,,,1970
2.1425,0.001962,9.81e-05,None kPa,N/A,19248,['C'],A,Relaxation calorimetry,not stated,,,1970
2.4022,0.0023579,0.000117895,None kPa,N/A,19248,['C'],A,Relaxation calorimetry,not stated,,,1970
2.7759,0.0029749,0.000148745,None kPa,N/A,19248,['C'],A,Relaxation calorimetry,not stated,,,1970
3.2207,0.0038795,0.000193975,None kPa,N/A,19248,['C'],A,Relaxation calorimetry,not stated,,,1970
3.6864,0.0051097,0.000255485,None kPa,N/A,19248,['C'],A,Relaxation calorimetry,not stated,,,1970
1.36,0.00103,6.18e-05,None kPa,N/A,21291,['C'],A,N/A,"not stated,99.92 % (total),estimated by the compiler",99.92,Not Specified %,1973
1.41,0.00109,6.54e-05,None kPa,N/A,21291,['C'],A,N/A,"not stated,99.92 % (total),estimated by the compiler",99.92,Not Specified %,1973
1.46,0.00117,7.02e-05,None kPa,N/A,21291,['C'],A,N/A,"not stated,99.92 % (total),estimated by the compiler",99.92,Not Specified %,1973
1.51,0.00122,7.32e-05,None kPa,N/A,21291,['C'],A,N/A,"not stated,99.92 % (total),estimated by the compiler",99.92,Not Specified %,1973
1.55,0.00128,7.68e-05,None kPa,N/A,21291,['C'],A,N/A,"not stated,99.92 % (total),estimated by the compiler",99.92,Not Specified %,1973
1.61,0.00138,8.28e-05,None kPa,N/A,21291,['C'],A,N/A,"not stated,99.92 % (total),estimated by the compiler",99.92,Not Specified %,1973
1.72,0.00149,8.94e-05,None kPa,N/A,21291,['C'],A,N/A,"not stated,99.92 % (total),estimated by the compiler",99.92,Not Specified %,1973
1.81,0.0016,9.6e-05,None kPa,N/A,21291,['C'],A,N/A,"not stated,99.92 % (total),estimated by the compiler",99.92,Not Specified %,1973
1.9,0.00169,0.0001014,None kPa,N/A,21291,['C'],A,N/A,"not stated,99.92 % (total),estimated by the compiler",99.92,Not Specified %,1973
1.98,0.00179,0.0001074,None kPa,N/A,21291,['C'],A,N/A,"not stated,99.92 % (total),estimated by the compiler",99.92,Not Specified %,1973
2.06,0.00194,0.0001164,None kPa,N/A,21291,['C'],A,N/A,"not stated,99.92 % (total),estimated by the compiler",99.92,Not Specified %,1973
2.18,0.00206,0.0001236,None kPa,N/A,21291,['C'],A,N/A,"not stated,99.92 % (total),estimated by the compiler",99.92,Not Specified %,1973
2.28,0.00219,0.0001314,None kPa,N/A,21291,['C'],A,N/A,"not stated,99.92 % (total),estimated by the compiler",99.92,Not Specified %,1973
2.34,0.00229,0.0001374,None kPa,N/A,21291,['C'],A,N/A,"not stated,99.92 % (total),estimated by the compiler",99.92,Not Specified %,1973
2.43,0.00244,0.0001464,None kPa,N/A,21291,['C'],A,N/A,"not stated,99.92 % (total),estimated by the compiler",99.92,Not Specified %,1973
2.51,0.00254,0.0001524,None kPa,N/A,21291,['C'],A,N/A,"not stated,99.92 % (total),estimated by the compiler",99.92,Not Specified %,1973
2.59,0.00269,0.0001614,None kPa,N/A,21291,['C'],A,N/A,"not stated,99.92 % (total),estimated by the compiler",99.92,Not Specified %,1973
2.68,0.00286,0.0001716,None kPa,N/A,21291,['C'],A,N/A,"not stated,99.92 % (total),estimated by the compiler",99.92,Not Specified %,1973
2.79,0.00306,0.0001836,None kPa,N/A,21291,['C'],A,N/A,"not stated,99.92 % (total),estimated by the compiler",99.92,Not Specified %,1973
2.91,0.0033,0.000198,None kPa,N/A,21291,['C'],A,N/A,"not stated,99.92 % (total),estimated by the compiler",99.92,Not Specified %,1973
2.94,0.00335,0.000201,None kPa,N/A,21291,['C'],A,N/A,"not stated,99.92 % (total),estimated by the compiler",99.92,Not Specified %,1973
3.04,0.00353,0.0002118,None kPa,N/A,21291,['C'],A,N/A,"not stated,99.92 % (total),estimated by the compiler",99.92,Not Specified %,1973
3.14,0.00369,0.0002214,None kPa,N/A,21291,['C'],A,N/A,"not stated,99.92 % (total),estimated by the compiler",99.92,Not Specified %,1973
3.25,0.00397,0.0002382,None kPa,N/A,21291,['C'],A,N/A,"not stated,99.92 % (total),estimated by the compiler",99.92,Not Specified %,1973
3.42,0.00418,0.0002508,None kPa,N/A,21291,['C'],A,N/A,"not stated,99.92 % (total),estimated by the compiler",99.92,Not Specified %,1973
3.49,0.00459,0.0002754,None kPa,N/A,21291,['C'],A,N/A,"not stated,99.92 % (total),estimated by the compiler",99.92,Not Specified %,1973
3.52,0.0046,0.000276,None kPa,N/A,21291,['C'],A,N/A,"not stated,99.92 % (total),estimated by the compiler",99.92,Not Specified %,1973
3.54,0.00466,0.0002796,None kPa,N/A,21291,['C'],A,N/A,"not stated,99.92 % (total),estimated by the compiler",99.92,Not Specified %,1973
3.58,0.00475,0.000285,None kPa,N/A,21291,['C'],A,N/A,"not stated,99.92 % (total),estimated by the compiler",99.92,Not Specified %,1973
3.64,0.00493,0.0002958,None kPa,N/A,21291,['C'],A,N/A,"not stated,99.92 % (total),estimated by the compiler",99.92,Not Specified %,1973
3.67,0.00499,0.0002994,None kPa,N/A,21291,['C'],A,N/A,"not stated,99.92 % (total),estimated by the compiler",99.92,Not Specified %,1973
3.84,0.00542,0.0003252,None kPa,N/A,21291,['C'],A,N/A,"not stated,99.92 % (total),estimated by the compiler",99.92,Not Specified %,1973
3.89,0.00557,0.0003342,None kPa,N/A,21291,['C'],A,N/A,"not stated,99.92 % (total),estimated by the compiler",99.92,Not Specified %,1973
3.93,0.00572,0.0003432,None kPa,N/A,21291,['C'],A,N/A,"not stated,99.92 % (total),estimated by the compiler",99.92,Not Specified %,1973
4.01,0.00598,0.0003588,None kPa,N/A,21291,['C'],A,N/A,"not stated,99.92 % (total),estimated by the compiler",99.92,Not Specified %,1973
4.06,0.0061,0.000366,None kPa,N/A,21291,['C'],A,N/A,"not stated,99.92 % (total),estimated by the compiler",99.92,Not Specified %,1973
4.11,0.00629,0.0003774,None kPa,N/A,21291,['C'],A,N/A,"not stated,99.92 % (total),estimated by the compiler",99.92,Not Specified %,1973
4.16,0.00649,0.0003894,None kPa,N/A,21291,['C'],A,N/A,"not stated,99.92 % (total),estimated by the compiler",99.92,Not Specified %,1973
4.2,0.00664,0.0003984,None kPa,N/A,21291,['C'],A,N/A,"not stated,99.92 % (total),estimated by the compiler",99.92,Not Specified %,1973
4.24,0.00675,0.000405,None kPa,N/A,21291,['C'],A,N/A,"not stated,99.92 % (total),estimated by the compiler",99.92,Not Specified %,1973
1.76,0.00157,9.42e-05,None kPa,N/A,21291,['C'],A,N/A,"not stated,99.92 % (total),estimated by the compiler",99.92,Not Specified %,1973
1.83,0.00166,9.96e-05,None kPa,N/A,21291,['C'],A,N/A,"not stated,99.92 % (total),estimated by the compiler",99.92,Not Specified %,1973
1.91,0.00176,0.0001056,None kPa,N/A,21291,['C'],A,N/A,"not stated,99.92 % (total),estimated by the compiler",99.92,Not Specified %,1973
1.99,0.00186,0.0001116,None kPa,N/A,21291,['C'],A,N/A,"not stated,99.92 % (total),estimated by the compiler",99.92,Not Specified %,1973
2.11,0.00202,0.0001212,None kPa,N/A,21291,['C'],A,N/A,"not stated,99.92 % (total),estimated by the compiler",99.92,Not Specified %,1973
2.22,0.00218,0.0001308,None kPa,N/A,21291,['C'],A,N/A,"not stated,99.92 % (total),estimated by the compiler",99.92,Not Specified %,1973
2.28,0.00226,0.0001356,None kPa,N/A,21291,['C'],A,N/A,"not stated,99.92 % (total),estimated by the compiler",99.92,Not Specified %,1973
2.33,0.00236,0.0001416,None kPa,N/A,21291,['C'],A,N/A,"not stated,99.92 % (total),estimated by the compiler",99.92,Not Specified %,1973
2.39,0.00243,0.0001458,None kPa,N/A,21291,['C'],A,N/A,"not stated,99.92 % (total),estimated by the compiler",99.92,Not Specified %,1973
2.46,0.00253,0.0001518,None kPa,N/A,21291,['C'],A,N/A,"not stated,99.92 % (total),estimated by the compiler",99.92,Not Specified %,1973
2.56,0.0027,0.000162,None kPa,N/A,21291,['C'],A,N/A,"not stated,99.92 % (total),estimated by the compiler",99.92,Not Specified %,1973
2.65,0.00285,0.000171,None kPa,N/A,21291,['C'],A,N/A,"not stated,99.92 % (total),estimated by the compiler",99.92,Not Specified %,1973
2.76,0.00301,0.0001806,None kPa,N/A,21291,['C'],A,N/A,"not stated,99.92 % (total),estimated by the compiler",99.92,Not Specified %,1973
2.88,0.00321,0.0001926,None kPa,N/A,21291,['C'],A,N/A,"not stated,99.92 % (total),estimated by the compiler",99.92,Not Specified %,1973
3.01,0.00345,0.000207,None kPa,N/A,21291,['C'],A,N/A,"not stated,99.92 % (total),estimated by the compiler",99.92,Not Specified %,1973
3.05,0.0036,0.000216,None kPa,N/A,21291,['C'],A,N/A,"not stated,99.92 % (total),estimated by the compiler",99.92,Not Specified %,1973
3.1,0.00363,0.0002178,None kPa,N/A,21291,['C'],A,N/A,"not stated,99.92 % (total),estimated by the compiler",99.92,Not Specified %,1973
3.15,0.00374,0.0002244,None kPa,N/A,21291,['C'],A,N/A,"not stated,99.92 % (total),estimated by the compiler",99.92,Not Specified %,1973
3.21,0.00387,0.0002322,None kPa,N/A,21291,['C'],A,N/A,"not stated,99.92 % (total),estimated by the compiler",99.92,Not Specified %,1973
3.27,0.004,0.00024,None kPa,N/A,21291,['C'],A,N/A,"not stated,99.92 % (total),estimated by the compiler",99.92,Not Specified %,1973
3.31,0.00411,0.0002466,None kPa,N/A,21291,['C'],A,N/A,"not stated,99.92 % (total),estimated by the compiler",99.92,Not Specified %,1973
3.36,0.00421,0.0002526,None kPa,N/A,21291,['C'],A,N/A,"not stated,99.92 % (total),estimated by the compiler",99.92,Not Specified %,1973
3.41,0.00433,0.0002598,None kPa,N/A,21291,['C'],A,N/A,"not stated,99.92 % (total),estimated by the compiler",99.92,Not Specified %,1973
3.46,0.00444,0.0002664,None kPa,N/A,21291,['C'],A,N/A,"not stated,99.92 % (total),estimated by the compiler",99.92,Not Specified %,1973
3.61,0.00481,0.0002886,None kPa,N/A,21291,['C'],A,N/A,"not stated,99.92 % (total),estimated by the compiler",99.92,Not Specified %,1973
3.69,0.00501,0.0003006,None kPa,N/A,21291,['C'],A,N/A,"not stated,99.92 % (total),estimated by the compiler",99.92,Not Specified %,1973
3.74,0.00507,0.0003042,None kPa,N/A,21291,['C'],A,N/A,"not stated,99.92 % (total),estimated by the compiler",99.92,Not Specified %,1973
3.77,0.00517,0.0003102,None kPa,N/A,21291,['C'],A,N/A,"not stated,99.92 % (total),estimated by the compiler",99.92,Not Specified %,1973
3.81,0.00529,0.0003174,None kPa,N/A,21291,['C'],A,N/A,"not stated,99.92 % (total),estimated by the compiler",99.92,Not Specified %,1973
3.86,0.00545,0.000327,None kPa,N/A,21291,['C'],A,N/A,"not stated,99.92 % (total),estimated by the compiler",99.92,Not Specified %,1973
3.91,0.00558,0.0003348,None kPa,N/A,21291,['C'],A,N/A,"not stated,99.92 % (total),estimated by the compiler",99.92,Not Specified %,1973
4.28,0.00673,0.0004038,None kPa,N/A,21291,['C'],A,N/A,"not stated,99.92 % (total),estimated by the compiler",99.92,Not Specified %,1973
7.182,0.02285,0.00011425,None kPa,N/A,21567,['C'],A,He-3 Calorimeter,"origin: commercial source,99.9958253 weight % (total),estimated by the compiler,rod",99.9958253,Weight %,1974
7.465,0.02467,0.00012335,None kPa,N/A,21567,['C'],A,He-3 Calorimeter,"origin: commercial source,99.9958253 weight % (total),estimated by the compiler,rod",99.9958253,Weight %,1974
7.775,0.02801,0.00014005,None kPa,N/A,21567,['C'],A,He-3 Calorimeter,"origin: commercial source,99.9958253 weight % (total),estimated by the compiler,rod",99.9958253,Weight %,1974
8.147,0.0318,0.000159,None kPa,N/A,21567,['C'],A,He-3 Calorimeter,"origin: commercial source,99.9958253 weight % (total),estimated by the compiler,rod",99.9958253,Weight %,1974
8.868,0.04006,0.0002003,None kPa,N/A,21567,['C'],A,He-3 Calorimeter,"origin: commercial source,99.9958253 weight % (total),estimated by the compiler,rod",99.9958253,Weight %,1974
10.345,0.0615,0.0003075,None kPa,N/A,21567,['C'],A,He-3 Calorimeter,"origin: commercial source,99.9958253 weight % (total),estimated by the compiler,rod",99.9958253,Weight %,1974
4.622,0.007829,3.9145e-05,None kPa,N/A,21567,['C'],A,He-3 Calorimeter,"origin: commercial source,99.9958253 weight % (total),estimated by the compiler,rod",99.9958253,Weight %,1974
4.8,0.008688,4.344e-05,None kPa,N/A,21567,['C'],A,He-3 Calorimeter,"origin: commercial source,99.9958253 weight % (total),estimated by the compiler,rod",99.9958253,Weight %,1974
4.925,0.009054,4.527e-05,None kPa,N/A,21567,['C'],A,He-3 Calorimeter,"origin: commercial source,99.9958253 weight % (total),estimated by the compiler,rod",99.9958253,Weight %,1974
5.433,0.01154,5.77e-05,None kPa,N/A,21567,['C'],A,He-3 Calorimeter,"origin: commercial source,99.9958253 weight % (total),estimated by the compiler,rod",99.9958253,Weight %,1974
6.183,0.01555,7.775e-05,None kPa,N/A,21567,['C'],A,He-3 Calorimeter,"origin: commercial source,99.9958253 weight % (total),estimated by the compiler,rod",99.9958253,Weight %,1974
6.711,0.01922,9.61e-05,None kPa,N/A,21567,['C'],A,He-3 Calorimeter,"origin: commercial source,99.9958253 weight % (total),estimated by the compiler,rod",99.9958253,Weight %,1974
7.123,0.02263,0.00011315,None kPa,N/A,21567,['C'],A,He-3 Calorimeter,"origin: commercial source,99.9958253 weight % (total),estimated by the compiler,rod",99.9958253,Weight %,1974
0.671,0.0004799,2.3995e-06,None kPa,N/A,21567,['C'],A,He-3 Calorimeter,"origin: commercial source,99.9958253 weight % (total),estimated by the compiler,rod",99.9958253,Weight %,1974
0.703,0.0005037,2.5185e-06,None kPa,N/A,21567,['C'],A,He-3 Calorimeter,"origin: commercial source,99.9958253 weight % (total),estimated by the compiler,rod",99.9958253,Weight %,1974
0.806,0.0006041,3.0205e-06,None kPa,N/A,21567,['C'],A,He-3 Calorimeter,"origin: commercial source,99.9958253 weight % (total),estimated by the compiler,rod",99.9958253,Weight %,1974
1.108,0.0008598,4.299e-06,None kPa,N/A,21567,['C'],A,He-3 Calorimeter,"origin: commercial source,99.9958253 weight % (total),estimated by the compiler,rod",99.9958253,Weight %,1974
1.367,0.001075,5.375e-06,None kPa,N/A,21567,['C'],A,He-3 Calorimeter,"origin: commercial source,99.9958253 weight % (total),estimated by the compiler,rod",99.9958253,Weight %,1974
1.722,0.001436,7.18e-06,None kPa,N/A,21567,['C'],A,He-3 Calorimeter,"origin: commercial source,99.9958253 weight % (total),estimated by the compiler,rod",99.9958253,Weight %,1974
1.835,0.001566,7.83e-06,None kPa,N/A,21567,['C'],A,He-3 Calorimeter,"origin: commercial source,99.9958253 weight % (total),estimated by the compiler,rod",99.9958253,Weight %,1974
2.101,0.001902,9.51e-06,None kPa,N/A,21567,['C'],A,He-3 Calorimeter,"origin: commercial source,99.9958253 weight % (total),estimated by the compiler,rod",99.9958253,Weight %,1974
2.314,0.002195,1.0975e-05,None kPa,N/A,21567,['C'],A,He-3 Calorimeter,"origin: commercial source,99.9958253 weight % (total),estimated by the compiler,rod",99.9958253,Weight %,1974
2.578,0.002561,1.2805e-05,None kPa,N/A,21567,['C'],A,He-3 Calorimeter,"origin: commercial source,99.9958253 weight % (total),estimated by the compiler,rod",99.9958253,Weight %,1974
2.824,0.003044,1.522e-05,None kPa,N/A,21567,['C'],A,He-3 Calorimeter,"origin: commercial source,99.9958253 weight % (total),estimated by the compiler,rod",99.9958253,Weight %,1974
3.032,0.00343,1.715e-05,None kPa,N/A,21567,['C'],A,He-3 Calorimeter,"origin: commercial source,99.9958253 weight % (total),estimated by the compiler,rod",99.9958253,Weight %,1974
3.269,0.00394,1.97e-05,None kPa,N/A,21567,['C'],A,He-3 Calorimeter,"origin: commercial source,99.9958253 weight % (total),estimated by the compiler,rod",99.9958253,Weight %,1974
0.637,0.000467,2.335e-06,None kPa,N/A,21567,['C'],A,He-3 Calorimeter,"origin: commercial source,99.9958253 weight % (total),estimated by the compiler,rod",99.9958253,Weight %,1974
0.675,0.0004713,2.3565e-06,None kPa,N/A,21567,['C'],A,He-3 Calorimeter,"origin: commercial source,99.9958253 weight % (total),estimated by the compiler,rod",99.9958253,Weight %,1974
0.708,0.0004897,2.4485e-06,None kPa,N/A,21567,['C'],A,He-3 Calorimeter,"origin: commercial source,99.9958253 weight % (total),estimated by the compiler,rod",99.9958253,Weight %,1974
0.748,0.0005318,2.659e-06,None kPa,N/A,21567,['C'],A,He-3 Calorimeter,"origin: commercial source,99.9958253 weight % (total),estimated by the compiler,rod",99.9958253,Weight %,1974
0.811,0.0006,3e-06,None kPa,N/A,21567,['C'],A,He-3 Calorimeter,"origin: commercial source,99.9958253 weight % (total),estimated by the compiler,rod",99.9958253,Weight %,1974
0.955,0.0007419,3.7095e-06,None kPa,N/A,21567,['C'],A,He-3 Calorimeter,"origin: commercial source,99.9958253 weight % (total),estimated by the compiler,rod",99.9958253,Weight %,1974
1.251,0.0009479,4.7395e-06,None kPa,N/A,21567,['C'],A,He-3 Calorimeter,"origin: commercial source,99.9958253 weight % (total),estimated by the compiler,rod",99.9958253,Weight %,1974
1.573,0.001264,6.32e-06,None kPa,N/A,21567,['C'],A,He-3 Calorimeter,"origin: commercial source,99.9958253 weight % (total),estimated by the compiler,rod",99.9958253,Weight %,1974
1.661,0.001366,6.83e-06,None kPa,N/A,21567,['C'],A,He-3 Calorimeter,"origin: commercial source,99.9958253 weight % (total),estimated by the compiler,rod",99.9958253,Weight %,1974
1.745,0.001459,7.295e-06,None kPa,N/A,21567,['C'],A,He-3 Calorimeter,"origin: commercial source,99.9958253 weight % (total),estimated by the compiler,rod",99.9958253,Weight %,1974
1.836,0.001568,7.84e-06,None kPa,N/A,21567,['C'],A,He-3 Calorimeter,"origin: commercial source,99.9958253 weight % (total),estimated by the compiler,rod",99.9958253,Weight %,1974
1.923,0.001668,8.34e-06,None kPa,N/A,21567,['C'],A,He-3 Calorimeter,"origin: commercial source,99.9958253 weight % (total),estimated by the compiler,rod",99.9958253,Weight %,1974
2.043,0.001823,9.115e-06,None kPa,N/A,21567,['C'],A,He-3 Calorimeter,"origin: commercial source,99.9958253 weight % (total),estimated by the compiler,rod",99.9958253,Weight %,1974
2.236,0.002088,1.044e-05,None kPa,N/A,21567,['C'],A,He-3 Calorimeter,"origin: commercial source,99.9958253 weight % (total),estimated by the compiler,rod",99.9958253,Weight %,1974
2.49,0.002447,1.2235e-05,None kPa,N/A,21567,['C'],A,He-3 Calorimeter,"origin: commercial source,99.9958253 weight % (total),estimated by the compiler,rod",99.9958253,Weight %,1974
11.018,0.07361,0.00036805,None kPa,N/A,21567,['C'],A,He-3 Calorimeter,"origin: commercial source,99.9958253 weight % (total),estimated by the compiler,rod",99.9958253,Weight %,1974
13.436,0.1316,0.000658,None kPa,N/A,21567,['C'],A,He-3 Calorimeter,"origin: commercial source,99.9958253 weight % (total),estimated by the compiler,rod",99.9958253,Weight %,1974
14.673,0.1721,0.0008605,None kPa,N/A,21567,['C'],A,He-3 Calorimeter,"origin: commercial source,99.9958253 weight % (total),estimated by the compiler,rod",99.9958253,Weight %,1974
15.824,0.217,0.001085,None kPa,N/A,21567,['C'],A,He-3 Calorimeter,"origin: commercial source,99.9958253 weight % (total),estimated by the compiler,rod",99.9958253,Weight %,1974
17.128,0.2808,0.001404,None kPa,N/A,21567,['C'],A,He-3 Calorimeter,"origin: commercial source,99.9958253 weight % (total),estimated by the compiler,rod",99.9958253,Weight %,1974
18.858,0.3819,0.0019095,None kPa,N/A,21567,['C'],A,He-3 Calorimeter,"origin: commercial source,99.9958253 weight % (total),estimated by the compiler,rod",99.9958253,Weight %,1974
7.634,0.02682,0.0001341,None kPa,N/A,21567,['C'],A,He-3 Calorimeter,"origin: commercial source,99.9958253 weight % (total),estimated by the compiler,rod",99.9958253,Weight %,1974
8.284,0.03322,0.0001661,None kPa,N/A,21567,['C'],A,He-3 Calorimeter,"origin: commercial source,99.9958253 weight % (total),estimated by the compiler,rod",99.9958253,Weight %,1974
8.936,0.04086,0.0002043,None kPa,N/A,21567,['C'],A,He-3 Calorimeter,"origin: commercial source,99.9958253 weight % (total),estimated by the compiler,rod",99.9958253,Weight %,1974
10.2,0.05908,0.0002954,None kPa,N/A,21567,['C'],A,He-3 Calorimeter,"origin: commercial source,99.9958253 weight % (total),estimated by the compiler,rod",99.9958253,Weight %,1974
10.969,0.07275,0.00036375,None kPa,N/A,21567,['C'],A,He-3 Calorimeter,"origin: commercial source,99.9958253 weight % (total),estimated by the compiler,rod",99.9958253,Weight %,1974
11.728,0.08827,0.00044135,None kPa,N/A,21567,['C'],A,He-3 Calorimeter,"origin: commercial source,99.9958253 weight % (total),estimated by the compiler,rod",99.9958253,Weight %,1974
12.756,0.113,0.000565,None kPa,N/A,21567,['C'],A,He-3 Calorimeter,"origin: commercial source,99.9958253 weight % (total),estimated by the compiler,rod",99.9958253,Weight %,1974
3.836,0.005386,2.693e-05,None kPa,N/A,21567,['C'],A,He-3 Calorimeter,"origin: commercial source,99.9958253 weight % (total),estimated by the compiler,rod",99.9958253,Weight %,1974
4.128,0.006155,3.0775e-05,None kPa,N/A,21567,['C'],A,He-3 Calorimeter,"origin: commercial source,99.9958253 weight % (total),estimated by the compiler,rod",99.9958253,Weight %,1974
4.462,0.007311,3.6555e-05,None kPa,N/A,21567,['C'],A,He-3 Calorimeter,"origin: commercial source,99.9958253 weight % (total),estimated by the compiler,rod",99.9958253,Weight %,1974
4.808,0.008632,4.316e-05,None kPa,N/A,21567,['C'],A,He-3 Calorimeter,"origin: commercial source,99.9958253 weight % (total),estimated by the compiler,rod",99.9958253,Weight %,1974
5.397,0.01133,5.665e-05,None kPa,N/A,21567,['C'],A,He-3 Calorimeter,"origin: commercial source,99.9958253 weight % (total),estimated by the compiler,rod",99.9958253,Weight %,1974
6.281,0.01629,8.145e-05,None kPa,N/A,21567,['C'],A,He-3 Calorimeter,"origin: commercial source,99.9958253 weight % (total),estimated by the compiler,rod",99.9958253,Weight %,1974
6.982,0.02122,0.0001061,None kPa,N/A,21567,['C'],A,He-3 Calorimeter,"origin: commercial source,99.9958253 weight % (total),estimated by the compiler,rod",99.9958253,Weight %,1974
7.412,0.02475,0.00012375,None kPa,N/A,21567,['C'],A,He-3 Calorimeter,"origin: commercial source,99.9958253 weight % (total),estimated by the compiler,rod",99.9958253,Weight %,1974
7.841,0.02869,0.00014345,None kPa,N/A,21567,['C'],A,He-3 Calorimeter,"origin: commercial source,99.9958253 weight % (total),estimated by the compiler,rod",99.9958253,Weight %,1974
8.426,0.03477,0.00017385,None kPa,N/A,21567,['C'],A,He-3 Calorimeter,"origin: commercial source,99.9958253 weight % (total),estimated by the compiler,rod",99.9958253,Weight %,1974
9.006,0.04163,0.00020815,None kPa,N/A,21567,['C'],A,He-3 Calorimeter,"origin: commercial source,99.9958253 weight % (total),estimated by the compiler,rod",99.9958253,Weight %,1974
9.58,0.04942,0.0002471,None kPa,N/A,21567,['C'],A,He-3 Calorimeter,"origin: commercial source,99.9958253 weight % (total),estimated by the compiler,rod",99.9958253,Weight %,1974
10.336,0.06126,0.0003063,None kPa,N/A,21567,['C'],A,He-3 Calorimeter,"origin: commercial source,99.9958253 weight % (total),estimated by the compiler,rod",99.9958253,Weight %,1974
2.745,0.00289,1.445e-05,None kPa,N/A,21567,['C'],A,He-3 Calorimeter,"origin: commercial source,99.9958253 weight % (total),estimated by the compiler,rod",99.9958253,Weight %,1974
2.977,0.003315,1.6575e-05,None kPa,N/A,21567,['C'],A,He-3 Calorimeter,"origin: commercial source,99.9958253 weight % (total),estimated by the compiler,rod",99.9958253,Weight %,1974
3.203,0.00379,1.895e-05,None kPa,N/A,21567,['C'],A,He-3 Calorimeter,"origin: commercial source,99.9958253 weight % (total),estimated by the compiler,rod",99.9958253,Weight %,1974
3.441,0.004352,2.176e-05,None kPa,N/A,21567,['C'],A,He-3 Calorimeter,"origin: commercial source,99.9958253 weight % (total),estimated by the compiler,rod",99.9958253,Weight %,1974
3.687,0.004946,2.473e-05,None kPa,N/A,21567,['C'],A,He-3 Calorimeter,"origin: commercial source,99.9958253 weight % (total),estimated by the compiler,rod",99.9958253,Weight %,1974
3.937,0.005633,2.8165e-05,None kPa,N/A,21567,['C'],A,He-3 Calorimeter,"origin: commercial source,99.9958253 weight % (total),estimated by the compiler,rod",99.9958253,Weight %,1974
4.218,0.006516,3.258e-05,None kPa,N/A,21567,['C'],A,He-3 Calorimeter,"origin: commercial source,99.9958253 weight % (total),estimated by the compiler,rod",99.9958253,Weight %,1974
4.509,0.007489,3.7445e-05,None kPa,N/A,21567,['C'],A,He-3 Calorimeter,"origin: commercial source,99.9958253 weight % (total),estimated by the compiler,rod",99.9958253,Weight %,1974
4.81,0.00863,4.315e-05,None kPa,N/A,21567,['C'],A,He-3 Calorimeter,"origin: commercial source,99.9958253 weight % (total),estimated by the compiler,rod",99.9958253,Weight %,1974
7.264,0.0235,0.0001175,None kPa,N/A,21567,['C'],A,He-3 Calorimeter,"origin: commercial source,99.9958253 weight % (total),estimated by the compiler,rod",99.9958253,Weight %,1974
7.845,0.02881,0.00014405,None kPa,N/A,21567,['C'],A,He-3 Calorimeter,"origin: commercial source,99.9958253 weight % (total),estimated by the compiler,rod",99.9958253,Weight %,1974
8.417,0.03476,0.0001738,None kPa,N/A,21567,['C'],A,He-3 Calorimeter,"origin: commercial source,99.9958253 weight % (total),estimated by the compiler,rod",99.9958253,Weight %,1974
9.055,0.04237,0.00021185,None kPa,N/A,21567,['C'],A,He-3 Calorimeter,"origin: commercial source,99.9958253 weight % (total),estimated by the compiler,rod",99.9958253,Weight %,1974
9.79,0.05278,0.0002639,None kPa,N/A,21567,['C'],A,He-3 Calorimeter,"origin: commercial source,99.9958253 weight % (total),estimated by the compiler,rod",99.9958253,Weight %,1974
10.552,0.06489,0.00032445,None kPa,N/A,21567,['C'],A,He-3 Calorimeter,"origin: commercial source,99.9958253 weight % (total),estimated by the compiler,rod",99.9958253,Weight %,1974
21.025,0.5483,0.0027415,None kPa,N/A,21567,['C'],A,He-3 Calorimeter,"origin: commercial source,99.9958253 weight % (total),estimated by the compiler,rod",99.9958253,Weight %,1974
23.184,0.756,0.00378,None kPa,N/A,21567,['C'],A,He-3 Calorimeter,"origin: commercial source,99.9958253 weight % (total),estimated by the compiler,rod",99.9958253,Weight %,1974
24.803,0.9515,0.0047575,None kPa,N/A,21567,['C'],A,He-3 Calorimeter,"origin: commercial source,99.9958253 weight % (total),estimated by the compiler,rod",99.9958253,Weight %,1974
26.182,1.127,0.005635,None kPa,N/A,21567,['C'],A,He-3 Calorimeter,"origin: commercial source,99.9958253 weight % (total),estimated by the compiler,rod",99.9958253,Weight %,1974
27.349,1.272,0.00636,None kPa,N/A,21567,['C'],A,He-3 Calorimeter,"origin: commercial source,99.9958253 weight % (total),estimated by the compiler,rod",99.9958253,Weight %,1974
14.285,0.1595,0.0007975,None kPa,N/A,21567,['C'],A,He-3 Calorimeter,"origin: commercial source,99.9958253 weight % (total),estimated by the compiler,rod",99.9958253,Weight %,1974
15.679,0.2119,0.0010595,None kPa,N/A,21567,['C'],A,He-3 Calorimeter,"origin: commercial source,99.9958253 weight % (total),estimated by the compiler,rod",99.9958253,Weight %,1974
17.007,0.2743,0.0013715,None kPa,N/A,21567,['C'],A,He-3 Calorimeter,"origin: commercial source,99.9958253 weight % (total),estimated by the compiler,rod",99.9958253,Weight %,1974
18.824,0.3803,0.0019015,None kPa,N/A,21567,['C'],A,He-3 Calorimeter,"origin: commercial source,99.9958253 weight % (total),estimated by the compiler,rod",99.9958253,Weight %,1974
20.637,0.5147,0.0025735,None kPa,N/A,21567,['C'],A,He-3 Calorimeter,"origin: commercial source,99.9958253 weight % (total),estimated by the compiler,rod",99.9958253,Weight %,1974
22.572,0.6867,0.0034335,None kPa,N/A,21567,['C'],A,He-3 Calorimeter,"origin: commercial source,99.9958253 weight % (total),estimated by the compiler,rod",99.9958253,Weight %,1974
24.657,0.9152,0.004576,None kPa,N/A,21567,['C'],A,He-3 Calorimeter,"origin: commercial source,99.9958253 weight % (total),estimated by the compiler,rod",99.9958253,Weight %,1974
11.249,0.07792,0.0003896,None kPa,N/A,21567,['C'],A,He-3 Calorimeter,"origin: commercial source,99.9958253 weight % (total),estimated by the compiler,rod",99.9958253,Weight %,1974
12.143,0.09722,0.0004861,None kPa,N/A,21567,['C'],A,He-3 Calorimeter,"origin: commercial source,99.9958253 weight % (total),estimated by the compiler,rod",99.9958253,Weight %,1974
13.1,0.1217,0.0006085,None kPa,N/A,21567,['C'],A,He-3 Calorimeter,"origin: commercial source,99.9958253 weight % (total),estimated by the compiler,rod",99.9958253,Weight %,1974
13.834,0.144,0.00072,None kPa,N/A,21567,['C'],A,He-3 Calorimeter,"origin: commercial source,99.9958253 weight % (total),estimated by the compiler,rod",99.9958253,Weight %,1974
14.693,0.1729,0.0008645,None kPa,N/A,21567,['C'],A,He-3 Calorimeter,"origin: commercial source,99.9958253 weight % (total),estimated by the compiler,rod",99.9958253,Weight %,1974
16.085,0.2294,0.001147,None kPa,N/A,21567,['C'],A,He-3 Calorimeter,"origin: commercial source,99.9958253 weight % (total),estimated by the compiler,rod",99.9958253,Weight %,1974
17.213,0.2853,0.0014265,None kPa,N/A,21567,['C'],A,He-3 Calorimeter,"origin: commercial source,99.9958253 weight % (total),estimated by the compiler,rod",99.9958253,Weight %,1974
18.364,0.3496,0.001748,None kPa,N/A,21567,['C'],A,He-3 Calorimeter,"origin: commercial source,99.9958253 weight % (total),estimated by the compiler,rod",99.9958253,Weight %,1974
20.284,0.4845,0.0024225,None kPa,N/A,21567,['C'],A,He-3 Calorimeter,"origin: commercial source,99.9958253 weight % (total),estimated by the compiler,rod",99.9958253,Weight %,1974
22.373,0.6623,0.0033115,None kPa,N/A,21567,['C'],A,He-3 Calorimeter,"origin: commercial source,99.9958253 weight % (total),estimated by the compiler,rod",99.9958253,Weight %,1974
24.154,0.8539,0.0042695,None kPa,N/A,21567,['C'],A,He-3 Calorimeter,"origin: commercial source,99.9958253 weight % (total),estimated by the compiler,rod",99.9958253,Weight %,1974
25.836,1.051,0.005255,None kPa,N/A,21567,['C'],A,He-3 Calorimeter,"origin: commercial source,99.9958253 weight % (total),estimated by the compiler,rod",99.9958253,Weight %,1974
27.28,1.245,0.006225,None kPa,N/A,21567,['C'],A,He-3 Calorimeter,"origin: commercial source,99.9958253 weight % (total),estimated by the compiler,rod",99.9958253,Weight %,1974
11.364,0.08021,0.00040105,None kPa,N/A,21567,['C'],A,He-3 Calorimeter,"origin: commercial source,99.9958253 weight % (total),estimated by the compiler,rod",99.9958253,Weight %,1974
12.137,0.09744,0.0004872,None kPa,N/A,21567,['C'],A,He-3 Calorimeter,"origin: commercial source,99.9958253 weight % (total),estimated by the compiler,rod",99.9958253,Weight %,1974
13.027,0.1203,0.0006015,None kPa,N/A,21567,['C'],A,He-3 Calorimeter,"origin: commercial source,99.9958253 weight % (total),estimated by the compiler,rod",99.9958253,Weight %,1974
13.935,0.1469,0.0007345,None kPa,N/A,21567,['C'],A,He-3 Calorimeter,"origin: commercial source,99.9958253 weight % (total),estimated by the compiler,rod",99.9958253,Weight %,1974
15.011,0.1853,0.0009265,None kPa,N/A,21567,['C'],A,He-3 Calorimeter,"origin: commercial source,99.9958253 weight % (total),estimated by the compiler,rod",99.9958253,Weight %,1974
16.039,0.2263,0.0011315,None kPa,N/A,21567,['C'],A,He-3 Calorimeter,"origin: commercial source,99.9958253 weight % (total),estimated by the compiler,rod",99.9958253,Weight %,1974
16.756,0.2611,0.0013055,None kPa,N/A,21567,['C'],A,He-3 Calorimeter,"origin: commercial source,99.9958253 weight % (total),estimated by the compiler,rod",99.9958253,Weight %,1974
17.656,0.3092,0.001546,None kPa,N/A,21567,['C'],A,He-3 Calorimeter,"origin: commercial source,99.9958253 weight % (total),estimated by the compiler,rod",99.9958253,Weight %,1974
18.479,0.3552,0.001776,None kPa,N/A,21567,['C'],A,He-3 Calorimeter,"origin: commercial source,99.9958253 weight % (total),estimated by the compiler,rod",99.9958253,Weight %,1974
19.225,0.4072,0.002036,None kPa,N/A,21567,['C'],A,He-3 Calorimeter,"origin: commercial source,99.9958253 weight % (total),estimated by the compiler,rod",99.9958253,Weight %,1974
20.515,0.5012,0.002506,None kPa,N/A,21567,['C'],A,He-3 Calorimeter,"origin: commercial source,99.9958253 weight % (total),estimated by the compiler,rod",99.9958253,Weight %,1974
22.378,0.673,0.003365,None kPa,N/A,21567,['C'],A,He-3 Calorimeter,"origin: commercial source,99.9958253 weight % (total),estimated by the compiler,rod",99.9958253,Weight %,1974
24.431,0.89,0.00445,None kPa,N/A,21567,['C'],A,He-3 Calorimeter,"origin: commercial source,99.9958253 weight % (total),estimated by the compiler,rod",99.9958253,Weight %,1974
26.173,1.104,0.00552,None kPa,N/A,21567,['C'],A,He-3 Calorimeter,"origin: commercial source,99.9958253 weight % (total),estimated by the compiler,rod",99.9958253,Weight %,1974
27.853,1.354,0.00677,None kPa,N/A,21567,['C'],A,He-3 Calorimeter,"origin: commercial source,99.9958253 weight % (total),estimated by the compiler,rod",99.9958253,Weight %,1974
0.626,0.0004593,2.2965e-06,None kPa,N/A,21567,['C'],A,He-3 Calorimeter,"origin: commercial source,99.9958253 weight % (total),estimated by the compiler,rod",99.9958253,Weight %,1974
0.67,0.0004734,2.367e-06,None kPa,N/A,21567,['C'],A,He-3 Calorimeter,"origin: commercial source,99.9958253 weight % (total),estimated by the compiler,rod",99.9958253,Weight %,1974
0.719,0.0005087,2.5435e-06,None kPa,N/A,21567,['C'],A,He-3 Calorimeter,"origin: commercial source,99.9958253 weight % (total),estimated by the compiler,rod",99.9958253,Weight %,1974
0.768,0.0005518,2.759e-06,None kPa,N/A,21567,['C'],A,He-3 Calorimeter,"origin: commercial source,99.9958253 weight % (total),estimated by the compiler,rod",99.9958253,Weight %,1974
0.838,0.000634,3.17e-06,None kPa,N/A,21567,['C'],A,He-3 Calorimeter,"origin: commercial source,99.9958253 weight % (total),estimated by the compiler,rod",99.9958253,Weight %,1974
0.935,0.0007296,3.648e-06,None kPa,N/A,21567,['C'],A,He-3 Calorimeter,"origin: commercial source,99.9958253 weight % (total),estimated by the compiler,rod",99.9958253,Weight %,1974
1.067,0.0008021,4.0105e-06,None kPa,N/A,21567,['C'],A,He-3 Calorimeter,"origin: commercial source,99.9958253 weight % (total),estimated by the compiler,rod",99.9958253,Weight %,1974
1.205,0.0009065,4.5325e-06,None kPa,N/A,21567,['C'],A,He-3 Calorimeter,"origin: commercial source,99.9958253 weight % (total),estimated by the compiler,rod",99.9958253,Weight %,1974
1.294,0.000994,4.97e-06,None kPa,N/A,21567,['C'],A,He-3 Calorimeter,"origin: commercial source,99.9958253 weight % (total),estimated by the compiler,rod",99.9958253,Weight %,1974
1.387,0.00108,5.4e-06,None kPa,N/A,21567,['C'],A,He-3 Calorimeter,"origin: commercial source,99.9958253 weight % (total),estimated by the compiler,rod",99.9958253,Weight %,1974
1.503,0.001198,5.99e-06,None kPa,N/A,21567,['C'],A,He-3 Calorimeter,"origin: commercial source,99.9958253 weight % (total),estimated by the compiler,rod",99.9958253,Weight %,1974
1.602,0.001305,6.525e-06,None kPa,N/A,21567,['C'],A,He-3 Calorimeter,"origin: commercial source,99.9958253 weight % (total),estimated by the compiler,rod",99.9958253,Weight %,1974
1.674,0.001382,6.91e-06,None kPa,N/A,21567,['C'],A,He-3 Calorimeter,"origin: commercial source,99.9958253 weight % (total),estimated by the compiler,rod",99.9958253,Weight %,1974
1.753,0.001477,7.385e-06,None kPa,N/A,21567,['C'],A,He-3 Calorimeter,"origin: commercial source,99.9958253 weight % (total),estimated by the compiler,rod",99.9958253,Weight %,1974
1.848,0.001582,7.91e-06,None kPa,N/A,21567,['C'],A,He-3 Calorimeter,"origin: commercial source,99.9958253 weight % (total),estimated by the compiler,rod",99.9958253,Weight %,1974
1.965,0.00174,8.7e-06,None kPa,N/A,21567,['C'],A,He-3 Calorimeter,"origin: commercial source,99.9958253 weight % (total),estimated by the compiler,rod",99.9958253,Weight %,1974
2.113,0.001915,9.575e-06,None kPa,N/A,21567,['C'],A,He-3 Calorimeter,"origin: commercial source,99.9958253 weight % (total),estimated by the compiler,rod",99.9958253,Weight %,1974
2.258,0.002111,1.0555e-05,None kPa,N/A,21567,['C'],A,He-3 Calorimeter,"origin: commercial source,99.9958253 weight % (total),estimated by the compiler,rod",99.9958253,Weight %,1974
2.485,0.002457,1.2285e-05,None kPa,N/A,21567,['C'],A,He-3 Calorimeter,"origin: commercial source,99.9958253 weight % (total),estimated by the compiler,rod",99.9958253,Weight %,1974
2.753,0.002903,1.4515e-05,None kPa,N/A,21567,['C'],A,He-3 Calorimeter,"origin: commercial source,99.9958253 weight % (total),estimated by the compiler,rod",99.9958253,Weight %,1974
2.979,0.003331,1.6655e-05,None kPa,N/A,21567,['C'],A,He-3 Calorimeter,"origin: commercial source,99.9958253 weight % (total),estimated by the compiler,rod",99.9958253,Weight %,1974
3.196,0.003795,1.8975e-05,None kPa,N/A,21567,['C'],A,He-3 Calorimeter,"origin: commercial source,99.9958253 weight % (total),estimated by the compiler,rod",99.9958253,Weight %,1974
3.422,0.004279,2.1395e-05,None kPa,N/A,21567,['C'],A,He-3 Calorimeter,"origin: commercial source,99.9958253 weight % (total),estimated by the compiler,rod",99.9958253,Weight %,1974
3.661,0.00488,2.44e-05,None kPa,N/A,21567,['C'],A,He-3 Calorimeter,"origin: commercial source,99.9958253 weight % (total),estimated by the compiler,rod",99.9958253,Weight %,1974
3.932,0.005623,2.8115e-05,None kPa,N/A,21567,['C'],A,He-3 Calorimeter,"origin: commercial source,99.9958253 weight % (total),estimated by the compiler,rod",99.9958253,Weight %,1974
4.236,0.006551,3.2755e-05,None kPa,N/A,21567,['C'],A,He-3 Calorimeter,"origin: commercial source,99.9958253 weight % (total),estimated by the compiler,rod",99.9958253,Weight %,1974
4.525,0.007563,3.7815e-05,None kPa,N/A,21567,['C'],A,He-3 Calorimeter,"origin: commercial source,99.9958253 weight % (total),estimated by the compiler,rod",99.9958253,Weight %,1974
4.836,0.008753,4.3765e-05,None kPa,N/A,21567,['C'],A,He-3 Calorimeter,"origin: commercial source,99.9958253 weight % (total),estimated by the compiler,rod",99.9958253,Weight %,1974
5.389,0.01127,5.635e-05,None kPa,N/A,21567,['C'],A,He-3 Calorimeter,"origin: commercial source,99.9958253 weight % (total),estimated by the compiler,rod",99.9958253,Weight %,1974
5.991,0.01449,7.245e-05,None kPa,N/A,21567,['C'],A,He-3 Calorimeter,"origin: commercial source,99.9958253 weight % (total),estimated by the compiler,rod",99.9958253,Weight %,1974
6.452,0.0174,8.7e-05,None kPa,N/A,21567,['C'],A,He-3 Calorimeter,"origin: commercial source,99.9958253 weight % (total),estimated by the compiler,rod",99.9958253,Weight %,1974
6.959,0.02104,0.0001052,None kPa,N/A,21567,['C'],A,He-3 Calorimeter,"origin: commercial source,99.9958253 weight % (total),estimated by the compiler,rod",99.9958253,Weight %,1974
7.508,0.02562,0.0001281,None kPa,N/A,21567,['C'],A,He-3 Calorimeter,"origin: commercial source,99.9958253 weight % (total),estimated by the compiler,rod",99.9958253,Weight %,1974
8.095,0.03127,0.00015635,None kPa,N/A,21567,['C'],A,He-3 Calorimeter,"origin: commercial source,99.9958253 weight % (total),estimated by the compiler,rod",99.9958253,Weight %,1974
8.794,0.03904,0.0001952,None kPa,N/A,21567,['C'],A,He-3 Calorimeter,"origin: commercial source,99.9958253 weight % (total),estimated by the compiler,rod",99.9958253,Weight %,1974
9.464,0.04786,0.0002393,None kPa,N/A,21567,['C'],A,He-3 Calorimeter,"origin: commercial source,99.9958253 weight % (total),estimated by the compiler,rod",99.9958253,Weight %,1974
10.019,0.05609,0.00028045,None kPa,N/A,21567,['C'],A,He-3 Calorimeter,"origin: commercial source,99.9958253 weight % (total),estimated by the compiler,rod",99.9958253,Weight %,1974
10.809,0.06962,0.0003481,None kPa,N/A,21567,['C'],A,He-3 Calorimeter,"origin: commercial source,99.9958253 weight % (total),estimated by the compiler,rod",99.9958253,Weight %,1974
11.724,0.0879,0.0004395,None kPa,N/A,21567,['C'],A,He-3 Calorimeter,"origin: commercial source,99.9958253 weight % (total),estimated by the compiler,rod",99.9958253,Weight %,1974
12.553,0.1077,0.0005385,None kPa,N/A,21567,['C'],A,He-3 Calorimeter,"origin: commercial source,99.9958253 weight % (total),estimated by the compiler,rod",99.9958253,Weight %,1974
13.424,0.1313,0.0006565,None kPa,N/A,21567,['C'],A,He-3 Calorimeter,"origin: commercial source,99.9958253 weight % (total),estimated by the compiler,rod",99.9958253,Weight %,1974
14.427,0.1639,0.0008195,None kPa,N/A,21567,['C'],A,He-3 Calorimeter,"origin: commercial source,99.9958253 weight % (total),estimated by the compiler,rod",99.9958253,Weight %,1974
15.411,0.1998,0.000999,None kPa,N/A,21567,['C'],A,He-3 Calorimeter,"origin: commercial source,99.9958253 weight % (total),estimated by the compiler,rod",99.9958253,Weight %,1974
16.22,0.2352,0.001176,None kPa,N/A,21567,['C'],A,He-3 Calorimeter,"origin: commercial source,99.9958253 weight % (total),estimated by the compiler,rod",99.9958253,Weight %,1974
16.922,0.2703,0.0013515,None kPa,N/A,21567,['C'],A,He-3 Calorimeter,"origin: commercial source,99.9958253 weight % (total),estimated by the compiler,rod",99.9958253,Weight %,1974
17.922,0.3218,0.001609,None kPa,N/A,21567,['C'],A,He-3 Calorimeter,"origin: commercial source,99.9958253 weight % (total),estimated by the compiler,rod",99.9958253,Weight %,1974
19.081,0.3961,0.0019805,None kPa,N/A,21567,['C'],A,He-3 Calorimeter,"origin: commercial source,99.9958253 weight % (total),estimated by the compiler,rod",99.9958253,Weight %,1974
20.663,0.5137,0.0025685,None kPa,N/A,21567,['C'],A,He-3 Calorimeter,"origin: commercial source,99.9958253 weight % (total),estimated by the compiler,rod",99.9958253,Weight %,1974
22.858,0.7095,0.0035475,None kPa,N/A,21567,['C'],A,He-3 Calorimeter,"origin: commercial source,99.9958253 weight % (total),estimated by the compiler,rod",99.9958253,Weight %,1974
24.839,0.9293,0.0046465,None kPa,N/A,21567,['C'],A,He-3 Calorimeter,"origin: commercial source,99.9958253 weight % (total),estimated by the compiler,rod",99.9958253,Weight %,1974
26.44,1.136,0.00568,None kPa,N/A,21567,['C'],A,He-3 Calorimeter,"origin: commercial source,99.9958253 weight % (total),estimated by the compiler,rod",99.9958253,Weight %,1974
1.363,0.001208,2.416e-05,None kPa,N/A,21611,['C'],A,Vacuum adiabatic calorimetry,"origin: commercial source,99.999 % (total),stated by supplier",99.999,Not Specified %,1974
1.426,0.0012292,2.4584e-05,None kPa,N/A,21611,['C'],A,Vacuum adiabatic calorimetry,"origin: commercial source,99.999 % (total),stated by supplier",99.999,Not Specified %,1974
1.524,0.0013586,2.7172e-05,None kPa,N/A,21611,['C'],A,Vacuum adiabatic calorimetry,"origin: commercial source,99.999 % (total),stated by supplier",99.999,Not Specified %,1974
1.633,0.0014748,2.9496e-05,None kPa,N/A,21611,['C'],A,Vacuum adiabatic calorimetry,"origin: commercial source,99.999 % (total),stated by supplier",99.999,Not Specified %,1974
1.752,0.0016031,3.2062e-05,None kPa,N/A,21611,['C'],A,Vacuum adiabatic calorimetry,"origin: commercial source,99.999 % (total),stated by supplier",99.999,Not Specified %,1974
1.859,0.0017276,3.4552e-05,None kPa,N/A,21611,['C'],A,Vacuum adiabatic calorimetry,"origin: commercial source,99.999 % (total),stated by supplier",99.999,Not Specified %,1974
1.915,0.0017907,3.5814e-05,None kPa,N/A,21611,['C'],A,Vacuum adiabatic calorimetry,"origin: commercial source,99.999 % (total),stated by supplier",99.999,Not Specified %,1974
1.991,0.0018842,3.7684e-05,None kPa,N/A,21611,['C'],A,Vacuum adiabatic calorimetry,"origin: commercial source,99.999 % (total),stated by supplier",99.999,Not Specified %,1974
2.078,0.0019317,3.8634e-05,None kPa,N/A,21611,['C'],A,Vacuum adiabatic calorimetry,"origin: commercial source,99.999 % (total),stated by supplier",99.999,Not Specified %,1974
2.119,0.0020426,4.0852e-05,None kPa,N/A,21611,['C'],A,Vacuum adiabatic calorimetry,"origin: commercial source,99.999 % (total),stated by supplier",99.999,Not Specified %,1974
2.221,0.002183,4.366e-05,None kPa,N/A,21611,['C'],A,Vacuum adiabatic calorimetry,"origin: commercial source,99.999 % (total),stated by supplier",99.999,Not Specified %,1974
2.311,0.0023244,4.6488e-05,None kPa,N/A,21611,['C'],A,Vacuum adiabatic calorimetry,"origin: commercial source,99.999 % (total),stated by supplier",99.999,Not Specified %,1974
2.368,0.0024253,4.8506e-05,None kPa,N/A,21611,['C'],A,Vacuum adiabatic calorimetry,"origin: commercial source,99.999 % (total),stated by supplier",99.999,Not Specified %,1974
2.429,0.0025003,5.0006e-05,None kPa,N/A,21611,['C'],A,Vacuum adiabatic calorimetry,"origin: commercial source,99.999 % (total),stated by supplier",99.999,Not Specified %,1974
2.452,0.0025977,5.1954e-05,None kPa,N/A,21611,['C'],A,Vacuum adiabatic calorimetry,"origin: commercial source,99.999 % (total),stated by supplier",99.999,Not Specified %,1974
2.52,0.0026936,5.3872e-05,None kPa,N/A,21611,['C'],A,Vacuum adiabatic calorimetry,"origin: commercial source,99.999 % (total),stated by supplier",99.999,Not Specified %,1974
2.579,0.0028085,5.617e-05,None kPa,N/A,21611,['C'],A,Vacuum adiabatic calorimetry,"origin: commercial source,99.999 % (total),stated by supplier",99.999,Not Specified %,1974
2.635,0.0028905,5.781e-05,None kPa,N/A,21611,['C'],A,Vacuum adiabatic calorimetry,"origin: commercial source,99.999 % (total),stated by supplier",99.999,Not Specified %,1974
2.687,0.0029957,5.9914e-05,None kPa,N/A,21611,['C'],A,Vacuum adiabatic calorimetry,"origin: commercial source,99.999 % (total),stated by supplier",99.999,Not Specified %,1974
2.735,0.0030557,6.1114e-05,None kPa,N/A,21611,['C'],A,Vacuum adiabatic calorimetry,"origin: commercial source,99.999 % (total),stated by supplier",99.999,Not Specified %,1974
2.781,0.0031307,6.2614e-05,None kPa,N/A,21611,['C'],A,Vacuum adiabatic calorimetry,"origin: commercial source,99.999 % (total),stated by supplier",99.999,Not Specified %,1974
2.826,0.0032192,6.4384e-05,None kPa,N/A,21611,['C'],A,Vacuum adiabatic calorimetry,"origin: commercial source,99.999 % (total),stated by supplier",99.999,Not Specified %,1974
2.892,0.0033735,6.747e-05,None kPa,N/A,21611,['C'],A,Vacuum adiabatic calorimetry,"origin: commercial source,99.999 % (total),stated by supplier",99.999,Not Specified %,1974
2.952,0.00354,7.08e-05,None kPa,N/A,21611,['C'],A,Vacuum adiabatic calorimetry,"origin: commercial source,99.999 % (total),stated by supplier",99.999,Not Specified %,1974
2.958,0.0034679,6.9358e-05,None kPa,N/A,21611,['C'],A,Vacuum adiabatic calorimetry,"origin: commercial source,99.999 % (total),stated by supplier",99.999,Not Specified %,1974
3.029,0.0036211,7.2422e-05,None kPa,N/A,21611,['C'],A,Vacuum adiabatic calorimetry,"origin: commercial source,99.999 % (total),stated by supplier",99.999,Not Specified %,1974
3.034,0.003674,7.348e-05,None kPa,N/A,21611,['C'],A,Vacuum adiabatic calorimetry,"origin: commercial source,99.999 % (total),stated by supplier",99.999,Not Specified %,1974
3.082,0.0037569,7.5138e-05,None kPa,N/A,21611,['C'],A,Vacuum adiabatic calorimetry,"origin: commercial source,99.999 % (total),stated by supplier",99.999,Not Specified %,1974
3.141,0.0038925,7.785e-05,None kPa,N/A,21611,['C'],A,Vacuum adiabatic calorimetry,"origin: commercial source,99.999 % (total),stated by supplier",99.999,Not Specified %,1974
3.203,0.0040209,8.0418e-05,None kPa,N/A,21611,['C'],A,Vacuum adiabatic calorimetry,"origin: commercial source,99.999 % (total),stated by supplier",99.999,Not Specified %,1974
3.262,0.0041661,8.3322e-05,None kPa,N/A,21611,['C'],A,Vacuum adiabatic calorimetry,"origin: commercial source,99.999 % (total),stated by supplier",99.999,Not Specified %,1974
3.305,0.0042305,8.461e-05,None kPa,N/A,21611,['C'],A,Vacuum adiabatic calorimetry,"origin: commercial source,99.999 % (total),stated by supplier",99.999,Not Specified %,1974
3.379,0.0044144,8.8288e-05,None kPa,N/A,21611,['C'],A,Vacuum adiabatic calorimetry,"origin: commercial source,99.999 % (total),stated by supplier",99.999,Not Specified %,1974
3.427,0.0044906,8.9812e-05,None kPa,N/A,21611,['C'],A,Vacuum adiabatic calorimetry,"origin: commercial source,99.999 % (total),stated by supplier",99.999,Not Specified %,1974
3.467,0.0046232,9.2464e-05,None kPa,N/A,21611,['C'],A,Vacuum adiabatic calorimetry,"origin: commercial source,99.999 % (total),stated by supplier",99.999,Not Specified %,1974
3.534,0.004757,9.514e-05,None kPa,N/A,21611,['C'],A,Vacuum adiabatic calorimetry,"origin: commercial source,99.999 % (total),stated by supplier",99.999,Not Specified %,1974
3.577,0.0048591,9.7182e-05,None kPa,N/A,21611,['C'],A,Vacuum adiabatic calorimetry,"origin: commercial source,99.999 % (total),stated by supplier",99.999,Not Specified %,1974
3.607,0.0049407,9.8814e-05,None kPa,N/A,21611,['C'],A,Vacuum adiabatic calorimetry,"origin: commercial source,99.999 % (total),stated by supplier",99.999,Not Specified %,1974
3.649,0.0050376,0.000100752,None kPa,N/A,21611,['C'],A,Vacuum adiabatic calorimetry,"origin: commercial source,99.999 % (total),stated by supplier",99.999,Not Specified %,1974
3.707,0.005173,0.00010346,None kPa,N/A,21611,['C'],A,Vacuum adiabatic calorimetry,"origin: commercial source,99.999 % (total),stated by supplier",99.999,Not Specified %,1974
3.796,0.005399,0.00010798,None kPa,N/A,21611,['C'],A,Vacuum adiabatic calorimetry,"origin: commercial source,99.999 % (total),stated by supplier",99.999,Not Specified %,1974
3.839,0.0055559,0.000111118,None kPa,N/A,21611,['C'],A,Vacuum adiabatic calorimetry,"origin: commercial source,99.999 % (total),stated by supplier",99.999,Not Specified %,1974
3.894,0.0057355,0.00011471,None kPa,N/A,21611,['C'],A,Vacuum adiabatic calorimetry,"origin: commercial source,99.999 % (total),stated by supplier",99.999,Not Specified %,1974
3.964,0.0059497,0.000118994,None kPa,N/A,21611,['C'],A,Vacuum adiabatic calorimetry,"origin: commercial source,99.999 % (total),stated by supplier",99.999,Not Specified %,1974
4.014,0.0061331,0.000122662,None kPa,N/A,21611,['C'],A,Vacuum adiabatic calorimetry,"origin: commercial source,99.999 % (total),stated by supplier",99.999,Not Specified %,1974
4.076,0.0063539,0.000127078,None kPa,N/A,21611,['C'],A,Vacuum adiabatic calorimetry,"origin: commercial source,99.999 % (total),stated by supplier",99.999,Not Specified %,1974
4.189,0.0067472,0.000134944,None kPa,N/A,21611,['C'],A,Vacuum adiabatic calorimetry,"origin: commercial source,99.999 % (total),stated by supplier",99.999,Not Specified %,1974
4.24,0.0069905,0.00013981,None kPa,N/A,21611,['C'],A,Vacuum adiabatic calorimetry,"origin: commercial source,99.999 % (total),stated by supplier",99.999,Not Specified %,1974
4.31,0.0072723,0.000145446,None kPa,N/A,21611,['C'],A,Vacuum adiabatic calorimetry,"origin: commercial source,99.999 % (total),stated by supplier",99.999,Not Specified %,1974
4.383,0.007501,0.00015002,None kPa,N/A,21611,['C'],A,Vacuum adiabatic calorimetry,"origin: commercial source,99.999 % (total),stated by supplier",99.999,Not Specified %,1974
4.444,0.0077811,0.000155622,None kPa,N/A,21611,['C'],A,Vacuum adiabatic calorimetry,"origin: commercial source,99.999 % (total),stated by supplier",99.999,Not Specified %,1974
4.509,0.0080214,0.000160428,None kPa,N/A,21611,['C'],A,Vacuum adiabatic calorimetry,"origin: commercial source,99.999 % (total),stated by supplier",99.999,Not Specified %,1974
4.569,0.0083415,0.00016683,None kPa,N/A,21611,['C'],A,Vacuum adiabatic calorimetry,"origin: commercial source,99.999 % (total),stated by supplier",99.999,Not Specified %,1974
4.681,0.0087593,0.000175186,None kPa,N/A,21611,['C'],A,Vacuum adiabatic calorimetry,"origin: commercial source,99.999 % (total),stated by supplier",99.999,Not Specified %,1974
4.749,0.0090508,0.000181016,None kPa,N/A,21611,['C'],A,Vacuum adiabatic calorimetry,"origin: commercial source,99.999 % (total),stated by supplier",99.999,Not Specified %,1974
4.788,0.009252,0.00018504,None kPa,N/A,21611,['C'],A,Vacuum adiabatic calorimetry,"origin: commercial source,99.999 % (total),stated by supplier",99.999,Not Specified %,1974
4.836,0.009467,0.00018934,None kPa,N/A,21611,['C'],A,Vacuum adiabatic calorimetry,"origin: commercial source,99.999 % (total),stated by supplier",99.999,Not Specified %,1974
4.885,0.0097224,0.000194448,None kPa,N/A,21611,['C'],A,Vacuum adiabatic calorimetry,"origin: commercial source,99.999 % (total),stated by supplier",99.999,Not Specified %,1974
4.927,0.009859,0.00019718,None kPa,N/A,21611,['C'],A,Vacuum adiabatic calorimetry,"origin: commercial source,99.999 % (total),stated by supplier",99.999,Not Specified %,1974
4.974,0.010154,0.00020308,None kPa,N/A,21611,['C'],A,Vacuum adiabatic calorimetry,"origin: commercial source,99.999 % (total),stated by supplier",99.999,Not Specified %,1974
5.024,0.0103653,0.000207306,None kPa,N/A,21611,['C'],A,Vacuum adiabatic calorimetry,"origin: commercial source,99.999 % (total),stated by supplier",99.999,Not Specified %,1974
5.08,0.0106889,0.000213778,None kPa,N/A,21611,['C'],A,Vacuum adiabatic calorimetry,"origin: commercial source,99.999 % (total),stated by supplier",99.999,Not Specified %,1974
5.124,0.0108429,0.000216858,None kPa,N/A,21611,['C'],A,Vacuum adiabatic calorimetry,"origin: commercial source,99.999 % (total),stated by supplier",99.999,Not Specified %,1974
5.176,0.0111663,0.000223326,None kPa,N/A,21611,['C'],A,Vacuum adiabatic calorimetry,"origin: commercial source,99.999 % (total),stated by supplier",99.999,Not Specified %,1974
5.231,0.0114477,0.000228954,None kPa,N/A,21611,['C'],A,Vacuum adiabatic calorimetry,"origin: commercial source,99.999 % (total),stated by supplier",99.999,Not Specified %,1974
5.273,0.0116392,0.000232784,None kPa,N/A,21611,['C'],A,Vacuum adiabatic calorimetry,"origin: commercial source,99.999 % (total),stated by supplier",99.999,Not Specified %,1974
5.334,0.0118531,0.000237062,None kPa,N/A,21611,['C'],A,Vacuum adiabatic calorimetry,"origin: commercial source,99.999 % (total),stated by supplier",99.999,Not Specified %,1974
5.372,0.0121766,0.000243532,None kPa,N/A,21611,['C'],A,Vacuum adiabatic calorimetry,"origin: commercial source,99.999 % (total),stated by supplier",99.999,Not Specified %,1974
5.419,0.0124478,0.000248956,None kPa,N/A,21611,['C'],A,Vacuum adiabatic calorimetry,"origin: commercial source,99.999 % (total),stated by supplier",99.999,Not Specified %,1974
5.462,0.0126535,0.00025307,None kPa,N/A,21611,['C'],A,Vacuum adiabatic calorimetry,"origin: commercial source,99.999 % (total),stated by supplier",99.999,Not Specified %,1974
5.547,0.0131141,0.000262282,None kPa,N/A,21611,['C'],A,Vacuum adiabatic calorimetry,"origin: commercial source,99.999 % (total),stated by supplier",99.999,Not Specified %,1974
5.577,0.0132412,0.000264824,None kPa,N/A,21611,['C'],A,Vacuum adiabatic calorimetry,"origin: commercial source,99.999 % (total),stated by supplier",99.999,Not Specified %,1974
5.621,0.0136618,0.000273236,None kPa,N/A,21611,['C'],A,Vacuum adiabatic calorimetry,"origin: commercial source,99.999 % (total),stated by supplier",99.999,Not Specified %,1974
5.651,0.0136867,0.000273734,None kPa,N/A,21611,['C'],A,Vacuum adiabatic calorimetry,"origin: commercial source,99.999 % (total),stated by supplier",99.999,Not Specified %,1974
5.687,0.0139565,0.00027913,None kPa,N/A,21611,['C'],A,Vacuum adiabatic calorimetry,"origin: commercial source,99.999 % (total),stated by supplier",99.999,Not Specified %,1974
5.716,0.0141401,0.000282802,None kPa,N/A,21611,['C'],A,Vacuum adiabatic calorimetry,"origin: commercial source,99.999 % (total),stated by supplier",99.999,Not Specified %,1974
5.744,0.0142067,0.000284134,None kPa,N/A,21611,['C'],A,Vacuum adiabatic calorimetry,"origin: commercial source,99.999 % (total),stated by supplier",99.999,Not Specified %,1974
5.763,0.0143973,0.000287946,None kPa,N/A,21611,['C'],A,Vacuum adiabatic calorimetry,"origin: commercial source,99.999 % (total),stated by supplier",99.999,Not Specified %,1974
5.794,0.014612,0.00029224,None kPa,N/A,21611,['C'],A,Vacuum adiabatic calorimetry,"origin: commercial source,99.999 % (total),stated by supplier",99.999,Not Specified %,1974
5.832,0.0148047,0.000296094,None kPa,N/A,21611,['C'],A,Vacuum adiabatic calorimetry,"origin: commercial source,99.999 % (total),stated by supplier",99.999,Not Specified %,1974
5.866,0.0150475,0.00030095,None kPa,N/A,21611,['C'],A,Vacuum adiabatic calorimetry,"origin: commercial source,99.999 % (total),stated by supplier",99.999,Not Specified %,1974
5.904,0.0152253,0.000304506,None kPa,N/A,21611,['C'],A,Vacuum adiabatic calorimetry,"origin: commercial source,99.999 % (total),stated by supplier",99.999,Not Specified %,1974
5.946,0.0153861,0.000307722,None kPa,N/A,21611,['C'],A,Vacuum adiabatic calorimetry,"origin: commercial source,99.999 % (total),stated by supplier",99.999,Not Specified %,1974
5.985,0.0157001,0.000314002,None kPa,N/A,21611,['C'],A,Vacuum adiabatic calorimetry,"origin: commercial source,99.999 % (total),stated by supplier",99.999,Not Specified %,1974
6.038,0.0160617,0.000321234,None kPa,N/A,21611,['C'],A,Vacuum adiabatic calorimetry,"origin: commercial source,99.999 % (total),stated by supplier",99.999,Not Specified %,1974
6.076,0.0162927,0.000325854,None kPa,N/A,21611,['C'],A,Vacuum adiabatic calorimetry,"origin: commercial source,99.999 % (total),stated by supplier",99.999,Not Specified %,1974
6.123,0.0165504,0.000331008,None kPa,N/A,21611,['C'],A,Vacuum adiabatic calorimetry,"origin: commercial source,99.999 % (total),stated by supplier",99.999,Not Specified %,1974
6.171,0.0168455,0.00033691,None kPa,N/A,21611,['C'],A,Vacuum adiabatic calorimetry,"origin: commercial source,99.999 % (total),stated by supplier",99.999,Not Specified %,1974
6.216,0.0173652,0.000347304,None kPa,N/A,21611,['C'],A,Vacuum adiabatic calorimetry,"origin: commercial source,99.999 % (total),stated by supplier",99.999,Not Specified %,1974
6.257,0.0174409,0.000348818,None kPa,N/A,21611,['C'],A,Vacuum adiabatic calorimetry,"origin: commercial source,99.999 % (total),stated by supplier",99.999,Not Specified %,1974
6.302,0.0177454,0.000354908,None kPa,N/A,21611,['C'],A,Vacuum adiabatic calorimetry,"origin: commercial source,99.999 % (total),stated by supplier",99.999,Not Specified %,1974
6.347,0.0178688,0.000357376,None kPa,N/A,21611,['C'],A,Vacuum adiabatic calorimetry,"origin: commercial source,99.999 % (total),stated by supplier",99.999,Not Specified %,1974
6.357,0.0181694,0.000363388,None kPa,N/A,21611,['C'],A,Vacuum adiabatic calorimetry,"origin: commercial source,99.999 % (total),stated by supplier",99.999,Not Specified %,1974
6.403,0.0184494,0.000368988,None kPa,N/A,21611,['C'],A,Vacuum adiabatic calorimetry,"origin: commercial source,99.999 % (total),stated by supplier",99.999,Not Specified %,1974
6.462,0.0189235,0.00037847,None kPa,N/A,21611,['C'],A,Vacuum adiabatic calorimetry,"origin: commercial source,99.999 % (total),stated by supplier",99.999,Not Specified %,1974
6.515,0.0193158,0.000386316,None kPa,N/A,21611,['C'],A,Vacuum adiabatic calorimetry,"origin: commercial source,99.999 % (total),stated by supplier",99.999,Not Specified %,1974
6.582,0.0198044,0.000396088,None kPa,N/A,21611,['C'],A,Vacuum adiabatic calorimetry,"origin: commercial source,99.999 % (total),stated by supplier",99.999,Not Specified %,1974
6.641,0.0201374,0.000402748,None kPa,N/A,21611,['C'],A,Vacuum adiabatic calorimetry,"origin: commercial source,99.999 % (total),stated by supplier",99.999,Not Specified %,1974
6.692,0.0206847,0.000413694,None kPa,N/A,21611,['C'],A,Vacuum adiabatic calorimetry,"origin: commercial source,99.999 % (total),stated by supplier",99.999,Not Specified %,1974
6.749,0.0210388,0.000420776,None kPa,N/A,21611,['C'],A,Vacuum adiabatic calorimetry,"origin: commercial source,99.999 % (total),stated by supplier",99.999,Not Specified %,1974
6.805,0.0215221,0.000430442,None kPa,N/A,21611,['C'],A,Vacuum adiabatic calorimetry,"origin: commercial source,99.999 % (total),stated by supplier",99.999,Not Specified %,1974
6.863,0.0219218,0.000438436,None kPa,N/A,21611,['C'],A,Vacuum adiabatic calorimetry,"origin: commercial source,99.999 % (total),stated by supplier",99.999,Not Specified %,1974
6.916,0.0223439,0.000446878,None kPa,N/A,21611,['C'],A,Vacuum adiabatic calorimetry,"origin: commercial source,99.999 % (total),stated by supplier",99.999,Not Specified %,1974
6.967,0.0227198,0.000454396,None kPa,N/A,21611,['C'],A,Vacuum adiabatic calorimetry,"origin: commercial source,99.999 % (total),stated by supplier",99.999,Not Specified %,1974
7.031,0.0232938,0.000465876,None kPa,N/A,21611,['C'],A,Vacuum adiabatic calorimetry,"origin: commercial source,99.999 % (total),stated by supplier",99.999,Not Specified %,1974
7.092,0.0237427,0.000474854,None kPa,N/A,21611,['C'],A,Vacuum adiabatic calorimetry,"origin: commercial source,99.999 % (total),stated by supplier",99.999,Not Specified %,1974
7.101,0.0241122,0.000482244,None kPa,N/A,21611,['C'],A,Vacuum adiabatic calorimetry,"origin: commercial source,99.999 % (total),stated by supplier",99.999,Not Specified %,1974
7.204,0.0247891,0.000495782,None kPa,N/A,21611,['C'],A,Vacuum adiabatic calorimetry,"origin: commercial source,99.999 % (total),stated by supplier",99.999,Not Specified %,1974
7.243,0.0250397,0.000500794,None kPa,N/A,21611,['C'],A,Vacuum adiabatic calorimetry,"origin: commercial source,99.999 % (total),stated by supplier",99.999,Not Specified %,1974
7.29,0.0255885,0.00051177,None kPa,N/A,21611,['C'],A,Vacuum adiabatic calorimetry,"origin: commercial source,99.999 % (total),stated by supplier",99.999,Not Specified %,1974
0.125056,0.0859663,,None kPa,N/A,14800,['C'],A,Adiabatic calorimeter (non-vacuum) ,not stated,,,1964
0.12563,0.0860534,,None kPa,N/A,14800,['C'],A,Adiabatic calorimeter (non-vacuum) ,not stated,,,1964
0.134651,0.0930265,,None kPa,N/A,14800,['C'],A,Adiabatic calorimeter (non-vacuum) ,not stated,,,1964
0.140929,0.0980247,,None kPa,N/A,14800,['C'],A,Adiabatic calorimeter (non-vacuum) ,not stated,,,1964
0.150233,0.10497,,None kPa,N/A,14800,['C'],A,Adiabatic calorimeter (non-vacuum) ,not stated,,,1964
0.214357,0.149252,,None kPa,N/A,14800,['C'],A,Adiabatic calorimeter (non-vacuum) ,not stated,,,1964
0.233006,0.162802,,None kPa,N/A,14800,['C'],A,Adiabatic calorimeter (non-vacuum) ,not stated,,,1964
0.24958,0.173731,,None kPa,N/A,14800,['C'],A,Adiabatic calorimeter (non-vacuum) ,not stated,,,1964
0.261712,0.183113,,None kPa,N/A,14800,['C'],A,Adiabatic calorimeter (non-vacuum) ,not stated,,,1964
0.270946,0.188907,,None kPa,N/A,14800,['C'],A,Adiabatic calorimeter (non-vacuum) ,not stated,,,1964
0.299356,0.209291,,None kPa,N/A,14800,['C'],A,Adiabatic calorimeter (non-vacuum) ,not stated,,,1964
0.312575,0.218008,,None kPa,N/A,14800,['C'],A,Adiabatic calorimeter (non-vacuum) ,not stated,,,1964
0.328477,0.228918,,None kPa,N/A,14800,['C'],A,Adiabatic calorimeter (non-vacuum) ,not stated,,,1964
0.353014,0.246922,,None kPa,N/A,14800,['C'],A,Adiabatic calorimeter (non-vacuum) ,not stated,,,1964
0.366745,0.256153,,None kPa,N/A,14800,['C'],A,Adiabatic calorimeter (non-vacuum) ,not stated,,,1964
0.38684,0.270875,,None kPa,N/A,14800,['C'],A,Adiabatic calorimeter (non-vacuum) ,not stated,,,1964
0.402957,0.282211,,None kPa,N/A,14800,['C'],A,Adiabatic calorimeter (non-vacuum) ,not stated,,,1964
0.425214,0.29854,,None kPa,N/A,14800,['C'],A,Adiabatic calorimeter (non-vacuum) ,not stated,,,1964
0.441723,0.31042,,None kPa,N/A,14800,['C'],A,Adiabatic calorimeter (non-vacuum) ,not stated,,,1964
0.46384,0.326635,,None kPa,N/A,14800,['C'],A,Adiabatic calorimeter (non-vacuum) ,not stated,,,1964
0.482208,0.340245,,None kPa,N/A,14800,['C'],A,Adiabatic calorimeter (non-vacuum) ,not stated,,,1964
0.494712,0.348638,,None kPa,N/A,14800,['C'],A,Adiabatic calorimeter (non-vacuum) ,not stated,,,1964
0.530684,0.375153,,None kPa,N/A,14800,['C'],A,Adiabatic calorimeter (non-vacuum) ,not stated,,,1964
0.538981,0.382267,,None kPa,N/A,14800,['C'],A,Adiabatic calorimeter (non-vacuum) ,not stated,,,1964
0.541863,0.382974,,None kPa,N/A,14800,['C'],A,Adiabatic calorimeter (non-vacuum) ,not stated,,,1964
0.549516,0.389412,,None kPa,N/A,14800,['C'],A,Adiabatic calorimeter (non-vacuum) ,not stated,,,1964
0.582382,0.414102,,None kPa,N/A,14800,['C'],A,Adiabatic calorimeter (non-vacuum) ,not stated,,,1964
0.596167,0.423378,,None kPa,N/A,14800,['C'],A,Adiabatic calorimeter (non-vacuum) ,not stated,,,1964
0.612205,0.436145,,None kPa,N/A,14800,['C'],A,Adiabatic calorimeter (non-vacuum) ,not stated,,,1964
0.635128,0.454571,,None kPa,N/A,14800,['C'],A,Adiabatic calorimeter (non-vacuum) ,not stated,,,1964
0.654067,0.46757,,None kPa,N/A,14800,['C'],A,Adiabatic calorimeter (non-vacuum) ,not stated,,,1964
0.69515,0.499395,,None kPa,N/A,14800,['C'],A,Adiabatic calorimeter (non-vacuum) ,not stated,,,1964
0.699934,0.503268,,None kPa,N/A,14800,['C'],A,Adiabatic calorimeter (non-vacuum) ,not stated,,,1964
0.713072,0.512811,,None kPa,N/A,14800,['C'],A,Adiabatic calorimeter (non-vacuum) ,not stated,,,1964
0.772442,0.559206,,None kPa,N/A,14800,['C'],A,Adiabatic calorimeter (non-vacuum) ,not stated,,,1964
0.792825,0.575393,,None kPa,N/A,14800,['C'],A,Adiabatic calorimeter (non-vacuum) ,not stated,,,1964
0.815761,0.593362,,None kPa,N/A,14800,['C'],A,Adiabatic calorimeter (non-vacuum) ,not stated,,,1964
0.873378,0.639116,,None kPa,N/A,14800,['C'],A,Adiabatic calorimeter (non-vacuum) ,not stated,,,1964
0.887703,0.650965,,None kPa,N/A,14800,['C'],A,Adiabatic calorimeter (non-vacuum) ,not stated,,,1964
0.904675,0.665004,,None kPa,N/A,14800,['C'],A,Adiabatic calorimeter (non-vacuum) ,not stated,,,1964
0.984302,0.731819,,None kPa,N/A,14800,['C'],A,Adiabatic calorimeter (non-vacuum) ,not stated,,,1964
1.02094,0.762994,,None kPa,N/A,14800,['C'],A,Adiabatic calorimeter (non-vacuum) ,not stated,,,1964
1.08653,0.818984,,None kPa,N/A,14800,['C'],A,Adiabatic calorimeter (non-vacuum) ,not stated,,,1964
1.2,0.0009171,4.4e-06,101.325 kPa,N/A,15235,['C'],A,Low temperature calorimetry set up,19030,,,1965
1.3,0.0010091,4.6e-06,None kPa,N/A,15235,['C'],A,Low temperature calorimetry set up,19030,,,1965
1.4,0.0011049,4.9e-06,None kPa,N/A,15235,['C'],A,Low temperature calorimetry set up,19030,,,1965
1.5,0.0012048,5.2e-06,None kPa,N/A,15235,['C'],A,Low temperature calorimetry set up,19030,,,1965
1.6,0.0013089,5.5e-06,None kPa,N/A,15235,['C'],A,Low temperature calorimetry set up,19030,,,1965
1.7,0.0014177,5.8e-06,None kPa,N/A,15235,['C'],A,Low temperature calorimetry set up,19030,,,1965
1.8,0.0015314,6.2e-06,None kPa,N/A,15235,['C'],A,Low temperature calorimetry set up,19030,,,1965
1.9,0.0016503,6.6e-06,None kPa,N/A,15235,['C'],A,Low temperature calorimetry set up,19030,,,1965
2.0,0.0017747,7e-06,None kPa,N/A,15235,['C'],A,Low temperature calorimetry set up,19030,,,1965
2.1,0.0019048,7.5e-06,None kPa,N/A,15235,['C'],A,Low temperature calorimetry set up,19030,,,1965
2.2,0.002041,8e-06,None kPa,N/A,15235,['C'],A,Low temperature calorimetry set up,19030,,,1965
2.3,0.0021835,8.5e-06,None kPa,N/A,15235,['C'],A,Low temperature calorimetry set up,19030,,,1965
2.4,0.0023327,9e-06,None kPa,N/A,15235,['C'],A,Low temperature calorimetry set up,19030,,,1965
2.5,0.0024888,9.7e-06,None kPa,N/A,15235,['C'],A,Low temperature calorimetry set up,19030,,,1965
2.6,0.0026521,1.03e-05,None kPa,N/A,15235,['C'],A,Low temperature calorimetry set up,19030,,,1965
2.7,0.0028229,1.1e-05,None kPa,N/A,15235,['C'],A,Low temperature calorimetry set up,19030,,,1965
2.8,0.0030015,1.18e-05,None kPa,N/A,15235,['C'],A,Low temperature calorimetry set up,19030,,,1965
2.9,0.0031882,1.26e-05,None kPa,N/A,15235,['C'],A,Low temperature calorimetry set up,19030,,,1965
3.0,0.0033832,1.35e-05,None kPa,N/A,15235,['C'],A,Low temperature calorimetry set up,19030,,,1965
3.1,0.0035869,1.44e-05,None kPa,N/A,15235,['C'],A,Low temperature calorimetry set up,19030,,,1965
3.2,0.0037995,1.54e-05,None kPa,N/A,15235,['C'],A,Low temperature calorimetry set up,19030,,,1965
3.3,0.0040214,1.65e-05,None kPa,N/A,15235,['C'],A,Low temperature calorimetry set up,19030,,,1965
3.4,0.0042528,1.76e-05,None kPa,N/A,15235,['C'],A,Low temperature calorimetry set up,19030,,,1965
3.5,0.004494,1.88e-05,None kPa,N/A,15235,['C'],A,Low temperature calorimetry set up,19030,,,1965
3.6,0.0047453,2.01e-05,None kPa,N/A,15235,['C'],A,Low temperature calorimetry set up,19030,,,1965
3.7,0.005007,2.14e-05,None kPa,N/A,15235,['C'],A,Low temperature calorimetry set up,19030,,,1965
3.8,0.0052793,2.28e-05,None kPa,N/A,15235,['C'],A,Low temperature calorimetry set up,19030,,,1965
3.9,0.0055627,2.43e-05,None kPa,N/A,15235,['C'],A,Low temperature calorimetry set up,19030,,,1965
4.0,0.0058572,2.59e-05,None kPa,N/A,15235,['C'],A,Low temperature calorimetry set up,19030,,,1965
4.1,0.0061633,2.76e-05,None kPa,N/A,15235,['C'],A,Low temperature calorimetry set up,19030,,,1965
4.2,0.0064813,2.93e-05,None kPa,N/A,15235,['C'],A,Low temperature calorimetry set up,19030,,,1965
4.3,0.0068113,3.11e-05,None kPa,N/A,15235,['C'],A,Low temperature calorimetry set up,19030,,,1965
4.4,0.0071538,3.31e-05,None kPa,N/A,15235,['C'],A,Low temperature calorimetry set up,19030,,,1965
4.5,0.0075089,3.51e-05,None kPa,N/A,15235,['C'],A,Low temperature calorimetry set up,19030,,,1965
1.2,0.0009207,6.04e-06,101.325 kPa,N/A,15236,['C'],A,Low temperature calorimetry set up,"origin: commercial source,99.999 % (total),,chunk",99.999,Not Specified %,1965
1.3,0.001013,6.46e-06,None kPa,N/A,15236,['C'],A,Low temperature calorimetry set up,"origin: commercial source,99.999 % (total),,chunk",99.999,Not Specified %,1965
1.4,0.0011091,6.9e-06,None kPa,N/A,15236,['C'],A,Low temperature calorimetry set up,"origin: commercial source,99.999 % (total),,chunk",99.999,Not Specified %,1965
1.5,0.0012093,7.35e-06,None kPa,N/A,15236,['C'],A,Low temperature calorimetry set up,"origin: commercial source,99.999 % (total),,chunk",99.999,Not Specified %,1965
1.6,0.0013137,7.82e-06,None kPa,N/A,15236,['C'],A,Low temperature calorimetry set up,"origin: commercial source,99.999 % (total),,chunk",99.999,Not Specified %,1965
1.7,0.0014228,8.3e-06,None kPa,N/A,15236,['C'],A,Low temperature calorimetry set up,"origin: commercial source,99.999 % (total),,chunk",99.999,Not Specified %,1965
1.8,0.0015368,8.8e-06,None kPa,N/A,15236,['C'],A,Low temperature calorimetry set up,"origin: commercial source,99.999 % (total),,chunk",99.999,Not Specified %,1965
1.9,0.001656,9.32e-06,None kPa,N/A,15236,['C'],A,Low temperature calorimetry set up,"origin: commercial source,99.999 % (total),,chunk",99.999,Not Specified %,1965
2.0,0.0017807,9.86e-06,None kPa,N/A,15236,['C'],A,Low temperature calorimetry set up,"origin: commercial source,99.999 % (total),,chunk",99.999,Not Specified %,1965
2.1,0.0019111,1.04e-05,None kPa,N/A,15236,['C'],A,Low temperature calorimetry set up,"origin: commercial source,99.999 % (total),,chunk",99.999,Not Specified %,1965
2.2,0.0020476,1.1e-05,None kPa,N/A,15236,['C'],A,Low temperature calorimetry set up,"origin: commercial source,99.999 % (total),,chunk",99.999,Not Specified %,1965
2.3,0.0021904,1.16e-05,None kPa,N/A,15236,['C'],A,Low temperature calorimetry set up,"origin: commercial source,99.999 % (total),,chunk",99.999,Not Specified %,1965
2.4,0.0023399,1.23e-05,None kPa,N/A,15236,['C'],A,Low temperature calorimetry set up,"origin: commercial source,99.999 % (total),,chunk",99.999,Not Specified %,1965
2.5,0.0024963,1.3e-05,None kPa,N/A,15236,['C'],A,Low temperature calorimetry set up,"origin: commercial source,99.999 % (total),,chunk",99.999,Not Specified %,1965
2.6,0.0026599,1.37e-05,None kPa,N/A,15236,['C'],A,Low temperature calorimetry set up,"origin: commercial source,99.999 % (total),,chunk",99.999,Not Specified %,1965
2.7,0.002831,1.45e-05,None kPa,N/A,15236,['C'],A,Low temperature calorimetry set up,"origin: commercial source,99.999 % (total),,chunk",99.999,Not Specified %,1965
2.8,0.0030099,1.53e-05,None kPa,N/A,15236,['C'],A,Low temperature calorimetry set up,"origin: commercial source,99.999 % (total),,chunk",99.999,Not Specified %,1965
2.9,0.0031969,1.61e-05,None kPa,N/A,15236,['C'],A,Low temperature calorimetry set up,"origin: commercial source,99.999 % (total),,chunk",99.999,Not Specified %,1965
3.0,0.0033922,1.7e-05,None kPa,N/A,15236,['C'],A,Low temperature calorimetry set up,"origin: commercial source,99.999 % (total),,chunk",99.999,Not Specified %,1965
3.1,0.0035962,1.8e-05,None kPa,N/A,15236,['C'],A,Low temperature calorimetry set up,"origin: commercial source,99.999 % (total),,chunk",99.999,Not Specified %,1965
3.2,0.0038091,1.9e-05,None kPa,N/A,15236,['C'],A,Low temperature calorimetry set up,"origin: commercial source,99.999 % (total),,chunk",99.999,Not Specified %,1965
3.3,0.0040313,2.01e-05,None kPa,N/A,15236,['C'],A,Low temperature calorimetry set up,"origin: commercial source,99.999 % (total),,chunk",99.999,Not Specified %,1965
3.4,0.004263,2.12e-05,None kPa,N/A,15236,['C'],A,Low temperature calorimetry set up,"origin: commercial source,99.999 % (total),,chunk",99.999,Not Specified %,1965
3.5,0.0045045,2.24e-05,None kPa,N/A,15236,['C'],A,Low temperature calorimetry set up,"origin: commercial source,99.999 % (total),,chunk",99.999,Not Specified %,1965
3.6,0.0047561,2.36e-05,None kPa,N/A,15236,['C'],A,Low temperature calorimetry set up,"origin: commercial source,99.999 % (total),,chunk",99.999,Not Specified %,1965
3.7,0.0050181,2.5e-05,None kPa,N/A,15236,['C'],A,Low temperature calorimetry set up,"origin: commercial source,99.999 % (total),,chunk",99.999,Not Specified %,1965
3.8,0.0052907,2.64e-05,None kPa,N/A,15236,['C'],A,Low temperature calorimetry set up,"origin: commercial source,99.999 % (total),,chunk",99.999,Not Specified %,1965
3.9,0.0055744,2.78e-05,None kPa,N/A,15236,['C'],A,Low temperature calorimetry set up,"origin: commercial source,99.999 % (total),,chunk",99.999,Not Specified %,1965
4.0,0.0058692,2.94e-05,None kPa,N/A,15236,['C'],A,Low temperature calorimetry set up,"origin: commercial source,99.999 % (total),,chunk",99.999,Not Specified %,1965
4.1,0.0061756,3.1e-05,None kPa,N/A,15236,['C'],A,Low temperature calorimetry set up,"origin: commercial source,99.999 % (total),,chunk",99.999,Not Specified %,1965
4.2,0.0064939,3.27e-05,None kPa,N/A,15236,['C'],A,Low temperature calorimetry set up,"origin: commercial source,99.999 % (total),,chunk",99.999,Not Specified %,1965
4.3,0.0068242,3.45e-05,None kPa,N/A,15236,['C'],A,Low temperature calorimetry set up,"origin: commercial source,99.999 % (total),,chunk",99.999,Not Specified %,1965
4.4,0.007167,3.64e-05,None kPa,N/A,15236,['C'],A,Low temperature calorimetry set up,"origin: commercial source,99.999 % (total),,chunk",99.999,Not Specified %,1965
4.5,0.0075224,3.84e-05,None kPa,N/A,15236,['C'],A,Low temperature calorimetry set up,"origin: commercial source,99.999 % (total),,chunk",99.999,Not Specified %,1965
1.75,0.001481,2.962e-05,None kPa,N/A,15399,['C'],A,Low temperature calorimetry set up,"not stated,99.999 % (total),",99.999,Not Specified %,1965
1.857,0.001607,3.214e-05,None kPa,N/A,15399,['C'],A,Low temperature calorimetry set up,"not stated,99.999 % (total),",99.999,Not Specified %,1965
1.964,0.001739,3.478e-05,None kPa,N/A,15399,['C'],A,Low temperature calorimetry set up,"not stated,99.999 % (total),",99.999,Not Specified %,1965
2.071,0.001877,3.754e-05,None kPa,N/A,15399,['C'],A,Low temperature calorimetry set up,"not stated,99.999 % (total),",99.999,Not Specified %,1965
2.179,0.002022,4.044e-05,None kPa,N/A,15399,['C'],A,Low temperature calorimetry set up,"not stated,99.999 % (total),",99.999,Not Specified %,1965
2.286,0.002175,4.35e-05,None kPa,N/A,15399,['C'],A,Low temperature calorimetry set up,"not stated,99.999 % (total),",99.999,Not Specified %,1965
2.393,0.002335,4.67e-05,None kPa,N/A,15399,['C'],A,Low temperature calorimetry set up,"not stated,99.999 % (total),",99.999,Not Specified %,1965
2.5,0.002503,5.006e-05,None kPa,N/A,15399,['C'],A,Low temperature calorimetry set up,"not stated,99.999 % (total),",99.999,Not Specified %,1965
2.607,0.002679,5.358e-05,None kPa,N/A,15399,['C'],A,Low temperature calorimetry set up,"not stated,99.999 % (total),",99.999,Not Specified %,1965
2.714,0.002864,5.728e-05,None kPa,N/A,15399,['C'],A,Low temperature calorimetry set up,"not stated,99.999 % (total),",99.999,Not Specified %,1965
2.821,0.003059,6.118e-05,None kPa,N/A,15399,['C'],A,Low temperature calorimetry set up,"not stated,99.999 % (total),",99.999,Not Specified %,1965
2.929,0.003262,6.524e-05,None kPa,N/A,15399,['C'],A,Low temperature calorimetry set up,"not stated,99.999 % (total),",99.999,Not Specified %,1965
3.036,0.003476,6.952e-05,None kPa,N/A,15399,['C'],A,Low temperature calorimetry set up,"not stated,99.999 % (total),",99.999,Not Specified %,1965
3.143,0.003699,7.398e-05,None kPa,N/A,15399,['C'],A,Low temperature calorimetry set up,"not stated,99.999 % (total),",99.999,Not Specified %,1965
3.25,0.003933,7.866e-05,None kPa,N/A,15399,['C'],A,Low temperature calorimetry set up,"not stated,99.999 % (total),",99.999,Not Specified %,1965
3.357,0.004178,8.356e-05,None kPa,N/A,15399,['C'],A,Low temperature calorimetry set up,"not stated,99.999 % (total),",99.999,Not Specified %,1965
3.464,0.004435,8.87e-05,None kPa,N/A,15399,['C'],A,Low temperature calorimetry set up,"not stated,99.999 % (total),",99.999,Not Specified %,1965
3.571,0.004702,9.404e-05,None kPa,N/A,15399,['C'],A,Low temperature calorimetry set up,"not stated,99.999 % (total),",99.999,Not Specified %,1965
3.679,0.004982,9.964e-05,None kPa,N/A,15399,['C'],A,Low temperature calorimetry set up,"not stated,99.999 % (total),",99.999,Not Specified %,1965
3.786,0.005274,0.00010548,None kPa,N/A,15399,['C'],A,Low temperature calorimetry set up,"not stated,99.999 % (total),",99.999,Not Specified %,1965
3.893,0.005578,0.00011156,None kPa,N/A,15399,['C'],A,Low temperature calorimetry set up,"not stated,99.999 % (total),",99.999,Not Specified %,1965
4.0,0.005896,0.00011792,None kPa,N/A,15399,['C'],A,Low temperature calorimetry set up,"not stated,99.999 % (total),",99.999,Not Specified %,1965
1.68839,0.0014106,2.8212e-05,None kPa,N/A,15407,['C'],A,Low temperature calorimetry set up,"origin: commercial source,99.999 % (total),",99.999,Not Specified %,1965
1.93167,0.0016833,3.36659e-05,None kPa,N/A,15407,['C'],A,Low temperature calorimetry set up,"origin: commercial source,99.999 % (total),",99.999,Not Specified %,1965
1.93173,0.00172674,3.45348e-05,None kPa,N/A,15407,['C'],A,Low temperature calorimetry set up,"origin: commercial source,99.999 % (total),",99.999,Not Specified %,1965
1.95389,0.00169631,3.39262e-05,None kPa,N/A,15407,['C'],A,Low temperature calorimetry set up,"origin: commercial source,99.999 % (total),",99.999,Not Specified %,1965
1.98497,0.001773,3.54599e-05,None kPa,N/A,15407,['C'],A,Low temperature calorimetry set up,"origin: commercial source,99.999 % (total),",99.999,Not Specified %,1965
2.08384,0.00190196,3.80393e-05,None kPa,N/A,15407,['C'],A,Low temperature calorimetry set up,"origin: commercial source,99.999 % (total),",99.999,Not Specified %,1965
2.1153,0.00191134,3.82269e-05,None kPa,N/A,15407,['C'],A,Low temperature calorimetry set up,"origin: commercial source,99.999 % (total),",99.999,Not Specified %,1965
2.22369,0.00211211,4.22422e-05,None kPa,N/A,15407,['C'],A,Low temperature calorimetry set up,"origin: commercial source,99.999 % (total),",99.999,Not Specified %,1965
2.22443,0.00205978,4.11956e-05,None kPa,N/A,15407,['C'],A,Low temperature calorimetry set up,"origin: commercial source,99.999 % (total),",99.999,Not Specified %,1965
2.35301,0.00229884,4.59768e-05,None kPa,N/A,15407,['C'],A,Low temperature calorimetry set up,"origin: commercial source,99.999 % (total),",99.999,Not Specified %,1965
2.36261,0.002322,4.644e-05,None kPa,N/A,15407,['C'],A,Low temperature calorimetry set up,"origin: commercial source,99.999 % (total),",99.999,Not Specified %,1965
2.4705,0.00243053,4.86105e-05,None kPa,N/A,15407,['C'],A,Low temperature calorimetry set up,"origin: commercial source,99.999 % (total),",99.999,Not Specified %,1965
2.47582,0.00246834,4.93669e-05,None kPa,N/A,15407,['C'],A,Low temperature calorimetry set up,"origin: commercial source,99.999 % (total),",99.999,Not Specified %,1965
2.48208,0.00251023,5.02046e-05,None kPa,N/A,15407,['C'],A,Low temperature calorimetry set up,"origin: commercial source,99.999 % (total),",99.999,Not Specified %,1965
2.57331,0.00259564,5.19128e-05,None kPa,N/A,15407,['C'],A,Low temperature calorimetry set up,"origin: commercial source,99.999 % (total),",99.999,Not Specified %,1965
2.59145,0.00264934,5.29869e-05,None kPa,N/A,15407,['C'],A,Low temperature calorimetry set up,"origin: commercial source,99.999 % (total),",99.999,Not Specified %,1965
2.59728,0.00269826,5.39652e-05,None kPa,N/A,15407,['C'],A,Low temperature calorimetry set up,"origin: commercial source,99.999 % (total),",99.999,Not Specified %,1965
2.67053,0.00276536,5.53073e-05,None kPa,N/A,15407,['C'],A,Low temperature calorimetry set up,"origin: commercial source,99.999 % (total),",99.999,Not Specified %,1965
2.68924,0.00287975,5.7595e-05,None kPa,N/A,15407,['C'],A,Low temperature calorimetry set up,"origin: commercial source,99.999 % (total),",99.999,Not Specified %,1965
2.69424,0.00285201,5.70402e-05,None kPa,N/A,15407,['C'],A,Low temperature calorimetry set up,"origin: commercial source,99.999 % (total),",99.999,Not Specified %,1965
2.69856,0.00281968,5.63935e-05,None kPa,N/A,15407,['C'],A,Low temperature calorimetry set up,"origin: commercial source,99.999 % (total),",99.999,Not Specified %,1965
2.75726,0.00295802,5.91604e-05,None kPa,N/A,15407,['C'],A,Low temperature calorimetry set up,"origin: commercial source,99.999 % (total),",99.999,Not Specified %,1965
2.78389,0.00293464,5.86927e-05,None kPa,N/A,15407,['C'],A,Low temperature calorimetry set up,"origin: commercial source,99.999 % (total),",99.999,Not Specified %,1965
2.7852,0.00301854,6.03709e-05,None kPa,N/A,15407,['C'],A,Low temperature calorimetry set up,"origin: commercial source,99.999 % (total),",99.999,Not Specified %,1965
2.83534,0.00307076,6.14152e-05,None kPa,N/A,15407,['C'],A,Low temperature calorimetry set up,"origin: commercial source,99.999 % (total),",99.999,Not Specified %,1965
2.86141,0.00314228,6.28457e-05,None kPa,N/A,15407,['C'],A,Low temperature calorimetry set up,"origin: commercial source,99.999 % (total),",99.999,Not Specified %,1965
2.90222,0.00321183,6.42366e-05,None kPa,N/A,15407,['C'],A,Low temperature calorimetry set up,"origin: commercial source,99.999 % (total),",99.999,Not Specified %,1965
2.93773,0.00324096,6.48192e-05,None kPa,N/A,15407,['C'],A,Low temperature calorimetry set up,"origin: commercial source,99.999 % (total),",99.999,Not Specified %,1965
2.99898,0.00337164,6.74327e-05,None kPa,N/A,15407,['C'],A,Low temperature calorimetry set up,"origin: commercial source,99.999 % (total),",99.999,Not Specified %,1965
3.0716,0.00355977,7.11954e-05,None kPa,N/A,15407,['C'],A,Low temperature calorimetry set up,"origin: commercial source,99.999 % (total),",99.999,Not Specified %,1965
3.1455,0.00370518,7.41036e-05,None kPa,N/A,15407,['C'],A,Low temperature calorimetry set up,"origin: commercial source,99.999 % (total),",99.999,Not Specified %,1965
3.21398,0.00381229,7.62458e-05,None kPa,N/A,15407,['C'],A,Low temperature calorimetry set up,"origin: commercial source,99.999 % (total),",99.999,Not Specified %,1965
3.28166,0.00400569,8.01138e-05,None kPa,N/A,15407,['C'],A,Low temperature calorimetry set up,"origin: commercial source,99.999 % (total),",99.999,Not Specified %,1965
3.35381,0.00416027,8.32053e-05,None kPa,N/A,15407,['C'],A,Low temperature calorimetry set up,"origin: commercial source,99.999 % (total),",99.999,Not Specified %,1965
3.42732,0.00430927,8.61854e-05,None kPa,N/A,15407,['C'],A,Low temperature calorimetry set up,"origin: commercial source,99.999 % (total),",99.999,Not Specified %,1965
3.49398,0.00448239,8.96479e-05,None kPa,N/A,15407,['C'],A,Low temperature calorimetry set up,"origin: commercial source,99.999 % (total),",99.999,Not Specified %,1965
3.55913,0.00459964,9.19928e-05,None kPa,N/A,15407,['C'],A,Low temperature calorimetry set up,"origin: commercial source,99.999 % (total),",99.999,Not Specified %,1965
3.61966,0.0048026,9.6052e-05,None kPa,N/A,15407,['C'],A,Low temperature calorimetry set up,"origin: commercial source,99.999 % (total),",99.999,Not Specified %,1965
3.6769,0.00493867,9.87734e-05,None kPa,N/A,15407,['C'],A,Low temperature calorimetry set up,"origin: commercial source,99.999 % (total),",99.999,Not Specified %,1965
3.72592,0.00507255,0.000101451,None kPa,N/A,15407,['C'],A,Low temperature calorimetry set up,"origin: commercial source,99.999 % (total),",99.999,Not Specified %,1965
3.96546,0.0057686,0.000115372,None kPa,N/A,15407,['C'],A,Low temperature calorimetry set up,"origin: commercial source,99.999 % (total),",99.999,Not Specified %,1965
4.00374,0.00583097,0.000116619,None kPa,N/A,15407,['C'],A,Low temperature calorimetry set up,"origin: commercial source,99.999 % (total),",99.999,Not Specified %,1965
0.0907193,6.12601e-05,1.8378e-06,None kPa,N/A,15625,['C'],A,Low temperature calorimetry set up,"origin: commercial source,99.999 % (total),",99.999,Not Specified %,1965
0.0920761,6.28267e-05,1.8848e-06,None kPa,N/A,15625,['C'],A,Low temperature calorimetry set up,"origin: commercial source,99.999 % (total),",99.999,Not Specified %,1965
0.0947312,6.60724e-05,1.98217e-06,None kPa,N/A,15625,['C'],A,Low temperature calorimetry set up,"origin: commercial source,99.999 % (total),",99.999,Not Specified %,1965
0.0960937,6.63077e-05,1.98923e-06,None kPa,N/A,15625,['C'],A,Low temperature calorimetry set up,"origin: commercial source,99.999 % (total),",99.999,Not Specified %,1965
0.106099,7.45374e-05,2.23612e-06,None kPa,N/A,15625,['C'],A,Low temperature calorimetry set up,"origin: commercial source,99.999 % (total),",99.999,Not Specified %,1965
0.111328,7.91244e-05,2.37373e-06,None kPa,N/A,15625,['C'],A,Low temperature calorimetry set up,"origin: commercial source,99.999 % (total),",99.999,Not Specified %,1965
0.12478,8.89382e-05,2.66815e-06,None kPa,N/A,15625,['C'],A,Low temperature calorimetry set up,"origin: commercial source,99.999 % (total),",99.999,Not Specified %,1965
0.141524,9.9108e-05,2.97324e-06,None kPa,N/A,15625,['C'],A,Low temperature calorimetry set up,"origin: commercial source,99.999 % (total),",99.999,Not Specified %,1965
0.150207,0.000106895,3.20685e-06,None kPa,N/A,15625,['C'],A,Low temperature calorimetry set up,"origin: commercial source,99.999 % (total),",99.999,Not Specified %,1965
0.167812,0.000118137,3.54411e-06,None kPa,N/A,15625,['C'],A,Low temperature calorimetry set up,"origin: commercial source,99.999 % (total),",99.999,Not Specified %,1965
0.180222,0.000127513,3.82539e-06,None kPa,N/A,15625,['C'],A,Low temperature calorimetry set up,"origin: commercial source,99.999 % (total),",99.999,Not Specified %,1965
0.204042,0.000143859,4.31577e-06,None kPa,N/A,15625,['C'],A,Low temperature calorimetry set up,"origin: commercial source,99.999 % (total),",99.999,Not Specified %,1965
0.22394,0.000157953,4.73858e-06,None kPa,N/A,15625,['C'],A,Low temperature calorimetry set up,"origin: commercial source,99.999 % (total),",99.999,Not Specified %,1965
0.237701,0.000168235,5.04705e-06,None kPa,N/A,15625,['C'],A,Low temperature calorimetry set up,"origin: commercial source,99.999 % (total),",99.999,Not Specified %,1965
0.252236,0.000177766,5.33297e-06,None kPa,N/A,15625,['C'],A,Low temperature calorimetry set up,"origin: commercial source,99.999 % (total),",99.999,Not Specified %,1965
0.26597,0.000187654,5.62961e-06,None kPa,N/A,15625,['C'],A,Low temperature calorimetry set up,"origin: commercial source,99.999 % (total),",99.999,Not Specified %,1965
0.278126,0.000194695,5.84084e-06,None kPa,N/A,15625,['C'],A,Low temperature calorimetry set up,"origin: commercial source,99.999 % (total),",99.999,Not Specified %,1965
0.289316,0.00020447,6.13409e-06,None kPa,N/A,15625,['C'],A,Low temperature calorimetry set up,"origin: commercial source,99.999 % (total),",99.999,Not Specified %,1965
0.297978,0.00020947,6.2841e-06,None kPa,N/A,15625,['C'],A,Low temperature calorimetry set up,"origin: commercial source,99.999 % (total),",99.999,Not Specified %,1965
0.307218,0.000216321,6.48964e-06,None kPa,N/A,15625,['C'],A,Low temperature calorimetry set up,"origin: commercial source,99.999 % (total),",99.999,Not Specified %,1965
0.314997,0.000217911,6.53733e-06,None kPa,N/A,15625,['C'],A,Low temperature calorimetry set up,"origin: commercial source,99.999 % (total),",99.999,Not Specified %,1965
0.318791,0.000224319,6.72957e-06,None kPa,N/A,15625,['C'],A,Low temperature calorimetry set up,"origin: commercial source,99.999 % (total),",99.999,Not Specified %,1965
0.338139,0.000238036,7.14107e-06,None kPa,N/A,15625,['C'],A,Low temperature calorimetry set up,"origin: commercial source,99.999 % (total),",99.999,Not Specified %,1965
0.349597,0.000246377,7.39132e-06,None kPa,N/A,15625,['C'],A,Low temperature calorimetry set up,"origin: commercial source,99.999 % (total),",99.999,Not Specified %,1965
0.37689,0.00026569,7.97071e-06,None kPa,N/A,15625,['C'],A,Low temperature calorimetry set up,"origin: commercial source,99.999 % (total),",99.999,Not Specified %,1965
0.405952,0.000286881,8.60644e-06,None kPa,N/A,15625,['C'],A,Low temperature calorimetry set up,"origin: commercial source,99.999 % (total),",99.999,Not Specified %,1965
0.416155,0.000294264,8.82791e-06,None kPa,N/A,15625,['C'],A,Low temperature calorimetry set up,"origin: commercial source,99.999 % (total),",99.999,Not Specified %,1965
0.453427,0.000321079,9.63237e-06,None kPa,N/A,15625,['C'],A,Low temperature calorimetry set up,"origin: commercial source,99.999 % (total),",99.999,Not Specified %,1965
0.465734,0.00033005,9.90151e-06,None kPa,N/A,15625,['C'],A,Low temperature calorimetry set up,"origin: commercial source,99.999 % (total),",99.999,Not Specified %,1965
0.503113,0.000362453,1.08736e-05,None kPa,N/A,15625,['C'],A,Low temperature calorimetry set up,"origin: commercial source,99.999 % (total),",99.999,Not Specified %,1965
0.525125,0.000373392,1.12017e-05,None kPa,N/A,15625,['C'],A,Low temperature calorimetry set up,"origin: commercial source,99.999 % (total),",99.999,Not Specified %,1965
0.563646,0.00040294,1.20882e-05,None kPa,N/A,15625,['C'],A,Low temperature calorimetry set up,"origin: commercial source,99.999 % (total),",99.999,Not Specified %,1965
0.595234,0.000425237,1.27571e-05,None kPa,N/A,15625,['C'],A,Low temperature calorimetry set up,"origin: commercial source,99.999 % (total),",99.999,Not Specified %,1965
0.618379,0.000443792,1.33138e-05,None kPa,N/A,15625,['C'],A,Low temperature calorimetry set up,"origin: commercial source,99.999 % (total),",99.999,Not Specified %,1965
0.682007,0.000491924,1.47577e-05,None kPa,N/A,15625,['C'],A,Low temperature calorimetry set up,"origin: commercial source,99.999 % (total),",99.999,Not Specified %,1965
0.752616,0.000547912,1.64374e-05,None kPa,N/A,15625,['C'],A,Low temperature calorimetry set up,"origin: commercial source,99.999 % (total),",99.999,Not Specified %,1965
0.844002,0.000622399,1.8672e-05,None kPa,N/A,15625,['C'],A,Low temperature calorimetry set up,"origin: commercial source,99.999 % (total),",99.999,Not Specified %,1965
0.890035,0.000655515,1.96654e-05,None kPa,N/A,15625,['C'],A,Low temperature calorimetry set up,"origin: commercial source,99.999 % (total),",99.999,Not Specified %,1965
1.00195,0.000758018,2.27405e-05,None kPa,N/A,15625,['C'],A,Low temperature calorimetry set up,"origin: commercial source,99.999 % (total),",99.999,Not Specified %,1965
1.01305,0.000761911,2.28573e-05,None kPa,N/A,15625,['C'],A,Low temperature calorimetry set up,"origin: commercial source,99.999 % (total),",99.999,Not Specified %,1965
1.07395,0.000816671,2.45001e-05,None kPa,N/A,15625,['C'],A,Low temperature calorimetry set up,"origin: commercial source,99.999 % (total),",99.999,Not Specified %,1965
0.38,0.0002685,5.37e-06,0.0666612 kPa,N/A,15800,['C'],A,False,"origin: commercial source,99.999 %",99.999,Not Specified %,1965
0.406,0.0002864,5.728e-06,None kPa,N/A,15800,['C'],A,False,"origin: commercial source,99.999 %",99.999,Not Specified %,1965
0.452,0.0003198,6.396e-06,None kPa,N/A,15800,['C'],A,False,"origin: commercial source,99.999 %",99.999,Not Specified %,1965
0.488,0.0003491,6.982e-06,None kPa,N/A,15800,['C'],A,False,"origin: commercial source,99.999 %",99.999,Not Specified %,1965
0.51,0.0003638,7.276e-06,None kPa,N/A,15800,['C'],A,False,"origin: commercial source,99.999 %",99.999,Not Specified %,1965
0.531,0.0003781,7.562e-06,None kPa,N/A,15800,['C'],A,False,"origin: commercial source,99.999 %",99.999,Not Specified %,1965
0.54,0.0003858,7.716e-06,None kPa,N/A,15800,['C'],A,False,"origin: commercial source,99.999 %",99.999,Not Specified %,1965
0.556,0.0003983,7.966e-06,None kPa,N/A,15800,['C'],A,False,"origin: commercial source,99.999 %",99.999,Not Specified %,1965
0.592,0.0004235,8.47e-06,None kPa,N/A,15800,['C'],A,False,"origin: commercial source,99.999 %",99.999,Not Specified %,1965
0.61,0.0004372,8.744e-06,None kPa,N/A,15800,['C'],A,False,"origin: commercial source,99.999 %",99.999,Not Specified %,1965
0.64,0.0004602,9.204e-06,None kPa,N/A,15800,['C'],A,False,"origin: commercial source,99.999 %",99.999,Not Specified %,1965
0.674,0.000487,9.74e-06,None kPa,N/A,15800,['C'],A,False,"origin: commercial source,99.999 %",99.999,Not Specified %,1965
0.71,0.0005117,1.0234e-05,None kPa,N/A,15800,['C'],A,False,"origin: commercial source,99.999 %",99.999,Not Specified %,1965
0.744,0.0005392,1.0784e-05,None kPa,N/A,15800,['C'],A,False,"origin: commercial source,99.999 %",99.999,Not Specified %,1965
0.774,0.0005583,1.1166e-05,None kPa,N/A,15800,['C'],A,False,"origin: commercial source,99.999 %",99.999,Not Specified %,1965
0.821,0.0006012,1.2024e-05,None kPa,N/A,15800,['C'],A,False,"origin: commercial source,99.999 %",99.999,Not Specified %,1965
0.9,0.0006656,1.3312e-05,None kPa,N/A,15800,['C'],A,False,"origin: commercial source,99.999 %",99.999,Not Specified %,1965
0.966,0.0007178,1.4356e-05,None kPa,N/A,15800,['C'],A,False,"origin: commercial source,99.999 %",99.999,Not Specified %,1965
1.012,0.0007579,1.5158e-05,None kPa,N/A,15800,['C'],A,False,"origin: commercial source,99.999 %",99.999,Not Specified %,1965
1.048,0.0007935,1.587e-05,None kPa,N/A,15800,['C'],A,False,"origin: commercial source,99.999 %",99.999,Not Specified %,1965
1.105,0.0008385,1.677e-05,None kPa,N/A,15800,['C'],A,False,"origin: commercial source,99.999 %",99.999,Not Specified %,1965
1.109,0.0008436,1.6872e-05,None kPa,N/A,15800,['C'],A,False,"origin: commercial source,99.999 %",99.999,Not Specified %,1965
1.147,0.0008753,1.7506e-05,None kPa,N/A,15800,['C'],A,False,"origin: commercial source,99.999 %",99.999,Not Specified %,1965
1.174,0.0009014,1.8028e-05,None kPa,N/A,15800,['C'],A,False,"origin: commercial source,99.999 %",99.999,Not Specified %,1965
1.188,0.0009097,1.8194e-05,None kPa,N/A,15800,['C'],A,False,"origin: commercial source,99.999 %",99.999,Not Specified %,1965
1.209,0.0009323,1.8646e-05,None kPa,N/A,15800,['C'],A,False,"origin: commercial source,99.999 %",99.999,Not Specified %,1965
1.249,0.000966,1.932e-05,None kPa,N/A,15800,['C'],A,False,"origin: commercial source,99.999 %",99.999,Not Specified %,1965
1.279,0.0009935,1.987e-05,None kPa,N/A,15800,['C'],A,False,"origin: commercial source,99.999 %",99.999,Not Specified %,1965
1.288,0.0010002,2.0004e-05,None kPa,N/A,15800,['C'],A,False,"origin: commercial source,99.999 %",99.999,Not Specified %,1965
1.337,0.0010471,2.0942e-05,None kPa,N/A,15800,['C'],A,False,"origin: commercial source,99.999 %",99.999,Not Specified %,1965
1.369,0.0010801,2.1602e-05,None kPa,N/A,15800,['C'],A,False,"origin: commercial source,99.999 %",99.999,Not Specified %,1965
1.442,0.0011534,2.3068e-05,None kPa,N/A,15800,['C'],A,False,"origin: commercial source,99.999 %",99.999,Not Specified %,1965
1.474,0.0011816,2.3632e-05,None kPa,N/A,15800,['C'],A,False,"origin: commercial source,99.999 %",99.999,Not Specified %,1965
1.557,0.0012701,2.5402e-05,None kPa,N/A,15800,['C'],A,False,"origin: commercial source,99.999 %",99.999,Not Specified %,1965
1.592,0.0013084,2.6168e-05,None kPa,N/A,15800,['C'],A,False,"origin: commercial source,99.999 %",99.999,Not Specified %,1965
1.689,0.001414,2.828e-05,None kPa,N/A,15800,['C'],A,False,"origin: commercial source,99.999 %",99.999,Not Specified %,1965
1.735,0.0014625,2.925e-05,None kPa,N/A,15800,['C'],A,False,"origin: commercial source,99.999 %",99.999,Not Specified %,1965
1.849,0.0016054,3.2108e-05,None kPa,N/A,15800,['C'],A,False,"origin: commercial source,99.999 %",99.999,Not Specified %,1965
1.902,0.0016706,3.3412e-05,None kPa,N/A,15800,['C'],A,False,"origin: commercial source,99.999 %",99.999,Not Specified %,1965
10.43,0.06218,0.0003109,None kPa,N/A,15938,['C'],A,Low temperature calorimetry set up,"origin: synthesized by others,99.999 % (total),estimated by the compiler",99.999,Not Specified %,1966
10.515,0.06371,0.00031855,None kPa,N/A,15938,['C'],A,Low temperature calorimetry set up,"origin: synthesized by others,99.999 % (total),estimated by the compiler",99.999,Not Specified %,1966
10.529,0.0639,0.0003195,None kPa,N/A,15938,['C'],A,Low temperature calorimetry set up,"origin: synthesized by others,99.999 % (total),estimated by the compiler",99.999,Not Specified %,1966
10.833,0.06933,0.00034665,None kPa,N/A,15938,['C'],A,Low temperature calorimetry set up,"origin: synthesized by others,99.999 % (total),estimated by the compiler",99.999,Not Specified %,1966
5.097,0.009862,4.931e-05,None kPa,N/A,15938,['C'],A,Low temperature calorimetry set up,"origin: synthesized by others,99.999 % (total),estimated by the compiler",99.999,Not Specified %,1966
5.123,0.009983,4.9915e-05,None kPa,N/A,15938,['C'],A,Low temperature calorimetry set up,"origin: synthesized by others,99.999 % (total),estimated by the compiler",99.999,Not Specified %,1966
5.323,0.0109,5.45e-05,None kPa,N/A,15938,['C'],A,Low temperature calorimetry set up,"origin: synthesized by others,99.999 % (total),estimated by the compiler",99.999,Not Specified %,1966
5.373,0.01114,5.57e-05,None kPa,N/A,15938,['C'],A,Low temperature calorimetry set up,"origin: synthesized by others,99.999 % (total),estimated by the compiler",99.999,Not Specified %,1966
5.411,0.01132,5.66e-05,None kPa,N/A,15938,['C'],A,Low temperature calorimetry set up,"origin: synthesized by others,99.999 % (total),estimated by the compiler",99.999,Not Specified %,1966
5.511,0.01181,5.905e-05,None kPa,N/A,15938,['C'],A,Low temperature calorimetry set up,"origin: synthesized by others,99.999 % (total),estimated by the compiler",99.999,Not Specified %,1966
5.655,0.01255,6.275e-05,None kPa,N/A,15938,['C'],A,Low temperature calorimetry set up,"origin: synthesized by others,99.999 % (total),estimated by the compiler",99.999,Not Specified %,1966
5.795,0.01329,6.645e-05,None kPa,N/A,15938,['C'],A,Low temperature calorimetry set up,"origin: synthesized by others,99.999 % (total),estimated by the compiler",99.999,Not Specified %,1966
5.928,0.01404,7.02e-05,None kPa,N/A,15938,['C'],A,Low temperature calorimetry set up,"origin: synthesized by others,99.999 % (total),estimated by the compiler",99.999,Not Specified %,1966
6.058,0.01479,7.395e-05,None kPa,N/A,15938,['C'],A,Low temperature calorimetry set up,"origin: synthesized by others,99.999 % (total),estimated by the compiler",99.999,Not Specified %,1966
6.23,0.01585,7.925e-05,None kPa,N/A,15938,['C'],A,Low temperature calorimetry set up,"origin: synthesized by others,99.999 % (total),estimated by the compiler",99.999,Not Specified %,1966
6.392,0.01689,8.445e-05,None kPa,N/A,15938,['C'],A,Low temperature calorimetry set up,"origin: synthesized by others,99.999 % (total),estimated by the compiler",99.999,Not Specified %,1966
6.606,0.01835,9.175e-05,None kPa,N/A,15938,['C'],A,Low temperature calorimetry set up,"origin: synthesized by others,99.999 % (total),estimated by the compiler",99.999,Not Specified %,1966
6.776,0.01959,9.795e-05,None kPa,N/A,15938,['C'],A,Low temperature calorimetry set up,"origin: synthesized by others,99.999 % (total),estimated by the compiler",99.999,Not Specified %,1966
6.917,0.02063,0.00010315,None kPa,N/A,15938,['C'],A,Low temperature calorimetry set up,"origin: synthesized by others,99.999 % (total),estimated by the compiler",99.999,Not Specified %,1966
7.044,0.02158,0.0001079,None kPa,N/A,15938,['C'],A,Low temperature calorimetry set up,"origin: synthesized by others,99.999 % (total),estimated by the compiler",99.999,Not Specified %,1966
7.148,0.02243,0.00011215,None kPa,N/A,15938,['C'],A,Low temperature calorimetry set up,"origin: synthesized by others,99.999 % (total),estimated by the compiler",99.999,Not Specified %,1966
7.243,0.0232,0.000116,None kPa,N/A,15938,['C'],A,Low temperature calorimetry set up,"origin: synthesized by others,99.999 % (total),estimated by the compiler",99.999,Not Specified %,1966
7.405,0.02454,0.0001227,None kPa,N/A,15938,['C'],A,Low temperature calorimetry set up,"origin: synthesized by others,99.999 % (total),estimated by the compiler",99.999,Not Specified %,1966
7.709,0.02724,0.0001362,None kPa,N/A,15938,['C'],A,Low temperature calorimetry set up,"origin: synthesized by others,99.999 % (total),estimated by the compiler",99.999,Not Specified %,1966
8.044,0.03047,0.00015235,None kPa,N/A,15938,['C'],A,Low temperature calorimetry set up,"origin: synthesized by others,99.999 % (total),estimated by the compiler",99.999,Not Specified %,1966
8.344,0.03357,0.00016785,None kPa,N/A,15938,['C'],A,Low temperature calorimetry set up,"origin: synthesized by others,99.999 % (total),estimated by the compiler",99.999,Not Specified %,1966
8.42,0.03442,0.0001721,None kPa,N/A,15938,['C'],A,Low temperature calorimetry set up,"origin: synthesized by others,99.999 % (total),estimated by the compiler",99.999,Not Specified %,1966
8.685,0.0374,0.000187,None kPa,N/A,15938,['C'],A,Low temperature calorimetry set up,"origin: synthesized by others,99.999 % (total),estimated by the compiler",99.999,Not Specified %,1966
8.785,0.03861,0.00019305,None kPa,N/A,15938,['C'],A,Low temperature calorimetry set up,"origin: synthesized by others,99.999 % (total),estimated by the compiler",99.999,Not Specified %,1966
8.97,0.04084,0.0002042,None kPa,N/A,15938,['C'],A,Low temperature calorimetry set up,"origin: synthesized by others,99.999 % (total),estimated by the compiler",99.999,Not Specified %,1966
9.281,0.04483,0.00022415,None kPa,N/A,15938,['C'],A,Low temperature calorimetry set up,"origin: synthesized by others,99.999 % (total),estimated by the compiler",99.999,Not Specified %,1966
9.339,0.04559,0.00022795,None kPa,N/A,15938,['C'],A,Low temperature calorimetry set up,"origin: synthesized by others,99.999 % (total),estimated by the compiler",99.999,Not Specified %,1966
9.553,0.04853,0.00024265,None kPa,N/A,15938,['C'],A,Low temperature calorimetry set up,"origin: synthesized by others,99.999 % (total),estimated by the compiler",99.999,Not Specified %,1966
9.782,0.05181,0.00025905,None kPa,N/A,15938,['C'],A,Low temperature calorimetry set up,"origin: synthesized by others,99.999 % (total),estimated by the compiler",99.999,Not Specified %,1966
9.795,0.05203,0.00026015,None kPa,N/A,15938,['C'],A,Low temperature calorimetry set up,"origin: synthesized by others,99.999 % (total),estimated by the compiler",99.999,Not Specified %,1966
9.986,0.05494,0.0002747,None kPa,N/A,15938,['C'],A,Low temperature calorimetry set up,"origin: synthesized by others,99.999 % (total),estimated by the compiler",99.999,Not Specified %,1966
10.104,0.05679,0.00028395,None kPa,N/A,15938,['C'],A,Low temperature calorimetry set up,"origin: synthesized by others,99.999 % (total),estimated by the compiler",99.999,Not Specified %,1966
10.287,0.05971,0.00029855,None kPa,N/A,15938,['C'],A,Low temperature calorimetry set up,"origin: synthesized by others,99.999 % (total),estimated by the compiler",99.999,Not Specified %,1966
11.016,0.07276,0.0003638,None kPa,N/A,15939,['C'],A,Low temperature calorimetry set up,"origin: synthesized by others,99.999 % (total),estimated by the compiler",99.999,Not Specified %,1966
11.277,0.07791,0.00038955,None kPa,N/A,15939,['C'],A,Low temperature calorimetry set up,"origin: synthesized by others,99.999 % (total),estimated by the compiler",99.999,Not Specified %,1966
11.467,0.08182,0.0004091,None kPa,N/A,15939,['C'],A,Low temperature calorimetry set up,"origin: synthesized by others,99.999 % (total),estimated by the compiler",99.999,Not Specified %,1966
11.771,0.08837,0.00044185,None kPa,N/A,15939,['C'],A,Low temperature calorimetry set up,"origin: synthesized by others,99.999 % (total),estimated by the compiler",99.999,Not Specified %,1966
12.025,0.0941,0.0004705,None kPa,N/A,15939,['C'],A,Low temperature calorimetry set up,"origin: synthesized by others,99.999 % (total),estimated by the compiler",99.999,Not Specified %,1966
12.392,0.1029,0.0005145,None kPa,N/A,15939,['C'],A,Low temperature calorimetry set up,"origin: synthesized by others,99.999 % (total),estimated by the compiler",99.999,Not Specified %,1966
12.709,0.111,0.000555,None kPa,N/A,15939,['C'],A,Low temperature calorimetry set up,"origin: synthesized by others,99.999 % (total),estimated by the compiler",99.999,Not Specified %,1966
13.161,0.1233,0.0006165,None kPa,N/A,15939,['C'],A,Low temperature calorimetry set up,"origin: synthesized by others,99.999 % (total),estimated by the compiler",99.999,Not Specified %,1966
13.499,0.1331,0.0006655,None kPa,N/A,15939,['C'],A,Low temperature calorimetry set up,"origin: synthesized by others,99.999 % (total),estimated by the compiler",99.999,Not Specified %,1966
14.092,0.1515,0.0007575,None kPa,N/A,15939,['C'],A,Low temperature calorimetry set up,"origin: synthesized by others,99.999 % (total),estimated by the compiler",99.999,Not Specified %,1966
14.571,0.1679,0.0008395,None kPa,N/A,15939,['C'],A,Low temperature calorimetry set up,"origin: synthesized by others,99.999 % (total),estimated by the compiler",99.999,Not Specified %,1966
15.376,0.1985,0.0009925,None kPa,N/A,15939,['C'],A,Low temperature calorimetry set up,"origin: synthesized by others,99.999 % (total),estimated by the compiler",99.999,Not Specified %,1966
15.489,0.2023,0.0010115,None kPa,N/A,15939,['C'],A,Low temperature calorimetry set up,"origin: synthesized by others,99.999 % (total),estimated by the compiler",99.999,Not Specified %,1966
15.799,0.2156,0.001078,None kPa,N/A,15939,['C'],A,Low temperature calorimetry set up,"origin: synthesized by others,99.999 % (total),estimated by the compiler",99.999,Not Specified %,1966
16.392,0.2427,0.0012135,None kPa,N/A,15939,['C'],A,Low temperature calorimetry set up,"origin: synthesized by others,99.999 % (total),estimated by the compiler",99.999,Not Specified %,1966
16.765,0.2611,0.0013055,None kPa,N/A,15939,['C'],A,Low temperature calorimetry set up,"origin: synthesized by others,99.999 % (total),estimated by the compiler",99.999,Not Specified %,1966
17.386,0.2936,0.001468,None kPa,N/A,15939,['C'],A,Low temperature calorimetry set up,"origin: synthesized by others,99.999 % (total),estimated by the compiler",99.999,Not Specified %,1966
17.88,0.3211,0.0016055,None kPa,N/A,15939,['C'],A,Low temperature calorimetry set up,"origin: synthesized by others,99.999 % (total),estimated by the compiler",99.999,Not Specified %,1966
18.684,0.3698,0.001849,None kPa,N/A,15939,['C'],A,Low temperature calorimetry set up,"origin: synthesized by others,99.999 % (total),estimated by the compiler",99.999,Not Specified %,1966
19.298,0.4106,0.002053,None kPa,N/A,15939,['C'],A,Low temperature calorimetry set up,"origin: synthesized by others,99.999 % (total),estimated by the compiler",99.999,Not Specified %,1966
20.342,0.4877,0.0024385,None kPa,N/A,15939,['C'],A,Low temperature calorimetry set up,"origin: synthesized by others,99.999 % (total),estimated by the compiler",99.999,Not Specified %,1966
1.326,0.001041,5.205e-06,None kPa,N/A,15940,['C'],A,Not Described,"origin: synthesized by others,99.999 % (total),estimated by the compiler",99.999,Not Specified %,1966
1.327,0.001041,5.205e-06,None kPa,N/A,15940,['C'],A,Not Described,"origin: synthesized by others,99.999 % (total),estimated by the compiler",99.999,Not Specified %,1966
1.364,0.001074,5.37e-06,None kPa,N/A,15940,['C'],A,Not Described,"origin: synthesized by others,99.999 % (total),estimated by the compiler",99.999,Not Specified %,1966
1.403,0.001112,5.56e-06,None kPa,N/A,15940,['C'],A,Not Described,"origin: synthesized by others,99.999 % (total),estimated by the compiler",99.999,Not Specified %,1966
1.513,0.001219,6.095e-06,None kPa,N/A,15940,['C'],A,Not Described,"origin: synthesized by others,99.999 % (total),estimated by the compiler",99.999,Not Specified %,1966
1.577,0.001285,6.425e-06,None kPa,N/A,15940,['C'],A,Not Described,"origin: synthesized by others,99.999 % (total),estimated by the compiler",99.999,Not Specified %,1966
1.6,0.00131,6.55e-06,None kPa,N/A,15940,['C'],A,Not Described,"origin: synthesized by others,99.999 % (total),estimated by the compiler",99.999,Not Specified %,1966
1.751,0.001475,7.375e-06,None kPa,N/A,15940,['C'],A,Not Described,"origin: synthesized by others,99.999 % (total),estimated by the compiler",99.999,Not Specified %,1966
1.803,0.001534,7.67e-06,None kPa,N/A,15940,['C'],A,Not Described,"origin: synthesized by others,99.999 % (total),estimated by the compiler",99.999,Not Specified %,1966
1.88,0.001625,8.125e-06,None kPa,N/A,15940,['C'],A,Not Described,"origin: synthesized by others,99.999 % (total),estimated by the compiler",99.999,Not Specified %,1966
1.967,0.001729,8.645e-06,None kPa,N/A,15940,['C'],A,Not Described,"origin: synthesized by others,99.999 % (total),estimated by the compiler",99.999,Not Specified %,1966
2.003,0.001773,8.865e-06,None kPa,N/A,15940,['C'],A,Not Described,"origin: synthesized by others,99.999 % (total),estimated by the compiler",99.999,Not Specified %,1966
2.098,0.001893,9.465e-06,None kPa,N/A,15940,['C'],A,Not Described,"origin: synthesized by others,99.999 % (total),estimated by the compiler",99.999,Not Specified %,1966
2.119,0.001922,9.61e-06,None kPa,N/A,15940,['C'],A,Not Described,"origin: synthesized by others,99.999 % (total),estimated by the compiler",99.999,Not Specified %,1966
2.217,0.002055,1.0275e-05,None kPa,N/A,15940,['C'],A,Not Described,"origin: synthesized by others,99.999 % (total),estimated by the compiler",99.999,Not Specified %,1966
2.255,0.002113,1.0565e-05,None kPa,N/A,15940,['C'],A,Not Described,"origin: synthesized by others,99.999 % (total),estimated by the compiler",99.999,Not Specified %,1966
2.332,0.002223,1.1115e-05,None kPa,N/A,15940,['C'],A,Not Described,"origin: synthesized by others,99.999 % (total),estimated by the compiler",99.999,Not Specified %,1966
2.432,0.002383,1.1915e-05,None kPa,N/A,15940,['C'],A,Not Described,"origin: synthesized by others,99.999 % (total),estimated by the compiler",99.999,Not Specified %,1966
2.517,0.002515,1.2575e-05,None kPa,N/A,15940,['C'],A,Not Described,"origin: synthesized by others,99.999 % (total),estimated by the compiler",99.999,Not Specified %,1966
2.676,0.002779,1.3895e-05,None kPa,N/A,15940,['C'],A,Not Described,"origin: synthesized by others,99.999 % (total),estimated by the compiler",99.999,Not Specified %,1966
2.766,0.002938,1.469e-05,None kPa,N/A,15940,['C'],A,Not Described,"origin: synthesized by others,99.999 % (total),estimated by the compiler",99.999,Not Specified %,1966
2.83,0.003057,1.5285e-05,None kPa,N/A,15940,['C'],A,Not Described,"origin: synthesized by others,99.999 % (total),estimated by the compiler",99.999,Not Specified %,1966
2.88,0.00315,1.575e-05,None kPa,N/A,15940,['C'],A,Not Described,"origin: synthesized by others,99.999 % (total),estimated by the compiler",99.999,Not Specified %,1966
2.948,0.003276,1.638e-05,None kPa,N/A,15940,['C'],A,Not Described,"origin: synthesized by others,99.999 % (total),estimated by the compiler",99.999,Not Specified %,1966
3.047,0.00347,1.735e-05,None kPa,N/A,15940,['C'],A,Not Described,"origin: synthesized by others,99.999 % (total),estimated by the compiler",99.999,Not Specified %,1966
3.069,0.003518,1.759e-05,None kPa,N/A,15940,['C'],A,Not Described,"origin: synthesized by others,99.999 % (total),estimated by the compiler",99.999,Not Specified %,1966
3.187,0.003763,1.8815e-05,None kPa,N/A,15940,['C'],A,Not Described,"origin: synthesized by others,99.999 % (total),estimated by the compiler",99.999,Not Specified %,1966
3.349,0.004122,2.061e-05,None kPa,N/A,15940,['C'],A,Not Described,"origin: synthesized by others,99.999 % (total),estimated by the compiler",99.999,Not Specified %,1966
3.381,0.0042,2.1e-05,None kPa,N/A,15940,['C'],A,Not Described,"origin: synthesized by others,99.999 % (total),estimated by the compiler",99.999,Not Specified %,1966
3.484,0.004445,2.2225e-05,None kPa,N/A,15940,['C'],A,Not Described,"origin: synthesized by others,99.999 % (total),estimated by the compiler",99.999,Not Specified %,1966
3.51,0.004508,2.254e-05,None kPa,N/A,15940,['C'],A,Not Described,"origin: synthesized by others,99.999 % (total),estimated by the compiler",99.999,Not Specified %,1966
3.612,0.004763,2.3815e-05,None kPa,N/A,15940,['C'],A,Not Described,"origin: synthesized by others,99.999 % (total),estimated by the compiler",99.999,Not Specified %,1966
3.738,0.005096,2.548e-05,None kPa,N/A,15940,['C'],A,Not Described,"origin: synthesized by others,99.999 % (total),estimated by the compiler",99.999,Not Specified %,1966
3.739,0.005095,2.5475e-05,None kPa,N/A,15940,['C'],A,Not Described,"origin: synthesized by others,99.999 % (total),estimated by the compiler",99.999,Not Specified %,1966
3.898,0.005534,2.767e-05,None kPa,N/A,15940,['C'],A,Not Described,"origin: synthesized by others,99.999 % (total),estimated by the compiler",99.999,Not Specified %,1966
4.074,0.006053,3.0265e-05,None kPa,N/A,15940,['C'],A,Not Described,"origin: synthesized by others,99.999 % (total),estimated by the compiler",99.999,Not Specified %,1966
4.259,0.00664,3.32e-05,None kPa,N/A,15940,['C'],A,Not Described,"origin: synthesized by others,99.999 % (total),estimated by the compiler",99.999,Not Specified %,1966
4.4,0.007122,3.561e-05,None kPa,N/A,15940,['C'],A,Not Described,"origin: synthesized by others,99.999 % (total),estimated by the compiler",99.999,Not Specified %,1966
4.455,0.007318,3.659e-05,None kPa,N/A,15940,['C'],A,Not Described,"origin: synthesized by others,99.999 % (total),estimated by the compiler",99.999,Not Specified %,1966
4.671,0.008113,4.0565e-05,None kPa,N/A,15940,['C'],A,Not Described,"origin: synthesized by others,99.999 % (total),estimated by the compiler",99.999,Not Specified %,1966
4.77,0.008493,4.2465e-05,None kPa,N/A,15940,['C'],A,Not Described,"origin: synthesized by others,99.999 % (total),estimated by the compiler",99.999,Not Specified %,1966
4.988,0.009389,4.6945e-05,None kPa,N/A,15940,['C'],A,Not Described,"origin: synthesized by others,99.999 % (total),estimated by the compiler",99.999,Not Specified %,1966
10.528,0.06392,0.0003196,None kPa,N/A,15941,['C'],A,Low temperature calorimetry set up,"origin: commercial source,99.999 % (total),",99.999,Not Specified %,1966
10.873,0.07014,0.0003507,None kPa,N/A,15941,['C'],A,Low temperature calorimetry set up,"origin: commercial source,99.999 % (total),",99.999,Not Specified %,1966
5.021,0.009527,4.7635e-05,None kPa,N/A,15941,['C'],A,Low temperature calorimetry set up,"origin: commercial source,99.999 % (total),",99.999,Not Specified %,1966
5.225,0.01044,5.22e-05,None kPa,N/A,15941,['C'],A,Low temperature calorimetry set up,"origin: commercial source,99.999 % (total),",99.999,Not Specified %,1966
5.331,0.01095,5.475e-05,None kPa,N/A,15941,['C'],A,Low temperature calorimetry set up,"origin: commercial source,99.999 % (total),",99.999,Not Specified %,1966
5.421,0.01137,5.685e-05,None kPa,N/A,15941,['C'],A,Low temperature calorimetry set up,"origin: commercial source,99.999 % (total),",99.999,Not Specified %,1966
5.553,0.01203,6.015e-05,None kPa,N/A,15941,['C'],A,Low temperature calorimetry set up,"origin: commercial source,99.999 % (total),",99.999,Not Specified %,1966
5.654,0.01255,6.275e-05,None kPa,N/A,15941,['C'],A,Low temperature calorimetry set up,"origin: commercial source,99.999 % (total),",99.999,Not Specified %,1966
5.656,0.01256,6.28e-05,None kPa,N/A,15941,['C'],A,Low temperature calorimetry set up,"origin: commercial source,99.999 % (total),",99.999,Not Specified %,1966
6.015,0.01454,7.27e-05,None kPa,N/A,15941,['C'],A,Low temperature calorimetry set up,"origin: commercial source,99.999 % (total),",99.999,Not Specified %,1966
6.205,0.01569,7.845e-05,None kPa,N/A,15941,['C'],A,Low temperature calorimetry set up,"origin: commercial source,99.999 % (total),",99.999,Not Specified %,1966
6.258,0.01604,8.02e-05,None kPa,N/A,15941,['C'],A,Low temperature calorimetry set up,"origin: commercial source,99.999 % (total),",99.999,Not Specified %,1966
6.536,0.01788,8.94e-05,None kPa,N/A,15941,['C'],A,Low temperature calorimetry set up,"origin: commercial source,99.999 % (total),",99.999,Not Specified %,1966
6.587,0.01823,9.115e-05,None kPa,N/A,15941,['C'],A,Low temperature calorimetry set up,"origin: commercial source,99.999 % (total),",99.999,Not Specified %,1966
6.983,0.02114,0.0001057,None kPa,N/A,15941,['C'],A,Low temperature calorimetry set up,"origin: commercial source,99.999 % (total),",99.999,Not Specified %,1966
7.017,0.02141,0.00010705,None kPa,N/A,15941,['C'],A,Low temperature calorimetry set up,"origin: commercial source,99.999 % (total),",99.999,Not Specified %,1966
7.528,0.02565,0.00012825,None kPa,N/A,15941,['C'],A,Low temperature calorimetry set up,"origin: commercial source,99.999 % (total),",99.999,Not Specified %,1966
7.996,0.03001,0.00015005,None kPa,N/A,15941,['C'],A,Low temperature calorimetry set up,"origin: commercial source,99.999 % (total),",99.999,Not Specified %,1966
8.402,0.03425,0.00017125,None kPa,N/A,15941,['C'],A,Low temperature calorimetry set up,"origin: commercial source,99.999 % (total),",99.999,Not Specified %,1966
8.576,0.03616,0.0001808,None kPa,N/A,15941,['C'],A,Low temperature calorimetry set up,"origin: commercial source,99.999 % (total),",99.999,Not Specified %,1966
8.73,0.03796,0.0001898,None kPa,N/A,15941,['C'],A,Low temperature calorimetry set up,"origin: commercial source,99.999 % (total),",99.999,Not Specified %,1966
8.847,0.03941,0.00019705,None kPa,N/A,15941,['C'],A,Low temperature calorimetry set up,"origin: commercial source,99.999 % (total),",99.999,Not Specified %,1966
8.939,0.04045,0.00020225,None kPa,N/A,15941,['C'],A,Low temperature calorimetry set up,"origin: commercial source,99.999 % (total),",99.999,Not Specified %,1966
9.136,0.04295,0.00021475,None kPa,N/A,15941,['C'],A,Low temperature calorimetry set up,"origin: commercial source,99.999 % (total),",99.999,Not Specified %,1966
9.366,0.04593,0.00022965,None kPa,N/A,15941,['C'],A,Low temperature calorimetry set up,"origin: commercial source,99.999 % (total),",99.999,Not Specified %,1966
9.386,0.04632,0.0002316,None kPa,N/A,15941,['C'],A,Low temperature calorimetry set up,"origin: commercial source,99.999 % (total),",99.999,Not Specified %,1966
9.501,0.04784,0.0002392,None kPa,N/A,15941,['C'],A,Low temperature calorimetry set up,"origin: commercial source,99.999 % (total),",99.999,Not Specified %,1966
9.824,0.05242,0.0002621,None kPa,N/A,15941,['C'],A,Low temperature calorimetry set up,"origin: commercial source,99.999 % (total),",99.999,Not Specified %,1966
9.987,0.05495,0.00027475,None kPa,N/A,15941,['C'],A,Low temperature calorimetry set up,"origin: commercial source,99.999 % (total),",99.999,Not Specified %,1966
10.0,0.05528,0.0002764,None kPa,N/A,15941,['C'],A,Low temperature calorimetry set up,"origin: commercial source,99.999 % (total),",99.999,Not Specified %,1966
10.282,0.05965,0.00029825,None kPa,N/A,15941,['C'],A,Low temperature calorimetry set up,"origin: commercial source,99.999 % (total),",99.999,Not Specified %,1966
11.05,0.07345,0.00036725,None kPa,N/A,15942,['C'],A,Low temperature calorimetry set up,"origin: commercial source,99.999 % (total),",99.999,Not Specified %,1966
11.542,0.08344,0.0004172,None kPa,N/A,15942,['C'],A,Low temperature calorimetry set up,"origin: commercial source,99.999 % (total),",99.999,Not Specified %,1966
11.614,0.08487,0.00042435,None kPa,N/A,15942,['C'],A,Low temperature calorimetry set up,"origin: commercial source,99.999 % (total),",99.999,Not Specified %,1966
11.668,0.08626,0.0004313,None kPa,N/A,15942,['C'],A,Low temperature calorimetry set up,"origin: commercial source,99.999 % (total),",99.999,Not Specified %,1966
12.001,0.09349,0.00046745,None kPa,N/A,15942,['C'],A,Low temperature calorimetry set up,"origin: commercial source,99.999 % (total),",99.999,Not Specified %,1966
12.043,0.09452,0.0004726,None kPa,N/A,15942,['C'],A,Low temperature calorimetry set up,"origin: commercial source,99.999 % (total),",99.999,Not Specified %,1966
12.282,0.1002,0.000501,None kPa,N/A,15942,['C'],A,Low temperature calorimetry set up,"origin: commercial source,99.999 % (total),",99.999,Not Specified %,1966
12.67,0.1099,0.0005495,None kPa,N/A,15942,['C'],A,Low temperature calorimetry set up,"origin: commercial source,99.999 % (total),",99.999,Not Specified %,1966
12.682,0.1105,0.0005525,None kPa,N/A,15942,['C'],A,Low temperature calorimetry set up,"origin: commercial source,99.999 % (total),",99.999,Not Specified %,1966
12.972,0.1181,0.0005905,None kPa,N/A,15942,['C'],A,Low temperature calorimetry set up,"origin: commercial source,99.999 % (total),",99.999,Not Specified %,1966
13.374,0.1294,0.000647,None kPa,N/A,15942,['C'],A,Low temperature calorimetry set up,"origin: commercial source,99.999 % (total),",99.999,Not Specified %,1966
13.508,0.1335,0.0006675,None kPa,N/A,15942,['C'],A,Low temperature calorimetry set up,"origin: commercial source,99.999 % (total),",99.999,Not Specified %,1966
13.842,0.1432,0.000716,None kPa,N/A,15942,['C'],A,Low temperature calorimetry set up,"origin: commercial source,99.999 % (total),",99.999,Not Specified %,1966
14.566,0.1678,0.000839,None kPa,N/A,15942,['C'],A,Low temperature calorimetry set up,"origin: commercial source,99.999 % (total),",99.999,Not Specified %,1966
14.963,0.182,0.00091,None kPa,N/A,15942,['C'],A,Low temperature calorimetry set up,"origin: commercial source,99.999 % (total),",99.999,Not Specified %,1966
15.597,0.2073,0.0010365,None kPa,N/A,15942,['C'],A,Low temperature calorimetry set up,"origin: commercial source,99.999 % (total),",99.999,Not Specified %,1966
15.631,0.2089,0.0010445,None kPa,N/A,15942,['C'],A,Low temperature calorimetry set up,"origin: commercial source,99.999 % (total),",99.999,Not Specified %,1966
16.353,0.2423,0.0012115,None kPa,N/A,15942,['C'],A,Low temperature calorimetry set up,"origin: commercial source,99.999 % (total),",99.999,Not Specified %,1966
16.552,0.2513,0.0012565,None kPa,N/A,15942,['C'],A,Low temperature calorimetry set up,"origin: commercial source,99.999 % (total),",99.999,Not Specified %,1966
17.136,0.281,0.001405,None kPa,N/A,15942,['C'],A,Low temperature calorimetry set up,"origin: commercial source,99.999 % (total),",99.999,Not Specified %,1966
17.573,0.3047,0.0015235,None kPa,N/A,15942,['C'],A,Low temperature calorimetry set up,"origin: commercial source,99.999 % (total),",99.999,Not Specified %,1966
17.891,0.3221,0.0016105,None kPa,N/A,15942,['C'],A,Low temperature calorimetry set up,"origin: commercial source,99.999 % (total),",99.999,Not Specified %,1966
18.597,0.3643,0.0018215,None kPa,N/A,15942,['C'],A,Low temperature calorimetry set up,"origin: commercial source,99.999 % (total),",99.999,Not Specified %,1966
18.793,0.3777,0.0018885,None kPa,N/A,15942,['C'],A,Low temperature calorimetry set up,"origin: commercial source,99.999 % (total),",99.999,Not Specified %,1966
19.344,0.4138,0.002069,None kPa,N/A,15942,['C'],A,Low temperature calorimetry set up,"origin: commercial source,99.999 % (total),",99.999,Not Specified %,1966
20.225,0.479,0.002395,None kPa,N/A,15942,['C'],A,Low temperature calorimetry set up,"origin: commercial source,99.999 % (total),",99.999,Not Specified %,1966
1.293,0.001013,5.065e-06,None kPa,N/A,15943,['C'],A,Low temperature calorimetry set up,"origin: commercial source,99.999 % (total),",99.999,Not Specified %,1966
1.332,0.00104,5.2e-06,None kPa,N/A,15943,['C'],A,Low temperature calorimetry set up,"origin: commercial source,99.999 % (total),",99.999,Not Specified %,1966
1.339,0.001054,5.27e-06,None kPa,N/A,15943,['C'],A,Low temperature calorimetry set up,"origin: commercial source,99.999 % (total),",99.999,Not Specified %,1966
1.384,0.001097,5.485e-06,None kPa,N/A,15943,['C'],A,Low temperature calorimetry set up,"origin: commercial source,99.999 % (total),",99.999,Not Specified %,1966
1.428,0.001137,5.685e-06,None kPa,N/A,15943,['C'],A,Low temperature calorimetry set up,"origin: commercial source,99.999 % (total),",99.999,Not Specified %,1966
1.497,0.001205,6.025e-06,None kPa,N/A,15943,['C'],A,Low temperature calorimetry set up,"origin: commercial source,99.999 % (total),",99.999,Not Specified %,1966
1.595,0.001305,6.525e-06,None kPa,N/A,15943,['C'],A,Low temperature calorimetry set up,"origin: commercial source,99.999 % (total),",99.999,Not Specified %,1966
1.703,0.001422,7.11e-06,None kPa,N/A,15943,['C'],A,Low temperature calorimetry set up,"origin: commercial source,99.999 % (total),",99.999,Not Specified %,1966
1.815,0.001549,7.745e-06,None kPa,N/A,15943,['C'],A,Low temperature calorimetry set up,"origin: commercial source,99.999 % (total),",99.999,Not Specified %,1966
1.935,0.00169,8.45e-06,None kPa,N/A,15943,['C'],A,Low temperature calorimetry set up,"origin: commercial source,99.999 % (total),",99.999,Not Specified %,1966
2.3,0.002178,1.089e-05,None kPa,N/A,15943,['C'],A,Low temperature calorimetry set up,"origin: commercial source,99.999 % (total),",99.999,Not Specified %,1966
2.481,0.002456,1.228e-05,None kPa,N/A,15943,['C'],A,Low temperature calorimetry set up,"origin: commercial source,99.999 % (total),",99.999,Not Specified %,1966
2.639,0.00272,1.36e-05,None kPa,N/A,15943,['C'],A,Low temperature calorimetry set up,"origin: commercial source,99.999 % (total),",99.999,Not Specified %,1966
2.778,0.002959,1.4795e-05,None kPa,N/A,15943,['C'],A,Low temperature calorimetry set up,"origin: commercial source,99.999 % (total),",99.999,Not Specified %,1966
2.927,0.003238,1.619e-05,None kPa,N/A,15943,['C'],A,Low temperature calorimetry set up,"origin: commercial source,99.999 % (total),",99.999,Not Specified %,1966
3.045,0.00347,1.735e-05,None kPa,N/A,15943,['C'],A,Low temperature calorimetry set up,"origin: commercial source,99.999 % (total),",99.999,Not Specified %,1966
3.294,0.003999,1.9995e-05,None kPa,N/A,15943,['C'],A,Low temperature calorimetry set up,"origin: commercial source,99.999 % (total),",99.999,Not Specified %,1966
3.472,0.004418,2.209e-05,None kPa,N/A,15943,['C'],A,Low temperature calorimetry set up,"origin: commercial source,99.999 % (total),",99.999,Not Specified %,1966
3.601,0.004737,2.3685e-05,None kPa,N/A,15943,['C'],A,Low temperature calorimetry set up,"origin: commercial source,99.999 % (total),",99.999,Not Specified %,1966
3.734,0.005085,2.5425e-05,None kPa,N/A,15943,['C'],A,Low temperature calorimetry set up,"origin: commercial source,99.999 % (total),",99.999,Not Specified %,1966
3.889,0.005509,2.7545e-05,None kPa,N/A,15943,['C'],A,Low temperature calorimetry set up,"origin: commercial source,99.999 % (total),",99.999,Not Specified %,1966
4.055,0.006001,3.0005e-05,None kPa,N/A,15943,['C'],A,Low temperature calorimetry set up,"origin: commercial source,99.999 % (total),",99.999,Not Specified %,1966
4.255,0.006624,3.312e-05,None kPa,N/A,15943,['C'],A,Low temperature calorimetry set up,"origin: commercial source,99.999 % (total),",99.999,Not Specified %,1966
4.495,0.00747,3.735e-05,None kPa,N/A,15943,['C'],A,Low temperature calorimetry set up,"origin: commercial source,99.999 % (total),",99.999,Not Specified %,1966
4.498,0.007468,3.734e-05,None kPa,N/A,15943,['C'],A,Low temperature calorimetry set up,"origin: commercial source,99.999 % (total),",99.999,Not Specified %,1966
4.71,0.008263,4.1315e-05,None kPa,N/A,15943,['C'],A,Low temperature calorimetry set up,"origin: commercial source,99.999 % (total),",99.999,Not Specified %,1966
4.858,0.008842,4.421e-05,None kPa,N/A,15943,['C'],A,Low temperature calorimetry set up,"origin: commercial source,99.999 % (total),",99.999,Not Specified %,1966
4.933,0.009161,4.5805e-05,None kPa,N/A,15943,['C'],A,Low temperature calorimetry set up,"origin: commercial source,99.999 % (total),",99.999,Not Specified %,1966
5.065,0.009747,4.8735e-05,None kPa,N/A,15944,['C'],A,Low temperature calorimetry set up,"origin: synthesized by others,99.999 % (total),estimated by the compiler",99.999,Not Specified %,1966
5.247,0.01056,5.28e-05,None kPa,N/A,15944,['C'],A,Low temperature calorimetry set up,"origin: synthesized by others,99.999 % (total),estimated by the compiler",99.999,Not Specified %,1966
5.699,0.0128,6.4e-05,None kPa,N/A,15944,['C'],A,Low temperature calorimetry set up,"origin: synthesized by others,99.999 % (total),estimated by the compiler",99.999,Not Specified %,1966
5.956,0.01422,7.11e-05,None kPa,N/A,15944,['C'],A,Low temperature calorimetry set up,"origin: synthesized by others,99.999 % (total),estimated by the compiler",99.999,Not Specified %,1966
6.184,0.01557,7.785e-05,None kPa,N/A,15944,['C'],A,Low temperature calorimetry set up,"origin: synthesized by others,99.999 % (total),estimated by the compiler",99.999,Not Specified %,1966
6.631,0.01859,9.295e-05,None kPa,N/A,15944,['C'],A,Low temperature calorimetry set up,"origin: synthesized by others,99.999 % (total),estimated by the compiler",99.999,Not Specified %,1966
7.055,0.02175,0.00010875,None kPa,N/A,15944,['C'],A,Low temperature calorimetry set up,"origin: synthesized by others,99.999 % (total),estimated by the compiler",99.999,Not Specified %,1966
7.725,0.02744,0.0001372,None kPa,N/A,15944,['C'],A,Low temperature calorimetry set up,"origin: synthesized by others,99.999 % (total),estimated by the compiler",99.999,Not Specified %,1966
8.055,0.03063,0.00015315,None kPa,N/A,15944,['C'],A,Low temperature calorimetry set up,"origin: synthesized by others,99.999 % (total),estimated by the compiler",99.999,Not Specified %,1966
8.451,0.03483,0.00017415,None kPa,N/A,15944,['C'],A,Low temperature calorimetry set up,"origin: synthesized by others,99.999 % (total),estimated by the compiler",99.999,Not Specified %,1966
8.883,0.03989,0.00019945,None kPa,N/A,15944,['C'],A,Low temperature calorimetry set up,"origin: synthesized by others,99.999 % (total),estimated by the compiler",99.999,Not Specified %,1966
9.429,0.04695,0.00023475,None kPa,N/A,15944,['C'],A,Low temperature calorimetry set up,"origin: synthesized by others,99.999 % (total),estimated by the compiler",99.999,Not Specified %,1966
1.287,0.001007,5.035e-06,None kPa,N/A,15945,['C'],A,Low temperature calorimetry set up,"origin: synthesized by others,99.999 % (total),estimated by the compiler",99.999,Not Specified %,1966
1.287,0.001009,5.045e-06,None kPa,N/A,15945,['C'],A,Low temperature calorimetry set up,"origin: synthesized by others,99.999 % (total),estimated by the compiler",99.999,Not Specified %,1966
1.355,0.001072,5.36e-06,None kPa,N/A,15945,['C'],A,Low temperature calorimetry set up,"origin: synthesized by others,99.999 % (total),estimated by the compiler",99.999,Not Specified %,1966
1.398,0.001113,5.565e-06,None kPa,N/A,15945,['C'],A,Low temperature calorimetry set up,"origin: synthesized by others,99.999 % (total),estimated by the compiler",99.999,Not Specified %,1966
1.437,0.001147,5.735e-06,None kPa,N/A,15945,['C'],A,Low temperature calorimetry set up,"origin: synthesized by others,99.999 % (total),estimated by the compiler",99.999,Not Specified %,1966
1.477,0.001192,5.96e-06,None kPa,N/A,15945,['C'],A,Low temperature calorimetry set up,"origin: synthesized by others,99.999 % (total),estimated by the compiler",99.999,Not Specified %,1966
1.529,0.001239,6.195e-06,None kPa,N/A,15945,['C'],A,Low temperature calorimetry set up,"origin: synthesized by others,99.999 % (total),estimated by the compiler",99.999,Not Specified %,1966
1.539,0.001247,6.235e-06,None kPa,N/A,15945,['C'],A,Low temperature calorimetry set up,"origin: synthesized by others,99.999 % (total),estimated by the compiler",99.999,Not Specified %,1966
1.586,0.001299,6.495e-06,None kPa,N/A,15945,['C'],A,Low temperature calorimetry set up,"origin: synthesized by others,99.999 % (total),estimated by the compiler",99.999,Not Specified %,1966
1.629,0.001342,6.71e-06,None kPa,N/A,15945,['C'],A,Low temperature calorimetry set up,"origin: synthesized by others,99.999 % (total),estimated by the compiler",99.999,Not Specified %,1966
1.701,0.001418,7.09e-06,None kPa,N/A,15945,['C'],A,Low temperature calorimetry set up,"origin: synthesized by others,99.999 % (total),estimated by the compiler",99.999,Not Specified %,1966
1.914,0.001667,8.335e-06,None kPa,N/A,15945,['C'],A,Low temperature calorimetry set up,"origin: synthesized by others,99.999 % (total),estimated by the compiler",99.999,Not Specified %,1966
1.999,0.001772,8.86e-06,None kPa,N/A,15945,['C'],A,Low temperature calorimetry set up,"origin: synthesized by others,99.999 % (total),estimated by the compiler",99.999,Not Specified %,1966
2.077,0.001866,9.33e-06,None kPa,N/A,15945,['C'],A,Low temperature calorimetry set up,"origin: synthesized by others,99.999 % (total),estimated by the compiler",99.999,Not Specified %,1966
2.138,0.00195,9.75e-06,None kPa,N/A,15945,['C'],A,Low temperature calorimetry set up,"origin: synthesized by others,99.999 % (total),estimated by the compiler",99.999,Not Specified %,1966
2.141,0.001953,9.765e-06,None kPa,N/A,15945,['C'],A,Low temperature calorimetry set up,"origin: synthesized by others,99.999 % (total),estimated by the compiler",99.999,Not Specified %,1966
2.258,0.00212,1.06e-05,None kPa,N/A,15945,['C'],A,Low temperature calorimetry set up,"origin: synthesized by others,99.999 % (total),estimated by the compiler",99.999,Not Specified %,1966
2.258,0.002119,1.0595e-05,None kPa,N/A,15945,['C'],A,Low temperature calorimetry set up,"origin: synthesized by others,99.999 % (total),estimated by the compiler",99.999,Not Specified %,1966
2.402,0.002339,1.1695e-05,None kPa,N/A,15945,['C'],A,Low temperature calorimetry set up,"origin: synthesized by others,99.999 % (total),estimated by the compiler",99.999,Not Specified %,1966
2.53,0.002539,1.2695e-05,None kPa,N/A,15945,['C'],A,Low temperature calorimetry set up,"origin: synthesized by others,99.999 % (total),estimated by the compiler",99.999,Not Specified %,1966
2.749,0.002912,1.456e-05,None kPa,N/A,15945,['C'],A,Low temperature calorimetry set up,"origin: synthesized by others,99.999 % (total),estimated by the compiler",99.999,Not Specified %,1966
3.135,0.00366,1.83e-05,None kPa,N/A,15945,['C'],A,Low temperature calorimetry set up,"origin: synthesized by others,99.999 % (total),estimated by the compiler",99.999,Not Specified %,1966
3.267,0.003944,1.972e-05,None kPa,N/A,15945,['C'],A,Low temperature calorimetry set up,"origin: synthesized by others,99.999 % (total),estimated by the compiler",99.999,Not Specified %,1966
3.421,0.0043,2.15e-05,None kPa,N/A,15945,['C'],A,Low temperature calorimetry set up,"origin: synthesized by others,99.999 % (total),estimated by the compiler",99.999,Not Specified %,1966
3.586,0.004704,2.352e-05,None kPa,N/A,15945,['C'],A,Low temperature calorimetry set up,"origin: synthesized by others,99.999 % (total),estimated by the compiler",99.999,Not Specified %,1966
3.732,0.005085,2.5425e-05,None kPa,N/A,15945,['C'],A,Low temperature calorimetry set up,"origin: synthesized by others,99.999 % (total),estimated by the compiler",99.999,Not Specified %,1966
3.909,0.005581,2.7905e-05,None kPa,N/A,15945,['C'],A,Low temperature calorimetry set up,"origin: synthesized by others,99.999 % (total),estimated by the compiler",99.999,Not Specified %,1966
4.069,0.00605,3.025e-05,None kPa,N/A,15945,['C'],A,Low temperature calorimetry set up,"origin: synthesized by others,99.999 % (total),estimated by the compiler",99.999,Not Specified %,1966
4.277,0.006713,3.3565e-05,None kPa,N/A,15945,['C'],A,Low temperature calorimetry set up,"origin: synthesized by others,99.999 % (total),estimated by the compiler",99.999,Not Specified %,1966
4.355,0.006981,3.4905e-05,None kPa,N/A,15945,['C'],A,Low temperature calorimetry set up,"origin: synthesized by others,99.999 % (total),estimated by the compiler",99.999,Not Specified %,1966
4.578,0.007772,3.886e-05,None kPa,N/A,15945,['C'],A,Low temperature calorimetry set up,"origin: synthesized by others,99.999 % (total),estimated by the compiler",99.999,Not Specified %,1966
4.614,0.007915,3.9575e-05,None kPa,N/A,15945,['C'],A,Low temperature calorimetry set up,"origin: synthesized by others,99.999 % (total),estimated by the compiler",99.999,Not Specified %,1966
4.866,0.008896,4.448e-05,None kPa,N/A,15945,['C'],A,Low temperature calorimetry set up,"origin: synthesized by others,99.999 % (total),estimated by the compiler",99.999,Not Specified %,1966
10.048,0.05611,0.00028055,None kPa,N/A,15946,['C'],A,Low temperature calorimetry set up,"origin: commercial source,99.999 % (total),",99.999,Not Specified %,1966
10.627,0.06582,0.0003291,None kPa,N/A,15946,['C'],A,Low temperature calorimetry set up,"origin: commercial source,99.999 % (total),",99.999,Not Specified %,1966
5.023,0.009609,4.8045e-05,None kPa,N/A,15946,['C'],A,Low temperature calorimetry set up,"origin: commercial source,99.999 % (total),",99.999,Not Specified %,1966
5.187,0.01033,5.165e-05,None kPa,N/A,15946,['C'],A,Low temperature calorimetry set up,"origin: commercial source,99.999 % (total),",99.999,Not Specified %,1966
5.464,0.01165,5.825e-05,None kPa,N/A,15946,['C'],A,Low temperature calorimetry set up,"origin: commercial source,99.999 % (total),",99.999,Not Specified %,1966
5.74,0.01308,6.54e-05,None kPa,N/A,15946,['C'],A,Low temperature calorimetry set up,"origin: commercial source,99.999 % (total),",99.999,Not Specified %,1966
6.037,0.01475,7.375e-05,None kPa,N/A,15946,['C'],A,Low temperature calorimetry set up,"origin: commercial source,99.999 % (total),",99.999,Not Specified %,1966
6.759,0.01957,9.785e-05,None kPa,N/A,15946,['C'],A,Low temperature calorimetry set up,"origin: commercial source,99.999 % (total),",99.999,Not Specified %,1966
7.229,0.02322,0.0001161,None kPa,N/A,15946,['C'],A,Low temperature calorimetry set up,"origin: commercial source,99.999 % (total),",99.999,Not Specified %,1966
7.82,0.02847,0.00014235,None kPa,N/A,15946,['C'],A,Low temperature calorimetry set up,"origin: commercial source,99.999 % (total),",99.999,Not Specified %,1966
8.399,0.03428,0.0001714,None kPa,N/A,15946,['C'],A,Low temperature calorimetry set up,"origin: commercial source,99.999 % (total),",99.999,Not Specified %,1966
8.881,0.03988,0.0001994,None kPa,N/A,15946,['C'],A,Low temperature calorimetry set up,"origin: commercial source,99.999 % (total),",99.999,Not Specified %,1966
9.456,0.04734,0.0002367,None kPa,N/A,15946,['C'],A,Low temperature calorimetry set up,"origin: commercial source,99.999 % (total),",99.999,Not Specified %,1966
11.316,0.07901,0.00039505,None kPa,N/A,15947,['C'],A,Low temperature calorimetry set up,"origin: commercial source,99.999 % (total),",99.999,Not Specified %,1966
12.319,0.1017,0.0005085,None kPa,N/A,15947,['C'],A,Low temperature calorimetry set up,"origin: commercial source,99.999 % (total),",99.999,Not Specified %,1966
13.312,0.128,0.00064,None kPa,N/A,15947,['C'],A,Low temperature calorimetry set up,"origin: commercial source,99.999 % (total),",99.999,Not Specified %,1966
14.273,0.158,0.00079,None kPa,N/A,15947,['C'],A,Low temperature calorimetry set up,"origin: commercial source,99.999 % (total),",99.999,Not Specified %,1966
15.485,0.2032,0.001016,None kPa,N/A,15947,['C'],A,Low temperature calorimetry set up,"origin: commercial source,99.999 % (total),",99.999,Not Specified %,1966
16.432,0.2458,0.001229,None kPa,N/A,15947,['C'],A,Low temperature calorimetry set up,"origin: commercial source,99.999 % (total),",99.999,Not Specified %,1966
17.47,0.2994,0.001497,None kPa,N/A,15947,['C'],A,Low temperature calorimetry set up,"origin: commercial source,99.999 % (total),",99.999,Not Specified %,1966
18.756,0.3759,0.0018795,None kPa,N/A,15947,['C'],A,Low temperature calorimetry set up,"origin: commercial source,99.999 % (total),",99.999,Not Specified %,1966
20.261,0.4831,0.0024155,None kPa,N/A,15947,['C'],A,Low temperature calorimetry set up,"origin: commercial source,99.999 % (total),",99.999,Not Specified %,1966
20.558,0.5066,0.002533,None kPa,N/A,15947,['C'],A,Low temperature calorimetry set up,"origin: commercial source,99.999 % (total),",99.999,Not Specified %,1966
1.396,0.001113,5.565e-06,None kPa,N/A,15948,['C'],A,Not Described,"origin: commercial source,99.999 % (total),",99.999,Not Specified %,1966
1.482,0.001194,5.97e-06,None kPa,N/A,15948,['C'],A,Not Described,"origin: commercial source,99.999 % (total),",99.999,Not Specified %,1966
1.528,0.001244,6.22e-06,None kPa,N/A,15948,['C'],A,Not Described,"origin: commercial source,99.999 % (total),",99.999,Not Specified %,1966
1.531,0.001247,6.235e-06,None kPa,N/A,15948,['C'],A,Not Described,"origin: commercial source,99.999 % (total),",99.999,Not Specified %,1966
1.585,0.001303,6.515e-06,None kPa,N/A,15948,['C'],A,Not Described,"origin: commercial source,99.999 % (total),",99.999,Not Specified %,1966
1.608,0.001329,6.645e-06,None kPa,N/A,15948,['C'],A,Not Described,"origin: commercial source,99.999 % (total),",99.999,Not Specified %,1966
1.628,0.001348,6.74e-06,None kPa,N/A,15948,['C'],A,Not Described,"origin: commercial source,99.999 % (total),",99.999,Not Specified %,1966
1.644,0.001366,6.83e-06,None kPa,N/A,15948,['C'],A,Not Described,"origin: commercial source,99.999 % (total),",99.999,Not Specified %,1966
1.753,0.001486,7.43e-06,None kPa,N/A,15948,['C'],A,Not Described,"origin: commercial source,99.999 % (total),",99.999,Not Specified %,1966
1.756,0.00149,7.45e-06,None kPa,N/A,15948,['C'],A,Not Described,"origin: commercial source,99.999 % (total),",99.999,Not Specified %,1966
1.809,0.001552,7.76e-06,None kPa,N/A,15948,['C'],A,Not Described,"origin: commercial source,99.999 % (total),",99.999,Not Specified %,1966
1.884,0.00164,8.2e-06,None kPa,N/A,15948,['C'],A,Not Described,"origin: commercial source,99.999 % (total),",99.999,Not Specified %,1966
1.921,0.001684,8.42e-06,None kPa,N/A,15948,['C'],A,Not Described,"origin: commercial source,99.999 % (total),",99.999,Not Specified %,1966
1.949,0.001716,8.58e-06,None kPa,N/A,15948,['C'],A,Not Described,"origin: commercial source,99.999 % (total),",99.999,Not Specified %,1966
1.985,0.001765,8.825e-06,None kPa,N/A,15948,['C'],A,Not Described,"origin: commercial source,99.999 % (total),",99.999,Not Specified %,1966
2.048,0.001845,9.225e-06,None kPa,N/A,15948,['C'],A,Not Described,"origin: commercial source,99.999 % (total),",99.999,Not Specified %,1966
2.107,0.001918,9.59e-06,None kPa,N/A,15948,['C'],A,Not Described,"origin: commercial source,99.999 % (total),",99.999,Not Specified %,1966
2.164,0.001998,9.99e-06,None kPa,N/A,15948,['C'],A,Not Described,"origin: commercial source,99.999 % (total),",99.999,Not Specified %,1966
2.22,0.002075,1.0375e-05,None kPa,N/A,15948,['C'],A,Not Described,"origin: commercial source,99.999 % (total),",99.999,Not Specified %,1966
2.336,0.002247,1.1235e-05,None kPa,N/A,15948,['C'],A,Not Described,"origin: commercial source,99.999 % (total),",99.999,Not Specified %,1966
2.518,0.002534,1.267e-05,None kPa,N/A,15948,['C'],A,Not Described,"origin: commercial source,99.999 % (total),",99.999,Not Specified %,1966
2.666,0.00278,1.39e-05,None kPa,N/A,15948,['C'],A,Not Described,"origin: commercial source,99.999 % (total),",99.999,Not Specified %,1966
2.796,0.003013,1.5065e-05,None kPa,N/A,15948,['C'],A,Not Described,"origin: commercial source,99.999 % (total),",99.999,Not Specified %,1966
2.941,0.003286,1.643e-05,None kPa,N/A,15948,['C'],A,Not Described,"origin: commercial source,99.999 % (total),",99.999,Not Specified %,1966
3.111,0.003629,1.8145e-05,None kPa,N/A,15948,['C'],A,Not Described,"origin: commercial source,99.999 % (total),",99.999,Not Specified %,1966
3.327,0.004104,2.052e-05,None kPa,N/A,15948,['C'],A,Not Described,"origin: commercial source,99.999 % (total),",99.999,Not Specified %,1966
3.513,0.004547,2.2735e-05,None kPa,N/A,15948,['C'],A,Not Described,"origin: commercial source,99.999 % (total),",99.999,Not Specified %,1966
3.687,0.004992,2.496e-05,None kPa,N/A,15948,['C'],A,Not Described,"origin: commercial source,99.999 % (total),",99.999,Not Specified %,1966
3.858,0.005464,2.732e-05,None kPa,N/A,15948,['C'],A,Not Described,"origin: commercial source,99.999 % (total),",99.999,Not Specified %,1966
4.071,0.006087,3.0435e-05,None kPa,N/A,15948,['C'],A,Not Described,"origin: commercial source,99.999 % (total),",99.999,Not Specified %,1966
4.335,0.006945,3.4725e-05,None kPa,N/A,15948,['C'],A,Not Described,"origin: commercial source,99.999 % (total),",99.999,Not Specified %,1966
4.64,0.008049,4.0245e-05,None kPa,N/A,15948,['C'],A,Not Described,"origin: commercial source,99.999 % (total),",99.999,Not Specified %,1966
4.922,0.009168,4.584e-05,None kPa,N/A,15948,['C'],A,Not Described,"origin: commercial source,99.999 % (total),",99.999,Not Specified %,1966
1.0,0.000771,3.855e-05,None kPa,N/A,16026,['C'],A,Vacuum adiabatic calorimetry,"origin: commercial source,99.9 weight % (total),estimated by the compiler",99.9,Weight %,1966
2.0,0.00184,9.2e-05,None kPa,N/A,16026,['C'],A,Vacuum adiabatic calorimetry,"origin: commercial source,99.9 weight % (total),estimated by the compiler",99.9,Weight %,1966
3.0,0.00351,0.0001755,None kPa,N/A,16026,['C'],A,Vacuum adiabatic calorimetry,"origin: commercial source,99.9 weight % (total),estimated by the compiler",99.9,Weight %,1966
4.0,0.00607,0.0003035,None kPa,N/A,16026,['C'],A,Vacuum adiabatic calorimetry,"origin: commercial source,99.9 weight % (total),estimated by the compiler",99.9,Weight %,1966
5.0,0.00986,0.000493,None kPa,N/A,16026,['C'],A,Vacuum adiabatic calorimetry,"origin: commercial source,99.9 weight % (total),estimated by the compiler",99.9,Weight %,1966
6.0,0.0152,0.00076,None kPa,N/A,16026,['C'],A,Vacuum adiabatic calorimetry,"origin: commercial source,99.9 weight % (total),estimated by the compiler",99.9,Weight %,1966
7.0,0.0224,0.00112,None kPa,N/A,16026,['C'],A,Vacuum adiabatic calorimetry,"origin: commercial source,99.9 weight % (total),estimated by the compiler",99.9,Weight %,1966
8.0,0.0318,0.00159,None kPa,N/A,16026,['C'],A,Vacuum adiabatic calorimetry,"origin: commercial source,99.9 weight % (total),estimated by the compiler",99.9,Weight %,1966
9.0,0.0437,0.002185,None kPa,N/A,16026,['C'],A,Vacuum adiabatic calorimetry,"origin: commercial source,99.9 weight % (total),estimated by the compiler",99.9,Weight %,1966
10.0,0.0583,0.002915,None kPa,N/A,16026,['C'],A,Vacuum adiabatic calorimetry,"origin: commercial source,99.9 weight % (total),estimated by the compiler",99.9,Weight %,1966
11.0,0.0762,0.00381,None kPa,N/A,16026,['C'],A,Vacuum adiabatic calorimetry,"origin: commercial source,99.9 weight % (total),estimated by the compiler",99.9,Weight %,1966
12.0,0.098,0.0049,None kPa,N/A,16026,['C'],A,Vacuum adiabatic calorimetry,"origin: commercial source,99.9 weight % (total),estimated by the compiler",99.9,Weight %,1966
13.0,0.124,0.0062,None kPa,N/A,16026,['C'],A,Vacuum adiabatic calorimetry,"origin: commercial source,99.9 weight % (total),estimated by the compiler",99.9,Weight %,1966
14.0,0.155,0.00775,None kPa,N/A,16026,['C'],A,Vacuum adiabatic calorimetry,"origin: commercial source,99.9 weight % (total),estimated by the compiler",99.9,Weight %,1966
15.0,0.191,0.00955,None kPa,N/A,16026,['C'],A,Vacuum adiabatic calorimetry,"origin: commercial source,99.9 weight % (total),estimated by the compiler",99.9,Weight %,1966
16.0,0.233,0.01165,None kPa,N/A,16026,['C'],A,Vacuum adiabatic calorimetry,"origin: commercial source,99.9 weight % (total),estimated by the compiler",99.9,Weight %,1966
17.0,0.282,0.0141,None kPa,N/A,16026,['C'],A,Vacuum adiabatic calorimetry,"origin: commercial source,99.9 weight % (total),estimated by the compiler",99.9,Weight %,1966
18.0,0.338,0.0169,None kPa,N/A,16026,['C'],A,Vacuum adiabatic calorimetry,"origin: commercial source,99.9 weight % (total),estimated by the compiler",99.9,Weight %,1966
19.0,0.402,0.0201,None kPa,N/A,16026,['C'],A,Vacuum adiabatic calorimetry,"origin: commercial source,99.9 weight % (total),estimated by the compiler",99.9,Weight %,1966
20.0,0.475,0.02375,None kPa,N/A,16026,['C'],A,Vacuum adiabatic calorimetry,"origin: commercial source,99.9 weight % (total),estimated by the compiler",99.9,Weight %,1966
21.0,0.557,0.02785,None kPa,N/A,16026,['C'],A,Vacuum adiabatic calorimetry,"origin: commercial source,99.9 weight % (total),estimated by the compiler",99.9,Weight %,1966
22.0,0.65,0.0325,None kPa,N/A,16026,['C'],A,Vacuum adiabatic calorimetry,"origin: commercial source,99.9 weight % (total),estimated by the compiler",99.9,Weight %,1966
23.0,0.752,0.0376,None kPa,N/A,16026,['C'],A,Vacuum adiabatic calorimetry,"origin: commercial source,99.9 weight % (total),estimated by the compiler",99.9,Weight %,1966
24.0,0.865,0.04325,None kPa,N/A,16026,['C'],A,Vacuum adiabatic calorimetry,"origin: commercial source,99.9 weight % (total),estimated by the compiler",99.9,Weight %,1966
25.0,0.988,0.0494,None kPa,N/A,16026,['C'],A,Vacuum adiabatic calorimetry,"origin: commercial source,99.9 weight % (total),estimated by the compiler",99.9,Weight %,1966
26.0,1.12,0.056,None kPa,N/A,16026,['C'],A,Vacuum adiabatic calorimetry,"origin: commercial source,99.9 weight % (total),estimated by the compiler",99.9,Weight %,1966
27.0,1.27,0.0635,None kPa,N/A,16026,['C'],A,Vacuum adiabatic calorimetry,"origin: commercial source,99.9 weight % (total),estimated by the compiler",99.9,Weight %,1966
28.0,1.42,0.071,None kPa,N/A,16026,['C'],A,Vacuum adiabatic calorimetry,"origin: commercial source,99.9 weight % (total),estimated by the compiler",99.9,Weight %,1966
29.0,1.59,0.0795,None kPa,N/A,16026,['C'],A,Vacuum adiabatic calorimetry,"origin: commercial source,99.9 weight % (total),estimated by the compiler",99.9,Weight %,1966
30.0,1.77,0.0885,None kPa,N/A,16026,['C'],A,Vacuum adiabatic calorimetry,"origin: commercial source,99.9 weight % (total),estimated by the compiler",99.9,Weight %,1966
1.6,0.001315,2.63e-05,None kPa,N/A,16549,['C'],A,Vacuum adiabatic calorimetry,"origin: commercial source,99.999 % (total),",99.999,Not Specified %,1966
1.7,0.001425,2.85e-05,None kPa,N/A,16549,['C'],A,Vacuum adiabatic calorimetry,"origin: commercial source,99.999 % (total),",99.999,Not Specified %,1966
1.8,0.001539,3.078e-05,None kPa,N/A,16549,['C'],A,Vacuum adiabatic calorimetry,"origin: commercial source,99.999 % (total),",99.999,Not Specified %,1966
1.9,0.001659,3.318e-05,None kPa,N/A,16549,['C'],A,Vacuum adiabatic calorimetry,"origin: commercial source,99.999 % (total),",99.999,Not Specified %,1966
2.0,0.001784,3.568e-05,None kPa,N/A,16549,['C'],A,Vacuum adiabatic calorimetry,"origin: commercial source,99.999 % (total),",99.999,Not Specified %,1966
2.1,0.001915,3.83e-05,None kPa,N/A,16549,['C'],A,Vacuum adiabatic calorimetry,"origin: commercial source,99.999 % (total),",99.999,Not Specified %,1966
2.2,0.002052,4.104e-05,None kPa,N/A,16549,['C'],A,Vacuum adiabatic calorimetry,"origin: commercial source,99.999 % (total),",99.999,Not Specified %,1966
2.3,0.002195,4.39e-05,None kPa,N/A,16549,['C'],A,Vacuum adiabatic calorimetry,"origin: commercial source,99.999 % (total),",99.999,Not Specified %,1966
2.4,0.002346,4.692e-05,None kPa,N/A,16549,['C'],A,Vacuum adiabatic calorimetry,"origin: commercial source,99.999 % (total),",99.999,Not Specified %,1966
2.5,0.002503,5.006e-05,None kPa,N/A,16549,['C'],A,Vacuum adiabatic calorimetry,"origin: commercial source,99.999 % (total),",99.999,Not Specified %,1966
2.6,0.002667,5.334e-05,None kPa,N/A,16549,['C'],A,Vacuum adiabatic calorimetry,"origin: commercial source,99.999 % (total),",99.999,Not Specified %,1966
2.7,0.002839,5.678e-05,None kPa,N/A,16549,['C'],A,Vacuum adiabatic calorimetry,"origin: commercial source,99.999 % (total),",99.999,Not Specified %,1966
2.8,0.003019,6.038e-05,None kPa,N/A,16549,['C'],A,Vacuum adiabatic calorimetry,"origin: commercial source,99.999 % (total),",99.999,Not Specified %,1966
2.9,0.003207,6.414e-05,None kPa,N/A,16549,['C'],A,Vacuum adiabatic calorimetry,"origin: commercial source,99.999 % (total),",99.999,Not Specified %,1966
3.0,0.003404,6.808e-05,None kPa,N/A,16549,['C'],A,Vacuum adiabatic calorimetry,"origin: commercial source,99.999 % (total),",99.999,Not Specified %,1966
3.1,0.003609,7.218e-05,None kPa,N/A,16549,['C'],A,Vacuum adiabatic calorimetry,"origin: commercial source,99.999 % (total),",99.999,Not Specified %,1966
3.2,0.003823,7.646e-05,None kPa,N/A,16549,['C'],A,Vacuum adiabatic calorimetry,"origin: commercial source,99.999 % (total),",99.999,Not Specified %,1966
3.3,0.004046,8.092e-05,None kPa,N/A,16549,['C'],A,Vacuum adiabatic calorimetry,"origin: commercial source,99.999 % (total),",99.999,Not Specified %,1966
3.4,0.004279,8.558e-05,None kPa,N/A,16549,['C'],A,Vacuum adiabatic calorimetry,"origin: commercial source,99.999 % (total),",99.999,Not Specified %,1966
3.5,0.004522,9.044e-05,None kPa,N/A,16549,['C'],A,Vacuum adiabatic calorimetry,"origin: commercial source,99.999 % (total),",99.999,Not Specified %,1966
3.6,0.004776,9.552e-05,None kPa,N/A,16549,['C'],A,Vacuum adiabatic calorimetry,"origin: commercial source,99.999 % (total),",99.999,Not Specified %,1966
3.7,0.005039,0.00010078,None kPa,N/A,16549,['C'],A,Vacuum adiabatic calorimetry,"origin: commercial source,99.999 % (total),",99.999,Not Specified %,1966
3.8,0.005314,0.00010628,None kPa,N/A,16549,['C'],A,Vacuum adiabatic calorimetry,"origin: commercial source,99.999 % (total),",99.999,Not Specified %,1966
3.9,0.005599,0.00011198,None kPa,N/A,16549,['C'],A,Vacuum adiabatic calorimetry,"origin: commercial source,99.999 % (total),",99.999,Not Specified %,1966
4.0,0.005896,0.00011792,None kPa,N/A,16549,['C'],A,Vacuum adiabatic calorimetry,"origin: commercial source,99.999 % (total),",99.999,Not Specified %,1966
4.1,0.006204,0.00012408,None kPa,N/A,16549,['C'],A,Vacuum adiabatic calorimetry,"origin: commercial source,99.999 % (total),",99.999,Not Specified %,1966
4.2,0.006525,0.0001305,None kPa,N/A,16549,['C'],A,Vacuum adiabatic calorimetry,"origin: commercial source,99.999 % (total),",99.999,Not Specified %,1966
1.467,0.001165,2.33e-06,None kPa,N/A,17134,['C'],A,Calorimetry,"origin: commercial source,99.9958253 weight % (total),estimated by the compiler,rod",99.9958253,Weight %,1967
1.618,0.001319,2.638e-06,None kPa,N/A,17134,['C'],A,Calorimetry,"origin: commercial source,99.9958253 weight % (total),estimated by the compiler,rod",99.9958253,Weight %,1967
1.802,0.001523,3.046e-06,None kPa,N/A,17134,['C'],A,Calorimetry,"origin: commercial source,99.9958253 weight % (total),estimated by the compiler,rod",99.9958253,Weight %,1967
2.019,0.001789,3.578e-06,None kPa,N/A,17134,['C'],A,Calorimetry,"origin: commercial source,99.9958253 weight % (total),estimated by the compiler,rod",99.9958253,Weight %,1967
2.231,0.002074,4.148e-06,None kPa,N/A,17134,['C'],A,Calorimetry,"origin: commercial source,99.9958253 weight % (total),estimated by the compiler,rod",99.9958253,Weight %,1967
1.029,0.000767,1.534e-06,None kPa,N/A,17134,['C'],A,Calorimetry,"origin: commercial source,99.9958253 weight % (total),estimated by the compiler,rod",99.9958253,Weight %,1967
1.146,0.000867,1.734e-06,None kPa,N/A,17134,['C'],A,Calorimetry,"origin: commercial source,99.9958253 weight % (total),estimated by the compiler,rod",99.9958253,Weight %,1967
1.269,0.000978,1.956e-06,None kPa,N/A,17134,['C'],A,Calorimetry,"origin: commercial source,99.9958253 weight % (total),estimated by the compiler,rod",99.9958253,Weight %,1967
1.401,0.001103,2.206e-06,None kPa,N/A,17134,['C'],A,Calorimetry,"origin: commercial source,99.9958253 weight % (total),estimated by the compiler,rod",99.9958253,Weight %,1967
1.544,0.001244,2.488e-06,None kPa,N/A,17134,['C'],A,Calorimetry,"origin: commercial source,99.9958253 weight % (total),estimated by the compiler,rod",99.9958253,Weight %,1967
1.704,0.001417,2.834e-06,None kPa,N/A,17134,['C'],A,Calorimetry,"origin: commercial source,99.9958253 weight % (total),estimated by the compiler,rod",99.9958253,Weight %,1967
2.448,0.002395,4.79e-06,None kPa,N/A,17135,['C'],A,Calorimetry,"origin: commercial source,99.9958253 weight % (total),estimated by the compiler,rod",99.9958253,Weight %,1967
2.684,0.002781,5.562e-06,None kPa,N/A,17135,['C'],A,Calorimetry,"origin: commercial source,99.9958253 weight % (total),estimated by the compiler,rod",99.9958253,Weight %,1967
2.966,0.003297,6.594e-06,None kPa,N/A,17135,['C'],A,Calorimetry,"origin: commercial source,99.9958253 weight % (total),estimated by the compiler,rod",99.9958253,Weight %,1967
3.272,0.003932,7.864e-06,None kPa,N/A,17135,['C'],A,Calorimetry,"origin: commercial source,99.9958253 weight % (total),estimated by the compiler,rod",99.9958253,Weight %,1967
3.266,0.003919,7.838e-06,None kPa,N/A,17135,['C'],A,Calorimetry,"origin: commercial source,99.9958253 weight % (total),estimated by the compiler,rod",99.9958253,Weight %,1967
3.607,0.004729,9.458e-06,None kPa,N/A,17135,['C'],A,Calorimetry,"origin: commercial source,99.9958253 weight % (total),estimated by the compiler,rod",99.9958253,Weight %,1967
3.98,0.005756,1.1512e-05,None kPa,N/A,17135,['C'],A,Calorimetry,"origin: commercial source,99.9958253 weight % (total),estimated by the compiler,rod",99.9958253,Weight %,1967
4.37,0.006997,1.3994e-05,None kPa,N/A,17135,['C'],A,Calorimetry,"origin: commercial source,99.9958253 weight % (total),estimated by the compiler,rod",99.9958253,Weight %,1967
4.783,0.008536,1.7072e-05,None kPa,N/A,17135,['C'],A,Calorimetry,"origin: commercial source,99.9958253 weight % (total),estimated by the compiler,rod",99.9958253,Weight %,1967
5.233,0.01048,2.096e-05,None kPa,N/A,17135,['C'],A,Calorimetry,"origin: commercial source,99.9958253 weight % (total),estimated by the compiler,rod",99.9958253,Weight %,1967
5.753,0.01311,2.622e-05,None kPa,N/A,17135,['C'],A,Calorimetry,"origin: commercial source,99.9958253 weight % (total),estimated by the compiler,rod",99.9958253,Weight %,1967
6.322,0.0165,3.3e-05,None kPa,N/A,17135,['C'],A,Calorimetry,"origin: commercial source,99.9958253 weight % (total),estimated by the compiler,rod",99.9958253,Weight %,1967
6.948,0.02093,4.186e-05,None kPa,N/A,17135,['C'],A,Calorimetry,"origin: commercial source,99.9958253 weight % (total),estimated by the compiler,rod",99.9958253,Weight %,1967
7.635,0.0267,5.34e-05,None kPa,N/A,17135,['C'],A,Calorimetry,"origin: commercial source,99.9958253 weight % (total),estimated by the compiler,rod",99.9958253,Weight %,1967
8.464,0.03511,7.022e-05,None kPa,N/A,17135,['C'],A,Calorimetry,"origin: commercial source,99.9958253 weight % (total),estimated by the compiler,rod",99.9958253,Weight %,1967
8.377,0.03417,6.834e-05,None kPa,N/A,17135,['C'],A,Calorimetry,"origin: commercial source,99.9958253 weight % (total),estimated by the compiler,rod",99.9958253,Weight %,1967
9.216,0.04429,8.858e-05,None kPa,N/A,17135,['C'],A,Calorimetry,"origin: commercial source,99.9958253 weight % (total),estimated by the compiler,rod",99.9958253,Weight %,1967
10.14,0.05787,0.00011574,None kPa,N/A,17135,['C'],A,Calorimetry,"origin: commercial source,99.9958253 weight % (total),estimated by the compiler,rod",99.9958253,Weight %,1967
11.18,0.0762,0.0001524,None kPa,N/A,17135,['C'],A,Calorimetry,"origin: commercial source,99.9958253 weight % (total),estimated by the compiler,rod",99.9958253,Weight %,1967
12.29,0.1005,0.000201,None kPa,N/A,17135,['C'],A,Calorimetry,"origin: commercial source,99.9958253 weight % (total),estimated by the compiler,rod",99.9958253,Weight %,1967
13.56,0.1347,0.0002694,None kPa,N/A,17135,['C'],A,Calorimetry,"origin: commercial source,99.9958253 weight % (total),estimated by the compiler,rod",99.9958253,Weight %,1967
14.96,0.1822,0.0003644,None kPa,N/A,17135,['C'],A,Calorimetry,"origin: commercial source,99.9958253 weight % (total),estimated by the compiler,rod",99.9958253,Weight %,1967
16.48,0.2467,0.0004934,None kPa,N/A,17135,['C'],A,Calorimetry,"origin: commercial source,99.9958253 weight % (total),estimated by the compiler,rod",99.9958253,Weight %,1967
18.39,0.3505,0.000701,None kPa,N/A,17135,['C'],A,Calorimetry,"origin: commercial source,99.9958253 weight % (total),estimated by the compiler,rod",99.9958253,Weight %,1967
20.5,0.4998,0.0009996,None kPa,N/A,17135,['C'],A,Calorimetry,"origin: commercial source,99.9958253 weight % (total),estimated by the compiler,rod",99.9958253,Weight %,1967
22.57,0.688,0.001376,None kPa,N/A,17135,['C'],A,Calorimetry,"origin: commercial source,99.9958253 weight % (total),estimated by the compiler,rod",99.9958253,Weight %,1967
1.304,0.00101063,3.03e-06,1.33322e-05 kPa,N/A,17710,['C'],A,Heat Capacity Cryostat,"origin: commercial source,99.999 %,stated by supplier",99.999,Not Specified %,1968
1.315,0.00102541,3.08e-06,None kPa,N/A,17710,['C'],A,Heat Capacity Cryostat,"origin: commercial source,99.999 %,stated by supplier",99.999,Not Specified %,1968
1.337,0.0010412,3.12e-06,None kPa,N/A,17710,['C'],A,Heat Capacity Cryostat,"origin: commercial source,99.999 %,stated by supplier",99.999,Not Specified %,1968
1.354,0.0010632,3.19e-06,None kPa,N/A,17710,['C'],A,Heat Capacity Cryostat,"origin: commercial source,99.999 %,stated by supplier",99.999,Not Specified %,1968
1.377,0.00107769,3.23e-06,None kPa,N/A,17710,['C'],A,Heat Capacity Cryostat,"origin: commercial source,99.999 %,stated by supplier",99.999,Not Specified %,1968
1.401,0.00110562,3.32e-06,None kPa,N/A,17710,['C'],A,Heat Capacity Cryostat,"origin: commercial source,99.999 %,stated by supplier",99.999,Not Specified %,1968
1.429,0.0011249,3.37e-06,None kPa,N/A,17710,['C'],A,Heat Capacity Cryostat,"origin: commercial source,99.999 %,stated by supplier",99.999,Not Specified %,1968
1.458,0.00116144,3.48e-06,None kPa,N/A,17710,['C'],A,Heat Capacity Cryostat,"origin: commercial source,99.999 %,stated by supplier",99.999,Not Specified %,1968
1.482,0.00117771,3.53e-06,None kPa,N/A,17710,['C'],A,Heat Capacity Cryostat,"origin: commercial source,99.999 %,stated by supplier",99.999,Not Specified %,1968
1.532,0.00123009,3.69e-06,None kPa,N/A,17710,['C'],A,Heat Capacity Cryostat,"origin: commercial source,99.999 %,stated by supplier",99.999,Not Specified %,1968
1.604,0.00130547,3.92e-06,None kPa,N/A,17710,['C'],A,Heat Capacity Cryostat,"origin: commercial source,99.999 %,stated by supplier",99.999,Not Specified %,1968
1.642,0.00134974,4.05e-06,None kPa,N/A,17710,['C'],A,Heat Capacity Cryostat,"origin: commercial source,99.999 %,stated by supplier",99.999,Not Specified %,1968
1.682,0.00139127,4.17e-06,None kPa,N/A,17710,['C'],A,Heat Capacity Cryostat,"origin: commercial source,99.999 %,stated by supplier",99.999,Not Specified %,1968
1.797,0.00152421,4.57e-06,None kPa,N/A,17710,['C'],A,Heat Capacity Cryostat,"origin: commercial source,99.999 %,stated by supplier",99.999,Not Specified %,1968
1.851,0.00159282,4.78e-06,None kPa,N/A,17710,['C'],A,Heat Capacity Cryostat,"origin: commercial source,99.999 %,stated by supplier",99.999,Not Specified %,1968
1.897,0.00163437,4.9e-06,None kPa,N/A,17710,['C'],A,Heat Capacity Cryostat,"origin: commercial source,99.999 %,stated by supplier",99.999,Not Specified %,1968
1.956,0.00171882,5.16e-06,None kPa,N/A,17710,['C'],A,Heat Capacity Cryostat,"origin: commercial source,99.999 %,stated by supplier",99.999,Not Specified %,1968
1.971,0.00172663,5.18e-06,None kPa,N/A,17710,['C'],A,Heat Capacity Cryostat,"origin: commercial source,99.999 %,stated by supplier",99.999,Not Specified %,1968
2.036,0.00181471,5.44e-06,None kPa,N/A,17710,['C'],A,Heat Capacity Cryostat,"origin: commercial source,99.999 %,stated by supplier",99.999,Not Specified %,1968
2.057,0.00184167,5.53e-06,None kPa,N/A,17710,['C'],A,Heat Capacity Cryostat,"origin: commercial source,99.999 %,stated by supplier",99.999,Not Specified %,1968
2.095,0.00189875,5.7e-06,None kPa,N/A,17710,['C'],A,Heat Capacity Cryostat,"origin: commercial source,99.999 %,stated by supplier",99.999,Not Specified %,1968
2.169,0.00198888,5.97e-06,None kPa,N/A,17710,['C'],A,Heat Capacity Cryostat,"origin: commercial source,99.999 %,stated by supplier",99.999,Not Specified %,1968
2.228,0.00206769,6.2e-06,None kPa,N/A,17710,['C'],A,Heat Capacity Cryostat,"origin: commercial source,99.999 %,stated by supplier",99.999,Not Specified %,1968
2.306,0.00218357,6.55e-06,None kPa,N/A,17710,['C'],A,Heat Capacity Cryostat,"origin: commercial source,99.999 %,stated by supplier",99.999,Not Specified %,1968
2.333,0.00222655,6.68e-06,None kPa,N/A,17710,['C'],A,Heat Capacity Cryostat,"origin: commercial source,99.999 %,stated by supplier",99.999,Not Specified %,1968
2.407,0.00233883,7.02e-06,None kPa,N/A,17710,['C'],A,Heat Capacity Cryostat,"origin: commercial source,99.999 %,stated by supplier",99.999,Not Specified %,1968
2.498,0.00247397,7.42e-06,None kPa,N/A,17710,['C'],A,Heat Capacity Cryostat,"origin: commercial source,99.999 %,stated by supplier",99.999,Not Specified %,1968
2.517,0.00250907,7.53e-06,None kPa,N/A,17710,['C'],A,Heat Capacity Cryostat,"origin: commercial source,99.999 %,stated by supplier",99.999,Not Specified %,1968
2.593,0.00262943,7.89e-06,None kPa,N/A,17710,['C'],A,Heat Capacity Cryostat,"origin: commercial source,99.999 %,stated by supplier",99.999,Not Specified %,1968
2.614,0.00266892,8.01e-06,None kPa,N/A,17710,['C'],A,Heat Capacity Cryostat,"origin: commercial source,99.999 %,stated by supplier",99.999,Not Specified %,1968
2.716,0.00284752,8.54e-06,None kPa,N/A,17710,['C'],A,Heat Capacity Cryostat,"origin: commercial source,99.999 %,stated by supplier",99.999,Not Specified %,1968
2.748,0.00289993,8.7e-06,None kPa,N/A,17710,['C'],A,Heat Capacity Cryostat,"origin: commercial source,99.999 %,stated by supplier",99.999,Not Specified %,1968
2.815,0.00302622,9.08e-06,None kPa,N/A,17710,['C'],A,Heat Capacity Cryostat,"origin: commercial source,99.999 %,stated by supplier",99.999,Not Specified %,1968
2.854,0.00309647,9.29e-06,None kPa,N/A,17710,['C'],A,Heat Capacity Cryostat,"origin: commercial source,99.999 %,stated by supplier",99.999,Not Specified %,1968
2.894,0.00316679,9.5e-06,None kPa,N/A,17710,['C'],A,Heat Capacity Cryostat,"origin: commercial source,99.999 %,stated by supplier",99.999,Not Specified %,1968
2.967,0.00331199,9.94e-06,None kPa,N/A,17710,['C'],A,Heat Capacity Cryostat,"origin: commercial source,99.999 %,stated by supplier",99.999,Not Specified %,1968
3.03,0.00343975,1.03e-05,None kPa,N/A,17710,['C'],A,Heat Capacity Cryostat,"origin: commercial source,99.999 %,stated by supplier",99.999,Not Specified %,1968
3.054,0.00348353,1.05e-05,None kPa,N/A,17710,['C'],A,Heat Capacity Cryostat,"origin: commercial source,99.999 %,stated by supplier",99.999,Not Specified %,1968
3.083,0.00355367,1.07e-05,None kPa,N/A,17710,['C'],A,Heat Capacity Cryostat,"origin: commercial source,99.999 %,stated by supplier",99.999,Not Specified %,1968
3.15,0.003678,1.1e-05,None kPa,N/A,17710,['C'],A,Heat Capacity Cryostat,"origin: commercial source,99.999 %,stated by supplier",99.999,Not Specified %,1968
3.194,0.00378271,1.13e-05,None kPa,N/A,17710,['C'],A,Heat Capacity Cryostat,"origin: commercial source,99.999 %,stated by supplier",99.999,Not Specified %,1968
3.281,0.0039692,1.19e-05,None kPa,N/A,17710,['C'],A,Heat Capacity Cryostat,"origin: commercial source,99.999 %,stated by supplier",99.999,Not Specified %,1968
3.365,0.00416514,1.25e-05,None kPa,N/A,17710,['C'],A,Heat Capacity Cryostat,"origin: commercial source,99.999 %,stated by supplier",99.999,Not Specified %,1968
3.427,0.00431776,1.3e-05,None kPa,N/A,17710,['C'],A,Heat Capacity Cryostat,"origin: commercial source,99.999 %,stated by supplier",99.999,Not Specified %,1968
3.476,0.00443329,1.33e-05,None kPa,N/A,17710,['C'],A,Heat Capacity Cryostat,"origin: commercial source,99.999 %,stated by supplier",99.999,Not Specified %,1968
3.498,0.00447988,1.34e-05,None kPa,N/A,17710,['C'],A,Heat Capacity Cryostat,"origin: commercial source,99.999 %,stated by supplier",99.999,Not Specified %,1968
3.597,0.00473828,1.42e-05,None kPa,N/A,17710,['C'],A,Heat Capacity Cryostat,"origin: commercial source,99.999 %,stated by supplier",99.999,Not Specified %,1968
3.66,0.0049034,1.47e-05,None kPa,N/A,17710,['C'],A,Heat Capacity Cryostat,"origin: commercial source,99.999 %,stated by supplier",99.999,Not Specified %,1968
3.771,0.0051987,1.56e-05,None kPa,N/A,17710,['C'],A,Heat Capacity Cryostat,"origin: commercial source,99.999 %,stated by supplier",99.999,Not Specified %,1968
3.839,0.00537855,1.61e-05,None kPa,N/A,17710,['C'],A,Heat Capacity Cryostat,"origin: commercial source,99.999 %,stated by supplier",99.999,Not Specified %,1968
3.877,0.00550091,1.65e-05,None kPa,N/A,17710,['C'],A,Heat Capacity Cryostat,"origin: commercial source,99.999 %,stated by supplier",99.999,Not Specified %,1968
3.951,0.00570827,1.71e-05,None kPa,N/A,17710,['C'],A,Heat Capacity Cryostat,"origin: commercial source,99.999 %,stated by supplier",99.999,Not Specified %,1968
4.056,0.00601538,1.8e-05,None kPa,N/A,17710,['C'],A,Heat Capacity Cryostat,"origin: commercial source,99.999 %,stated by supplier",99.999,Not Specified %,1968
4.134,0.00627856,1.88e-05,None kPa,N/A,17710,['C'],A,Heat Capacity Cryostat,"origin: commercial source,99.999 %,stated by supplier",99.999,Not Specified %,1968
4.149,0.00631743,1.9e-05,None kPa,N/A,17710,['C'],A,Heat Capacity Cryostat,"origin: commercial source,99.999 %,stated by supplier",99.999,Not Specified %,1968
4.385,0.00712177,2.14e-05,None kPa,N/A,17710,['C'],A,Heat Capacity Cryostat,"origin: commercial source,99.999 %,stated by supplier",99.999,Not Specified %,1968
4.435,0.00727056,2.18e-05,None kPa,N/A,17710,['C'],A,Heat Capacity Cryostat,"origin: commercial source,99.999 %,stated by supplier",99.999,Not Specified %,1968
4.559,0.00772668,2.32e-05,None kPa,N/A,17710,['C'],A,Heat Capacity Cryostat,"origin: commercial source,99.999 %,stated by supplier",99.999,Not Specified %,1968
4.633,0.00799272,2.4e-05,None kPa,N/A,17710,['C'],A,Heat Capacity Cryostat,"origin: commercial source,99.999 %,stated by supplier",99.999,Not Specified %,1968
4.701,0.00825911,2.48e-05,None kPa,N/A,17710,['C'],A,Heat Capacity Cryostat,"origin: commercial source,99.999 %,stated by supplier",99.999,Not Specified %,1968
4.85,0.00887796,2.66e-05,None kPa,N/A,17710,['C'],A,Heat Capacity Cryostat,"origin: commercial source,99.999 %,stated by supplier",99.999,Not Specified %,1968
5.022,0.00958265,2.87e-05,None kPa,N/A,17710,['C'],A,Heat Capacity Cryostat,"origin: commercial source,99.999 %,stated by supplier",99.999,Not Specified %,1968
5.244,0.0105602,3.17e-05,None kPa,N/A,17710,['C'],A,Heat Capacity Cryostat,"origin: commercial source,99.999 %,stated by supplier",99.999,Not Specified %,1968
5.246,0.0106127,3.18e-05,None kPa,N/A,17710,['C'],A,Heat Capacity Cryostat,"origin: commercial source,99.999 %,stated by supplier",99.999,Not Specified %,1968
5.34,0.0110454,3.31e-05,None kPa,N/A,17710,['C'],A,Heat Capacity Cryostat,"origin: commercial source,99.999 %,stated by supplier",99.999,Not Specified %,1968
5.726,0.0130045,3.9e-05,None kPa,N/A,17710,['C'],A,Heat Capacity Cryostat,"origin: commercial source,99.999 %,stated by supplier",99.999,Not Specified %,1968
5.897,0.0139554,4.19e-05,None kPa,N/A,17710,['C'],A,Heat Capacity Cryostat,"origin: commercial source,99.999 %,stated by supplier",99.999,Not Specified %,1968
6.006,0.0146403,4.39e-05,None kPa,N/A,17710,['C'],A,Heat Capacity Cryostat,"origin: commercial source,99.999 %,stated by supplier",99.999,Not Specified %,1968
6.19,0.015696,4.71e-05,None kPa,N/A,17710,['C'],A,Heat Capacity Cryostat,"origin: commercial source,99.999 %,stated by supplier",99.999,Not Specified %,1968
6.285,0.0163224,4.9e-05,None kPa,N/A,17710,['C'],A,Heat Capacity Cryostat,"origin: commercial source,99.999 %,stated by supplier",99.999,Not Specified %,1968
6.445,0.0173217,5.2e-05,None kPa,N/A,17710,['C'],A,Heat Capacity Cryostat,"origin: commercial source,99.999 %,stated by supplier",99.999,Not Specified %,1968
6.654,0.0187433,5.62e-05,None kPa,N/A,17710,['C'],A,Heat Capacity Cryostat,"origin: commercial source,99.999 %,stated by supplier",99.999,Not Specified %,1968
6.87,0.02035,6.11e-05,None kPa,N/A,17710,['C'],A,Heat Capacity Cryostat,"origin: commercial source,99.999 %,stated by supplier",99.999,Not Specified %,1968
6.982,0.0212604,6.38e-05,None kPa,N/A,17710,['C'],A,Heat Capacity Cryostat,"origin: commercial source,99.999 %,stated by supplier",99.999,Not Specified %,1968
7.236,0.0233144,6.99e-05,None kPa,N/A,17710,['C'],A,Heat Capacity Cryostat,"origin: commercial source,99.999 %,stated by supplier",99.999,Not Specified %,1968
7.264,0.0235633,7.07e-05,None kPa,N/A,17710,['C'],A,Heat Capacity Cryostat,"origin: commercial source,99.999 %,stated by supplier",99.999,Not Specified %,1968
7.519,0.0257388,7.72e-05,None kPa,N/A,17710,['C'],A,Heat Capacity Cryostat,"origin: commercial source,99.999 %,stated by supplier",99.999,Not Specified %,1968
7.674,0.0272368,8.17e-05,None kPa,N/A,17710,['C'],A,Heat Capacity Cryostat,"origin: commercial source,99.999 %,stated by supplier",99.999,Not Specified %,1968
7.869,0.0291019,8.73e-05,None kPa,N/A,17710,['C'],A,Heat Capacity Cryostat,"origin: commercial source,99.999 %,stated by supplier",99.999,Not Specified %,1968
8.118,0.0314776,9.44e-05,None kPa,N/A,17710,['C'],A,Heat Capacity Cryostat,"origin: commercial source,99.999 %,stated by supplier",99.999,Not Specified %,1968
8.398,0.0345161,0.000104,None kPa,N/A,17710,['C'],A,Heat Capacity Cryostat,"origin: commercial source,99.999 %,stated by supplier",99.999,Not Specified %,1968
8.657,0.0375349,0.000113,None kPa,N/A,17710,['C'],A,Heat Capacity Cryostat,"origin: commercial source,99.999 %,stated by supplier",99.999,Not Specified %,1968
9.16,0.0438231,0.000131,None kPa,N/A,17710,['C'],A,Heat Capacity Cryostat,"origin: commercial source,99.999 %,stated by supplier",99.999,Not Specified %,1968
9.47,0.0479966,0.000144,None kPa,N/A,17710,['C'],A,Heat Capacity Cryostat,"origin: commercial source,99.999 %,stated by supplier",99.999,Not Specified %,1968
9.787,0.052495,0.000157,None kPa,N/A,17710,['C'],A,Heat Capacity Cryostat,"origin: commercial source,99.999 %,stated by supplier",99.999,Not Specified %,1968
9.987,0.0557313,0.000167,None kPa,N/A,17710,['C'],A,Heat Capacity Cryostat,"origin: commercial source,99.999 %,stated by supplier",99.999,Not Specified %,1968
10.37,0.0619697,0.000186,None kPa,N/A,17710,['C'],A,Heat Capacity Cryostat,"origin: commercial source,99.999 %,stated by supplier",99.999,Not Specified %,1968
10.909,0.0715167,0.000215,None kPa,N/A,17710,['C'],A,Heat Capacity Cryostat,"origin: commercial source,99.999 %,stated by supplier",99.999,Not Specified %,1968
11.256,0.0782121,0.000235,None kPa,N/A,17710,['C'],A,Heat Capacity Cryostat,"origin: commercial source,99.999 %,stated by supplier",99.999,Not Specified %,1968
11.584,0.0849148,0.000255,None kPa,N/A,17710,['C'],A,Heat Capacity Cryostat,"origin: commercial source,99.999 %,stated by supplier",99.999,Not Specified %,1968
12.017,0.0944498,0.000283,None kPa,N/A,17710,['C'],A,Heat Capacity Cryostat,"origin: commercial source,99.999 %,stated by supplier",99.999,Not Specified %,1968
12.373,0.102944,0.000309,None kPa,N/A,17710,['C'],A,Heat Capacity Cryostat,"origin: commercial source,99.999 %,stated by supplier",99.999,Not Specified %,1968
12.681,0.110611,0.000332,None kPa,N/A,17710,['C'],A,Heat Capacity Cryostat,"origin: commercial source,99.999 %,stated by supplier",99.999,Not Specified %,1968
13.211,0.124926,0.000375,None kPa,N/A,17710,['C'],A,Heat Capacity Cryostat,"origin: commercial source,99.999 %,stated by supplier",99.999,Not Specified %,1968
13.372,0.129837,0.00039,None kPa,N/A,17710,['C'],A,Heat Capacity Cryostat,"origin: commercial source,99.999 %,stated by supplier",99.999,Not Specified %,1968
13.816,0.143085,0.000429,None kPa,N/A,17710,['C'],A,Heat Capacity Cryostat,"origin: commercial source,99.999 %,stated by supplier",99.999,Not Specified %,1968
14.134,0.153216,0.00046,None kPa,N/A,17710,['C'],A,Heat Capacity Cryostat,"origin: commercial source,99.999 %,stated by supplier",99.999,Not Specified %,1968
14.635,0.170345,0.000511,None kPa,N/A,17710,['C'],A,Heat Capacity Cryostat,"origin: commercial source,99.999 %,stated by supplier",99.999,Not Specified %,1968
15.185,0.191357,0.000574,None kPa,N/A,17710,['C'],A,Heat Capacity Cryostat,"origin: commercial source,99.999 %,stated by supplier",99.999,Not Specified %,1968
15.712,0.212307,0.000637,None kPa,N/A,17710,['C'],A,Heat Capacity Cryostat,"origin: commercial source,99.999 %,stated by supplier",99.999,Not Specified %,1968
16.402,0.243283,0.00073,None kPa,N/A,17710,['C'],A,Heat Capacity Cryostat,"origin: commercial source,99.999 %,stated by supplier",99.999,Not Specified %,1968
17.023,0.274145,0.000822,None kPa,N/A,17710,['C'],A,Heat Capacity Cryostat,"origin: commercial source,99.999 %,stated by supplier",99.999,Not Specified %,1968
17.702,0.309519,0.000929,None kPa,N/A,17710,['C'],A,Heat Capacity Cryostat,"origin: commercial source,99.999 %,stated by supplier",99.999,Not Specified %,1968
18.253,0.342417,0.00103,None kPa,N/A,17710,['C'],A,Heat Capacity Cryostat,"origin: commercial source,99.999 %,stated by supplier",99.999,Not Specified %,1968
18.97,0.388916,0.00117,None kPa,N/A,17710,['C'],A,Heat Capacity Cryostat,"origin: commercial source,99.999 %,stated by supplier",99.999,Not Specified %,1968
19.785,0.44674,0.00134,None kPa,N/A,17710,['C'],A,Heat Capacity Cryostat,"origin: commercial source,99.999 %,stated by supplier",99.999,Not Specified %,1968
20.792,0.524312,0.00262,None kPa,N/A,17710,['C'],A,Heat Capacity Cryostat,"origin: commercial source,99.999 %,stated by supplier",99.999,Not Specified %,1968
21.559,0.591591,0.00296,None kPa,N/A,17710,['C'],A,Heat Capacity Cryostat,"origin: commercial source,99.999 %,stated by supplier",99.999,Not Specified %,1968
21.972,0.630195,0.00315,None kPa,N/A,17710,['C'],A,Heat Capacity Cryostat,"origin: commercial source,99.999 %,stated by supplier",99.999,Not Specified %,1968
22.745,0.705008,0.00353,None kPa,N/A,17710,['C'],A,Heat Capacity Cryostat,"origin: commercial source,99.999 %,stated by supplier",99.999,Not Specified %,1968
22.845,0.71477,0.00357,None kPa,N/A,17710,['C'],A,Heat Capacity Cryostat,"origin: commercial source,99.999 %,stated by supplier",99.999,Not Specified %,1968
23.475,0.782031,0.00391,None kPa,N/A,17710,['C'],A,Heat Capacity Cryostat,"origin: commercial source,99.999 %,stated by supplier",99.999,Not Specified %,1968
23.492,0.784877,0.00392,None kPa,N/A,17710,['C'],A,Heat Capacity Cryostat,"origin: commercial source,99.999 %,stated by supplier",99.999,Not Specified %,1968
24.737,0.927601,0.00464,None kPa,N/A,17710,['C'],A,Heat Capacity Cryostat,"origin: commercial source,99.999 %,stated by supplier",99.999,Not Specified %,1968
24.832,0.940706,0.0047,None kPa,N/A,17710,['C'],A,Heat Capacity Cryostat,"origin: commercial source,99.999 %,stated by supplier",99.999,Not Specified %,1968
25.627,1.03814,0.00519,None kPa,N/A,17710,['C'],A,Heat Capacity Cryostat,"origin: commercial source,99.999 %,stated by supplier",99.999,Not Specified %,1968
25.977,1.08695,0.00543,None kPa,N/A,17710,['C'],A,Heat Capacity Cryostat,"origin: commercial source,99.999 %,stated by supplier",99.999,Not Specified %,1968
26.574,1.1647,0.00582,None kPa,N/A,17710,['C'],A,Heat Capacity Cryostat,"origin: commercial source,99.999 %,stated by supplier",99.999,Not Specified %,1968
26.873,1.20473,0.00602,None kPa,N/A,17710,['C'],A,Heat Capacity Cryostat,"origin: commercial source,99.999 %,stated by supplier",99.999,Not Specified %,1968
27.75,1.33952,0.0067,None kPa,N/A,17710,['C'],A,Heat Capacity Cryostat,"origin: commercial source,99.999 %,stated by supplier",99.999,Not Specified %,1968
27.874,1.35446,0.00677,None kPa,N/A,17710,['C'],A,Heat Capacity Cryostat,"origin: commercial source,99.999 %,stated by supplier",99.999,Not Specified %,1968
28.614,1.47629,0.00738,None kPa,N/A,17710,['C'],A,Heat Capacity Cryostat,"origin: commercial source,99.999 %,stated by supplier",99.999,Not Specified %,1968
29.005,1.54192,0.00771,None kPa,N/A,17710,['C'],A,Heat Capacity Cryostat,"origin: commercial source,99.999 %,stated by supplier",99.999,Not Specified %,1968
29.393,1.61172,0.00806,None kPa,N/A,17710,['C'],A,Heat Capacity Cryostat,"origin: commercial source,99.999 %,stated by supplier",99.999,Not Specified %,1968
29.754,1.66913,0.00835,None kPa,N/A,17710,['C'],A,Heat Capacity Cryostat,"origin: commercial source,99.999 %,stated by supplier",99.999,Not Specified %,1968
30.144,1.74217,0.00871,None kPa,N/A,17710,['C'],A,Heat Capacity Cryostat,"origin: commercial source,99.999 %,stated by supplier",99.999,Not Specified %,1968
30.453,1.80475,0.00902,None kPa,N/A,17710,['C'],A,Heat Capacity Cryostat,"origin: commercial source,99.999 %,stated by supplier",99.999,Not Specified %,1968
1.304,0.00103934,3.12e-06,1.33322e-05 kPa,N/A,17711,['C'],A,Heat Capacity Cryostat,origin: commercial source,,,1968
1.315,0.00108114,3.24e-06,None kPa,N/A,17711,['C'],A,Heat Capacity Cryostat,origin: commercial source,,,1968
1.337,0.00113179,3.4e-06,None kPa,N/A,17711,['C'],A,Heat Capacity Cryostat,origin: commercial source,,,1968
1.354,0.0011864,3.56e-06,None kPa,N/A,17711,['C'],A,Heat Capacity Cryostat,origin: commercial source,,,1968
1.377,0.00180451,5.41e-06,None kPa,N/A,17711,['C'],A,Heat Capacity Cryostat,origin: commercial source,,,1968
1.401,0.00191246,5.74e-06,None kPa,N/A,17711,['C'],A,Heat Capacity Cryostat,origin: commercial source,,,1968
1.429,0.00207712,6.23e-06,None kPa,N/A,17711,['C'],A,Heat Capacity Cryostat,origin: commercial source,,,1968
1.458,0.00225053,6.75e-06,None kPa,N/A,17711,['C'],A,Heat Capacity Cryostat,origin: commercial source,,,1968
1.482,0.00239838,7.2e-06,None kPa,N/A,17711,['C'],A,Heat Capacity Cryostat,origin: commercial source,,,1968
1.532,0.0025682,7.7e-06,None kPa,N/A,17711,['C'],A,Heat Capacity Cryostat,origin: commercial source,,,1968
1.604,0.00276434,8.29e-06,None kPa,N/A,17711,['C'],A,Heat Capacity Cryostat,origin: commercial source,,,1968
1.642,0.00292481,8.77e-06,None kPa,N/A,17711,['C'],A,Heat Capacity Cryostat,origin: commercial source,,,1968
1.682,0.00313951,9.42e-06,None kPa,N/A,17711,['C'],A,Heat Capacity Cryostat,origin: commercial source,,,1968
1.797,0.00347369,1.042e-05,None kPa,N/A,17711,['C'],A,Heat Capacity Cryostat,origin: commercial source,,,1968
1.851,0.00379034,1.137e-05,None kPa,N/A,17711,['C'],A,Heat Capacity Cryostat,origin: commercial source,,,1968
1.897,0.00422499,1.267e-05,None kPa,N/A,17711,['C'],A,Heat Capacity Cryostat,origin: commercial source,,,1968
1.956,0.00468292,1.405e-05,None kPa,N/A,17711,['C'],A,Heat Capacity Cryostat,origin: commercial source,,,1968
1.971,0.00512296,1.537e-05,None kPa,N/A,17711,['C'],A,Heat Capacity Cryostat,origin: commercial source,,,1968
2.036,0.00552449,1.657e-05,None kPa,N/A,17711,['C'],A,Heat Capacity Cryostat,origin: commercial source,,,1968
2.057,0.00586937,1.761e-05,None kPa,N/A,17711,['C'],A,Heat Capacity Cryostat,origin: commercial source,,,1968
2.095,0.00607874,1.824e-05,None kPa,N/A,17711,['C'],A,Heat Capacity Cryostat,origin: commercial source,,,1968
2.169,0.00638067,1.914e-05,None kPa,N/A,17711,['C'],A,Heat Capacity Cryostat,origin: commercial source,,,1968
2.228,0.00647363,1.942e-05,None kPa,N/A,17711,['C'],A,Heat Capacity Cryostat,origin: commercial source,,,1968
2.306,0.0064891,1.947e-05,None kPa,N/A,17711,['C'],A,Heat Capacity Cryostat,origin: commercial source,,,1968
2.333,0.00691011,2.073e-05,None kPa,N/A,17711,['C'],A,Heat Capacity Cryostat,origin: commercial source,,,1968
2.407,0.00699923,2.1e-05,None kPa,N/A,17711,['C'],A,Heat Capacity Cryostat,origin: commercial source,,,1968
2.498,0.00740896,2.223e-05,None kPa,N/A,17711,['C'],A,Heat Capacity Cryostat,origin: commercial source,,,1968
2.517,0.00787587,2.363e-05,None kPa,N/A,17711,['C'],A,Heat Capacity Cryostat,origin: commercial source,,,1968
2.593,0.00791258,2.374e-05,None kPa,N/A,17711,['C'],A,Heat Capacity Cryostat,origin: commercial source,,,1968
2.614,0.00810932,2.433e-05,None kPa,N/A,17711,['C'],A,Heat Capacity Cryostat,origin: commercial source,,,1968
2.716,0.00844669,2.534e-05,None kPa,N/A,17711,['C'],A,Heat Capacity Cryostat,origin: commercial source,,,1968
2.748,0.00873419,2.62e-05,None kPa,N/A,17711,['C'],A,Heat Capacity Cryostat,origin: commercial source,,,1968
2.815,0.00900385,2.701e-05,None kPa,N/A,17711,['C'],A,Heat Capacity Cryostat,origin: commercial source,,,1968
2.854,0.0093553,2.807e-05,None kPa,N/A,17711,['C'],A,Heat Capacity Cryostat,origin: commercial source,,,1968
2.894,0.00969353,2.908e-05,None kPa,N/A,17711,['C'],A,Heat Capacity Cryostat,origin: commercial source,,,1968
2.967,0.0105087,3.153e-05,None kPa,N/A,17711,['C'],A,Heat Capacity Cryostat,origin: commercial source,,,1968
3.03,0.0116046,3.481e-05,None kPa,N/A,17711,['C'],A,Heat Capacity Cryostat,origin: commercial source,,,1968
3.054,0.0126736,3.802e-05,None kPa,N/A,17711,['C'],A,Heat Capacity Cryostat,origin: commercial source,,,1968
3.083,0.0137288,4.119e-05,None kPa,N/A,17711,['C'],A,Heat Capacity Cryostat,origin: commercial source,,,1968
3.15,0.0146689,4.401e-05,None kPa,N/A,17711,['C'],A,Heat Capacity Cryostat,origin: commercial source,,,1968
3.194,0.016216,4.865e-05,None kPa,N/A,17711,['C'],A,Heat Capacity Cryostat,origin: commercial source,,,1968
3.281,0.0168473,5.054e-05,None kPa,N/A,17711,['C'],A,Heat Capacity Cryostat,origin: commercial source,,,1968
3.365,0.0179351,5.381e-05,None kPa,N/A,17711,['C'],A,Heat Capacity Cryostat,origin: commercial source,,,1968
3.427,0.019086,5.726e-05,None kPa,N/A,17711,['C'],A,Heat Capacity Cryostat,origin: commercial source,,,1968
3.476,0.0208093,6.243e-05,None kPa,N/A,17711,['C'],A,Heat Capacity Cryostat,origin: commercial source,,,1968
3.498,0.0222887,6.687e-05,None kPa,N/A,17711,['C'],A,Heat Capacity Cryostat,origin: commercial source,,,1968
3.597,0.026754,8.026e-05,None kPa,N/A,17711,['C'],A,Heat Capacity Cryostat,origin: commercial source,,,1968
3.66,0.02857,8.571e-05,None kPa,N/A,17711,['C'],A,Heat Capacity Cryostat,origin: commercial source,,,1968
3.771,0.0300963,9.029e-05,None kPa,N/A,17711,['C'],A,Heat Capacity Cryostat,origin: commercial source,,,1968
3.839,0.0307042,9.211e-05,None kPa,N/A,17711,['C'],A,Heat Capacity Cryostat,origin: commercial source,,,1968
3.877,0.0331683,9.951e-05,None kPa,N/A,17711,['C'],A,Heat Capacity Cryostat,origin: commercial source,,,1968
3.951,0.033474,0.00010042,None kPa,N/A,17711,['C'],A,Heat Capacity Cryostat,origin: commercial source,,,1968
4.056,0.0362726,0.00010882,None kPa,N/A,17711,['C'],A,Heat Capacity Cryostat,origin: commercial source,,,1968
4.134,0.037139,0.00011142,None kPa,N/A,17711,['C'],A,Heat Capacity Cryostat,origin: commercial source,,,1968
4.149,0.0403053,0.00012092,None kPa,N/A,17711,['C'],A,Heat Capacity Cryostat,origin: commercial source,,,1968
4.385,0.0428993,0.0001287,None kPa,N/A,17711,['C'],A,Heat Capacity Cryostat,origin: commercial source,,,1968
4.435,0.0432106,0.00012963,None kPa,N/A,17711,['C'],A,Heat Capacity Cryostat,origin: commercial source,,,1968
4.559,0.0469105,0.00014073,None kPa,N/A,17711,['C'],A,Heat Capacity Cryostat,origin: commercial source,,,1968
4.633,0.0507069,0.00015212,None kPa,N/A,17711,['C'],A,Heat Capacity Cryostat,origin: commercial source,,,1968
4.701,0.0534115,0.00016023,None kPa,N/A,17711,['C'],A,Heat Capacity Cryostat,origin: commercial source,,,1968
4.85,0.0551077,0.00016532,None kPa,N/A,17711,['C'],A,Heat Capacity Cryostat,origin: commercial source,,,1968
5.022,0.0593907,0.00017817,None kPa,N/A,17711,['C'],A,Heat Capacity Cryostat,origin: commercial source,,,1968
5.244,0.0629177,0.00018875,None kPa,N/A,17711,['C'],A,Heat Capacity Cryostat,origin: commercial source,,,1968
5.246,0.0668402,0.00020052,None kPa,N/A,17711,['C'],A,Heat Capacity Cryostat,origin: commercial source,,,1968
5.34,0.0696053,0.00020882,None kPa,N/A,17711,['C'],A,Heat Capacity Cryostat,origin: commercial source,,,1968
5.726,0.0943615,0.00028308,None kPa,N/A,17711,['C'],A,Heat Capacity Cryostat,origin: commercial source,,,1968
5.897,0.110662,0.00033199,None kPa,N/A,17711,['C'],A,Heat Capacity Cryostat,origin: commercial source,,,1968
6.006,0.127393,0.00038218,None kPa,N/A,17711,['C'],A,Heat Capacity Cryostat,origin: commercial source,,,1968
6.19,0.149983,0.00044995,None kPa,N/A,17711,['C'],A,Heat Capacity Cryostat,origin: commercial source,,,1968
6.285,0.175937,0.00052781,None kPa,N/A,17711,['C'],A,Heat Capacity Cryostat,origin: commercial source,,,1968
6.445,0.187064,0.00056119,None kPa,N/A,17711,['C'],A,Heat Capacity Cryostat,origin: commercial source,,,1968
6.654,0.190443,0.00057133,None kPa,N/A,17711,['C'],A,Heat Capacity Cryostat,origin: commercial source,,,1968
6.87,0.216599,0.0006498,None kPa,N/A,17711,['C'],A,Heat Capacity Cryostat,origin: commercial source,,,1968
6.982,0.218851,0.00065655,None kPa,N/A,17711,['C'],A,Heat Capacity Cryostat,origin: commercial source,,,1968
7.236,0.247142,0.00074142,None kPa,N/A,17711,['C'],A,Heat Capacity Cryostat,origin: commercial source,,,1968
7.264,0.253627,0.00076088,None kPa,N/A,17711,['C'],A,Heat Capacity Cryostat,origin: commercial source,,,1968
7.519,0.275014,0.00082504,None kPa,N/A,17711,['C'],A,Heat Capacity Cryostat,origin: commercial source,,,1968
7.674,0.278659,0.00083598,None kPa,N/A,17711,['C'],A,Heat Capacity Cryostat,origin: commercial source,,,1968
7.869,0.311414,0.00093424,None kPa,N/A,17711,['C'],A,Heat Capacity Cryostat,origin: commercial source,,,1968
8.118,0.318149,0.00095445,None kPa,N/A,17711,['C'],A,Heat Capacity Cryostat,origin: commercial source,,,1968
8.398,0.357347,0.00107204,None kPa,N/A,17711,['C'],A,Heat Capacity Cryostat,origin: commercial source,,,1968
8.657,0.359252,0.00107776,None kPa,N/A,17711,['C'],A,Heat Capacity Cryostat,origin: commercial source,,,1968
9.16,0.390711,0.00117213,None kPa,N/A,17711,['C'],A,Heat Capacity Cryostat,origin: commercial source,,,1968
9.47,0.411094,0.00123328,None kPa,N/A,17711,['C'],A,Heat Capacity Cryostat,origin: commercial source,,,1968
9.787,0.446643,0.00133993,None kPa,N/A,17711,['C'],A,Heat Capacity Cryostat,origin: commercial source,,,1968
9.987,0.458854,0.00137656,None kPa,N/A,17711,['C'],A,Heat Capacity Cryostat,origin: commercial source,,,1968
10.37,0.529786,0.00264893,None kPa,N/A,17711,['C'],A,Heat Capacity Cryostat,origin: commercial source,,,1968
10.909,0.533308,0.00266654,None kPa,N/A,17711,['C'],A,Heat Capacity Cryostat,origin: commercial source,,,1968
11.256,0.621935,0.00310968,None kPa,N/A,17711,['C'],A,Heat Capacity Cryostat,origin: commercial source,,,1968
11.584,0.661545,0.00330772,None kPa,N/A,17711,['C'],A,Heat Capacity Cryostat,origin: commercial source,,,1968
12.017,0.758778,0.00379389,None kPa,N/A,17711,['C'],A,Heat Capacity Cryostat,origin: commercial source,,,1968
12.373,0.822978,0.00411489,None kPa,N/A,17711,['C'],A,Heat Capacity Cryostat,origin: commercial source,,,1968
12.681,0.977154,0.00488577,None kPa,N/A,17711,['C'],A,Heat Capacity Cryostat,origin: commercial source,,,1968
13.211,1.01334,0.00506669,None kPa,N/A,17711,['C'],A,Heat Capacity Cryostat,origin: commercial source,,,1968
13.372,1.08148,0.00540742,None kPa,N/A,17711,['C'],A,Heat Capacity Cryostat,origin: commercial source,,,1968
13.816,1.1192,0.00559602,None kPa,N/A,17711,['C'],A,Heat Capacity Cryostat,origin: commercial source,,,1968
14.134,1.23758,0.00618789,None kPa,N/A,17711,['C'],A,Heat Capacity Cryostat,origin: commercial source,,,1968
14.635,1.30377,0.00651883,None kPa,N/A,17711,['C'],A,Heat Capacity Cryostat,origin: commercial source,,,1968
15.185,1.42804,0.00714021,None kPa,N/A,17711,['C'],A,Heat Capacity Cryostat,origin: commercial source,,,1968
15.712,1.46307,0.00731536,None kPa,N/A,17711,['C'],A,Heat Capacity Cryostat,origin: commercial source,,,1968
16.402,1.63933,0.00819664,None kPa,N/A,17711,['C'],A,Heat Capacity Cryostat,origin: commercial source,,,1968
17.023,1.84359,0.00921796,None kPa,N/A,17711,['C'],A,Heat Capacity Cryostat,origin: commercial source,,,1968
300.0,24.3,0.486,107.991 kPa,N/A,17747,['C'],A,Adiabatic High Temp Calorimetry,not stated,,,1968
320.4,24.5,0.49,None kPa,N/A,17747,['C'],A,Adiabatic High Temp Calorimetry,not stated,,,1968
341.7,24.72,0.4944,None kPa,N/A,17747,['C'],A,Adiabatic High Temp Calorimetry,not stated,,,1968
361.3,24.92,0.4984,None kPa,N/A,17747,['C'],A,Adiabatic High Temp Calorimetry,not stated,,,1968
384.4,25.12,0.5024,None kPa,N/A,17747,['C'],A,Adiabatic High Temp Calorimetry,not stated,,,1968
409.1,25.32,0.5064,None kPa,N/A,17747,['C'],A,Adiabatic High Temp Calorimetry,not stated,,,1968
433.0,25.53,0.5106,None kPa,N/A,17747,['C'],A,Adiabatic High Temp Calorimetry,not stated,,,1968
460.4,25.73,0.5146,None kPa,N/A,17747,['C'],A,Adiabatic High Temp Calorimetry,not stated,,,1968
491.2,25.92,0.5184,None kPa,N/A,17747,['C'],A,Adiabatic High Temp Calorimetry,not stated,,,1968
525.3,26.14,0.5228,None kPa,N/A,17747,['C'],A,Adiabatic High Temp Calorimetry,not stated,,,1968
563.8,26.38,0.5276,None kPa,N/A,17747,['C'],A,Adiabatic High Temp Calorimetry,not stated,,,1968
602.3,26.58,0.5316,None kPa,N/A,17747,['C'],A,Adiabatic High Temp Calorimetry,not stated,,,1968
645.9,26.81,0.5362,None kPa,N/A,17747,['C'],A,Adiabatic High Temp Calorimetry,not stated,,,1968
689.4,27.07,0.5414,None kPa,N/A,17747,['C'],A,Adiabatic High Temp Calorimetry,not stated,,,1968
730.5,27.33,0.5466,None kPa,N/A,17747,['C'],A,Adiabatic High Temp Calorimetry,not stated,,,1968
766.4,27.57,0.5514,None kPa,N/A,17747,['C'],A,Adiabatic High Temp Calorimetry,not stated,,,1968
803.9,27.85,0.557,None kPa,N/A,17747,['C'],A,Adiabatic High Temp Calorimetry,not stated,,,1968
847.5,28.18,0.5636,None kPa,N/A,17747,['C'],A,Adiabatic High Temp Calorimetry,not stated,,,1968
896.2,28.55,0.571,None kPa,N/A,17747,['C'],A,Adiabatic High Temp Calorimetry,not stated,,,1968
954.3,28.98,0.5796,None kPa,N/A,17747,['C'],A,Adiabatic High Temp Calorimetry,not stated,,,1968
1005.0,29.34,0.5868,None kPa,N/A,17747,['C'],A,Adiabatic High Temp Calorimetry,not stated,,,1968
1065.0,29.75,0.595,None kPa,N/A,17747,['C'],A,Adiabatic High Temp Calorimetry,not stated,,,1968
1122.0,30.12,0.6024,None kPa,N/A,17747,['C'],A,Adiabatic High Temp Calorimetry,not stated,,,1968
1170.0,30.47,0.6094,None kPa,N/A,17747,['C'],A,Adiabatic High Temp Calorimetry,not stated,,,1968
1214.0,30.76,0.6152,None kPa,N/A,17747,['C'],A,Adiabatic High Temp Calorimetry,not stated,,,1968
1264.0,31.11,0.6222,None kPa,N/A,17747,['C'],A,Adiabatic High Temp Calorimetry,not stated,,,1968
1309.0,31.41,0.6282,None kPa,N/A,17747,['C'],A,Adiabatic High Temp Calorimetry,not stated,,,1968
1356.0,31.71,0.6342,None kPa,N/A,17747,['C'],A,Adiabatic High Temp Calorimetry,not stated,,,1968
0.4076,0.00028657,1.49e-06,None kPa,N/A,18127,['C'],A,Low temperature calorimetry set up,"not stated,99.999 weight % (total),spectroscopy",99.999,Weight %,1968
0.4135,0.00028804,1.5e-06,None kPa,N/A,18127,['C'],A,Low temperature calorimetry set up,"not stated,99.999 weight % (total),spectroscopy",99.999,Weight %,1968
0.4178,0.0002933,1.52e-06,None kPa,N/A,18127,['C'],A,Low temperature calorimetry set up,"not stated,99.999 weight % (total),spectroscopy",99.999,Weight %,1968
0.4181,0.00029394,1.53e-06,None kPa,N/A,18127,['C'],A,Low temperature calorimetry set up,"not stated,99.999 weight % (total),spectroscopy",99.999,Weight %,1968
0.4224,0.00029674,1.54e-06,None kPa,N/A,18127,['C'],A,Low temperature calorimetry set up,"not stated,99.999 weight % (total),spectroscopy",99.999,Weight %,1968
0.4337,0.00030531,1.59e-06,None kPa,N/A,18127,['C'],A,Low temperature calorimetry set up,"not stated,99.999 weight % (total),spectroscopy",99.999,Weight %,1968
0.4365,0.00030662,1.59e-06,None kPa,N/A,18127,['C'],A,Low temperature calorimetry set up,"not stated,99.999 weight % (total),spectroscopy",99.999,Weight %,1968
0.4418,0.00030813,1.6e-06,None kPa,N/A,18127,['C'],A,Low temperature calorimetry set up,"not stated,99.999 weight % (total),spectroscopy",99.999,Weight %,1968
0.451,0.00031905,1.65e-06,None kPa,N/A,18127,['C'],A,Low temperature calorimetry set up,"not stated,99.999 weight % (total),spectroscopy",99.999,Weight %,1968
0.4647,0.00032595,1.69e-06,None kPa,N/A,18127,['C'],A,Low temperature calorimetry set up,"not stated,99.999 weight % (total),spectroscopy",99.999,Weight %,1968
0.47,0.00032939,1.71e-06,None kPa,N/A,18127,['C'],A,Low temperature calorimetry set up,"not stated,99.999 weight % (total),spectroscopy",99.999,Weight %,1968
0.473,0.00033312,1.73e-06,None kPa,N/A,18127,['C'],A,Low temperature calorimetry set up,"not stated,99.999 weight % (total),spectroscopy",99.999,Weight %,1968
0.4757,0.0003341,1.74e-06,None kPa,N/A,18127,['C'],A,Low temperature calorimetry set up,"not stated,99.999 weight % (total),spectroscopy",99.999,Weight %,1968
0.4814,0.00033851,1.76e-06,None kPa,N/A,18127,['C'],A,Low temperature calorimetry set up,"not stated,99.999 weight % (total),spectroscopy",99.999,Weight %,1968
0.4939,0.00035126,1.82e-06,None kPa,N/A,18127,['C'],A,Low temperature calorimetry set up,"not stated,99.999 weight % (total),spectroscopy",99.999,Weight %,1968
0.5135,0.00036203,1.88e-06,None kPa,N/A,18127,['C'],A,Low temperature calorimetry set up,"not stated,99.999 weight % (total),spectroscopy",99.999,Weight %,1968
0.5181,0.00036635,1.9e-06,None kPa,N/A,18127,['C'],A,Low temperature calorimetry set up,"not stated,99.999 weight % (total),spectroscopy",99.999,Weight %,1968
0.5184,0.00036528,1.9e-06,None kPa,N/A,18127,['C'],A,Low temperature calorimetry set up,"not stated,99.999 weight % (total),spectroscopy",99.999,Weight %,1968
0.523,0.00036761,1.91e-06,None kPa,N/A,18127,['C'],A,Low temperature calorimetry set up,"not stated,99.999 weight % (total),spectroscopy",99.999,Weight %,1968
0.5261,0.00037157,1.93e-06,None kPa,N/A,18127,['C'],A,Low temperature calorimetry set up,"not stated,99.999 weight % (total),spectroscopy",99.999,Weight %,1968
0.5477,0.00038512,2e-06,None kPa,N/A,18127,['C'],A,Low temperature calorimetry set up,"not stated,99.999 weight % (total),spectroscopy",99.999,Weight %,1968
0.5521,0.00038761,2.02e-06,None kPa,N/A,18127,['C'],A,Low temperature calorimetry set up,"not stated,99.999 weight % (total),spectroscopy",99.999,Weight %,1968
0.5696,0.00040259,2.09e-06,None kPa,N/A,18127,['C'],A,Low temperature calorimetry set up,"not stated,99.999 weight % (total),spectroscopy",99.999,Weight %,1968
0.5739,0.0004049,2.1e-06,None kPa,N/A,18127,['C'],A,Low temperature calorimetry set up,"not stated,99.999 weight % (total),spectroscopy",99.999,Weight %,1968
0.5851,0.00041271,2.15e-06,None kPa,N/A,18127,['C'],A,Low temperature calorimetry set up,"not stated,99.999 weight % (total),spectroscopy",99.999,Weight %,1968
0.6037,0.00042659,2.22e-06,None kPa,N/A,18127,['C'],A,Low temperature calorimetry set up,"not stated,99.999 weight % (total),spectroscopy",99.999,Weight %,1968
0.6087,0.00042908,2.23e-06,None kPa,N/A,18127,['C'],A,Low temperature calorimetry set up,"not stated,99.999 weight % (total),spectroscopy",99.999,Weight %,1968
0.6267,0.00044434,2.31e-06,None kPa,N/A,18127,['C'],A,Low temperature calorimetry set up,"not stated,99.999 weight % (total),spectroscopy",99.999,Weight %,1968
0.629,0.00044638,2.32e-06,None kPa,N/A,18127,['C'],A,Low temperature calorimetry set up,"not stated,99.999 weight % (total),spectroscopy",99.999,Weight %,1968
0.6546,0.00046497,2.42e-06,None kPa,N/A,18127,['C'],A,Low temperature calorimetry set up,"not stated,99.999 weight % (total),spectroscopy",99.999,Weight %,1968
0.6606,0.00046708,2.43e-06,None kPa,N/A,18127,['C'],A,Low temperature calorimetry set up,"not stated,99.999 weight % (total),spectroscopy",99.999,Weight %,1968
0.6765,0.00048161,2.5e-06,None kPa,N/A,18127,['C'],A,Low temperature calorimetry set up,"not stated,99.999 weight % (total),spectroscopy",99.999,Weight %,1968
0.6857,0.00049048,2.55e-06,None kPa,N/A,18127,['C'],A,Low temperature calorimetry set up,"not stated,99.999 weight % (total),spectroscopy",99.999,Weight %,1968
0.7024,0.00050088,2.6e-06,None kPa,N/A,18127,['C'],A,Low temperature calorimetry set up,"not stated,99.999 weight % (total),spectroscopy",99.999,Weight %,1968
0.7114,0.0005079,2.64e-06,None kPa,N/A,18127,['C'],A,Low temperature calorimetry set up,"not stated,99.999 weight % (total),spectroscopy",99.999,Weight %,1968
0.7281,0.00051983,2.7e-06,None kPa,N/A,18127,['C'],A,Low temperature calorimetry set up,"not stated,99.999 weight % (total),spectroscopy",99.999,Weight %,1968
0.7561,0.00054032,2.81e-06,None kPa,N/A,18127,['C'],A,Low temperature calorimetry set up,"not stated,99.999 weight % (total),spectroscopy",99.999,Weight %,1968
0.7696,0.00055316,2.87e-06,None kPa,N/A,18127,['C'],A,Low temperature calorimetry set up,"not stated,99.999 weight % (total),spectroscopy",99.999,Weight %,1968
0.7751,0.00055584,2.89e-06,None kPa,N/A,18127,['C'],A,Low temperature calorimetry set up,"not stated,99.999 weight % (total),spectroscopy",99.999,Weight %,1968
0.7892,0.00057223,2.97e-06,None kPa,N/A,18127,['C'],A,Low temperature calorimetry set up,"not stated,99.999 weight % (total),spectroscopy",99.999,Weight %,1968
0.8253,0.00059906,3.11e-06,None kPa,N/A,18127,['C'],A,Low temperature calorimetry set up,"not stated,99.999 weight % (total),spectroscopy",99.999,Weight %,1968
0.8419,0.00060797,3.16e-06,None kPa,N/A,18127,['C'],A,Low temperature calorimetry set up,"not stated,99.999 weight % (total),spectroscopy",99.999,Weight %,1968
0.8602,0.00062547,3.25e-06,None kPa,N/A,18127,['C'],A,Low temperature calorimetry set up,"not stated,99.999 weight % (total),spectroscopy",99.999,Weight %,1968
0.8816,0.00064146,3.34e-06,None kPa,N/A,18127,['C'],A,Low temperature calorimetry set up,"not stated,99.999 weight % (total),spectroscopy",99.999,Weight %,1968
0.9094,0.00066543,3.46e-06,None kPa,N/A,18127,['C'],A,Low temperature calorimetry set up,"not stated,99.999 weight % (total),spectroscopy",99.999,Weight %,1968
0.9395,0.00068846,3.59e-06,None kPa,N/A,18127,['C'],A,Low temperature calorimetry set up,"not stated,99.999 weight % (total),spectroscopy",99.999,Weight %,1968
0.9442,0.00069194,3.6e-06,None kPa,N/A,18127,['C'],A,Low temperature calorimetry set up,"not stated,99.999 weight % (total),spectroscopy",99.999,Weight %,1968
0.9495,0.00069553,3.62e-06,None kPa,N/A,18127,['C'],A,Low temperature calorimetry set up,"not stated,99.999 weight % (total),spectroscopy",99.999,Weight %,1968
0.9831,0.00072425,3.78e-06,None kPa,N/A,18127,['C'],A,Low temperature calorimetry set up,"not stated,99.999 weight % (total),spectroscopy",99.999,Weight %,1968
0.9853,0.00072558,3.78e-06,None kPa,N/A,18127,['C'],A,Low temperature calorimetry set up,"not stated,99.999 weight % (total),spectroscopy",99.999,Weight %,1968
0.9874,0.00073077,3.81e-06,None kPa,N/A,18127,['C'],A,Low temperature calorimetry set up,"not stated,99.999 weight % (total),spectroscopy",99.999,Weight %,1968
1.043,0.00077668,4.05e-06,None kPa,N/A,18127,['C'],A,Low temperature calorimetry set up,"not stated,99.999 weight % (total),spectroscopy",99.999,Weight %,1968
1.044,0.00076995,4.03e-06,None kPa,N/A,18127,['C'],A,Low temperature calorimetry set up,"not stated,99.999 weight % (total),spectroscopy",99.999,Weight %,1968
1.093,0.0008166,4.28e-06,None kPa,N/A,18127,['C'],A,Low temperature calorimetry set up,"not stated,99.999 weight % (total),spectroscopy",99.999,Weight %,1968
1.114,0.00083562,4.38e-06,None kPa,N/A,18127,['C'],A,Low temperature calorimetry set up,"not stated,99.999 weight % (total),spectroscopy",99.999,Weight %,1968
1.134,0.00085278,4.47e-06,None kPa,N/A,18127,['C'],A,Low temperature calorimetry set up,"not stated,99.999 weight % (total),spectroscopy",99.999,Weight %,1968
1.146,0.00086598,4.54e-06,None kPa,N/A,18127,['C'],A,Low temperature calorimetry set up,"not stated,99.999 weight % (total),spectroscopy",99.999,Weight %,1968
1.216,0.00092987,4.89e-06,None kPa,N/A,18127,['C'],A,Low temperature calorimetry set up,"not stated,99.999 weight % (total),spectroscopy",99.999,Weight %,1968
1.229,0.00094061,4.96e-06,None kPa,N/A,18127,['C'],A,Low temperature calorimetry set up,"not stated,99.999 weight % (total),spectroscopy",99.999,Weight %,1968
1.25,0.00095738,5.05e-06,None kPa,N/A,18127,['C'],A,Low temperature calorimetry set up,"not stated,99.999 weight % (total),spectroscopy",99.999,Weight %,1968
1.254,0.00096143,5.08e-06,None kPa,N/A,18127,['C'],A,Low temperature calorimetry set up,"not stated,99.999 weight % (total),spectroscopy",99.999,Weight %,1968
1.336,0.001034,5.5e-06,None kPa,N/A,18127,['C'],A,Low temperature calorimetry set up,"not stated,99.999 weight % (total),spectroscopy",99.999,Weight %,1968
1.338,0.001041,5.53e-06,None kPa,N/A,18127,['C'],A,Low temperature calorimetry set up,"not stated,99.999 weight % (total),spectroscopy",99.999,Weight %,1968
1.429,0.0011243,6.03e-06,None kPa,N/A,18127,['C'],A,Low temperature calorimetry set up,"not stated,99.999 weight % (total),spectroscopy",99.999,Weight %,1968
1.45,0.0011474,6.16e-06,None kPa,N/A,18127,['C'],A,Low temperature calorimetry set up,"not stated,99.999 weight % (total),spectroscopy",99.999,Weight %,1968
1.451,0.001149,6.17e-06,None kPa,N/A,18127,['C'],A,Low temperature calorimetry set up,"not stated,99.999 weight % (total),spectroscopy",99.999,Weight %,1968
1.486,0.0011813,6.37e-06,None kPa,N/A,18127,['C'],A,Low temperature calorimetry set up,"not stated,99.999 weight % (total),spectroscopy",99.999,Weight %,1968
1.606,0.0013157,7.17e-06,None kPa,N/A,18127,['C'],A,Low temperature calorimetry set up,"not stated,99.999 weight % (total),spectroscopy",99.999,Weight %,1968
1.674,0.0013782,7.59e-06,None kPa,N/A,18127,['C'],A,Low temperature calorimetry set up,"not stated,99.999 weight % (total),spectroscopy",99.999,Weight %,1968
1.701,0.0014037,7.76e-06,None kPa,N/A,18127,['C'],A,Low temperature calorimetry set up,"not stated,99.999 weight % (total),spectroscopy",99.999,Weight %,1968
1.738,0.001451,8.05e-06,None kPa,N/A,18127,['C'],A,Low temperature calorimetry set up,"not stated,99.999 weight % (total),spectroscopy",99.999,Weight %,1968
1.814,0.0015292,8.59e-06,None kPa,N/A,18127,['C'],A,Low temperature calorimetry set up,"not stated,99.999 weight % (total),spectroscopy",99.999,Weight %,1968
1.912,0.0016456,9.37e-06,None kPa,N/A,18127,['C'],A,Low temperature calorimetry set up,"not stated,99.999 weight % (total),spectroscopy",99.999,Weight %,1968
1.966,0.001713,9.83e-06,None kPa,N/A,18127,['C'],A,Low temperature calorimetry set up,"not stated,99.999 weight % (total),spectroscopy",99.999,Weight %,1968
2.011,0.0017633,1.02e-05,None kPa,N/A,18127,['C'],A,Low temperature calorimetry set up,"not stated,99.999 weight % (total),spectroscopy",99.999,Weight %,1968
2.068,0.0018382,1.07e-05,None kPa,N/A,18127,['C'],A,Low temperature calorimetry set up,"not stated,99.999 weight % (total),spectroscopy",99.999,Weight %,1968
2.134,0.0019233,1.13e-05,None kPa,N/A,18127,['C'],A,Low temperature calorimetry set up,"not stated,99.999 weight % (total),spectroscopy",99.999,Weight %,1968
2.188,0.0020021,1.19e-05,None kPa,N/A,18127,['C'],A,Low temperature calorimetry set up,"not stated,99.999 weight % (total),spectroscopy",99.999,Weight %,1968
2.214,0.0020435,1.22e-05,None kPa,N/A,18127,['C'],A,Low temperature calorimetry set up,"not stated,99.999 weight % (total),spectroscopy",99.999,Weight %,1968
2.303,0.0021776,1.31e-05,None kPa,N/A,18127,['C'],A,Low temperature calorimetry set up,"not stated,99.999 weight % (total),spectroscopy",99.999,Weight %,1968
2.451,0.0023954,1.48e-05,None kPa,N/A,18127,['C'],A,Low temperature calorimetry set up,"not stated,99.999 weight % (total),spectroscopy",99.999,Weight %,1968
2.475,0.0024107,1.5e-05,None kPa,N/A,18127,['C'],A,Low temperature calorimetry set up,"not stated,99.999 weight % (total),spectroscopy",99.999,Weight %,1968
2.598,0.0025908,1.65e-05,None kPa,N/A,18127,['C'],A,Low temperature calorimetry set up,"not stated,99.999 weight % (total),spectroscopy",99.999,Weight %,1968
2.608,0.0026469,1.68e-05,None kPa,N/A,18127,['C'],A,Low temperature calorimetry set up,"not stated,99.999 weight % (total),spectroscopy",99.999,Weight %,1968
2.654,0.0026978,1.73e-05,None kPa,N/A,18127,['C'],A,Low temperature calorimetry set up,"not stated,99.999 weight % (total),spectroscopy",99.999,Weight %,1968
2.687,0.0027591,1.78e-05,None kPa,N/A,18127,['C'],A,Low temperature calorimetry set up,"not stated,99.999 weight % (total),spectroscopy",99.999,Weight %,1968
2.952,0.0032882,2.19e-05,None kPa,N/A,18127,['C'],A,Low temperature calorimetry set up,"not stated,99.999 weight % (total),spectroscopy",99.999,Weight %,1968
2.982,0.0033182,2.23e-05,None kPa,N/A,18127,['C'],A,Low temperature calorimetry set up,"not stated,99.999 weight % (total),spectroscopy",99.999,Weight %,1968
3.018,0.003382,2.28e-05,None kPa,N/A,18127,['C'],A,Low temperature calorimetry set up,"not stated,99.999 weight % (total),spectroscopy",99.999,Weight %,1968
3.528,0.0045271,3.27e-05,None kPa,N/A,18127,['C'],A,Low temperature calorimetry set up,"not stated,99.999 weight % (total),spectroscopy",99.999,Weight %,1968
3.579,0.0046389,3.38e-05,None kPa,N/A,18127,['C'],A,Low temperature calorimetry set up,"not stated,99.999 weight % (total),spectroscopy",99.999,Weight %,1968
300.0,24.3,0.486,107.991 kPa,N/A,18286,['C'],A,Adiabatic calorimeter (non-vacuum) ,"not stated,99.999 weight % (total),",99.999,Weight %,1968
350.0,24.8,0.496,None kPa,N/A,18286,['C'],A,Adiabatic calorimeter (non-vacuum) ,"not stated,99.999 weight % (total),",99.999,Weight %,1968
400.0,25.3,0.506,None kPa,N/A,18286,['C'],A,Adiabatic calorimeter (non-vacuum) ,"not stated,99.999 weight % (total),",99.999,Weight %,1968
450.0,25.7,0.514,None kPa,N/A,18286,['C'],A,Adiabatic calorimeter (non-vacuum) ,"not stated,99.999 weight % (total),",99.999,Weight %,1968
500.0,26.1,0.522,None kPa,N/A,18286,['C'],A,Adiabatic calorimeter (non-vacuum) ,"not stated,99.999 weight % (total),",99.999,Weight %,1968
550.0,26.4,0.528,None kPa,N/A,18286,['C'],A,Adiabatic calorimeter (non-vacuum) ,"not stated,99.999 weight % (total),",99.999,Weight %,1968
600.0,26.6,0.532,None kPa,N/A,18286,['C'],A,Adiabatic calorimeter (non-vacuum) ,"not stated,99.999 weight % (total),",99.999,Weight %,1968
650.0,26.9,0.538,None kPa,N/A,18286,['C'],A,Adiabatic calorimeter (non-vacuum) ,"not stated,99.999 weight % (total),",99.999,Weight %,1968
700.0,27.2,0.544,None kPa,N/A,18286,['C'],A,Adiabatic calorimeter (non-vacuum) ,"not stated,99.999 weight % (total),",99.999,Weight %,1968
750.0,27.6,0.552,None kPa,N/A,18286,['C'],A,Adiabatic calorimeter (non-vacuum) ,"not stated,99.999 weight % (total),",99.999,Weight %,1968
800.0,27.9,0.558,None kPa,N/A,18286,['C'],A,Adiabatic calorimeter (non-vacuum) ,"not stated,99.999 weight % (total),",99.999,Weight %,1968
850.0,28.3,0.566,None kPa,N/A,18286,['C'],A,Adiabatic calorimeter (non-vacuum) ,"not stated,99.999 weight % (total),",99.999,Weight %,1968
900.0,28.6,0.572,None kPa,N/A,18286,['C'],A,Adiabatic calorimeter (non-vacuum) ,"not stated,99.999 weight % (total),",99.999,Weight %,1968
950.0,29.0,0.58,None kPa,N/A,18286,['C'],A,Adiabatic calorimeter (non-vacuum) ,"not stated,99.999 weight % (total),",99.999,Weight %,1968
1000.0,29.3,0.586,None kPa,N/A,18286,['C'],A,Adiabatic calorimeter (non-vacuum) ,"not stated,99.999 weight % (total),",99.999,Weight %,1968
1050.0,29.7,0.594,None kPa,N/A,18286,['C'],A,Adiabatic calorimeter (non-vacuum) ,"not stated,99.999 weight % (total),",99.999,Weight %,1968
1100.0,30.0,0.6,None kPa,N/A,18286,['C'],A,Adiabatic calorimeter (non-vacuum) ,"not stated,99.999 weight % (total),",99.999,Weight %,1968
1150.0,30.4,0.608,None kPa,N/A,18286,['C'],A,Adiabatic calorimeter (non-vacuum) ,"not stated,99.999 weight % (total),",99.999,Weight %,1968
1200.0,30.7,0.614,None kPa,N/A,18286,['C'],A,Adiabatic calorimeter (non-vacuum) ,"not stated,99.999 weight % (total),",99.999,Weight %,1968
1250.0,31.1,0.622,None kPa,N/A,18286,['C'],A,Adiabatic calorimeter (non-vacuum) ,"not stated,99.999 weight % (total),",99.999,Weight %,1968
1300.0,31.4,0.628,None kPa,N/A,18286,['C'],A,Adiabatic calorimeter (non-vacuum) ,"not stated,99.999 weight % (total),",99.999,Weight %,1968
1350.0,31.8,0.636,None kPa,N/A,18286,['C'],A,Adiabatic calorimeter (non-vacuum) ,"not stated,99.999 weight % (total),",99.999,Weight %,1968
1357.0,31.85,0.637,None kPa,N/A,18286,['C'],A,Adiabatic calorimeter (non-vacuum) ,"not stated,99.999 weight % (total),",99.999,Weight %,1968
2.4088,0.0022182,1.1091e-05,None kPa,N/A,19037,['C'],A,Vacuum adiabatic calorimetry,"origin: commercial source,99.999 % (total),stated by supplier,rod",99.999,Not Specified %,1970
2.457,0.0023318,1.1659e-05,None kPa,N/A,19037,['C'],A,Vacuum adiabatic calorimetry,"origin: commercial source,99.999 % (total),stated by supplier,rod",99.999,Not Specified %,1970
2.5895,0.0025278,1.2639e-05,None kPa,N/A,19037,['C'],A,Vacuum adiabatic calorimetry,"origin: commercial source,99.999 % (total),stated by supplier,rod",99.999,Not Specified %,1970
2.7216,0.0027191,1.35955e-05,None kPa,N/A,19037,['C'],A,Vacuum adiabatic calorimetry,"origin: commercial source,99.999 % (total),stated by supplier,rod",99.999,Not Specified %,1970
2.798,0.0028602,1.4301e-05,None kPa,N/A,19037,['C'],A,Vacuum adiabatic calorimetry,"origin: commercial source,99.999 % (total),stated by supplier,rod",99.999,Not Specified %,1970
2.8812,0.0030337,1.51685e-05,None kPa,N/A,19037,['C'],A,Vacuum adiabatic calorimetry,"origin: commercial source,99.999 % (total),stated by supplier,rod",99.999,Not Specified %,1970
3.0669,0.0033343,1.66715e-05,None kPa,N/A,19037,['C'],A,Vacuum adiabatic calorimetry,"origin: commercial source,99.999 % (total),stated by supplier,rod",99.999,Not Specified %,1970
3.106,0.0034711,1.73555e-05,None kPa,N/A,19037,['C'],A,Vacuum adiabatic calorimetry,"origin: commercial source,99.999 % (total),stated by supplier,rod",99.999,Not Specified %,1970
3.1911,0.003608,1.804e-05,None kPa,N/A,19037,['C'],A,Vacuum adiabatic calorimetry,"origin: commercial source,99.999 % (total),stated by supplier,rod",99.999,Not Specified %,1970
3.2846,0.0038214,1.9107e-05,None kPa,N/A,19037,['C'],A,Vacuum adiabatic calorimetry,"origin: commercial source,99.999 % (total),stated by supplier,rod",99.999,Not Specified %,1970
3.4182,0.0041283,2.06415e-05,None kPa,N/A,19037,['C'],A,Vacuum adiabatic calorimetry,"origin: commercial source,99.999 % (total),stated by supplier,rod",99.999,Not Specified %,1970
3.5147,0.0043298,2.1649e-05,None kPa,N/A,19037,['C'],A,Vacuum adiabatic calorimetry,"origin: commercial source,99.999 % (total),stated by supplier,rod",99.999,Not Specified %,1970
3.5414,0.0044531,2.22655e-05,None kPa,N/A,19037,['C'],A,Vacuum adiabatic calorimetry,"origin: commercial source,99.999 % (total),stated by supplier,rod",99.999,Not Specified %,1970
3.7108,0.0048079,2.40395e-05,None kPa,N/A,19037,['C'],A,Vacuum adiabatic calorimetry,"origin: commercial source,99.999 % (total),stated by supplier,rod",99.999,Not Specified %,1970
3.8414,0.0052234,2.6117e-05,None kPa,N/A,19037,['C'],A,Vacuum adiabatic calorimetry,"origin: commercial source,99.999 % (total),stated by supplier,rod",99.999,Not Specified %,1970
3.9255,0.005428,2.714e-05,None kPa,N/A,19037,['C'],A,Vacuum adiabatic calorimetry,"origin: commercial source,99.999 % (total),stated by supplier,rod",99.999,Not Specified %,1970
4.0929,0.0059669,2.98345e-05,None kPa,N/A,19037,['C'],A,Vacuum adiabatic calorimetry,"origin: commercial source,99.999 % (total),stated by supplier,rod",99.999,Not Specified %,1970
4.3065,0.0065572,3.2786e-05,None kPa,N/A,19037,['C'],A,Vacuum adiabatic calorimetry,"origin: commercial source,99.999 % (total),stated by supplier,rod",99.999,Not Specified %,1970
4.4716,0.0071709,3.58545e-05,None kPa,N/A,19037,['C'],A,Vacuum adiabatic calorimetry,"origin: commercial source,99.999 % (total),stated by supplier,rod",99.999,Not Specified %,1970
4.5832,0.0075535,3.77675e-05,None kPa,N/A,19037,['C'],A,Vacuum adiabatic calorimetry,"origin: commercial source,99.999 % (total),stated by supplier,rod",99.999,Not Specified %,1970
4.7391,0.0081739,4.08695e-05,None kPa,N/A,19037,['C'],A,Vacuum adiabatic calorimetry,"origin: commercial source,99.999 % (total),stated by supplier,rod",99.999,Not Specified %,1970
4.8929,0.0087579,4.37895e-05,None kPa,N/A,19037,['C'],A,Vacuum adiabatic calorimetry,"origin: commercial source,99.999 % (total),stated by supplier,rod",99.999,Not Specified %,1970
1.5438,0.0012076,6.038e-06,None kPa,N/A,19038,['C'],A,Vacuum adiabatic calorimetry,"origin: commercial source,99.999 % (total),stated by supplier,rod",99.999,Not Specified %,1970
1.7503,0.001417,7.085e-06,None kPa,N/A,19038,['C'],A,Vacuum adiabatic calorimetry,"origin: commercial source,99.999 % (total),stated by supplier,rod",99.999,Not Specified %,1970
1.9091,0.0015842,7.921e-06,None kPa,N/A,19038,['C'],A,Vacuum adiabatic calorimetry,"origin: commercial source,99.999 % (total),stated by supplier,rod",99.999,Not Specified %,1970
2.0722,0.0017641,8.8205e-06,None kPa,N/A,19038,['C'],A,Vacuum adiabatic calorimetry,"origin: commercial source,99.999 % (total),stated by supplier,rod",99.999,Not Specified %,1970
2.1971,0.0019642,9.821e-06,None kPa,N/A,19038,['C'],A,Vacuum adiabatic calorimetry,"origin: commercial source,99.999 % (total),stated by supplier,rod",99.999,Not Specified %,1970
2.2807,0.0020388,1.0194e-05,None kPa,N/A,19038,['C'],A,Vacuum adiabatic calorimetry,"origin: commercial source,99.999 % (total),stated by supplier,rod",99.999,Not Specified %,1970
2.3369,0.0022163,1.10815e-05,None kPa,N/A,19039,['C'],A,Vacuum adiabatic calorimetry,"origin: commercial source,99.999 % (total),stated by supplier,rod",99.999,Not Specified %,1970
2.4122,0.0023186,1.1593e-05,None kPa,N/A,19039,['C'],A,Vacuum adiabatic calorimetry,"origin: commercial source,99.999 % (total),stated by supplier,rod",99.999,Not Specified %,1970
2.4792,0.0024285,1.21425e-05,None kPa,N/A,19039,['C'],A,Vacuum adiabatic calorimetry,"origin: commercial source,99.999 % (total),stated by supplier,rod",99.999,Not Specified %,1970
2.5654,0.0025491,1.27455e-05,None kPa,N/A,19039,['C'],A,Vacuum adiabatic calorimetry,"origin: commercial source,99.999 % (total),stated by supplier,rod",99.999,Not Specified %,1970
2.6085,0.0026493,1.32465e-05,None kPa,N/A,19039,['C'],A,Vacuum adiabatic calorimetry,"origin: commercial source,99.999 % (total),stated by supplier,rod",99.999,Not Specified %,1970
2.6489,0.0026932,1.3466e-05,None kPa,N/A,19039,['C'],A,Vacuum adiabatic calorimetry,"origin: commercial source,99.999 % (total),stated by supplier,rod",99.999,Not Specified %,1970
2.6996,0.0027696,1.3848e-05,None kPa,N/A,19039,['C'],A,Vacuum adiabatic calorimetry,"origin: commercial source,99.999 % (total),stated by supplier,rod",99.999,Not Specified %,1970
2.7505,0.0028813,1.44065e-05,None kPa,N/A,19039,['C'],A,Vacuum adiabatic calorimetry,"origin: commercial source,99.999 % (total),stated by supplier,rod",99.999,Not Specified %,1970
2.8148,0.0029801,1.49005e-05,None kPa,N/A,19039,['C'],A,Vacuum adiabatic calorimetry,"origin: commercial source,99.999 % (total),stated by supplier,rod",99.999,Not Specified %,1970
2.8939,0.0031187,1.55935e-05,None kPa,N/A,19039,['C'],A,Vacuum adiabatic calorimetry,"origin: commercial source,99.999 % (total),stated by supplier,rod",99.999,Not Specified %,1970
2.9497,0.0032241,1.61205e-05,None kPa,N/A,19039,['C'],A,Vacuum adiabatic calorimetry,"origin: commercial source,99.999 % (total),stated by supplier,rod",99.999,Not Specified %,1970
2.9788,0.0032688,1.6344e-05,None kPa,N/A,19039,['C'],A,Vacuum adiabatic calorimetry,"origin: commercial source,99.999 % (total),stated by supplier,rod",99.999,Not Specified %,1970
3.0966,0.0035446,1.7723e-05,None kPa,N/A,19039,['C'],A,Vacuum adiabatic calorimetry,"origin: commercial source,99.999 % (total),stated by supplier,rod",99.999,Not Specified %,1970
3.212,0.0037853,1.89265e-05,None kPa,N/A,19039,['C'],A,Vacuum adiabatic calorimetry,"origin: commercial source,99.999 % (total),stated by supplier,rod",99.999,Not Specified %,1970
3.443,0.0042812,2.1406e-05,None kPa,N/A,19039,['C'],A,Vacuum adiabatic calorimetry,"origin: commercial source,99.999 % (total),stated by supplier,rod",99.999,Not Specified %,1970
3.6253,0.0047372,2.3686e-05,None kPa,N/A,19039,['C'],A,Vacuum adiabatic calorimetry,"origin: commercial source,99.999 % (total),stated by supplier,rod",99.999,Not Specified %,1970
3.8104,0.0052672,2.6336e-05,None kPa,N/A,19039,['C'],A,Vacuum adiabatic calorimetry,"origin: commercial source,99.999 % (total),stated by supplier,rod",99.999,Not Specified %,1970
4.0352,0.0059137,2.95685e-05,None kPa,N/A,19039,['C'],A,Vacuum adiabatic calorimetry,"origin: commercial source,99.999 % (total),stated by supplier,rod",99.999,Not Specified %,1970
4.0991,0.0061176,3.0588e-05,None kPa,N/A,19039,['C'],A,Vacuum adiabatic calorimetry,"origin: commercial source,99.999 % (total),stated by supplier,rod",99.999,Not Specified %,1970
4.1997,0.0064489,3.22445e-05,None kPa,N/A,19039,['C'],A,Vacuum adiabatic calorimetry,"origin: commercial source,99.999 % (total),stated by supplier,rod",99.999,Not Specified %,1970
4.2229,0.0065204,3.2602e-05,None kPa,N/A,19039,['C'],A,Vacuum adiabatic calorimetry,"origin: commercial source,99.999 % (total),stated by supplier,rod",99.999,Not Specified %,1970
4.3311,0.0068557,3.42785e-05,None kPa,N/A,19039,['C'],A,Vacuum adiabatic calorimetry,"origin: commercial source,99.999 % (total),stated by supplier,rod",99.999,Not Specified %,1970
4.4018,0.0070989,3.54945e-05,None kPa,N/A,19039,['C'],A,Vacuum adiabatic calorimetry,"origin: commercial source,99.999 % (total),stated by supplier,rod",99.999,Not Specified %,1970
4.4265,0.0071314,3.5657e-05,None kPa,N/A,19039,['C'],A,Vacuum adiabatic calorimetry,"origin: commercial source,99.999 % (total),stated by supplier,rod",99.999,Not Specified %,1970
4.4456,0.0072694,3.6347e-05,None kPa,N/A,19039,['C'],A,Vacuum adiabatic calorimetry,"origin: commercial source,99.999 % (total),stated by supplier,rod",99.999,Not Specified %,1970
4.555,0.0076409,3.82045e-05,None kPa,N/A,19039,['C'],A,Vacuum adiabatic calorimetry,"origin: commercial source,99.999 % (total),stated by supplier,rod",99.999,Not Specified %,1970
4.5922,0.0078548,3.9274e-05,None kPa,N/A,19039,['C'],A,Vacuum adiabatic calorimetry,"origin: commercial source,99.999 % (total),stated by supplier,rod",99.999,Not Specified %,1970
4.6383,0.0079597,3.97985e-05,None kPa,N/A,19039,['C'],A,Vacuum adiabatic calorimetry,"origin: commercial source,99.999 % (total),stated by supplier,rod",99.999,Not Specified %,1970
4.7139,0.0082682,4.1341e-05,None kPa,N/A,19039,['C'],A,Vacuum adiabatic calorimetry,"origin: commercial source,99.999 % (total),stated by supplier,rod",99.999,Not Specified %,1970
4.8276,0.00873,4.365e-05,None kPa,N/A,19039,['C'],A,Vacuum adiabatic calorimetry,"origin: commercial source,99.999 % (total),stated by supplier,rod",99.999,Not Specified %,1970
4.8487,0.008733,4.3665e-05,None kPa,N/A,19039,['C'],A,Vacuum adiabatic calorimetry,"origin: commercial source,99.999 % (total),stated by supplier,rod",99.999,Not Specified %,1970
4.8752,0.0088658,4.4329e-05,None kPa,N/A,19039,['C'],A,Vacuum adiabatic calorimetry,"origin: commercial source,99.999 % (total),stated by supplier,rod",99.999,Not Specified %,1970
4.9536,0.0092296,4.6148e-05,None kPa,N/A,19039,['C'],A,Vacuum adiabatic calorimetry,"origin: commercial source,99.999 % (total),stated by supplier,rod",99.999,Not Specified %,1970
1.4664,0.0011537,5.7685e-06,None kPa,N/A,19040,['C'],A,Vacuum adiabatic calorimetry,"origin: commercial source,99.999 % (total),stated by supplier,rod",99.999,Not Specified %,1970
1.544,0.0012328,6.164e-06,None kPa,N/A,19040,['C'],A,Vacuum adiabatic calorimetry,"origin: commercial source,99.999 % (total),stated by supplier,rod",99.999,Not Specified %,1970
1.6001,0.0012912,6.456e-06,None kPa,N/A,19040,['C'],A,Vacuum adiabatic calorimetry,"origin: commercial source,99.999 % (total),stated by supplier,rod",99.999,Not Specified %,1970
1.6499,0.0013568,6.784e-06,None kPa,N/A,19040,['C'],A,Vacuum adiabatic calorimetry,"origin: commercial source,99.999 % (total),stated by supplier,rod",99.999,Not Specified %,1970
1.7252,0.001413,7.065e-06,None kPa,N/A,19040,['C'],A,Vacuum adiabatic calorimetry,"origin: commercial source,99.999 % (total),stated by supplier,rod",99.999,Not Specified %,1970
1.7488,0.0014594,7.297e-06,None kPa,N/A,19040,['C'],A,Vacuum adiabatic calorimetry,"origin: commercial source,99.999 % (total),stated by supplier,rod",99.999,Not Specified %,1970
1.8791,0.0015928,7.964e-06,None kPa,N/A,19040,['C'],A,Vacuum adiabatic calorimetry,"origin: commercial source,99.999 % (total),stated by supplier,rod",99.999,Not Specified %,1970
1.9641,0.001706,8.53e-06,None kPa,N/A,19040,['C'],A,Vacuum adiabatic calorimetry,"origin: commercial source,99.999 % (total),stated by supplier,rod",99.999,Not Specified %,1970
2.0673,0.0018324,9.162e-06,None kPa,N/A,19040,['C'],A,Vacuum adiabatic calorimetry,"origin: commercial source,99.999 % (total),stated by supplier,rod",99.999,Not Specified %,1970
2.1716,0.0019773,9.8865e-06,None kPa,N/A,19040,['C'],A,Vacuum adiabatic calorimetry,"origin: commercial source,99.999 % (total),stated by supplier,rod",99.999,Not Specified %,1970
2.2968,0.0021401,1.07005e-05,None kPa,N/A,19040,['C'],A,Vacuum adiabatic calorimetry,"origin: commercial source,99.999 % (total),stated by supplier,rod",99.999,Not Specified %,1970
1.0,0.0007451,2.04e-06,None kPa,N/A,19160,['C'],A,Low temperature calorimetry set up,not stated,,,1970
1.05,0.0007874,2.15e-06,None kPa,N/A,19160,['C'],A,Low temperature calorimetry set up,not stated,,,1970
1.1,0.0008305,2.26e-06,None kPa,N/A,19160,['C'],A,Low temperature calorimetry set up,not stated,,,1970
1.15,0.0008743,2.38e-06,None kPa,N/A,19160,['C'],A,Low temperature calorimetry set up,not stated,,,1970
1.2,0.000919,2.5e-06,None kPa,N/A,19160,['C'],A,Low temperature calorimetry set up,not stated,,,1970
1.25,0.0009645,2.62e-06,None kPa,N/A,19160,['C'],A,Low temperature calorimetry set up,not stated,,,1970
1.3,0.0010109,2.74e-06,None kPa,N/A,19160,['C'],A,Low temperature calorimetry set up,not stated,,,1970
1.35,0.0010582,2.87e-06,None kPa,N/A,19160,['C'],A,Low temperature calorimetry set up,not stated,,,1970
1.4,0.0011064,3.01e-06,None kPa,N/A,19160,['C'],A,Low temperature calorimetry set up,not stated,,,1970
1.45,0.0011557,3.15e-06,None kPa,N/A,19160,['C'],A,Low temperature calorimetry set up,not stated,,,1970
1.5,0.001206,3.29e-06,None kPa,N/A,19160,['C'],A,Low temperature calorimetry set up,not stated,,,1970
1.55,0.0012573,3.44e-06,None kPa,N/A,19160,['C'],A,Low temperature calorimetry set up,not stated,,,1970
1.6,0.0013097,3.6e-06,None kPa,N/A,19160,['C'],A,Low temperature calorimetry set up,not stated,,,1970
1.65,0.0013633,3.76e-06,None kPa,N/A,19160,['C'],A,Low temperature calorimetry set up,not stated,,,1970
1.7,0.001418,3.93e-06,None kPa,N/A,19160,['C'],A,Low temperature calorimetry set up,not stated,,,1970
1.75,0.0014739,4.1e-06,None kPa,N/A,19160,['C'],A,Low temperature calorimetry set up,not stated,,,1970
1.8,0.0015311,4.29e-06,None kPa,N/A,19160,['C'],A,Low temperature calorimetry set up,not stated,,,1970
1.85,0.0015895,4.48e-06,None kPa,N/A,19160,['C'],A,Low temperature calorimetry set up,not stated,,,1970
1.9,0.0016493,4.69e-06,None kPa,N/A,19160,['C'],A,Low temperature calorimetry set up,not stated,,,1970
1.95,0.0017103,4.9e-06,None kPa,N/A,19160,['C'],A,Low temperature calorimetry set up,not stated,,,1970
2.0,0.0017728,5.12e-06,None kPa,N/A,19160,['C'],A,Low temperature calorimetry set up,not stated,,,1970
2.05,0.0018367,5.36e-06,None kPa,N/A,19160,['C'],A,Low temperature calorimetry set up,not stated,,,1970
2.1,0.001902,5.6e-06,None kPa,N/A,19160,['C'],A,Low temperature calorimetry set up,not stated,,,1970
2.15,0.0019688,5.86e-06,None kPa,N/A,19160,['C'],A,Low temperature calorimetry set up,not stated,,,1970
2.2,0.0020371,6.12e-06,None kPa,N/A,19160,['C'],A,Low temperature calorimetry set up,not stated,,,1970
2.25,0.002107,6.4e-06,None kPa,N/A,19160,['C'],A,Low temperature calorimetry set up,not stated,,,1970
2.3,0.0021785,6.7e-06,None kPa,N/A,19160,['C'],A,Low temperature calorimetry set up,not stated,,,1970
1.0,0.0007477,2.09e-06,None kPa,N/A,19160,['C'],A,Low temperature calorimetry set up,not stated,,,1970
1.05,0.0007901,2.21e-06,None kPa,N/A,19160,['C'],A,Low temperature calorimetry set up,not stated,,,1970
1.1,0.0008333,2.34e-06,None kPa,N/A,19160,['C'],A,Low temperature calorimetry set up,not stated,,,1970
1.15,0.0008772,2.47e-06,None kPa,N/A,19160,['C'],A,Low temperature calorimetry set up,not stated,,,1970
1.2,0.0009219,2.61e-06,None kPa,N/A,19160,['C'],A,Low temperature calorimetry set up,not stated,,,1970
1.25,0.0009675,2.76e-06,None kPa,N/A,19160,['C'],A,Low temperature calorimetry set up,not stated,,,1970
1.3,0.0010139,2.92e-06,None kPa,N/A,19160,['C'],A,Low temperature calorimetry set up,not stated,,,1970
1.35,0.0010612,3.08e-06,None kPa,N/A,19160,['C'],A,Low temperature calorimetry set up,not stated,,,1970
1.4,0.0011095,3.25e-06,None kPa,N/A,19160,['C'],A,Low temperature calorimetry set up,not stated,,,1970
1.45,0.0011588,3.43e-06,None kPa,N/A,19160,['C'],A,Low temperature calorimetry set up,not stated,,,1970
1.5,0.0012091,3.62e-06,None kPa,N/A,19160,['C'],A,Low temperature calorimetry set up,not stated,,,1970
1.55,0.0012605,3.82e-06,None kPa,N/A,19160,['C'],A,Low temperature calorimetry set up,not stated,,,1970
1.6,0.0013129,4.03e-06,None kPa,N/A,19160,['C'],A,Low temperature calorimetry set up,not stated,,,1970
1.65,0.0013664,4.26e-06,None kPa,N/A,19160,['C'],A,Low temperature calorimetry set up,not stated,,,1970
1.7,0.0014211,4.5e-06,None kPa,N/A,19160,['C'],A,Low temperature calorimetry set up,not stated,,,1970
1.75,0.001477,4.75e-06,None kPa,N/A,19160,['C'],A,Low temperature calorimetry set up,not stated,,,1970
1.8,0.0015342,5.02e-06,None kPa,N/A,19160,['C'],A,Low temperature calorimetry set up,not stated,,,1970
1.85,0.0015925,5.3e-06,None kPa,N/A,19160,['C'],A,Low temperature calorimetry set up,not stated,,,1970
1.9,0.0016522,5.6e-06,None kPa,N/A,19160,['C'],A,Low temperature calorimetry set up,not stated,,,1970
1.95,0.0017132,5.92e-06,None kPa,N/A,19160,['C'],A,Low temperature calorimetry set up,not stated,,,1970
2.0,0.0017756,6.25e-06,None kPa,N/A,19160,['C'],A,Low temperature calorimetry set up,not stated,,,1970
2.05,0.0018394,6.6e-06,None kPa,N/A,19160,['C'],A,Low temperature calorimetry set up,not stated,,,1970
2.1,0.0019046,6.97e-06,None kPa,N/A,19160,['C'],A,Low temperature calorimetry set up,not stated,,,1970
2.15,0.0019713,7.35e-06,None kPa,N/A,19160,['C'],A,Low temperature calorimetry set up,not stated,,,1970
2.2,0.0020395,7.76e-06,None kPa,N/A,19160,['C'],A,Low temperature calorimetry set up,not stated,,,1970
2.25,0.0021092,8.18e-06,None kPa,N/A,19160,['C'],A,Low temperature calorimetry set up,not stated,,,1970
2.3,0.0021805,8.63e-06,None kPa,N/A,19160,['C'],A,Low temperature calorimetry set up,not stated,,,1970
1.0,0.0007428,4.08e-06,None kPa,N/A,19160,['C'],A,Low temperature calorimetry set up,not stated,,,1970
1.05,0.000785,4.3e-06,None kPa,N/A,19160,['C'],A,Low temperature calorimetry set up,not stated,,,1970
1.1,0.0008279,4.53e-06,None kPa,N/A,19160,['C'],A,Low temperature calorimetry set up,not stated,,,1970
1.15,0.0008716,4.76e-06,None kPa,N/A,19160,['C'],A,Low temperature calorimetry set up,not stated,,,1970
1.2,0.0009161,5e-06,None kPa,N/A,19160,['C'],A,Low temperature calorimetry set up,not stated,,,1970
1.25,0.0009614,5.24e-06,None kPa,N/A,19160,['C'],A,Low temperature calorimetry set up,not stated,,,1970
1.3,0.0010076,5.49e-06,None kPa,N/A,19160,['C'],A,Low temperature calorimetry set up,not stated,,,1970
1.35,0.0010547,5.75e-06,None kPa,N/A,19160,['C'],A,Low temperature calorimetry set up,not stated,,,1970
1.4,0.0011028,6.01e-06,None kPa,N/A,19160,['C'],A,Low temperature calorimetry set up,not stated,,,1970
1.45,0.0011519,6.29e-06,None kPa,N/A,19160,['C'],A,Low temperature calorimetry set up,not stated,,,1970
1.5,0.001202,6.58e-06,None kPa,N/A,19160,['C'],A,Low temperature calorimetry set up,not stated,,,1970
1.55,0.0012531,6.88e-06,None kPa,N/A,19160,['C'],A,Low temperature calorimetry set up,not stated,,,1970
1.6,0.0013053,7.19e-06,None kPa,N/A,19160,['C'],A,Low temperature calorimetry set up,not stated,,,1970
1.65,0.0013586,7.51e-06,None kPa,N/A,19160,['C'],A,Low temperature calorimetry set up,not stated,,,1970
1.7,0.0014131,7.85e-06,None kPa,N/A,19160,['C'],A,Low temperature calorimetry set up,not stated,,,1970
1.75,0.0014688,8.21e-06,None kPa,N/A,19160,['C'],A,Low temperature calorimetry set up,not stated,,,1970
1.8,0.0015257,8.58e-06,None kPa,N/A,19160,['C'],A,Low temperature calorimetry set up,not stated,,,1970
1.85,0.0015839,8.97e-06,None kPa,N/A,19160,['C'],A,Low temperature calorimetry set up,not stated,,,1970
1.9,0.0016434,9.37e-06,None kPa,N/A,19160,['C'],A,Low temperature calorimetry set up,not stated,,,1970
1.95,0.0017042,9.8e-06,None kPa,N/A,19160,['C'],A,Low temperature calorimetry set up,not stated,,,1970
2.0,0.0017664,1.02e-05,None kPa,N/A,19160,['C'],A,Low temperature calorimetry set up,not stated,,,1970
2.05,0.00183,1.07e-05,None kPa,N/A,19160,['C'],A,Low temperature calorimetry set up,not stated,,,1970
2.1,0.001895,1.12e-05,None kPa,N/A,19160,['C'],A,Low temperature calorimetry set up,not stated,,,1970
2.15,0.0019615,1.17e-05,None kPa,N/A,19160,['C'],A,Low temperature calorimetry set up,not stated,,,1970
2.2,0.0020295,1.22e-05,None kPa,N/A,19160,['C'],A,Low temperature calorimetry set up,not stated,,,1970
2.25,0.0020991,1.28e-05,None kPa,N/A,19160,['C'],A,Low temperature calorimetry set up,not stated,,,1970
2.3,0.0021702,1.34e-05,None kPa,N/A,19160,['C'],A,Low temperature calorimetry set up,not stated,,,1970
1.361,0.0010643,1.0643e-05,None kPa,N/A,19375,['C'],A,Vacuum adiabatic calorimetry,origin: commercial source,,,1970
1.37,0.0010713,1.0713e-05,None kPa,N/A,19375,['C'],A,Vacuum adiabatic calorimetry,origin: commercial source,,,1970
1.389,0.00109,1.09e-05,None kPa,N/A,19375,['C'],A,Vacuum adiabatic calorimetry,origin: commercial source,,,1970
1.421,0.0011245,1.1245e-05,None kPa,N/A,19375,['C'],A,Vacuum adiabatic calorimetry,origin: commercial source,,,1970
1.438,0.0011455,1.1455e-05,None kPa,N/A,19375,['C'],A,Vacuum adiabatic calorimetry,origin: commercial source,,,1970
1.475,0.0011742,1.1742e-05,None kPa,N/A,19375,['C'],A,Vacuum adiabatic calorimetry,origin: commercial source,,,1970
1.496,0.0011951,1.1951e-05,None kPa,N/A,19375,['C'],A,Vacuum adiabatic calorimetry,origin: commercial source,,,1970
1.533,0.0012295,1.2295e-05,None kPa,N/A,19375,['C'],A,Vacuum adiabatic calorimetry,origin: commercial source,,,1970
1.569,0.0012598,1.2598e-05,None kPa,N/A,19375,['C'],A,Vacuum adiabatic calorimetry,origin: commercial source,,,1970
1.594,0.0012952,1.2952e-05,None kPa,N/A,19375,['C'],A,Vacuum adiabatic calorimetry,origin: commercial source,,,1970
1.642,0.0013486,1.3486e-05,None kPa,N/A,19375,['C'],A,Vacuum adiabatic calorimetry,origin: commercial source,,,1970
1.655,0.0013617,1.3617e-05,None kPa,N/A,19375,['C'],A,Vacuum adiabatic calorimetry,origin: commercial source,,,1970
1.716,0.0014305,1.4305e-05,None kPa,N/A,19375,['C'],A,Vacuum adiabatic calorimetry,origin: commercial source,,,1970
1.718,0.0014346,1.4346e-05,None kPa,N/A,19375,['C'],A,Vacuum adiabatic calorimetry,origin: commercial source,,,1970
1.784,0.0015038,1.5038e-05,None kPa,N/A,19375,['C'],A,Vacuum adiabatic calorimetry,origin: commercial source,,,1970
1.803,0.001529,1.529e-05,None kPa,N/A,19375,['C'],A,Vacuum adiabatic calorimetry,origin: commercial source,,,1970
1.862,0.0015973,1.5973e-05,None kPa,N/A,19375,['C'],A,Vacuum adiabatic calorimetry,origin: commercial source,,,1970
1.948,0.0016998,1.6998e-05,None kPa,N/A,19375,['C'],A,Vacuum adiabatic calorimetry,origin: commercial source,,,1970
2.049,0.0018263,1.8263e-05,None kPa,N/A,19375,['C'],A,Vacuum adiabatic calorimetry,origin: commercial source,,,1970
2.151,0.0019584,1.9584e-05,None kPa,N/A,19375,['C'],A,Vacuum adiabatic calorimetry,origin: commercial source,,,1970
2.251,0.0021028,2.1028e-05,None kPa,N/A,19375,['C'],A,Vacuum adiabatic calorimetry,origin: commercial source,,,1970
2.345,0.0022345,2.2345e-05,None kPa,N/A,19375,['C'],A,Vacuum adiabatic calorimetry,origin: commercial source,,,1970
2.455,0.0023942,2.3942e-05,None kPa,N/A,19375,['C'],A,Vacuum adiabatic calorimetry,origin: commercial source,,,1970
2.588,0.002603,2.603e-05,None kPa,N/A,19375,['C'],A,Vacuum adiabatic calorimetry,origin: commercial source,,,1970
2.725,0.0028274,2.8274e-05,None kPa,N/A,19375,['C'],A,Vacuum adiabatic calorimetry,origin: commercial source,,,1970
2.857,0.00306,3.06e-05,None kPa,N/A,19375,['C'],A,Vacuum adiabatic calorimetry,origin: commercial source,,,1970
3.014,0.003357,3.357e-05,None kPa,N/A,19375,['C'],A,Vacuum adiabatic calorimetry,origin: commercial source,,,1970
3.178,0.0036922,3.6922e-05,None kPa,N/A,19375,['C'],A,Vacuum adiabatic calorimetry,origin: commercial source,,,1970
3.356,0.0040917,4.0917e-05,None kPa,N/A,19375,['C'],A,Vacuum adiabatic calorimetry,origin: commercial source,,,1970
3.561,0.0045767,4.5767e-05,None kPa,N/A,19375,['C'],A,Vacuum adiabatic calorimetry,origin: commercial source,,,1970
3.633,0.0047675,4.7675e-05,None kPa,N/A,19375,['C'],A,Vacuum adiabatic calorimetry,origin: commercial source,,,1970
3.758,0.0051025,5.1025e-05,None kPa,N/A,19375,['C'],A,Vacuum adiabatic calorimetry,origin: commercial source,,,1970
3.977,0.0056976,5.6976e-05,None kPa,N/A,19375,['C'],A,Vacuum adiabatic calorimetry,origin: commercial source,,,1970
4.228,0.00647,6.47e-05,None kPa,N/A,19375,['C'],A,Vacuum adiabatic calorimetry,origin: commercial source,,,1970
6.635,0.018548,0.00018548,None kPa,N/A,19375,['C'],A,Vacuum adiabatic calorimetry,origin: commercial source,,,1970
7.011,0.021326,0.00021326,None kPa,N/A,19375,['C'],A,Vacuum adiabatic calorimetry,origin: commercial source,,,1970
7.367,0.02424,0.0002424,None kPa,N/A,19375,['C'],A,Vacuum adiabatic calorimetry,origin: commercial source,,,1970
7.72,0.02735,0.0002735,None kPa,N/A,19375,['C'],A,Vacuum adiabatic calorimetry,origin: commercial source,,,1970
8.082,0.030892,0.00030892,None kPa,N/A,19375,['C'],A,Vacuum adiabatic calorimetry,origin: commercial source,,,1970
8.476,0.035186,0.00035186,None kPa,N/A,19375,['C'],A,Vacuum adiabatic calorimetry,origin: commercial source,,,1970
8.945,0.040587,0.00040587,None kPa,N/A,19375,['C'],A,Vacuum adiabatic calorimetry,origin: commercial source,,,1970
9.594,0.049093,0.00049093,None kPa,N/A,19375,['C'],A,Vacuum adiabatic calorimetry,origin: commercial source,,,1970
10.482,0.062778,0.00062778,None kPa,N/A,19375,['C'],A,Vacuum adiabatic calorimetry,origin: commercial source,,,1970
11.382,0.0795,0.000795,None kPa,N/A,19375,['C'],A,Vacuum adiabatic calorimetry,origin: commercial source,,,1970
12.292,0.1009,0.001009,None kPa,N/A,19375,['C'],A,Vacuum adiabatic calorimetry,origin: commercial source,,,1970
13.505,0.13312,0.0013312,None kPa,N/A,19375,['C'],A,Vacuum adiabatic calorimetry,origin: commercial source,,,1970
14.761,0.1755,0.001755,None kPa,N/A,19375,['C'],A,Vacuum adiabatic calorimetry,origin: commercial source,,,1970
16.216,0.23616,0.0023616,None kPa,N/A,19375,['C'],A,Vacuum adiabatic calorimetry,origin: commercial source,,,1970
17.88,0.32233,0.0032233,None kPa,N/A,19375,['C'],A,Vacuum adiabatic calorimetry,origin: commercial source,,,1970
19.636,0.43733,0.0043733,None kPa,N/A,19375,['C'],A,Vacuum adiabatic calorimetry,origin: commercial source,,,1970
20.24,0.478587,0.00239293,None kPa,N/A,21238,['C'],A,Adiabatic calorimeter (non-vacuum) ,"not stated,99.9998724 % (total),mass spectrometry",99.9998724,Not Specified %,1973
20.52,0.500854,0.00250427,None kPa,N/A,21238,['C'],A,Adiabatic calorimeter (non-vacuum) ,"not stated,99.9998724 % (total),mass spectrometry",99.9998724,Not Specified %,1973
20.8,0.523854,0.00261927,None kPa,N/A,21238,['C'],A,Adiabatic calorimeter (non-vacuum) ,"not stated,99.9998724 % (total),mass spectrometry",99.9998724,Not Specified %,1973
21.09,0.547602,0.00273801,None kPa,N/A,21238,['C'],A,Adiabatic calorimeter (non-vacuum) ,"not stated,99.9998724 % (total),mass spectrometry",99.9998724,Not Specified %,1973
21.37,0.572103,0.00286052,None kPa,N/A,21238,['C'],A,Adiabatic calorimeter (non-vacuum) ,"not stated,99.9998724 % (total),mass spectrometry",99.9998724,Not Specified %,1973
21.65,0.597366,0.00298683,None kPa,N/A,21238,['C'],A,Adiabatic calorimeter (non-vacuum) ,"not stated,99.9998724 % (total),mass spectrometry",99.9998724,Not Specified %,1973
21.93,0.623395,0.00311698,None kPa,N/A,21238,['C'],A,Adiabatic calorimeter (non-vacuum) ,"not stated,99.9998724 % (total),mass spectrometry",99.9998724,Not Specified %,1973
22.22,0.650194,0.00325097,None kPa,N/A,21238,['C'],A,Adiabatic calorimeter (non-vacuum) ,"not stated,99.9998724 % (total),mass spectrometry",99.9998724,Not Specified %,1973
22.5,0.67777,0.00338885,None kPa,N/A,21238,['C'],A,Adiabatic calorimeter (non-vacuum) ,"not stated,99.9998724 % (total),mass spectrometry",99.9998724,Not Specified %,1973
22.78,0.706129,0.00353065,None kPa,N/A,21238,['C'],A,Adiabatic calorimeter (non-vacuum) ,"not stated,99.9998724 % (total),mass spectrometry",99.9998724,Not Specified %,1973
23.07,0.735263,0.00367631,None kPa,N/A,21238,['C'],A,Adiabatic calorimeter (non-vacuum) ,"not stated,99.9998724 % (total),mass spectrometry",99.9998724,Not Specified %,1973
23.35,0.765182,0.00382591,None kPa,N/A,21238,['C'],A,Adiabatic calorimeter (non-vacuum) ,"not stated,99.9998724 % (total),mass spectrometry",99.9998724,Not Specified %,1973
23.63,0.795876,0.00397938,None kPa,N/A,21238,['C'],A,Adiabatic calorimeter (non-vacuum) ,"not stated,99.9998724 % (total),mass spectrometry",99.9998724,Not Specified %,1973
23.91,0.827348,0.00413674,None kPa,N/A,21238,['C'],A,Adiabatic calorimeter (non-vacuum) ,"not stated,99.9998724 % (total),mass spectrometry",99.9998724,Not Specified %,1973
24.2,0.859594,0.00429797,None kPa,N/A,21238,['C'],A,Adiabatic calorimeter (non-vacuum) ,"not stated,99.9998724 % (total),mass spectrometry",99.9998724,Not Specified %,1973
24.48,0.892602,0.00446299,None kPa,N/A,21238,['C'],A,Adiabatic calorimeter (non-vacuum) ,"not stated,99.9998724 % (total),mass spectrometry",99.9998724,Not Specified %,1973
24.76,0.926371,0.00463186,None kPa,N/A,21238,['C'],A,Adiabatic calorimeter (non-vacuum) ,"not stated,99.9998724 % (total),mass spectrometry",99.9998724,Not Specified %,1973
25.04,0.960885,0.0048044,None kPa,N/A,21238,['C'],A,Adiabatic calorimeter (non-vacuum) ,"not stated,99.9998724 % (total),mass spectrometry",99.9998724,Not Specified %,1973
25.33,0.996139,0.00498072,None kPa,N/A,21238,['C'],A,Adiabatic calorimeter (non-vacuum) ,"not stated,99.9998724 % (total),mass spectrometry",99.9998724,Not Specified %,1973
25.61,1.03212,0.00516059,None kPa,N/A,21238,['C'],A,Adiabatic calorimeter (non-vacuum) ,"not stated,99.9998724 % (total),mass spectrometry",99.9998724,Not Specified %,1973
25.89,1.0688,0.00534401,None kPa,N/A,21238,['C'],A,Adiabatic calorimeter (non-vacuum) ,"not stated,99.9998724 % (total),mass spectrometry",99.9998724,Not Specified %,1973
26.17,1.10619,0.00553091,None kPa,N/A,21238,['C'],A,Adiabatic calorimeter (non-vacuum) ,"not stated,99.9998724 % (total),mass spectrometry",99.9998724,Not Specified %,1973
26.46,1.14424,0.0057212,None kPa,N/A,21238,['C'],A,Adiabatic calorimeter (non-vacuum) ,"not stated,99.9998724 % (total),mass spectrometry",99.9998724,Not Specified %,1973
26.74,1.18295,0.0059148,None kPa,N/A,21238,['C'],A,Adiabatic calorimeter (non-vacuum) ,"not stated,99.9998724 % (total),mass spectrometry",99.9998724,Not Specified %,1973
27.02,1.22231,0.00611153,None kPa,N/A,21238,['C'],A,Adiabatic calorimeter (non-vacuum) ,"not stated,99.9998724 % (total),mass spectrometry",99.9998724,Not Specified %,1973
27.3,1.26227,0.00631131,None kPa,N/A,21238,['C'],A,Adiabatic calorimeter (non-vacuum) ,"not stated,99.9998724 % (total),mass spectrometry",99.9998724,Not Specified %,1973
27.59,1.30282,0.00651411,None kPa,N/A,21238,['C'],A,Adiabatic calorimeter (non-vacuum) ,"not stated,99.9998724 % (total),mass spectrometry",99.9998724,Not Specified %,1973
27.87,1.34393,0.00671967,None kPa,N/A,21238,['C'],A,Adiabatic calorimeter (non-vacuum) ,"not stated,99.9998724 % (total),mass spectrometry",99.9998724,Not Specified %,1973
28.15,1.38558,0.00692787,None kPa,N/A,21238,['C'],A,Adiabatic calorimeter (non-vacuum) ,"not stated,99.9998724 % (total),mass spectrometry",99.9998724,Not Specified %,1973
28.43,1.42774,0.0071387,None kPa,N/A,21238,['C'],A,Adiabatic calorimeter (non-vacuum) ,"not stated,99.9998724 % (total),mass spectrometry",99.9998724,Not Specified %,1973
28.72,1.47037,0.00735187,None kPa,N/A,21238,['C'],A,Adiabatic calorimeter (non-vacuum) ,"not stated,99.9998724 % (total),mass spectrometry",99.9998724,Not Specified %,1973
29.0,1.51346,0.00756731,None kPa,N/A,21238,['C'],A,Adiabatic calorimeter (non-vacuum) ,"not stated,99.9998724 % (total),mass spectrometry",99.9998724,Not Specified %,1973
29.28,1.55697,0.00778483,None kPa,N/A,21238,['C'],A,Adiabatic calorimeter (non-vacuum) ,"not stated,99.9998724 % (total),mass spectrometry",99.9998724,Not Specified %,1973
29.57,1.60087,0.00800433,None kPa,N/A,21238,['C'],A,Adiabatic calorimeter (non-vacuum) ,"not stated,99.9998724 % (total),mass spectrometry",99.9998724,Not Specified %,1973
29.85,1.64513,0.00822566,None kPa,N/A,21238,['C'],A,Adiabatic calorimeter (non-vacuum) ,"not stated,99.9998724 % (total),mass spectrometry",99.9998724,Not Specified %,1973
4.13,0.00621742,6.21742e-05,None kPa,N/A,21239,['C'],A,Adiabatic calorimeter (non-vacuum) ,"not stated,99.9998724 % (total),mass spectrometry",99.9998724,Not Specified %,1973
4.41,0.00714627,7.14627e-05,None kPa,N/A,21239,['C'],A,Adiabatic calorimeter (non-vacuum) ,"not stated,99.9998724 % (total),mass spectrometry",99.9998724,Not Specified %,1973
4.7,0.00817972,8.17972e-05,None kPa,N/A,21239,['C'],A,Adiabatic calorimeter (non-vacuum) ,"not stated,99.9998724 % (total),mass spectrometry",99.9998724,Not Specified %,1973
4.98,0.00931777,9.31777e-05,None kPa,N/A,21239,['C'],A,Adiabatic calorimeter (non-vacuum) ,"not stated,99.9998724 % (total),mass spectrometry",99.9998724,Not Specified %,1973
5.26,0.010573,0.00010573,None kPa,N/A,21239,['C'],A,Adiabatic calorimeter (non-vacuum) ,"not stated,99.9998724 % (total),mass spectrometry",99.9998724,Not Specified %,1973
5.54,0.0119453,0.000119453,None kPa,N/A,21239,['C'],A,Adiabatic calorimeter (non-vacuum) ,"not stated,99.9998724 % (total),mass spectrometry",99.9998724,Not Specified %,1973
5.83,0.0134516,0.000134516,None kPa,N/A,21239,['C'],A,Adiabatic calorimeter (non-vacuum) ,"not stated,99.9998724 % (total),mass spectrometry",99.9998724,Not Specified %,1973
6.11,0.0150875,0.000150875,None kPa,N/A,21239,['C'],A,Adiabatic calorimeter (non-vacuum) ,"not stated,99.9998724 % (total),mass spectrometry",99.9998724,Not Specified %,1973
6.39,0.0168699,0.000168699,None kPa,N/A,21239,['C'],A,Adiabatic calorimeter (non-vacuum) ,"not stated,99.9998724 % (total),mass spectrometry",99.9998724,Not Specified %,1973
6.67,0.0188029,0.000188029,None kPa,N/A,21239,['C'],A,Adiabatic calorimeter (non-vacuum) ,"not stated,99.9998724 % (total),mass spectrometry",99.9998724,Not Specified %,1973
6.96,0.0208907,0.000208907,None kPa,N/A,21239,['C'],A,Adiabatic calorimeter (non-vacuum) ,"not stated,99.9998724 % (total),mass spectrometry",99.9998724,Not Specified %,1973
7.24,0.0231459,0.000231459,None kPa,N/A,21239,['C'],A,Adiabatic calorimeter (non-vacuum) ,"not stated,99.9998724 % (total),mass spectrometry",99.9998724,Not Specified %,1973
7.52,0.0255684,0.000255684,None kPa,N/A,21239,['C'],A,Adiabatic calorimeter (non-vacuum) ,"not stated,99.9998724 % (total),mass spectrometry",99.9998724,Not Specified %,1973
7.8,0.0281751,0.000281751,None kPa,N/A,21239,['C'],A,Adiabatic calorimeter (non-vacuum) ,"not stated,99.9998724 % (total),mass spectrometry",99.9998724,Not Specified %,1973
8.09,0.03097,0.0003097,None kPa,N/A,21239,['C'],A,Adiabatic calorimeter (non-vacuum) ,"not stated,99.9998724 % (total),mass spectrometry",99.9998724,Not Specified %,1973
8.37,0.0339615,0.000339615,None kPa,N/A,21239,['C'],A,Adiabatic calorimeter (non-vacuum) ,"not stated,99.9998724 % (total),mass spectrometry",99.9998724,Not Specified %,1973
8.65,0.0371539,0.000371539,None kPa,N/A,21239,['C'],A,Adiabatic calorimeter (non-vacuum) ,"not stated,99.9998724 % (total),mass spectrometry",99.9998724,Not Specified %,1973
8.93,0.0405597,0.000405597,None kPa,N/A,21239,['C'],A,Adiabatic calorimeter (non-vacuum) ,"not stated,99.9998724 % (total),mass spectrometry",99.9998724,Not Specified %,1973
9.22,0.0441914,0.000441914,None kPa,N/A,21239,['C'],A,Adiabatic calorimeter (non-vacuum) ,"not stated,99.9998724 % (total),mass spectrometry",99.9998724,Not Specified %,1973
9.5,0.0480491,0.000480491,None kPa,N/A,21239,['C'],A,Adiabatic calorimeter (non-vacuum) ,"not stated,99.9998724 % (total),mass spectrometry",99.9998724,Not Specified %,1973
9.78,0.0521494,0.000521494,None kPa,N/A,21239,['C'],A,Adiabatic calorimeter (non-vacuum) ,"not stated,99.9998724 % (total),mass spectrometry",99.9998724,Not Specified %,1973
10.07,0.0564966,0.000564966,None kPa,N/A,21239,['C'],A,Adiabatic calorimeter (non-vacuum) ,"not stated,99.9998724 % (total),mass spectrometry",99.9998724,Not Specified %,1973
10.35,0.0611031,0.000611031,None kPa,N/A,21239,['C'],A,Adiabatic calorimeter (non-vacuum) ,"not stated,99.9998724 % (total),mass spectrometry",99.9998724,Not Specified %,1973
10.63,0.0659775,0.000659775,None kPa,N/A,21239,['C'],A,Adiabatic calorimeter (non-vacuum) ,"not stated,99.9998724 % (total),mass spectrometry",99.9998724,Not Specified %,1973
10.91,0.0711322,0.000711322,None kPa,N/A,21239,['C'],A,Adiabatic calorimeter (non-vacuum) ,"not stated,99.9998724 % (total),mass spectrometry",99.9998724,Not Specified %,1973
11.2,0.0765714,0.000765714,None kPa,N/A,21239,['C'],A,Adiabatic calorimeter (non-vacuum) ,"not stated,99.9998724 % (total),mass spectrometry",99.9998724,Not Specified %,1973
11.48,0.082316,0.00082316,None kPa,N/A,21239,['C'],A,Adiabatic calorimeter (non-vacuum) ,"not stated,99.9998724 % (total),mass spectrometry",99.9998724,Not Specified %,1973
11.76,0.0883661,0.000883661,None kPa,N/A,21239,['C'],A,Adiabatic calorimeter (non-vacuum) ,"not stated,99.9998724 % (total),mass spectrometry",99.9998724,Not Specified %,1973
12.04,0.0947425,0.000947425,None kPa,N/A,21239,['C'],A,Adiabatic calorimeter (non-vacuum) ,"not stated,99.9998724 % (total),mass spectrometry",99.9998724,Not Specified %,1973
12.33,0.101449,0.00101449,None kPa,N/A,21239,['C'],A,Adiabatic calorimeter (non-vacuum) ,"not stated,99.9998724 % (total),mass spectrometry",99.9998724,Not Specified %,1973
12.61,0.108499,0.00108499,None kPa,N/A,21239,['C'],A,Adiabatic calorimeter (non-vacuum) ,"not stated,99.9998724 % (total),mass spectrometry",99.9998724,Not Specified %,1973
12.89,0.115909,0.00115909,None kPa,N/A,21239,['C'],A,Adiabatic calorimeter (non-vacuum) ,"not stated,99.9998724 % (total),mass spectrometry",99.9998724,Not Specified %,1973
13.17,0.123687,0.00123687,None kPa,N/A,21239,['C'],A,Adiabatic calorimeter (non-vacuum) ,"not stated,99.9998724 % (total),mass spectrometry",99.9998724,Not Specified %,1973
13.46,0.13185,0.0013185,None kPa,N/A,21239,['C'],A,Adiabatic calorimeter (non-vacuum) ,"not stated,99.9998724 % (total),mass spectrometry",99.9998724,Not Specified %,1973
13.74,0.140407,0.00140407,None kPa,N/A,21239,['C'],A,Adiabatic calorimeter (non-vacuum) ,"not stated,99.9998724 % (total),mass spectrometry",99.9998724,Not Specified %,1973
14.02,0.149369,0.00149369,None kPa,N/A,21239,['C'],A,Adiabatic calorimeter (non-vacuum) ,"not stated,99.9998724 % (total),mass spectrometry",99.9998724,Not Specified %,1973
14.3,0.158754,0.00158754,None kPa,N/A,21239,['C'],A,Adiabatic calorimeter (non-vacuum) ,"not stated,99.9998724 % (total),mass spectrometry",99.9998724,Not Specified %,1973
14.59,0.168578,0.00168578,None kPa,N/A,21239,['C'],A,Adiabatic calorimeter (non-vacuum) ,"not stated,99.9998724 % (total),mass spectrometry",99.9998724,Not Specified %,1973
14.87,0.178845,0.00178845,None kPa,N/A,21239,['C'],A,Adiabatic calorimeter (non-vacuum) ,"not stated,99.9998724 % (total),mass spectrometry",99.9998724,Not Specified %,1973
15.15,0.189581,0.00189581,None kPa,N/A,21239,['C'],A,Adiabatic calorimeter (non-vacuum) ,"not stated,99.9998724 % (total),mass spectrometry",99.9998724,Not Specified %,1973
15.43,0.20079,0.0020079,None kPa,N/A,21239,['C'],A,Adiabatic calorimeter (non-vacuum) ,"not stated,99.9998724 % (total),mass spectrometry",99.9998724,Not Specified %,1973
15.72,0.212493,0.00212493,None kPa,N/A,21239,['C'],A,Adiabatic calorimeter (non-vacuum) ,"not stated,99.9998724 % (total),mass spectrometry",99.9998724,Not Specified %,1973
16.0,0.224706,0.00224706,None kPa,N/A,21239,['C'],A,Adiabatic calorimeter (non-vacuum) ,"not stated,99.9998724 % (total),mass spectrometry",99.9998724,Not Specified %,1973
16.28,0.237438,0.00237438,None kPa,N/A,21239,['C'],A,Adiabatic calorimeter (non-vacuum) ,"not stated,99.9998724 % (total),mass spectrometry",99.9998724,Not Specified %,1973
16.57,0.250705,0.00250705,None kPa,N/A,21239,['C'],A,Adiabatic calorimeter (non-vacuum) ,"not stated,99.9998724 % (total),mass spectrometry",99.9998724,Not Specified %,1973
16.85,0.264521,0.00264521,None kPa,N/A,21239,['C'],A,Adiabatic calorimeter (non-vacuum) ,"not stated,99.9998724 % (total),mass spectrometry",99.9998724,Not Specified %,1973
17.13,0.278905,0.00278905,None kPa,N/A,21239,['C'],A,Adiabatic calorimeter (non-vacuum) ,"not stated,99.9998724 % (total),mass spectrometry",99.9998724,Not Specified %,1973
17.41,0.293872,0.00293872,None kPa,N/A,21239,['C'],A,Adiabatic calorimeter (non-vacuum) ,"not stated,99.9998724 % (total),mass spectrometry",99.9998724,Not Specified %,1973
17.7,0.309432,0.00309432,None kPa,N/A,21239,['C'],A,Adiabatic calorimeter (non-vacuum) ,"not stated,99.9998724 % (total),mass spectrometry",99.9998724,Not Specified %,1973
17.98,0.325603,0.00325603,None kPa,N/A,21239,['C'],A,Adiabatic calorimeter (non-vacuum) ,"not stated,99.9998724 % (total),mass spectrometry",99.9998724,Not Specified %,1973
18.26,0.342398,0.00342398,None kPa,N/A,21239,['C'],A,Adiabatic calorimeter (non-vacuum) ,"not stated,99.9998724 % (total),mass spectrometry",99.9998724,Not Specified %,1973
18.54,0.359832,0.00359832,None kPa,N/A,21239,['C'],A,Adiabatic calorimeter (non-vacuum) ,"not stated,99.9998724 % (total),mass spectrometry",99.9998724,Not Specified %,1973
18.83,0.377916,0.00377916,None kPa,N/A,21239,['C'],A,Adiabatic calorimeter (non-vacuum) ,"not stated,99.9998724 % (total),mass spectrometry",99.9998724,Not Specified %,1973
19.11,0.396668,0.00396668,None kPa,N/A,21239,['C'],A,Adiabatic calorimeter (non-vacuum) ,"not stated,99.9998724 % (total),mass spectrometry",99.9998724,Not Specified %,1973
19.39,0.416099,0.00416099,None kPa,N/A,21239,['C'],A,Adiabatic calorimeter (non-vacuum) ,"not stated,99.9998724 % (total),mass spectrometry",99.9998724,Not Specified %,1973
19.67,0.43622,0.0043622,None kPa,N/A,21239,['C'],A,Adiabatic calorimeter (non-vacuum) ,"not stated,99.9998724 % (total),mass spectrometry",99.9998724,Not Specified %,1973
19.96,0.457048,0.00457048,None kPa,N/A,21239,['C'],A,Adiabatic calorimeter (non-vacuum) ,"not stated,99.9998724 % (total),mass spectrometry",99.9998724,Not Specified %,1973
19.88,0.450964,0.00450964,None kPa,N/A,21239,['C'],A,Adiabatic calorimeter (non-vacuum) ,"not stated,99.9998724 % (total),mass spectrometry",99.9998724,Not Specified %,1973
3.0,0.0033723,1.68615e-05,None kPa,N/A,21240,['C'],A,Adiabatic calorimeter (non-vacuum) ,"not stated,99.9998724 % (total),mass spectrometry",99.9998724,Not Specified %,1973
3.28,0.00396225,1.98112e-05,None kPa,N/A,21240,['C'],A,Adiabatic calorimeter (non-vacuum) ,"not stated,99.9998724 % (total),mass spectrometry",99.9998724,Not Specified %,1973
3.57,0.00463169,2.31584e-05,None kPa,N/A,21240,['C'],A,Adiabatic calorimeter (non-vacuum) ,"not stated,99.9998724 % (total),mass spectrometry",99.9998724,Not Specified %,1973
3.85,0.00538062,2.69031e-05,None kPa,N/A,21240,['C'],A,Adiabatic calorimeter (non-vacuum) ,"not stated,99.9998724 % (total),mass spectrometry",99.9998724,Not Specified %,1973
1.363,0.001208,2.416e-05,None kPa,N/A,21611,['C'],A,Vacuum adiabatic calorimetry,"origin: commercial source,99.999 % (total),stated by supplier",99.999,Not Specified %,1974
1.426,0.0012292,2.4584e-05,None kPa,N/A,21611,['C'],A,Vacuum adiabatic calorimetry,"origin: commercial source,99.999 % (total),stated by supplier",99.999,Not Specified %,1974
1.524,0.0013586,2.7172e-05,None kPa,N/A,21611,['C'],A,Vacuum adiabatic calorimetry,"origin: commercial source,99.999 % (total),stated by supplier",99.999,Not Specified %,1974
1.633,0.0014748,2.9496e-05,None kPa,N/A,21611,['C'],A,Vacuum adiabatic calorimetry,"origin: commercial source,99.999 % (total),stated by supplier",99.999,Not Specified %,1974
1.752,0.0016031,3.2062e-05,None kPa,N/A,21611,['C'],A,Vacuum adiabatic calorimetry,"origin: commercial source,99.999 % (total),stated by supplier",99.999,Not Specified %,1974
1.859,0.0017276,3.4552e-05,None kPa,N/A,21611,['C'],A,Vacuum adiabatic calorimetry,"origin: commercial source,99.999 % (total),stated by supplier",99.999,Not Specified %,1974
1.915,0.0017907,3.5814e-05,None kPa,N/A,21611,['C'],A,Vacuum adiabatic calorimetry,"origin: commercial source,99.999 % (total),stated by supplier",99.999,Not Specified %,1974
1.991,0.0018842,3.7684e-05,None kPa,N/A,21611,['C'],A,Vacuum adiabatic calorimetry,"origin: commercial source,99.999 % (total),stated by supplier",99.999,Not Specified %,1974
2.078,0.0019317,3.8634e-05,None kPa,N/A,21611,['C'],A,Vacuum adiabatic calorimetry,"origin: commercial source,99.999 % (total),stated by supplier",99.999,Not Specified %,1974
2.119,0.0020426,4.0852e-05,None kPa,N/A,21611,['C'],A,Vacuum adiabatic calorimetry,"origin: commercial source,99.999 % (total),stated by supplier",99.999,Not Specified %,1974
2.221,0.002183,4.366e-05,None kPa,N/A,21611,['C'],A,Vacuum adiabatic calorimetry,"origin: commercial source,99.999 % (total),stated by supplier",99.999,Not Specified %,1974
2.311,0.0023244,4.6488e-05,None kPa,N/A,21611,['C'],A,Vacuum adiabatic calorimetry,"origin: commercial source,99.999 % (total),stated by supplier",99.999,Not Specified %,1974
2.368,0.0024253,4.8506e-05,None kPa,N/A,21611,['C'],A,Vacuum adiabatic calorimetry,"origin: commercial source,99.999 % (total),stated by supplier",99.999,Not Specified %,1974
2.429,0.0025003,5.0006e-05,None kPa,N/A,21611,['C'],A,Vacuum adiabatic calorimetry,"origin: commercial source,99.999 % (total),stated by supplier",99.999,Not Specified %,1974
2.452,0.0025977,5.1954e-05,None kPa,N/A,21611,['C'],A,Vacuum adiabatic calorimetry,"origin: commercial source,99.999 % (total),stated by supplier",99.999,Not Specified %,1974
2.52,0.0026936,5.3872e-05,None kPa,N/A,21611,['C'],A,Vacuum adiabatic calorimetry,"origin: commercial source,99.999 % (total),stated by supplier",99.999,Not Specified %,1974
2.579,0.0028085,5.617e-05,None kPa,N/A,21611,['C'],A,Vacuum adiabatic calorimetry,"origin: commercial source,99.999 % (total),stated by supplier",99.999,Not Specified %,1974
2.635,0.0028905,5.781e-05,None kPa,N/A,21611,['C'],A,Vacuum adiabatic calorimetry,"origin: commercial source,99.999 % (total),stated by supplier",99.999,Not Specified %,1974
2.687,0.0029957,5.9914e-05,None kPa,N/A,21611,['C'],A,Vacuum adiabatic calorimetry,"origin: commercial source,99.999 % (total),stated by supplier",99.999,Not Specified %,1974
2.735,0.0030557,6.1114e-05,None kPa,N/A,21611,['C'],A,Vacuum adiabatic calorimetry,"origin: commercial source,99.999 % (total),stated by supplier",99.999,Not Specified %,1974
2.781,0.0031307,6.2614e-05,None kPa,N/A,21611,['C'],A,Vacuum adiabatic calorimetry,"origin: commercial source,99.999 % (total),stated by supplier",99.999,Not Specified %,1974
2.826,0.0032192,6.4384e-05,None kPa,N/A,21611,['C'],A,Vacuum adiabatic calorimetry,"origin: commercial source,99.999 % (total),stated by supplier",99.999,Not Specified %,1974
2.892,0.0033735,6.747e-05,None kPa,N/A,21611,['C'],A,Vacuum adiabatic calorimetry,"origin: commercial source,99.999 % (total),stated by supplier",99.999,Not Specified %,1974
2.952,0.00354,7.08e-05,None kPa,N/A,21611,['C'],A,Vacuum adiabatic calorimetry,"origin: commercial source,99.999 % (total),stated by supplier",99.999,Not Specified %,1974
2.958,0.0034679,6.9358e-05,None kPa,N/A,21611,['C'],A,Vacuum adiabatic calorimetry,"origin: commercial source,99.999 % (total),stated by supplier",99.999,Not Specified %,1974
3.029,0.0036211,7.2422e-05,None kPa,N/A,21611,['C'],A,Vacuum adiabatic calorimetry,"origin: commercial source,99.999 % (total),stated by supplier",99.999,Not Specified %,1974
3.034,0.003674,7.348e-05,None kPa,N/A,21611,['C'],A,Vacuum adiabatic calorimetry,"origin: commercial source,99.999 % (total),stated by supplier",99.999,Not Specified %,1974
3.082,0.0037569,7.5138e-05,None kPa,N/A,21611,['C'],A,Vacuum adiabatic calorimetry,"origin: commercial source,99.999 % (total),stated by supplier",99.999,Not Specified %,1974
3.141,0.0038925,7.785e-05,None kPa,N/A,21611,['C'],A,Vacuum adiabatic calorimetry,"origin: commercial source,99.999 % (total),stated by supplier",99.999,Not Specified %,1974
3.203,0.0040209,8.0418e-05,None kPa,N/A,21611,['C'],A,Vacuum adiabatic calorimetry,"origin: commercial source,99.999 % (total),stated by supplier",99.999,Not Specified %,1974
3.262,0.0041661,8.3322e-05,None kPa,N/A,21611,['C'],A,Vacuum adiabatic calorimetry,"origin: commercial source,99.999 % (total),stated by supplier",99.999,Not Specified %,1974
3.305,0.0042305,8.461e-05,None kPa,N/A,21611,['C'],A,Vacuum adiabatic calorimetry,"origin: commercial source,99.999 % (total),stated by supplier",99.999,Not Specified %,1974
3.379,0.0044144,8.8288e-05,None kPa,N/A,21611,['C'],A,Vacuum adiabatic calorimetry,"origin: commercial source,99.999 % (total),stated by supplier",99.999,Not Specified %,1974
3.427,0.0044906,8.9812e-05,None kPa,N/A,21611,['C'],A,Vacuum adiabatic calorimetry,"origin: commercial source,99.999 % (total),stated by supplier",99.999,Not Specified %,1974
3.467,0.0046232,9.2464e-05,None kPa,N/A,21611,['C'],A,Vacuum adiabatic calorimetry,"origin: commercial source,99.999 % (total),stated by supplier",99.999,Not Specified %,1974
3.534,0.004757,9.514e-05,None kPa,N/A,21611,['C'],A,Vacuum adiabatic calorimetry,"origin: commercial source,99.999 % (total),stated by supplier",99.999,Not Specified %,1974
3.577,0.0048591,9.7182e-05,None kPa,N/A,21611,['C'],A,Vacuum adiabatic calorimetry,"origin: commercial source,99.999 % (total),stated by supplier",99.999,Not Specified %,1974
3.607,0.0049407,9.8814e-05,None kPa,N/A,21611,['C'],A,Vacuum adiabatic calorimetry,"origin: commercial source,99.999 % (total),stated by supplier",99.999,Not Specified %,1974
3.649,0.0050376,0.000100752,None kPa,N/A,21611,['C'],A,Vacuum adiabatic calorimetry,"origin: commercial source,99.999 % (total),stated by supplier",99.999,Not Specified %,1974
3.707,0.005173,0.00010346,None kPa,N/A,21611,['C'],A,Vacuum adiabatic calorimetry,"origin: commercial source,99.999 % (total),stated by supplier",99.999,Not Specified %,1974
3.796,0.005399,0.00010798,None kPa,N/A,21611,['C'],A,Vacuum adiabatic calorimetry,"origin: commercial source,99.999 % (total),stated by supplier",99.999,Not Specified %,1974
3.839,0.0055559,0.000111118,None kPa,N/A,21611,['C'],A,Vacuum adiabatic calorimetry,"origin: commercial source,99.999 % (total),stated by supplier",99.999,Not Specified %,1974
3.894,0.0057355,0.00011471,None kPa,N/A,21611,['C'],A,Vacuum adiabatic calorimetry,"origin: commercial source,99.999 % (total),stated by supplier",99.999,Not Specified %,1974
3.964,0.0059497,0.000118994,None kPa,N/A,21611,['C'],A,Vacuum adiabatic calorimetry,"origin: commercial source,99.999 % (total),stated by supplier",99.999,Not Specified %,1974
4.014,0.0061331,0.000122662,None kPa,N/A,21611,['C'],A,Vacuum adiabatic calorimetry,"origin: commercial source,99.999 % (total),stated by supplier",99.999,Not Specified %,1974
4.076,0.0063539,0.000127078,None kPa,N/A,21611,['C'],A,Vacuum adiabatic calorimetry,"origin: commercial source,99.999 % (total),stated by supplier",99.999,Not Specified %,1974
4.189,0.0067472,0.000134944,None kPa,N/A,21611,['C'],A,Vacuum adiabatic calorimetry,"origin: commercial source,99.999 % (total),stated by supplier",99.999,Not Specified %,1974
4.24,0.0069905,0.00013981,None kPa,N/A,21611,['C'],A,Vacuum adiabatic calorimetry,"origin: commercial source,99.999 % (total),stated by supplier",99.999,Not Specified %,1974
4.31,0.0072723,0.000145446,None kPa,N/A,21611,['C'],A,Vacuum adiabatic calorimetry,"origin: commercial source,99.999 % (total),stated by supplier",99.999,Not Specified %,1974
4.383,0.007501,0.00015002,None kPa,N/A,21611,['C'],A,Vacuum adiabatic calorimetry,"origin: commercial source,99.999 % (total),stated by supplier",99.999,Not Specified %,1974
4.444,0.0077811,0.000155622,None kPa,N/A,21611,['C'],A,Vacuum adiabatic calorimetry,"origin: commercial source,99.999 % (total),stated by supplier",99.999,Not Specified %,1974
4.509,0.0080214,0.000160428,None kPa,N/A,21611,['C'],A,Vacuum adiabatic calorimetry,"origin: commercial source,99.999 % (total),stated by supplier",99.999,Not Specified %,1974
4.569,0.0083415,0.00016683,None kPa,N/A,21611,['C'],A,Vacuum adiabatic calorimetry,"origin: commercial source,99.999 % (total),stated by supplier",99.999,Not Specified %,1974
4.681,0.0087593,0.000175186,None kPa,N/A,21611,['C'],A,Vacuum adiabatic calorimetry,"origin: commercial source,99.999 % (total),stated by supplier",99.999,Not Specified %,1974
4.749,0.0090508,0.000181016,None kPa,N/A,21611,['C'],A,Vacuum adiabatic calorimetry,"origin: commercial source,99.999 % (total),stated by supplier",99.999,Not Specified %,1974
4.788,0.009252,0.00018504,None kPa,N/A,21611,['C'],A,Vacuum adiabatic calorimetry,"origin: commercial source,99.999 % (total),stated by supplier",99.999,Not Specified %,1974
4.836,0.009467,0.00018934,None kPa,N/A,21611,['C'],A,Vacuum adiabatic calorimetry,"origin: commercial source,99.999 % (total),stated by supplier",99.999,Not Specified %,1974
4.885,0.0097224,0.000194448,None kPa,N/A,21611,['C'],A,Vacuum adiabatic calorimetry,"origin: commercial source,99.999 % (total),stated by supplier",99.999,Not Specified %,1974
4.927,0.009859,0.00019718,None kPa,N/A,21611,['C'],A,Vacuum adiabatic calorimetry,"origin: commercial source,99.999 % (total),stated by supplier",99.999,Not Specified %,1974
4.974,0.010154,0.00020308,None kPa,N/A,21611,['C'],A,Vacuum adiabatic calorimetry,"origin: commercial source,99.999 % (total),stated by supplier",99.999,Not Specified %,1974
5.024,0.0103653,0.000207306,None kPa,N/A,21611,['C'],A,Vacuum adiabatic calorimetry,"origin: commercial source,99.999 % (total),stated by supplier",99.999,Not Specified %,1974
5.08,0.0106889,0.000213778,None kPa,N/A,21611,['C'],A,Vacuum adiabatic calorimetry,"origin: commercial source,99.999 % (total),stated by supplier",99.999,Not Specified %,1974
5.124,0.0108429,0.000216858,None kPa,N/A,21611,['C'],A,Vacuum adiabatic calorimetry,"origin: commercial source,99.999 % (total),stated by supplier",99.999,Not Specified %,1974
5.176,0.0111663,0.000223326,None kPa,N/A,21611,['C'],A,Vacuum adiabatic calorimetry,"origin: commercial source,99.999 % (total),stated by supplier",99.999,Not Specified %,1974
5.231,0.0114477,0.000228954,None kPa,N/A,21611,['C'],A,Vacuum adiabatic calorimetry,"origin: commercial source,99.999 % (total),stated by supplier",99.999,Not Specified %,1974
5.273,0.0116392,0.000232784,None kPa,N/A,21611,['C'],A,Vacuum adiabatic calorimetry,"origin: commercial source,99.999 % (total),stated by supplier",99.999,Not Specified %,1974
5.334,0.0118531,0.000237062,None kPa,N/A,21611,['C'],A,Vacuum adiabatic calorimetry,"origin: commercial source,99.999 % (total),stated by supplier",99.999,Not Specified %,1974
5.372,0.0121766,0.000243532,None kPa,N/A,21611,['C'],A,Vacuum adiabatic calorimetry,"origin: commercial source,99.999 % (total),stated by supplier",99.999,Not Specified %,1974
5.419,0.0124478,0.000248956,None kPa,N/A,21611,['C'],A,Vacuum adiabatic calorimetry,"origin: commercial source,99.999 % (total),stated by supplier",99.999,Not Specified %,1974
5.462,0.0126535,0.00025307,None kPa,N/A,21611,['C'],A,Vacuum adiabatic calorimetry,"origin: commercial source,99.999 % (total),stated by supplier",99.999,Not Specified %,1974
5.547,0.0131141,0.000262282,None kPa,N/A,21611,['C'],A,Vacuum adiabatic calorimetry,"origin: commercial source,99.999 % (total),stated by supplier",99.999,Not Specified %,1974
5.577,0.0132412,0.000264824,None kPa,N/A,21611,['C'],A,Vacuum adiabatic calorimetry,"origin: commercial source,99.999 % (total),stated by supplier",99.999,Not Specified %,1974
5.621,0.0136618,0.000273236,None kPa,N/A,21611,['C'],A,Vacuum adiabatic calorimetry,"origin: commercial source,99.999 % (total),stated by supplier",99.999,Not Specified %,1974
5.651,0.0136867,0.000273734,None kPa,N/A,21611,['C'],A,Vacuum adiabatic calorimetry,"origin: commercial source,99.999 % (total),stated by supplier",99.999,Not Specified %,1974
5.687,0.0139565,0.00027913,None kPa,N/A,21611,['C'],A,Vacuum adiabatic calorimetry,"origin: commercial source,99.999 % (total),stated by supplier",99.999,Not Specified %,1974
5.716,0.0141401,0.000282802,None kPa,N/A,21611,['C'],A,Vacuum adiabatic calorimetry,"origin: commercial source,99.999 % (total),stated by supplier",99.999,Not Specified %,1974
5.744,0.0142067,0.000284134,None kPa,N/A,21611,['C'],A,Vacuum adiabatic calorimetry,"origin: commercial source,99.999 % (total),stated by supplier",99.999,Not Specified %,1974
5.763,0.0143973,0.000287946,None kPa,N/A,21611,['C'],A,Vacuum adiabatic calorimetry,"origin: commercial source,99.999 % (total),stated by supplier",99.999,Not Specified %,1974
5.794,0.014612,0.00029224,None kPa,N/A,21611,['C'],A,Vacuum adiabatic calorimetry,"origin: commercial source,99.999 % (total),stated by supplier",99.999,Not Specified %,1974
5.832,0.0148047,0.000296094,None kPa,N/A,21611,['C'],A,Vacuum adiabatic calorimetry,"origin: commercial source,99.999 % (total),stated by supplier",99.999,Not Specified %,1974
5.866,0.0150475,0.00030095,None kPa,N/A,21611,['C'],A,Vacuum adiabatic calorimetry,"origin: commercial source,99.999 % (total),stated by supplier",99.999,Not Specified %,1974
5.904,0.0152253,0.000304506,None kPa,N/A,21611,['C'],A,Vacuum adiabatic calorimetry,"origin: commercial source,99.999 % (total),stated by supplier",99.999,Not Specified %,1974
5.946,0.0153861,0.000307722,None kPa,N/A,21611,['C'],A,Vacuum adiabatic calorimetry,"origin: commercial source,99.999 % (total),stated by supplier",99.999,Not Specified %,1974
5.985,0.0157001,0.000314002,None kPa,N/A,21611,['C'],A,Vacuum adiabatic calorimetry,"origin: commercial source,99.999 % (total),stated by supplier",99.999,Not Specified %,1974
6.038,0.0160617,0.000321234,None kPa,N/A,21611,['C'],A,Vacuum adiabatic calorimetry,"origin: commercial source,99.999 % (total),stated by supplier",99.999,Not Specified %,1974
6.076,0.0162927,0.000325854,None kPa,N/A,21611,['C'],A,Vacuum adiabatic calorimetry,"origin: commercial source,99.999 % (total),stated by supplier",99.999,Not Specified %,1974
6.123,0.0165504,0.000331008,None kPa,N/A,21611,['C'],A,Vacuum adiabatic calorimetry,"origin: commercial source,99.999 % (total),stated by supplier",99.999,Not Specified %,1974
6.171,0.0168455,0.00033691,None kPa,N/A,21611,['C'],A,Vacuum adiabatic calorimetry,"origin: commercial source,99.999 % (total),stated by supplier",99.999,Not Specified %,1974
6.216,0.0173652,0.000347304,None kPa,N/A,21611,['C'],A,Vacuum adiabatic calorimetry,"origin: commercial source,99.999 % (total),stated by supplier",99.999,Not Specified %,1974
6.257,0.0174409,0.000348818,None kPa,N/A,21611,['C'],A,Vacuum adiabatic calorimetry,"origin: commercial source,99.999 % (total),stated by supplier",99.999,Not Specified %,1974
6.302,0.0177454,0.000354908,None kPa,N/A,21611,['C'],A,Vacuum adiabatic calorimetry,"origin: commercial source,99.999 % (total),stated by supplier",99.999,Not Specified %,1974
6.347,0.0178688,0.000357376,None kPa,N/A,21611,['C'],A,Vacuum adiabatic calorimetry,"origin: commercial source,99.999 % (total),stated by supplier",99.999,Not Specified %,1974
6.357,0.0181694,0.000363388,None kPa,N/A,21611,['C'],A,Vacuum adiabatic calorimetry,"origin: commercial source,99.999 % (total),stated by supplier",99.999,Not Specified %,1974
6.403,0.0184494,0.000368988,None kPa,N/A,21611,['C'],A,Vacuum adiabatic calorimetry,"origin: commercial source,99.999 % (total),stated by supplier",99.999,Not Specified %,1974
6.462,0.0189235,0.00037847,None kPa,N/A,21611,['C'],A,Vacuum adiabatic calorimetry,"origin: commercial source,99.999 % (total),stated by supplier",99.999,Not Specified %,1974
6.515,0.0193158,0.000386316,None kPa,N/A,21611,['C'],A,Vacuum adiabatic calorimetry,"origin: commercial source,99.999 % (total),stated by supplier",99.999,Not Specified %,1974
6.582,0.0198044,0.000396088,None kPa,N/A,21611,['C'],A,Vacuum adiabatic calorimetry,"origin: commercial source,99.999 % (total),stated by supplier",99.999,Not Specified %,1974
6.641,0.0201374,0.000402748,None kPa,N/A,21611,['C'],A,Vacuum adiabatic calorimetry,"origin: commercial source,99.999 % (total),stated by supplier",99.999,Not Specified %,1974
6.692,0.0206847,0.000413694,None kPa,N/A,21611,['C'],A,Vacuum adiabatic calorimetry,"origin: commercial source,99.999 % (total),stated by supplier",99.999,Not Specified %,1974
6.749,0.0210388,0.000420776,None kPa,N/A,21611,['C'],A,Vacuum adiabatic calorimetry,"origin: commercial source,99.999 % (total),stated by supplier",99.999,Not Specified %,1974
6.805,0.0215221,0.000430442,None kPa,N/A,21611,['C'],A,Vacuum adiabatic calorimetry,"origin: commercial source,99.999 % (total),stated by supplier",99.999,Not Specified %,1974
6.863,0.0219218,0.000438436,None kPa,N/A,21611,['C'],A,Vacuum adiabatic calorimetry,"origin: commercial source,99.999 % (total),stated by supplier",99.999,Not Specified %,1974
6.916,0.0223439,0.000446878,None kPa,N/A,21611,['C'],A,Vacuum adiabatic calorimetry,"origin: commercial source,99.999 % (total),stated by supplier",99.999,Not Specified %,1974
6.967,0.0227198,0.000454396,None kPa,N/A,21611,['C'],A,Vacuum adiabatic calorimetry,"origin: commercial source,99.999 % (total),stated by supplier",99.999,Not Specified %,1974
7.031,0.0232938,0.000465876,None kPa,N/A,21611,['C'],A,Vacuum adiabatic calorimetry,"origin: commercial source,99.999 % (total),stated by supplier",99.999,Not Specified %,1974
7.092,0.0237427,0.000474854,None kPa,N/A,21611,['C'],A,Vacuum adiabatic calorimetry,"origin: commercial source,99.999 % (total),stated by supplier",99.999,Not Specified %,1974
7.101,0.0241122,0.000482244,None kPa,N/A,21611,['C'],A,Vacuum adiabatic calorimetry,"origin: commercial source,99.999 % (total),stated by supplier",99.999,Not Specified %,1974
7.204,0.0247891,0.000495782,None kPa,N/A,21611,['C'],A,Vacuum adiabatic calorimetry,"origin: commercial source,99.999 % (total),stated by supplier",99.999,Not Specified %,1974
7.243,0.0250397,0.000500794,None kPa,N/A,21611,['C'],A,Vacuum adiabatic calorimetry,"origin: commercial source,99.999 % (total),stated by supplier",99.999,Not Specified %,1974
7.29,0.0255885,0.00051177,None kPa,N/A,21611,['C'],A,Vacuum adiabatic calorimetry,"origin: commercial source,99.999 % (total),stated by supplier",99.999,Not Specified %,1974
308.15,24.5601,1.84201,None kPa,N/A,22556,['C'],A,Drop ice or diphenyl ether calorimetry,"not stated,99.996 % (total)",99.996,Not Specified %,1976
310.15,24.6019,1.84514,None kPa,N/A,22556,['C'],A,Drop ice or diphenyl ether calorimetry,"not stated,99.996 % (total)",99.996,Not Specified %,1976
311.15,24.6019,1.84514,None kPa,N/A,22556,['C'],A,Drop ice or diphenyl ether calorimetry,"not stated,99.996 % (total)",99.996,Not Specified %,1976
312.15,24.6438,1.84828,None kPa,N/A,22556,['C'],A,Drop ice or diphenyl ether calorimetry,"not stated,99.996 % (total)",99.996,Not Specified %,1976
313.15,24.6438,1.84828,None kPa,N/A,22556,['C'],A,Drop ice or diphenyl ether calorimetry,"not stated,99.996 % (total)",99.996,Not Specified %,1976
315.15,24.6856,1.85142,None kPa,N/A,22556,['C'],A,Drop ice or diphenyl ether calorimetry,"not stated,99.996 % (total)",99.996,Not Specified %,1976
316.15,24.6856,1.85142,None kPa,N/A,22556,['C'],A,Drop ice or diphenyl ether calorimetry,"not stated,99.996 % (total)",99.996,Not Specified %,1976
319.15,24.7274,1.85456,None kPa,N/A,22556,['C'],A,Drop ice or diphenyl ether calorimetry,"not stated,99.996 % (total)",99.996,Not Specified %,1976
320.15,24.7274,1.85456,None kPa,N/A,22556,['C'],A,Drop ice or diphenyl ether calorimetry,"not stated,99.996 % (total)",99.996,Not Specified %,1976
321.15,24.7693,1.8577,None kPa,N/A,22556,['C'],A,Drop ice or diphenyl ether calorimetry,"not stated,99.996 % (total)",99.996,Not Specified %,1976
323.15,24.7693,1.8577,None kPa,N/A,22556,['C'],A,Drop ice or diphenyl ether calorimetry,"not stated,99.996 % (total)",99.996,Not Specified %,1976
325.15,24.8111,1.86083,None kPa,N/A,22556,['C'],A,Drop ice or diphenyl ether calorimetry,"not stated,99.996 % (total)",99.996,Not Specified %,1976
327.15,24.8111,1.86083,None kPa,N/A,22556,['C'],A,Drop ice or diphenyl ether calorimetry,"not stated,99.996 % (total)",99.996,Not Specified %,1976
328.15,24.853,1.86397,None kPa,N/A,22556,['C'],A,Drop ice or diphenyl ether calorimetry,"not stated,99.996 % (total)",99.996,Not Specified %,1976
330.15,24.853,1.86397,None kPa,N/A,22556,['C'],A,Drop ice or diphenyl ether calorimetry,"not stated,99.996 % (total)",99.996,Not Specified %,1976
331.15,24.853,1.86397,None kPa,N/A,22556,['C'],A,Drop ice or diphenyl ether calorimetry,"not stated,99.996 % (total)",99.996,Not Specified %,1976
332.15,24.8948,1.86711,None kPa,N/A,22556,['C'],A,Drop ice or diphenyl ether calorimetry,"not stated,99.996 % (total)",99.996,Not Specified %,1976
334.15,24.8948,1.86711,None kPa,N/A,22556,['C'],A,Drop ice or diphenyl ether calorimetry,"not stated,99.996 % (total)",99.996,Not Specified %,1976
335.15,24.8948,1.86711,None kPa,N/A,22556,['C'],A,Drop ice or diphenyl ether calorimetry,"not stated,99.996 % (total)",99.996,Not Specified %,1976
336.15,24.9366,1.87025,None kPa,N/A,22556,['C'],A,Drop ice or diphenyl ether calorimetry,"not stated,99.996 % (total)",99.996,Not Specified %,1976
338.15,24.9366,1.87025,None kPa,N/A,22556,['C'],A,Drop ice or diphenyl ether calorimetry,"not stated,99.996 % (total)",99.996,Not Specified %,1976
339.15,24.9785,1.87339,None kPa,N/A,22556,['C'],A,Drop ice or diphenyl ether calorimetry,"not stated,99.996 % (total)",99.996,Not Specified %,1976
341.15,24.9785,1.87339,None kPa,N/A,22556,['C'],A,Drop ice or diphenyl ether calorimetry,"not stated,99.996 % (total)",99.996,Not Specified %,1976
342.15,24.9785,1.87339,None kPa,N/A,22556,['C'],A,Drop ice or diphenyl ether calorimetry,"not stated,99.996 % (total)",99.996,Not Specified %,1976
343.15,25.0203,1.87652,None kPa,N/A,22556,['C'],A,Drop ice or diphenyl ether calorimetry,"not stated,99.996 % (total)",99.996,Not Specified %,1976
345.15,25.0203,1.87652,None kPa,N/A,22556,['C'],A,Drop ice or diphenyl ether calorimetry,"not stated,99.996 % (total)",99.996,Not Specified %,1976
346.15,25.0203,1.87652,None kPa,N/A,22556,['C'],A,Drop ice or diphenyl ether calorimetry,"not stated,99.996 % (total)",99.996,Not Specified %,1976
347.15,25.0203,1.87652,None kPa,N/A,22556,['C'],A,Drop ice or diphenyl ether calorimetry,"not stated,99.996 % (total)",99.996,Not Specified %,1976
349.15,25.0622,1.87966,None kPa,N/A,22556,['C'],A,Drop ice or diphenyl ether calorimetry,"not stated,99.996 % (total)",99.996,Not Specified %,1976
351.15,25.0622,1.87966,None kPa,N/A,22556,['C'],A,Drop ice or diphenyl ether calorimetry,"not stated,99.996 % (total)",99.996,Not Specified %,1976
353.15,25.104,1.8828,None kPa,N/A,22556,['C'],A,Drop ice or diphenyl ether calorimetry,"not stated,99.996 % (total)",99.996,Not Specified %,1976
355.15,25.104,1.8828,None kPa,N/A,22556,['C'],A,Drop ice or diphenyl ether calorimetry,"not stated,99.996 % (total)",99.996,Not Specified %,1976
357.15,25.1458,1.88594,None kPa,N/A,22556,['C'],A,Drop ice or diphenyl ether calorimetry,"not stated,99.996 % (total)",99.996,Not Specified %,1976
360.15,25.1458,1.88594,None kPa,N/A,22556,['C'],A,Drop ice or diphenyl ether calorimetry,"not stated,99.996 % (total)",99.996,Not Specified %,1976
363.15,25.1877,1.88908,None kPa,N/A,22556,['C'],A,Drop ice or diphenyl ether calorimetry,"not stated,99.996 % (total)",99.996,Not Specified %,1976
365.15,25.1877,1.88908,None kPa,N/A,22556,['C'],A,Drop ice or diphenyl ether calorimetry,"not stated,99.996 % (total)",99.996,Not Specified %,1976
367.15,25.1877,1.88908,None kPa,N/A,22556,['C'],A,Drop ice or diphenyl ether calorimetry,"not stated,99.996 % (total)",99.996,Not Specified %,1976
370.15,25.2295,1.89221,None kPa,N/A,22556,['C'],A,Drop ice or diphenyl ether calorimetry,"not stated,99.996 % (total)",99.996,Not Specified %,1976
373.15,25.2295,1.89221,None kPa,N/A,22556,['C'],A,Drop ice or diphenyl ether calorimetry,"not stated,99.996 % (total)",99.996,Not Specified %,1976
375.15,25.2714,1.89535,None kPa,N/A,22556,['C'],A,Drop ice or diphenyl ether calorimetry,"not stated,99.996 % (total)",99.996,Not Specified %,1976
379.15,25.2714,1.89535,None kPa,N/A,22556,['C'],A,Drop ice or diphenyl ether calorimetry,"not stated,99.996 % (total)",99.996,Not Specified %,1976
381.15,25.2714,1.89535,None kPa,N/A,22556,['C'],A,Drop ice or diphenyl ether calorimetry,"not stated,99.996 % (total)",99.996,Not Specified %,1976
384.15,25.3132,1.89849,None kPa,N/A,22556,['C'],A,Drop ice or diphenyl ether calorimetry,"not stated,99.996 % (total)",99.996,Not Specified %,1976
386.15,25.3132,1.89849,None kPa,N/A,22556,['C'],A,Drop ice or diphenyl ether calorimetry,"not stated,99.996 % (total)",99.996,Not Specified %,1976
388.15,25.3132,1.89849,None kPa,N/A,22556,['C'],A,Drop ice or diphenyl ether calorimetry,"not stated,99.996 % (total)",99.996,Not Specified %,1976
392.15,25.3132,1.89849,None kPa,N/A,22556,['C'],A,Drop ice or diphenyl ether calorimetry,"not stated,99.996 % (total)",99.996,Not Specified %,1976
395.15,25.3132,1.89849,None kPa,N/A,22556,['C'],A,Drop ice or diphenyl ether calorimetry,"not stated,99.996 % (total)",99.996,Not Specified %,1976
399.15,25.355,1.90163,None kPa,N/A,22556,['C'],A,Drop ice or diphenyl ether calorimetry,"not stated,99.996 % (total)",99.996,Not Specified %,1976
404.15,25.355,1.90163,None kPa,N/A,22556,['C'],A,Drop ice or diphenyl ether calorimetry,"not stated,99.996 % (total)",99.996,Not Specified %,1976
407.15,25.355,1.90163,None kPa,N/A,22556,['C'],A,Drop ice or diphenyl ether calorimetry,"not stated,99.996 % (total)",99.996,Not Specified %,1976
410.15,25.355,1.90163,None kPa,N/A,22556,['C'],A,Drop ice or diphenyl ether calorimetry,"not stated,99.996 % (total)",99.996,Not Specified %,1976
413.15,25.355,1.90163,None kPa,N/A,22556,['C'],A,Drop ice or diphenyl ether calorimetry,"not stated,99.996 % (total)",99.996,Not Specified %,1976
415.15,25.355,1.90163,None kPa,N/A,22556,['C'],A,Drop ice or diphenyl ether calorimetry,"not stated,99.996 % (total)",99.996,Not Specified %,1976
417.15,25.3132,1.89849,None kPa,N/A,22556,['C'],A,Drop ice or diphenyl ether calorimetry,"not stated,99.996 % (total)",99.996,Not Specified %,1976
415.15,25.2714,1.89535,None kPa,N/A,22556,['C'],A,Drop ice or diphenyl ether calorimetry,"not stated,99.996 % (total)",99.996,Not Specified %,1976
414.15,25.2714,1.89535,None kPa,N/A,22556,['C'],A,Drop ice or diphenyl ether calorimetry,"not stated,99.996 % (total)",99.996,Not Specified %,1976
412.15,25.2714,1.89535,None kPa,N/A,22556,['C'],A,Drop ice or diphenyl ether calorimetry,"not stated,99.996 % (total)",99.996,Not Specified %,1976
410.15,25.2295,1.89221,None kPa,N/A,22556,['C'],A,Drop ice or diphenyl ether calorimetry,"not stated,99.996 % (total)",99.996,Not Specified %,1976
408.15,25.2295,1.89221,None kPa,N/A,22556,['C'],A,Drop ice or diphenyl ether calorimetry,"not stated,99.996 % (total)",99.996,Not Specified %,1976
406.15,25.2295,1.89221,None kPa,N/A,22556,['C'],A,Drop ice or diphenyl ether calorimetry,"not stated,99.996 % (total)",99.996,Not Specified %,1976
403.15,25.1877,1.88908,None kPa,N/A,22556,['C'],A,Drop ice or diphenyl ether calorimetry,"not stated,99.996 % (total)",99.996,Not Specified %,1976
401.15,25.1877,1.88908,None kPa,N/A,22556,['C'],A,Drop ice or diphenyl ether calorimetry,"not stated,99.996 % (total)",99.996,Not Specified %,1976
399.15,25.1458,1.88594,None kPa,N/A,22556,['C'],A,Drop ice or diphenyl ether calorimetry,"not stated,99.996 % (total)",99.996,Not Specified %,1976
397.15,25.1458,1.88594,None kPa,N/A,22556,['C'],A,Drop ice or diphenyl ether calorimetry,"not stated,99.996 % (total)",99.996,Not Specified %,1976
394.15,25.104,1.8828,None kPa,N/A,22556,['C'],A,Drop ice or diphenyl ether calorimetry,"not stated,99.996 % (total)",99.996,Not Specified %,1976
392.15,25.104,1.8828,None kPa,N/A,22556,['C'],A,Drop ice or diphenyl ether calorimetry,"not stated,99.996 % (total)",99.996,Not Specified %,1976
389.15,25.0622,1.87966,None kPa,N/A,22556,['C'],A,Drop ice or diphenyl ether calorimetry,"not stated,99.996 % (total)",99.996,Not Specified %,1976
388.15,25.0622,1.87966,None kPa,N/A,22556,['C'],A,Drop ice or diphenyl ether calorimetry,"not stated,99.996 % (total)",99.996,Not Specified %,1976
384.15,25.0203,1.87652,None kPa,N/A,22556,['C'],A,Drop ice or diphenyl ether calorimetry,"not stated,99.996 % (total)",99.996,Not Specified %,1976
383.15,25.0203,1.87652,None kPa,N/A,22556,['C'],A,Drop ice or diphenyl ether calorimetry,"not stated,99.996 % (total)",99.996,Not Specified %,1976
380.15,25.0203,1.87652,None kPa,N/A,22556,['C'],A,Drop ice or diphenyl ether calorimetry,"not stated,99.996 % (total)",99.996,Not Specified %,1976
379.15,25.0203,1.87652,None kPa,N/A,22556,['C'],A,Drop ice or diphenyl ether calorimetry,"not stated,99.996 % (total)",99.996,Not Specified %,1976
376.15,24.9785,1.87339,None kPa,N/A,22556,['C'],A,Drop ice or diphenyl ether calorimetry,"not stated,99.996 % (total)",99.996,Not Specified %,1976
374.15,24.9785,1.87339,None kPa,N/A,22556,['C'],A,Drop ice or diphenyl ether calorimetry,"not stated,99.996 % (total)",99.996,Not Specified %,1976
371.15,24.9366,1.87025,None kPa,N/A,22556,['C'],A,Drop ice or diphenyl ether calorimetry,"not stated,99.996 % (total)",99.996,Not Specified %,1976
370.15,24.9366,1.87025,None kPa,N/A,22556,['C'],A,Drop ice or diphenyl ether calorimetry,"not stated,99.996 % (total)",99.996,Not Specified %,1976
366.15,24.8948,1.86711,None kPa,N/A,22556,['C'],A,Drop ice or diphenyl ether calorimetry,"not stated,99.996 % (total)",99.996,Not Specified %,1976
365.15,24.8948,1.86711,None kPa,N/A,22556,['C'],A,Drop ice or diphenyl ether calorimetry,"not stated,99.996 % (total)",99.996,Not Specified %,1976
362.15,24.853,1.86397,None kPa,N/A,22556,['C'],A,Drop ice or diphenyl ether calorimetry,"not stated,99.996 % (total)",99.996,Not Specified %,1976
360.15,24.853,1.86397,None kPa,N/A,22556,['C'],A,Drop ice or diphenyl ether calorimetry,"not stated,99.996 % (total)",99.996,Not Specified %,1976
357.15,24.8111,1.86083,None kPa,N/A,22556,['C'],A,Drop ice or diphenyl ether calorimetry,"not stated,99.996 % (total)",99.996,Not Specified %,1976
355.15,24.8111,1.86083,None kPa,N/A,22556,['C'],A,Drop ice or diphenyl ether calorimetry,"not stated,99.996 % (total)",99.996,Not Specified %,1976
352.15,24.8111,1.86083,None kPa,N/A,22556,['C'],A,Drop ice or diphenyl ether calorimetry,"not stated,99.996 % (total)",99.996,Not Specified %,1976
350.15,24.7693,1.8577,None kPa,N/A,22556,['C'],A,Drop ice or diphenyl ether calorimetry,"not stated,99.996 % (total)",99.996,Not Specified %,1976
347.15,24.7693,1.8577,None kPa,N/A,22556,['C'],A,Drop ice or diphenyl ether calorimetry,"not stated,99.996 % (total)",99.996,Not Specified %,1976
345.15,24.7274,1.85456,None kPa,N/A,22556,['C'],A,Drop ice or diphenyl ether calorimetry,"not stated,99.996 % (total)",99.996,Not Specified %,1976
343.15,24.7274,1.85456,None kPa,N/A,22556,['C'],A,Drop ice or diphenyl ether calorimetry,"not stated,99.996 % (total)",99.996,Not Specified %,1976
340.15,24.6856,1.85142,None kPa,N/A,22556,['C'],A,Drop ice or diphenyl ether calorimetry,"not stated,99.996 % (total)",99.996,Not Specified %,1976
337.15,24.6856,1.85142,None kPa,N/A,22556,['C'],A,Drop ice or diphenyl ether calorimetry,"not stated,99.996 % (total)",99.996,Not Specified %,1976
336.15,24.6856,1.85142,None kPa,N/A,22556,['C'],A,Drop ice or diphenyl ether calorimetry,"not stated,99.996 % (total)",99.996,Not Specified %,1976
333.15,24.6438,1.84828,None kPa,N/A,22556,['C'],A,Drop ice or diphenyl ether calorimetry,"not stated,99.996 % (total)",99.996,Not Specified %,1976
331.15,24.6438,1.84828,None kPa,N/A,22556,['C'],A,Drop ice or diphenyl ether calorimetry,"not stated,99.996 % (total)",99.996,Not Specified %,1976
329.15,24.6019,1.84514,None kPa,N/A,22556,['C'],A,Drop ice or diphenyl ether calorimetry,"not stated,99.996 % (total)",99.996,Not Specified %,1976
327.15,24.6019,1.84514,None kPa,N/A,22556,['C'],A,Drop ice or diphenyl ether calorimetry,"not stated,99.996 % (total)",99.996,Not Specified %,1976
324.15,24.5601,1.84201,None kPa,N/A,22556,['C'],A,Drop ice or diphenyl ether calorimetry,"not stated,99.996 % (total)",99.996,Not Specified %,1976
322.15,24.5601,1.84201,None kPa,N/A,22556,['C'],A,Drop ice or diphenyl ether calorimetry,"not stated,99.996 % (total)",99.996,Not Specified %,1976
320.15,24.5601,1.84201,None kPa,N/A,22556,['C'],A,Drop ice or diphenyl ether calorimetry,"not stated,99.996 % (total)",99.996,Not Specified %,1976
317.15,24.5601,1.84201,None kPa,N/A,22556,['C'],A,Drop ice or diphenyl ether calorimetry,"not stated,99.996 % (total)",99.996,Not Specified %,1976
316.15,24.5182,1.83887,None kPa,N/A,22556,['C'],A,Drop ice or diphenyl ether calorimetry,"not stated,99.996 % (total)",99.996,Not Specified %,1976
314.15,24.5182,1.83887,None kPa,N/A,22556,['C'],A,Drop ice or diphenyl ether calorimetry,"not stated,99.996 % (total)",99.996,Not Specified %,1976
312.15,24.5182,1.83887,None kPa,N/A,22556,['C'],A,Drop ice or diphenyl ether calorimetry,"not stated,99.996 % (total)",99.996,Not Specified %,1976
309.15,24.5182,1.83887,None kPa,N/A,22556,['C'],A,Drop ice or diphenyl ether calorimetry,"not stated,99.996 % (total)",99.996,Not Specified %,1976
20.0,0.4601,0.0023005,101.325 kPa,N/A,25108,['C'],A,Small (less than 1 g) adiabatic calorimetry,"not stated,99.99 mole % (total),mass spectrometry,rod",99.99,Mole %,1987
30.0,1.684,0.00842,None kPa,N/A,25108,['C'],A,Small (less than 1 g) adiabatic calorimetry,"not stated,99.99 mole % (total),mass spectrometry,rod",99.99,Mole %,1987
40.0,3.724,0.01862,None kPa,N/A,25108,['C'],A,Small (less than 1 g) adiabatic calorimetry,"not stated,99.99 mole % (total),mass spectrometry,rod",99.99,Mole %,1987
50.0,6.171,0.030855,None kPa,N/A,25108,['C'],A,Small (less than 1 g) adiabatic calorimetry,"not stated,99.99 mole % (total),mass spectrometry,rod",99.99,Mole %,1987
60.0,8.636,0.04318,None kPa,N/A,25108,['C'],A,Small (less than 1 g) adiabatic calorimetry,"not stated,99.99 mole % (total),mass spectrometry,rod",99.99,Mole %,1987
70.0,10.9,0.0545,None kPa,N/A,25108,['C'],A,Small (less than 1 g) adiabatic calorimetry,"not stated,99.99 mole % (total),mass spectrometry,rod",99.99,Mole %,1987
80.0,12.88,0.0644,None kPa,N/A,25108,['C'],A,Small (less than 1 g) adiabatic calorimetry,"not stated,99.99 mole % (total),mass spectrometry,rod",99.99,Mole %,1987
90.0,14.58,0.0729,None kPa,N/A,25108,['C'],A,Small (less than 1 g) adiabatic calorimetry,"not stated,99.99 mole % (total),mass spectrometry,rod",99.99,Mole %,1987
100.0,16.02,0.0801,None kPa,N/A,25108,['C'],A,Small (less than 1 g) adiabatic calorimetry,"not stated,99.99 mole % (total),mass spectrometry,rod",99.99,Mole %,1987
110.0,17.23,0.08615,None kPa,N/A,25108,['C'],A,Small (less than 1 g) adiabatic calorimetry,"not stated,99.99 mole % (total),mass spectrometry,rod",99.99,Mole %,1987
120.0,18.25,0.09125,None kPa,N/A,25108,['C'],A,Small (less than 1 g) adiabatic calorimetry,"not stated,99.99 mole % (total),mass spectrometry,rod",99.99,Mole %,1987
130.0,19.11,0.09555,None kPa,N/A,25108,['C'],A,Small (less than 1 g) adiabatic calorimetry,"not stated,99.99 mole % (total),mass spectrometry,rod",99.99,Mole %,1987
140.0,19.84,0.0992,None kPa,N/A,25108,['C'],A,Small (less than 1 g) adiabatic calorimetry,"not stated,99.99 mole % (total),mass spectrometry,rod",99.99,Mole %,1987
150.0,20.46,0.1023,None kPa,N/A,25108,['C'],A,Small (less than 1 g) adiabatic calorimetry,"not stated,99.99 mole % (total),mass spectrometry,rod",99.99,Mole %,1987
160.0,21.01,0.10505,None kPa,N/A,25108,['C'],A,Small (less than 1 g) adiabatic calorimetry,"not stated,99.99 mole % (total),mass spectrometry,rod",99.99,Mole %,1987
170.0,21.48,0.1074,None kPa,N/A,25108,['C'],A,Small (less than 1 g) adiabatic calorimetry,"not stated,99.99 mole % (total),mass spectrometry,rod",99.99,Mole %,1987
180.0,21.89,0.10945,None kPa,N/A,25108,['C'],A,Small (less than 1 g) adiabatic calorimetry,"not stated,99.99 mole % (total),mass spectrometry,rod",99.99,Mole %,1987
190.0,22.24,0.1112,None kPa,N/A,25108,['C'],A,Small (less than 1 g) adiabatic calorimetry,"not stated,99.99 mole % (total),mass spectrometry,rod",99.99,Mole %,1987
200.0,22.56,0.1128,None kPa,N/A,25108,['C'],A,Small (less than 1 g) adiabatic calorimetry,"not stated,99.99 mole % (total),mass spectrometry,rod",99.99,Mole %,1987
210.0,22.84,0.1142,None kPa,N/A,25108,['C'],A,Small (less than 1 g) adiabatic calorimetry,"not stated,99.99 mole % (total),mass spectrometry,rod",99.99,Mole %,1987
220.0,23.1,0.1155,None kPa,N/A,25108,['C'],A,Small (less than 1 g) adiabatic calorimetry,"not stated,99.99 mole % (total),mass spectrometry,rod",99.99,Mole %,1987
230.0,23.33,0.11665,None kPa,N/A,25108,['C'],A,Small (less than 1 g) adiabatic calorimetry,"not stated,99.99 mole % (total),mass spectrometry,rod",99.99,Mole %,1987
240.0,23.53,0.11765,None kPa,N/A,25108,['C'],A,Small (less than 1 g) adiabatic calorimetry,"not stated,99.99 mole % (total),mass spectrometry,rod",99.99,Mole %,1987
250.0,23.71,0.11855,None kPa,N/A,25108,['C'],A,Small (less than 1 g) adiabatic calorimetry,"not stated,99.99 mole % (total),mass spectrometry,rod",99.99,Mole %,1987
260.0,23.88,0.1194,None kPa,N/A,25108,['C'],A,Small (less than 1 g) adiabatic calorimetry,"not stated,99.99 mole % (total),mass spectrometry,rod",99.99,Mole %,1987
270.0,24.04,0.1202,None kPa,N/A,25108,['C'],A,Small (less than 1 g) adiabatic calorimetry,"not stated,99.99 mole % (total),mass spectrometry,rod",99.99,Mole %,1987
280.0,24.19,0.12095,None kPa,N/A,25108,['C'],A,Small (less than 1 g) adiabatic calorimetry,"not stated,99.99 mole % (total),mass spectrometry,rod",99.99,Mole %,1987
290.0,24.33,0.12165,None kPa,N/A,25108,['C'],A,Small (less than 1 g) adiabatic calorimetry,"not stated,99.99 mole % (total),mass spectrometry,rod",99.99,Mole %,1987
300.0,24.45,0.12225,None kPa,N/A,25108,['C'],A,Small (less than 1 g) adiabatic calorimetry,"not stated,99.99 mole % (total),mass spectrometry,rod",99.99,Mole %,1987
310.0,24.56,0.1228,None kPa,N/A,25108,['C'],A,Small (less than 1 g) adiabatic calorimetry,"not stated,99.99 mole % (total),mass spectrometry,rod",99.99,Mole %,1987
320.0,24.68,0.1234,None kPa,N/A,25108,['C'],A,Small (less than 1 g) adiabatic calorimetry,"not stated,99.99 mole % (total),mass spectrometry,rod",99.99,Mole %,1987
298.15,24.328,0.72984,None kPa,N/A,27729,['C'],A,Drop calorimetry,"origin: commercial source,99.996 weight % (total),",99.996,Weight %,2002
298.15,24.354,0.73062,None kPa,N/A,27729,['C'],A,Drop calorimetry,"origin: commercial source,99.996 weight % (total),",99.996,Weight %,2002
298.15,24.407,0.73221,None kPa,N/A,27729,['C'],A,Drop calorimetry,"origin: commercial source,99.996 weight % (total),",99.996,Weight %,2002
322.8,24.407,0.73221,None kPa,N/A,27729,['C'],A,Drop calorimetry,"origin: commercial source,99.996 weight % (total),",99.996,Weight %,2002
341.8,24.806,0.74418,None kPa,N/A,27729,['C'],A,Drop calorimetry,"origin: commercial source,99.996 weight % (total),",99.996,Weight %,2002
352.6,24.461,0.73383,None kPa,N/A,27729,['C'],A,Drop calorimetry,"origin: commercial source,99.996 weight % (total),",99.996,Weight %,2002
360.5,24.78,0.7434,None kPa,N/A,27729,['C'],A,Drop calorimetry,"origin: commercial source,99.996 weight % (total),",99.996,Weight %,2002
404.6,25.045,0.75135,None kPa,N/A,27729,['C'],A,Drop calorimetry,"origin: commercial source,99.996 weight % (total),",99.996,Weight %,2002
472.5,25.79,0.7737,None kPa,N/A,27729,['C'],A,Drop calorimetry,"origin: commercial source,99.996 weight % (total),",99.996,Weight %,2002
488.3,25.003,0.75009,None kPa,N/A,27729,['C'],A,Drop calorimetry,"origin: commercial source,99.996 weight % (total),",99.996,Weight %,2002
490.7,25.923,0.77769,None kPa,N/A,27729,['C'],A,Drop calorimetry,"origin: commercial source,99.996 weight % (total),",99.996,Weight %,2002
522.3,26.136,0.78408,None kPa,N/A,27729,['C'],A,Drop calorimetry,"origin: commercial source,99.996 weight % (total),",99.996,Weight %,2002
553.4,26.136,0.78408,None kPa,N/A,27729,['C'],A,Drop calorimetry,"origin: commercial source,99.996 weight % (total),",99.996,Weight %,2002
573.4,26.588,0.79764,None kPa,N/A,27729,['C'],A,Drop calorimetry,"origin: commercial source,99.996 weight % (total),",99.996,Weight %,2002
593.0,26.588,0.79764,None kPa,N/A,27729,['C'],A,Drop calorimetry,"origin: commercial source,99.996 weight % (total),",99.996,Weight %,2002
612.0,26.508,0.79524,None kPa,N/A,27729,['C'],A,Drop calorimetry,"origin: commercial source,99.996 weight % (total),",99.996,Weight %,2002
641.7,26.641,0.79923,None kPa,N/A,27729,['C'],A,Drop calorimetry,"origin: commercial source,99.996 weight % (total),",99.996,Weight %,2002
663.2,26.588,0.79764,None kPa,N/A,27729,['C'],A,Drop calorimetry,"origin: commercial source,99.996 weight % (total),",99.996,Weight %,2002
676.7,26.72,0.8016,None kPa,N/A,27729,['C'],A,Drop calorimetry,"origin: commercial source,99.996 weight % (total),",99.996,Weight %,2002
691.5,26.853,0.80559,None kPa,N/A,27729,['C'],A,Drop calorimetry,"origin: commercial source,99.996 weight % (total),",99.996,Weight %,2002
737.5,27.545,0.82635,None kPa,N/A,27729,['C'],A,Drop calorimetry,"origin: commercial source,99.996 weight % (total),",99.996,Weight %,2002
780.0,27.199,0.81597,None kPa,N/A,27729,['C'],A,Drop calorimetry,"origin: commercial source,99.996 weight % (total),",99.996,Weight %,2002
792.9,27.412,0.82236,None kPa,N/A,27729,['C'],A,Drop calorimetry,"origin: commercial source,99.996 weight % (total),",99.996,Weight %,2002
857.8,28.076,0.84228,None kPa,N/A,27729,['C'],A,Drop calorimetry,"origin: commercial source,99.996 weight % (total),",99.996,Weight %,2002
877.4,27.731,0.83193,None kPa,N/A,27729,['C'],A,Drop calorimetry,"origin: commercial source,99.996 weight % (total),",99.996,Weight %,2002
902.8,28.103,0.84309,None kPa,N/A,27729,['C'],A,Drop calorimetry,"origin: commercial source,99.996 weight % (total),",99.996,Weight %,2002
6.56,0.0232,0.0005,None kPa,N/A,28437,['C'],A,Adiabatic calorimeter (non-vacuum) ,"origin: synthesized by others,99.999 weight % (total),spectroscopy,chunk",99.999,Weight %,2004
7.16,0.0255,0.0005,None kPa,N/A,28437,['C'],A,Adiabatic calorimeter (non-vacuum) ,"origin: synthesized by others,99.999 weight % (total),spectroscopy,chunk",99.999,Weight %,2004
7.85,0.0323,0.0006,None kPa,N/A,28437,['C'],A,Adiabatic calorimeter (non-vacuum) ,"origin: synthesized by others,99.999 weight % (total),spectroscopy,chunk",99.999,Weight %,2004
8.64,0.04,0.0008,None kPa,N/A,28437,['C'],A,Adiabatic calorimeter (non-vacuum) ,"origin: synthesized by others,99.999 weight % (total),spectroscopy,chunk",99.999,Weight %,2004
9.55,0.0534,0.0011,None kPa,N/A,28437,['C'],A,Adiabatic calorimeter (non-vacuum) ,"origin: synthesized by others,99.999 weight % (total),spectroscopy,chunk",99.999,Weight %,2004
10.51,0.0663,0.0013,None kPa,N/A,28437,['C'],A,Adiabatic calorimeter (non-vacuum) ,"origin: synthesized by others,99.999 weight % (total),spectroscopy,chunk",99.999,Weight %,2004
11.42,0.0839,0.0017,None kPa,N/A,28437,['C'],A,Adiabatic calorimeter (non-vacuum) ,"origin: synthesized by others,99.999 weight % (total),spectroscopy,chunk",99.999,Weight %,2004
12.43,0.1121,0.0022,None kPa,N/A,28437,['C'],A,Adiabatic calorimeter (non-vacuum) ,"origin: synthesized by others,99.999 weight % (total),spectroscopy,chunk",99.999,Weight %,2004
13.56,0.137,0.0027,None kPa,N/A,28437,['C'],A,Adiabatic calorimeter (non-vacuum) ,"origin: synthesized by others,99.999 weight % (total),spectroscopy,chunk",99.999,Weight %,2004
14.81,0.1926,0.0019,None kPa,N/A,28437,['C'],A,Adiabatic calorimeter (non-vacuum) ,"origin: synthesized by others,99.999 weight % (total),spectroscopy,chunk",99.999,Weight %,2004
16.17,0.2314,0.0023,None kPa,N/A,28437,['C'],A,Adiabatic calorimeter (non-vacuum) ,"origin: synthesized by others,99.999 weight % (total),spectroscopy,chunk",99.999,Weight %,2004
17.69,0.304,0.003,None kPa,N/A,28437,['C'],A,Adiabatic calorimeter (non-vacuum) ,"origin: synthesized by others,99.999 weight % (total),spectroscopy,chunk",99.999,Weight %,2004
19.34,0.4106,0.0041,None kPa,N/A,28437,['C'],A,Adiabatic calorimeter (non-vacuum) ,"origin: synthesized by others,99.999 weight % (total),spectroscopy,chunk",99.999,Weight %,2004
20.19,0.4727,0.0047,None kPa,N/A,28437,['C'],A,Adiabatic calorimeter (non-vacuum) ,"origin: synthesized by others,99.999 weight % (total),spectroscopy,chunk",99.999,Weight %,2004
21.13,0.5555,0.0056,None kPa,N/A,28437,['C'],A,Adiabatic calorimeter (non-vacuum) ,"origin: synthesized by others,99.999 weight % (total),spectroscopy,chunk",99.999,Weight %,2004
21.94,0.6242,0.0062,None kPa,N/A,28437,['C'],A,Adiabatic calorimeter (non-vacuum) ,"origin: synthesized by others,99.999 weight % (total),spectroscopy,chunk",99.999,Weight %,2004
23.08,0.7448,0.0074,None kPa,N/A,28437,['C'],A,Adiabatic calorimeter (non-vacuum) ,"origin: synthesized by others,99.999 weight % (total),spectroscopy,chunk",99.999,Weight %,2004
23.76,0.8181,0.0082,None kPa,N/A,28437,['C'],A,Adiabatic calorimeter (non-vacuum) ,"origin: synthesized by others,99.999 weight % (total),spectroscopy,chunk",99.999,Weight %,2004
25.79,1.0579,0.0042,None kPa,N/A,28437,['C'],A,Adiabatic calorimeter (non-vacuum) ,"origin: synthesized by others,99.999 weight % (total),spectroscopy,chunk",99.999,Weight %,2004
28.01,1.3702,0.0055,None kPa,N/A,28437,['C'],A,Adiabatic calorimeter (non-vacuum) ,"origin: synthesized by others,99.999 weight % (total),spectroscopy,chunk",99.999,Weight %,2004
30.46,1.7612,0.007,None kPa,N/A,28437,['C'],A,Adiabatic calorimeter (non-vacuum) ,"origin: synthesized by others,99.999 weight % (total),spectroscopy,chunk",99.999,Weight %,2004
33.17,2.2593,0.009,None kPa,N/A,28437,['C'],A,Adiabatic calorimeter (non-vacuum) ,"origin: synthesized by others,99.999 weight % (total),spectroscopy,chunk",99.999,Weight %,2004
36.05,2.8525,0.0114,None kPa,N/A,28437,['C'],A,Adiabatic calorimeter (non-vacuum) ,"origin: synthesized by others,99.999 weight % (total),spectroscopy,chunk",99.999,Weight %,2004
37.57,3.1732,0.0127,None kPa,N/A,28437,['C'],A,Adiabatic calorimeter (non-vacuum) ,"origin: synthesized by others,99.999 weight % (total),spectroscopy,chunk",99.999,Weight %,2004
39.01,3.497,0.014,None kPa,N/A,28437,['C'],A,Adiabatic calorimeter (non-vacuum) ,"origin: synthesized by others,99.999 weight % (total),spectroscopy,chunk",99.999,Weight %,2004
40.74,3.8984,0.0078,None kPa,N/A,28437,['C'],A,Adiabatic calorimeter (non-vacuum) ,"origin: synthesized by others,99.999 weight % (total),spectroscopy,chunk",99.999,Weight %,2004
44.1,4.7081,0.0094,None kPa,N/A,28437,['C'],A,Adiabatic calorimeter (non-vacuum) ,"origin: synthesized by others,99.999 weight % (total),spectroscopy,chunk",99.999,Weight %,2004
45.89,5.1458,0.0103,None kPa,N/A,28437,['C'],A,Adiabatic calorimeter (non-vacuum) ,"origin: synthesized by others,99.999 weight % (total),spectroscopy,chunk",99.999,Weight %,2004
47.52,5.5489,0.0111,None kPa,N/A,28437,['C'],A,Adiabatic calorimeter (non-vacuum) ,"origin: synthesized by others,99.999 weight % (total),spectroscopy,chunk",99.999,Weight %,2004
49.38,6.0253,0.0121,None kPa,N/A,28437,['C'],A,Adiabatic calorimeter (non-vacuum) ,"origin: synthesized by others,99.999 weight % (total),spectroscopy,chunk",99.999,Weight %,2004
52.99,6.9332,0.0139,None kPa,N/A,28437,['C'],A,Adiabatic calorimeter (non-vacuum) ,"origin: synthesized by others,99.999 weight % (total),spectroscopy,chunk",99.999,Weight %,2004
54.47,7.2807,0.0146,None kPa,N/A,28437,['C'],A,Adiabatic calorimeter (non-vacuum) ,"origin: synthesized by others,99.999 weight % (total),spectroscopy,chunk",99.999,Weight %,2004
56.65,7.8371,0.0157,None kPa,N/A,28437,['C'],A,Adiabatic calorimeter (non-vacuum) ,"origin: synthesized by others,99.999 weight % (total),spectroscopy,chunk",99.999,Weight %,2004
56.87,7.8818,0.0158,None kPa,N/A,28437,['C'],A,Adiabatic calorimeter (non-vacuum) ,"origin: synthesized by others,99.999 weight % (total),spectroscopy,chunk",99.999,Weight %,2004
59.76,8.5815,0.0172,None kPa,N/A,28437,['C'],A,Adiabatic calorimeter (non-vacuum) ,"origin: synthesized by others,99.999 weight % (total),spectroscopy,chunk",99.999,Weight %,2004
62.64,9.2716,0.0046,None kPa,N/A,28437,['C'],A,Adiabatic calorimeter (non-vacuum) ,"origin: synthesized by others,99.999 weight % (total),spectroscopy,chunk",99.999,Weight %,2004
66.47,10.136,0.005,None kPa,N/A,28437,['C'],A,Adiabatic calorimeter (non-vacuum) ,"origin: synthesized by others,99.999 weight % (total),spectroscopy,chunk",99.999,Weight %,2004
71.22,11.164,0.006,None kPa,N/A,28437,['C'],A,Adiabatic calorimeter (non-vacuum) ,"origin: synthesized by others,99.999 weight % (total),spectroscopy,chunk",99.999,Weight %,2004
75.97,12.131,0.006,None kPa,N/A,28437,['C'],A,Adiabatic calorimeter (non-vacuum) ,"origin: synthesized by others,99.999 weight % (total),spectroscopy,chunk",99.999,Weight %,2004
80.79,13.04,0.007,None kPa,N/A,28437,['C'],A,Adiabatic calorimeter (non-vacuum) ,"origin: synthesized by others,99.999 weight % (total),spectroscopy,chunk",99.999,Weight %,2004
85.65,13.887,0.007,None kPa,N/A,28437,['C'],A,Adiabatic calorimeter (non-vacuum) ,"origin: synthesized by others,99.999 weight % (total),spectroscopy,chunk",99.999,Weight %,2004
90.55,14.676,0.007,None kPa,N/A,28437,['C'],A,Adiabatic calorimeter (non-vacuum) ,"origin: synthesized by others,99.999 weight % (total),spectroscopy,chunk",99.999,Weight %,2004
95.49,15.408,0.008,None kPa,N/A,28437,['C'],A,Adiabatic calorimeter (non-vacuum) ,"origin: synthesized by others,99.999 weight % (total),spectroscopy,chunk",99.999,Weight %,2004
100.46,16.084,0.008,None kPa,N/A,28437,['C'],A,Adiabatic calorimeter (non-vacuum) ,"origin: synthesized by others,99.999 weight % (total),spectroscopy,chunk",99.999,Weight %,2004
105.45,16.706,0.008,None kPa,N/A,28437,['C'],A,Adiabatic calorimeter (non-vacuum) ,"origin: synthesized by others,99.999 weight % (total),spectroscopy,chunk",99.999,Weight %,2004
110.46,17.282,0.009,None kPa,N/A,28437,['C'],A,Adiabatic calorimeter (non-vacuum) ,"origin: synthesized by others,99.999 weight % (total),spectroscopy,chunk",99.999,Weight %,2004
115.49,17.81,0.009,None kPa,N/A,28437,['C'],A,Adiabatic calorimeter (non-vacuum) ,"origin: synthesized by others,99.999 weight % (total),spectroscopy,chunk",99.999,Weight %,2004
120.54,18.295,0.009,None kPa,N/A,28437,['C'],A,Adiabatic calorimeter (non-vacuum) ,"origin: synthesized by others,99.999 weight % (total),spectroscopy,chunk",99.999,Weight %,2004
125.61,18.746,0.009,None kPa,N/A,28437,['C'],A,Adiabatic calorimeter (non-vacuum) ,"origin: synthesized by others,99.999 weight % (total),spectroscopy,chunk",99.999,Weight %,2004
130.68,19.157,0.01,None kPa,N/A,28437,['C'],A,Adiabatic calorimeter (non-vacuum) ,"origin: synthesized by others,99.999 weight % (total),spectroscopy,chunk",99.999,Weight %,2004
134.74,19.466,0.01,None kPa,N/A,28437,['C'],A,Adiabatic calorimeter (non-vacuum) ,"origin: synthesized by others,99.999 weight % (total),spectroscopy,chunk",99.999,Weight %,2004
135.77,19.542,0.01,None kPa,N/A,28437,['C'],A,Adiabatic calorimeter (non-vacuum) ,"origin: synthesized by others,99.999 weight % (total),spectroscopy,chunk",99.999,Weight %,2004
139.84,19.823,0.01,None kPa,N/A,28437,['C'],A,Adiabatic calorimeter (non-vacuum) ,"origin: synthesized by others,99.999 weight % (total),spectroscopy,chunk",99.999,Weight %,2004
140.87,19.889,0.01,None kPa,N/A,28437,['C'],A,Adiabatic calorimeter (non-vacuum) ,"origin: synthesized by others,99.999 weight % (total),spectroscopy,chunk",99.999,Weight %,2004
144.94,20.156,0.01,None kPa,N/A,28437,['C'],A,Adiabatic calorimeter (non-vacuum) ,"origin: synthesized by others,99.999 weight % (total),spectroscopy,chunk",99.999,Weight %,2004
150.05,20.465,0.01,None kPa,N/A,28437,['C'],A,Adiabatic calorimeter (non-vacuum) ,"origin: synthesized by others,99.999 weight % (total),spectroscopy,chunk",99.999,Weight %,2004
155.17,20.75,0.01,None kPa,N/A,28437,['C'],A,Adiabatic calorimeter (non-vacuum) ,"origin: synthesized by others,99.999 weight % (total),spectroscopy,chunk",99.999,Weight %,2004
160.3,21.019,0.011,None kPa,N/A,28437,['C'],A,Adiabatic calorimeter (non-vacuum) ,"origin: synthesized by others,99.999 weight % (total),spectroscopy,chunk",99.999,Weight %,2004
165.43,21.267,0.011,None kPa,N/A,28437,['C'],A,Adiabatic calorimeter (non-vacuum) ,"origin: synthesized by others,99.999 weight % (total),spectroscopy,chunk",99.999,Weight %,2004
170.57,21.5,0.011,None kPa,N/A,28437,['C'],A,Adiabatic calorimeter (non-vacuum) ,"origin: synthesized by others,99.999 weight % (total),spectroscopy,chunk",99.999,Weight %,2004
175.7,21.718,0.011,None kPa,N/A,28437,['C'],A,Adiabatic calorimeter (non-vacuum) ,"origin: synthesized by others,99.999 weight % (total),spectroscopy,chunk",99.999,Weight %,2004
180.85,21.92,0.011,None kPa,N/A,28437,['C'],A,Adiabatic calorimeter (non-vacuum) ,"origin: synthesized by others,99.999 weight % (total),spectroscopy,chunk",99.999,Weight %,2004
186.0,22.107,0.011,None kPa,N/A,28437,['C'],A,Adiabatic calorimeter (non-vacuum) ,"origin: synthesized by others,99.999 weight % (total),spectroscopy,chunk",99.999,Weight %,2004
191.15,22.281,0.011,None kPa,N/A,28437,['C'],A,Adiabatic calorimeter (non-vacuum) ,"origin: synthesized by others,99.999 weight % (total),spectroscopy,chunk",99.999,Weight %,2004
193.33,22.353,0.011,None kPa,N/A,28437,['C'],A,Adiabatic calorimeter (non-vacuum) ,"origin: synthesized by others,99.999 weight % (total),spectroscopy,chunk",99.999,Weight %,2004
196.3,22.446,0.011,None kPa,N/A,28437,['C'],A,Adiabatic calorimeter (non-vacuum) ,"origin: synthesized by others,99.999 weight % (total),spectroscopy,chunk",99.999,Weight %,2004
198.48,22.512,0.011,None kPa,N/A,28437,['C'],A,Adiabatic calorimeter (non-vacuum) ,"origin: synthesized by others,99.999 weight % (total),spectroscopy,chunk",99.999,Weight %,2004
201.46,22.598,0.011,None kPa,N/A,28437,['C'],A,Adiabatic calorimeter (non-vacuum) ,"origin: synthesized by others,99.999 weight % (total),spectroscopy,chunk",99.999,Weight %,2004
203.64,22.656,0.011,None kPa,N/A,28437,['C'],A,Adiabatic calorimeter (non-vacuum) ,"origin: synthesized by others,99.999 weight % (total),spectroscopy,chunk",99.999,Weight %,2004
206.62,22.739,0.011,None kPa,N/A,28437,['C'],A,Adiabatic calorimeter (non-vacuum) ,"origin: synthesized by others,99.999 weight % (total),spectroscopy,chunk",99.999,Weight %,2004
208.8,22.789,0.011,None kPa,N/A,28437,['C'],A,Adiabatic calorimeter (non-vacuum) ,"origin: synthesized by others,99.999 weight % (total),spectroscopy,chunk",99.999,Weight %,2004
213.96,22.928,0.011,None kPa,N/A,28437,['C'],A,Adiabatic calorimeter (non-vacuum) ,"origin: synthesized by others,99.999 weight % (total),spectroscopy,chunk",99.999,Weight %,2004
219.13,23.064,0.012,None kPa,N/A,28437,['C'],A,Adiabatic calorimeter (non-vacuum) ,"origin: synthesized by others,99.999 weight % (total),spectroscopy,chunk",99.999,Weight %,2004
224.29,23.194,0.012,None kPa,N/A,28437,['C'],A,Adiabatic calorimeter (non-vacuum) ,"origin: synthesized by others,99.999 weight % (total),spectroscopy,chunk",99.999,Weight %,2004
229.45,23.309,0.012,None kPa,N/A,28437,['C'],A,Adiabatic calorimeter (non-vacuum) ,"origin: synthesized by others,99.999 weight % (total),spectroscopy,chunk",99.999,Weight %,2004
232.56,23.38,0.012,None kPa,N/A,28437,['C'],A,Adiabatic calorimeter (non-vacuum) ,"origin: synthesized by others,99.999 weight % (total),spectroscopy,chunk",99.999,Weight %,2004
234.62,23.411,0.012,None kPa,N/A,28437,['C'],A,Adiabatic calorimeter (non-vacuum) ,"origin: synthesized by others,99.999 weight % (total),spectroscopy,chunk",99.999,Weight %,2004
237.73,23.486,0.012,None kPa,N/A,28437,['C'],A,Adiabatic calorimeter (non-vacuum) ,"origin: synthesized by others,99.999 weight % (total),spectroscopy,chunk",99.999,Weight %,2004
239.79,23.527,0.012,None kPa,N/A,28437,['C'],A,Adiabatic calorimeter (non-vacuum) ,"origin: synthesized by others,99.999 weight % (total),spectroscopy,chunk",99.999,Weight %,2004
242.89,23.592,0.012,None kPa,N/A,28437,['C'],A,Adiabatic calorimeter (non-vacuum) ,"origin: synthesized by others,99.999 weight % (total),spectroscopy,chunk",99.999,Weight %,2004
248.06,23.683,0.012,None kPa,N/A,28437,['C'],A,Adiabatic calorimeter (non-vacuum) ,"origin: synthesized by others,99.999 weight % (total),spectroscopy,chunk",99.999,Weight %,2004
253.24,23.766,0.012,None kPa,N/A,28437,['C'],A,Adiabatic calorimeter (non-vacuum) ,"origin: synthesized by others,99.999 weight % (total),spectroscopy,chunk",99.999,Weight %,2004
258.41,23.858,0.012,None kPa,N/A,28437,['C'],A,Adiabatic calorimeter (non-vacuum) ,"origin: synthesized by others,99.999 weight % (total),spectroscopy,chunk",99.999,Weight %,2004
263.59,23.951,0.012,None kPa,N/A,28437,['C'],A,Adiabatic calorimeter (non-vacuum) ,"origin: synthesized by others,99.999 weight % (total),spectroscopy,chunk",99.999,Weight %,2004
268.77,24.024,0.012,None kPa,N/A,28437,['C'],A,Adiabatic calorimeter (non-vacuum) ,"origin: synthesized by others,99.999 weight % (total),spectroscopy,chunk",99.999,Weight %,2004
273.95,24.089,0.012,None kPa,N/A,28437,['C'],A,Adiabatic calorimeter (non-vacuum) ,"origin: synthesized by others,99.999 weight % (total),spectroscopy,chunk",99.999,Weight %,2004
279.13,24.16,0.012,None kPa,N/A,28437,['C'],A,Adiabatic calorimeter (non-vacuum) ,"origin: synthesized by others,99.999 weight % (total),spectroscopy,chunk",99.999,Weight %,2004
284.31,24.234,0.012,None kPa,N/A,28437,['C'],A,Adiabatic calorimeter (non-vacuum) ,"origin: synthesized by others,99.999 weight % (total),spectroscopy,chunk",99.999,Weight %,2004
289.49,24.307,0.012,None kPa,N/A,28437,['C'],A,Adiabatic calorimeter (non-vacuum) ,"origin: synthesized by others,99.999 weight % (total),spectroscopy,chunk",99.999,Weight %,2004
294.67,24.377,0.012,None kPa,N/A,28437,['C'],A,Adiabatic calorimeter (non-vacuum) ,"origin: synthesized by others,99.999 weight % (total),spectroscopy,chunk",99.999,Weight %,2004
297.38,24.412,0.012,None kPa,N/A,28437,['C'],A,Adiabatic calorimeter (non-vacuum) ,"origin: synthesized by others,99.999 weight % (total),spectroscopy,chunk",99.999,Weight %,2004
299.85,24.444,0.012,None kPa,N/A,28437,['C'],A,Adiabatic calorimeter (non-vacuum) ,"origin: synthesized by others,99.999 weight % (total),spectroscopy,chunk",99.999,Weight %,2004
302.55,24.489,0.012,None kPa,N/A,28437,['C'],A,Adiabatic calorimeter (non-vacuum) ,"origin: synthesized by others,99.999 weight % (total),spectroscopy,chunk",99.999,Weight %,2004
307.73,24.553,0.012,None kPa,N/A,28437,['C'],A,Adiabatic calorimeter (non-vacuum) ,"origin: synthesized by others,99.999 weight % (total),spectroscopy,chunk",99.999,Weight %,2004
312.92,24.612,0.012,None kPa,N/A,28437,['C'],A,Adiabatic calorimeter (non-vacuum) ,"origin: synthesized by others,99.999 weight % (total),spectroscopy,chunk",99.999,Weight %,2004
318.1,24.674,0.012,None kPa,N/A,28437,['C'],A,Adiabatic calorimeter (non-vacuum) ,"origin: synthesized by others,99.999 weight % (total),spectroscopy,chunk",99.999,Weight %,2004
323.28,24.726,0.012,None kPa,N/A,28437,['C'],A,Adiabatic calorimeter (non-vacuum) ,"origin: synthesized by others,99.999 weight % (total),spectroscopy,chunk",99.999,Weight %,2004
325.89,24.75,0.012,None kPa,N/A,28437,['C'],A,Adiabatic calorimeter (non-vacuum) ,"origin: synthesized by others,99.999 weight % (total),spectroscopy,chunk",99.999,Weight %,2004
328.47,24.782,0.012,None kPa,N/A,28437,['C'],A,Adiabatic calorimeter (non-vacuum) ,"origin: synthesized by others,99.999 weight % (total),spectroscopy,chunk",99.999,Weight %,2004
331.06,24.795,0.012,None kPa,N/A,28437,['C'],A,Adiabatic calorimeter (non-vacuum) ,"origin: synthesized by others,99.999 weight % (total),spectroscopy,chunk",99.999,Weight %,2004
336.25,24.853,0.012,None kPa,N/A,28437,['C'],A,Adiabatic calorimeter (non-vacuum) ,"origin: synthesized by others,99.999 weight % (total),spectroscopy,chunk",99.999,Weight %,2004
341.44,24.911,0.012,None kPa,N/A,28437,['C'],A,Adiabatic calorimeter (non-vacuum) ,"origin: synthesized by others,99.999 weight % (total),spectroscopy,chunk",99.999,Weight %,2004
346.62,24.947,0.012,None kPa,N/A,28437,['C'],A,Adiabatic calorimeter (non-vacuum) ,"origin: synthesized by others,99.999 weight % (total),spectroscopy,chunk",99.999,Weight %,2004
351.8,24.992,0.012,None kPa,N/A,28437,['C'],A,Adiabatic calorimeter (non-vacuum) ,"origin: synthesized by others,99.999 weight % (total),spectroscopy,chunk",99.999,Weight %,2004
356.99,25.031,0.013,None kPa,N/A,28437,['C'],A,Adiabatic calorimeter (non-vacuum) ,"origin: synthesized by others,99.999 weight % (total),spectroscopy,chunk",99.999,Weight %,2004
363.06,25.066,0.013,None kPa,N/A,28437,['C'],A,Adiabatic calorimeter (non-vacuum) ,"origin: synthesized by others,99.999 weight % (total),spectroscopy,chunk",99.999,Weight %,2004
368.04,25.115,0.013,None kPa,N/A,28437,['C'],A,Adiabatic calorimeter (non-vacuum) ,"origin: synthesized by others,99.999 weight % (total),spectroscopy,chunk",99.999,Weight %,2004
373.02,25.171,0.013,None kPa,N/A,28437,['C'],A,Adiabatic calorimeter (non-vacuum) ,"origin: synthesized by others,99.999 weight % (total),spectroscopy,chunk",99.999,Weight %,2004
378.0,25.254,0.013,None kPa,N/A,28437,['C'],A,Adiabatic calorimeter (non-vacuum) ,"origin: synthesized by others,99.999 weight % (total),spectroscopy,chunk",99.999,Weight %,2004
382.98,25.247,0.013,None kPa,N/A,28437,['C'],A,Adiabatic calorimeter (non-vacuum) ,"origin: synthesized by others,99.999 weight % (total),spectroscopy,chunk",99.999,Weight %,2004
387.96,25.302,0.013,None kPa,N/A,28437,['C'],A,Adiabatic calorimeter (non-vacuum) ,"origin: synthesized by others,99.999 weight % (total),spectroscopy,chunk",99.999,Weight %,2004
392.94,25.351,0.013,None kPa,N/A,28437,['C'],A,Adiabatic calorimeter (non-vacuum) ,"origin: synthesized by others,99.999 weight % (total),spectroscopy,chunk",99.999,Weight %,2004
397.62,25.408,0.013,None kPa,N/A,28437,['C'],A,Adiabatic calorimeter (non-vacuum) ,"origin: synthesized by others,99.999 weight % (total),spectroscopy,chunk",99.999,Weight %,2004
295.17,24.328,0.48656,5.5e-06 kPa,N/A,27315,['C'],A,Vacuum adiabatic calorimetry,"not stated,99.996 weight % (total),",99.996,Weight %,2000
295.17,24.354,0.48708,None kPa,N/A,27315,['C'],A,Vacuum adiabatic calorimetry,"not stated,99.996 weight % (total),",99.996,Weight %,2000
295.17,24.407,0.48814,None kPa,N/A,27315,['C'],A,Vacuum adiabatic calorimetry,"not stated,99.996 weight % (total),",99.996,Weight %,2000
322.8,24.553,0.49106,None kPa,N/A,27315,['C'],A,Vacuum adiabatic calorimetry,"not stated,99.996 weight % (total),",99.996,Weight %,2000
341.8,24.806,0.49612,None kPa,N/A,27315,['C'],A,Vacuum adiabatic calorimetry,"not stated,99.996 weight % (total),",99.996,Weight %,2000
352.6,24.461,0.48922,None kPa,N/A,27315,['C'],A,Vacuum adiabatic calorimetry,"not stated,99.996 weight % (total),",99.996,Weight %,2000
360.5,24.905,0.4981,None kPa,N/A,27315,['C'],A,Vacuum adiabatic calorimetry,"not stated,99.996 weight % (total),",99.996,Weight %,2000
404.6,24.045,0.4809,None kPa,N/A,27315,['C'],A,Vacuum adiabatic calorimetry,"not stated,99.996 weight % (total),",99.996,Weight %,2000
472.5,24.79,0.4958,None kPa,N/A,27315,['C'],A,Vacuum adiabatic calorimetry,"not stated,99.996 weight % (total),",99.996,Weight %,2000
488.3,26.003,0.52006,None kPa,N/A,27315,['C'],A,Vacuum adiabatic calorimetry,"not stated,99.996 weight % (total),",99.996,Weight %,2000
490.7,25.923,0.51846,None kPa,N/A,27315,['C'],A,Vacuum adiabatic calorimetry,"not stated,99.996 weight % (total),",99.996,Weight %,2000
522.3,26.136,0.52272,None kPa,N/A,27315,['C'],A,Vacuum adiabatic calorimetry,"not stated,99.996 weight % (total),",99.996,Weight %,2000
553.4,26.136,0.52272,None kPa,N/A,27315,['C'],A,Vacuum adiabatic calorimetry,"not stated,99.996 weight % (total),",99.996,Weight %,2000
573.4,26.588,0.53176,None kPa,N/A,27315,['C'],A,Vacuum adiabatic calorimetry,"not stated,99.996 weight % (total),",99.996,Weight %,2000
593.0,26.588,0.53176,None kPa,N/A,27315,['C'],A,Vacuum adiabatic calorimetry,"not stated,99.996 weight % (total),",99.996,Weight %,2000
612.0,26.508,0.53016,None kPa,N/A,27315,['C'],A,Vacuum adiabatic calorimetry,"not stated,99.996 weight % (total),",99.996,Weight %,2000
641.7,26.641,0.53282,None kPa,N/A,27315,['C'],A,Vacuum adiabatic calorimetry,"not stated,99.996 weight % (total),",99.996,Weight %,2000
663.2,26.588,0.53176,None kPa,N/A,27315,['C'],A,Vacuum adiabatic calorimetry,"not stated,99.996 weight % (total),",99.996,Weight %,2000
676.7,26.72,0.5344,None kPa,N/A,27315,['C'],A,Vacuum adiabatic calorimetry,"not stated,99.996 weight % (total),",99.996,Weight %,2000
691.5,26.853,0.53706,None kPa,N/A,27315,['C'],A,Vacuum adiabatic calorimetry,"not stated,99.996 weight % (total),",99.996,Weight %,2000
737.5,27.545,0.5509,None kPa,N/A,27315,['C'],A,Vacuum adiabatic calorimetry,"not stated,99.996 weight % (total),",99.996,Weight %,2000
780.0,27.199,0.54398,None kPa,N/A,27315,['C'],A,Vacuum adiabatic calorimetry,"not stated,99.996 weight % (total),",99.996,Weight %,2000
792.9,27.412,0.54824,None kPa,N/A,27315,['C'],A,Vacuum adiabatic calorimetry,"not stated,99.996 weight % (total),",99.996,Weight %,2000
857.8,28.076,0.56152,None kPa,N/A,27315,['C'],A,Vacuum adiabatic calorimetry,"not stated,99.996 weight % (total),",99.996,Weight %,2000
877.4,27.731,0.55462,None kPa,N/A,27315,['C'],A,Vacuum adiabatic calorimetry,"not stated,99.996 weight % (total),",99.996,Weight %,2000
902.8,28.103,0.56206,None kPa,N/A,27315,['C'],A,Vacuum adiabatic calorimetry,"not stated,99.996 weight % (total),",99.996,Weight %,2000
1262.0,27.797,0.416955,111.457 kPa,N/A,27316,['C'],A,Drop calorimetry,"not stated,99.99 weight % (total),",99.99,Weight %,2000
1301.0,28.316,0.42474,None kPa,N/A,27316,['C'],A,Drop calorimetry,"not stated,99.99 weight % (total),",99.99,Weight %,2000
1308.0,27.538,0.41307,None kPa,N/A,27316,['C'],A,Drop calorimetry,"not stated,99.99 weight % (total),",99.99,Weight %,2000
1.731,0.001444,1.444e-06,None kPa,N/A,27768,['C'],A,Semi Adiabatic pulse calorimetry,"origin: commercial source,99.99999 weight % (total),",99.99999,Weight %,2002
1.905,0.001649,1.649e-06,None kPa,N/A,27768,['C'],A,Semi Adiabatic pulse calorimetry,"origin: commercial source,99.99999 weight % (total),",99.99999,Weight %,2002
2.094,0.00189,1.89e-06,None kPa,N/A,27768,['C'],A,Semi Adiabatic pulse calorimetry,"origin: commercial source,99.99999 weight % (total),",99.99999,Weight %,2002
2.305,0.002183,2.183e-06,None kPa,N/A,27768,['C'],A,Semi Adiabatic pulse calorimetry,"origin: commercial source,99.99999 weight % (total),",99.99999,Weight %,2002
2.537,0.002537,2.537e-06,None kPa,N/A,27768,['C'],A,Semi Adiabatic pulse calorimetry,"origin: commercial source,99.99999 weight % (total),",99.99999,Weight %,2002
2.794,0.002973,2.973e-06,None kPa,N/A,27768,['C'],A,Semi Adiabatic pulse calorimetry,"origin: commercial source,99.99999 weight % (total),",99.99999,Weight %,2002
3.073,0.003506,3.506e-06,None kPa,N/A,27768,['C'],A,Semi Adiabatic pulse calorimetry,"origin: commercial source,99.99999 weight % (total),",99.99999,Weight %,2002
3.383,0.00418,4.18e-06,None kPa,N/A,27768,['C'],A,Semi Adiabatic pulse calorimetry,"origin: commercial source,99.99999 weight % (total),",99.99999,Weight %,2002
3.722,0.005028,5.028e-06,None kPa,N/A,27768,['C'],A,Semi Adiabatic pulse calorimetry,"origin: commercial source,99.99999 weight % (total),",99.99999,Weight %,2002
4.096,0.006111,6.111e-06,None kPa,N/A,27768,['C'],A,Semi Adiabatic pulse calorimetry,"origin: commercial source,99.99999 weight % (total),",99.99999,Weight %,2002
4.508,0.007464,7.464e-06,None kPa,N/A,27768,['C'],A,Semi Adiabatic pulse calorimetry,"origin: commercial source,99.99999 weight % (total),",99.99999,Weight %,2002
4.958,0.009224,9.224e-06,None kPa,N/A,27768,['C'],A,Semi Adiabatic pulse calorimetry,"origin: commercial source,99.99999 weight % (total),",99.99999,Weight %,2002
5.45,0.01149,1.149e-05,None kPa,N/A,27768,['C'],A,Semi Adiabatic pulse calorimetry,"origin: commercial source,99.99999 weight % (total),",99.99999,Weight %,2002
6.0,0.01445,1.445e-05,None kPa,N/A,27768,['C'],A,Semi Adiabatic pulse calorimetry,"origin: commercial source,99.99999 weight % (total),",99.99999,Weight %,2002
6.6,0.01826,1.826e-05,None kPa,N/A,27768,['C'],A,Semi Adiabatic pulse calorimetry,"origin: commercial source,99.99999 weight % (total),",99.99999,Weight %,2002
7.254,0.02328,2.328e-05,None kPa,N/A,27768,['C'],A,Semi Adiabatic pulse calorimetry,"origin: commercial source,99.99999 weight % (total),",99.99999,Weight %,2002
8.786,0.03878,3.878e-05,None kPa,N/A,27768,['C'],A,Semi Adiabatic pulse calorimetry,"origin: commercial source,99.99999 weight % (total),",99.99999,Weight %,2002
9.656,0.05033,5.033e-05,None kPa,N/A,27768,['C'],A,Semi Adiabatic pulse calorimetry,"origin: commercial source,99.99999 weight % (total),",99.99999,Weight %,2002
10.64,0.06629,6.629e-05,None kPa,N/A,27768,['C'],A,Semi Adiabatic pulse calorimetry,"origin: commercial source,99.99999 weight % (total),",99.99999,Weight %,2002
1.817,0.001547,1.547e-06,None kPa,N/A,27768,['C'],A,Semi Adiabatic pulse calorimetry,"origin: commercial source,99.99999 weight % (total),",99.99999,Weight %,2002
2.0,0.001772,1.772e-06,None kPa,N/A,27768,['C'],A,Semi Adiabatic pulse calorimetry,"origin: commercial source,99.99999 weight % (total),",99.99999,Weight %,2002
2.2,0.002037,2.037e-06,None kPa,N/A,27768,['C'],A,Semi Adiabatic pulse calorimetry,"origin: commercial source,99.99999 weight % (total),",99.99999,Weight %,2002
2.421,0.002361,2.361e-06,None kPa,N/A,27768,['C'],A,Semi Adiabatic pulse calorimetry,"origin: commercial source,99.99999 weight % (total),",99.99999,Weight %,2002
2.667,0.002759,2.759e-06,None kPa,N/A,27768,['C'],A,Semi Adiabatic pulse calorimetry,"origin: commercial source,99.99999 weight % (total),",99.99999,Weight %,2002
2.933,0.003235,3.235e-06,None kPa,N/A,27768,['C'],A,Semi Adiabatic pulse calorimetry,"origin: commercial source,99.99999 weight % (total),",99.99999,Weight %,2002
3.23,0.003844,3.844e-06,None kPa,N/A,27768,['C'],A,Semi Adiabatic pulse calorimetry,"origin: commercial source,99.99999 weight % (total),",99.99999,Weight %,2002
3.91,0.005566,5.566e-06,None kPa,N/A,27768,['C'],A,Semi Adiabatic pulse calorimetry,"origin: commercial source,99.99999 weight % (total),",99.99999,Weight %,2002
4.301,0.006778,6.778e-06,None kPa,N/A,27768,['C'],A,Semi Adiabatic pulse calorimetry,"origin: commercial source,99.99999 weight % (total),",99.99999,Weight %,2002
4.733,0.008335,8.335e-06,None kPa,N/A,27768,['C'],A,Semi Adiabatic pulse calorimetry,"origin: commercial source,99.99999 weight % (total),",99.99999,Weight %,2002
5.204,0.01034,1.034e-05,None kPa,N/A,27768,['C'],A,Semi Adiabatic pulse calorimetry,"origin: commercial source,99.99999 weight % (total),",99.99999,Weight %,2002
5.725,0.01293,1.293e-05,None kPa,N/A,27768,['C'],A,Semi Adiabatic pulse calorimetry,"origin: commercial source,99.99999 weight % (total),",99.99999,Weight %,2002
6.298,0.01628,1.628e-05,None kPa,N/A,27768,['C'],A,Semi Adiabatic pulse calorimetry,"origin: commercial source,99.99999 weight % (total),",99.99999,Weight %,2002
6.928,0.02071,2.071e-05,None kPa,N/A,27768,['C'],A,Semi Adiabatic pulse calorimetry,"origin: commercial source,99.99999 weight % (total),",99.99999,Weight %,2002
7.623,0.02654,2.654e-05,None kPa,N/A,27768,['C'],A,Semi Adiabatic pulse calorimetry,"origin: commercial source,99.99999 weight % (total),",99.99999,Weight %,2002
8.385,0.0342,3.42e-05,None kPa,N/A,27768,['C'],A,Semi Adiabatic pulse calorimetry,"origin: commercial source,99.99999 weight % (total),",99.99999,Weight %,2002
9.222,0.04434,4.434e-05,None kPa,N/A,27768,['C'],A,Semi Adiabatic pulse calorimetry,"origin: commercial source,99.99999 weight % (total),",99.99999,Weight %,2002
10.14,0.05785,5.785e-05,None kPa,N/A,27768,['C'],A,Semi Adiabatic pulse calorimetry,"origin: commercial source,99.99999 weight % (total),",99.99999,Weight %,2002
0.547,0.000387,3.87e-07,None kPa,N/A,27768,['C'],A,Semi Adiabatic pulse calorimetry,"origin: commercial source,99.99999 weight % (total),",99.99999,Weight %,2002
0.602,0.0004287,4.287e-07,None kPa,N/A,27768,['C'],A,Semi Adiabatic pulse calorimetry,"origin: commercial source,99.99999 weight % (total),",99.99999,Weight %,2002
0.661,0.0004734,4.734e-07,None kPa,N/A,27768,['C'],A,Semi Adiabatic pulse calorimetry,"origin: commercial source,99.99999 weight % (total),",99.99999,Weight %,2002
0.727,0.0005235,5.235e-07,None kPa,N/A,27768,['C'],A,Semi Adiabatic pulse calorimetry,"origin: commercial source,99.99999 weight % (total),",99.99999,Weight %,2002
0.801,0.0005802,5.802e-07,None kPa,N/A,27768,['C'],A,Semi Adiabatic pulse calorimetry,"origin: commercial source,99.99999 weight % (total),",99.99999,Weight %,2002
0.881,0.0006452,6.452e-07,None kPa,N/A,27768,['C'],A,Semi Adiabatic pulse calorimetry,"origin: commercial source,99.99999 weight % (total),",99.99999,Weight %,2002
0.969,0.0007161,7.161e-07,None kPa,N/A,27768,['C'],A,Semi Adiabatic pulse calorimetry,"origin: commercial source,99.99999 weight % (total),",99.99999,Weight %,2002
1.065,0.0007967,7.967e-07,None kPa,N/A,27768,['C'],A,Semi Adiabatic pulse calorimetry,"origin: commercial source,99.99999 weight % (total),",99.99999,Weight %,2002
1.17,0.0008896,8.896e-07,None kPa,N/A,27768,['C'],A,Semi Adiabatic pulse calorimetry,"origin: commercial source,99.99999 weight % (total),",99.99999,Weight %,2002
1.287,0.0009952,9.952e-07,None kPa,N/A,27768,['C'],A,Semi Adiabatic pulse calorimetry,"origin: commercial source,99.99999 weight % (total),",99.99999,Weight %,2002
1.416,0.001116,1.116e-06,None kPa,N/A,27768,['C'],A,Semi Adiabatic pulse calorimetry,"origin: commercial source,99.99999 weight % (total),",99.99999,Weight %,2002
1.555,0.001257,1.257e-06,None kPa,N/A,27768,['C'],A,Semi Adiabatic pulse calorimetry,"origin: commercial source,99.99999 weight % (total),",99.99999,Weight %,2002
1.71,0.001424,1.424e-06,None kPa,N/A,27768,['C'],A,Semi Adiabatic pulse calorimetry,"origin: commercial source,99.99999 weight % (total),",99.99999,Weight %,2002
1.881,0.001624,1.624e-06,None kPa,N/A,27768,['C'],A,Semi Adiabatic pulse calorimetry,"origin: commercial source,99.99999 weight % (total),",99.99999,Weight %,2002
2.07,0.001861,1.861e-06,None kPa,N/A,27768,['C'],A,Semi Adiabatic pulse calorimetry,"origin: commercial source,99.99999 weight % (total),",99.99999,Weight %,2002
0.574,0.000408,4.08e-07,None kPa,N/A,27768,['C'],A,Semi Adiabatic pulse calorimetry,"origin: commercial source,99.99999 weight % (total),",99.99999,Weight %,2002
0.632,0.00045,4.5e-07,None kPa,N/A,27768,['C'],A,Semi Adiabatic pulse calorimetry,"origin: commercial source,99.99999 weight % (total),",99.99999,Weight %,2002
0.696,0.0004997,4.997e-07,None kPa,N/A,27768,['C'],A,Semi Adiabatic pulse calorimetry,"origin: commercial source,99.99999 weight % (total),",99.99999,Weight %,2002
0.765,0.0005521,5.521e-07,None kPa,N/A,27768,['C'],A,Semi Adiabatic pulse calorimetry,"origin: commercial source,99.99999 weight % (total),",99.99999,Weight %,2002
0.841,0.000613,6.13e-07,None kPa,N/A,27768,['C'],A,Semi Adiabatic pulse calorimetry,"origin: commercial source,99.99999 weight % (total),",99.99999,Weight %,2002
0.925,0.00068,6.8e-07,None kPa,N/A,27768,['C'],A,Semi Adiabatic pulse calorimetry,"origin: commercial source,99.99999 weight % (total),",99.99999,Weight %,2002
1.016,0.0007555,7.555e-07,None kPa,N/A,27768,['C'],A,Semi Adiabatic pulse calorimetry,"origin: commercial source,99.99999 weight % (total),",99.99999,Weight %,2002
1.117,0.0008442,8.442e-07,None kPa,N/A,27768,['C'],A,Semi Adiabatic pulse calorimetry,"origin: commercial source,99.99999 weight % (total),",99.99999,Weight %,2002
1.228,0.0009435,9.435e-07,None kPa,N/A,27768,['C'],A,Semi Adiabatic pulse calorimetry,"origin: commercial source,99.99999 weight % (total),",99.99999,Weight %,2002
1.352,0.001059,1.059e-06,None kPa,N/A,27768,['C'],A,Semi Adiabatic pulse calorimetry,"origin: commercial source,99.99999 weight % (total),",99.99999,Weight %,2002
1.489,0.001191,1.191e-06,None kPa,N/A,27768,['C'],A,Semi Adiabatic pulse calorimetry,"origin: commercial source,99.99999 weight % (total),",99.99999,Weight %,2002
1.636,0.001344,1.344e-06,None kPa,N/A,27768,['C'],A,Semi Adiabatic pulse calorimetry,"origin: commercial source,99.99999 weight % (total),",99.99999,Weight %,2002
1.8,0.001529,1.529e-06,None kPa,N/A,27768,['C'],A,Semi Adiabatic pulse calorimetry,"origin: commercial source,99.99999 weight % (total),",99.99999,Weight %,2002
1.98,0.001746,1.746e-06,None kPa,N/A,27768,['C'],A,Semi Adiabatic pulse calorimetry,"origin: commercial source,99.99999 weight % (total),",99.99999,Weight %,2002
8.79,0.03896,3.896e-05,None kPa,N/A,27769,['C'],A,Isothermal technique,"origin: commercial source,99.99999 weight % (total),",99.99999,Weight %,2002
9.669,0.0506,5.06e-05,None kPa,N/A,27769,['C'],A,Isothermal technique,"origin: commercial source,99.99999 weight % (total),",99.99999,Weight %,2002
10.63,0.06616,6.616e-05,None kPa,N/A,27769,['C'],A,Isothermal technique,"origin: commercial source,99.99999 weight % (total),",99.99999,Weight %,2002
11.69,0.08728,8.728e-05,None kPa,N/A,27769,['C'],A,Isothermal technique,"origin: commercial source,99.99999 weight % (total),",99.99999,Weight %,2002
12.86,0.1156,0.0001156,None kPa,N/A,27769,['C'],A,Isothermal technique,"origin: commercial source,99.99999 weight % (total),",99.99999,Weight %,2002
14.14,0.1541,0.0001541,None kPa,N/A,27769,['C'],A,Isothermal technique,"origin: commercial source,99.99999 weight % (total),",99.99999,Weight %,2002
15.58,0.2083,0.0002083,None kPa,N/A,27769,['C'],A,Isothermal technique,"origin: commercial source,99.99999 weight % (total),",99.99999,Weight %,2002
17.1,0.2793,0.0002793,None kPa,N/A,27769,['C'],A,Isothermal technique,"origin: commercial source,99.99999 weight % (total),",99.99999,Weight %,2002
18.77,0.3777,0.0003777,None kPa,N/A,27769,['C'],A,Isothermal technique,"origin: commercial source,99.99999 weight % (total),",99.99999,Weight %,2002
20.67,0.5171,0.0005171,None kPa,N/A,27769,['C'],A,Isothermal technique,"origin: commercial source,99.99999 weight % (total),",99.99999,Weight %,2002
22.72,0.7048,0.0007048,None kPa,N/A,27769,['C'],A,Isothermal technique,"origin: commercial source,99.99999 weight % (total),",99.99999,Weight %,2002
24.97,0.9557,0.0009557,None kPa,N/A,27769,['C'],A,Isothermal technique,"origin: commercial source,99.99999 weight % (total),",99.99999,Weight %,2002
27.44,1.285,0.001285,None kPa,N/A,27769,['C'],A,Isothermal technique,"origin: commercial source,99.99999 weight % (total),",99.99999,Weight %,2002
30.16,1.714,0.001714,None kPa,N/A,27769,['C'],A,Isothermal technique,"origin: commercial source,99.99999 weight % (total),",99.99999,Weight %,2002
9.289,0.04516,4.516e-05,None kPa,N/A,27769,['C'],A,Isothermal technique,"origin: commercial source,99.99999 weight % (total),",99.99999,Weight %,2002
10.15,0.05788,5.788e-05,None kPa,N/A,27769,['C'],A,Isothermal technique,"origin: commercial source,99.99999 weight % (total),",99.99999,Weight %,2002
11.15,0.07597,7.597e-05,None kPa,N/A,27769,['C'],A,Isothermal technique,"origin: commercial source,99.99999 weight % (total),",99.99999,Weight %,2002
12.27,0.1005,0.0001005,None kPa,N/A,27769,['C'],A,Isothermal technique,"origin: commercial source,99.99999 weight % (total),",99.99999,Weight %,2002
13.49,0.1335,0.0001335,None kPa,N/A,27769,['C'],A,Isothermal technique,"origin: commercial source,99.99999 weight % (total),",99.99999,Weight %,2002
14.85,0.1791,0.0001791,None kPa,N/A,27769,['C'],A,Isothermal technique,"origin: commercial source,99.99999 weight % (total),",99.99999,Weight %,2002
16.32,0.2412,0.0002412,None kPa,N/A,27769,['C'],A,Isothermal technique,"origin: commercial source,99.99999 weight % (total),",99.99999,Weight %,2002
17.95,0.3264,0.0003264,None kPa,N/A,27769,['C'],A,Isothermal technique,"origin: commercial source,99.99999 weight % (total),",99.99999,Weight %,2002
19.73,0.4444,0.0004444,None kPa,N/A,27769,['C'],A,Isothermal technique,"origin: commercial source,99.99999 weight % (total),",99.99999,Weight %,2002
21.66,0.6032,0.0006032,None kPa,N/A,27769,['C'],A,Isothermal technique,"origin: commercial source,99.99999 weight % (total),",99.99999,Weight %,2002
23.85,0.8243,0.0008243,None kPa,N/A,27769,['C'],A,Isothermal technique,"origin: commercial source,99.99999 weight % (total),",99.99999,Weight %,2002
26.24,1.119,0.001119,None kPa,N/A,27769,['C'],A,Isothermal technique,"origin: commercial source,99.99999 weight % (total),",99.99999,Weight %,2002
28.81,1.493,0.001493,None kPa,N/A,27769,['C'],A,Isothermal technique,"origin: commercial source,99.99999 weight % (total),",99.99999,Weight %,2002
31.68,1.98,0.00198,None kPa,N/A,27769,['C'],A,Isothermal technique,"origin: commercial source,99.99999 weight % (total),",99.99999,Weight %,2002
20.17,0.4765,0.0004765,None kPa,N/A,27769,['C'],A,Isothermal technique,"origin: commercial source,99.99999 weight % (total),",99.99999,Weight %,2002
22.3,0.6604,0.0006604,None kPa,N/A,27769,['C'],A,Isothermal technique,"origin: commercial source,99.99999 weight % (total),",99.99999,Weight %,2002
24.53,0.8979,0.0008979,None kPa,N/A,27769,['C'],A,Isothermal technique,"origin: commercial source,99.99999 weight % (total),",99.99999,Weight %,2002
26.98,1.218,0.001218,None kPa,N/A,27769,['C'],A,Isothermal technique,"origin: commercial source,99.99999 weight % (total),",99.99999,Weight %,2002
29.67,1.635,0.001635,None kPa,N/A,27769,['C'],A,Isothermal technique,"origin: commercial source,99.99999 weight % (total),",99.99999,Weight %,2002
32.64,2.165,0.002165,None kPa,N/A,27769,['C'],A,Isothermal technique,"origin: commercial source,99.99999 weight % (total),",99.99999,Weight %,2002
35.9,2.823,0.002823,None kPa,N/A,27769,['C'],A,Isothermal technique,"origin: commercial source,99.99999 weight % (total),",99.99999,Weight %,2002
39.49,3.613,0.003613,None kPa,N/A,27769,['C'],A,Isothermal technique,"origin: commercial source,99.99999 weight % (total),",99.99999,Weight %,2002
43.45,4.551,0.004551,None kPa,N/A,27769,['C'],A,Isothermal technique,"origin: commercial source,99.99999 weight % (total),",99.99999,Weight %,2002
47.79,5.629,0.005629,None kPa,N/A,27769,['C'],A,Isothermal technique,"origin: commercial source,99.99999 weight % (total),",99.99999,Weight %,2002
52.54,6.822,0.006822,None kPa,N/A,27769,['C'],A,Isothermal technique,"origin: commercial source,99.99999 weight % (total),",99.99999,Weight %,2002
57.52,8.051,0.008051,None kPa,N/A,27769,['C'],A,Isothermal technique,"origin: commercial source,99.99999 weight % (total),",99.99999,Weight %,2002
62.52,9.25,0.00925,None kPa,N/A,27769,['C'],A,Isothermal technique,"origin: commercial source,99.99999 weight % (total),",99.99999,Weight %,2002
67.52,10.38,0.01038,None kPa,N/A,27769,['C'],A,Isothermal technique,"origin: commercial source,99.99999 weight % (total),",99.99999,Weight %,2002
72.52,11.44,0.01144,None kPa,N/A,27769,['C'],A,Isothermal technique,"origin: commercial source,99.99999 weight % (total),",99.99999,Weight %,2002
77.53,12.43,0.01243,None kPa,N/A,27769,['C'],A,Isothermal technique,"origin: commercial source,99.99999 weight % (total),",99.99999,Weight %,2002
82.53,13.37,0.01337,None kPa,N/A,27769,['C'],A,Isothermal technique,"origin: commercial source,99.99999 weight % (total),",99.99999,Weight %,2002
87.53,14.21,0.01421,None kPa,N/A,27769,['C'],A,Isothermal technique,"origin: commercial source,99.99999 weight % (total),",99.99999,Weight %,2002
92.54,15.0,0.015,None kPa,N/A,27769,['C'],A,Isothermal technique,"origin: commercial source,99.99999 weight % (total),",99.99999,Weight %,2002
97.53,15.75,0.01575,None kPa,N/A,27769,['C'],A,Isothermal technique,"origin: commercial source,99.99999 weight % (total),",99.99999,Weight %,2002
102.54,16.44,0.01644,None kPa,N/A,27769,['C'],A,Isothermal technique,"origin: commercial source,99.99999 weight % (total),",99.99999,Weight %,2002
107.54,17.04,0.01704,None kPa,N/A,27769,['C'],A,Isothermal technique,"origin: commercial source,99.99999 weight % (total),",99.99999,Weight %,2002
19.29,0.409,0.000409,None kPa,N/A,27769,['C'],A,Isothermal technique,"origin: commercial source,99.99999 weight % (total),",99.99999,Weight %,2002
21.27,0.5656,0.0005656,None kPa,N/A,27769,['C'],A,Isothermal technique,"origin: commercial source,99.99999 weight % (total),",99.99999,Weight %,2002
23.39,0.7696,0.0007696,None kPa,N/A,27769,['C'],A,Isothermal technique,"origin: commercial source,99.99999 weight % (total),",99.99999,Weight %,2002
25.72,1.046,0.001046,None kPa,N/A,27769,['C'],A,Isothermal technique,"origin: commercial source,99.99999 weight % (total),",99.99999,Weight %,2002
28.29,1.414,0.001414,None kPa,N/A,27769,['C'],A,Isothermal technique,"origin: commercial source,99.99999 weight % (total),",99.99999,Weight %,2002
31.12,1.884,0.001884,None kPa,N/A,27769,['C'],A,Isothermal technique,"origin: commercial source,99.99999 weight % (total),",99.99999,Weight %,2002
34.23,2.478,0.002478,None kPa,N/A,27769,['C'],A,Isothermal technique,"origin: commercial source,99.99999 weight % (total),",99.99999,Weight %,2002
37.65,3.2,0.0032,None kPa,N/A,27769,['C'],A,Isothermal technique,"origin: commercial source,99.99999 weight % (total),",99.99999,Weight %,2002
41.42,4.063,0.004063,None kPa,N/A,27769,['C'],A,Isothermal technique,"origin: commercial source,99.99999 weight % (total),",99.99999,Weight %,2002
45.57,5.073,0.005073,None kPa,N/A,27769,['C'],A,Isothermal technique,"origin: commercial source,99.99999 weight % (total),",99.99999,Weight %,2002
50.13,6.218,0.006218,None kPa,N/A,27769,['C'],A,Isothermal technique,"origin: commercial source,99.99999 weight % (total),",99.99999,Weight %,2002
55.02,7.439,0.007439,None kPa,N/A,27769,['C'],A,Isothermal technique,"origin: commercial source,99.99999 weight % (total),",99.99999,Weight %,2002
60.02,8.66,0.00866,None kPa,N/A,27769,['C'],A,Isothermal technique,"origin: commercial source,99.99999 weight % (total),",99.99999,Weight %,2002
65.02,9.824,0.009824,None kPa,N/A,27769,['C'],A,Isothermal technique,"origin: commercial source,99.99999 weight % (total),",99.99999,Weight %,2002
70.02,10.91,0.01091,None kPa,N/A,27769,['C'],A,Isothermal technique,"origin: commercial source,99.99999 weight % (total),",99.99999,Weight %,2002
75.03,11.94,0.01194,None kPa,N/A,27769,['C'],A,Isothermal technique,"origin: commercial source,99.99999 weight % (total),",99.99999,Weight %,2002
80.02,12.91,0.01291,None kPa,N/A,27769,['C'],A,Isothermal technique,"origin: commercial source,99.99999 weight % (total),",99.99999,Weight %,2002
85.03,13.8,0.0138,None kPa,N/A,27769,['C'],A,Isothermal technique,"origin: commercial source,99.99999 weight % (total),",99.99999,Weight %,2002
90.02,14.61,0.01461,None kPa,N/A,27769,['C'],A,Isothermal technique,"origin: commercial source,99.99999 weight % (total),",99.99999,Weight %,2002
95.04,15.38,0.01538,None kPa,N/A,27769,['C'],A,Isothermal technique,"origin: commercial source,99.99999 weight % (total),",99.99999,Weight %,2002
100.04,16.11,0.01611,None kPa,N/A,27769,['C'],A,Isothermal technique,"origin: commercial source,99.99999 weight % (total),",99.99999,Weight %,2002
105.03,16.75,0.01675,None kPa,N/A,27769,['C'],A,Isothermal technique,"origin: commercial source,99.99999 weight % (total),",99.99999,Weight %,2002
110.03,17.33,0.01733,None kPa,N/A,27769,['C'],A,Isothermal technique,"origin: commercial source,99.99999 weight % (total),",99.99999,Weight %,2002
0.1166,8.19e-05,2.457e-06,None kPa,N/A,34801,['C'],A,Adiabatic calorimeter (non-vacuum) ,"not stated,99.9999 %",99.9999,Not Specified %,1965
0.1378,9.643e-05,2.8929e-06,None kPa,N/A,34801,['C'],A,Adiabatic calorimeter (non-vacuum) ,"not stated,99.9999 %",99.9999,Not Specified %,1965
0.154,0.0001073,3.219e-06,None kPa,N/A,34801,['C'],A,Adiabatic calorimeter (non-vacuum) ,"not stated,99.9999 %",99.9999,Not Specified %,1965
0.164,0.0001138,3.414e-06,None kPa,N/A,34801,['C'],A,Adiabatic calorimeter (non-vacuum) ,"not stated,99.9999 %",99.9999,Not Specified %,1965
0.1815,0.0001258,3.774e-06,None kPa,N/A,34801,['C'],A,Adiabatic calorimeter (non-vacuum) ,"not stated,99.9999 %",99.9999,Not Specified %,1965
0.1988,0.0001383,4.149e-06,None kPa,N/A,34801,['C'],A,Adiabatic calorimeter (non-vacuum) ,"not stated,99.9999 %",99.9999,Not Specified %,1965
0.2163,0.0001503,4.509e-06,None kPa,N/A,34801,['C'],A,Adiabatic calorimeter (non-vacuum) ,"not stated,99.9999 %",99.9999,Not Specified %,1965
0.24,0.0001666,4.998e-06,None kPa,N/A,34801,['C'],A,Adiabatic calorimeter (non-vacuum) ,"not stated,99.9999 %",99.9999,Not Specified %,1965
0.2715,0.0001892,5.676e-06,None kPa,N/A,34801,['C'],A,Adiabatic calorimeter (non-vacuum) ,"not stated,99.9999 %",99.9999,Not Specified %,1965
0.2962,0.0002066,6.198e-06,None kPa,N/A,34801,['C'],A,Adiabatic calorimeter (non-vacuum) ,"not stated,99.9999 %",99.9999,Not Specified %,1965
0.3364,0.0002362,7.086e-06,None kPa,N/A,34801,['C'],A,Adiabatic calorimeter (non-vacuum) ,"not stated,99.9999 %",99.9999,Not Specified %,1965
0.1385,9.689e-05,2.9067e-06,None kPa,N/A,34801,['C'],A,Adiabatic calorimeter (non-vacuum) ,"not stated,99.9999 %",99.9999,Not Specified %,1965
0.1597,0.0001111,3.333e-06,None kPa,N/A,34801,['C'],A,Adiabatic calorimeter (non-vacuum) ,"not stated,99.9999 %",99.9999,Not Specified %,1965
0.1736,0.0001208,3.624e-06,None kPa,N/A,34801,['C'],A,Adiabatic calorimeter (non-vacuum) ,"not stated,99.9999 %",99.9999,Not Specified %,1965
0.1914,0.0001325,3.975e-06,None kPa,N/A,34801,['C'],A,Adiabatic calorimeter (non-vacuum) ,"not stated,99.9999 %",99.9999,Not Specified %,1965
0.216,0.0001493,4.479e-06,None kPa,N/A,34801,['C'],A,Adiabatic calorimeter (non-vacuum) ,"not stated,99.9999 %",99.9999,Not Specified %,1965
0.2322,0.0001625,4.875e-06,None kPa,N/A,34801,['C'],A,Adiabatic calorimeter (non-vacuum) ,"not stated,99.9999 %",99.9999,Not Specified %,1965
0.253,0.0001752,5.256e-06,None kPa,N/A,34801,['C'],A,Adiabatic calorimeter (non-vacuum) ,"not stated,99.9999 %",99.9999,Not Specified %,1965
0.2926,0.0002033,6.099e-06,None kPa,N/A,34801,['C'],A,Adiabatic calorimeter (non-vacuum) ,"not stated,99.9999 %",99.9999,Not Specified %,1965
0.3133,0.0002173,6.519e-06,None kPa,N/A,34801,['C'],A,Adiabatic calorimeter (non-vacuum) ,"not stated,99.9999 %",99.9999,Not Specified %,1965
0.3404,0.0002392,7.176e-06,None kPa,N/A,34801,['C'],A,Adiabatic calorimeter (non-vacuum) ,"not stated,99.9999 %",99.9999,Not Specified %,1965
0.1598,0.0001111,3.333e-06,None kPa,N/A,34801,['C'],A,Adiabatic calorimeter (non-vacuum) ,"not stated,99.9999 %",99.9999,Not Specified %,1965
0.1848,0.0001284,3.852e-06,None kPa,N/A,34801,['C'],A,Adiabatic calorimeter (non-vacuum) ,"not stated,99.9999 %",99.9999,Not Specified %,1965
0.2209,0.0001531,4.593e-06,None kPa,N/A,34801,['C'],A,Adiabatic calorimeter (non-vacuum) ,"not stated,99.9999 %",99.9999,Not Specified %,1965
0.2556,0.0001786,5.358e-06,None kPa,N/A,34801,['C'],A,Adiabatic calorimeter (non-vacuum) ,"not stated,99.9999 %",99.9999,Not Specified %,1965
0.2973,0.0002084,6.252e-06,None kPa,N/A,34801,['C'],A,Adiabatic calorimeter (non-vacuum) ,"not stated,99.9999 %",99.9999,Not Specified %,1965
0.3447,0.0002401,7.203e-06,None kPa,N/A,34801,['C'],A,Adiabatic calorimeter (non-vacuum) ,"not stated,99.9999 %",99.9999,Not Specified %,1965
0.3906,0.0002746,8.238e-06,None kPa,N/A,34801,['C'],A,Adiabatic calorimeter (non-vacuum) ,"not stated,99.9999 %",99.9999,Not Specified %,1965
0.4524,0.0003187,9.561e-06,None kPa,N/A,34801,['C'],A,Adiabatic calorimeter (non-vacuum) ,"not stated,99.9999 %",99.9999,Not Specified %,1965
0.5057,0.0003578,1.0734e-05,None kPa,N/A,34801,['C'],A,Adiabatic calorimeter (non-vacuum) ,"not stated,99.9999 %",99.9999,Not Specified %,1965
0.5622,0.0003969,1.1907e-05,None kPa,N/A,34801,['C'],A,Adiabatic calorimeter (non-vacuum) ,"not stated,99.9999 %",99.9999,Not Specified %,1965
0.6203,0.0004429,1.3287e-05,None kPa,N/A,34801,['C'],A,Adiabatic calorimeter (non-vacuum) ,"not stated,99.9999 %",99.9999,Not Specified %,1965
0.6959,0.0004993,1.4979e-05,None kPa,N/A,34801,['C'],A,Adiabatic calorimeter (non-vacuum) ,"not stated,99.9999 %",99.9999,Not Specified %,1965
0.8037,0.0005848,1.7544e-05,None kPa,N/A,34801,['C'],A,Adiabatic calorimeter (non-vacuum) ,"not stated,99.9999 %",99.9999,Not Specified %,1965
0.9134,0.0006742,2.0226e-05,None kPa,N/A,34801,['C'],A,Adiabatic calorimeter (non-vacuum) ,"not stated,99.9999 %",99.9999,Not Specified %,1965
0.392,0.0002752,8.256e-06,None kPa,N/A,34801,['C'],A,Adiabatic calorimeter (non-vacuum) ,"not stated,99.9999 %",99.9999,Not Specified %,1965
0.4536,0.0003194,9.582e-06,None kPa,N/A,34801,['C'],A,Adiabatic calorimeter (non-vacuum) ,"not stated,99.9999 %",99.9999,Not Specified %,1965
0.6141,0.0004382,1.3146e-05,None kPa,N/A,34801,['C'],A,Adiabatic calorimeter (non-vacuum) ,"not stated,99.9999 %",99.9999,Not Specified %,1965
0.6983,0.0005028,1.5084e-05,None kPa,N/A,34801,['C'],A,Adiabatic calorimeter (non-vacuum) ,"not stated,99.9999 %",99.9999,Not Specified %,1965
0.7654,0.0005523,1.6569e-05,None kPa,N/A,34801,['C'],A,Adiabatic calorimeter (non-vacuum) ,"not stated,99.9999 %",99.9999,Not Specified %,1965
0.8245,0.0006008,1.8024e-05,None kPa,N/A,34801,['C'],A,Adiabatic calorimeter (non-vacuum) ,"not stated,99.9999 %",99.9999,Not Specified %,1965
0.893,0.0006588,1.9764e-05,None kPa,N/A,34801,['C'],A,Adiabatic calorimeter (non-vacuum) ,"not stated,99.9999 %",99.9999,Not Specified %,1965
1.008,0.0007553,2.2659e-05,None kPa,N/A,34801,['C'],A,Adiabatic calorimeter (non-vacuum) ,"not stated,99.9999 %",99.9999,Not Specified %,1965
0.07221,4.961e-05,1.4883e-06,None kPa,N/A,34802,['C'],A,Adiabatic calorimeter (non-vacuum) ,"not stated,99.999 %",99.999,Not Specified %,1965
0.08344,5.739e-05,1.7217e-06,None kPa,N/A,34802,['C'],A,Adiabatic calorimeter (non-vacuum) ,"not stated,99.999 %",99.999,Not Specified %,1965
0.09335,6.528e-05,1.9584e-06,None kPa,N/A,34802,['C'],A,Adiabatic calorimeter (non-vacuum) ,"not stated,99.999 %",99.999,Not Specified %,1965
0.1079,7.637e-05,2.2911e-06,None kPa,N/A,34802,['C'],A,Adiabatic calorimeter (non-vacuum) ,"not stated,99.999 %",99.999,Not Specified %,1965
0.121,8.54e-05,2.562e-06,None kPa,N/A,34802,['C'],A,Adiabatic calorimeter (non-vacuum) ,"not stated,99.999 %",99.999,Not Specified %,1965
0.1316,9.05e-05,2.715e-06,None kPa,N/A,34802,['C'],A,Adiabatic calorimeter (non-vacuum) ,"not stated,99.999 %",99.999,Not Specified %,1965
0.142,9.912e-05,2.9736e-06,None kPa,N/A,34802,['C'],A,Adiabatic calorimeter (non-vacuum) ,"not stated,99.999 %",99.999,Not Specified %,1965
0.1537,0.0001075,3.225e-06,None kPa,N/A,34802,['C'],A,Adiabatic calorimeter (non-vacuum) ,"not stated,99.999 %",99.999,Not Specified %,1965
0.07138,4.869e-05,1.4607e-06,None kPa,N/A,34802,['C'],A,Adiabatic calorimeter (non-vacuum) ,"not stated,99.999 %",99.999,Not Specified %,1965
0.09113,6.427e-05,1.9281e-06,None kPa,N/A,34802,['C'],A,Adiabatic calorimeter (non-vacuum) ,"not stated,99.999 %",99.999,Not Specified %,1965
0.1014,7.109e-05,2.1327e-06,None kPa,N/A,34802,['C'],A,Adiabatic calorimeter (non-vacuum) ,"not stated,99.999 %",99.999,Not Specified %,1965
0.1114,7.778e-05,2.3334e-06,None kPa,N/A,34802,['C'],A,Adiabatic calorimeter (non-vacuum) ,"not stated,99.999 %",99.999,Not Specified %,1965
0.1211,8.453e-05,2.5359e-06,None kPa,N/A,34802,['C'],A,Adiabatic calorimeter (non-vacuum) ,"not stated,99.999 %",99.999,Not Specified %,1965
0.1349,9.301e-05,2.7903e-06,None kPa,N/A,34802,['C'],A,Adiabatic calorimeter (non-vacuum) ,"not stated,99.999 %",99.999,Not Specified %,1965
0.1466,0.0001016,3.048e-06,None kPa,N/A,34802,['C'],A,Adiabatic calorimeter (non-vacuum) ,"not stated,99.999 %",99.999,Not Specified %,1965
0.1604,0.0001118,3.354e-06,None kPa,N/A,34802,['C'],A,Adiabatic calorimeter (non-vacuum) ,"not stated,99.999 %",99.999,Not Specified %,1965
0.1778,0.0001235,3.705e-06,None kPa,N/A,34802,['C'],A,Adiabatic calorimeter (non-vacuum) ,"not stated,99.999 %",99.999,Not Specified %,1965
0.1968,0.0001368,4.104e-06,None kPa,N/A,34802,['C'],A,Adiabatic calorimeter (non-vacuum) ,"not stated,99.999 %",99.999,Not Specified %,1965
0.2167,0.0001507,4.521e-06,None kPa,N/A,34802,['C'],A,Adiabatic calorimeter (non-vacuum) ,"not stated,99.999 %",99.999,Not Specified %,1965
0.2367,0.0001648,4.944e-06,None kPa,N/A,34802,['C'],A,Adiabatic calorimeter (non-vacuum) ,"not stated,99.999 %",99.999,Not Specified %,1965
0.2586,0.0001794,5.382e-06,None kPa,N/A,34802,['C'],A,Adiabatic calorimeter (non-vacuum) ,"not stated,99.999 %",99.999,Not Specified %,1965
0.2832,0.0001984,5.952e-06,None kPa,N/A,34802,['C'],A,Adiabatic calorimeter (non-vacuum) ,"not stated,99.999 %",99.999,Not Specified %,1965
0.3121,0.0002175,6.525e-06,None kPa,N/A,34802,['C'],A,Adiabatic calorimeter (non-vacuum) ,"not stated,99.999 %",99.999,Not Specified %,1965
0.3428,0.0002412,7.236e-06,None kPa,N/A,34802,['C'],A,Adiabatic calorimeter (non-vacuum) ,"not stated,99.999 %",99.999,Not Specified %,1965
0.4209,0.0002982,8.946e-06,None kPa,N/A,34802,['C'],A,Adiabatic calorimeter (non-vacuum) ,"not stated,99.999 %",99.999,Not Specified %,1965
0.459,0.0003254,9.762e-06,None kPa,N/A,34802,['C'],A,Adiabatic calorimeter (non-vacuum) ,"not stated,99.999 %",99.999,Not Specified %,1965
0.4995,0.0003533,1.0599e-05,None kPa,N/A,34802,['C'],A,Adiabatic calorimeter (non-vacuum) ,"not stated,99.999 %",99.999,Not Specified %,1965
0.5461,0.0003875,1.1625e-05,None kPa,N/A,34802,['C'],A,Adiabatic calorimeter (non-vacuum) ,"not stated,99.999 %",99.999,Not Specified %,1965
0.5947,0.0004217,1.2651e-05,None kPa,N/A,34802,['C'],A,Adiabatic calorimeter (non-vacuum) ,"not stated,99.999 %",99.999,Not Specified %,1965
0.6408,0.0004563,1.3689e-05,None kPa,N/A,34802,['C'],A,Adiabatic calorimeter (non-vacuum) ,"not stated,99.999 %",99.999,Not Specified %,1965
0.6992,0.0005033,1.5099e-05,None kPa,N/A,34802,['C'],A,Adiabatic calorimeter (non-vacuum) ,"not stated,99.999 %",99.999,Not Specified %,1965
0.7619,0.0005531,1.6593e-05,None kPa,N/A,34802,['C'],A,Adiabatic calorimeter (non-vacuum) ,"not stated,99.999 %",99.999,Not Specified %,1965
0.8298,0.0006079,1.8237e-05,None kPa,N/A,34802,['C'],A,Adiabatic calorimeter (non-vacuum) ,"not stated,99.999 %",99.999,Not Specified %,1965
0.9175,0.0006776,2.0328e-05,None kPa,N/A,34802,['C'],A,Adiabatic calorimeter (non-vacuum) ,"not stated,99.999 %",99.999,Not Specified %,1965
1.012,0.0007634,2.2902e-05,None kPa,N/A,34802,['C'],A,Adiabatic calorimeter (non-vacuum) ,"not stated,99.999 %",99.999,Not Specified %,1965
1.125,0.000859,2.577e-05,None kPa,N/A,34802,['C'],A,Adiabatic calorimeter (non-vacuum) ,"not stated,99.999 %",99.999,Not Specified %,1965
0.2084,0.0001448,4.344e-06,None kPa,N/A,34802,['C'],A,Adiabatic calorimeter (non-vacuum) ,"not stated,99.999 %",99.999,Not Specified %,1965
0.2303,0.0001604,4.812e-06,None kPa,N/A,34802,['C'],A,Adiabatic calorimeter (non-vacuum) ,"not stated,99.999 %",99.999,Not Specified %,1965
0.2517,0.0001761,5.283e-06,None kPa,N/A,34802,['C'],A,Adiabatic calorimeter (non-vacuum) ,"not stated,99.999 %",99.999,Not Specified %,1965
0.2754,0.0001919,5.757e-06,None kPa,N/A,34802,['C'],A,Adiabatic calorimeter (non-vacuum) ,"not stated,99.999 %",99.999,Not Specified %,1965
0.3018,0.0002105,6.315e-06,None kPa,N/A,34802,['C'],A,Adiabatic calorimeter (non-vacuum) ,"not stated,99.999 %",99.999,Not Specified %,1965
0.3315,0.0002325,6.975e-06,None kPa,N/A,34802,['C'],A,Adiabatic calorimeter (non-vacuum) ,"not stated,99.999 %",99.999,Not Specified %,1965
0.367,0.0002594,7.782e-06,None kPa,N/A,34802,['C'],A,Adiabatic calorimeter (non-vacuum) ,"not stated,99.999 %",99.999,Not Specified %,1965
0.4097,0.0002899,8.697e-06,None kPa,N/A,34802,['C'],A,Adiabatic calorimeter (non-vacuum) ,"not stated,99.999 %",99.999,Not Specified %,1965
0.4712,0.0003321,9.963e-06,None kPa,N/A,34802,['C'],A,Adiabatic calorimeter (non-vacuum) ,"not stated,99.999 %",99.999,Not Specified %,1965
0.5132,0.0003632,1.0896e-05,None kPa,N/A,34802,['C'],A,Adiabatic calorimeter (non-vacuum) ,"not stated,99.999 %",99.999,Not Specified %,1965
0.5678,0.000405,1.215e-05,None kPa,N/A,34802,['C'],A,Adiabatic calorimeter (non-vacuum) ,"not stated,99.999 %",99.999,Not Specified %,1965
0.6243,0.0004473,1.3419e-05,None kPa,N/A,34802,['C'],A,Adiabatic calorimeter (non-vacuum) ,"not stated,99.999 %",99.999,Not Specified %,1965
0.6794,0.0004859,1.4577e-05,None kPa,N/A,34802,['C'],A,Adiabatic calorimeter (non-vacuum) ,"not stated,99.999 %",99.999,Not Specified %,1965
0.7416,0.0005349,1.6047e-05,None kPa,N/A,34802,['C'],A,Adiabatic calorimeter (non-vacuum) ,"not stated,99.999 %",99.999,Not Specified %,1965
0.8113,0.000593,1.779e-05,None kPa,N/A,34802,['C'],A,Adiabatic calorimeter (non-vacuum) ,"not stated,99.999 %",99.999,Not Specified %,1965
0.878,0.0006436,1.9308e-05,None kPa,N/A,34802,['C'],A,Adiabatic calorimeter (non-vacuum) ,"not stated,99.999 %",99.999,Not Specified %,1965
0.9541,0.0007087,2.1261e-05,None kPa,N/A,34802,['C'],A,Adiabatic calorimeter (non-vacuum) ,"not stated,99.999 %",99.999,Not Specified %,1965
1.034,0.0007752,2.3256e-05,None kPa,N/A,34802,['C'],A,Adiabatic calorimeter (non-vacuum) ,"not stated,99.999 %",99.999,Not Specified %,1965
