Temperature: K,Heat capacity at constant pressure Cp: J/K/mol,Uncertainty,Pressure,Ref Temp,Data Set ID,State,Representation,Method,Description,Purity,Purity Units,Year
140.3,17.9912,0.539736,None kPa,N/A,1170,['C'],A,Low temperature calorimetry set up,not stated,,,1914
214.3,22.5936,0.677808,None kPa,N/A,1170,['C'],A,Low temperature calorimetry set up,not stated,,,1914
267.0,24.3927,0.731782,None kPa,N/A,1170,['C'],A,Low temperature calorimetry set up,not stated,,,1914
273.1,24.4346,0.733037,None kPa,N/A,1170,['C'],A,Low temperature calorimetry set up,not stated,,,1914
274.0,24.4346,0.733037,None kPa,N/A,1170,['C'],A,Low temperature calorimetry set up,not stated,,,1914
283.1,24.7693,0.743078,None kPa,N/A,1170,['C'],A,Low temperature calorimetry set up,not stated,,,1914
294.1,25.1877,0.75563,None kPa,N/A,1170,['C'],A,Low temperature calorimetry set up,not stated,,,1914
297.6,25.2295,0.756886,None kPa,N/A,1170,['C'],A,Low temperature calorimetry set up,not stated,,,1914
323.4,25.8153,0.774458,None kPa,N/A,1170,['C'],A,Low temperature calorimetry set up,not stated,,,1914
339.4,25.9826,0.779479,None kPa,N/A,1170,['C'],A,Low temperature calorimetry set up,not stated,,,1914
370.6,26.5684,0.797052,None kPa,N/A,1170,['C'],A,Low temperature calorimetry set up,not stated,,,1914
150.0,18.828,0.9414,101.325 kPa,N/A,1177,['C'],A,Not Described,not stated,,,1914
210.0,22.4262,1.12131,None kPa,N/A,1177,['C'],A,Not Described,not stated,,,1914
250.0,23.8488,1.19244,None kPa,N/A,1177,['C'],A,Not Described,not stated,,,1914
310.0,25.4806,1.27403,None kPa,N/A,1177,['C'],A,Not Described,not stated,,,1914
350.0,26.2755,1.31378,None kPa,N/A,1177,['C'],A,Not Described,not stated,,,1914
390.0,26.8194,1.34097,None kPa,N/A,1177,['C'],A,Not Described,not stated,,,1914
16.9,0.156147,0.0023422,101.325 kPa,N/A,3200,['C'],A,Low temperature calorimetry set up,"not stated,99.5 weight % (total),estimated by the compiler",99.5,Weight %,1930
20.25,0.228739,0.00343109,None kPa,N/A,3200,['C'],A,Low temperature calorimetry set up,"not stated,99.5 weight % (total),estimated by the compiler",99.5,Weight %,1930
24.66,0.372836,0.00559254,None kPa,N/A,3200,['C'],A,Low temperature calorimetry set up,"not stated,99.5 weight % (total),estimated by the compiler",99.5,Weight %,1930
26.8,0.4707,0.0070605,None kPa,N/A,3200,['C'],A,Low temperature calorimetry set up,"not stated,99.5 weight % (total),estimated by the compiler",99.5,Weight %,1930
29.35,0.599149,0.00898723,None kPa,N/A,3200,['C'],A,Low temperature calorimetry set up,"not stated,99.5 weight % (total),estimated by the compiler",99.5,Weight %,1930
32.4,0.829269,0.012439,None kPa,N/A,3200,['C'],A,Low temperature calorimetry set up,"not stated,99.5 weight % (total),estimated by the compiler",99.5,Weight %,1930
36.85,1.17821,0.0176732,None kPa,N/A,3200,['C'],A,Low temperature calorimetry set up,"not stated,99.5 weight % (total),estimated by the compiler",99.5,Weight %,1930
40.0,1.53678,0.0230517,None kPa,N/A,3200,['C'],A,Low temperature calorimetry set up,"not stated,99.5 weight % (total),estimated by the compiler",99.5,Weight %,1930
43.0,1.93845,0.0290767,None kPa,N/A,3200,['C'],A,Low temperature calorimetry set up,"not stated,99.5 weight % (total),estimated by the compiler",99.5,Weight %,1930
50.82,3.09323,0.0463985,None kPa,N/A,3200,['C'],A,Low temperature calorimetry set up,"not stated,99.5 weight % (total),estimated by the compiler",99.5,Weight %,1930
59.05,4.54382,0.0681574,None kPa,N/A,3200,['C'],A,Low temperature calorimetry set up,"not stated,99.5 weight % (total),estimated by the compiler",99.5,Weight %,1930
69.8,6.5647,0.0984704,None kPa,N/A,3200,['C'],A,Low temperature calorimetry set up,"not stated,99.5 weight % (total),estimated by the compiler",99.5,Weight %,1930
74.95,7.54375,0.113156,None kPa,N/A,3200,['C'],A,Low temperature calorimetry set up,"not stated,99.5 weight % (total),estimated by the compiler",99.5,Weight %,1930
84.0,9.12949,0.136942,None kPa,N/A,3200,['C'],A,Low temperature calorimetry set up,"not stated,99.5 weight % (total),estimated by the compiler",99.5,Weight %,1930
91.25,10.4056,0.156084,None kPa,N/A,3200,['C'],A,Low temperature calorimetry set up,"not stated,99.5 weight % (total),estimated by the compiler",99.5,Weight %,1930
100.55,11.9579,0.179368,None kPa,N/A,3200,['C'],A,Low temperature calorimetry set up,"not stated,99.5 weight % (total),estimated by the compiler",99.5,Weight %,1930
109.9,13.3888,0.200832,None kPa,N/A,3200,['C'],A,Low temperature calorimetry set up,"not stated,99.5 weight % (total),estimated by the compiler",99.5,Weight %,1930
120.5,14.8658,0.222986,None kPa,N/A,3200,['C'],A,Low temperature calorimetry set up,"not stated,99.5 weight % (total),estimated by the compiler",99.5,Weight %,1930
129.95,16.0791,0.241187,None kPa,N/A,3200,['C'],A,Low temperature calorimetry set up,"not stated,99.5 weight % (total),estimated by the compiler",99.5,Weight %,1930
139.02,17.0456,0.255684,None kPa,N/A,3200,['C'],A,Low temperature calorimetry set up,"not stated,99.5 weight % (total),estimated by the compiler",99.5,Weight %,1930
148.52,18.0414,0.270621,None kPa,N/A,3200,['C'],A,Low temperature calorimetry set up,"not stated,99.5 weight % (total),estimated by the compiler",99.5,Weight %,1930
158.1,18.828,0.28242,None kPa,N/A,3200,['C'],A,Low temperature calorimetry set up,"not stated,99.5 weight % (total),estimated by the compiler",99.5,Weight %,1930
167.44,19.5811,0.293717,None kPa,N/A,3200,['C'],A,Low temperature calorimetry set up,"not stated,99.5 weight % (total),estimated by the compiler",99.5,Weight %,1930
178.8,20.3552,0.305327,None kPa,N/A,3200,['C'],A,Low temperature calorimetry set up,"not stated,99.5 weight % (total),estimated by the compiler",99.5,Weight %,1930
189.64,20.9828,0.314741,None kPa,N/A,3200,['C'],A,Low temperature calorimetry set up,"not stated,99.5 weight % (total),estimated by the compiler",99.5,Weight %,1930
197.23,21.4346,0.321519,None kPa,N/A,3200,['C'],A,Low temperature calorimetry set up,"not stated,99.5 weight % (total),estimated by the compiler",99.5,Weight %,1930
205.59,21.9451,0.329176,None kPa,N/A,3200,['C'],A,Low temperature calorimetry set up,"not stated,99.5 weight % (total),estimated by the compiler",99.5,Weight %,1930
54.6,3.865,0.011595,None kPa,N/A,5731,['C'],A,Low temperature calorimetry set up,"origin: commercial source,99.94 % (total),chemical analysis,sheet",99.94,Not Specified %,1943
57.8,4.422,0.013266,None kPa,N/A,5731,['C'],A,Low temperature calorimetry set up,"origin: commercial source,99.94 % (total),chemical analysis,sheet",99.94,Not Specified %,1943
61.4,5.074,0.015222,None kPa,N/A,5731,['C'],A,Low temperature calorimetry set up,"origin: commercial source,99.94 % (total),chemical analysis,sheet",99.94,Not Specified %,1943
65.6,5.886,0.017658,None kPa,N/A,5731,['C'],A,Low temperature calorimetry set up,"origin: commercial source,99.94 % (total),chemical analysis,sheet",99.94,Not Specified %,1943
69.4,6.622,0.019866,None kPa,N/A,5731,['C'],A,Low temperature calorimetry set up,"origin: commercial source,99.94 % (total),chemical analysis,sheet",99.94,Not Specified %,1943
73.7,7.45,0.02235,None kPa,N/A,5731,['C'],A,Low temperature calorimetry set up,"origin: commercial source,99.94 % (total),chemical analysis,sheet",99.94,Not Specified %,1943
82.2,9.011,0.027033,None kPa,N/A,5731,['C'],A,Low temperature calorimetry set up,"origin: commercial source,99.94 % (total),chemical analysis,sheet",99.94,Not Specified %,1943
86.2,9.73,0.02919,None kPa,N/A,5731,['C'],A,Low temperature calorimetry set up,"origin: commercial source,99.94 % (total),chemical analysis,sheet",99.94,Not Specified %,1943
95.1,11.27,0.03381,None kPa,N/A,5731,['C'],A,Low temperature calorimetry set up,"origin: commercial source,99.94 % (total),chemical analysis,sheet",99.94,Not Specified %,1943
105.0,12.81,0.03843,None kPa,N/A,5731,['C'],A,Low temperature calorimetry set up,"origin: commercial source,99.94 % (total),chemical analysis,sheet",99.94,Not Specified %,1943
115.3,14.28,0.04284,None kPa,N/A,5731,['C'],A,Low temperature calorimetry set up,"origin: commercial source,99.94 % (total),chemical analysis,sheet",99.94,Not Specified %,1943
125.5,15.58,0.04674,None kPa,N/A,5731,['C'],A,Low temperature calorimetry set up,"origin: commercial source,99.94 % (total),chemical analysis,sheet",99.94,Not Specified %,1943
135.5,16.7,0.0501,None kPa,N/A,5731,['C'],A,Low temperature calorimetry set up,"origin: commercial source,99.94 % (total),chemical analysis,sheet",99.94,Not Specified %,1943
145.9,17.72,0.05316,None kPa,N/A,5731,['C'],A,Low temperature calorimetry set up,"origin: commercial source,99.94 % (total),chemical analysis,sheet",99.94,Not Specified %,1943
155.8,18.59,0.05577,None kPa,N/A,5731,['C'],A,Low temperature calorimetry set up,"origin: commercial source,99.94 % (total),chemical analysis,sheet",99.94,Not Specified %,1943
166.0,19.39,0.05817,None kPa,N/A,5731,['C'],A,Low temperature calorimetry set up,"origin: commercial source,99.94 % (total),chemical analysis,sheet",99.94,Not Specified %,1943
176.3,20.07,0.06021,None kPa,N/A,5731,['C'],A,Low temperature calorimetry set up,"origin: commercial source,99.94 % (total),chemical analysis,sheet",99.94,Not Specified %,1943
186.0,20.67,0.06201,None kPa,N/A,5731,['C'],A,Low temperature calorimetry set up,"origin: commercial source,99.94 % (total),chemical analysis,sheet",99.94,Not Specified %,1943
196.5,21.3,0.0639,None kPa,N/A,5731,['C'],A,Low temperature calorimetry set up,"origin: commercial source,99.94 % (total),chemical analysis,sheet",99.94,Not Specified %,1943
206.2,21.77,0.06531,None kPa,N/A,5731,['C'],A,Low temperature calorimetry set up,"origin: commercial source,99.94 % (total),chemical analysis,sheet",99.94,Not Specified %,1943
216.0,22.2,0.0666,None kPa,N/A,5731,['C'],A,Low temperature calorimetry set up,"origin: commercial source,99.94 % (total),chemical analysis,sheet",99.94,Not Specified %,1943
225.9,22.63,0.06789,None kPa,N/A,5731,['C'],A,Low temperature calorimetry set up,"origin: commercial source,99.94 % (total),chemical analysis,sheet",99.94,Not Specified %,1943
236.6,23.04,0.06912,None kPa,N/A,5731,['C'],A,Low temperature calorimetry set up,"origin: commercial source,99.94 % (total),chemical analysis,sheet",99.94,Not Specified %,1943
246.3,23.44,0.07032,None kPa,N/A,5731,['C'],A,Low temperature calorimetry set up,"origin: commercial source,99.94 % (total),chemical analysis,sheet",99.94,Not Specified %,1943
256.2,23.77,0.07131,None kPa,N/A,5731,['C'],A,Low temperature calorimetry set up,"origin: commercial source,99.94 % (total),chemical analysis,sheet",99.94,Not Specified %,1943
266.1,24.12,0.07236,None kPa,N/A,5731,['C'],A,Low temperature calorimetry set up,"origin: commercial source,99.94 % (total),chemical analysis,sheet",99.94,Not Specified %,1943
276.1,24.43,0.07329,None kPa,N/A,5731,['C'],A,Low temperature calorimetry set up,"origin: commercial source,99.94 % (total),chemical analysis,sheet",99.94,Not Specified %,1943
285.8,24.67,0.07401,None kPa,N/A,5731,['C'],A,Low temperature calorimetry set up,"origin: commercial source,99.94 % (total),chemical analysis,sheet",99.94,Not Specified %,1943
295.1,24.9,0.0747,None kPa,N/A,5731,['C'],A,Low temperature calorimetry set up,"origin: commercial source,99.94 % (total),chemical analysis,sheet",99.94,Not Specified %,1943
1.5,0.00782408,0.000156482,None kPa,N/A,5778,['C'],A,Vacuum adiabatic calorimetry,"origin: commercial source,99.7 %,chemical analysis,rod",99.7,Not Specified %,1945
1.95,0.00924664,0.000184933,None kPa,N/A,5778,['C'],A,Vacuum adiabatic calorimetry,"origin: commercial source,99.7 %,chemical analysis,rod",99.7,Not Specified %,1945
2.92,0.0142256,0.000284512,None kPa,N/A,5778,['C'],A,Vacuum adiabatic calorimetry,"origin: commercial source,99.7 %,chemical analysis,rod",99.7,Not Specified %,1945
3.63,0.0187862,0.000375723,None kPa,N/A,5778,['C'],A,Vacuum adiabatic calorimetry,"origin: commercial source,99.7 %,chemical analysis,rod",99.7,Not Specified %,1945
5.34,0.0307106,0.000614211,None kPa,N/A,5778,['C'],A,Vacuum adiabatic calorimetry,"origin: commercial source,99.7 %,chemical analysis,rod",99.7,Not Specified %,1945
6.23,0.035313,0.000706259,None kPa,N/A,5778,['C'],A,Vacuum adiabatic calorimetry,"origin: commercial source,99.7 %,chemical analysis,rod",99.7,Not Specified %,1945
8.48,0.054392,0.00108784,None kPa,N/A,5778,['C'],A,Vacuum adiabatic calorimetry,"origin: commercial source,99.7 %,chemical analysis,rod",99.7,Not Specified %,1945
9.94,0.0661072,0.00132214,None kPa,N/A,5778,['C'],A,Vacuum adiabatic calorimetry,"origin: commercial source,99.7 %,chemical analysis,rod",99.7,Not Specified %,1945
11.17,0.0820064,0.00164013,None kPa,N/A,5778,['C'],A,Vacuum adiabatic calorimetry,"origin: commercial source,99.7 %,chemical analysis,rod",99.7,Not Specified %,1945
12.4,0.0958136,0.00191627,None kPa,N/A,5778,['C'],A,Vacuum adiabatic calorimetry,"origin: commercial source,99.7 %,chemical analysis,rod",99.7,Not Specified %,1945
13.38,0.112131,0.00224262,None kPa,N/A,5778,['C'],A,Vacuum adiabatic calorimetry,"origin: commercial source,99.7 %,chemical analysis,rod",99.7,Not Specified %,1945
14.27,0.120499,0.00240998,None kPa,N/A,5778,['C'],A,Vacuum adiabatic calorimetry,"origin: commercial source,99.7 %,chemical analysis,rod",99.7,Not Specified %,1945
15.22,0.136817,0.00273634,None kPa,N/A,5778,['C'],A,Vacuum adiabatic calorimetry,"origin: commercial source,99.7 %,chemical analysis,rod",99.7,Not Specified %,1945
16.23,0.158574,0.00317147,None kPa,N/A,5778,['C'],A,Vacuum adiabatic calorimetry,"origin: commercial source,99.7 %,chemical analysis,rod",99.7,Not Specified %,1945
17.24,0.182841,0.00365682,None kPa,N/A,5778,['C'],A,Vacuum adiabatic calorimetry,"origin: commercial source,99.7 %,chemical analysis,rod",99.7,Not Specified %,1945
18.15,0.205434,0.00410869,None kPa,N/A,5778,['C'],A,Vacuum adiabatic calorimetry,"origin: commercial source,99.7 %,chemical analysis,rod",99.7,Not Specified %,1945
19.15,0.228865,0.0045773,None kPa,N/A,5778,['C'],A,Vacuum adiabatic calorimetry,"origin: commercial source,99.7 %,chemical analysis,rod",99.7,Not Specified %,1945
20.12,0.253132,0.00506264,None kPa,N/A,5778,['C'],A,Vacuum adiabatic calorimetry,"origin: commercial source,99.7 %,chemical analysis,rod",99.7,Not Specified %,1945
1.69,0.00882824,0.000176565,None kPa,N/A,5778,['C'],A,Vacuum adiabatic calorimetry,"origin: commercial source,99.7 %,chemical analysis,rod",99.7,Not Specified %,1945
2.65,0.0133888,0.000267776,None kPa,N/A,5778,['C'],A,Vacuum adiabatic calorimetry,"origin: commercial source,99.7 %,chemical analysis,rod",99.7,Not Specified %,1945
3.55,0.0191209,0.000382418,None kPa,N/A,5778,['C'],A,Vacuum adiabatic calorimetry,"origin: commercial source,99.7 %,chemical analysis,rod",99.7,Not Specified %,1945
2.03,0.010711,0.000214221,None kPa,N/A,5778,['C'],A,Vacuum adiabatic calorimetry,"origin: commercial source,99.7 %,chemical analysis,rod",99.7,Not Specified %,1945
3.02,0.0150206,0.000300411,None kPa,N/A,5778,['C'],A,Vacuum adiabatic calorimetry,"origin: commercial source,99.7 %,chemical analysis,rod",99.7,Not Specified %,1945
3.82,0.019874,0.00039748,None kPa,N/A,5778,['C'],A,Vacuum adiabatic calorimetry,"origin: commercial source,99.7 %,chemical analysis,rod",99.7,Not Specified %,1945
8.59,0.0548104,0.00109621,None kPa,N/A,5778,['C'],A,Vacuum adiabatic calorimetry,"origin: commercial source,99.7 %,chemical analysis,rod",99.7,Not Specified %,1945
10.02,0.0698728,0.00139746,None kPa,N/A,5778,['C'],A,Vacuum adiabatic calorimetry,"origin: commercial source,99.7 %,chemical analysis,rod",99.7,Not Specified %,1945
11.06,0.0799144,0.00159829,None kPa,N/A,5778,['C'],A,Vacuum adiabatic calorimetry,"origin: commercial source,99.7 %,chemical analysis,rod",99.7,Not Specified %,1945
12.08,0.09414,0.0018828,None kPa,N/A,5778,['C'],A,Vacuum adiabatic calorimetry,"origin: commercial source,99.7 %,chemical analysis,rod",99.7,Not Specified %,1945
13.08,0.106692,0.00213384,None kPa,N/A,5778,['C'],A,Vacuum adiabatic calorimetry,"origin: commercial source,99.7 %,chemical analysis,rod",99.7,Not Specified %,1945
14.02,0.119662,0.00239325,None kPa,N/A,5778,['C'],A,Vacuum adiabatic calorimetry,"origin: commercial source,99.7 %,chemical analysis,rod",99.7,Not Specified %,1945
15.01,0.137654,0.00275307,None kPa,N/A,5778,['C'],A,Vacuum adiabatic calorimetry,"origin: commercial source,99.7 %,chemical analysis,rod",99.7,Not Specified %,1945
16.13,0.15439,0.00308779,None kPa,N/A,5778,['C'],A,Vacuum adiabatic calorimetry,"origin: commercial source,99.7 %,chemical analysis,rod",99.7,Not Specified %,1945
17.36,0.184096,0.00368192,None kPa,N/A,5778,['C'],A,Vacuum adiabatic calorimetry,"origin: commercial source,99.7 %,chemical analysis,rod",99.7,Not Specified %,1945
18.45,0.207526,0.00415053,None kPa,N/A,5778,['C'],A,Vacuum adiabatic calorimetry,"origin: commercial source,99.7 %,chemical analysis,rod",99.7,Not Specified %,1945
19.55,0.248111,0.00496222,None kPa,N/A,5778,['C'],A,Vacuum adiabatic calorimetry,"origin: commercial source,99.7 %,chemical analysis,rod",99.7,Not Specified %,1945
1.833,0.00932195,0.000186439,None kPa,N/A,11218,['C'],A,Low temperature calorimetry set up,not stated,,,1960
1.945,0.00991608,0.000198322,None kPa,N/A,11218,['C'],A,Low temperature calorimetry set up,not stated,,,1960
2.077,0.0105939,0.000211878,None kPa,N/A,11218,['C'],A,Low temperature calorimetry set up,not stated,,,1960
2.31,0.0116859,0.000233718,None kPa,N/A,11218,['C'],A,Low temperature calorimetry set up,not stated,,,1960
2.553,0.0129997,0.000259994,None kPa,N/A,11218,['C'],A,Low temperature calorimetry set up,not stated,,,1960
2.723,0.0138909,0.000277818,None kPa,N/A,11218,['C'],A,Low temperature calorimetry set up,not stated,,,1960
2.865,0.0146607,0.000293215,None kPa,N/A,11218,['C'],A,Low temperature calorimetry set up,not stated,,,1960
2.984,0.0153553,0.000307106,None kPa,N/A,11218,['C'],A,Low temperature calorimetry set up,not stated,,,1960
3.072,0.0160498,0.000320996,None kPa,N/A,11218,['C'],A,Low temperature calorimetry set up,not stated,,,1960
3.116,0.016167,0.00032334,None kPa,N/A,11218,['C'],A,Low temperature calorimetry set up,not stated,,,1960
3.144,0.016464,0.000329281,None kPa,N/A,11218,['C'],A,Low temperature calorimetry set up,not stated,,,1960
3.211,0.0166523,0.000333046,None kPa,N/A,11218,['C'],A,Low temperature calorimetry set up,not stated,,,1960
3.293,0.0173259,0.000346519,None kPa,N/A,11218,['C'],A,Low temperature calorimetry set up,not stated,,,1960
3.434,0.018192,0.000363841,None kPa,N/A,11218,['C'],A,Low temperature calorimetry set up,not stated,,,1960
3.539,0.018736,0.000374719,None kPa,N/A,11218,['C'],A,Low temperature calorimetry set up,not stated,,,1960
3.62,0.0192799,0.000385597,None kPa,N/A,11218,['C'],A,Low temperature calorimetry set up,not stated,,,1960
3.811,0.020125,0.000402501,None kPa,N/A,11218,['C'],A,Low temperature calorimetry set up,not stated,,,1960
3.845,0.0203342,0.000406685,None kPa,N/A,11218,['C'],A,Low temperature calorimetry set up,not stated,,,1960
4.058,0.0215978,0.000431956,None kPa,N/A,11218,['C'],A,Low temperature calorimetry set up,not stated,,,1960
4.36,0.0235015,0.000470031,None kPa,N/A,11218,['C'],A,Low temperature calorimetry set up,not stated,,,1960
135.45,16.8322,0.504967,None kPa,N/A,13298,['C'],A,Vacuum adiabatic calorimetry,not stated,,,1962
142.65,17.0372,0.511117,None kPa,N/A,13298,['C'],A,Vacuum adiabatic calorimetry,not stated,,,1962
149.45,18.0581,0.541744,None kPa,N/A,13298,['C'],A,Vacuum adiabatic calorimetry,not stated,,,1962
157.55,18.9284,0.567852,None kPa,N/A,13298,['C'],A,Vacuum adiabatic calorimetry,not stated,,,1962
162.55,19.1962,0.575886,None kPa,N/A,13298,['C'],A,Vacuum adiabatic calorimetry,not stated,,,1962
168.95,19.6899,0.590697,None kPa,N/A,13298,['C'],A,Vacuum adiabatic calorimetry,not stated,,,1962
175.35,20.2547,0.607642,None kPa,N/A,13298,['C'],A,Vacuum adiabatic calorimetry,not stated,,,1962
180.39,20.5685,0.617056,None kPa,N/A,13298,['C'],A,Vacuum adiabatic calorimetry,not stated,,,1962
186.89,20.9535,0.628604,None kPa,N/A,13298,['C'],A,Vacuum adiabatic calorimetry,not stated,,,1962
193.46,21.3091,0.639273,None kPa,N/A,13298,['C'],A,Vacuum adiabatic calorimetry,not stated,,,1962
198.77,21.602,0.64806,None kPa,N/A,13298,['C'],A,Vacuum adiabatic calorimetry,not stated,,,1962
203.59,21.8572,0.655716,None kPa,N/A,13298,['C'],A,Vacuum adiabatic calorimetry,not stated,,,1962
210.35,22.0748,0.662244,None kPa,N/A,13298,['C'],A,Vacuum adiabatic calorimetry,not stated,,,1962
215.25,22.4095,0.672285,None kPa,N/A,13298,['C'],A,Vacuum adiabatic calorimetry,not stated,,,1962
224.93,22.8154,0.684461,None kPa,N/A,13298,['C'],A,Vacuum adiabatic calorimetry,not stated,,,1962
237.12,23.3007,0.699021,None kPa,N/A,13298,['C'],A,Vacuum adiabatic calorimetry,not stated,,,1962
247.04,23.9325,0.717974,None kPa,N/A,13298,['C'],A,Vacuum adiabatic calorimetry,not stated,,,1962
256.77,24.1584,0.724752,None kPa,N/A,13298,['C'],A,Vacuum adiabatic calorimetry,not stated,,,1962
266.624,24.4806,0.734417,None kPa,N/A,13298,['C'],A,Vacuum adiabatic calorimetry,not stated,,,1962
277.391,24.6814,0.740442,None kPa,N/A,13298,['C'],A,Vacuum adiabatic calorimetry,not stated,,,1962
286.86,25.2923,0.758768,None kPa,N/A,13298,['C'],A,Vacuum adiabatic calorimetry,not stated,,,1962
296.76,25.8236,0.774709,None kPa,N/A,13298,['C'],A,Vacuum adiabatic calorimetry,not stated,,,1962
306.98,26.1584,0.784751,None kPa,N/A,13298,['C'],A,Vacuum adiabatic calorimetry,not stated,,,1962
314.89,26.1082,0.783245,None kPa,N/A,13298,['C'],A,Vacuum adiabatic calorimetry,not stated,,,1962
326.83,26.3174,0.789521,None kPa,N/A,13298,['C'],A,Vacuum adiabatic calorimetry,not stated,,,1962
335.37,26.6061,0.798182,None kPa,N/A,13298,['C'],A,Vacuum adiabatic calorimetry,not stated,,,1962
344.74,26.7316,0.801947,None kPa,N/A,13298,['C'],A,Vacuum adiabatic calorimetry,not stated,,,1962
363.76,27.4512,0.823537,None kPa,N/A,13298,['C'],A,Vacuum adiabatic calorimetry,not stated,,,1962
380.75,27.9449,0.838348,None kPa,N/A,13298,['C'],A,Vacuum adiabatic calorimetry,not stated,,,1962
391.35,28.2378,0.847134,None kPa,N/A,13298,['C'],A,Vacuum adiabatic calorimetry,not stated,,,1962
400.05,28.5098,0.855293,None kPa,N/A,13298,['C'],A,Vacuum adiabatic calorimetry,not stated,,,1962
409.45,28.5642,0.856925,None kPa,N/A,13298,['C'],A,Vacuum adiabatic calorimetry,not stated,,,1962
418.65,28.7608,0.862824,None kPa,N/A,13298,['C'],A,Vacuum adiabatic calorimetry,not stated,,,1962
427.25,29.1708,0.875125,None kPa,N/A,13298,['C'],A,Vacuum adiabatic calorimetry,not stated,,,1962
435.85,29.493,0.88479,None kPa,N/A,13298,['C'],A,Vacuum adiabatic calorimetry,not stated,,,1962
445.35,29.7148,0.891443,None kPa,N/A,13298,['C'],A,Vacuum adiabatic calorimetry,not stated,,,1962
454.25,29.9114,0.897343,None kPa,N/A,13298,['C'],A,Vacuum adiabatic calorimetry,not stated,,,1962
463.15,30.2503,0.90751,None kPa,N/A,13298,['C'],A,Vacuum adiabatic calorimetry,not stated,,,1962
473.05,30.4721,0.914162,None kPa,N/A,13298,['C'],A,Vacuum adiabatic calorimetry,not stated,,,1962
481.25,30.7189,0.921568,None kPa,N/A,13298,['C'],A,Vacuum adiabatic calorimetry,not stated,,,1962
490.15,30.9825,0.929476,None kPa,N/A,13298,['C'],A,Vacuum adiabatic calorimetry,not stated,,,1962
498.95,31.5181,0.945542,None kPa,N/A,13298,['C'],A,Vacuum adiabatic calorimetry,not stated,,,1962
508.15,31.5474,0.946421,None kPa,N/A,13298,['C'],A,Vacuum adiabatic calorimetry,not stated,,,1962
516.95,31.6394,0.949182,None kPa,N/A,13298,['C'],A,Vacuum adiabatic calorimetry,not stated,,,1962
527.25,31.8444,0.955333,None kPa,N/A,13298,['C'],A,Vacuum adiabatic calorimetry,not stated,,,1962
535.55,32.2084,0.966253,None kPa,N/A,13298,['C'],A,Vacuum adiabatic calorimetry,not stated,,,1962
544.35,32.4678,0.974035,None kPa,N/A,13298,['C'],A,Vacuum adiabatic calorimetry,not stated,,,1962
553.75,32.79,0.9837,None kPa,N/A,13298,['C'],A,Vacuum adiabatic calorimetry,not stated,,,1962
562.15,32.7733,0.983198,None kPa,N/A,13298,['C'],A,Vacuum adiabatic calorimetry,not stated,,,1962
570.75,33.2084,0.996252,None kPa,N/A,13298,['C'],A,Vacuum adiabatic calorimetry,not stated,,,1962
579.95,33.2795,0.998386,None kPa,N/A,13298,['C'],A,Vacuum adiabatic calorimetry,not stated,,,1962
589.15,33.5933,1.0078,None kPa,N/A,13298,['C'],A,Vacuum adiabatic calorimetry,not stated,,,1962
598.35,34.2335,1.027,None kPa,N/A,13298,['C'],A,Vacuum adiabatic calorimetry,not stated,,,1962
607.05,34.6854,1.04056,None kPa,N/A,13298,['C'],A,Vacuum adiabatic calorimetry,not stated,,,1962
616.35,35.1205,1.05361,None kPa,N/A,13298,['C'],A,Vacuum adiabatic calorimetry,not stated,,,1962
624.75,35.1289,1.05387,None kPa,N/A,13298,['C'],A,Vacuum adiabatic calorimetry,not stated,,,1962
30.0,0.75312,0.037656,None kPa,N/A,4444,['C'],A,Low temperature calorimetry set up,not stated,,,1935
40.0,1.569,0.07845,None kPa,N/A,4444,['C'],A,Low temperature calorimetry set up,not stated,,,1935
50.0,3.05432,0.152716,None kPa,N/A,4444,['C'],A,Low temperature calorimetry set up,not stated,,,1935
60.0,4.8116,0.24058,None kPa,N/A,4444,['C'],A,Low temperature calorimetry set up,not stated,,,1935
70.0,6.77808,0.338904,None kPa,N/A,4444,['C'],A,Low temperature calorimetry set up,not stated,,,1935
80.0,8.7864,0.43932,None kPa,N/A,4444,['C'],A,Low temperature calorimetry set up,not stated,,,1935
90.0,10.5018,0.525092,None kPa,N/A,4444,['C'],A,Low temperature calorimetry set up,not stated,,,1935
100.0,12.1754,0.608772,None kPa,N/A,4444,['C'],A,Low temperature calorimetry set up,not stated,,,1935
110.0,13.8072,0.69036,None kPa,N/A,4444,['C'],A,Low temperature calorimetry set up,not stated,,,1935
120.0,15.1461,0.757304,None kPa,N/A,4444,['C'],A,Low temperature calorimetry set up,not stated,,,1935
130.0,16.2339,0.811696,None kPa,N/A,4444,['C'],A,Low temperature calorimetry set up,not stated,,,1935
140.0,17.3218,0.866088,None kPa,N/A,4444,['C'],A,Low temperature calorimetry set up,not stated,,,1935
150.0,18.1586,0.907928,None kPa,N/A,4444,['C'],A,Low temperature calorimetry set up,not stated,,,1935
160.0,18.828,0.9414,None kPa,N/A,4444,['C'],A,Low temperature calorimetry set up,not stated,,,1935
180.0,20.1669,1.00834,None kPa,N/A,4444,['C'],A,Low temperature calorimetry set up,not stated,,,1935
200.0,21.4639,1.0732,None kPa,N/A,4444,['C'],A,Low temperature calorimetry set up,not stated,,,1935
220.0,22.5099,1.1255,None kPa,N/A,4444,['C'],A,Low temperature calorimetry set up,not stated,,,1935
1.5,0.00782408,0.000391204,None kPa,N/A,5125,['C'],A,Low temperature calorimetry set up,"origin: commercial source,99.74 % (total),chemical analysis,rod",99.74,Not Specified %,1939
1.95,0.00924664,0.000462332,None kPa,N/A,5125,['C'],A,Low temperature calorimetry set up,"origin: commercial source,99.74 % (total),chemical analysis,rod",99.74,Not Specified %,1939
2.92,0.0142256,0.00071128,None kPa,N/A,5125,['C'],A,Low temperature calorimetry set up,"origin: commercial source,99.74 % (total),chemical analysis,rod",99.74,Not Specified %,1939
3.63,0.0187862,0.000939308,None kPa,N/A,5125,['C'],A,Low temperature calorimetry set up,"origin: commercial source,99.74 % (total),chemical analysis,rod",99.74,Not Specified %,1939
4.45,0.0242672,0.00121336,None kPa,N/A,5125,['C'],A,Low temperature calorimetry set up,"origin: commercial source,99.74 % (total),chemical analysis,rod",99.74,Not Specified %,1939
5.34,0.0307106,0.00153553,None kPa,N/A,5125,['C'],A,Low temperature calorimetry set up,"origin: commercial source,99.74 % (total),chemical analysis,rod",99.74,Not Specified %,1939
6.23,0.035313,0.00176565,None kPa,N/A,5125,['C'],A,Low temperature calorimetry set up,"origin: commercial source,99.74 % (total),chemical analysis,rod",99.74,Not Specified %,1939
8.48,0.054392,0.0027196,None kPa,N/A,5125,['C'],A,Low temperature calorimetry set up,"origin: commercial source,99.74 % (total),chemical analysis,rod",99.74,Not Specified %,1939
9.94,0.0661072,0.00330536,None kPa,N/A,5125,['C'],A,Low temperature calorimetry set up,"origin: commercial source,99.74 % (total),chemical analysis,rod",99.74,Not Specified %,1939
11.17,0.0820064,0.00410032,None kPa,N/A,5125,['C'],A,Low temperature calorimetry set up,"origin: commercial source,99.74 % (total),chemical analysis,rod",99.74,Not Specified %,1939
12.4,0.0958136,0.00479068,None kPa,N/A,5125,['C'],A,Low temperature calorimetry set up,"origin: commercial source,99.74 % (total),chemical analysis,rod",99.74,Not Specified %,1939
13.38,0.112131,0.00560656,None kPa,N/A,5125,['C'],A,Low temperature calorimetry set up,"origin: commercial source,99.74 % (total),chemical analysis,rod",99.74,Not Specified %,1939
14.27,0.120499,0.00602496,None kPa,N/A,5125,['C'],A,Low temperature calorimetry set up,"origin: commercial source,99.74 % (total),chemical analysis,rod",99.74,Not Specified %,1939
15.22,0.136817,0.00684084,None kPa,N/A,5125,['C'],A,Low temperature calorimetry set up,"origin: commercial source,99.74 % (total),chemical analysis,rod",99.74,Not Specified %,1939
16.23,0.158574,0.00792868,None kPa,N/A,5125,['C'],A,Low temperature calorimetry set up,"origin: commercial source,99.74 % (total),chemical analysis,rod",99.74,Not Specified %,1939
17.24,0.182841,0.00914204,None kPa,N/A,5125,['C'],A,Low temperature calorimetry set up,"origin: commercial source,99.74 % (total),chemical analysis,rod",99.74,Not Specified %,1939
18.15,0.205434,0.0102717,None kPa,N/A,5125,['C'],A,Low temperature calorimetry set up,"origin: commercial source,99.74 % (total),chemical analysis,rod",99.74,Not Specified %,1939
19.15,0.228865,0.0114432,None kPa,N/A,5125,['C'],A,Low temperature calorimetry set up,"origin: commercial source,99.74 % (total),chemical analysis,rod",99.74,Not Specified %,1939
20.12,0.253132,0.0126566,None kPa,N/A,5125,['C'],A,Low temperature calorimetry set up,"origin: commercial source,99.74 % (total),chemical analysis,rod",99.74,Not Specified %,1939
1.69,0.0087864,0.00043932,None kPa,N/A,5125,['C'],A,Low temperature calorimetry set up,"origin: commercial source,99.74 % (total),chemical analysis,rod",99.74,Not Specified %,1939
2.65,0.0133888,0.00066944,None kPa,N/A,5125,['C'],A,Low temperature calorimetry set up,"origin: commercial source,99.74 % (total),chemical analysis,rod",99.74,Not Specified %,1939
3.55,0.0191209,0.000956044,None kPa,N/A,5125,['C'],A,Low temperature calorimetry set up,"origin: commercial source,99.74 % (total),chemical analysis,rod",99.74,Not Specified %,1939
2.03,0.010711,0.000535552,None kPa,N/A,5125,['C'],A,Low temperature calorimetry set up,"origin: commercial source,99.74 % (total),chemical analysis,rod",99.74,Not Specified %,1939
3.02,0.0150206,0.000751028,None kPa,N/A,5125,['C'],A,Low temperature calorimetry set up,"origin: commercial source,99.74 % (total),chemical analysis,rod",99.74,Not Specified %,1939
3.82,0.019874,0.0009937,None kPa,N/A,5125,['C'],A,Low temperature calorimetry set up,"origin: commercial source,99.74 % (total),chemical analysis,rod",99.74,Not Specified %,1939
8.59,0.0548104,0.00274052,None kPa,N/A,5125,['C'],A,Low temperature calorimetry set up,"origin: commercial source,99.74 % (total),chemical analysis,rod",99.74,Not Specified %,1939
10.02,0.0698728,0.00349364,None kPa,N/A,5125,['C'],A,Low temperature calorimetry set up,"origin: commercial source,99.74 % (total),chemical analysis,rod",99.74,Not Specified %,1939
11.06,0.0799144,0.00399572,None kPa,N/A,5125,['C'],A,Low temperature calorimetry set up,"origin: commercial source,99.74 % (total),chemical analysis,rod",99.74,Not Specified %,1939
12.08,0.0933032,0.00466516,None kPa,N/A,5125,['C'],A,Low temperature calorimetry set up,"origin: commercial source,99.74 % (total),chemical analysis,rod",99.74,Not Specified %,1939
13.08,0.106692,0.0053346,None kPa,N/A,5125,['C'],A,Low temperature calorimetry set up,"origin: commercial source,99.74 % (total),chemical analysis,rod",99.74,Not Specified %,1939
14.02,0.119662,0.00598312,None kPa,N/A,5125,['C'],A,Low temperature calorimetry set up,"origin: commercial source,99.74 % (total),chemical analysis,rod",99.74,Not Specified %,1939
15.01,0.137654,0.00688268,None kPa,N/A,5125,['C'],A,Low temperature calorimetry set up,"origin: commercial source,99.74 % (total),chemical analysis,rod",99.74,Not Specified %,1939
16.13,0.15439,0.00771948,None kPa,N/A,5125,['C'],A,Low temperature calorimetry set up,"origin: commercial source,99.74 % (total),chemical analysis,rod",99.74,Not Specified %,1939
17.36,0.184096,0.0092048,None kPa,N/A,5125,['C'],A,Low temperature calorimetry set up,"origin: commercial source,99.74 % (total),chemical analysis,rod",99.74,Not Specified %,1939
18.45,0.207526,0.0103763,None kPa,N/A,5125,['C'],A,Low temperature calorimetry set up,"origin: commercial source,99.74 % (total),chemical analysis,rod",99.74,Not Specified %,1939
19.55,0.248111,0.0124056,None kPa,N/A,5125,['C'],A,Low temperature calorimetry set up,"origin: commercial source,99.74 % (total),chemical analysis,rod",99.74,Not Specified %,1939
1.1,0.00554798,0.00011096,None kPa,N/A,5177,['C'],A,Vacuum adiabatic calorimetry,origin: commercial source,,,1939
1.5,0.00759814,0.000151963,None kPa,N/A,5177,['C'],A,Vacuum adiabatic calorimetry,origin: commercial source,,,1939
2.0,0.0102006,0.000204012,None kPa,N/A,5177,['C'],A,Vacuum adiabatic calorimetry,origin: commercial source,,,1939
2.5,0.0128616,0.000257232,None kPa,N/A,5177,['C'],A,Vacuum adiabatic calorimetry,origin: commercial source,,,1939
3.0,0.0155938,0.000311875,None kPa,N/A,5177,['C'],A,Vacuum adiabatic calorimetry,origin: commercial source,,,1939
3.5,0.018418,0.000368359,None kPa,N/A,5177,['C'],A,Vacuum adiabatic calorimetry,origin: commercial source,,,1939
4.0,0.0213468,0.000426935,None kPa,N/A,5177,['C'],A,Vacuum adiabatic calorimetry,origin: commercial source,,,1939
4.5,0.0243927,0.000487854,None kPa,N/A,5177,['C'],A,Vacuum adiabatic calorimetry,origin: commercial source,,,1939
5.0,0.0275726,0.000551451,None kPa,N/A,5177,['C'],A,Vacuum adiabatic calorimetry,origin: commercial source,,,1939
5.5,0.0308988,0.000617977,None kPa,N/A,5177,['C'],A,Vacuum adiabatic calorimetry,origin: commercial source,,,1939
6.0,0.0343925,0.00068785,None kPa,N/A,5177,['C'],A,Vacuum adiabatic calorimetry,origin: commercial source,,,1939
6.5,0.0380577,0.000761153,None kPa,N/A,5177,['C'],A,Vacuum adiabatic calorimetry,origin: commercial source,,,1939
7.0,0.0419195,0.00083839,None kPa,N/A,5177,['C'],A,Vacuum adiabatic calorimetry,origin: commercial source,,,1939
7.5,0.0459863,0.000919727,None kPa,N/A,5177,['C'],A,Vacuum adiabatic calorimetry,origin: commercial source,,,1939
8.0,0.0502791,0.00100558,None kPa,N/A,5177,['C'],A,Vacuum adiabatic calorimetry,origin: commercial source,,,1939
8.5,0.0548062,0.00109612,None kPa,N/A,5177,['C'],A,Vacuum adiabatic calorimetry,origin: commercial source,,,1939
9.0,0.0595843,0.00119169,None kPa,N/A,5177,['C'],A,Vacuum adiabatic calorimetry,origin: commercial source,,,1939
9.5,0.0646302,0.0012926,None kPa,N/A,5177,['C'],A,Vacuum adiabatic calorimetry,origin: commercial source,,,1939
10.0,0.0699565,0.00139913,None kPa,N/A,5177,['C'],A,Vacuum adiabatic calorimetry,origin: commercial source,,,1939
10.5,0.0755798,0.0015116,None kPa,N/A,5177,['C'],A,Vacuum adiabatic calorimetry,origin: commercial source,,,1939
11.0,0.0815127,0.00163025,None kPa,N/A,5177,['C'],A,Vacuum adiabatic calorimetry,origin: commercial source,,,1939
11.5,0.0877761,0.00175552,None kPa,N/A,5177,['C'],A,Vacuum adiabatic calorimetry,origin: commercial source,,,1939
12.0,0.0943743,0.00188749,None kPa,N/A,5177,['C'],A,Vacuum adiabatic calorimetry,origin: commercial source,,,1939
12.5,0.101332,0.00202665,None kPa,N/A,5177,['C'],A,Vacuum adiabatic calorimetry,origin: commercial source,,,1939
13.0,0.108658,0.00217317,None kPa,N/A,5177,['C'],A,Vacuum adiabatic calorimetry,origin: commercial source,,,1939
13.5,0.11637,0.00232739,None kPa,N/A,5177,['C'],A,Vacuum adiabatic calorimetry,origin: commercial source,,,1939
14.0,0.124482,0.00248965,None kPa,N/A,5177,['C'],A,Vacuum adiabatic calorimetry,origin: commercial source,,,1939
14.5,0.133009,0.00266019,None kPa,N/A,5177,['C'],A,Vacuum adiabatic calorimetry,origin: commercial source,,,1939
15.0,0.141963,0.00283926,None kPa,N/A,5177,['C'],A,Vacuum adiabatic calorimetry,origin: commercial source,,,1939
15.5,0.151365,0.00302729,None kPa,N/A,5177,['C'],A,Vacuum adiabatic calorimetry,origin: commercial source,,,1939
16.0,0.161222,0.00322444,None kPa,N/A,5177,['C'],A,Vacuum adiabatic calorimetry,origin: commercial source,,,1939
16.5,0.171557,0.00343113,None kPa,N/A,5177,['C'],A,Vacuum adiabatic calorimetry,origin: commercial source,,,1939
17.0,0.182376,0.00364753,None kPa,N/A,5177,['C'],A,Vacuum adiabatic calorimetry,origin: commercial source,,,1939
17.5,0.193702,0.00387405,None kPa,N/A,5177,['C'],A,Vacuum adiabatic calorimetry,origin: commercial source,,,1939
18.0,0.205547,0.00411095,None kPa,N/A,5177,['C'],A,Vacuum adiabatic calorimetry,origin: commercial source,,,1939
18.5,0.217924,0.00435847,None kPa,N/A,5177,['C'],A,Vacuum adiabatic calorimetry,origin: commercial source,,,1939
19.0,0.230848,0.00461696,None kPa,N/A,5177,['C'],A,Vacuum adiabatic calorimetry,origin: commercial source,,,1939
19.5,0.244337,0.00488674,None kPa,N/A,5177,['C'],A,Vacuum adiabatic calorimetry,origin: commercial source,,,1939
20.0,0.258404,0.00516808,None kPa,N/A,5177,['C'],A,Vacuum adiabatic calorimetry,origin: commercial source,,,1939
20.4,0.270081,0.00540163,None kPa,N/A,5177,['C'],A,Vacuum adiabatic calorimetry,origin: commercial source,,,1939
1.833,0.00932195,0.000186439,None kPa,N/A,11218,['C'],A,Low temperature calorimetry set up,not stated,,,1960
1.945,0.00991608,0.000198322,None kPa,N/A,11218,['C'],A,Low temperature calorimetry set up,not stated,,,1960
2.077,0.0105939,0.000211878,None kPa,N/A,11218,['C'],A,Low temperature calorimetry set up,not stated,,,1960
2.31,0.0116859,0.000233718,None kPa,N/A,11218,['C'],A,Low temperature calorimetry set up,not stated,,,1960
2.553,0.0129997,0.000259994,None kPa,N/A,11218,['C'],A,Low temperature calorimetry set up,not stated,,,1960
2.723,0.0138909,0.000277818,None kPa,N/A,11218,['C'],A,Low temperature calorimetry set up,not stated,,,1960
2.865,0.0146607,0.000293215,None kPa,N/A,11218,['C'],A,Low temperature calorimetry set up,not stated,,,1960
2.984,0.0153553,0.000307106,None kPa,N/A,11218,['C'],A,Low temperature calorimetry set up,not stated,,,1960
3.072,0.0160498,0.000320996,None kPa,N/A,11218,['C'],A,Low temperature calorimetry set up,not stated,,,1960
3.116,0.016167,0.00032334,None kPa,N/A,11218,['C'],A,Low temperature calorimetry set up,not stated,,,1960
3.144,0.016464,0.000329281,None kPa,N/A,11218,['C'],A,Low temperature calorimetry set up,not stated,,,1960
3.211,0.0166523,0.000333046,None kPa,N/A,11218,['C'],A,Low temperature calorimetry set up,not stated,,,1960
3.293,0.0173259,0.000346519,None kPa,N/A,11218,['C'],A,Low temperature calorimetry set up,not stated,,,1960
3.434,0.018192,0.000363841,None kPa,N/A,11218,['C'],A,Low temperature calorimetry set up,not stated,,,1960
3.539,0.018736,0.000374719,None kPa,N/A,11218,['C'],A,Low temperature calorimetry set up,not stated,,,1960
3.62,0.0192799,0.000385597,None kPa,N/A,11218,['C'],A,Low temperature calorimetry set up,not stated,,,1960
3.811,0.020125,0.000402501,None kPa,N/A,11218,['C'],A,Low temperature calorimetry set up,not stated,,,1960
3.845,0.0203342,0.000406685,None kPa,N/A,11218,['C'],A,Low temperature calorimetry set up,not stated,,,1960
4.058,0.0215978,0.000431956,None kPa,N/A,11218,['C'],A,Low temperature calorimetry set up,not stated,,,1960
4.36,0.0235015,0.000470031,None kPa,N/A,11218,['C'],A,Low temperature calorimetry set up,not stated,,,1960
135.45,16.8322,0.504967,None kPa,N/A,13298,['C'],A,Vacuum adiabatic calorimetry,not stated,,,1962
142.65,17.0372,0.511117,None kPa,N/A,13298,['C'],A,Vacuum adiabatic calorimetry,not stated,,,1962
149.45,18.0581,0.541744,None kPa,N/A,13298,['C'],A,Vacuum adiabatic calorimetry,not stated,,,1962
157.55,18.9284,0.567852,None kPa,N/A,13298,['C'],A,Vacuum adiabatic calorimetry,not stated,,,1962
162.55,19.1962,0.575886,None kPa,N/A,13298,['C'],A,Vacuum adiabatic calorimetry,not stated,,,1962
168.95,19.6899,0.590697,None kPa,N/A,13298,['C'],A,Vacuum adiabatic calorimetry,not stated,,,1962
175.35,20.2547,0.607642,None kPa,N/A,13298,['C'],A,Vacuum adiabatic calorimetry,not stated,,,1962
180.39,20.5685,0.617056,None kPa,N/A,13298,['C'],A,Vacuum adiabatic calorimetry,not stated,,,1962
186.89,20.9535,0.628604,None kPa,N/A,13298,['C'],A,Vacuum adiabatic calorimetry,not stated,,,1962
193.46,21.3091,0.639273,None kPa,N/A,13298,['C'],A,Vacuum adiabatic calorimetry,not stated,,,1962
198.77,21.602,0.64806,None kPa,N/A,13298,['C'],A,Vacuum adiabatic calorimetry,not stated,,,1962
203.59,21.8572,0.655716,None kPa,N/A,13298,['C'],A,Vacuum adiabatic calorimetry,not stated,,,1962
210.35,22.0748,0.662244,None kPa,N/A,13298,['C'],A,Vacuum adiabatic calorimetry,not stated,,,1962
215.25,22.4095,0.672285,None kPa,N/A,13298,['C'],A,Vacuum adiabatic calorimetry,not stated,,,1962
224.93,22.8154,0.684461,None kPa,N/A,13298,['C'],A,Vacuum adiabatic calorimetry,not stated,,,1962
237.12,23.3007,0.699021,None kPa,N/A,13298,['C'],A,Vacuum adiabatic calorimetry,not stated,,,1962
247.04,23.9325,0.717974,None kPa,N/A,13298,['C'],A,Vacuum adiabatic calorimetry,not stated,,,1962
256.77,24.1584,0.724752,None kPa,N/A,13298,['C'],A,Vacuum adiabatic calorimetry,not stated,,,1962
266.624,24.4806,0.734417,None kPa,N/A,13298,['C'],A,Vacuum adiabatic calorimetry,not stated,,,1962
277.391,24.6814,0.740442,None kPa,N/A,13298,['C'],A,Vacuum adiabatic calorimetry,not stated,,,1962
286.86,25.2923,0.758768,None kPa,N/A,13298,['C'],A,Vacuum adiabatic calorimetry,not stated,,,1962
296.76,25.8236,0.774709,None kPa,N/A,13298,['C'],A,Vacuum adiabatic calorimetry,not stated,,,1962
306.98,26.1584,0.784751,None kPa,N/A,13298,['C'],A,Vacuum adiabatic calorimetry,not stated,,,1962
314.89,26.1082,0.783245,None kPa,N/A,13298,['C'],A,Vacuum adiabatic calorimetry,not stated,,,1962
326.83,26.3174,0.789521,None kPa,N/A,13298,['C'],A,Vacuum adiabatic calorimetry,not stated,,,1962
335.37,26.6061,0.798182,None kPa,N/A,13298,['C'],A,Vacuum adiabatic calorimetry,not stated,,,1962
344.74,26.7316,0.801947,None kPa,N/A,13298,['C'],A,Vacuum adiabatic calorimetry,not stated,,,1962
363.76,27.4512,0.823537,None kPa,N/A,13298,['C'],A,Vacuum adiabatic calorimetry,not stated,,,1962
380.75,27.9449,0.838348,None kPa,N/A,13298,['C'],A,Vacuum adiabatic calorimetry,not stated,,,1962
391.35,28.2378,0.847134,None kPa,N/A,13298,['C'],A,Vacuum adiabatic calorimetry,not stated,,,1962
400.05,28.5098,0.855293,None kPa,N/A,13298,['C'],A,Vacuum adiabatic calorimetry,not stated,,,1962
409.45,28.5642,0.856925,None kPa,N/A,13298,['C'],A,Vacuum adiabatic calorimetry,not stated,,,1962
418.65,28.7608,0.862824,None kPa,N/A,13298,['C'],A,Vacuum adiabatic calorimetry,not stated,,,1962
427.25,29.1708,0.875125,None kPa,N/A,13298,['C'],A,Vacuum adiabatic calorimetry,not stated,,,1962
435.85,29.493,0.88479,None kPa,N/A,13298,['C'],A,Vacuum adiabatic calorimetry,not stated,,,1962
445.35,29.7148,0.891443,None kPa,N/A,13298,['C'],A,Vacuum adiabatic calorimetry,not stated,,,1962
454.25,29.9114,0.897343,None kPa,N/A,13298,['C'],A,Vacuum adiabatic calorimetry,not stated,,,1962
463.15,30.2503,0.90751,None kPa,N/A,13298,['C'],A,Vacuum adiabatic calorimetry,not stated,,,1962
473.05,30.4721,0.914162,None kPa,N/A,13298,['C'],A,Vacuum adiabatic calorimetry,not stated,,,1962
481.25,30.7189,0.921568,None kPa,N/A,13298,['C'],A,Vacuum adiabatic calorimetry,not stated,,,1962
490.15,30.9825,0.929476,None kPa,N/A,13298,['C'],A,Vacuum adiabatic calorimetry,not stated,,,1962
498.95,31.5181,0.945542,None kPa,N/A,13298,['C'],A,Vacuum adiabatic calorimetry,not stated,,,1962
508.15,31.5474,0.946421,None kPa,N/A,13298,['C'],A,Vacuum adiabatic calorimetry,not stated,,,1962
516.95,31.6394,0.949182,None kPa,N/A,13298,['C'],A,Vacuum adiabatic calorimetry,not stated,,,1962
527.25,31.8444,0.955333,None kPa,N/A,13298,['C'],A,Vacuum adiabatic calorimetry,not stated,,,1962
535.55,32.2084,0.966253,None kPa,N/A,13298,['C'],A,Vacuum adiabatic calorimetry,not stated,,,1962
544.35,32.4678,0.974035,None kPa,N/A,13298,['C'],A,Vacuum adiabatic calorimetry,not stated,,,1962
553.75,32.79,0.9837,None kPa,N/A,13298,['C'],A,Vacuum adiabatic calorimetry,not stated,,,1962
562.15,32.7733,0.983198,None kPa,N/A,13298,['C'],A,Vacuum adiabatic calorimetry,not stated,,,1962
570.75,33.2084,0.996252,None kPa,N/A,13298,['C'],A,Vacuum adiabatic calorimetry,not stated,,,1962
579.95,33.2795,0.998386,None kPa,N/A,13298,['C'],A,Vacuum adiabatic calorimetry,not stated,,,1962
589.15,33.5933,1.0078,None kPa,N/A,13298,['C'],A,Vacuum adiabatic calorimetry,not stated,,,1962
598.35,34.2335,1.027,None kPa,N/A,13298,['C'],A,Vacuum adiabatic calorimetry,not stated,,,1962
607.05,34.6854,1.04056,None kPa,N/A,13298,['C'],A,Vacuum adiabatic calorimetry,not stated,,,1962
616.35,35.1205,1.05361,None kPa,N/A,13298,['C'],A,Vacuum adiabatic calorimetry,not stated,,,1962
624.75,35.1289,1.05387,None kPa,N/A,13298,['C'],A,Vacuum adiabatic calorimetry,not stated,,,1962
1073.15,49.6641,0.496641,101.325 kPa,N/A,13694,['C'],A,Vacuum adiabatic calorimetry,"origin: commercial source,99.98 weight %,stated by supplier",99.98,Weight %,1963
1098.15,47.2374,0.472374,None kPa,N/A,13694,['C'],A,Vacuum adiabatic calorimetry,"origin: commercial source,99.98 weight %,stated by supplier",99.98,Weight %,1963
1133.15,45.229,0.45229,None kPa,N/A,13694,['C'],A,Vacuum adiabatic calorimetry,"origin: commercial source,99.98 weight %,stated by supplier",99.98,Weight %,1963
1148.15,43.6391,0.436391,None kPa,N/A,13694,['C'],A,Vacuum adiabatic calorimetry,"origin: commercial source,99.98 weight %,stated by supplier",99.98,Weight %,1963
1173.15,42.3839,0.423839,None kPa,N/A,13694,['C'],A,Vacuum adiabatic calorimetry,"origin: commercial source,99.98 weight %,stated by supplier",99.98,Weight %,1963
1673.15,41.6726,0.416726,None kPa,N/A,13694,['C'],A,Vacuum adiabatic calorimetry,"origin: commercial source,99.98 weight %,stated by supplier",99.98,Weight %,1963
1198.15,34.6017,0.346017,101.325 kPa,N/A,13695,['C'],A,Vacuum adiabatic calorimetry,"origin: commercial source,99.98 weight %,stated by supplier",99.98,Weight %,1963
1223.15,34.8109,0.348109,None kPa,N/A,13695,['C'],A,Vacuum adiabatic calorimetry,"origin: commercial source,99.98 weight %,stated by supplier",99.98,Weight %,1963
1248.15,35.0201,0.350201,None kPa,N/A,13695,['C'],A,Vacuum adiabatic calorimetry,"origin: commercial source,99.98 weight %,stated by supplier",99.98,Weight %,1963
1273.15,35.2293,0.352293,None kPa,N/A,13695,['C'],A,Vacuum adiabatic calorimetry,"origin: commercial source,99.98 weight %,stated by supplier",99.98,Weight %,1963
1323.15,35.6477,0.356477,None kPa,N/A,13695,['C'],A,Vacuum adiabatic calorimetry,"origin: commercial source,99.98 weight %,stated by supplier",99.98,Weight %,1963
1373.15,36.0661,0.360661,None kPa,N/A,13695,['C'],A,Vacuum adiabatic calorimetry,"origin: commercial source,99.98 weight %,stated by supplier",99.98,Weight %,1963
1423.15,36.4845,0.364845,None kPa,N/A,13695,['C'],A,Vacuum adiabatic calorimetry,"origin: commercial source,99.98 weight %,stated by supplier",99.98,Weight %,1963
1473.15,36.9447,0.369447,None kPa,N/A,13695,['C'],A,Vacuum adiabatic calorimetry,"origin: commercial source,99.98 weight %,stated by supplier",99.98,Weight %,1963
1523.15,37.3631,0.373631,None kPa,N/A,13695,['C'],A,Vacuum adiabatic calorimetry,"origin: commercial source,99.98 weight %,stated by supplier",99.98,Weight %,1963
1573.15,37.7815,0.377815,None kPa,N/A,13695,['C'],A,Vacuum adiabatic calorimetry,"origin: commercial source,99.98 weight %,stated by supplier",99.98,Weight %,1963
1623.15,38.1999,0.381999,None kPa,N/A,13695,['C'],A,Vacuum adiabatic calorimetry,"origin: commercial source,99.98 weight %,stated by supplier",99.98,Weight %,1963
1.48,0.01425,0.0007125,None kPa,N/A,15016,['C'],A,Low temperature calorimetry set up,not stated,,,1964
1.63,0.0159,0.000795,None kPa,N/A,15016,['C'],A,Low temperature calorimetry set up,not stated,,,1964
1.77,0.0171,0.000855,None kPa,N/A,15016,['C'],A,Low temperature calorimetry set up,not stated,,,1964
1.87,0.01835,0.0009175,None kPa,N/A,15016,['C'],A,Low temperature calorimetry set up,not stated,,,1964
1.97,0.01923,0.0009615,None kPa,N/A,15016,['C'],A,Low temperature calorimetry set up,not stated,,,1964
2.1,0.02056,0.001028,None kPa,N/A,15016,['C'],A,Low temperature calorimetry set up,not stated,,,1964
2.22,0.02192,0.001096,None kPa,N/A,15016,['C'],A,Low temperature calorimetry set up,not stated,,,1964
2.35,0.02329,0.0011645,None kPa,N/A,15016,['C'],A,Low temperature calorimetry set up,not stated,,,1964
2.48,0.02477,0.0012385,None kPa,N/A,15016,['C'],A,Low temperature calorimetry set up,not stated,,,1964
2.53,0.02551,0.0012755,None kPa,N/A,15016,['C'],A,Low temperature calorimetry set up,not stated,,,1964
2.71,0.02749,0.0013745,None kPa,N/A,15016,['C'],A,Low temperature calorimetry set up,not stated,,,1964
2.81,0.02858,0.001429,None kPa,N/A,15016,['C'],A,Low temperature calorimetry set up,not stated,,,1964
2.95,0.03041,0.0015205,None kPa,N/A,15016,['C'],A,Low temperature calorimetry set up,not stated,,,1964
3.03,0.03126,0.001563,None kPa,N/A,15016,['C'],A,Low temperature calorimetry set up,not stated,,,1964
3.09,0.03219,0.0016095,None kPa,N/A,15016,['C'],A,Low temperature calorimetry set up,not stated,,,1964
3.16,0.03282,0.001641,None kPa,N/A,15016,['C'],A,Low temperature calorimetry set up,not stated,,,1964
3.38,0.03559,0.0017795,None kPa,N/A,15016,['C'],A,Low temperature calorimetry set up,not stated,,,1964
3.44,0.03615,0.0018075,None kPa,N/A,15016,['C'],A,Low temperature calorimetry set up,not stated,,,1964
3.53,0.03745,0.0018725,None kPa,N/A,15016,['C'],A,Low temperature calorimetry set up,not stated,,,1964
3.67,0.03909,0.0019545,None kPa,N/A,15016,['C'],A,Low temperature calorimetry set up,not stated,,,1964
3.74,0.04018,0.002009,None kPa,N/A,15016,['C'],A,Low temperature calorimetry set up,not stated,,,1964
3.81,0.04127,0.0020635,None kPa,N/A,15016,['C'],A,Low temperature calorimetry set up,not stated,,,1964
3.9,0.04245,0.0021225,None kPa,N/A,15016,['C'],A,Low temperature calorimetry set up,not stated,,,1964
3.94,0.04294,0.002147,None kPa,N/A,15016,['C'],A,Low temperature calorimetry set up,not stated,,,1964
4.0,0.04365,0.0021825,None kPa,N/A,15016,['C'],A,Low temperature calorimetry set up,not stated,,,1964
4.08,0.04483,0.0022415,None kPa,N/A,15016,['C'],A,Low temperature calorimetry set up,not stated,,,1964
4.17,0.0462,0.00231,None kPa,N/A,15016,['C'],A,Low temperature calorimetry set up,not stated,,,1964
4.28,0.0476,0.00238,None kPa,N/A,15016,['C'],A,Low temperature calorimetry set up,not stated,,,1964
1.2,0.0057655,4.31e-05,101.325 kPa,N/A,15242,['C'],A,Low temperature calorimetry set up,19035,,,1965
1.3,0.0062529,4.75e-05,None kPa,N/A,15242,['C'],A,Low temperature calorimetry set up,19035,,,1965
1.4,0.0067419,5.21e-05,None kPa,N/A,15242,['C'],A,Low temperature calorimetry set up,19035,,,1965
1.5,0.0072325,5.68e-05,None kPa,N/A,15242,['C'],A,Low temperature calorimetry set up,19035,,,1965
1.6,0.007725,6.16e-05,None kPa,N/A,15242,['C'],A,Low temperature calorimetry set up,19035,,,1965
1.7,0.0082193,6.67e-05,None kPa,N/A,15242,['C'],A,Low temperature calorimetry set up,19035,,,1965
1.8,0.0087156,7.18e-05,None kPa,N/A,15242,['C'],A,Low temperature calorimetry set up,19035,,,1965
1.9,0.0092141,7.72e-05,None kPa,N/A,15242,['C'],A,Low temperature calorimetry set up,19035,,,1965
2.0,0.0097148,8.27e-05,None kPa,N/A,15242,['C'],A,Low temperature calorimetry set up,19035,,,1965
2.1,0.0102178,8.83e-05,None kPa,N/A,15242,['C'],A,Low temperature calorimetry set up,19035,,,1965
2.2,0.0107233,9.41e-05,None kPa,N/A,15242,['C'],A,Low temperature calorimetry set up,19035,,,1965
2.3,0.0112314,0.0001001,None kPa,N/A,15242,['C'],A,Low temperature calorimetry set up,19035,,,1965
2.4,0.0117421,0.0001062,None kPa,N/A,15242,['C'],A,Low temperature calorimetry set up,19035,,,1965
2.5,0.0122557,0.0001125,None kPa,N/A,15242,['C'],A,Low temperature calorimetry set up,19035,,,1965
2.6,0.0127721,0.000119,None kPa,N/A,15242,['C'],A,Low temperature calorimetry set up,19035,,,1965
2.7,0.0132915,0.0001256,None kPa,N/A,15242,['C'],A,Low temperature calorimetry set up,19035,,,1965
2.8,0.0138141,0.0001324,None kPa,N/A,15242,['C'],A,Low temperature calorimetry set up,19035,,,1965
2.9,0.0143399,0.0001393,None kPa,N/A,15242,['C'],A,Low temperature calorimetry set up,19035,,,1965
3.0,0.0148691,0.0001465,None kPa,N/A,15242,['C'],A,Low temperature calorimetry set up,19035,,,1965
3.1,0.0154017,0.0001538,None kPa,N/A,15242,['C'],A,Low temperature calorimetry set up,19035,,,1965
3.2,0.0159379,0.0001612,None kPa,N/A,15242,['C'],A,Low temperature calorimetry set up,19035,,,1965
3.3,0.0164778,0.0001689,None kPa,N/A,15242,['C'],A,Low temperature calorimetry set up,19035,,,1965
3.4,0.0170215,0.0001768,None kPa,N/A,15242,['C'],A,Low temperature calorimetry set up,19035,,,1965
3.5,0.0175691,0.0001848,None kPa,N/A,15242,['C'],A,Low temperature calorimetry set up,19035,,,1965
3.6,0.0181207,0.000193,None kPa,N/A,15242,['C'],A,Low temperature calorimetry set up,19035,,,1965
3.7,0.0186764,0.0002015,None kPa,N/A,15242,['C'],A,Low temperature calorimetry set up,19035,,,1965
3.8,0.0192365,0.0002101,None kPa,N/A,15242,['C'],A,Low temperature calorimetry set up,19035,,,1965
3.9,0.0198008,0.0002189,None kPa,N/A,15242,['C'],A,Low temperature calorimetry set up,19035,,,1965
4.0,0.0203697,0.000228,None kPa,N/A,15242,['C'],A,Low temperature calorimetry set up,19035,,,1965
4.1,0.0209431,0.0002372,None kPa,N/A,15242,['C'],A,Low temperature calorimetry set up,19035,,,1965
4.2,0.0215213,0.0002467,None kPa,N/A,15242,['C'],A,Low temperature calorimetry set up,19035,,,1965
4.3,0.0221042,0.0002564,None kPa,N/A,15242,['C'],A,Low temperature calorimetry set up,19035,,,1965
4.4,0.0226921,0.0002664,None kPa,N/A,15242,['C'],A,Low temperature calorimetry set up,19035,,,1965
4.5,0.023285,0.0002765,None kPa,N/A,15242,['C'],A,Low temperature calorimetry set up,19035,,,1965
1.414,0.006802,0.0003401,101.325 kPa,N/A,15243,['C'],A,Low temperature calorimetry set up,19035,,,1965
1.473,0.007095,0.00035475,None kPa,N/A,15243,['C'],A,Low temperature calorimetry set up,19035,,,1965
1.53,0.007381,0.00036905,None kPa,N/A,15243,['C'],A,Low temperature calorimetry set up,19035,,,1965
1.628,0.00786,0.000393,None kPa,N/A,15243,['C'],A,Low temperature calorimetry set up,19035,,,1965
1.65,0.007954,0.0003977,None kPa,N/A,15243,['C'],A,Low temperature calorimetry set up,19035,,,1965
1.704,0.008234,0.0004117,None kPa,N/A,15243,['C'],A,Low temperature calorimetry set up,19035,,,1965
1.783,0.008624,0.0004312,None kPa,N/A,15243,['C'],A,Low temperature calorimetry set up,19035,,,1965
1.84,0.008911,0.00044555,None kPa,N/A,15243,['C'],A,Low temperature calorimetry set up,19035,,,1965
1.913,0.009275,0.00046375,None kPa,N/A,15243,['C'],A,Low temperature calorimetry set up,19035,,,1965
2.054,0.009988,0.0004994,None kPa,N/A,15243,['C'],A,Low temperature calorimetry set up,19035,,,1965
2.113,0.01027,0.0005135,None kPa,N/A,15243,['C'],A,Low temperature calorimetry set up,19035,,,1965
2.169,0.010555,0.00052775,None kPa,N/A,15243,['C'],A,Low temperature calorimetry set up,19035,,,1965
2.192,0.010684,0.0005342,None kPa,N/A,15243,['C'],A,Low temperature calorimetry set up,19035,,,1965
2.238,0.010926,0.0005463,None kPa,N/A,15243,['C'],A,Low temperature calorimetry set up,19035,,,1965
2.272,0.01108,0.000554,None kPa,N/A,15243,['C'],A,Low temperature calorimetry set up,19035,,,1965
2.317,0.011309,0.00056545,None kPa,N/A,15243,['C'],A,Low temperature calorimetry set up,19035,,,1965
2.346,0.011466,0.0005733,None kPa,N/A,15243,['C'],A,Low temperature calorimetry set up,19035,,,1965
2.404,0.011775,0.00058875,None kPa,N/A,15243,['C'],A,Low temperature calorimetry set up,19035,,,1965
2.412,0.011785,0.00058925,None kPa,N/A,15243,['C'],A,Low temperature calorimetry set up,19035,,,1965
2.461,0.012054,0.0006027,None kPa,N/A,15243,['C'],A,Low temperature calorimetry set up,19035,,,1965
2.491,0.012202,0.0006101,None kPa,N/A,15243,['C'],A,Low temperature calorimetry set up,19035,,,1965
2.532,0.012427,0.00062135,None kPa,N/A,15243,['C'],A,Low temperature calorimetry set up,19035,,,1965
2.566,0.012593,0.00062965,None kPa,N/A,15243,['C'],A,Low temperature calorimetry set up,19035,,,1965
2.586,0.012679,0.00063395,None kPa,N/A,15243,['C'],A,Low temperature calorimetry set up,19035,,,1965
2.658,0.013051,0.00065255,None kPa,N/A,15243,['C'],A,Low temperature calorimetry set up,19035,,,1965
2.69,0.013234,0.0006617,None kPa,N/A,15243,['C'],A,Low temperature calorimetry set up,19035,,,1965
2.755,0.013568,0.0006784,None kPa,N/A,15243,['C'],A,Low temperature calorimetry set up,19035,,,1965
2.768,0.013644,0.0006822,None kPa,N/A,15243,['C'],A,Low temperature calorimetry set up,19035,,,1965
2.817,0.013899,0.00069495,None kPa,N/A,15243,['C'],A,Low temperature calorimetry set up,19035,,,1965
2.853,0.014095,0.00070475,None kPa,N/A,15243,['C'],A,Low temperature calorimetry set up,19035,,,1965
2.901,0.014359,0.00071795,None kPa,N/A,15243,['C'],A,Low temperature calorimetry set up,19035,,,1965
2.926,0.014487,0.00072435,None kPa,N/A,15243,['C'],A,Low temperature calorimetry set up,19035,,,1965
2.938,0.014545,0.00072725,None kPa,N/A,15243,['C'],A,Low temperature calorimetry set up,19035,,,1965
2.985,0.014788,0.0007394,None kPa,N/A,15243,['C'],A,Low temperature calorimetry set up,19035,,,1965
3.025,0.015015,0.00075075,None kPa,N/A,15243,['C'],A,Low temperature calorimetry set up,19035,,,1965
3.081,0.015276,0.0007638,None kPa,N/A,15243,['C'],A,Low temperature calorimetry set up,19035,,,1965
3.098,0.015388,0.0007694,None kPa,N/A,15243,['C'],A,Low temperature calorimetry set up,19035,,,1965
3.166,0.015747,0.00078735,None kPa,N/A,15243,['C'],A,Low temperature calorimetry set up,19035,,,1965
3.187,0.015851,0.00079255,None kPa,N/A,15243,['C'],A,Low temperature calorimetry set up,19035,,,1965
3.251,0.016233,0.00081165,None kPa,N/A,15243,['C'],A,Low temperature calorimetry set up,19035,,,1965
3.285,0.0164,0.00082,None kPa,N/A,15243,['C'],A,Low temperature calorimetry set up,19035,,,1965
3.331,0.016644,0.0008322,None kPa,N/A,15243,['C'],A,Low temperature calorimetry set up,19035,,,1965
3.367,0.016838,0.0008419,None kPa,N/A,15243,['C'],A,Low temperature calorimetry set up,19035,,,1965
3.393,0.016998,0.0008499,None kPa,N/A,15243,['C'],A,Low temperature calorimetry set up,19035,,,1965
3.438,0.017221,0.00086105,None kPa,N/A,15243,['C'],A,Low temperature calorimetry set up,19035,,,1965
3.5,0.01752,0.000876,None kPa,N/A,15243,['C'],A,Low temperature calorimetry set up,19035,,,1965
3.514,0.01766,0.000883,None kPa,N/A,15243,['C'],A,Low temperature calorimetry set up,19035,,,1965
3.563,0.017886,0.0008943,None kPa,N/A,15243,['C'],A,Low temperature calorimetry set up,19035,,,1965
3.617,0.018199,0.00090995,None kPa,N/A,15243,['C'],A,Low temperature calorimetry set up,19035,,,1965
3.659,0.01846,0.000923,None kPa,N/A,15243,['C'],A,Low temperature calorimetry set up,19035,,,1965
3.701,0.018673,0.00093365,None kPa,N/A,15243,['C'],A,Low temperature calorimetry set up,19035,,,1965
3.734,0.018878,0.0009439,None kPa,N/A,15243,['C'],A,Low temperature calorimetry set up,19035,,,1965
3.786,0.019141,0.00095705,None kPa,N/A,15243,['C'],A,Low temperature calorimetry set up,19035,,,1965
3.813,0.01932,0.000966,None kPa,N/A,15243,['C'],A,Low temperature calorimetry set up,19035,,,1965
3.867,0.019594,0.0009797,None kPa,N/A,15243,['C'],A,Low temperature calorimetry set up,19035,,,1965
3.893,0.01974,0.000987,None kPa,N/A,15243,['C'],A,Low temperature calorimetry set up,19035,,,1965
3.939,0.020009,0.00100045,None kPa,N/A,15243,['C'],A,Low temperature calorimetry set up,19035,,,1965
3.978,0.020221,0.00101105,None kPa,N/A,15243,['C'],A,Low temperature calorimetry set up,19035,,,1965
4.003,0.020397,0.00101985,None kPa,N/A,15243,['C'],A,Low temperature calorimetry set up,19035,,,1965
4.065,0.020721,0.00103605,None kPa,N/A,15243,['C'],A,Low temperature calorimetry set up,19035,,,1965
4.103,0.02091,0.0010455,None kPa,N/A,15243,['C'],A,Low temperature calorimetry set up,19035,,,1965
4.132,0.021138,0.0010569,None kPa,N/A,15243,['C'],A,Low temperature calorimetry set up,19035,,,1965
4.156,0.021294,0.0010647,None kPa,N/A,15243,['C'],A,Low temperature calorimetry set up,19035,,,1965
4.189,0.02147,0.0010735,None kPa,N/A,15243,['C'],A,Low temperature calorimetry set up,19035,,,1965
1600.0,36.3,1.089,101.325 kPa,N/A,16621,['C'],A,Vacuum adiabatic calorimetry,"origin: commercial source,99.87 weight % (total),stated by supplier,chunk",99.87,Weight %,1966
1664.0,36.7,1.101,None kPa,N/A,16621,['C'],A,Vacuum adiabatic calorimetry,"origin: commercial source,99.87 weight % (total),stated by supplier,chunk",99.87,Weight %,1966
1664.0,39.8,1.194,101.325 kPa,N/A,16624,['C'],A,Vacuum adiabatic calorimetry,"origin: commercial source,99.87 weight % (total),stated by supplier,chunk",99.87,Weight %,1966
1700.0,40.2,1.206,None kPa,N/A,16624,['C'],A,Vacuum adiabatic calorimetry,"origin: commercial source,99.87 weight % (total),stated by supplier,chunk",99.87,Weight %,1966
1800.0,41.3,1.239,None kPa,N/A,16624,['C'],A,Vacuum adiabatic calorimetry,"origin: commercial source,99.87 weight % (total),stated by supplier,chunk",99.87,Weight %,1966
1600.0,36.3,1.089,101.325 kPa,N/A,16625,['C'],A,Vacuum adiabatic calorimetry,"origin: commercial source,99.97 weight % (total),stated by supplier,chunk",99.97,Weight %,1966
1664.0,36.7,1.101,None kPa,N/A,16625,['C'],A,Vacuum adiabatic calorimetry,"origin: commercial source,99.97 weight % (total),stated by supplier,chunk",99.97,Weight %,1966
1664.0,39.8,1.194,101.325 kPa,N/A,16628,['C'],A,Vacuum adiabatic calorimetry,"origin: commercial source,99.97 weight % (total),stated by supplier,chunk",99.97,Weight %,1966
1700.0,40.2,1.206,None kPa,N/A,16628,['C'],A,Vacuum adiabatic calorimetry,"origin: commercial source,99.97 weight % (total),stated by supplier,chunk",99.97,Weight %,1966
1800.0,41.3,1.239,None kPa,N/A,16628,['C'],A,Vacuum adiabatic calorimetry,"origin: commercial source,99.97 weight % (total),stated by supplier,chunk",99.97,Weight %,1966
400.0,24.6856,1.23428,None kPa,N/A,16678,['C'],A,Resistive pulse heating - millisecond,not stated,,,1967
500.0,25.9408,1.29704,None kPa,N/A,16678,['C'],A,Resistive pulse heating - millisecond,not stated,,,1967
600.0,32.6352,1.63176,None kPa,N/A,16678,['C'],A,Resistive pulse heating - millisecond,not stated,,,1967
700.0,35.1456,1.75728,None kPa,N/A,16678,['C'],A,Resistive pulse heating - millisecond,not stated,,,1967
800.0,39.748,1.9874,None kPa,N/A,16678,['C'],A,Resistive pulse heating - millisecond,not stated,,,1967
900.0,46.8608,2.34304,None kPa,N/A,16678,['C'],A,Resistive pulse heating - millisecond,not stated,,,1967
1000.0,63.1784,3.15892,None kPa,N/A,16678,['C'],A,Resistive pulse heating - millisecond,not stated,,,1967
1100.0,42.0492,2.10246,None kPa,N/A,16678,['C'],A,Resistive pulse heating - millisecond,not stated,,,1967
1200.0,30.5432,1.52716,None kPa,N/A,16678,['C'],A,Resistive pulse heating - millisecond,not stated,,,1967
1300.0,25.7316,1.28658,None kPa,N/A,16678,['C'],A,Resistive pulse heating - millisecond,not stated,,,1967
1400.0,28.0328,1.40164,None kPa,N/A,16678,['C'],A,Resistive pulse heating - millisecond,not stated,,,1967
1500.0,30.9616,1.54808,None kPa,N/A,16678,['C'],A,Resistive pulse heating - millisecond,not stated,,,1967
1600.0,31.7984,1.58992,None kPa,N/A,16678,['C'],A,Resistive pulse heating - millisecond,not stated,,,1967
303.4,24.39,0.4878,107.991 kPa,N/A,17759,['C'],A,High Temp Adiabatic Calorimetry,not stated,,,1968
332.2,25.2,0.504,None kPa,N/A,17759,['C'],A,High Temp Adiabatic Calorimetry,not stated,,,1968
359.0,25.97,0.5194,None kPa,N/A,17759,['C'],A,High Temp Adiabatic Calorimetry,not stated,,,1968
389.0,26.8,0.536,None kPa,N/A,17759,['C'],A,High Temp Adiabatic Calorimetry,not stated,,,1968
415.9,27.51,0.5502,None kPa,N/A,17759,['C'],A,High Temp Adiabatic Calorimetry,not stated,,,1968
446.5,28.32,0.5664,None kPa,N/A,17759,['C'],A,High Temp Adiabatic Calorimetry,not stated,,,1968
479.1,29.13,0.5826,None kPa,N/A,17759,['C'],A,High Temp Adiabatic Calorimetry,not stated,,,1968
514.9,29.99,0.5998,None kPa,N/A,17759,['C'],A,High Temp Adiabatic Calorimetry,not stated,,,1968
550.1,30.82,0.6164,None kPa,N/A,17759,['C'],A,High Temp Adiabatic Calorimetry,not stated,,,1968
586.5,31.62,0.6324,None kPa,N/A,17759,['C'],A,High Temp Adiabatic Calorimetry,not stated,,,1968
627.5,32.41,0.6482,None kPa,N/A,17759,['C'],A,High Temp Adiabatic Calorimetry,not stated,,,1968
667.2,33.14,0.6628,None kPa,N/A,17759,['C'],A,High Temp Adiabatic Calorimetry,not stated,,,1968
698.5,33.9,0.678,None kPa,N/A,17759,['C'],A,High Temp Adiabatic Calorimetry,not stated,,,1968
724.1,34.63,0.6926,None kPa,N/A,17759,['C'],A,High Temp Adiabatic Calorimetry,not stated,,,1968
750.9,35.54,0.7108,None kPa,N/A,17759,['C'],A,High Temp Adiabatic Calorimetry,not stated,,,1968
777.6,36.55,0.731,None kPa,N/A,17759,['C'],A,High Temp Adiabatic Calorimetry,not stated,,,1968
801.1,37.53,0.7506,None kPa,N/A,17759,['C'],A,High Temp Adiabatic Calorimetry,not stated,,,1968
824.0,38.57,0.7714,None kPa,N/A,17759,['C'],A,High Temp Adiabatic Calorimetry,not stated,,,1968
843.1,39.58,0.7916,None kPa,N/A,17759,['C'],A,High Temp Adiabatic Calorimetry,not stated,,,1968
867.8,40.8,0.816,None kPa,N/A,17759,['C'],A,High Temp Adiabatic Calorimetry,not stated,,,1968
886.2,41.95,0.839,None kPa,N/A,17759,['C'],A,High Temp Adiabatic Calorimetry,not stated,,,1968
906.4,43.32,0.8664,None kPa,N/A,17759,['C'],A,High Temp Adiabatic Calorimetry,not stated,,,1968
920.3,44.4,0.888,None kPa,N/A,17759,['C'],A,High Temp Adiabatic Calorimetry,not stated,,,1968
931.5,45.48,0.9096,None kPa,N/A,17759,['C'],A,High Temp Adiabatic Calorimetry,not stated,,,1968
945.4,46.72,0.9344,None kPa,N/A,17759,['C'],A,High Temp Adiabatic Calorimetry,not stated,,,1968
956.7,47.76,0.9552,None kPa,N/A,17759,['C'],A,High Temp Adiabatic Calorimetry,not stated,,,1968
965.4,48.92,0.9784,None kPa,N/A,17759,['C'],A,High Temp Adiabatic Calorimetry,not stated,,,1968
973.4,50.1,1.002,None kPa,N/A,17759,['C'],A,High Temp Adiabatic Calorimetry,not stated,,,1968
981.5,51.19,1.0238,None kPa,N/A,17759,['C'],A,High Temp Adiabatic Calorimetry,not stated,,,1968
991.3,52.78,1.0556,None kPa,N/A,17759,['C'],A,High Temp Adiabatic Calorimetry,not stated,,,1968
997.5,53.86,1.0772,None kPa,N/A,17759,['C'],A,High Temp Adiabatic Calorimetry,not stated,,,1968
1001.0,54.97,1.0994,None kPa,N/A,17759,['C'],A,High Temp Adiabatic Calorimetry,not stated,,,1968
1007.0,56.51,1.1302,None kPa,N/A,17759,['C'],A,High Temp Adiabatic Calorimetry,not stated,,,1968
1012.0,57.95,1.159,None kPa,N/A,17759,['C'],A,High Temp Adiabatic Calorimetry,not stated,,,1968
1017.0,59.37,1.1874,None kPa,N/A,17759,['C'],A,High Temp Adiabatic Calorimetry,not stated,,,1968
1021.0,61.01,1.2202,None kPa,N/A,17759,['C'],A,High Temp Adiabatic Calorimetry,not stated,,,1968
1024.0,62.49,1.2498,None kPa,N/A,17759,['C'],A,High Temp Adiabatic Calorimetry,not stated,,,1968
1026.0,64.16,1.2832,None kPa,N/A,17759,['C'],A,High Temp Adiabatic Calorimetry,not stated,,,1968
1028.0,65.61,1.3122,None kPa,N/A,17759,['C'],A,High Temp Adiabatic Calorimetry,not stated,,,1968
1029.0,66.76,1.3352,None kPa,N/A,17759,['C'],A,High Temp Adiabatic Calorimetry,not stated,,,1968
1030.0,68.46,1.3692,None kPa,N/A,17759,['C'],A,High Temp Adiabatic Calorimetry,not stated,,,1968
1032.0,69.72,1.3944,None kPa,N/A,17759,['C'],A,High Temp Adiabatic Calorimetry,not stated,,,1968
1033.0,71.02,1.4204,None kPa,N/A,17759,['C'],A,High Temp Adiabatic Calorimetry,not stated,,,1968
1035.0,72.16,1.4432,None kPa,N/A,17759,['C'],A,High Temp Adiabatic Calorimetry,not stated,,,1968
1037.0,73.66,1.4732,None kPa,N/A,17759,['C'],A,High Temp Adiabatic Calorimetry,not stated,,,1968
1038.0,74.93,1.4986,None kPa,N/A,17759,['C'],A,High Temp Adiabatic Calorimetry,not stated,,,1968
1039.0,76.0,1.52,None kPa,N/A,17759,['C'],A,High Temp Adiabatic Calorimetry,not stated,,,1968
1040.0,74.79,1.4958,None kPa,N/A,17759,['C'],A,High Temp Adiabatic Calorimetry,not stated,,,1968
1040.0,73.4,1.468,None kPa,N/A,17759,['C'],A,High Temp Adiabatic Calorimetry,not stated,,,1968
1041.0,72.29,1.4458,None kPa,N/A,17759,['C'],A,High Temp Adiabatic Calorimetry,not stated,,,1968
1041.0,70.45,1.409,None kPa,N/A,17759,['C'],A,High Temp Adiabatic Calorimetry,not stated,,,1968
1042.0,69.29,1.3858,None kPa,N/A,17759,['C'],A,High Temp Adiabatic Calorimetry,not stated,,,1968
1042.0,67.97,1.3594,None kPa,N/A,17759,['C'],A,High Temp Adiabatic Calorimetry,not stated,,,1968
1042.0,66.64,1.3328,None kPa,N/A,17759,['C'],A,High Temp Adiabatic Calorimetry,not stated,,,1968
1043.0,65.03,1.3006,None kPa,N/A,17759,['C'],A,High Temp Adiabatic Calorimetry,not stated,,,1968
1043.0,63.47,1.2694,None kPa,N/A,17759,['C'],A,High Temp Adiabatic Calorimetry,not stated,,,1968
1044.0,61.92,1.2384,None kPa,N/A,17759,['C'],A,High Temp Adiabatic Calorimetry,not stated,,,1968
1044.0,60.42,1.2084,None kPa,N/A,17759,['C'],A,High Temp Adiabatic Calorimetry,not stated,,,1968
1044.0,58.76,1.1752,None kPa,N/A,17759,['C'],A,High Temp Adiabatic Calorimetry,not stated,,,1968
1045.0,56.81,1.1362,None kPa,N/A,17759,['C'],A,High Temp Adiabatic Calorimetry,not stated,,,1968
1045.0,55.29,1.1058,None kPa,N/A,17759,['C'],A,High Temp Adiabatic Calorimetry,not stated,,,1968
1046.0,53.56,1.0712,None kPa,N/A,17759,['C'],A,High Temp Adiabatic Calorimetry,not stated,,,1968
1048.0,51.91,1.0382,None kPa,N/A,17759,['C'],A,High Temp Adiabatic Calorimetry,not stated,,,1968
1053.0,50.19,1.0038,None kPa,N/A,17759,['C'],A,High Temp Adiabatic Calorimetry,not stated,,,1968
1057.0,48.79,0.9758,None kPa,N/A,17759,['C'],A,High Temp Adiabatic Calorimetry,not stated,,,1968
1067.0,47.17,0.9434,None kPa,N/A,17759,['C'],A,High Temp Adiabatic Calorimetry,not stated,,,1968
1078.0,45.74,0.9148,None kPa,N/A,17759,['C'],A,High Temp Adiabatic Calorimetry,not stated,,,1968
1093.0,44.39,0.8878,None kPa,N/A,17759,['C'],A,High Temp Adiabatic Calorimetry,not stated,,,1968
1108.0,43.23,0.8646,None kPa,N/A,17759,['C'],A,High Temp Adiabatic Calorimetry,not stated,,,1968
1125.0,42.15,0.843,None kPa,N/A,17759,['C'],A,High Temp Adiabatic Calorimetry,not stated,,,1968
1145.0,41.08,0.8216,None kPa,N/A,17759,['C'],A,High Temp Adiabatic Calorimetry,not stated,,,1968
1177.0,39.92,0.7984,None kPa,N/A,17759,['C'],A,High Temp Adiabatic Calorimetry,not stated,,,1968
1186.0,33.21,0.6642,107.991 kPa,N/A,17760,['C'],A,High Temp Adiabatic Calorimetry,not stated,,,1968
1237.0,33.59,0.6718,None kPa,N/A,17760,['C'],A,High Temp Adiabatic Calorimetry,not stated,,,1968
1284.0,33.95,0.679,None kPa,N/A,17760,['C'],A,High Temp Adiabatic Calorimetry,not stated,,,1968
1332.0,34.3,0.686,None kPa,N/A,17760,['C'],A,High Temp Adiabatic Calorimetry,not stated,,,1968
1381.0,34.67,0.6934,None kPa,N/A,17760,['C'],A,High Temp Adiabatic Calorimetry,not stated,,,1968
1429.0,35.02,0.7004,None kPa,N/A,17760,['C'],A,High Temp Adiabatic Calorimetry,not stated,,,1968
1480.0,35.41,0.7082,None kPa,N/A,17760,['C'],A,High Temp Adiabatic Calorimetry,not stated,,,1968
1528.0,35.76,0.7152,None kPa,N/A,17760,['C'],A,High Temp Adiabatic Calorimetry,not stated,,,1968
1570.0,36.09,0.7218,None kPa,N/A,17760,['C'],A,High Temp Adiabatic Calorimetry,not stated,,,1968
1612.0,36.41,0.7282,None kPa,N/A,17760,['C'],A,High Temp Adiabatic Calorimetry,not stated,,,1968
1658.0,36.76,0.7352,None kPa,N/A,17760,['C'],A,High Temp Adiabatic Calorimetry,not stated,,,1968
1667.0,39.81,0.7962,107.991 kPa,N/A,17761,['C'],A,High Temp Adiabatic Calorimetry,not stated,,,1968
1690.0,40.06,0.8012,None kPa,N/A,17761,['C'],A,High Temp Adiabatic Calorimetry,not stated,,,1968
1712.0,40.31,0.8062,None kPa,N/A,17761,['C'],A,High Temp Adiabatic Calorimetry,not stated,,,1968
1734.0,40.56,0.8112,None kPa,N/A,17761,['C'],A,High Temp Adiabatic Calorimetry,not stated,,,1968
1758.0,40.83,0.8166,None kPa,N/A,17761,['C'],A,High Temp Adiabatic Calorimetry,not stated,,,1968
1781.0,41.12,0.8224,None kPa,N/A,17761,['C'],A,High Temp Adiabatic Calorimetry,not stated,,,1968
1803.0,41.38,0.8276,None kPa,N/A,17761,['C'],A,High Temp Adiabatic Calorimetry,not stated,,,1968
0.6423,0.003047,2.9e-05,None kPa,N/A,20038,['C'],A,Low temperature calorimetry set up,"origin: commercial source,99.94 %",99.94,Not Specified %,1971
0.7631,0.003626,3.3e-05,None kPa,N/A,20038,['C'],A,Low temperature calorimetry set up,"origin: commercial source,99.94 %",99.94,Not Specified %,1971
0.7836,0.003726,3.4e-05,None kPa,N/A,20038,['C'],A,Low temperature calorimetry set up,"origin: commercial source,99.94 %",99.94,Not Specified %,1971
0.8336,0.003968,3.5e-05,None kPa,N/A,20038,['C'],A,Low temperature calorimetry set up,"origin: commercial source,99.94 %",99.94,Not Specified %,1971
0.8665,0.004138,3.6e-05,None kPa,N/A,20038,['C'],A,Low temperature calorimetry set up,"origin: commercial source,99.94 %",99.94,Not Specified %,1971
0.9107,0.004336,3.8e-05,None kPa,N/A,20038,['C'],A,Low temperature calorimetry set up,"origin: commercial source,99.94 %",99.94,Not Specified %,1971
0.9156,0.004381,3.8e-05,None kPa,N/A,20038,['C'],A,Low temperature calorimetry set up,"origin: commercial source,99.94 %",99.94,Not Specified %,1971
0.916,0.004344,3.8e-05,None kPa,N/A,20038,['C'],A,Low temperature calorimetry set up,"origin: commercial source,99.94 %",99.94,Not Specified %,1971
0.9919,0.004745,4e-05,None kPa,N/A,20038,['C'],A,Low temperature calorimetry set up,"origin: commercial source,99.94 %",99.94,Not Specified %,1971
1.0296,0.004905,4.1e-05,None kPa,N/A,20038,['C'],A,Low temperature calorimetry set up,"origin: commercial source,99.94 %",99.94,Not Specified %,1971
1.0504,0.005015,4.1e-05,None kPa,N/A,20038,['C'],A,Low temperature calorimetry set up,"origin: commercial source,99.94 %",99.94,Not Specified %,1971
1.074,0.005119,4.2e-05,None kPa,N/A,20038,['C'],A,Low temperature calorimetry set up,"origin: commercial source,99.94 %",99.94,Not Specified %,1971
1.1061,0.005309,4.3e-05,None kPa,N/A,20038,['C'],A,Low temperature calorimetry set up,"origin: commercial source,99.94 %",99.94,Not Specified %,1971
1.1307,0.005406,4.3e-05,None kPa,N/A,20038,['C'],A,Low temperature calorimetry set up,"origin: commercial source,99.94 %",99.94,Not Specified %,1971
1.1417,0.005467,4.3e-05,None kPa,N/A,20038,['C'],A,Low temperature calorimetry set up,"origin: commercial source,99.94 %",99.94,Not Specified %,1971
1.1631,0.005556,4.3e-05,None kPa,N/A,20038,['C'],A,Low temperature calorimetry set up,"origin: commercial source,99.94 %",99.94,Not Specified %,1971
1.2337,0.005918,4.5e-05,None kPa,N/A,20038,['C'],A,Low temperature calorimetry set up,"origin: commercial source,99.94 %",99.94,Not Specified %,1971
1.2354,0.005905,4.5e-05,None kPa,N/A,20038,['C'],A,Low temperature calorimetry set up,"origin: commercial source,99.94 %",99.94,Not Specified %,1971
1.2491,0.005974,4.5e-05,None kPa,N/A,20038,['C'],A,Low temperature calorimetry set up,"origin: commercial source,99.94 %",99.94,Not Specified %,1971
1.3406,0.006423,4.7e-05,None kPa,N/A,20038,['C'],A,Low temperature calorimetry set up,"origin: commercial source,99.94 %",99.94,Not Specified %,1971
1.3406,0.006447,4.6e-05,None kPa,N/A,20038,['C'],A,Low temperature calorimetry set up,"origin: commercial source,99.94 %",99.94,Not Specified %,1971
1.3464,0.006425,4.6e-05,None kPa,N/A,20038,['C'],A,Low temperature calorimetry set up,"origin: commercial source,99.94 %",99.94,Not Specified %,1971
1.382,0.006661,4.7e-05,None kPa,N/A,20038,['C'],A,Low temperature calorimetry set up,"origin: commercial source,99.94 %",99.94,Not Specified %,1971
1.4319,0.00686,4.7e-05,None kPa,N/A,20038,['C'],A,Low temperature calorimetry set up,"origin: commercial source,99.94 %",99.94,Not Specified %,1971
1.4399,0.006898,4.8e-05,None kPa,N/A,20038,['C'],A,Low temperature calorimetry set up,"origin: commercial source,99.94 %",99.94,Not Specified %,1971
1.4602,0.006992,4.8e-05,None kPa,N/A,20038,['C'],A,Low temperature calorimetry set up,"origin: commercial source,99.94 %",99.94,Not Specified %,1971
1.4815,0.007091,4.8e-05,None kPa,N/A,20038,['C'],A,Low temperature calorimetry set up,"origin: commercial source,99.94 %",99.94,Not Specified %,1971
1.5303,0.007365,4.9e-05,None kPa,N/A,20038,['C'],A,Low temperature calorimetry set up,"origin: commercial source,99.94 %",99.94,Not Specified %,1971
1.5677,0.007559,4.9e-05,None kPa,N/A,20038,['C'],A,Low temperature calorimetry set up,"origin: commercial source,99.94 %",99.94,Not Specified %,1971
1.6172,0.007741,4.9e-05,None kPa,N/A,20038,['C'],A,Low temperature calorimetry set up,"origin: commercial source,99.94 %",99.94,Not Specified %,1971
1.6217,0.007862,4.9e-05,None kPa,N/A,20038,['C'],A,Low temperature calorimetry set up,"origin: commercial source,99.94 %",99.94,Not Specified %,1971
1.6987,0.008148,4.9e-05,None kPa,N/A,20038,['C'],A,Low temperature calorimetry set up,"origin: commercial source,99.94 %",99.94,Not Specified %,1971
1.704,0.008213,4.9e-05,None kPa,N/A,20038,['C'],A,Low temperature calorimetry set up,"origin: commercial source,99.94 %",99.94,Not Specified %,1971
1.7474,0.008422,5e-05,None kPa,N/A,20038,['C'],A,Low temperature calorimetry set up,"origin: commercial source,99.94 %",99.94,Not Specified %,1971
1.7475,0.008457,4.9e-05,None kPa,N/A,20038,['C'],A,Low temperature calorimetry set up,"origin: commercial source,99.94 %",99.94,Not Specified %,1971
1.7479,0.008449,4.9e-05,None kPa,N/A,20038,['C'],A,Low temperature calorimetry set up,"origin: commercial source,99.94 %",99.94,Not Specified %,1971
1.8273,0.008779,4.9e-05,None kPa,N/A,20038,['C'],A,Low temperature calorimetry set up,"origin: commercial source,99.94 %",99.94,Not Specified %,1971
1.852,0.008962,4.9e-05,None kPa,N/A,20038,['C'],A,Low temperature calorimetry set up,"origin: commercial source,99.94 %",99.94,Not Specified %,1971
1.8717,0.00908,4.9e-05,None kPa,N/A,20038,['C'],A,Low temperature calorimetry set up,"origin: commercial source,99.94 %",99.94,Not Specified %,1971
1.8779,0.009106,4.9e-05,None kPa,N/A,20038,['C'],A,Low temperature calorimetry set up,"origin: commercial source,99.94 %",99.94,Not Specified %,1971
1.9604,0.00951,4.9e-05,None kPa,N/A,20038,['C'],A,Low temperature calorimetry set up,"origin: commercial source,99.94 %",99.94,Not Specified %,1971
1.9937,0.009642,4.8e-05,None kPa,N/A,20038,['C'],A,Low temperature calorimetry set up,"origin: commercial source,99.94 %",99.94,Not Specified %,1971
2.0068,0.009733,4.9e-05,None kPa,N/A,20038,['C'],A,Low temperature calorimetry set up,"origin: commercial source,99.94 %",99.94,Not Specified %,1971
2.0156,0.009799,4.9e-05,None kPa,N/A,20038,['C'],A,Low temperature calorimetry set up,"origin: commercial source,99.94 %",99.94,Not Specified %,1971
2.109,0.010278,5.1e-05,None kPa,N/A,20038,['C'],A,Low temperature calorimetry set up,"origin: commercial source,99.94 %",99.94,Not Specified %,1971
2.148,0.010486,5.2e-05,None kPa,N/A,20038,['C'],A,Low temperature calorimetry set up,"origin: commercial source,99.94 %",99.94,Not Specified %,1971
2.2315,0.010892,5.4e-05,None kPa,N/A,20038,['C'],A,Low temperature calorimetry set up,"origin: commercial source,99.94 %",99.94,Not Specified %,1971
2.2595,0.011034,5.5e-05,None kPa,N/A,20038,['C'],A,Low temperature calorimetry set up,"origin: commercial source,99.94 %",99.94,Not Specified %,1971
2.308,0.011271,5.6e-05,None kPa,N/A,20038,['C'],A,Low temperature calorimetry set up,"origin: commercial source,99.94 %",99.94,Not Specified %,1971
2.3569,0.011558,5.8e-05,None kPa,N/A,20038,['C'],A,Low temperature calorimetry set up,"origin: commercial source,99.94 %",99.94,Not Specified %,1971
2.3798,0.011666,5.8e-05,None kPa,N/A,20038,['C'],A,Low temperature calorimetry set up,"origin: commercial source,99.94 %",99.94,Not Specified %,1971
1500.0,35.87,1.0761,1.33322e-06 kPa,N/A,21476,['C'],A,Resistive pulse heating,"origin: commercial source,99.9 % (total),stated by supplier,rod",99.9,Not Specified %,1974
1520.0,36.12,1.0836,None kPa,N/A,21476,['C'],A,Resistive pulse heating,"origin: commercial source,99.9 % (total),stated by supplier,rod",99.9,Not Specified %,1974
1540.0,36.37,1.0911,None kPa,N/A,21476,['C'],A,Resistive pulse heating,"origin: commercial source,99.9 % (total),stated by supplier,rod",99.9,Not Specified %,1974
1560.0,36.62,1.0986,None kPa,N/A,21476,['C'],A,Resistive pulse heating,"origin: commercial source,99.9 % (total),stated by supplier,rod",99.9,Not Specified %,1974
1580.0,36.88,1.1064,None kPa,N/A,21476,['C'],A,Resistive pulse heating,"origin: commercial source,99.9 % (total),stated by supplier,rod",99.9,Not Specified %,1974
1600.0,37.14,1.1142,None kPa,N/A,21476,['C'],A,Resistive pulse heating,"origin: commercial source,99.9 % (total),stated by supplier,rod",99.9,Not Specified %,1974
1620.0,37.4,1.122,None kPa,N/A,21476,['C'],A,Resistive pulse heating,"origin: commercial source,99.9 % (total),stated by supplier,rod",99.9,Not Specified %,1974
1640.0,37.67,1.1301,None kPa,N/A,21476,['C'],A,Resistive pulse heating,"origin: commercial source,99.9 % (total),stated by supplier,rod",99.9,Not Specified %,1974
1660.0,37.94,1.1382,None kPa,N/A,21476,['C'],A,Resistive pulse heating,"origin: commercial source,99.9 % (total),stated by supplier,rod",99.9,Not Specified %,1974
1500.0,36.38,1.0914,1.33322e-06 kPa,N/A,21477,['C'],A,Resistive pulse heating,"origin: commercial source,99.9 % (total),stated by supplier,rod",99.9,Not Specified %,1974
1520.0,36.62,1.0986,None kPa,N/A,21477,['C'],A,Resistive pulse heating,"origin: commercial source,99.9 % (total),stated by supplier,rod",99.9,Not Specified %,1974
1540.0,36.85,1.1055,None kPa,N/A,21477,['C'],A,Resistive pulse heating,"origin: commercial source,99.9 % (total),stated by supplier,rod",99.9,Not Specified %,1974
1560.0,37.08,1.1124,None kPa,N/A,21477,['C'],A,Resistive pulse heating,"origin: commercial source,99.9 % (total),stated by supplier,rod",99.9,Not Specified %,1974
1580.0,37.31,1.1193,None kPa,N/A,21477,['C'],A,Resistive pulse heating,"origin: commercial source,99.9 % (total),stated by supplier,rod",99.9,Not Specified %,1974
1600.0,37.54,1.1262,None kPa,N/A,21477,['C'],A,Resistive pulse heating,"origin: commercial source,99.9 % (total),stated by supplier,rod",99.9,Not Specified %,1974
1620.0,37.78,1.1334,None kPa,N/A,21477,['C'],A,Resistive pulse heating,"origin: commercial source,99.9 % (total),stated by supplier,rod",99.9,Not Specified %,1974
1640.0,38.01,1.1403,None kPa,N/A,21477,['C'],A,Resistive pulse heating,"origin: commercial source,99.9 % (total),stated by supplier,rod",99.9,Not Specified %,1974
1660.0,38.27,1.1481,None kPa,N/A,21477,['C'],A,Resistive pulse heating,"origin: commercial source,99.9 % (total),stated by supplier,rod",99.9,Not Specified %,1974
1700.0,41.37,1.2411,1.33322e-06 kPa,N/A,21478,['C'],A,Resistive pulse heating,"origin: commercial source,99.9 % (total),stated by supplier,rod",99.9,Not Specified %,1974
1720.0,41.95,1.2585,None kPa,N/A,21478,['C'],A,Resistive pulse heating,"origin: commercial source,99.9 % (total),stated by supplier,rod",99.9,Not Specified %,1974
1740.0,42.58,1.2774,None kPa,N/A,21478,['C'],A,Resistive pulse heating,"origin: commercial source,99.9 % (total),stated by supplier,rod",99.9,Not Specified %,1974
1760.0,43.18,1.2954,None kPa,N/A,21478,['C'],A,Resistive pulse heating,"origin: commercial source,99.9 % (total),stated by supplier,rod",99.9,Not Specified %,1974
1780.0,43.81,1.3143,None kPa,N/A,21478,['C'],A,Resistive pulse heating,"origin: commercial source,99.9 % (total),stated by supplier,rod",99.9,Not Specified %,1974
1800.0,44.51,1.3353,None kPa,N/A,21478,['C'],A,Resistive pulse heating,"origin: commercial source,99.9 % (total),stated by supplier,rod",99.9,Not Specified %,1974
1700.0,41.66,1.2498,1.33322e-06 kPa,N/A,21479,['C'],A,Resistive pulse heating,"origin: commercial source,99.9 % (total),stated by supplier,rod",99.9,Not Specified %,1974
1720.0,42.22,1.2666,None kPa,N/A,21479,['C'],A,Resistive pulse heating,"origin: commercial source,99.9 % (total),stated by supplier,rod",99.9,Not Specified %,1974
1740.0,42.83,1.2849,None kPa,N/A,21479,['C'],A,Resistive pulse heating,"origin: commercial source,99.9 % (total),stated by supplier,rod",99.9,Not Specified %,1974
1760.0,43.48,1.3044,None kPa,N/A,21479,['C'],A,Resistive pulse heating,"origin: commercial source,99.9 % (total),stated by supplier,rod",99.9,Not Specified %,1974
1780.0,44.13,1.3239,None kPa,N/A,21479,['C'],A,Resistive pulse heating,"origin: commercial source,99.9 % (total),stated by supplier,rod",99.9,Not Specified %,1974
1800.0,44.86,1.3458,None kPa,N/A,21479,['C'],A,Resistive pulse heating,"origin: commercial source,99.9 % (total),stated by supplier,rod",99.9,Not Specified %,1974
617.77,35.3,1.059,None kPa,N/A,23329,['C'],A,Electronic Heating Modulation,not stated,,,1978
625.96,35.79,1.0737,None kPa,N/A,23329,['C'],A,Electronic Heating Modulation,not stated,,,1978
628.03,37.56,1.1268,None kPa,N/A,23329,['C'],A,Electronic Heating Modulation,not stated,,,1978
633.48,35.48,1.0644,None kPa,N/A,23329,['C'],A,Electronic Heating Modulation,not stated,,,1978
634.77,36.45,1.0935,None kPa,N/A,23329,['C'],A,Electronic Heating Modulation,not stated,,,1978
635.72,37.03,1.1109,None kPa,N/A,23329,['C'],A,Electronic Heating Modulation,not stated,,,1978
663.75,36.81,1.1043,None kPa,N/A,23329,['C'],A,Electronic Heating Modulation,not stated,,,1978
666.65,35.43,1.0629,None kPa,N/A,23329,['C'],A,Electronic Heating Modulation,not stated,,,1978
673.86,37.47,1.1241,None kPa,N/A,23329,['C'],A,Electronic Heating Modulation,not stated,,,1978
679.31,35.48,1.0644,None kPa,N/A,23329,['C'],A,Electronic Heating Modulation,not stated,,,1978
692.06,35.46,1.0638,None kPa,N/A,23329,['C'],A,Electronic Heating Modulation,not stated,,,1978
699.37,36.48,1.0944,None kPa,N/A,23329,['C'],A,Electronic Heating Modulation,not stated,,,1978
718.55,38.06,1.1418,None kPa,N/A,23329,['C'],A,Electronic Heating Modulation,not stated,,,1978
733.1,36.51,1.0953,None kPa,N/A,23329,['C'],A,Electronic Heating Modulation,not stated,,,1978
737.48,37.7,1.131,None kPa,N/A,23329,['C'],A,Electronic Heating Modulation,not stated,,,1978
748.9,38.91,1.1673,None kPa,N/A,23329,['C'],A,Electronic Heating Modulation,not stated,,,1978
770.75,39.99,1.1997,None kPa,N/A,23329,['C'],A,Electronic Heating Modulation,not stated,,,1978
776.37,37.56,1.1268,None kPa,N/A,23329,['C'],A,Electronic Heating Modulation,not stated,,,1978
794.74,39.3,1.179,None kPa,N/A,23329,['C'],A,Electronic Heating Modulation,not stated,,,1978
803.76,39.02,1.1706,None kPa,N/A,23329,['C'],A,Electronic Heating Modulation,not stated,,,1978
822.05,40.66,1.2198,None kPa,N/A,23329,['C'],A,Electronic Heating Modulation,not stated,,,1978
838.59,40.27,1.2081,None kPa,N/A,23329,['C'],A,Electronic Heating Modulation,not stated,,,1978
851.36,41.82,1.2546,None kPa,N/A,23329,['C'],A,Electronic Heating Modulation,not stated,,,1978
859.77,41.7,1.251,None kPa,N/A,23329,['C'],A,Electronic Heating Modulation,not stated,,,1978
867.16,43.56,1.3068,None kPa,N/A,23329,['C'],A,Electronic Heating Modulation,not stated,,,1978
872.85,42.15,1.2645,None kPa,N/A,23329,['C'],A,Electronic Heating Modulation,not stated,,,1978
890.98,43.21,1.2963,None kPa,N/A,23329,['C'],A,Electronic Heating Modulation,not stated,,,1978
903.5,44.7,1.341,None kPa,N/A,23329,['C'],A,Electronic Heating Modulation,not stated,,,1978
906.57,46.37,1.3911,None kPa,N/A,23329,['C'],A,Electronic Heating Modulation,not stated,,,1978
914.82,46.31,1.3893,None kPa,N/A,23329,['C'],A,Electronic Heating Modulation,not stated,,,1978
934.1,47.05,1.4115,None kPa,N/A,23329,['C'],A,Electronic Heating Modulation,not stated,,,1978
937.46,48.07,1.4421,None kPa,N/A,23329,['C'],A,Electronic Heating Modulation,not stated,,,1978
947.69,48.44,1.4532,None kPa,N/A,23329,['C'],A,Electronic Heating Modulation,not stated,,,1978
953.04,47.56,1.4268,None kPa,N/A,23329,['C'],A,Electronic Heating Modulation,not stated,,,1978
958.58,50.08,1.5024,None kPa,N/A,23329,['C'],A,Electronic Heating Modulation,not stated,,,1978
964.63,48.56,1.4568,None kPa,N/A,23329,['C'],A,Electronic Heating Modulation,not stated,,,1978
967.04,50.11,1.5033,None kPa,N/A,23329,['C'],A,Electronic Heating Modulation,not stated,,,1978
980.24,52.17,1.5651,None kPa,N/A,23329,['C'],A,Electronic Heating Modulation,not stated,,,1978
982.91,50.22,1.5066,None kPa,N/A,23329,['C'],A,Electronic Heating Modulation,not stated,,,1978
987.52,51.03,1.5309,None kPa,N/A,23329,['C'],A,Electronic Heating Modulation,not stated,,,1978
998.03,53.43,1.6029,None kPa,N/A,23329,['C'],A,Electronic Heating Modulation,not stated,,,1978
1002.4,55.06,1.6518,None kPa,N/A,23329,['C'],A,Electronic Heating Modulation,not stated,,,1978
1011.85,55.33,1.6599,None kPa,N/A,23329,['C'],A,Electronic Heating Modulation,not stated,,,1978
1015.91,61.64,1.8492,None kPa,N/A,23329,['C'],A,Electronic Heating Modulation,not stated,,,1978
1024.65,65.27,1.9581,None kPa,N/A,23329,['C'],A,Electronic Heating Modulation,not stated,,,1978
1025.8,62.53,1.8759,None kPa,N/A,23329,['C'],A,Electronic Heating Modulation,not stated,,,1978
1031.48,64.51,1.9353,None kPa,N/A,23329,['C'],A,Electronic Heating Modulation,not stated,,,1978
1035.14,68.85,2.0655,None kPa,N/A,23329,['C'],A,Electronic Heating Modulation,not stated,,,1978
1043.18,62.29,1.8687,None kPa,N/A,23329,['C'],A,Electronic Heating Modulation,not stated,,,1978
1047.03,56.69,1.7007,None kPa,N/A,23329,['C'],A,Electronic Heating Modulation,not stated,,,1978
1048.1,57.9,1.737,None kPa,N/A,23329,['C'],A,Electronic Heating Modulation,not stated,,,1978
1058.03,56.52,1.6956,None kPa,N/A,23329,['C'],A,Electronic Heating Modulation,not stated,,,1978
1063.57,54.31,1.6293,None kPa,N/A,23329,['C'],A,Electronic Heating Modulation,not stated,,,1978
1068.01,52.21,1.5663,None kPa,N/A,23329,['C'],A,Electronic Heating Modulation,not stated,,,1978
1072.83,53.13,1.5939,None kPa,N/A,23329,['C'],A,Electronic Heating Modulation,not stated,,,1978
1077.92,51.72,1.5516,None kPa,N/A,23329,['C'],A,Electronic Heating Modulation,not stated,,,1978
1081.24,50.64,1.5192,None kPa,N/A,23329,['C'],A,Electronic Heating Modulation,not stated,,,1978
1092.74,47.71,1.4313,None kPa,N/A,23329,['C'],A,Electronic Heating Modulation,not stated,,,1978
1111.88,47.39,1.4217,None kPa,N/A,23329,['C'],A,Electronic Heating Modulation,not stated,,,1978
1114.54,46.68,1.4004,None kPa,N/A,23329,['C'],A,Electronic Heating Modulation,not stated,,,1978
1123.18,47.15,1.4145,None kPa,N/A,23329,['C'],A,Electronic Heating Modulation,not stated,,,1978
1131.79,46.06,1.3818,None kPa,N/A,23329,['C'],A,Electronic Heating Modulation,not stated,,,1978
1140.54,45.21,1.3563,None kPa,N/A,23329,['C'],A,Electronic Heating Modulation,not stated,,,1978
1147.88,45.28,1.3584,None kPa,N/A,23329,['C'],A,Electronic Heating Modulation,not stated,,,1978
1157.03,45.29,1.3587,None kPa,N/A,23329,['C'],A,Electronic Heating Modulation,not stated,,,1978
1172.13,45.31,1.3593,None kPa,N/A,23329,['C'],A,Electronic Heating Modulation,not stated,,,1978
1180.61,40.38,1.2114,None kPa,N/A,23329,['C'],A,Electronic Heating Modulation,not stated,,,1978
1186.65,39.89,1.1967,None kPa,N/A,23329,['C'],A,Electronic Heating Modulation,not stated,,,1978
1193.7,40.78,1.2234,None kPa,N/A,23329,['C'],A,Electronic Heating Modulation,not stated,,,1978
1217.89,40.51,1.2153,None kPa,N/A,23329,['C'],A,Electronic Heating Modulation,not stated,,,1978
1225.01,40.99,1.2297,None kPa,N/A,23329,['C'],A,Electronic Heating Modulation,not stated,,,1978
1238.11,41.04,1.2312,None kPa,N/A,23329,['C'],A,Electronic Heating Modulation,not stated,,,1978
1255.86,41.59,1.2477,None kPa,N/A,23329,['C'],A,Electronic Heating Modulation,not stated,,,1978
326.4,26.4,0.132,None kPa,N/A,23999,['C'],A,Vacuum adiabatic calorimetry,"not stated,99.97 % (total),",99.97,Not Specified %,1982
343.1,26.86,0.1343,None kPa,N/A,23999,['C'],A,Vacuum adiabatic calorimetry,"not stated,99.97 % (total),",99.97,Not Specified %,1982
353.7,27.19,0.13595,None kPa,N/A,23999,['C'],A,Vacuum adiabatic calorimetry,"not stated,99.97 % (total),",99.97,Not Specified %,1982
370.8,27.83,0.13915,None kPa,N/A,23999,['C'],A,Vacuum adiabatic calorimetry,"not stated,99.97 % (total),",99.97,Not Specified %,1982
381.3,27.83,0.13915,None kPa,N/A,23999,['C'],A,Vacuum adiabatic calorimetry,"not stated,99.97 % (total),",99.97,Not Specified %,1982
394.4,27.86,0.1393,None kPa,N/A,23999,['C'],A,Vacuum adiabatic calorimetry,"not stated,99.97 % (total),",99.97,Not Specified %,1982
411.3,28.46,0.1423,None kPa,N/A,23999,['C'],A,Vacuum adiabatic calorimetry,"not stated,99.97 % (total),",99.97,Not Specified %,1982
422.5,28.87,0.14435,None kPa,N/A,23999,['C'],A,Vacuum adiabatic calorimetry,"not stated,99.97 % (total),",99.97,Not Specified %,1982
435.9,29.31,0.14655,None kPa,N/A,23999,['C'],A,Vacuum adiabatic calorimetry,"not stated,99.97 % (total),",99.97,Not Specified %,1982
457.5,29.3,0.1465,None kPa,N/A,23999,['C'],A,Vacuum adiabatic calorimetry,"not stated,99.97 % (total),",99.97,Not Specified %,1982
461.6,29.56,0.1478,None kPa,N/A,23999,['C'],A,Vacuum adiabatic calorimetry,"not stated,99.97 % (total),",99.97,Not Specified %,1982
469.9,29.72,0.1486,None kPa,N/A,23999,['C'],A,Vacuum adiabatic calorimetry,"not stated,99.97 % (total),",99.97,Not Specified %,1982
482.3,29.88,0.1494,None kPa,N/A,23999,['C'],A,Vacuum adiabatic calorimetry,"not stated,99.97 % (total),",99.97,Not Specified %,1982
493.5,30.05,0.15025,None kPa,N/A,23999,['C'],A,Vacuum adiabatic calorimetry,"not stated,99.97 % (total),",99.97,Not Specified %,1982
504.1,30.11,0.15055,None kPa,N/A,23999,['C'],A,Vacuum adiabatic calorimetry,"not stated,99.97 % (total),",99.97,Not Specified %,1982
518.0,30.49,0.15245,None kPa,N/A,23999,['C'],A,Vacuum adiabatic calorimetry,"not stated,99.97 % (total),",99.97,Not Specified %,1982
527.1,31.02,0.1551,None kPa,N/A,23999,['C'],A,Vacuum adiabatic calorimetry,"not stated,99.97 % (total),",99.97,Not Specified %,1982
538.3,30.74,0.1537,None kPa,N/A,23999,['C'],A,Vacuum adiabatic calorimetry,"not stated,99.97 % (total),",99.97,Not Specified %,1982
551.3,31.3,0.1565,None kPa,N/A,23999,['C'],A,Vacuum adiabatic calorimetry,"not stated,99.97 % (total),",99.97,Not Specified %,1982
565.8,31.02,0.1551,None kPa,N/A,23999,['C'],A,Vacuum adiabatic calorimetry,"not stated,99.97 % (total),",99.97,Not Specified %,1982
582.5,31.35,0.15675,None kPa,N/A,23999,['C'],A,Vacuum adiabatic calorimetry,"not stated,99.97 % (total),",99.97,Not Specified %,1982
595.1,31.47,0.15735,None kPa,N/A,23999,['C'],A,Vacuum adiabatic calorimetry,"not stated,99.97 % (total),",99.97,Not Specified %,1982
606.1,31.71,0.15855,None kPa,N/A,23999,['C'],A,Vacuum adiabatic calorimetry,"not stated,99.97 % (total),",99.97,Not Specified %,1982
615.1,31.71,0.15855,None kPa,N/A,23999,['C'],A,Vacuum adiabatic calorimetry,"not stated,99.97 % (total),",99.97,Not Specified %,1982
625.7,32.04,0.1602,None kPa,N/A,23999,['C'],A,Vacuum adiabatic calorimetry,"not stated,99.97 % (total),",99.97,Not Specified %,1982
635.2,32.12,0.1606,None kPa,N/A,23999,['C'],A,Vacuum adiabatic calorimetry,"not stated,99.97 % (total),",99.97,Not Specified %,1982
647.5,32.54,0.1627,None kPa,N/A,23999,['C'],A,Vacuum adiabatic calorimetry,"not stated,99.97 % (total),",99.97,Not Specified %,1982
660.7,32.97,0.16485,None kPa,N/A,23999,['C'],A,Vacuum adiabatic calorimetry,"not stated,99.97 % (total),",99.97,Not Specified %,1982
667.8,33.09,0.16545,None kPa,N/A,23999,['C'],A,Vacuum adiabatic calorimetry,"not stated,99.97 % (total),",99.97,Not Specified %,1982
700.1,34.33,0.17165,None kPa,N/A,23999,['C'],A,Vacuum adiabatic calorimetry,"not stated,99.97 % (total),",99.97,Not Specified %,1982
727.8,34.79,0.17395,None kPa,N/A,23999,['C'],A,Vacuum adiabatic calorimetry,"not stated,99.97 % (total),",99.97,Not Specified %,1982
739.2,35.6,0.178,None kPa,N/A,23999,['C'],A,Vacuum adiabatic calorimetry,"not stated,99.97 % (total),",99.97,Not Specified %,1982
750.2,35.62,0.1781,None kPa,N/A,23999,['C'],A,Vacuum adiabatic calorimetry,"not stated,99.97 % (total),",99.97,Not Specified %,1982
762.0,35.72,0.1786,None kPa,N/A,23999,['C'],A,Vacuum adiabatic calorimetry,"not stated,99.97 % (total),",99.97,Not Specified %,1982
772.8,36.05,0.18025,None kPa,N/A,23999,['C'],A,Vacuum adiabatic calorimetry,"not stated,99.97 % (total),",99.97,Not Specified %,1982
790.7,37.34,0.1867,None kPa,N/A,23999,['C'],A,Vacuum adiabatic calorimetry,"not stated,99.97 % (total),",99.97,Not Specified %,1982
810.2,38.11,0.19055,None kPa,N/A,23999,['C'],A,Vacuum adiabatic calorimetry,"not stated,99.97 % (total),",99.97,Not Specified %,1982
830.6,38.94,0.1947,None kPa,N/A,23999,['C'],A,Vacuum adiabatic calorimetry,"not stated,99.97 % (total),",99.97,Not Specified %,1982
852.4,38.62,0.1931,None kPa,N/A,23999,['C'],A,Vacuum adiabatic calorimetry,"not stated,99.97 % (total),",99.97,Not Specified %,1982
870.7,39.43,0.19715,None kPa,N/A,23999,['C'],A,Vacuum adiabatic calorimetry,"not stated,99.97 % (total),",99.97,Not Specified %,1982
889.0,40.18,0.2009,None kPa,N/A,23999,['C'],A,Vacuum adiabatic calorimetry,"not stated,99.97 % (total),",99.97,Not Specified %,1982
930.6,44.78,0.2239,None kPa,N/A,23999,['C'],A,Vacuum adiabatic calorimetry,"not stated,99.97 % (total),",99.97,Not Specified %,1982
947.4,46.82,0.2341,None kPa,N/A,23999,['C'],A,Vacuum adiabatic calorimetry,"not stated,99.97 % (total),",99.97,Not Specified %,1982
966.9,48.9,0.2445,None kPa,N/A,23999,['C'],A,Vacuum adiabatic calorimetry,"not stated,99.97 % (total),",99.97,Not Specified %,1982
987.3,52.4,0.262,None kPa,N/A,23999,['C'],A,Vacuum adiabatic calorimetry,"not stated,99.97 % (total),",99.97,Not Specified %,1982
1007.8,55.48,0.2774,None kPa,N/A,23999,['C'],A,Vacuum adiabatic calorimetry,"not stated,99.97 % (total),",99.97,Not Specified %,1982
1026.7,67.66,0.3383,None kPa,N/A,23999,['C'],A,Vacuum adiabatic calorimetry,"not stated,99.97 % (total),",99.97,Not Specified %,1982
1037.6,55.89,0.27945,None kPa,N/A,23999,['C'],A,Vacuum adiabatic calorimetry,"not stated,99.97 % (total),",99.97,Not Specified %,1982
1036.3,76.15,0.38075,None kPa,N/A,23999,['C'],A,Vacuum adiabatic calorimetry,"not stated,99.97 % (total),",99.97,Not Specified %,1982
1044.4,47.86,0.2393,None kPa,N/A,23999,['C'],A,Vacuum adiabatic calorimetry,"not stated,99.97 % (total),",99.97,Not Specified %,1982
1073.5,42.09,0.21045,None kPa,N/A,23999,['C'],A,Vacuum adiabatic calorimetry,"not stated,99.97 % (total),",99.97,Not Specified %,1982
1089.9,40.11,0.20055,None kPa,N/A,23999,['C'],A,Vacuum adiabatic calorimetry,"not stated,99.97 % (total),",99.97,Not Specified %,1982
1099.5,39.55,0.19775,None kPa,N/A,23999,['C'],A,Vacuum adiabatic calorimetry,"not stated,99.97 % (total),",99.97,Not Specified %,1982
1115.6,39.18,0.1959,None kPa,N/A,23999,['C'],A,Vacuum adiabatic calorimetry,"not stated,99.97 % (total),",99.97,Not Specified %,1982
1136.2,38.78,0.1939,None kPa,N/A,23999,['C'],A,Vacuum adiabatic calorimetry,"not stated,99.97 % (total),",99.97,Not Specified %,1982
1155.8,38.15,0.19075,None kPa,N/A,23999,['C'],A,Vacuum adiabatic calorimetry,"not stated,99.97 % (total),",99.97,Not Specified %,1982
1167.2,38.72,0.1936,None kPa,N/A,23999,['C'],A,Vacuum adiabatic calorimetry,"not stated,99.97 % (total),",99.97,Not Specified %,1982
1189.6,31.6,0.158,None kPa,N/A,23999,['C'],A,Vacuum adiabatic calorimetry,"not stated,99.97 % (total),",99.97,Not Specified %,1982
1199.8,31.7,0.1585,None kPa,N/A,23999,['C'],A,Vacuum adiabatic calorimetry,"not stated,99.97 % (total),",99.97,Not Specified %,1982
1217.8,31.06,0.1553,None kPa,N/A,23999,['C'],A,Vacuum adiabatic calorimetry,"not stated,99.97 % (total),",99.97,Not Specified %,1982
1227.6,30.9,0.1545,None kPa,N/A,23999,['C'],A,Vacuum adiabatic calorimetry,"not stated,99.97 % (total),",99.97,Not Specified %,1982
1243.2,31.93,0.15965,None kPa,N/A,23999,['C'],A,Vacuum adiabatic calorimetry,"not stated,99.97 % (total),",99.97,Not Specified %,1982
1255.5,31.14,0.1557,None kPa,N/A,23999,['C'],A,Vacuum adiabatic calorimetry,"not stated,99.97 % (total),",99.97,Not Specified %,1982
1263.4,31.18,0.1559,None kPa,N/A,23999,['C'],A,Vacuum adiabatic calorimetry,"not stated,99.97 % (total),",99.97,Not Specified %,1982
1278.5,31.22,0.1561,None kPa,N/A,23999,['C'],A,Vacuum adiabatic calorimetry,"not stated,99.97 % (total),",99.97,Not Specified %,1982
1286.4,32.09,0.16045,None kPa,N/A,23999,['C'],A,Vacuum adiabatic calorimetry,"not stated,99.97 % (total),",99.97,Not Specified %,1982
1294.8,31.36,0.1568,None kPa,N/A,23999,['C'],A,Vacuum adiabatic calorimetry,"not stated,99.97 % (total),",99.97,Not Specified %,1982
1307.0,31.79,0.15895,None kPa,N/A,23999,['C'],A,Vacuum adiabatic calorimetry,"not stated,99.97 % (total),",99.97,Not Specified %,1982
1323.9,31.61,0.15805,None kPa,N/A,23999,['C'],A,Vacuum adiabatic calorimetry,"not stated,99.97 % (total),",99.97,Not Specified %,1982
1333.4,32.32,0.1616,None kPa,N/A,23999,['C'],A,Vacuum adiabatic calorimetry,"not stated,99.97 % (total),",99.97,Not Specified %,1982
1341.2,31.19,0.15595,None kPa,N/A,23999,['C'],A,Vacuum adiabatic calorimetry,"not stated,99.97 % (total),",99.97,Not Specified %,1982
1350.2,31.29,0.15645,None kPa,N/A,23999,['C'],A,Vacuum adiabatic calorimetry,"not stated,99.97 % (total),",99.97,Not Specified %,1982
1357.5,32.18,0.1609,None kPa,N/A,23999,['C'],A,Vacuum adiabatic calorimetry,"not stated,99.97 % (total),",99.97,Not Specified %,1982
1365.5,31.55,0.15775,None kPa,N/A,23999,['C'],A,Vacuum adiabatic calorimetry,"not stated,99.97 % (total),",99.97,Not Specified %,1982
1376.2,32.52,0.1626,None kPa,N/A,23999,['C'],A,Vacuum adiabatic calorimetry,"not stated,99.97 % (total),",99.97,Not Specified %,1982
1391.5,31.94,0.1597,None kPa,N/A,23999,['C'],A,Vacuum adiabatic calorimetry,"not stated,99.97 % (total),",99.97,Not Specified %,1982
1402.1,32.12,0.1606,None kPa,N/A,23999,['C'],A,Vacuum adiabatic calorimetry,"not stated,99.97 % (total),",99.97,Not Specified %,1982
1419.2,32.04,0.1602,None kPa,N/A,23999,['C'],A,Vacuum adiabatic calorimetry,"not stated,99.97 % (total),",99.97,Not Specified %,1982
1425.7,32.02,0.1601,None kPa,N/A,23999,['C'],A,Vacuum adiabatic calorimetry,"not stated,99.97 % (total),",99.97,Not Specified %,1982
1432.9,32.02,0.1601,None kPa,N/A,23999,['C'],A,Vacuum adiabatic calorimetry,"not stated,99.97 % (total),",99.97,Not Specified %,1982
1444.5,32.12,0.1606,None kPa,N/A,23999,['C'],A,Vacuum adiabatic calorimetry,"not stated,99.97 % (total),",99.97,Not Specified %,1982
1452.8,31.8,0.159,None kPa,N/A,23999,['C'],A,Vacuum adiabatic calorimetry,"not stated,99.97 % (total),",99.97,Not Specified %,1982
1461.4,32.32,0.1616,None kPa,N/A,23999,['C'],A,Vacuum adiabatic calorimetry,"not stated,99.97 % (total),",99.97,Not Specified %,1982
1470.4,32.16,0.1608,None kPa,N/A,23999,['C'],A,Vacuum adiabatic calorimetry,"not stated,99.97 % (total),",99.97,Not Specified %,1982
1476.5,32.1,0.1605,None kPa,N/A,23999,['C'],A,Vacuum adiabatic calorimetry,"not stated,99.97 % (total),",99.97,Not Specified %,1982
1491.1,32.1,0.1605,None kPa,N/A,23999,['C'],A,Vacuum adiabatic calorimetry,"not stated,99.97 % (total),",99.97,Not Specified %,1982
1502.1,32.33,0.16165,None kPa,N/A,23999,['C'],A,Vacuum adiabatic calorimetry,"not stated,99.97 % (total),",99.97,Not Specified %,1982
1521.7,32.45,0.16225,None kPa,N/A,23999,['C'],A,Vacuum adiabatic calorimetry,"not stated,99.97 % (total),",99.97,Not Specified %,1982
1533.3,32.49,0.16245,None kPa,N/A,23999,['C'],A,Vacuum adiabatic calorimetry,"not stated,99.97 % (total),",99.97,Not Specified %,1982
1550.6,32.73,0.16365,None kPa,N/A,23999,['C'],A,Vacuum adiabatic calorimetry,"not stated,99.97 % (total),",99.97,Not Specified %,1982
1568.6,31.97,0.15985,None kPa,N/A,23999,['C'],A,Vacuum adiabatic calorimetry,"not stated,99.97 % (total),",99.97,Not Specified %,1982
1583.8,32.9,0.1645,None kPa,N/A,23999,['C'],A,Vacuum adiabatic calorimetry,"not stated,99.97 % (total),",99.97,Not Specified %,1982
1599.9,31.97,0.15985,None kPa,N/A,23999,['C'],A,Vacuum adiabatic calorimetry,"not stated,99.97 % (total),",99.97,Not Specified %,1982
1620.7,32.68,0.1634,None kPa,N/A,23999,['C'],A,Vacuum adiabatic calorimetry,"not stated,99.97 % (total),",99.97,Not Specified %,1982
1633.4,31.81,0.15905,None kPa,N/A,23999,['C'],A,Vacuum adiabatic calorimetry,"not stated,99.97 % (total),",99.97,Not Specified %,1982
1650.9,32.34,0.1617,None kPa,N/A,23999,['C'],A,Vacuum adiabatic calorimetry,"not stated,99.97 % (total),",99.97,Not Specified %,1982
1699.4,35.17,0.17585,None kPa,N/A,23999,['C'],A,Vacuum adiabatic calorimetry,"not stated,99.97 % (total),",99.97,Not Specified %,1982
1708.6,35.11,0.17555,None kPa,N/A,23999,['C'],A,Vacuum adiabatic calorimetry,"not stated,99.97 % (total),",99.97,Not Specified %,1982
1717.4,35.01,0.17505,None kPa,N/A,23999,['C'],A,Vacuum adiabatic calorimetry,"not stated,99.97 % (total),",99.97,Not Specified %,1982
1752.64,41.6725,5.6,None kPa,N/A,32299,['C'],A,laser modulation calorimetry,"not stated,99.99 weight % (total),chemical analysis",99.99,Weight %,2017
1770.67,41.5627,5.6,None kPa,N/A,32299,['C'],A,laser modulation calorimetry,"not stated,99.99 weight % (total),chemical analysis",99.99,Weight %,2017
1787.8,42.9694,5.6,None kPa,N/A,32299,['C'],A,laser modulation calorimetry,"not stated,99.99 weight % (total),chemical analysis",99.99,Weight %,2017
1798.68,42.0322,5.6,None kPa,N/A,32299,['C'],A,laser modulation calorimetry,"not stated,99.99 weight % (total),chemical analysis",99.99,Weight %,2017
1865.35,41.8686,5.6,None kPa,N/A,32299,['C'],A,laser modulation calorimetry,"not stated,99.99 weight % (total),chemical analysis",99.99,Weight %,2017
1867.79,42.0341,5.6,None kPa,N/A,32299,['C'],A,laser modulation calorimetry,"not stated,99.99 weight % (total),chemical analysis",99.99,Weight %,2017
1879.96,42.1448,5.6,None kPa,N/A,32299,['C'],A,laser modulation calorimetry,"not stated,99.99 weight % (total),chemical analysis",99.99,Weight %,2017
1895.15,40.8493,5.6,None kPa,N/A,32299,['C'],A,laser modulation calorimetry,"not stated,99.99 weight % (total),chemical analysis",99.99,Weight %,2017
1944.43,44.8486,5.6,None kPa,N/A,32299,['C'],A,laser modulation calorimetry,"not stated,99.99 weight % (total),chemical analysis",99.99,Weight %,2017
1992.1,42.8371,5.6,None kPa,N/A,32299,['C'],A,laser modulation calorimetry,"not stated,99.99 weight % (total),chemical analysis",99.99,Weight %,2017
1993.72,45.3738,5.6,None kPa,N/A,32299,['C'],A,laser modulation calorimetry,"not stated,99.99 weight % (total),chemical analysis",99.99,Weight %,2017
1996.16,44.3537,5.6,None kPa,N/A,32299,['C'],A,laser modulation calorimetry,"not stated,99.99 weight % (total),chemical analysis",99.99,Weight %,2017
1.586,0.007732,0.00023196,None kPa,N/A,18190,['C'],A,Low temperature calorimetry set up,not stated,,,1968
1.665,0.008121,0.00024363,None kPa,N/A,18190,['C'],A,Low temperature calorimetry set up,not stated,,,1968
1.74,0.008488,0.00025464,None kPa,N/A,18190,['C'],A,Low temperature calorimetry set up,not stated,,,1968
1.813,0.008846,0.00026538,None kPa,N/A,18190,['C'],A,Low temperature calorimetry set up,not stated,,,1968
1.882,0.009193,0.00027579,None kPa,N/A,18190,['C'],A,Low temperature calorimetry set up,not stated,,,1968
1.94,0.009492,0.00028476,None kPa,N/A,18190,['C'],A,Low temperature calorimetry set up,not stated,,,1968
2.011,0.009836,0.00029508,None kPa,N/A,18190,['C'],A,Low temperature calorimetry set up,not stated,,,1968
2.068,0.0101,0.000303,None kPa,N/A,18190,['C'],A,Low temperature calorimetry set up,not stated,,,1968
2.161,0.01059,0.0003177,None kPa,N/A,18190,['C'],A,Low temperature calorimetry set up,not stated,,,1968
2.27,0.01114,0.0003342,None kPa,N/A,18190,['C'],A,Low temperature calorimetry set up,not stated,,,1968
2.364,0.01164,0.0003492,None kPa,N/A,18190,['C'],A,Low temperature calorimetry set up,not stated,,,1968
2.466,0.01216,0.0003648,None kPa,N/A,18190,['C'],A,Low temperature calorimetry set up,not stated,,,1968
2.563,0.01266,0.0003798,None kPa,N/A,18190,['C'],A,Low temperature calorimetry set up,not stated,,,1968
2.647,0.01311,0.0003933,None kPa,N/A,18190,['C'],A,Low temperature calorimetry set up,not stated,,,1968
2.753,0.01368,0.0004104,None kPa,N/A,18190,['C'],A,Low temperature calorimetry set up,not stated,,,1968
2.856,0.01425,0.0004275,None kPa,N/A,18190,['C'],A,Low temperature calorimetry set up,not stated,,,1968
2.956,0.01475,0.0004425,None kPa,N/A,18190,['C'],A,Low temperature calorimetry set up,not stated,,,1968
3.065,0.01531,0.0004593,None kPa,N/A,18190,['C'],A,Low temperature calorimetry set up,not stated,,,1968
3.201,0.01608,0.0004824,None kPa,N/A,18190,['C'],A,Low temperature calorimetry set up,not stated,,,1968
3.381,0.01707,0.0005121,None kPa,N/A,18190,['C'],A,Low temperature calorimetry set up,not stated,,,1968
3.547,0.01799,0.0005397,None kPa,N/A,18190,['C'],A,Low temperature calorimetry set up,not stated,,,1968
3.702,0.01879,0.0005637,None kPa,N/A,18190,['C'],A,Low temperature calorimetry set up,not stated,,,1968
3.861,0.0197,0.000591,None kPa,N/A,18190,['C'],A,Low temperature calorimetry set up,not stated,,,1968
4.032,0.02076,0.0006228,None kPa,N/A,18190,['C'],A,Low temperature calorimetry set up,not stated,,,1968
61.05,4.94967,0.014849,None kPa,N/A,18217,['C'],A,Low Temperature Adiabatic Cyrostat,"origin: commercial source,99.8 % (total),stated by supplier",99.8,Not Specified %,1968
65.43,5.85342,0.0175602,None kPa,N/A,18217,['C'],A,Low Temperature Adiabatic Cyrostat,"origin: commercial source,99.8 % (total),stated by supplier",99.8,Not Specified %,1968
69.18,6.63164,0.0198949,None kPa,N/A,18217,['C'],A,Low Temperature Adiabatic Cyrostat,"origin: commercial source,99.8 % (total),stated by supplier",99.8,Not Specified %,1968
73.23,7.44334,0.02233,None kPa,N/A,18217,['C'],A,Low Temperature Adiabatic Cyrostat,"origin: commercial source,99.8 % (total),stated by supplier",99.8,Not Specified %,1968
75.14,7.81571,0.0234471,None kPa,N/A,18217,['C'],A,Low Temperature Adiabatic Cyrostat,"origin: commercial source,99.8 % (total),stated by supplier",99.8,Not Specified %,1968
78.29,8.41821,0.0252546,None kPa,N/A,18217,['C'],A,Low Temperature Adiabatic Cyrostat,"origin: commercial source,99.8 % (total),stated by supplier",99.8,Not Specified %,1968
82.2,9.14204,0.0274261,None kPa,N/A,18217,['C'],A,Low Temperature Adiabatic Cyrostat,"origin: commercial source,99.8 % (total),stated by supplier",99.8,Not Specified %,1968
85.86,9.79474,0.0293842,None kPa,N/A,18217,['C'],A,Low Temperature Adiabatic Cyrostat,"origin: commercial source,99.8 % (total),stated by supplier",99.8,Not Specified %,1968
89.41,10.4056,0.0312168,None kPa,N/A,18217,['C'],A,Low Temperature Adiabatic Cyrostat,"origin: commercial source,99.8 % (total),stated by supplier",99.8,Not Specified %,1968
93.28,11.0499,0.0331498,None kPa,N/A,18217,['C'],A,Low Temperature Adiabatic Cyrostat,"origin: commercial source,99.8 % (total),stated by supplier",99.8,Not Specified %,1968
97.41,11.7068,0.0351205,None kPa,N/A,18217,['C'],A,Low Temperature Adiabatic Cyrostat,"origin: commercial source,99.8 % (total),stated by supplier",99.8,Not Specified %,1968
101.37,12.3177,0.0369531,None kPa,N/A,18217,['C'],A,Low Temperature Adiabatic Cyrostat,"origin: commercial source,99.8 % (total),stated by supplier",99.8,Not Specified %,1968
105.23,12.8909,0.0386727,None kPa,N/A,18217,['C'],A,Low Temperature Adiabatic Cyrostat,"origin: commercial source,99.8 % (total),stated by supplier",99.8,Not Specified %,1968
109.21,13.4557,0.0403672,None kPa,N/A,18217,['C'],A,Low Temperature Adiabatic Cyrostat,"origin: commercial source,99.8 % (total),stated by supplier",99.8,Not Specified %,1968
113.45,14.0373,0.042112,None kPa,N/A,18217,['C'],A,Low Temperature Adiabatic Cyrostat,"origin: commercial source,99.8 % (total),stated by supplier",99.8,Not Specified %,1968
118.0,14.644,0.043932,None kPa,N/A,18217,['C'],A,Low Temperature Adiabatic Cyrostat,"origin: commercial source,99.8 % (total),stated by supplier",99.8,Not Specified %,1968
122.9,15.2632,0.0457897,None kPa,N/A,18217,['C'],A,Low Temperature Adiabatic Cyrostat,"origin: commercial source,99.8 % (total),stated by supplier",99.8,Not Specified %,1968
94.23,11.2131,0.0336394,None kPa,N/A,18217,['C'],A,Low Temperature Adiabatic Cyrostat,"origin: commercial source,99.8 % (total),stated by supplier",99.8,Not Specified %,1968
99.3,12.0081,0.0360242,None kPa,N/A,18217,['C'],A,Low Temperature Adiabatic Cyrostat,"origin: commercial source,99.8 % (total),stated by supplier",99.8,Not Specified %,1968
105.03,12.8658,0.0385974,None kPa,N/A,18217,['C'],A,Low Temperature Adiabatic Cyrostat,"origin: commercial source,99.8 % (total),stated by supplier",99.8,Not Specified %,1968
111.11,13.7235,0.0411706,None kPa,N/A,18217,['C'],A,Low Temperature Adiabatic Cyrostat,"origin: commercial source,99.8 % (total),stated by supplier",99.8,Not Specified %,1968
117.29,14.5394,0.0436182,None kPa,N/A,18217,['C'],A,Low Temperature Adiabatic Cyrostat,"origin: commercial source,99.8 % (total),stated by supplier",99.8,Not Specified %,1968
123.68,15.3344,0.0460031,None kPa,N/A,18217,['C'],A,Low Temperature Adiabatic Cyrostat,"origin: commercial source,99.8 % (total),stated by supplier",99.8,Not Specified %,1968
131.72,16.2632,0.0487896,None kPa,N/A,18217,['C'],A,Low Temperature Adiabatic Cyrostat,"origin: commercial source,99.8 % (total),stated by supplier",99.8,Not Specified %,1968
139.14,17.054,0.051162,None kPa,N/A,18217,['C'],A,Low Temperature Adiabatic Cyrostat,"origin: commercial source,99.8 % (total),stated by supplier",99.8,Not Specified %,1968
146.25,17.7569,0.0532707,None kPa,N/A,18217,['C'],A,Low Temperature Adiabatic Cyrostat,"origin: commercial source,99.8 % (total),stated by supplier",99.8,Not Specified %,1968
153.08,18.3803,0.0551409,None kPa,N/A,18217,['C'],A,Low Temperature Adiabatic Cyrostat,"origin: commercial source,99.8 % (total),stated by supplier",99.8,Not Specified %,1968
159.78,18.9493,0.056848,None kPa,N/A,18217,['C'],A,Low Temperature Adiabatic Cyrostat,"origin: commercial source,99.8 % (total),stated by supplier",99.8,Not Specified %,1968
163.82,19.2757,0.0578271,None kPa,N/A,18217,['C'],A,Low Temperature Adiabatic Cyrostat,"origin: commercial source,99.8 % (total),stated by supplier",99.8,Not Specified %,1968
170.75,19.7987,0.0593961,None kPa,N/A,18217,['C'],A,Low Temperature Adiabatic Cyrostat,"origin: commercial source,99.8 % (total),stated by supplier",99.8,Not Specified %,1968
178.05,20.3091,0.0609274,None kPa,N/A,18217,['C'],A,Low Temperature Adiabatic Cyrostat,"origin: commercial source,99.8 % (total),stated by supplier",99.8,Not Specified %,1968
185.16,20.7694,0.0623081,None kPa,N/A,18217,['C'],A,Low Temperature Adiabatic Cyrostat,"origin: commercial source,99.8 % (total),stated by supplier",99.8,Not Specified %,1968
192.39,21.2003,0.063601,None kPa,N/A,18217,['C'],A,Low Temperature Adiabatic Cyrostat,"origin: commercial source,99.8 % (total),stated by supplier",99.8,Not Specified %,1968
199.59,21.5978,0.0647934,None kPa,N/A,18217,['C'],A,Low Temperature Adiabatic Cyrostat,"origin: commercial source,99.8 % (total),stated by supplier",99.8,Not Specified %,1968
206.49,21.9493,0.0658478,None kPa,N/A,18217,['C'],A,Low Temperature Adiabatic Cyrostat,"origin: commercial source,99.8 % (total),stated by supplier",99.8,Not Specified %,1968
213.18,22.2756,0.0668269,None kPa,N/A,18217,['C'],A,Low Temperature Adiabatic Cyrostat,"origin: commercial source,99.8 % (total),stated by supplier",99.8,Not Specified %,1968
220.2,22.5936,0.0677808,None kPa,N/A,18217,['C'],A,Low Temperature Adiabatic Cyrostat,"origin: commercial source,99.8 % (total),stated by supplier",99.8,Not Specified %,1968
227.58,22.8907,0.068672,None kPa,N/A,18217,['C'],A,Low Temperature Adiabatic Cyrostat,"origin: commercial source,99.8 % (total),stated by supplier",99.8,Not Specified %,1968
234.87,23.1752,0.0695255,None kPa,N/A,18217,['C'],A,Low Temperature Adiabatic Cyrostat,"origin: commercial source,99.8 % (total),stated by supplier",99.8,Not Specified %,1968
242.08,23.4513,0.070354,None kPa,N/A,18217,['C'],A,Low Temperature Adiabatic Cyrostat,"origin: commercial source,99.8 % (total),stated by supplier",99.8,Not Specified %,1968
249.21,23.694,0.071082,None kPa,N/A,18217,['C'],A,Low Temperature Adiabatic Cyrostat,"origin: commercial source,99.8 % (total),stated by supplier",99.8,Not Specified %,1968
226.28,22.8363,0.0685088,None kPa,N/A,18217,['C'],A,Low Temperature Adiabatic Cyrostat,"origin: commercial source,99.8 % (total),stated by supplier",99.8,Not Specified %,1968
233.8,23.1375,0.0694126,None kPa,N/A,18217,['C'],A,Low Temperature Adiabatic Cyrostat,"origin: commercial source,99.8 % (total),stated by supplier",99.8,Not Specified %,1968
241.22,23.4095,0.0702284,None kPa,N/A,18217,['C'],A,Low Temperature Adiabatic Cyrostat,"origin: commercial source,99.8 % (total),stated by supplier",99.8,Not Specified %,1968
248.51,23.6647,0.0709941,None kPa,N/A,18217,['C'],A,Low Temperature Adiabatic Cyrostat,"origin: commercial source,99.8 % (total),stated by supplier",99.8,Not Specified %,1968
255.72,23.9074,0.0717221,None kPa,N/A,18217,['C'],A,Low Temperature Adiabatic Cyrostat,"origin: commercial source,99.8 % (total),stated by supplier",99.8,Not Specified %,1968
262.84,24.1375,0.0724125,None kPa,N/A,18217,['C'],A,Low Temperature Adiabatic Cyrostat,"origin: commercial source,99.8 % (total),stated by supplier",99.8,Not Specified %,1968
269.86,24.3551,0.0730652,None kPa,N/A,18217,['C'],A,Low Temperature Adiabatic Cyrostat,"origin: commercial source,99.8 % (total),stated by supplier",99.8,Not Specified %,1968
276.86,24.5684,0.0737053,None kPa,N/A,18217,['C'],A,Low Temperature Adiabatic Cyrostat,"origin: commercial source,99.8 % (total),stated by supplier",99.8,Not Specified %,1968
283.83,24.7776,0.0743329,None kPa,N/A,18217,['C'],A,Low Temperature Adiabatic Cyrostat,"origin: commercial source,99.8 % (total),stated by supplier",99.8,Not Specified %,1968
290.71,24.9827,0.074948,None kPa,N/A,18217,['C'],A,Low Temperature Adiabatic Cyrostat,"origin: commercial source,99.8 % (total),stated by supplier",99.8,Not Specified %,1968
299.52,25.1877,0.075563,None kPa,N/A,18217,['C'],A,Low Temperature Adiabatic Cyrostat,"origin: commercial source,99.8 % (total),stated by supplier",99.8,Not Specified %,1968
80.0,8.66088,0.173218,1.33322e-05 kPa,N/A,21736,['C'],A,Vacuum adiabatic calorimetry,not stated,,,1974
200.0,21.5476,0.430952,None kPa,N/A,21736,['C'],A,Vacuum adiabatic calorimetry,not stated,,,1974
299.6,24.21,0.4842,3.54638 kPa,N/A,36792,['C'],A,Adiabatic calorimeter (non-vacuum) ,origin: commercial source,,,1964
312.3,24.35,0.487,None kPa,N/A,36792,['C'],A,Adiabatic calorimeter (non-vacuum) ,origin: commercial source,,,1964
321.7,24.96,0.4992,None kPa,N/A,36792,['C'],A,Adiabatic calorimeter (non-vacuum) ,origin: commercial source,,,1964
359.2,26.17,0.5234,None kPa,N/A,36792,['C'],A,Adiabatic calorimeter (non-vacuum) ,origin: commercial source,,,1964
368.3,26.58,0.5316,None kPa,N/A,36792,['C'],A,Adiabatic calorimeter (non-vacuum) ,origin: commercial source,,,1964
387.6,27.28,0.5456,None kPa,N/A,36792,['C'],A,Adiabatic calorimeter (non-vacuum) ,origin: commercial source,,,1964
396.6,27.08,0.5416,None kPa,N/A,36792,['C'],A,Adiabatic calorimeter (non-vacuum) ,origin: commercial source,,,1964
417.0,27.16,0.5432,None kPa,N/A,36792,['C'],A,Adiabatic calorimeter (non-vacuum) ,origin: commercial source,,,1964
471.3,29.0,0.58,None kPa,N/A,36792,['C'],A,Adiabatic calorimeter (non-vacuum) ,origin: commercial source,,,1964
491.6,29.62,0.5924,None kPa,N/A,36792,['C'],A,Adiabatic calorimeter (non-vacuum) ,origin: commercial source,,,1964
506.8,30.14,0.6028,None kPa,N/A,36792,['C'],A,Adiabatic calorimeter (non-vacuum) ,origin: commercial source,,,1964
527.0,30.27,0.6054,None kPa,N/A,36792,['C'],A,Adiabatic calorimeter (non-vacuum) ,origin: commercial source,,,1964
546.4,30.8,0.616,None kPa,N/A,36792,['C'],A,Adiabatic calorimeter (non-vacuum) ,origin: commercial source,,,1964
571.2,31.41,0.6282,None kPa,N/A,36792,['C'],A,Adiabatic calorimeter (non-vacuum) ,origin: commercial source,,,1964
592.0,32.04,0.6408,None kPa,N/A,36792,['C'],A,Adiabatic calorimeter (non-vacuum) ,origin: commercial source,,,1964
672.9,33.75,0.675,None kPa,N/A,36792,['C'],A,Adiabatic calorimeter (non-vacuum) ,origin: commercial source,,,1964
697.4,34.49,0.6898,None kPa,N/A,36792,['C'],A,Adiabatic calorimeter (non-vacuum) ,origin: commercial source,,,1964
722.9,35.09,0.7018,None kPa,N/A,36792,['C'],A,Adiabatic calorimeter (non-vacuum) ,origin: commercial source,,,1964
742.7,35.47,0.7094,None kPa,N/A,36792,['C'],A,Adiabatic calorimeter (non-vacuum) ,origin: commercial source,,,1964
758.6,35.85,0.717,None kPa,N/A,36792,['C'],A,Adiabatic calorimeter (non-vacuum) ,origin: commercial source,,,1964
783.4,36.66,0.7332,None kPa,N/A,36792,['C'],A,Adiabatic calorimeter (non-vacuum) ,origin: commercial source,,,1964
808.1,37.49,0.7498,None kPa,N/A,36792,['C'],A,Adiabatic calorimeter (non-vacuum) ,origin: commercial source,,,1964
818.9,38.1,0.762,None kPa,N/A,36792,['C'],A,Adiabatic calorimeter (non-vacuum) ,origin: commercial source,,,1964
854.1,40.1,0.802,None kPa,N/A,36792,['C'],A,Adiabatic calorimeter (non-vacuum) ,origin: commercial source,,,1964
869.2,40.67,0.8134,None kPa,N/A,36792,['C'],A,Adiabatic calorimeter (non-vacuum) ,origin: commercial source,,,1964
889.6,41.67,0.8334,None kPa,N/A,36792,['C'],A,Adiabatic calorimeter (non-vacuum) ,origin: commercial source,,,1964
904.6,43.01,0.8602,None kPa,N/A,36792,['C'],A,Adiabatic calorimeter (non-vacuum) ,origin: commercial source,,,1964
930.1,45.33,0.9066,None kPa,N/A,36792,['C'],A,Adiabatic calorimeter (non-vacuum) ,origin: commercial source,,,1964
944.8,46.66,0.9332,None kPa,N/A,36792,['C'],A,Adiabatic calorimeter (non-vacuum) ,origin: commercial source,,,1964
954.2,47.38,0.9476,None kPa,N/A,36792,['C'],A,Adiabatic calorimeter (non-vacuum) ,origin: commercial source,,,1964
974.8,49.02,0.9804,None kPa,N/A,36792,['C'],A,Adiabatic calorimeter (non-vacuum) ,origin: commercial source,,,1964
978.6,50.04,1.0008,None kPa,N/A,36792,['C'],A,Adiabatic calorimeter (non-vacuum) ,origin: commercial source,,,1964
979.7,50.58,1.0116,None kPa,N/A,36792,['C'],A,Adiabatic calorimeter (non-vacuum) ,origin: commercial source,,,1964
996.8,53.02,1.0604,None kPa,N/A,36792,['C'],A,Adiabatic calorimeter (non-vacuum) ,origin: commercial source,,,1964
1005.6,54.3,1.086,None kPa,N/A,36792,['C'],A,Adiabatic calorimeter (non-vacuum) ,origin: commercial source,,,1964
1011.4,55.67,1.1134,None kPa,N/A,36792,['C'],A,Adiabatic calorimeter (non-vacuum) ,origin: commercial source,,,1964
1012.0,56.43,1.1286,None kPa,N/A,36792,['C'],A,Adiabatic calorimeter (non-vacuum) ,origin: commercial source,,,1964
1016.7,58.65,1.173,None kPa,N/A,36792,['C'],A,Adiabatic calorimeter (non-vacuum) ,origin: commercial source,,,1964
1022.7,59.88,1.1976,None kPa,N/A,36792,['C'],A,Adiabatic calorimeter (non-vacuum) ,origin: commercial source,,,1964
1025.8,60.33,1.2066,None kPa,N/A,36792,['C'],A,Adiabatic calorimeter (non-vacuum) ,origin: commercial source,,,1964
1026.0,61.64,1.2328,None kPa,N/A,36792,['C'],A,Adiabatic calorimeter (non-vacuum) ,origin: commercial source,,,1964
1027.1,63.24,1.2648,None kPa,N/A,36792,['C'],A,Adiabatic calorimeter (non-vacuum) ,origin: commercial source,,,1964
1028.5,64.09,1.2818,None kPa,N/A,36792,['C'],A,Adiabatic calorimeter (non-vacuum) ,origin: commercial source,,,1964
1031.7,66.25,1.325,None kPa,N/A,36792,['C'],A,Adiabatic calorimeter (non-vacuum) ,origin: commercial source,,,1964
1036.2,68.01,1.3602,None kPa,N/A,36792,['C'],A,Adiabatic calorimeter (non-vacuum) ,origin: commercial source,,,1964
1035.7,68.49,1.3698,None kPa,N/A,36792,['C'],A,Adiabatic calorimeter (non-vacuum) ,origin: commercial source,,,1964
1034.5,70.31,1.4062,None kPa,N/A,36792,['C'],A,Adiabatic calorimeter (non-vacuum) ,origin: commercial source,,,1964
1037.9,71.53,1.4306,None kPa,N/A,36792,['C'],A,Adiabatic calorimeter (non-vacuum) ,origin: commercial source,,,1964
1042.9,71.33,1.4266,None kPa,N/A,36792,['C'],A,Adiabatic calorimeter (non-vacuum) ,origin: commercial source,,,1964
1038.8,72.72,1.4544,None kPa,N/A,36792,['C'],A,Adiabatic calorimeter (non-vacuum) ,origin: commercial source,,,1964
1039.3,74.51,1.4902,None kPa,N/A,36792,['C'],A,Adiabatic calorimeter (non-vacuum) ,origin: commercial source,,,1964
1039.5,75.06,1.5012,None kPa,N/A,36792,['C'],A,Adiabatic calorimeter (non-vacuum) ,origin: commercial source,,,1964
1044.1,66.38,1.3276,None kPa,N/A,36792,['C'],A,Adiabatic calorimeter (non-vacuum) ,origin: commercial source,,,1964
1043.5,63.82,1.2764,None kPa,N/A,36792,['C'],A,Adiabatic calorimeter (non-vacuum) ,origin: commercial source,,,1964
1042.5,61.34,1.2268,None kPa,N/A,36792,['C'],A,Adiabatic calorimeter (non-vacuum) ,origin: commercial source,,,1964
1044.2,60.62,1.2124,None kPa,N/A,36792,['C'],A,Adiabatic calorimeter (non-vacuum) ,origin: commercial source,,,1964
1045.0,58.85,1.177,None kPa,N/A,36792,['C'],A,Adiabatic calorimeter (non-vacuum) ,origin: commercial source,,,1964
1047.1,58.0,1.16,None kPa,N/A,36792,['C'],A,Adiabatic calorimeter (non-vacuum) ,origin: commercial source,,,1964
1055.7,51.36,1.0272,None kPa,N/A,36792,['C'],A,Adiabatic calorimeter (non-vacuum) ,origin: commercial source,,,1964
1061.8,48.89,0.9778,None kPa,N/A,36792,['C'],A,Adiabatic calorimeter (non-vacuum) ,origin: commercial source,,,1964
1070.3,48.65,0.973,None kPa,N/A,36792,['C'],A,Adiabatic calorimeter (non-vacuum) ,origin: commercial source,,,1964
1074.9,48.05,0.961,None kPa,N/A,36792,['C'],A,Adiabatic calorimeter (non-vacuum) ,origin: commercial source,,,1964
1080.6,45.97,0.9194,None kPa,N/A,36792,['C'],A,Adiabatic calorimeter (non-vacuum) ,origin: commercial source,,,1964
1145.8,41.6,0.832,None kPa,N/A,36792,['C'],A,Adiabatic calorimeter (non-vacuum) ,origin: commercial source,,,1964
1144.2,40.59,0.8118,None kPa,N/A,36792,['C'],A,Adiabatic calorimeter (non-vacuum) ,origin: commercial source,,,1964
1163.3,40.59,0.8118,None kPa,N/A,36792,['C'],A,Adiabatic calorimeter (non-vacuum) ,origin: commercial source,,,1964
1179.9,40.76,0.8152,None kPa,N/A,36792,['C'],A,Adiabatic calorimeter (non-vacuum) ,origin: commercial source,,,1964
1181.6,40.16,0.8032,None kPa,N/A,36792,['C'],A,Adiabatic calorimeter (non-vacuum) ,origin: commercial source,,,1964
1201.1,33.5,0.67,None kPa,N/A,36792,['C'],A,Adiabatic calorimeter (non-vacuum) ,origin: commercial source,,,1964
1216.4,33.65,0.673,None kPa,N/A,36792,['C'],A,Adiabatic calorimeter (non-vacuum) ,origin: commercial source,,,1964
1210.1,33.14,0.6628,None kPa,N/A,36792,['C'],A,Adiabatic calorimeter (non-vacuum) ,origin: commercial source,,,1964
1190.4,29.51,0.5902,None kPa,N/A,36792,['C'],A,Adiabatic calorimeter (non-vacuum) ,origin: commercial source,,,1964
1240.8,33.04,0.6608,None kPa,N/A,36792,['C'],A,Adiabatic calorimeter (non-vacuum) ,origin: commercial source,,,1964
1254.5,33.69,0.6738,None kPa,N/A,36792,['C'],A,Adiabatic calorimeter (non-vacuum) ,origin: commercial source,,,1964
1261.3,33.41,0.6682,None kPa,N/A,36792,['C'],A,Adiabatic calorimeter (non-vacuum) ,origin: commercial source,,,1964
1265.7,34.05,0.681,None kPa,N/A,36792,['C'],A,Adiabatic calorimeter (non-vacuum) ,origin: commercial source,,,1964
1285.5,33.9,0.678,None kPa,N/A,36792,['C'],A,Adiabatic calorimeter (non-vacuum) ,origin: commercial source,,,1964
1284.5,33.45,0.669,None kPa,N/A,36792,['C'],A,Adiabatic calorimeter (non-vacuum) ,origin: commercial source,,,1964
1300.1,33.84,0.6768,None kPa,N/A,36792,['C'],A,Adiabatic calorimeter (non-vacuum) ,origin: commercial source,,,1964
1301.4,33.46,0.6692,None kPa,N/A,36792,['C'],A,Adiabatic calorimeter (non-vacuum) ,origin: commercial source,,,1964
1315.7,33.65,0.673,None kPa,N/A,36792,['C'],A,Adiabatic calorimeter (non-vacuum) ,origin: commercial source,,,1964
1335.9,33.84,0.6768,None kPa,N/A,36792,['C'],A,Adiabatic calorimeter (non-vacuum) ,origin: commercial source,,,1964
1335.9,34.58,0.6916,None kPa,N/A,36792,['C'],A,Adiabatic calorimeter (non-vacuum) ,origin: commercial source,,,1964
1351.5,34.58,0.6916,None kPa,N/A,36792,['C'],A,Adiabatic calorimeter (non-vacuum) ,origin: commercial source,,,1964
1356.9,34.25,0.685,None kPa,N/A,36792,['C'],A,Adiabatic calorimeter (non-vacuum) ,origin: commercial source,,,1964
1401.9,34.79,0.6958,None kPa,N/A,36792,['C'],A,Adiabatic calorimeter (non-vacuum) ,origin: commercial source,,,1964
1430.8,34.3,0.686,None kPa,N/A,36792,['C'],A,Adiabatic calorimeter (non-vacuum) ,origin: commercial source,,,1964
1436.1,34.88,0.6976,None kPa,N/A,36792,['C'],A,Adiabatic calorimeter (non-vacuum) ,origin: commercial source,,,1964
1455.8,35.21,0.7042,None kPa,N/A,36792,['C'],A,Adiabatic calorimeter (non-vacuum) ,origin: commercial source,,,1964
1475.2,35.07,0.7014,None kPa,N/A,36792,['C'],A,Adiabatic calorimeter (non-vacuum) ,origin: commercial source,,,1964
1515.6,35.53,0.7106,None kPa,N/A,36792,['C'],A,Adiabatic calorimeter (non-vacuum) ,origin: commercial source,,,1964
1526.2,35.69,0.7138,None kPa,N/A,36792,['C'],A,Adiabatic calorimeter (non-vacuum) ,origin: commercial source,,,1964
1545.1,36.1,0.722,None kPa,N/A,36792,['C'],A,Adiabatic calorimeter (non-vacuum) ,origin: commercial source,,,1964
1591.6,35.96,0.7192,None kPa,N/A,36792,['C'],A,Adiabatic calorimeter (non-vacuum) ,origin: commercial source,,,1964
1596.2,36.28,0.7256,None kPa,N/A,36792,['C'],A,Adiabatic calorimeter (non-vacuum) ,origin: commercial source,,,1964
1635.9,36.63,0.7326,None kPa,N/A,36792,['C'],A,Adiabatic calorimeter (non-vacuum) ,origin: commercial source,,,1964
1655.8,36.84,0.7368,None kPa,N/A,36792,['C'],A,Adiabatic calorimeter (non-vacuum) ,origin: commercial source,,,1964
1657.3,36.38,0.7276,None kPa,N/A,36792,['C'],A,Adiabatic calorimeter (non-vacuum) ,origin: commercial source,,,1964
1677.7,32.94,0.6588,None kPa,N/A,36792,['C'],A,Adiabatic calorimeter (non-vacuum) ,origin: commercial source,,,1964
1677.4,33.58,0.6716,None kPa,N/A,36792,['C'],A,Adiabatic calorimeter (non-vacuum) ,origin: commercial source,,,1964
1678.8,35.34,0.7068,None kPa,N/A,36792,['C'],A,Adiabatic calorimeter (non-vacuum) ,origin: commercial source,,,1964
1679.1,37.56,0.7512,None kPa,N/A,36792,['C'],A,Adiabatic calorimeter (non-vacuum) ,origin: commercial source,,,1964
1684.5,38.49,0.7698,None kPa,N/A,36792,['C'],A,Adiabatic calorimeter (non-vacuum) ,origin: commercial source,,,1964
1687.1,39.25,0.785,None kPa,N/A,36792,['C'],A,Adiabatic calorimeter (non-vacuum) ,origin: commercial source,,,1964
1691.9,39.75,0.795,None kPa,N/A,36792,['C'],A,Adiabatic calorimeter (non-vacuum) ,origin: commercial source,,,1964
1704.9,39.86,0.7972,None kPa,N/A,36792,['C'],A,Adiabatic calorimeter (non-vacuum) ,origin: commercial source,,,1964
1741.3,40.82,0.8164,None kPa,N/A,36792,['C'],A,Adiabatic calorimeter (non-vacuum) ,origin: commercial source,,,1964
1750.7,40.85,0.817,None kPa,N/A,36792,['C'],A,Adiabatic calorimeter (non-vacuum) ,origin: commercial source,,,1964
1769.8,40.91,0.8182,None kPa,N/A,36792,['C'],A,Adiabatic calorimeter (non-vacuum) ,origin: commercial source,,,1964
340.8,25.15,0.503,3.54638 kPa,N/A,36793,['C'],A,Adiabatic calorimeter (non-vacuum) ,"origin: commercial source,99.9303 weight %,estimated by the compiler",99.9303,Weight %,1964
382.1,26.77,0.5354,None kPa,N/A,36793,['C'],A,Adiabatic calorimeter (non-vacuum) ,"origin: commercial source,99.9303 weight %,estimated by the compiler",99.9303,Weight %,1964
450.6,28.13,0.5626,None kPa,N/A,36793,['C'],A,Adiabatic calorimeter (non-vacuum) ,"origin: commercial source,99.9303 weight %,estimated by the compiler",99.9303,Weight %,1964
641.1,33.15,0.663,None kPa,N/A,36793,['C'],A,Adiabatic calorimeter (non-vacuum) ,"origin: commercial source,99.9303 weight %,estimated by the compiler",99.9303,Weight %,1964
771.2,36.22,0.7244,None kPa,N/A,36793,['C'],A,Adiabatic calorimeter (non-vacuum) ,"origin: commercial source,99.9303 weight %,estimated by the compiler",99.9303,Weight %,1964
839.4,39.53,0.7906,None kPa,N/A,36793,['C'],A,Adiabatic calorimeter (non-vacuum) ,"origin: commercial source,99.9303 weight %,estimated by the compiler",99.9303,Weight %,1964
923.1,43.46,0.8692,None kPa,N/A,36793,['C'],A,Adiabatic calorimeter (non-vacuum) ,"origin: commercial source,99.9303 weight %,estimated by the compiler",99.9303,Weight %,1964
966.8,48.32,0.9664,None kPa,N/A,36793,['C'],A,Adiabatic calorimeter (non-vacuum) ,"origin: commercial source,99.9303 weight %,estimated by the compiler",99.9303,Weight %,1964
965.8,48.62,0.9724,None kPa,N/A,36793,['C'],A,Adiabatic calorimeter (non-vacuum) ,"origin: commercial source,99.9303 weight %,estimated by the compiler",99.9303,Weight %,1964
989.0,51.59,1.0318,None kPa,N/A,36793,['C'],A,Adiabatic calorimeter (non-vacuum) ,"origin: commercial source,99.9303 weight %,estimated by the compiler",99.9303,Weight %,1964
1002.1,54.76,1.0952,None kPa,N/A,36793,['C'],A,Adiabatic calorimeter (non-vacuum) ,"origin: commercial source,99.9303 weight %,estimated by the compiler",99.9303,Weight %,1964
1017.1,59.08,1.1816,None kPa,N/A,36793,['C'],A,Adiabatic calorimeter (non-vacuum) ,"origin: commercial source,99.9303 weight %,estimated by the compiler",99.9303,Weight %,1964
1031.6,67.02,1.3404,None kPa,N/A,36793,['C'],A,Adiabatic calorimeter (non-vacuum) ,"origin: commercial source,99.9303 weight %,estimated by the compiler",99.9303,Weight %,1964
1046.3,56.95,1.139,None kPa,N/A,36793,['C'],A,Adiabatic calorimeter (non-vacuum) ,"origin: commercial source,99.9303 weight %,estimated by the compiler",99.9303,Weight %,1964
1050.1,54.43,1.0886,None kPa,N/A,36793,['C'],A,Adiabatic calorimeter (non-vacuum) ,"origin: commercial source,99.9303 weight %,estimated by the compiler",99.9303,Weight %,1964
1051.9,52.98,1.0596,None kPa,N/A,36793,['C'],A,Adiabatic calorimeter (non-vacuum) ,"origin: commercial source,99.9303 weight %,estimated by the compiler",99.9303,Weight %,1964
1052.9,52.61,1.0522,None kPa,N/A,36793,['C'],A,Adiabatic calorimeter (non-vacuum) ,"origin: commercial source,99.9303 weight %,estimated by the compiler",99.9303,Weight %,1964
1063.8,49.46,0.9892,None kPa,N/A,36793,['C'],A,Adiabatic calorimeter (non-vacuum) ,"origin: commercial source,99.9303 weight %,estimated by the compiler",99.9303,Weight %,1964
1072.3,47.27,0.9454,None kPa,N/A,36793,['C'],A,Adiabatic calorimeter (non-vacuum) ,"origin: commercial source,99.9303 weight %,estimated by the compiler",99.9303,Weight %,1964
1079.6,46.84,0.9368,None kPa,N/A,36793,['C'],A,Adiabatic calorimeter (non-vacuum) ,"origin: commercial source,99.9303 weight %,estimated by the compiler",99.9303,Weight %,1964
1090.5,45.45,0.909,None kPa,N/A,36793,['C'],A,Adiabatic calorimeter (non-vacuum) ,"origin: commercial source,99.9303 weight %,estimated by the compiler",99.9303,Weight %,1964
1096.8,44.64,0.8928,None kPa,N/A,36793,['C'],A,Adiabatic calorimeter (non-vacuum) ,"origin: commercial source,99.9303 weight %,estimated by the compiler",99.9303,Weight %,1964
1105.6,43.46,0.8692,None kPa,N/A,36793,['C'],A,Adiabatic calorimeter (non-vacuum) ,"origin: commercial source,99.9303 weight %,estimated by the compiler",99.9303,Weight %,1964
1115.9,43.34,0.8668,None kPa,N/A,36793,['C'],A,Adiabatic calorimeter (non-vacuum) ,"origin: commercial source,99.9303 weight %,estimated by the compiler",99.9303,Weight %,1964
1109.5,43.07,0.8614,None kPa,N/A,36793,['C'],A,Adiabatic calorimeter (non-vacuum) ,"origin: commercial source,99.9303 weight %,estimated by the compiler",99.9303,Weight %,1964
1087.5,44.78,0.8956,None kPa,N/A,36793,['C'],A,Adiabatic calorimeter (non-vacuum) ,"origin: commercial source,99.9303 weight %,estimated by the compiler",99.9303,Weight %,1964
1098.6,45.02,0.9004,None kPa,N/A,36793,['C'],A,Adiabatic calorimeter (non-vacuum) ,"origin: commercial source,99.9303 weight %,estimated by the compiler",99.9303,Weight %,1964
1121.8,41.6,0.832,None kPa,N/A,36793,['C'],A,Adiabatic calorimeter (non-vacuum) ,"origin: commercial source,99.9303 weight %,estimated by the compiler",99.9303,Weight %,1964
1153.8,41.0,0.82,None kPa,N/A,36793,['C'],A,Adiabatic calorimeter (non-vacuum) ,"origin: commercial source,99.9303 weight %,estimated by the compiler",99.9303,Weight %,1964
1166.6,40.0,0.8,None kPa,N/A,36793,['C'],A,Adiabatic calorimeter (non-vacuum) ,"origin: commercial source,99.9303 weight %,estimated by the compiler",99.9303,Weight %,1964
1181.0,39.73,0.7946,None kPa,N/A,36793,['C'],A,Adiabatic calorimeter (non-vacuum) ,"origin: commercial source,99.9303 weight %,estimated by the compiler",99.9303,Weight %,1964
1200.3,31.97,0.6394,None kPa,N/A,36793,['C'],A,Adiabatic calorimeter (non-vacuum) ,"origin: commercial source,99.9303 weight %,estimated by the compiler",99.9303,Weight %,1964
1218.2,32.07,0.6414,None kPa,N/A,36793,['C'],A,Adiabatic calorimeter (non-vacuum) ,"origin: commercial source,99.9303 weight %,estimated by the compiler",99.9303,Weight %,1964
1260.4,33.08,0.6616,None kPa,N/A,36793,['C'],A,Adiabatic calorimeter (non-vacuum) ,"origin: commercial source,99.9303 weight %,estimated by the compiler",99.9303,Weight %,1964
1228.6,34.0,0.68,None kPa,N/A,36793,['C'],A,Adiabatic calorimeter (non-vacuum) ,"origin: commercial source,99.9303 weight %,estimated by the compiler",99.9303,Weight %,1964
1225.3,33.07,0.6614,None kPa,N/A,36793,['C'],A,Adiabatic calorimeter (non-vacuum) ,"origin: commercial source,99.9303 weight %,estimated by the compiler",99.9303,Weight %,1964
1232.5,33.49,0.6698,None kPa,N/A,36793,['C'],A,Adiabatic calorimeter (non-vacuum) ,"origin: commercial source,99.9303 weight %,estimated by the compiler",99.9303,Weight %,1964
1380.5,34.2,0.684,None kPa,N/A,36793,['C'],A,Adiabatic calorimeter (non-vacuum) ,"origin: commercial source,99.9303 weight %,estimated by the compiler",99.9303,Weight %,1964
1396.8,34.33,0.6866,None kPa,N/A,36793,['C'],A,Adiabatic calorimeter (non-vacuum) ,"origin: commercial source,99.9303 weight %,estimated by the compiler",99.9303,Weight %,1964
1420.8,34.74,0.6948,None kPa,N/A,36793,['C'],A,Adiabatic calorimeter (non-vacuum) ,"origin: commercial source,99.9303 weight %,estimated by the compiler",99.9303,Weight %,1964
1499.6,34.83,0.6966,None kPa,N/A,36793,['C'],A,Adiabatic calorimeter (non-vacuum) ,"origin: commercial source,99.9303 weight %,estimated by the compiler",99.9303,Weight %,1964
1561.4,35.76,0.7152,None kPa,N/A,36793,['C'],A,Adiabatic calorimeter (non-vacuum) ,"origin: commercial source,99.9303 weight %,estimated by the compiler",99.9303,Weight %,1964
1642.6,36.25,0.725,None kPa,N/A,36793,['C'],A,Adiabatic calorimeter (non-vacuum) ,"origin: commercial source,99.9303 weight %,estimated by the compiler",99.9303,Weight %,1964
1708.5,40.17,0.8034,None kPa,N/A,36793,['C'],A,Adiabatic calorimeter (non-vacuum) ,"origin: commercial source,99.9303 weight %,estimated by the compiler",99.9303,Weight %,1964
1721.5,40.9,0.818,None kPa,N/A,36793,['C'],A,Adiabatic calorimeter (non-vacuum) ,"origin: commercial source,99.9303 weight %,estimated by the compiler",99.9303,Weight %,1964
1728.6,40.27,0.8054,None kPa,N/A,36793,['C'],A,Adiabatic calorimeter (non-vacuum) ,"origin: commercial source,99.9303 weight %,estimated by the compiler",99.9303,Weight %,1964
