Temperature: K,Heat capacity at constant pressure Cp: J/K/mol,Uncertainty,Pressure,Ref Temp,Data Set ID,State,Representation,Method,Description,Purity,Purity Units,Year
15,1.42256,0.0213384,0.266645 kPa,N/A,2837,['C'],A,Vacuum adiabatic calorimetry,origin: commercial source,,,1928
20,2.25936,0.0180749,None kPa,N/A,2837,['C'],A,Vacuum adiabatic calorimetry,origin: commercial source,,,1928
30,4.85344,0.0388275,None kPa,N/A,2837,['C'],A,Vacuum adiabatic calorimetry,origin: commercial source,,,1928
40,7.9496,0.0635968,None kPa,N/A,2837,['C'],A,Vacuum adiabatic calorimetry,origin: commercial source,,,1928
50,10.3763,0.0830106,None kPa,N/A,2837,['C'],A,Vacuum adiabatic calorimetry,origin: commercial source,,,1928
60,12.803,0.102424,None kPa,N/A,2837,['C'],A,Vacuum adiabatic calorimetry,origin: commercial source,,,1928
80,17.3636,0.138909,None kPa,N/A,2837,['C'],A,Vacuum adiabatic calorimetry,origin: commercial source,,,1928
100,19.5393,0.0586178,None kPa,N/A,2837,['C'],A,Vacuum adiabatic calorimetry,origin: commercial source,,,1928
120,20.7945,0.0623834,None kPa,N/A,2837,['C'],A,Vacuum adiabatic calorimetry,origin: commercial source,,,1928
140,22.0078,0.0660235,None kPa,N/A,2837,['C'],A,Vacuum adiabatic calorimetry,origin: commercial source,,,1928
160,23.3049,0.0699146,None kPa,N/A,2837,['C'],A,Vacuum adiabatic calorimetry,origin: commercial source,,,1928
180,24.0998,0.0722995,None kPa,N/A,2837,['C'],A,Vacuum adiabatic calorimetry,origin: commercial source,,,1928
200,24.5182,0.0735547,None kPa,N/A,2837,['C'],A,Vacuum adiabatic calorimetry,origin: commercial source,,,1928
0.3532,7.34E-05,2.94E-06,None kPa,N/A,10500,['C'],A,Low temperature calorimetry set up,"origin: commercial source,99.999 % (total),stated by supplier,ingot",99.999,Not Specified %,1958
0.3535,7.44E-05,2.98E-06,None kPa,N/A,10500,['C'],A,Low temperature calorimetry set up,"origin: commercial source,99.999 % (total),stated by supplier,ingot",99.999,Not Specified %,1958
0.3567,7.61E-05,3.04E-06,None kPa,N/A,10500,['C'],A,Low temperature calorimetry set up,"origin: commercial source,99.999 % (total),stated by supplier,ingot",99.999,Not Specified %,1958
0.3601,8.01E-05,3.20E-06,None kPa,N/A,10500,['C'],A,Low temperature calorimetry set up,"origin: commercial source,99.999 % (total),stated by supplier,ingot",99.999,Not Specified %,1958
0.3712,9.14E-05,3.66E-06,None kPa,N/A,10500,['C'],A,Low temperature calorimetry set up,"origin: commercial source,99.999 % (total),stated by supplier,ingot",99.999,Not Specified %,1958
0.375,9.57E-05,3.83E-06,None kPa,N/A,10500,['C'],A,Low temperature calorimetry set up,"origin: commercial source,99.999 % (total),stated by supplier,ingot",99.999,Not Specified %,1958
0.3926,0.0001108,4.43E-06,None kPa,N/A,10500,['C'],A,Low temperature calorimetry set up,"origin: commercial source,99.999 % (total),stated by supplier,ingot",99.999,Not Specified %,1958
0.3997,0.0001203,4.81E-06,None kPa,N/A,10500,['C'],A,Low temperature calorimetry set up,"origin: commercial source,99.999 % (total),stated by supplier,ingot",99.999,Not Specified %,1958
0.403,0.0001221,4.88E-06,None kPa,N/A,10500,['C'],A,Low temperature calorimetry set up,"origin: commercial source,99.999 % (total),stated by supplier,ingot",99.999,Not Specified %,1958
0.4057,0.0001257,5.03E-06,None kPa,N/A,10500,['C'],A,Low temperature calorimetry set up,"origin: commercial source,99.999 % (total),stated by supplier,ingot",99.999,Not Specified %,1958
0.4204,0.0001403,5.61E-06,None kPa,N/A,10500,['C'],A,Low temperature calorimetry set up,"origin: commercial source,99.999 % (total),stated by supplier,ingot",99.999,Not Specified %,1958
0.4363,0.0001673,6.69E-06,None kPa,N/A,10500,['C'],A,Low temperature calorimetry set up,"origin: commercial source,99.999 % (total),stated by supplier,ingot",99.999,Not Specified %,1958
0.4387,0.0001659,6.64E-06,None kPa,N/A,10500,['C'],A,Low temperature calorimetry set up,"origin: commercial source,99.999 % (total),stated by supplier,ingot",99.999,Not Specified %,1958
0.445,0.0001726,6.90E-06,None kPa,N/A,10500,['C'],A,Low temperature calorimetry set up,"origin: commercial source,99.999 % (total),stated by supplier,ingot",99.999,Not Specified %,1958
0.4657,0.000202,8.08E-06,None kPa,N/A,10500,['C'],A,Low temperature calorimetry set up,"origin: commercial source,99.999 % (total),stated by supplier,ingot",99.999,Not Specified %,1958
0.469,0.000204,8.16E-06,None kPa,N/A,10500,['C'],A,Low temperature calorimetry set up,"origin: commercial source,99.999 % (total),stated by supplier,ingot",99.999,Not Specified %,1958
0.4821,0.000221,8.84E-06,None kPa,N/A,10500,['C'],A,Low temperature calorimetry set up,"origin: commercial source,99.999 % (total),stated by supplier,ingot",99.999,Not Specified %,1958
0.4855,0.000228,9.12E-06,None kPa,N/A,10500,['C'],A,Low temperature calorimetry set up,"origin: commercial source,99.999 % (total),stated by supplier,ingot",99.999,Not Specified %,1958
0.4886,0.000232,9.28E-06,None kPa,N/A,10500,['C'],A,Low temperature calorimetry set up,"origin: commercial source,99.999 % (total),stated by supplier,ingot",99.999,Not Specified %,1958
0.5103,0.000262,1.05E-05,None kPa,N/A,10500,['C'],A,Low temperature calorimetry set up,"origin: commercial source,99.999 % (total),stated by supplier,ingot",99.999,Not Specified %,1958
0.5138,0.000266,1.06E-05,None kPa,N/A,10500,['C'],A,Low temperature calorimetry set up,"origin: commercial source,99.999 % (total),stated by supplier,ingot",99.999,Not Specified %,1958
0.537,0.000302,1.21E-05,None kPa,N/A,10500,['C'],A,Low temperature calorimetry set up,"origin: commercial source,99.999 % (total),stated by supplier,ingot",99.999,Not Specified %,1958
0.5402,0.00031,1.24E-05,None kPa,N/A,10500,['C'],A,Low temperature calorimetry set up,"origin: commercial source,99.999 % (total),stated by supplier,ingot",99.999,Not Specified %,1958
0.5434,0.00031,1.24E-05,None kPa,N/A,10500,['C'],A,Low temperature calorimetry set up,"origin: commercial source,99.999 % (total),stated by supplier,ingot",99.999,Not Specified %,1958
0.5723,0.000364,1.46E-05,None kPa,N/A,10500,['C'],A,Low temperature calorimetry set up,"origin: commercial source,99.999 % (total),stated by supplier,ingot",99.999,Not Specified %,1958
0.5753,0.000365,1.46E-05,None kPa,N/A,10500,['C'],A,Low temperature calorimetry set up,"origin: commercial source,99.999 % (total),stated by supplier,ingot",99.999,Not Specified %,1958
0.6028,0.00042,1.68E-05,None kPa,N/A,10500,['C'],A,Low temperature calorimetry set up,"origin: commercial source,99.999 % (total),stated by supplier,ingot",99.999,Not Specified %,1958
0.6064,0.00043,1.72E-05,None kPa,N/A,10500,['C'],A,Low temperature calorimetry set up,"origin: commercial source,99.999 % (total),stated by supplier,ingot",99.999,Not Specified %,1958
0.6268,0.000466,1.86E-05,None kPa,N/A,10500,['C'],A,Low temperature calorimetry set up,"origin: commercial source,99.999 % (total),stated by supplier,ingot",99.999,Not Specified %,1958
0.6357,0.000483,1.93E-05,None kPa,N/A,10500,['C'],A,Low temperature calorimetry set up,"origin: commercial source,99.999 % (total),stated by supplier,ingot",99.999,Not Specified %,1958
0.6559,0.000515,2.06E-05,None kPa,N/A,10500,['C'],A,Low temperature calorimetry set up,"origin: commercial source,99.999 % (total),stated by supplier,ingot",99.999,Not Specified %,1958
0.6745,0.00056,2.24E-05,None kPa,N/A,10500,['C'],A,Low temperature calorimetry set up,"origin: commercial source,99.999 % (total),stated by supplier,ingot",99.999,Not Specified %,1958
0.6902,0.000592,2.37E-05,None kPa,N/A,10500,['C'],A,Low temperature calorimetry set up,"origin: commercial source,99.999 % (total),stated by supplier,ingot",99.999,Not Specified %,1958
0.6965,0.000606,2.42E-05,None kPa,N/A,10500,['C'],A,Low temperature calorimetry set up,"origin: commercial source,99.999 % (total),stated by supplier,ingot",99.999,Not Specified %,1958
0.7215,0.000661,2.64E-05,None kPa,N/A,10500,['C'],A,Low temperature calorimetry set up,"origin: commercial source,99.999 % (total),stated by supplier,ingot",99.999,Not Specified %,1958
0.7366,0.000697,2.79E-05,None kPa,N/A,10500,['C'],A,Low temperature calorimetry set up,"origin: commercial source,99.999 % (total),stated by supplier,ingot",99.999,Not Specified %,1958
0.7565,0.000741,2.96E-05,None kPa,N/A,10500,['C'],A,Low temperature calorimetry set up,"origin: commercial source,99.999 % (total),stated by supplier,ingot",99.999,Not Specified %,1958
0.7631,0.000758,3.03E-05,None kPa,N/A,10500,['C'],A,Low temperature calorimetry set up,"origin: commercial source,99.999 % (total),stated by supplier,ingot",99.999,Not Specified %,1958
0.7882,0.000821,3.28E-05,None kPa,N/A,10500,['C'],A,Low temperature calorimetry set up,"origin: commercial source,99.999 % (total),stated by supplier,ingot",99.999,Not Specified %,1958
0.8411,0.000937,3.75E-05,None kPa,N/A,10500,['C'],A,Low temperature calorimetry set up,"origin: commercial source,99.999 % (total),stated by supplier,ingot",99.999,Not Specified %,1958
0.8522,0.000975,3.90E-05,None kPa,N/A,10500,['C'],A,Low temperature calorimetry set up,"origin: commercial source,99.999 % (total),stated by supplier,ingot",99.999,Not Specified %,1958
0.8616,0.001004,4.02E-05,None kPa,N/A,10500,['C'],A,Low temperature calorimetry set up,"origin: commercial source,99.999 % (total),stated by supplier,ingot",99.999,Not Specified %,1958
0.8867,0.001067,4.27E-05,None kPa,N/A,10500,['C'],A,Low temperature calorimetry set up,"origin: commercial source,99.999 % (total),stated by supplier,ingot",99.999,Not Specified %,1958
0.9015,0.001124,4.50E-05,None kPa,N/A,10500,['C'],A,Low temperature calorimetry set up,"origin: commercial source,99.999 % (total),stated by supplier,ingot",99.999,Not Specified %,1958
0.9259,0.001168,4.67E-05,None kPa,N/A,10500,['C'],A,Low temperature calorimetry set up,"origin: commercial source,99.999 % (total),stated by supplier,ingot",99.999,Not Specified %,1958
0.9615,0.001287,5.15E-05,None kPa,N/A,10500,['C'],A,Low temperature calorimetry set up,"origin: commercial source,99.999 % (total),stated by supplier,ingot",99.999,Not Specified %,1958
0.9769,0.001323,5.29E-05,None kPa,N/A,10500,['C'],A,Low temperature calorimetry set up,"origin: commercial source,99.999 % (total),stated by supplier,ingot",99.999,Not Specified %,1958
1.012,0.001432,5.73E-05,None kPa,N/A,10500,['C'],A,Low temperature calorimetry set up,"origin: commercial source,99.999 % (total),stated by supplier,ingot",99.999,Not Specified %,1958
1.028,0.001476,5.90E-05,None kPa,N/A,10500,['C'],A,Low temperature calorimetry set up,"origin: commercial source,99.999 % (total),stated by supplier,ingot",99.999,Not Specified %,1958
1.041,0.001508,6.03E-05,None kPa,N/A,10500,['C'],A,Low temperature calorimetry set up,"origin: commercial source,99.999 % (total),stated by supplier,ingot",99.999,Not Specified %,1958
1.052,0.001536,6.14E-05,None kPa,N/A,10500,['C'],A,Low temperature calorimetry set up,"origin: commercial source,99.999 % (total),stated by supplier,ingot",99.999,Not Specified %,1958
1.056,0.001557,6.23E-05,None kPa,N/A,10500,['C'],A,Low temperature calorimetry set up,"origin: commercial source,99.999 % (total),stated by supplier,ingot",99.999,Not Specified %,1958
1.061,0.00159,6.36E-05,None kPa,N/A,10500,['C'],A,Low temperature calorimetry set up,"origin: commercial source,99.999 % (total),stated by supplier,ingot",99.999,Not Specified %,1958
1.07,0.001599,6.40E-05,None kPa,N/A,10500,['C'],A,Low temperature calorimetry set up,"origin: commercial source,99.999 % (total),stated by supplier,ingot",99.999,Not Specified %,1958
1.074,0.00162,6.48E-05,None kPa,N/A,10500,['C'],A,Low temperature calorimetry set up,"origin: commercial source,99.999 % (total),stated by supplier,ingot",99.999,Not Specified %,1958
1.091,0.00104,4.16E-05,None kPa,N/A,10501,['C'],A,Low temperature calorimetry set up,"origin: commercial source,99.999 % (total),stated by supplier,ingot",99.999,Not Specified %,1958
1.103,0.000748,2.99E-05,None kPa,N/A,10501,['C'],A,Low temperature calorimetry set up,"origin: commercial source,99.999 % (total),stated by supplier,ingot",99.999,Not Specified %,1958
1.124,0.000767,3.07E-05,None kPa,N/A,10501,['C'],A,Low temperature calorimetry set up,"origin: commercial source,99.999 % (total),stated by supplier,ingot",99.999,Not Specified %,1958
1.125,0.000762,3.05E-05,None kPa,N/A,10501,['C'],A,Low temperature calorimetry set up,"origin: commercial source,99.999 % (total),stated by supplier,ingot",99.999,Not Specified %,1958
1.15,0.000789,3.16E-05,None kPa,N/A,10501,['C'],A,Low temperature calorimetry set up,"origin: commercial source,99.999 % (total),stated by supplier,ingot",99.999,Not Specified %,1958
1.177,0.000808,3.23E-05,None kPa,N/A,10501,['C'],A,Low temperature calorimetry set up,"origin: commercial source,99.999 % (total),stated by supplier,ingot",99.999,Not Specified %,1958
1.199,0.00083,3.32E-05,None kPa,N/A,10501,['C'],A,Low temperature calorimetry set up,"origin: commercial source,99.999 % (total),stated by supplier,ingot",99.999,Not Specified %,1958
1.327,0.000935,3.74E-05,None kPa,N/A,10501,['C'],A,Low temperature calorimetry set up,"origin: commercial source,99.999 % (total),stated by supplier,ingot",99.999,Not Specified %,1958
1.359,0.000975,3.90E-05,None kPa,N/A,10501,['C'],A,Low temperature calorimetry set up,"origin: commercial source,99.999 % (total),stated by supplier,ingot",99.999,Not Specified %,1958
1.385,0.001001,4.00E-05,None kPa,N/A,10501,['C'],A,Low temperature calorimetry set up,"origin: commercial source,99.999 % (total),stated by supplier,ingot",99.999,Not Specified %,1958
1.63,0.001246,4.98E-05,None kPa,N/A,10501,['C'],A,Low temperature calorimetry set up,"origin: commercial source,99.999 % (total),stated by supplier,ingot",99.999,Not Specified %,1958
1.683,0.00131,5.24E-05,None kPa,N/A,10501,['C'],A,Low temperature calorimetry set up,"origin: commercial source,99.999 % (total),stated by supplier,ingot",99.999,Not Specified %,1958
1.94,0.001626,6.50E-05,None kPa,N/A,10501,['C'],A,Low temperature calorimetry set up,"origin: commercial source,99.999 % (total),stated by supplier,ingot",99.999,Not Specified %,1958
1.951,0.001645,6.58E-05,None kPa,N/A,10501,['C'],A,Low temperature calorimetry set up,"origin: commercial source,99.999 % (total),stated by supplier,ingot",99.999,Not Specified %,1958
2.264,0.00217,8.68E-05,None kPa,N/A,10501,['C'],A,Low temperature calorimetry set up,"origin: commercial source,99.999 % (total),stated by supplier,ingot",99.999,Not Specified %,1958
2.287,0.00217,8.68E-05,None kPa,N/A,10501,['C'],A,Low temperature calorimetry set up,"origin: commercial source,99.999 % (total),stated by supplier,ingot",99.999,Not Specified %,1958
2.308,0.0022,8.80E-05,None kPa,N/A,10501,['C'],A,Low temperature calorimetry set up,"origin: commercial source,99.999 % (total),stated by supplier,ingot",99.999,Not Specified %,1958
2.552,0.00265,0.000106,None kPa,N/A,10501,['C'],A,Low temperature calorimetry set up,"origin: commercial source,99.999 % (total),stated by supplier,ingot",99.999,Not Specified %,1958
2.577,0.0027,0.000108,None kPa,N/A,10501,['C'],A,Low temperature calorimetry set up,"origin: commercial source,99.999 % (total),stated by supplier,ingot",99.999,Not Specified %,1958
2.61,0.00274,0.0001096,None kPa,N/A,10501,['C'],A,Low temperature calorimetry set up,"origin: commercial source,99.999 % (total),stated by supplier,ingot",99.999,Not Specified %,1958
2.638,0.00283,0.0001132,None kPa,N/A,10501,['C'],A,Low temperature calorimetry set up,"origin: commercial source,99.999 % (total),stated by supplier,ingot",99.999,Not Specified %,1958
2.854,0.00332,0.0001328,None kPa,N/A,10501,['C'],A,Low temperature calorimetry set up,"origin: commercial source,99.999 % (total),stated by supplier,ingot",99.999,Not Specified %,1958
2.892,0.00344,0.0001376,None kPa,N/A,10501,['C'],A,Low temperature calorimetry set up,"origin: commercial source,99.999 % (total),stated by supplier,ingot",99.999,Not Specified %,1958
2.948,0.00354,0.0001416,None kPa,N/A,10501,['C'],A,Low temperature calorimetry set up,"origin: commercial source,99.999 % (total),stated by supplier,ingot",99.999,Not Specified %,1958
3.049,0.00382,0.0001528,None kPa,N/A,10501,['C'],A,Low temperature calorimetry set up,"origin: commercial source,99.999 % (total),stated by supplier,ingot",99.999,Not Specified %,1958
3.154,0.00408,0.0001632,None kPa,N/A,10501,['C'],A,Low temperature calorimetry set up,"origin: commercial source,99.999 % (total),stated by supplier,ingot",99.999,Not Specified %,1958
3.29,0.0045,0.00018,None kPa,N/A,10501,['C'],A,Low temperature calorimetry set up,"origin: commercial source,99.999 % (total),stated by supplier,ingot",99.999,Not Specified %,1958
3.458,0.00502,0.0002008,None kPa,N/A,10501,['C'],A,Low temperature calorimetry set up,"origin: commercial source,99.999 % (total),stated by supplier,ingot",99.999,Not Specified %,1958
3.577,0.00545,0.000218,None kPa,N/A,10501,['C'],A,Low temperature calorimetry set up,"origin: commercial source,99.999 % (total),stated by supplier,ingot",99.999,Not Specified %,1958
3.716,0.00598,0.0002392,None kPa,N/A,10501,['C'],A,Low temperature calorimetry set up,"origin: commercial source,99.999 % (total),stated by supplier,ingot",99.999,Not Specified %,1958
3.815,0.00641,0.0002564,None kPa,N/A,10501,['C'],A,Low temperature calorimetry set up,"origin: commercial source,99.999 % (total),stated by supplier,ingot",99.999,Not Specified %,1958
3.867,0.00663,0.0002652,None kPa,N/A,10501,['C'],A,Low temperature calorimetry set up,"origin: commercial source,99.999 % (total),stated by supplier,ingot",99.999,Not Specified %,1958
3.984,0.00715,0.000286,None kPa,N/A,10501,['C'],A,Low temperature calorimetry set up,"origin: commercial source,99.999 % (total),stated by supplier,ingot",99.999,Not Specified %,1958
4.06,0.00754,0.0003016,None kPa,N/A,10501,['C'],A,Low temperature calorimetry set up,"origin: commercial source,99.999 % (total),stated by supplier,ingot",99.999,Not Specified %,1958
4.143,0.0079,0.000316,None kPa,N/A,10501,['C'],A,Low temperature calorimetry set up,"origin: commercial source,99.999 % (total),stated by supplier,ingot",99.999,Not Specified %,1958
4.227,0.00843,0.0003372,None kPa,N/A,10501,['C'],A,Low temperature calorimetry set up,"origin: commercial source,99.999 % (total),stated by supplier,ingot",99.999,Not Specified %,1958
4.309,0.00886,0.0003544,None kPa,N/A,10501,['C'],A,Low temperature calorimetry set up,"origin: commercial source,99.999 % (total),stated by supplier,ingot",99.999,Not Specified %,1958
4.378,0.00923,0.0003692,None kPa,N/A,10501,['C'],A,Low temperature calorimetry set up,"origin: commercial source,99.999 % (total),stated by supplier,ingot",99.999,Not Specified %,1958
5.8,0.04184,0.0014644,None kPa,N/A,10680,['C'],A,Vacuum adiabatic calorimetry,"origin: commercial source,99.95 % (total),stated by supplier",99.95,Not Specified %,1959
7.09,0.0476976,0.00166942,None kPa,N/A,10680,['C'],A,Vacuum adiabatic calorimetry,"origin: commercial source,99.95 % (total),stated by supplier",99.95,Not Specified %,1959
7.55,0.081588,0.00285767,None kPa,N/A,10680,['C'],A,Vacuum adiabatic calorimetry,"origin: commercial source,99.95 % (total),stated by supplier",99.95,Not Specified %,1959
8.22,0.104182,0.00364845,None kPa,N/A,10680,['C'],A,Vacuum adiabatic calorimetry,"origin: commercial source,99.95 % (total),stated by supplier",99.95,Not Specified %,1959
8.23,0.109621,0.00383673,None kPa,N/A,10680,['C'],A,Vacuum adiabatic calorimetry,"origin: commercial source,99.95 % (total),stated by supplier",99.95,Not Specified %,1959
9.23,0.174891,0.00610864,None kPa,N/A,10680,['C'],A,Vacuum adiabatic calorimetry,"origin: commercial source,99.95 % (total),stated by supplier",99.95,Not Specified %,1959
9.51,0.192464,0.00673624,None kPa,N/A,10680,['C'],A,Vacuum adiabatic calorimetry,"origin: commercial source,99.95 % (total),stated by supplier",99.95,Not Specified %,1959
10.15,0.283675,0.00426768,None kPa,N/A,10680,['C'],A,Vacuum adiabatic calorimetry,"origin: commercial source,99.95 % (total),stated by supplier",99.95,Not Specified %,1959
10.4,0.276562,0.00415053,None kPa,N/A,10680,['C'],A,Vacuum adiabatic calorimetry,"origin: commercial source,99.95 % (total),stated by supplier",99.95,Not Specified %,1959
10.41,0.284512,0.00426768,None kPa,N/A,10680,['C'],A,Vacuum adiabatic calorimetry,"origin: commercial source,99.95 % (total),stated by supplier",99.95,Not Specified %,1959
11.44,0.403338,0.0060668,None kPa,N/A,10680,['C'],A,Vacuum adiabatic calorimetry,"origin: commercial source,99.95 % (total),stated by supplier",99.95,Not Specified %,1959
11.51,0.410869,0.00615048,None kPa,N/A,10680,['C'],A,Vacuum adiabatic calorimetry,"origin: commercial source,99.95 % (total),stated by supplier",99.95,Not Specified %,1959
11.79,0.45773,0.00686176,None kPa,N/A,10680,['C'],A,Vacuum adiabatic calorimetry,"origin: commercial source,99.95 % (total),stated by supplier",99.95,Not Specified %,1959
11.95,0.503335,0.0075312,None kPa,N/A,10680,['C'],A,Vacuum adiabatic calorimetry,"origin: commercial source,99.95 % (total),stated by supplier",99.95,Not Specified %,1959
12.47,0.554798,0.00832616,None kPa,N/A,10680,['C'],A,Vacuum adiabatic calorimetry,"origin: commercial source,99.95 % (total),stated by supplier",99.95,Not Specified %,1959
12.6,0.579902,0.00870272,None kPa,N/A,10680,['C'],A,Vacuum adiabatic calorimetry,"origin: commercial source,99.95 % (total),stated by supplier",99.95,Not Specified %,1959
12.87,0.62509,0.00937216,None kPa,N/A,10680,['C'],A,Vacuum adiabatic calorimetry,"origin: commercial source,99.95 % (total),stated by supplier",99.95,Not Specified %,1959
13.22,0.68785,0.0103345,None kPa,N/A,10680,['C'],A,Vacuum adiabatic calorimetry,"origin: commercial source,99.95 % (total),stated by supplier",99.95,Not Specified %,1959
13.51,0.723832,0.0108784,None kPa,N/A,10680,['C'],A,Vacuum adiabatic calorimetry,"origin: commercial source,99.95 % (total),stated by supplier",99.95,Not Specified %,1959
13.65,0.758978,0.0113805,None kPa,N/A,10680,['C'],A,Vacuum adiabatic calorimetry,"origin: commercial source,99.95 % (total),stated by supplier",99.95,Not Specified %,1959
14.42,0.930103,0.0139327,None kPa,N/A,10680,['C'],A,Vacuum adiabatic calorimetry,"origin: commercial source,99.95 % (total),stated by supplier",99.95,Not Specified %,1959
14.51,0.930522,0.0139746,None kPa,N/A,10680,['C'],A,Vacuum adiabatic calorimetry,"origin: commercial source,99.95 % (total),stated by supplier",99.95,Not Specified %,1959
14.7,0.969014,0.0145185,None kPa,N/A,10680,['C'],A,Vacuum adiabatic calorimetry,"origin: commercial source,99.95 % (total),stated by supplier",99.95,Not Specified %,1959
14.74,0.993282,0.014895,None kPa,N/A,10680,['C'],A,Vacuum adiabatic calorimetry,"origin: commercial source,99.95 % (total),stated by supplier",99.95,Not Specified %,1959
15.06,1.04014,0.0156063,None kPa,N/A,10680,['C'],A,Vacuum adiabatic calorimetry,"origin: commercial source,99.95 % (total),stated by supplier",99.95,Not Specified %,1959
15.74,1.21796,0.0182841,None kPa,N/A,10680,['C'],A,Vacuum adiabatic calorimetry,"origin: commercial source,99.95 % (total),stated by supplier",99.95,Not Specified %,1959
16.09,1.26399,0.0189535,None kPa,N/A,10680,['C'],A,Vacuum adiabatic calorimetry,"origin: commercial source,99.95 % (total),stated by supplier",99.95,Not Specified %,1959
16.21,1.28909,0.0193301,None kPa,N/A,10680,['C'],A,Vacuum adiabatic calorimetry,"origin: commercial source,99.95 % (total),stated by supplier",99.95,Not Specified %,1959
16.64,1.38909,0.0208363,None kPa,N/A,10680,['C'],A,Vacuum adiabatic calorimetry,"origin: commercial source,99.95 % (total),stated by supplier",99.95,Not Specified %,1959
17.03,1.43804,0.0215894,None kPa,N/A,10680,['C'],A,Vacuum adiabatic calorimetry,"origin: commercial source,99.95 % (total),stated by supplier",99.95,Not Specified %,1959
17.3,1.55352,0.0233049,None kPa,N/A,10680,['C'],A,Vacuum adiabatic calorimetry,"origin: commercial source,99.95 % (total),stated by supplier",99.95,Not Specified %,1959
17.89,1.6895,0.025355,None kPa,N/A,10680,['C'],A,Vacuum adiabatic calorimetry,"origin: commercial source,99.95 % (total),stated by supplier",99.95,Not Specified %,1959
18.43,1.82757,0.0274052,None kPa,N/A,10680,['C'],A,Vacuum adiabatic calorimetry,"origin: commercial source,99.95 % (total),stated by supplier",99.95,Not Specified %,1959
18.49,1.84598,0.0276981,None kPa,N/A,10680,['C'],A,Vacuum adiabatic calorimetry,"origin: commercial source,99.95 % (total),stated by supplier",99.95,Not Specified %,1959
19.42,2.07694,0.0311708,None kPa,N/A,10680,['C'],A,Vacuum adiabatic calorimetry,"origin: commercial source,99.95 % (total),stated by supplier",99.95,Not Specified %,1959
19.48,2.14681,0.0322168,None kPa,N/A,10680,['C'],A,Vacuum adiabatic calorimetry,"origin: commercial source,99.95 % (total),stated by supplier",99.95,Not Specified %,1959
20.38,2.33384,0.0350201,None kPa,N/A,10680,['C'],A,Vacuum adiabatic calorimetry,"origin: commercial source,99.95 % (total),stated by supplier",99.95,Not Specified %,1959
20.45,2.38739,0.035815,None kPa,N/A,10680,['C'],A,Vacuum adiabatic calorimetry,"origin: commercial source,99.95 % (total),stated by supplier",99.95,Not Specified %,1959
20.65,2.39241,0.0358987,None kPa,N/A,10680,['C'],A,Vacuum adiabatic calorimetry,"origin: commercial source,99.95 % (total),stated by supplier",99.95,Not Specified %,1959
21.89,2.72504,0.0408777,None kPa,N/A,10680,['C'],A,Vacuum adiabatic calorimetry,"origin: commercial source,99.95 % (total),stated by supplier",99.95,Not Specified %,1959
0.191682,3.43E-06,1.71E-07,None kPa,N/A,14801,['C'],A,Adiabatic calorimeter (non-vacuum) ,"not stated,99.999 % (total),",99.999,Not Specified %,1964
0.206662,4.50E-06,2.25E-07,None kPa,N/A,14801,['C'],A,Adiabatic calorimeter (non-vacuum) ,"not stated,99.999 % (total),",99.999,Not Specified %,1964
0.22337,6.48E-06,3.24E-07,None kPa,N/A,14801,['C'],A,Adiabatic calorimeter (non-vacuum) ,"not stated,99.999 % (total),",99.999,Not Specified %,1964
0.237236,9.61E-06,4.81E-07,None kPa,N/A,14801,['C'],A,Adiabatic calorimeter (non-vacuum) ,"not stated,99.999 % (total),",99.999,Not Specified %,1964
0.248805,1.33E-05,6.64E-07,None kPa,N/A,14801,['C'],A,Adiabatic calorimeter (non-vacuum) ,"not stated,99.999 % (total),",99.999,Not Specified %,1964
0.268628,2.09E-05,1.04E-06,None kPa,N/A,14801,['C'],A,Adiabatic calorimeter (non-vacuum) ,"not stated,99.999 % (total),",99.999,Not Specified %,1964
0.270224,1.82E-05,9.12E-07,None kPa,N/A,14801,['C'],A,Adiabatic calorimeter (non-vacuum) ,"not stated,99.999 % (total),",99.999,Not Specified %,1964
0.270799,2.31E-05,1.16E-06,None kPa,N/A,14801,['C'],A,Adiabatic calorimeter (non-vacuum) ,"not stated,99.999 % (total),",99.999,Not Specified %,1964
0.285037,2.70E-05,1.35E-06,None kPa,N/A,14801,['C'],A,Adiabatic calorimeter (non-vacuum) ,"not stated,99.999 % (total),",99.999,Not Specified %,1964
0.2955,3.31E-05,1.65E-06,None kPa,N/A,14801,['C'],A,Adiabatic calorimeter (non-vacuum) ,"not stated,99.999 % (total),",99.999,Not Specified %,1964
0.305971,4.04E-05,2.02E-06,None kPa,N/A,14801,['C'],A,Adiabatic calorimeter (non-vacuum) ,"not stated,99.999 % (total),",99.999,Not Specified %,1964
0.322327,4.98E-05,2.49E-06,None kPa,N/A,14801,['C'],A,Adiabatic calorimeter (non-vacuum) ,"not stated,99.999 % (total),",99.999,Not Specified %,1964
0.361938,7.93E-05,3.97E-06,None kPa,N/A,14801,['C'],A,Adiabatic calorimeter (non-vacuum) ,"not stated,99.999 % (total),",99.999,Not Specified %,1964
0.381965,0.0001061,5.31E-06,None kPa,N/A,14801,['C'],A,Adiabatic calorimeter (non-vacuum) ,"not stated,99.999 % (total),",99.999,Not Specified %,1964
0.392003,0.0001087,5.44E-06,None kPa,N/A,14801,['C'],A,Adiabatic calorimeter (non-vacuum) ,"not stated,99.999 % (total),",99.999,Not Specified %,1964
0.399989,0.0001178,5.89E-06,None kPa,N/A,14801,['C'],A,Adiabatic calorimeter (non-vacuum) ,"not stated,99.999 % (total),",99.999,Not Specified %,1964
0.418728,0.0001404,7.02E-06,None kPa,N/A,14801,['C'],A,Adiabatic calorimeter (non-vacuum) ,"not stated,99.999 % (total),",99.999,Not Specified %,1964
0.444735,0.0001733,8.67E-06,None kPa,N/A,14801,['C'],A,Adiabatic calorimeter (non-vacuum) ,"not stated,99.999 % (total),",99.999,Not Specified %,1964
0.456499,0.000185,9.25E-06,None kPa,N/A,14801,['C'],A,Adiabatic calorimeter (non-vacuum) ,"not stated,99.999 % (total),",99.999,Not Specified %,1964
0.482932,0.0002278,1.14E-05,None kPa,N/A,14801,['C'],A,Adiabatic calorimeter (non-vacuum) ,"not stated,99.999 % (total),",99.999,Not Specified %,1964
0.516606,0.0002749,1.37E-05,None kPa,N/A,14801,['C'],A,Adiabatic calorimeter (non-vacuum) ,"not stated,99.999 % (total),",99.999,Not Specified %,1964
0.532679,0.0003041,1.52E-05,None kPa,N/A,14801,['C'],A,Adiabatic calorimeter (non-vacuum) ,"not stated,99.999 % (total),",99.999,Not Specified %,1964
0.570929,0.0003717,1.86E-05,None kPa,N/A,14801,['C'],A,Adiabatic calorimeter (non-vacuum) ,"not stated,99.999 % (total),",99.999,Not Specified %,1964
0.571462,0.0003662,1.83E-05,None kPa,N/A,14801,['C'],A,Adiabatic calorimeter (non-vacuum) ,"not stated,99.999 % (total),",99.999,Not Specified %,1964
0.607055,0.0004386,2.19E-05,None kPa,N/A,14801,['C'],A,Adiabatic calorimeter (non-vacuum) ,"not stated,99.999 % (total),",99.999,Not Specified %,1964
0.625567,0.0004648,2.32E-05,None kPa,N/A,14801,['C'],A,Adiabatic calorimeter (non-vacuum) ,"not stated,99.999 % (total),",99.999,Not Specified %,1964
0.633693,0.0004877,2.44E-05,None kPa,N/A,14801,['C'],A,Adiabatic calorimeter (non-vacuum) ,"not stated,99.999 % (total),",99.999,Not Specified %,1964
0.661872,0.0005435,2.72E-05,None kPa,N/A,14801,['C'],A,Adiabatic calorimeter (non-vacuum) ,"not stated,99.999 % (total),",99.999,Not Specified %,1964
0.684199,0.0005936,2.97E-05,None kPa,N/A,14801,['C'],A,Adiabatic calorimeter (non-vacuum) ,"not stated,99.999 % (total),",99.999,Not Specified %,1964
0.721805,0.0006743,3.37E-05,None kPa,N/A,14801,['C'],A,Adiabatic calorimeter (non-vacuum) ,"not stated,99.999 % (total),",99.999,Not Specified %,1964
0.740199,0.0007193,3.60E-05,None kPa,N/A,14801,['C'],A,Adiabatic calorimeter (non-vacuum) ,"not stated,99.999 % (total),",99.999,Not Specified %,1964
0.793224,0.0008318,4.16E-05,None kPa,N/A,14801,['C'],A,Adiabatic calorimeter (non-vacuum) ,"not stated,99.999 % (total),",99.999,Not Specified %,1964
0.813685,0.0008854,4.43E-05,None kPa,N/A,14801,['C'],A,Adiabatic calorimeter (non-vacuum) ,"not stated,99.999 % (total),",99.999,Not Specified %,1964
0.887007,0.001069,5.35E-05,None kPa,N/A,14801,['C'],A,Adiabatic calorimeter (non-vacuum) ,"not stated,99.999 % (total),",99.999,Not Specified %,1964
0.893329,0.001078,5.39E-05,None kPa,N/A,14801,['C'],A,Adiabatic calorimeter (non-vacuum) ,"not stated,99.999 % (total),",99.999,Not Specified %,1964
0.969483,0.001293,6.47E-05,None kPa,N/A,14801,['C'],A,Adiabatic calorimeter (non-vacuum) ,"not stated,99.999 % (total),",99.999,Not Specified %,1964
0.977963,0.001329,6.65E-05,None kPa,N/A,14801,['C'],A,Adiabatic calorimeter (non-vacuum) ,"not stated,99.999 % (total),",99.999,Not Specified %,1964
1.00724,0.001412,7.06E-05,None kPa,N/A,14801,['C'],A,Adiabatic calorimeter (non-vacuum) ,"not stated,99.999 % (total),",99.999,Not Specified %,1964
1.01961,0.001452,7.26E-05,None kPa,N/A,14801,['C'],A,Adiabatic calorimeter (non-vacuum) ,"not stated,99.999 % (total),",99.999,Not Specified %,1964
1.05926,0.001601,8.01E-05,None kPa,N/A,14801,['C'],A,Adiabatic calorimeter (non-vacuum) ,"not stated,99.999 % (total),",99.999,Not Specified %,1964
0.114508,9.74E-05,4.87E-06,None kPa,N/A,14801,['C'],A,Adiabatic calorimeter (non-vacuum) ,"not stated,99.999 % (total),",99.999,Not Specified %,1964
0.126012,9.81E-05,4.90E-06,None kPa,N/A,14801,['C'],A,Adiabatic calorimeter (non-vacuum) ,"not stated,99.999 % (total),",99.999,Not Specified %,1964
0.138495,0.0001039,5.20E-06,None kPa,N/A,14801,['C'],A,Adiabatic calorimeter (non-vacuum) ,"not stated,99.999 % (total),",99.999,Not Specified %,1964
0.139546,0.0001075,5.38E-06,None kPa,N/A,14801,['C'],A,Adiabatic calorimeter (non-vacuum) ,"not stated,99.999 % (total),",99.999,Not Specified %,1964
0.141619,0.0001113,5.57E-06,None kPa,N/A,14801,['C'],A,Adiabatic calorimeter (non-vacuum) ,"not stated,99.999 % (total),",99.999,Not Specified %,1964
0.15401,0.0001115,5.58E-06,None kPa,N/A,14801,['C'],A,Adiabatic calorimeter (non-vacuum) ,"not stated,99.999 % (total),",99.999,Not Specified %,1964
0.159349,0.0001128,5.64E-06,None kPa,N/A,14801,['C'],A,Adiabatic calorimeter (non-vacuum) ,"not stated,99.999 % (total),",99.999,Not Specified %,1964
0.163034,0.0001126,5.63E-06,None kPa,N/A,14801,['C'],A,Adiabatic calorimeter (non-vacuum) ,"not stated,99.999 % (total),",99.999,Not Specified %,1964
0.178261,0.0001199,6.00E-06,None kPa,N/A,14801,['C'],A,Adiabatic calorimeter (non-vacuum) ,"not stated,99.999 % (total),",99.999,Not Specified %,1964
0.180696,0.0001237,6.19E-06,None kPa,N/A,14801,['C'],A,Adiabatic calorimeter (non-vacuum) ,"not stated,99.999 % (total),",99.999,Not Specified %,1964
0.188915,0.0001243,6.22E-06,None kPa,N/A,14801,['C'],A,Adiabatic calorimeter (non-vacuum) ,"not stated,99.999 % (total),",99.999,Not Specified %,1964
0.209518,0.000134,6.70E-06,None kPa,N/A,14801,['C'],A,Adiabatic calorimeter (non-vacuum) ,"not stated,99.999 % (total),",99.999,Not Specified %,1964
0.220794,0.0001392,6.96E-06,None kPa,N/A,14801,['C'],A,Adiabatic calorimeter (non-vacuum) ,"not stated,99.999 % (total),",99.999,Not Specified %,1964
0.233032,0.000146,7.30E-06,None kPa,N/A,14801,['C'],A,Adiabatic calorimeter (non-vacuum) ,"not stated,99.999 % (total),",99.999,Not Specified %,1964
0.25669,0.0001591,7.96E-06,None kPa,N/A,14801,['C'],A,Adiabatic calorimeter (non-vacuum) ,"not stated,99.999 % (total),",99.999,Not Specified %,1964
0.27561,0.0001694,8.47E-06,None kPa,N/A,14801,['C'],A,Adiabatic calorimeter (non-vacuum) ,"not stated,99.999 % (total),",99.999,Not Specified %,1964
0.292407,0.000179,8.95E-06,None kPa,N/A,14801,['C'],A,Adiabatic calorimeter (non-vacuum) ,"not stated,99.999 % (total),",99.999,Not Specified %,1964
0.309092,0.0001886,9.43E-06,None kPa,N/A,14801,['C'],A,Adiabatic calorimeter (non-vacuum) ,"not stated,99.999 % (total),",99.999,Not Specified %,1964
0.32492,0.0001977,9.89E-06,None kPa,N/A,14801,['C'],A,Adiabatic calorimeter (non-vacuum) ,"not stated,99.999 % (total),",99.999,Not Specified %,1964
0.338514,0.0002058,1.03E-05,None kPa,N/A,14801,['C'],A,Adiabatic calorimeter (non-vacuum) ,"not stated,99.999 % (total),",99.999,Not Specified %,1964
0.353334,0.0002152,1.08E-05,None kPa,N/A,14801,['C'],A,Adiabatic calorimeter (non-vacuum) ,"not stated,99.999 % (total),",99.999,Not Specified %,1964
0.365494,0.0002234,1.12E-05,None kPa,N/A,14801,['C'],A,Adiabatic calorimeter (non-vacuum) ,"not stated,99.999 % (total),",99.999,Not Specified %,1964
0.376713,0.000228,1.14E-05,None kPa,N/A,14801,['C'],A,Adiabatic calorimeter (non-vacuum) ,"not stated,99.999 % (total),",99.999,Not Specified %,1964
0.390315,0.0002393,1.20E-05,None kPa,N/A,14801,['C'],A,Adiabatic calorimeter (non-vacuum) ,"not stated,99.999 % (total),",99.999,Not Specified %,1964
0.406721,0.0002472,1.24E-05,None kPa,N/A,14801,['C'],A,Adiabatic calorimeter (non-vacuum) ,"not stated,99.999 % (total),",99.999,Not Specified %,1964
0.418792,0.0002565,1.28E-05,None kPa,N/A,14801,['C'],A,Adiabatic calorimeter (non-vacuum) ,"not stated,99.999 % (total),",99.999,Not Specified %,1964
0.431497,0.0002628,1.31E-05,None kPa,N/A,14801,['C'],A,Adiabatic calorimeter (non-vacuum) ,"not stated,99.999 % (total),",99.999,Not Specified %,1964
0.455277,0.000275,1.38E-05,None kPa,N/A,14801,['C'],A,Adiabatic calorimeter (non-vacuum) ,"not stated,99.999 % (total),",99.999,Not Specified %,1964
0.471188,0.000286,1.43E-05,None kPa,N/A,14801,['C'],A,Adiabatic calorimeter (non-vacuum) ,"not stated,99.999 % (total),",99.999,Not Specified %,1964
0.496091,0.0002987,1.49E-05,None kPa,N/A,14801,['C'],A,Adiabatic calorimeter (non-vacuum) ,"not stated,99.999 % (total),",99.999,Not Specified %,1964
0.514811,0.0003151,1.58E-05,None kPa,N/A,14801,['C'],A,Adiabatic calorimeter (non-vacuum) ,"not stated,99.999 % (total),",99.999,Not Specified %,1964
0.540156,0.0003333,1.67E-05,None kPa,N/A,14801,['C'],A,Adiabatic calorimeter (non-vacuum) ,"not stated,99.999 % (total),",99.999,Not Specified %,1964
0.550775,0.0003364,1.68E-05,None kPa,N/A,14801,['C'],A,Adiabatic calorimeter (non-vacuum) ,"not stated,99.999 % (total),",99.999,Not Specified %,1964
0.559563,0.0003421,1.71E-05,None kPa,N/A,14801,['C'],A,Adiabatic calorimeter (non-vacuum) ,"not stated,99.999 % (total),",99.999,Not Specified %,1964
0.580195,0.0003559,1.78E-05,None kPa,N/A,14801,['C'],A,Adiabatic calorimeter (non-vacuum) ,"not stated,99.999 % (total),",99.999,Not Specified %,1964
0.607559,0.0003754,1.88E-05,None kPa,N/A,14801,['C'],A,Adiabatic calorimeter (non-vacuum) ,"not stated,99.999 % (total),",99.999,Not Specified %,1964
0.616181,0.0003788,1.89E-05,None kPa,N/A,14801,['C'],A,Adiabatic calorimeter (non-vacuum) ,"not stated,99.999 % (total),",99.999,Not Specified %,1964
0.637915,0.0003943,1.97E-05,None kPa,N/A,14801,['C'],A,Adiabatic calorimeter (non-vacuum) ,"not stated,99.999 % (total),",99.999,Not Specified %,1964
0.660427,0.0004123,2.06E-05,None kPa,N/A,14801,['C'],A,Adiabatic calorimeter (non-vacuum) ,"not stated,99.999 % (total),",99.999,Not Specified %,1964
0.70427,0.0004404,2.20E-05,None kPa,N/A,14801,['C'],A,Adiabatic calorimeter (non-vacuum) ,"not stated,99.999 % (total),",99.999,Not Specified %,1964
0.717262,0.0004525,2.26E-05,None kPa,N/A,14801,['C'],A,Adiabatic calorimeter (non-vacuum) ,"not stated,99.999 % (total),",99.999,Not Specified %,1964
0.770121,0.0004858,2.43E-05,None kPa,N/A,14801,['C'],A,Adiabatic calorimeter (non-vacuum) ,"not stated,99.999 % (total),",99.999,Not Specified %,1964
0.853686,0.0005399,2.70E-05,None kPa,N/A,14801,['C'],A,Adiabatic calorimeter (non-vacuum) ,"not stated,99.999 % (total),",99.999,Not Specified %,1964
0.861979,0.0005486,2.74E-05,None kPa,N/A,14801,['C'],A,Adiabatic calorimeter (non-vacuum) ,"not stated,99.999 % (total),",99.999,Not Specified %,1964
0.889212,0.0005771,2.89E-05,None kPa,N/A,14801,['C'],A,Adiabatic calorimeter (non-vacuum) ,"not stated,99.999 % (total),",99.999,Not Specified %,1964
0.941483,0.0006071,3.04E-05,None kPa,N/A,14801,['C'],A,Adiabatic calorimeter (non-vacuum) ,"not stated,99.999 % (total),",99.999,Not Specified %,1964
0.990298,0.0006475,3.24E-05,None kPa,N/A,14801,['C'],A,Adiabatic calorimeter (non-vacuum) ,"not stated,99.999 % (total),",99.999,Not Specified %,1964
1.03166,0.000675,3.38E-05,None kPa,N/A,14801,['C'],A,Adiabatic calorimeter (non-vacuum) ,"not stated,99.999 % (total),",99.999,Not Specified %,1964
1.08906,0.0007342,3.67E-05,None kPa,N/A,14801,['C'],A,Adiabatic calorimeter (non-vacuum) ,"not stated,99.999 % (total),",99.999,Not Specified %,1964
1.17477,0.0007929,3.96E-05,None kPa,N/A,14801,['C'],A,Adiabatic calorimeter (non-vacuum) ,"not stated,99.999 % (total),",99.999,Not Specified %,1964
1.20437,0.0008065,4.03E-05,None kPa,N/A,14801,['C'],A,Adiabatic calorimeter (non-vacuum) ,"not stated,99.999 % (total),",99.999,Not Specified %,1964
1.2222,0.0008244,4.12E-05,None kPa,N/A,14801,['C'],A,Adiabatic calorimeter (non-vacuum) ,"not stated,99.999 % (total),",99.999,Not Specified %,1964
,,,,,,,,,,,,
,,,,,,,,,,,,
,,,,,,,,,,,,
,,,,,,,,,,,,
,,,,,,,,,,,,
,,,,,,,,,,,,
,,,,,,,,,,,,
,,,,,,,,,,,,
,,,,,,,,,,,,
,,,,,,,,,,,,
,,,,,,,,,,,,
,,,,,,,,,,,,
,,,,,,,,,,,,
,,,,,,,,,,,,
,,,,,,,,,,,,
,,,,,,,,,,,,
,,,,,,,,,,,,
,,,,,,,,,,,,
,,,,,,,,,,,,
,,,,,,,,,,,,
,,,,,,,,,,,,
14.42,1.2552,0.012552,1.33322e-06 kPa,N/A,6938,['C'],A,Vacuum adiabatic calorimetry,"origin: commercial source,99.80 weight % (total),spectroscopy",99.8,Weight %,1952
15.56,1.33888,0.0133888,None kPa,N/A,6938,['C'],A,Vacuum adiabatic calorimetry,"origin: commercial source,99.80 weight % (total),spectroscopy",99.8,Weight %,1952
17.17,1.56482,0.0156482,None kPa,N/A,6938,['C'],A,Vacuum adiabatic calorimetry,"origin: commercial source,99.80 weight % (total),spectroscopy",99.8,Weight %,1952
19.05,1.9623,0.019623,None kPa,N/A,6938,['C'],A,Vacuum adiabatic calorimetry,"origin: commercial source,99.80 weight % (total),spectroscopy",99.8,Weight %,1952
21.3,2.53969,0.0253969,None kPa,N/A,6938,['C'],A,Vacuum adiabatic calorimetry,"origin: commercial source,99.80 weight % (total),spectroscopy",99.8,Weight %,1952
23.97,3.22168,0.0322168,None kPa,N/A,6938,['C'],A,Vacuum adiabatic calorimetry,"origin: commercial source,99.80 weight % (total),spectroscopy",99.8,Weight %,1952
26.88,4.0543,0.040543,None kPa,N/A,6938,['C'],A,Vacuum adiabatic calorimetry,"origin: commercial source,99.80 weight % (total),spectroscopy",99.8,Weight %,1952
30.36,5.08774,0.0508774,None kPa,N/A,6938,['C'],A,Vacuum adiabatic calorimetry,"origin: commercial source,99.80 weight % (total),spectroscopy",99.8,Weight %,1952
34.44,6.3011,0.063011,None kPa,N/A,6938,['C'],A,Vacuum adiabatic calorimetry,"origin: commercial source,99.80 weight % (total),spectroscopy",99.8,Weight %,1952
38.87,7.4266,0.074266,None kPa,N/A,6938,['C'],A,Vacuum adiabatic calorimetry,"origin: commercial source,99.80 weight % (total),spectroscopy",99.8,Weight %,1952
43.1,8.13788,0.0813788,None kPa,N/A,6938,['C'],A,Vacuum adiabatic calorimetry,"origin: commercial source,99.80 weight % (total),spectroscopy",99.8,Weight %,1952
47.59,9.65667,0.0965667,None kPa,N/A,6938,['C'],A,Vacuum adiabatic calorimetry,"origin: commercial source,99.80 weight % (total),spectroscopy",99.8,Weight %,1952
52.85,10.9077,0.109077,None kPa,N/A,6938,['C'],A,Vacuum adiabatic calorimetry,"origin: commercial source,99.80 weight % (total),spectroscopy",99.8,Weight %,1952
57.74,12.0583,0.120583,None kPa,N/A,6938,['C'],A,Vacuum adiabatic calorimetry,"origin: commercial source,99.80 weight % (total),spectroscopy",99.8,Weight %,1952
63.35,13.1252,0.131252,None kPa,N/A,6938,['C'],A,Vacuum adiabatic calorimetry,"origin: commercial source,99.80 weight % (total),spectroscopy",99.8,Weight %,1952
68.71,14.2507,0.142507,None kPa,N/A,6938,['C'],A,Vacuum adiabatic calorimetry,"origin: commercial source,99.80 weight % (total),spectroscopy",99.8,Weight %,1952
73.71,14.9787,0.149787,None kPa,N/A,6938,['C'],A,Vacuum adiabatic calorimetry,"origin: commercial source,99.80 weight % (total),spectroscopy",99.8,Weight %,1952
78.93,15.9369,0.159369,None kPa,N/A,6938,['C'],A,Vacuum adiabatic calorimetry,"origin: commercial source,99.80 weight % (total),spectroscopy",99.8,Weight %,1952
84.17,16.6523,0.166523,None kPa,N/A,6938,['C'],A,Vacuum adiabatic calorimetry,"origin: commercial source,99.80 weight % (total),spectroscopy",99.8,Weight %,1952
89.22,17.305,0.17305,None kPa,N/A,6938,['C'],A,Vacuum adiabatic calorimetry,"origin: commercial source,99.80 weight % (total),spectroscopy",99.8,Weight %,1952
94.4,17.9535,0.179535,None kPa,N/A,6938,['C'],A,Vacuum adiabatic calorimetry,"origin: commercial source,99.80 weight % (total),spectroscopy",99.8,Weight %,1952
100.06,18.4891,0.184891,None kPa,N/A,6938,['C'],A,Vacuum adiabatic calorimetry,"origin: commercial source,99.80 weight % (total),spectroscopy",99.8,Weight %,1952
107.02,19.0749,0.190749,None kPa,N/A,6938,['C'],A,Vacuum adiabatic calorimetry,"origin: commercial source,99.80 weight % (total),spectroscopy",99.8,Weight %,1952
115.12,19.7987,0.197987,None kPa,N/A,6938,['C'],A,Vacuum adiabatic calorimetry,"origin: commercial source,99.80 weight % (total),spectroscopy",99.8,Weight %,1952
123.44,20.3593,0.203593,None kPa,N/A,6938,['C'],A,Vacuum adiabatic calorimetry,"origin: commercial source,99.80 weight % (total),spectroscopy",99.8,Weight %,1952
131.66,20.9493,0.209493,None kPa,N/A,6938,['C'],A,Vacuum adiabatic calorimetry,"origin: commercial source,99.80 weight % (total),spectroscopy",99.8,Weight %,1952
140.64,21.5141,0.215141,None kPa,N/A,6938,['C'],A,Vacuum adiabatic calorimetry,"origin: commercial source,99.80 weight % (total),spectroscopy",99.8,Weight %,1952
149.72,21.9995,0.219995,None kPa,N/A,6938,['C'],A,Vacuum adiabatic calorimetry,"origin: commercial source,99.80 weight % (total),spectroscopy",99.8,Weight %,1952
160.85,22.4304,0.224304,None kPa,N/A,6938,['C'],A,Vacuum adiabatic calorimetry,"origin: commercial source,99.80 weight % (total),spectroscopy",99.8,Weight %,1952
169.2,22.7902,0.227902,None kPa,N/A,6938,['C'],A,Vacuum adiabatic calorimetry,"origin: commercial source,99.80 weight % (total),spectroscopy",99.8,Weight %,1952
179.36,23.1961,0.231961,None kPa,N/A,6938,['C'],A,Vacuum adiabatic calorimetry,"origin: commercial source,99.80 weight % (total),spectroscopy",99.8,Weight %,1952
186.31,23.422,0.23422,None kPa,N/A,6938,['C'],A,Vacuum adiabatic calorimetry,"origin: commercial source,99.80 weight % (total),spectroscopy",99.8,Weight %,1952
197.16,23.853,0.23853,None kPa,N/A,6938,['C'],A,Vacuum adiabatic calorimetry,"origin: commercial source,99.80 weight % (total),spectroscopy",99.8,Weight %,1952
207.17,23.9701,0.239701,None kPa,N/A,6938,['C'],A,Vacuum adiabatic calorimetry,"origin: commercial source,99.80 weight % (total),spectroscopy",99.8,Weight %,1952
217.59,24.0496,0.240496,None kPa,N/A,6938,['C'],A,Vacuum adiabatic calorimetry,"origin: commercial source,99.80 weight % (total),spectroscopy",99.8,Weight %,1952
228.02,24.3341,0.243341,None kPa,N/A,6938,['C'],A,Vacuum adiabatic calorimetry,"origin: commercial source,99.80 weight % (total),spectroscopy",99.8,Weight %,1952
239.9,24.673,0.24673,None kPa,N/A,6938,['C'],A,Vacuum adiabatic calorimetry,"origin: commercial source,99.80 weight % (total),spectroscopy",99.8,Weight %,1952
252.57,24.9408,0.249408,None kPa,N/A,6938,['C'],A,Vacuum adiabatic calorimetry,"origin: commercial source,99.80 weight % (total),spectroscopy",99.8,Weight %,1952
263.26,25.3048,0.253048,None kPa,N/A,6938,['C'],A,Vacuum adiabatic calorimetry,"origin: commercial source,99.80 weight % (total),spectroscopy",99.8,Weight %,1952
273.97,25.5559,0.255559,None kPa,N/A,6938,['C'],A,Vacuum adiabatic calorimetry,"origin: commercial source,99.80 weight % (total),spectroscopy",99.8,Weight %,1952
281.69,25.7734,0.257734,None kPa,N/A,6938,['C'],A,Vacuum adiabatic calorimetry,"origin: commercial source,99.80 weight % (total),spectroscopy",99.8,Weight %,1952
287.88,25.9659,0.259659,None kPa,N/A,6938,['C'],A,Vacuum adiabatic calorimetry,"origin: commercial source,99.80 weight % (total),spectroscopy",99.8,Weight %,1952
,,,,,,,,,,,,
,,,,,,,,,,,,
67.14,13.9746,0.139746,1.33322e-06 kPa,N/A,6939,['C'],A,Vacuum adiabatic calorimetry,"origin: commercial source,99.95 weight % (total),spectroscopy",99.95,Weight %,1952
71.66,14.7988,0.147988,None kPa,N/A,6939,['C'],A,Vacuum adiabatic calorimetry,"origin: commercial source,99.95 weight % (total),spectroscopy",99.95,Weight %,1952
75.79,15.5143,0.155143,None kPa,N/A,6939,['C'],A,Vacuum adiabatic calorimetry,"origin: commercial source,99.95 weight % (total),spectroscopy",99.95,Weight %,1952
78.44,15.9871,0.159871,None kPa,N/A,6939,['C'],A,Vacuum adiabatic calorimetry,"origin: commercial source,99.95 weight % (total),spectroscopy",99.95,Weight %,1952
80.98,16.2758,0.162758,None kPa,N/A,6939,['C'],A,Vacuum adiabatic calorimetry,"origin: commercial source,99.95 weight % (total),spectroscopy",99.95,Weight %,1952
83.09,16.6816,0.166816,None kPa,N/A,6939,['C'],A,Vacuum adiabatic calorimetry,"origin: commercial source,99.95 weight % (total),spectroscopy",99.95,Weight %,1952
86.81,17.2046,0.172046,None kPa,N/A,6939,['C'],A,Vacuum adiabatic calorimetry,"origin: commercial source,99.95 weight % (total),spectroscopy",99.95,Weight %,1952
90.95,17.8573,0.178573,None kPa,N/A,6939,['C'],A,Vacuum adiabatic calorimetry,"origin: commercial source,99.95 weight % (total),spectroscopy",99.95,Weight %,1952
93.95,18.1042,0.181042,None kPa,N/A,6939,['C'],A,Vacuum adiabatic calorimetry,"origin: commercial source,99.95 weight % (total),spectroscopy",99.95,Weight %,1952
99.48,18.5853,0.185853,None kPa,N/A,6939,['C'],A,Vacuum adiabatic calorimetry,"origin: commercial source,99.95 weight % (total),spectroscopy",99.95,Weight %,1952
102.7,18.8698,0.188698,None kPa,N/A,6939,['C'],A,Vacuum adiabatic calorimetry,"origin: commercial source,99.95 weight % (total),spectroscopy",99.95,Weight %,1952
108.24,19.4891,0.194891,None kPa,N/A,6939,['C'],A,Vacuum adiabatic calorimetry,"origin: commercial source,99.95 weight % (total),spectroscopy",99.95,Weight %,1952
109.4,19.5184,0.195184,None kPa,N/A,6939,['C'],A,Vacuum adiabatic calorimetry,"origin: commercial source,99.95 weight % (total),spectroscopy",99.95,Weight %,1952
210.15,24.0706,0.240706,None kPa,N/A,6939,['C'],A,Vacuum adiabatic calorimetry,"origin: commercial source,99.95 weight % (total),spectroscopy",99.95,Weight %,1952
249.13,24.7149,0.247149,None kPa,N/A,6939,['C'],A,Vacuum adiabatic calorimetry,"origin: commercial source,99.95 weight % (total),spectroscopy",99.95,Weight %,1952
256.17,25.2002,0.252002,None kPa,N/A,6939,['C'],A,Vacuum adiabatic calorimetry,"origin: commercial source,99.95 weight % (total),spectroscopy",99.95,Weight %,1952
273.19,25.4513,0.254513,None kPa,N/A,6939,['C'],A,Vacuum adiabatic calorimetry,"origin: commercial source,99.95 weight % (total),spectroscopy",99.95,Weight %,1952
277.58,25.7776,0.257776,None kPa,N/A,6939,['C'],A,Vacuum adiabatic calorimetry,"origin: commercial source,99.95 weight % (total),spectroscopy",99.95,Weight %,1952
282.16,25.8236,0.258236,None kPa,N/A,6939,['C'],A,Vacuum adiabatic calorimetry,"origin: commercial source,99.95 weight % (total),spectroscopy",99.95,Weight %,1952
284.88,25.7316,0.257316,None kPa,N/A,6939,['C'],A,Vacuum adiabatic calorimetry,"origin: commercial source,99.95 weight % (total),spectroscopy",99.95,Weight %,1952
288.51,25.9534,0.259534,None kPa,N/A,6939,['C'],A,Vacuum adiabatic calorimetry,"origin: commercial source,99.95 weight % (total),spectroscopy",99.95,Weight %,1952
290.44,25.8613,0.258613,None kPa,N/A,6939,['C'],A,Vacuum adiabatic calorimetry,"origin: commercial source,99.95 weight % (total),spectroscopy",99.95,Weight %,1952
291.57,25.7609,0.257609,None kPa,N/A,6939,['C'],A,Vacuum adiabatic calorimetry,"origin: commercial source,99.95 weight % (total),spectroscopy",99.95,Weight %,1952
292.53,25.8446,0.258446,None kPa,N/A,6939,['C'],A,Vacuum adiabatic calorimetry,"origin: commercial source,99.95 weight % (total),spectroscopy",99.95,Weight %,1952
293.91,26.1458,0.261458,None kPa,N/A,6939,['C'],A,Vacuum adiabatic calorimetry,"origin: commercial source,99.95 weight % (total),spectroscopy",99.95,Weight %,1952
296.01,25.8362,0.258362,None kPa,N/A,6939,['C'],A,Vacuum adiabatic calorimetry,"origin: commercial source,99.95 weight % (total),spectroscopy",99.95,Weight %,1952
297.74,26.3048,0.263048,None kPa,N/A,6939,['C'],A,Vacuum adiabatic calorimetry,"origin: commercial source,99.95 weight % (total),spectroscopy",99.95,Weight %,1952
298.13,26.3132,0.263132,None kPa,N/A,6939,['C'],A,Vacuum adiabatic calorimetry,"origin: commercial source,99.95 weight % (total),spectroscopy",99.95,Weight %,1952
298.84,26.6521,0.266521,None kPa,N/A,6939,['C'],A,Vacuum adiabatic calorimetry,"origin: commercial source,99.95 weight % (total),spectroscopy",99.95,Weight %,1952
274,25.5642,0.255642,1.33322e-06 kPa,N/A,6940,['C'],A,Vacuum adiabatic calorimetry,"origin: commercial source,99.98 weight % (total),spectroscopy",99.98,Weight %,1952
275.61,25.6479,0.256479,None kPa,N/A,6940,['C'],A,Vacuum adiabatic calorimetry,"origin: commercial source,99.98 weight % (total),spectroscopy",99.98,Weight %,1952
281.69,25.7734,0.257734,None kPa,N/A,6940,['C'],A,Vacuum adiabatic calorimetry,"origin: commercial source,99.98 weight % (total),spectroscopy",99.98,Weight %,1952
282.84,25.6898,0.256898,None kPa,N/A,6940,['C'],A,Vacuum adiabatic calorimetry,"origin: commercial source,99.98 weight % (total),spectroscopy",99.98,Weight %,1952
283.17,25.6605,0.256605,None kPa,N/A,6940,['C'],A,Vacuum adiabatic calorimetry,"origin: commercial source,99.98 weight % (total),spectroscopy",99.98,Weight %,1952
285.52,25.6898,0.256898,None kPa,N/A,6940,['C'],A,Vacuum adiabatic calorimetry,"origin: commercial source,99.98 weight % (total),spectroscopy",99.98,Weight %,1952
293.42,26.0998,0.260998,None kPa,N/A,6940,['C'],A,Vacuum adiabatic calorimetry,"origin: commercial source,99.98 weight % (total),spectroscopy",99.98,Weight %,1952
293.94,26.3592,0.263592,None kPa,N/A,6940,['C'],A,Vacuum adiabatic calorimetry,"origin: commercial source,99.98 weight % (total),spectroscopy",99.98,Weight %,1952
295.73,26.2797,0.262797,None kPa,N/A,6940,['C'],A,Vacuum adiabatic calorimetry,"origin: commercial source,99.98 weight % (total),spectroscopy",99.98,Weight %,1952
297.48,26.6814,0.266814,None kPa,N/A,6940,['C'],A,Vacuum adiabatic calorimetry,"origin: commercial source,99.98 weight % (total),spectroscopy",99.98,Weight %,1952
299.71,30.7398,0.307398,None kPa,N/A,6940,['C'],A,Vacuum adiabatic calorimetry,"origin: commercial source,99.98 weight % (total),spectroscopy",99.98,Weight %,1952
299.89,31.5683,0.315683,None kPa,N/A,6940,['C'],A,Vacuum adiabatic calorimetry,"origin: commercial source,99.98 weight % (total),spectroscopy",99.98,Weight %,1952
300.19,34.313,0.34313,None kPa,N/A,6940,['C'],A,Vacuum adiabatic calorimetry,"origin: commercial source,99.98 weight % (total),spectroscopy",99.98,Weight %,1952
17.69,1.6987,0.016987,1.33322e-06 kPa,N/A,6942,['C'],A,Vacuum adiabatic calorimetry,"origin: commercial source,99.75 weight % (total),spectroscopy",99.75,Weight %,1952
22.13,2.76144,0.0276144,None kPa,N/A,6942,['C'],A,Vacuum adiabatic calorimetry,"origin: commercial source,99.75 weight % (total),spectroscopy",99.75,Weight %,1952
26.23,3.80744,0.0380744,None kPa,N/A,6942,['C'],A,Vacuum adiabatic calorimetry,"origin: commercial source,99.75 weight % (total),spectroscopy",99.75,Weight %,1952
29.52,4.79068,0.0479068,None kPa,N/A,6942,['C'],A,Vacuum adiabatic calorimetry,"origin: commercial source,99.75 weight % (total),spectroscopy",99.75,Weight %,1952
32.16,5.59819,0.0559819,None kPa,N/A,6942,['C'],A,Vacuum adiabatic calorimetry,"origin: commercial source,99.75 weight % (total),spectroscopy",99.75,Weight %,1952
34.36,6.21742,0.0621742,None kPa,N/A,6942,['C'],A,Vacuum adiabatic calorimetry,"origin: commercial source,99.75 weight % (total),spectroscopy",99.75,Weight %,1952
36.62,6.73624,0.0673624,None kPa,N/A,6942,['C'],A,Vacuum adiabatic calorimetry,"origin: commercial source,99.75 weight % (total),spectroscopy",99.75,Weight %,1952
41.37,8.0793,0.080793,None kPa,N/A,6942,['C'],A,Vacuum adiabatic calorimetry,"origin: commercial source,99.75 weight % (total),spectroscopy",99.75,Weight %,1952
46.92,9.53115,0.0953115,None kPa,N/A,6942,['C'],A,Vacuum adiabatic calorimetry,"origin: commercial source,99.75 weight % (total),spectroscopy",99.75,Weight %,1952
51.59,10.665,0.10665,None kPa,N/A,6942,['C'],A,Vacuum adiabatic calorimetry,"origin: commercial source,99.75 weight % (total),spectroscopy",99.75,Weight %,1952
61.7,12.9035,0.129035,None kPa,N/A,6942,['C'],A,Vacuum adiabatic calorimetry,"origin: commercial source,99.75 weight % (total),spectroscopy",99.75,Weight %,1952
64.18,13.3302,0.133302,None kPa,N/A,6942,['C'],A,Vacuum adiabatic calorimetry,"origin: commercial source,99.75 weight % (total),spectroscopy",99.75,Weight %,1952
67.39,13.962,0.13962,None kPa,N/A,6942,['C'],A,Vacuum adiabatic calorimetry,"origin: commercial source,99.75 weight % (total),spectroscopy",99.75,Weight %,1952
68.74,14.1754,0.141754,None kPa,N/A,6942,['C'],A,Vacuum adiabatic calorimetry,"origin: commercial source,99.75 weight % (total),spectroscopy",99.75,Weight %,1952
69.7,14.28,0.1428,None kPa,N/A,6942,['C'],A,Vacuum adiabatic calorimetry,"origin: commercial source,99.75 weight % (total),spectroscopy",99.75,Weight %,1952
72.27,14.7863,0.147863,None kPa,N/A,6942,['C'],A,Vacuum adiabatic calorimetry,"origin: commercial source,99.75 weight % (total),spectroscopy",99.75,Weight %,1952
75.98,15.4306,0.154306,None kPa,N/A,6942,['C'],A,Vacuum adiabatic calorimetry,"origin: commercial source,99.75 weight % (total),spectroscopy",99.75,Weight %,1952
76.79,15.4473,0.154473,None kPa,N/A,6942,['C'],A,Vacuum adiabatic calorimetry,"origin: commercial source,99.75 weight % (total),spectroscopy",99.75,Weight %,1952
81.25,16.2841,0.162841,None kPa,N/A,6942,['C'],A,Vacuum adiabatic calorimetry,"origin: commercial source,99.75 weight % (total),spectroscopy",99.75,Weight %,1952
86.87,17.0749,0.170749,None kPa,N/A,6942,['C'],A,Vacuum adiabatic calorimetry,"origin: commercial source,99.75 weight % (total),spectroscopy",99.75,Weight %,1952
93.8,17.895,0.17895,None kPa,N/A,6942,['C'],A,Vacuum adiabatic calorimetry,"origin: commercial source,99.75 weight % (total),spectroscopy",99.75,Weight %,1952
97.27,18.3385,0.183385,None kPa,N/A,6942,['C'],A,Vacuum adiabatic calorimetry,"origin: commercial source,99.75 weight % (total),spectroscopy",99.75,Weight %,1952
100.59,18.5393,0.185393,None kPa,N/A,6942,['C'],A,Vacuum adiabatic calorimetry,"origin: commercial source,99.75 weight % (total),spectroscopy",99.75,Weight %,1952
102.88,18.4473,0.184473,None kPa,N/A,6942,['C'],A,Vacuum adiabatic calorimetry,"origin: commercial source,99.75 weight % (total),spectroscopy",99.75,Weight %,1952
103.73,18.7485,0.187485,None kPa,N/A,6942,['C'],A,Vacuum adiabatic calorimetry,"origin: commercial source,99.75 weight % (total),spectroscopy",99.75,Weight %,1952
107.97,19.0916,0.190916,None kPa,N/A,6942,['C'],A,Vacuum adiabatic calorimetry,"origin: commercial source,99.75 weight % (total),spectroscopy",99.75,Weight %,1952
110.51,19.351,0.19351,None kPa,N/A,6942,['C'],A,Vacuum adiabatic calorimetry,"origin: commercial source,99.75 weight % (total),spectroscopy",99.75,Weight %,1952
112.92,19.5644,0.195644,None kPa,N/A,6942,['C'],A,Vacuum adiabatic calorimetry,"origin: commercial source,99.75 weight % (total),spectroscopy",99.75,Weight %,1952
116.99,19.8238,0.198238,None kPa,N/A,6942,['C'],A,Vacuum adiabatic calorimetry,"origin: commercial source,99.75 weight % (total),spectroscopy",99.75,Weight %,1952
130.19,20.8196,0.208196,None kPa,N/A,6942,['C'],A,Vacuum adiabatic calorimetry,"origin: commercial source,99.75 weight % (total),spectroscopy",99.75,Weight %,1952
136.85,21.2798,0.212798,None kPa,N/A,6942,['C'],A,Vacuum adiabatic calorimetry,"origin: commercial source,99.75 weight % (total),spectroscopy",99.75,Weight %,1952
143.11,21.6731,0.216731,None kPa,N/A,6942,['C'],A,Vacuum adiabatic calorimetry,"origin: commercial source,99.75 weight % (total),spectroscopy",99.75,Weight %,1952
149.82,21.9451,0.219451,None kPa,N/A,6942,['C'],A,Vacuum adiabatic calorimetry,"origin: commercial source,99.75 weight % (total),spectroscopy",99.75,Weight %,1952
156.56,22.3258,0.223258,None kPa,N/A,6942,['C'],A,Vacuum adiabatic calorimetry,"origin: commercial source,99.75 weight % (total),spectroscopy",99.75,Weight %,1952
160.13,22.4304,0.224304,None kPa,N/A,6942,['C'],A,Vacuum adiabatic calorimetry,"origin: commercial source,99.75 weight % (total),spectroscopy",99.75,Weight %,1952
166.09,22.6438,0.226438,None kPa,N/A,6942,['C'],A,Vacuum adiabatic calorimetry,"origin: commercial source,99.75 weight % (total),spectroscopy",99.75,Weight %,1952
172.29,22.9409,0.229409,None kPa,N/A,6942,['C'],A,Vacuum adiabatic calorimetry,"origin: commercial source,99.75 weight % (total),spectroscopy",99.75,Weight %,1952
180.13,23.0748,0.230748,None kPa,N/A,6942,['C'],A,Vacuum adiabatic calorimetry,"origin: commercial source,99.75 weight % (total),spectroscopy",99.75,Weight %,1952
187.75,23.4053,0.234053,None kPa,N/A,6942,['C'],A,Vacuum adiabatic calorimetry,"origin: commercial source,99.75 weight % (total),spectroscopy",99.75,Weight %,1952
189.88,23.3509,0.233509,None kPa,N/A,6942,['C'],A,Vacuum adiabatic calorimetry,"origin: commercial source,99.75 weight % (total),spectroscopy",99.75,Weight %,1952
198.62,23.807,0.23807,None kPa,N/A,6942,['C'],A,Vacuum adiabatic calorimetry,"origin: commercial source,99.75 weight % (total),spectroscopy",99.75,Weight %,1952
206.28,23.9367,0.239367,None kPa,N/A,6942,['C'],A,Vacuum adiabatic calorimetry,"origin: commercial source,99.75 weight % (total),spectroscopy",99.75,Weight %,1952
213.86,24.0747,0.240747,None kPa,N/A,6942,['C'],A,Vacuum adiabatic calorimetry,"origin: commercial source,99.75 weight % (total),spectroscopy",99.75,Weight %,1952
217.71,24.1752,0.241752,None kPa,N/A,6942,['C'],A,Vacuum adiabatic calorimetry,"origin: commercial source,99.75 weight % (total),spectroscopy",99.75,Weight %,1952
220.62,24.263,0.24263,None kPa,N/A,6942,['C'],A,Vacuum adiabatic calorimetry,"origin: commercial source,99.75 weight % (total),spectroscopy",99.75,Weight %,1952
227.45,24.3551,0.243551,None kPa,N/A,6942,['C'],A,Vacuum adiabatic calorimetry,"origin: commercial source,99.75 weight % (total),spectroscopy",99.75,Weight %,1952
234.73,24.5684,0.245684,None kPa,N/A,6942,['C'],A,Vacuum adiabatic calorimetry,"origin: commercial source,99.75 weight % (total),spectroscopy",99.75,Weight %,1952
236.69,24.6772,0.246772,None kPa,N/A,6942,['C'],A,Vacuum adiabatic calorimetry,"origin: commercial source,99.75 weight % (total),spectroscopy",99.75,Weight %,1952
240.09,24.7065,0.247065,None kPa,N/A,6942,['C'],A,Vacuum adiabatic calorimetry,"origin: commercial source,99.75 weight % (total),spectroscopy",99.75,Weight %,1952
245.35,24.7651,0.247651,None kPa,N/A,6942,['C'],A,Vacuum adiabatic calorimetry,"origin: commercial source,99.75 weight % (total),spectroscopy",99.75,Weight %,1952
251.82,24.991,0.24991,None kPa,N/A,6942,['C'],A,Vacuum adiabatic calorimetry,"origin: commercial source,99.75 weight % (total),spectroscopy",99.75,Weight %,1952
254.88,25.0622,0.250622,None kPa,N/A,6942,['C'],A,Vacuum adiabatic calorimetry,"origin: commercial source,99.75 weight % (total),spectroscopy",99.75,Weight %,1952
258.27,25.0161,0.250161,None kPa,N/A,6942,['C'],A,Vacuum adiabatic calorimetry,"origin: commercial source,99.75 weight % (total),spectroscopy",99.75,Weight %,1952
261.11,25.1919,0.251919,None kPa,N/A,6942,['C'],A,Vacuum adiabatic calorimetry,"origin: commercial source,99.75 weight % (total),spectroscopy",99.75,Weight %,1952
263.7,25.3927,0.253927,None kPa,N/A,6942,['C'],A,Vacuum adiabatic calorimetry,"origin: commercial source,99.75 weight % (total),spectroscopy",99.75,Weight %,1952
264.83,25.3216,0.253216,None kPa,N/A,6942,['C'],A,Vacuum adiabatic calorimetry,"origin: commercial source,99.75 weight % (total),spectroscopy",99.75,Weight %,1952
268.19,25.4847,0.254847,None kPa,N/A,6942,['C'],A,Vacuum adiabatic calorimetry,"origin: commercial source,99.75 weight % (total),spectroscopy",99.75,Weight %,1952
272.18,25.6605,0.256605,None kPa,N/A,6942,['C'],A,Vacuum adiabatic calorimetry,"origin: commercial source,99.75 weight % (total),spectroscopy",99.75,Weight %,1952
275.12,25.6437,0.256437,None kPa,N/A,6942,['C'],A,Vacuum adiabatic calorimetry,"origin: commercial source,99.75 weight % (total),spectroscopy",99.75,Weight %,1952
278.28,25.6563,0.256563,None kPa,N/A,6942,['C'],A,Vacuum adiabatic calorimetry,"origin: commercial source,99.75 weight % (total),spectroscopy",99.75,Weight %,1952
281.55,25.7483,0.257483,None kPa,N/A,6942,['C'],A,Vacuum adiabatic calorimetry,"origin: commercial source,99.75 weight % (total),spectroscopy",99.75,Weight %,1952
283.64,25.786,0.25786,None kPa,N/A,6942,['C'],A,Vacuum adiabatic calorimetry,"origin: commercial source,99.75 weight % (total),spectroscopy",99.75,Weight %,1952
286.17,25.8529,0.258529,None kPa,N/A,6942,['C'],A,Vacuum adiabatic calorimetry,"origin: commercial source,99.75 weight % (total),spectroscopy",99.75,Weight %,1952
286.36,25.8613,0.258613,None kPa,N/A,6942,['C'],A,Vacuum adiabatic calorimetry,"origin: commercial source,99.75 weight % (total),spectroscopy",99.75,Weight %,1952
289.08,26.0161,0.260161,None kPa,N/A,6942,['C'],A,Vacuum adiabatic calorimetry,"origin: commercial source,99.75 weight % (total),spectroscopy",99.75,Weight %,1952
290,26.1249,0.261249,None kPa,N/A,6942,['C'],A,Vacuum adiabatic calorimetry,"origin: commercial source,99.75 weight % (total),spectroscopy",99.75,Weight %,1952
,,,,,,,,,,,,
,,,,,,,,,,,,
,,,,,,,,,,,,
,,,,,,,,,,,,
,,,,,,,,,,,,
,,,,,,,,,,,,
,,,,,,,,,,,,
,,,,,,,,,,,,
,,,,,,,,,,,,
,,,,,,,,,,,,
,,,,,,,,,,,,
,,,,,,,,,,,,
,,,,,,,,,,,,
,,,,,,,,,,,,
,,,,,,,,,,,,
,,,,,,,,,,,,
,,,,,,,,,,,,
,,,,,,,,,,,,
,,,,,,,,,,,,
,,,,,,,,,,,,
,,,,,,,,,,,,
298.15,26.22,0.5244,None kPa,N/A,23735,['C'],A,Laser flash calorimetry,not stated,,,1980
210.66,24.2831,0.485662,None kPa,N/A,17810,['C'],A,DSC,"origin: commercial source,99.99999 % (total),stated by supplier,chunk",99.99999,Not Specified %,1968
219.69,24.5664,0.491327,None kPa,N/A,17810,['C'],A,DSC,"origin: commercial source,99.99999 % (total),stated by supplier,chunk",99.99999,Not Specified %,1968
229.99,24.8023,0.496047,None kPa,N/A,17810,['C'],A,DSC,"origin: commercial source,99.99999 % (total),stated by supplier,chunk",99.99999,Not Specified %,1968
238.79,24.9082,0.498164,None kPa,N/A,17810,['C'],A,DSC,"origin: commercial source,99.99999 % (total),stated by supplier,chunk",99.99999,Not Specified %,1968
248.14,25.035,0.500699,None kPa,N/A,17810,['C'],A,DSC,"origin: commercial source,99.99999 % (total),stated by supplier,chunk",99.99999,Not Specified %,1968
254.78,25.4944,0.509887,None kPa,N/A,17810,['C'],A,DSC,"origin: commercial source,99.99999 % (total),stated by supplier,chunk",99.99999,Not Specified %,1968
256.8,25.1931,0.503862,None kPa,N/A,17810,['C'],A,DSC,"origin: commercial source,99.99999 % (total),stated by supplier,chunk",99.99999,Not Specified %,1968
265.74,25.3935,0.507871,None kPa,N/A,17810,['C'],A,DSC,"origin: commercial source,99.99999 % (total),stated by supplier,chunk",99.99999,Not Specified %,1968
266,25.6161,0.512322,None kPa,N/A,17810,['C'],A,DSC,"origin: commercial source,99.99999 % (total),stated by supplier,chunk",99.99999,Not Specified %,1968
272.33,26.0065,0.52013,None kPa,N/A,17810,['C'],A,DSC,"origin: commercial source,99.99999 % (total),stated by supplier,chunk",99.99999,Not Specified %,1968
273.22,25.4944,0.509887,None kPa,N/A,17810,['C'],A,DSC,"origin: commercial source,99.99999 % (total),stated by supplier,chunk",99.99999,Not Specified %,1968
282.71,26.1617,0.523234,None kPa,N/A,17810,['C'],A,DSC,"origin: commercial source,99.99999 % (total),stated by supplier,chunk",99.99999,Not Specified %,1968
283.89,25.6902,0.513804,None kPa,N/A,17810,['C'],A,DSC,"origin: commercial source,99.99999 % (total),stated by supplier,chunk",99.99999,Not Specified %,1968
290.07,26.142,0.522841,None kPa,N/A,17810,['C'],A,DSC,"origin: commercial source,99.99999 % (total),stated by supplier,chunk",99.99999,Not Specified %,1968
294.05,25.7697,0.515393,None kPa,N/A,17810,['C'],A,DSC,"origin: commercial source,99.99999 % (total),stated by supplier,chunk",99.99999,Not Specified %,1968
299.37,26.3165,0.52633,None kPa,N/A,17810,['C'],A,DSC,"origin: commercial source,99.99999 % (total),stated by supplier,chunk",99.99999,Not Specified %,1968
299.91,26.0889,0.521778,None kPa,N/A,17810,['C'],A,DSC,"origin: commercial source,99.99999 % (total),stated by supplier,chunk",99.99999,Not Specified %,1968
211.58,24.5295,0.490591,None kPa,N/A,17811,['C'],A,DSC,"origin: commercial source,99.99999 % (total),stated by supplier,powder",99.99999,Not Specified %,1968
220.5,24.481,0.48962,None kPa,N/A,17811,['C'],A,DSC,"origin: commercial source,99.99999 % (total),stated by supplier,powder",99.99999,Not Specified %,1968
229.18,24.914,0.498281,None kPa,N/A,17811,['C'],A,DSC,"origin: commercial source,99.99999 % (total),stated by supplier,powder",99.99999,Not Specified %,1968
230.51,24.4208,0.488415,None kPa,N/A,17811,['C'],A,DSC,"origin: commercial source,99.99999 % (total),stated by supplier,powder",99.99999,Not Specified %,1968
234.82,25.0341,0.500683,None kPa,N/A,17811,['C'],A,DSC,"origin: commercial source,99.99999 % (total),stated by supplier,powder",99.99999,Not Specified %,1968
237.18,25.2613,0.505226,None kPa,N/A,17811,['C'],A,DSC,"origin: commercial source,99.99999 % (total),stated by supplier,powder",99.99999,Not Specified %,1968
247.53,25.3266,0.506532,None kPa,N/A,17811,['C'],A,DSC,"origin: commercial source,99.99999 % (total),stated by supplier,powder",99.99999,Not Specified %,1968
256.94,25.5178,0.510356,None kPa,N/A,17811,['C'],A,DSC,"origin: commercial source,99.99999 % (total),stated by supplier,powder",99.99999,Not Specified %,1968
265.63,25.7488,0.514975,None kPa,N/A,17811,['C'],A,DSC,"origin: commercial source,99.99999 % (total),stated by supplier,powder",99.99999,Not Specified %,1968
299.31,26.4609,0.529217,None kPa,N/A,17811,['C'],A,DSC,"origin: commercial source,99.99999 % (total),stated by supplier,powder",99.99999,Not Specified %,1968
,,,,,,,,,,,,
,,,,,,,,,,,,
302.15,33.472,0.66944,None kPa,N/A,18369,['C'],A,DSC,"origin: commercial source,99.9999 %,",99.9999,Not Specified %,1969
301.85,29.9156,0.598312,None kPa,N/A,18369,['C'],A,DSC,"origin: commercial source,99.9999 %,",99.9999,Not Specified %,1969
301.35,27.4052,0.548104,None kPa,N/A,18369,['C'],A,DSC,"origin: commercial source,99.9999 %,",99.9999,Not Specified %,1969
301.15,27.0286,0.540573,None kPa,N/A,18369,['C'],A,DSC,"origin: commercial source,99.9999 %,",99.9999,Not Specified %,1969
300.55,26.9868,0.539736,None kPa,N/A,18369,['C'],A,DSC,"origin: commercial source,99.9999 %,",99.9999,Not Specified %,1969
300.15,25.9826,0.519653,None kPa,N/A,18369,['C'],A,DSC,"origin: commercial source,99.9999 %,",99.9999,Not Specified %,1969
299.65,25.6479,0.512958,None kPa,N/A,18369,['C'],A,DSC,"origin: commercial source,99.9999 %,",99.9999,Not Specified %,1969
299.15,25.4387,0.508774,None kPa,N/A,18369,['C'],A,DSC,"origin: commercial source,99.9999 %,",99.9999,Not Specified %,1969
297.95,25.355,0.507101,None kPa,N/A,18369,['C'],A,DSC,"origin: commercial source,99.9999 %,",99.9999,Not Specified %,1969
297.65,25.355,0.507101,None kPa,N/A,18369,['C'],A,DSC,"origin: commercial source,99.9999 %,",99.9999,Not Specified %,1969
296.85,25.355,0.507101,None kPa,N/A,18369,['C'],A,DSC,"origin: commercial source,99.9999 %,",99.9999,Not Specified %,1969
295.85,24.9785,0.49957,None kPa,N/A,18369,['C'],A,DSC,"origin: commercial source,99.9999 %,",99.9999,Not Specified %,1969
294.45,25.2295,0.50459,None kPa,N/A,18369,['C'],A,DSC,"origin: commercial source,99.9999 %,",99.9999,Not Specified %,1969
300.43,26.24,0.5248,7e-06 kPa,N/A,24342,['C'],A,Laser pulse heating,"origin: commercial source,99.9999 weight % (total),stated by supplier",99.9999,Weight %,1983
243.79,25.11,0.5022,None kPa,N/A,24342,['C'],A,Laser pulse heating,"origin: commercial source,99.9999 weight % (total),stated by supplier",99.9999,Weight %,1983
246.31,25.29,0.5058,None kPa,N/A,24342,['C'],A,Laser pulse heating,"origin: commercial source,99.9999 weight % (total),stated by supplier",99.9999,Weight %,1983
248.83,25.39,0.5078,None kPa,N/A,24342,['C'],A,Laser pulse heating,"origin: commercial source,99.9999 weight % (total),stated by supplier",99.9999,Weight %,1983
254.15,25.47,0.5094,None kPa,N/A,24342,['C'],A,Laser pulse heating,"origin: commercial source,99.9999 weight % (total),stated by supplier",99.9999,Weight %,1983
257.06,25.57,0.5114,None kPa,N/A,24342,['C'],A,Laser pulse heating,"origin: commercial source,99.9999 weight % (total),stated by supplier",99.9999,Weight %,1983
259.87,25.61,0.5122,None kPa,N/A,24342,['C'],A,Laser pulse heating,"origin: commercial source,99.9999 weight % (total),stated by supplier",99.9999,Weight %,1983
262.68,25.55,0.511,None kPa,N/A,24342,['C'],A,Laser pulse heating,"origin: commercial source,99.9999 weight % (total),stated by supplier",99.9999,Weight %,1983
265.41,25.76,0.5152,None kPa,N/A,24342,['C'],A,Laser pulse heating,"origin: commercial source,99.9999 weight % (total),stated by supplier",99.9999,Weight %,1983
268.06,25.74,0.5148,None kPa,N/A,24342,['C'],A,Laser pulse heating,"origin: commercial source,99.9999 weight % (total),stated by supplier",99.9999,Weight %,1983
270.69,25.83,0.5166,None kPa,N/A,24342,['C'],A,Laser pulse heating,"origin: commercial source,99.9999 weight % (total),stated by supplier",99.9999,Weight %,1983
273.33,25.9,0.518,None kPa,N/A,24342,['C'],A,Laser pulse heating,"origin: commercial source,99.9999 weight % (total),stated by supplier",99.9999,Weight %,1983
275.91,25.86,0.5172,None kPa,N/A,24342,['C'],A,Laser pulse heating,"origin: commercial source,99.9999 weight % (total),stated by supplier",99.9999,Weight %,1983
278.44,25.94,0.5188,None kPa,N/A,24342,['C'],A,Laser pulse heating,"origin: commercial source,99.9999 weight % (total),stated by supplier",99.9999,Weight %,1983
280.95,25.91,0.5182,None kPa,N/A,24342,['C'],A,Laser pulse heating,"origin: commercial source,99.9999 weight % (total),stated by supplier",99.9999,Weight %,1983
283.48,25.89,0.5178,None kPa,N/A,24342,['C'],A,Laser pulse heating,"origin: commercial source,99.9999 weight % (total),stated by supplier",99.9999,Weight %,1983
285.9,26.1,0.522,None kPa,N/A,24342,['C'],A,Laser pulse heating,"origin: commercial source,99.9999 weight % (total),stated by supplier",99.9999,Weight %,1983
288.31,26.04,0.5208,None kPa,N/A,24342,['C'],A,Laser pulse heating,"origin: commercial source,99.9999 weight % (total),stated by supplier",99.9999,Weight %,1983
290.8,26.13,0.5226,None kPa,N/A,24342,['C'],A,Laser pulse heating,"origin: commercial source,99.9999 weight % (total),stated by supplier",99.9999,Weight %,1983
293.31,26.24,0.5248,None kPa,N/A,24342,['C'],A,Laser pulse heating,"origin: commercial source,99.9999 weight % (total),stated by supplier",99.9999,Weight %,1983
295.84,26.3,0.526,None kPa,N/A,24342,['C'],A,Laser pulse heating,"origin: commercial source,99.9999 weight % (total),stated by supplier",99.9999,Weight %,1983
298.26,26.22,0.5244,None kPa,N/A,24342,['C'],A,Laser pulse heating,"origin: commercial source,99.9999 weight % (total),stated by supplier",99.9999,Weight %,1983
300.69,26.35,0.527,None kPa,N/A,24342,['C'],A,Laser pulse heating,"origin: commercial source,99.9999 weight % (total),stated by supplier",99.9999,Weight %,1983
300.12,26.21,0.5242,None kPa,N/A,24342,['C'],A,Laser pulse heating,"origin: commercial source,99.9999 weight % (total),stated by supplier",99.9999,Weight %,1983
244.94,25.19,0.5038,None kPa,N/A,24342,['C'],A,Laser pulse heating,"origin: commercial source,99.9999 weight % (total),stated by supplier",99.9999,Weight %,1983
246.59,25.18,0.5036,None kPa,N/A,24342,['C'],A,Laser pulse heating,"origin: commercial source,99.9999 weight % (total),stated by supplier",99.9999,Weight %,1983
249.02,25.32,0.5064,None kPa,N/A,24342,['C'],A,Laser pulse heating,"origin: commercial source,99.9999 weight % (total),stated by supplier",99.9999,Weight %,1983
251.63,25.34,0.5068,None kPa,N/A,24342,['C'],A,Laser pulse heating,"origin: commercial source,99.9999 weight % (total),stated by supplier",99.9999,Weight %,1983
254.34,25.4,0.508,None kPa,N/A,24342,['C'],A,Laser pulse heating,"origin: commercial source,99.9999 weight % (total),stated by supplier",99.9999,Weight %,1983
257.19,25.42,0.5084,None kPa,N/A,24342,['C'],A,Laser pulse heating,"origin: commercial source,99.9999 weight % (total),stated by supplier",99.9999,Weight %,1983
259.96,25.48,0.5096,None kPa,N/A,24342,['C'],A,Laser pulse heating,"origin: commercial source,99.9999 weight % (total),stated by supplier",99.9999,Weight %,1983
262.71,25.54,0.5108,None kPa,N/A,24342,['C'],A,Laser pulse heating,"origin: commercial source,99.9999 weight % (total),stated by supplier",99.9999,Weight %,1983
265.48,25.71,0.5142,None kPa,N/A,24342,['C'],A,Laser pulse heating,"origin: commercial source,99.9999 weight % (total),stated by supplier",99.9999,Weight %,1983
268.16,25.67,0.5134,None kPa,N/A,24342,['C'],A,Laser pulse heating,"origin: commercial source,99.9999 weight % (total),stated by supplier",99.9999,Weight %,1983
270.71,25.76,0.5152,None kPa,N/A,24342,['C'],A,Laser pulse heating,"origin: commercial source,99.9999 weight % (total),stated by supplier",99.9999,Weight %,1983
273.32,25.81,0.5162,None kPa,N/A,24342,['C'],A,Laser pulse heating,"origin: commercial source,99.9999 weight % (total),stated by supplier",99.9999,Weight %,1983
275.85,25.81,0.5162,None kPa,N/A,24342,['C'],A,Laser pulse heating,"origin: commercial source,99.9999 weight % (total),stated by supplier",99.9999,Weight %,1983
278.27,25.82,0.5164,None kPa,N/A,24342,['C'],A,Laser pulse heating,"origin: commercial source,99.9999 weight % (total),stated by supplier",99.9999,Weight %,1983
280.81,25.89,0.5178,None kPa,N/A,24342,['C'],A,Laser pulse heating,"origin: commercial source,99.9999 weight % (total),stated by supplier",99.9999,Weight %,1983
283.33,25.93,0.5186,None kPa,N/A,24342,['C'],A,Laser pulse heating,"origin: commercial source,99.9999 weight % (total),stated by supplier",99.9999,Weight %,1983
284.25,25.91,0.5182,None kPa,N/A,24342,['C'],A,Laser pulse heating,"origin: commercial source,99.9999 weight % (total),stated by supplier",99.9999,Weight %,1983
286.18,25.94,0.5188,None kPa,N/A,24342,['C'],A,Laser pulse heating,"origin: commercial source,99.9999 weight % (total),stated by supplier",99.9999,Weight %,1983
288.94,25.99,0.5198,None kPa,N/A,24342,['C'],A,Laser pulse heating,"origin: commercial source,99.9999 weight % (total),stated by supplier",99.9999,Weight %,1983
291.57,26.08,0.5216,None kPa,N/A,24342,['C'],A,Laser pulse heating,"origin: commercial source,99.9999 weight % (total),stated by supplier",99.9999,Weight %,1983
294.19,26.13,0.5226,None kPa,N/A,24342,['C'],A,Laser pulse heating,"origin: commercial source,99.9999 weight % (total),stated by supplier",99.9999,Weight %,1983
296.75,26.21,0.5242,None kPa,N/A,24342,['C'],A,Laser pulse heating,"origin: commercial source,99.9999 weight % (total),stated by supplier",99.9999,Weight %,1983
299.3,26.21,0.5242,None kPa,N/A,24342,['C'],A,Laser pulse heating,"origin: commercial source,99.9999 weight % (total),stated by supplier",99.9999,Weight %,1983
83.8,16.84,0.3368,None kPa,N/A,24342,['C'],A,Laser pulse heating,"origin: commercial source,99.9999 weight % (total),stated by supplier",99.9999,Weight %,1983
90.1,17.64,0.3528,None kPa,N/A,24342,['C'],A,Laser pulse heating,"origin: commercial source,99.9999 weight % (total),stated by supplier",99.9999,Weight %,1983
96.25,18.43,0.3686,None kPa,N/A,24342,['C'],A,Laser pulse heating,"origin: commercial source,99.9999 weight % (total),stated by supplier",99.9999,Weight %,1983
101.69,18.99,0.3798,None kPa,N/A,24342,['C'],A,Laser pulse heating,"origin: commercial source,99.9999 weight % (total),stated by supplier",99.9999,Weight %,1983
106.48,19.53,0.3906,None kPa,N/A,24342,['C'],A,Laser pulse heating,"origin: commercial source,99.9999 weight % (total),stated by supplier",99.9999,Weight %,1983
110.91,19.66,0.3932,None kPa,N/A,24342,['C'],A,Laser pulse heating,"origin: commercial source,99.9999 weight % (total),stated by supplier",99.9999,Weight %,1983
115.07,20.18,0.4036,None kPa,N/A,24342,['C'],A,Laser pulse heating,"origin: commercial source,99.9999 weight % (total),stated by supplier",99.9999,Weight %,1983
118.81,20.46,0.4092,None kPa,N/A,24342,['C'],A,Laser pulse heating,"origin: commercial source,99.9999 weight % (total),stated by supplier",99.9999,Weight %,1983
122.39,20.72,0.4144,None kPa,N/A,24342,['C'],A,Laser pulse heating,"origin: commercial source,99.9999 weight % (total),stated by supplier",99.9999,Weight %,1983
124.62,20.81,0.4162,None kPa,N/A,24342,['C'],A,Laser pulse heating,"origin: commercial source,99.9999 weight % (total),stated by supplier",99.9999,Weight %,1983
127.96,21.09,0.4218,None kPa,N/A,24342,['C'],A,Laser pulse heating,"origin: commercial source,99.9999 weight % (total),stated by supplier",99.9999,Weight %,1983
129.7,21.26,0.4252,None kPa,N/A,24342,['C'],A,Laser pulse heating,"origin: commercial source,99.9999 weight % (total),stated by supplier",99.9999,Weight %,1983
133.48,21.46,0.4292,None kPa,N/A,24342,['C'],A,Laser pulse heating,"origin: commercial source,99.9999 weight % (total),stated by supplier",99.9999,Weight %,1983
137.16,21.72,0.4344,None kPa,N/A,24342,['C'],A,Laser pulse heating,"origin: commercial source,99.9999 weight % (total),stated by supplier",99.9999,Weight %,1983
140.55,21.96,0.4392,None kPa,N/A,24342,['C'],A,Laser pulse heating,"origin: commercial source,99.9999 weight % (total),stated by supplier",99.9999,Weight %,1983
142.88,22,0.44,None kPa,N/A,24342,['C'],A,Laser pulse heating,"origin: commercial source,99.9999 weight % (total),stated by supplier",99.9999,Weight %,1983
146.34,22.18,0.4436,None kPa,N/A,24342,['C'],A,Laser pulse heating,"origin: commercial source,99.9999 weight % (total),stated by supplier",99.9999,Weight %,1983
149.66,22.4,0.448,None kPa,N/A,24342,['C'],A,Laser pulse heating,"origin: commercial source,99.9999 weight % (total),stated by supplier",99.9999,Weight %,1983
152.65,22.56,0.4512,None kPa,N/A,24342,['C'],A,Laser pulse heating,"origin: commercial source,99.9999 weight % (total),stated by supplier",99.9999,Weight %,1983
156.19,22.69,0.4538,None kPa,N/A,24342,['C'],A,Laser pulse heating,"origin: commercial source,99.9999 weight % (total),stated by supplier",99.9999,Weight %,1983
159.62,22.83,0.4566,None kPa,N/A,24342,['C'],A,Laser pulse heating,"origin: commercial source,99.9999 weight % (total),stated by supplier",99.9999,Weight %,1983
163.12,22.98,0.4596,None kPa,N/A,24342,['C'],A,Laser pulse heating,"origin: commercial source,99.9999 weight % (total),stated by supplier",99.9999,Weight %,1983
166.48,23.12,0.4624,None kPa,N/A,24342,['C'],A,Laser pulse heating,"origin: commercial source,99.9999 weight % (total),stated by supplier",99.9999,Weight %,1983
169.91,23.18,0.4636,None kPa,N/A,24342,['C'],A,Laser pulse heating,"origin: commercial source,99.9999 weight % (total),stated by supplier",99.9999,Weight %,1983
173.27,23.36,0.4672,None kPa,N/A,24342,['C'],A,Laser pulse heating,"origin: commercial source,99.9999 weight % (total),stated by supplier",99.9999,Weight %,1983
176.58,23.4,0.468,None kPa,N/A,24342,['C'],A,Laser pulse heating,"origin: commercial source,99.9999 weight % (total),stated by supplier",99.9999,Weight %,1983
179.88,23.65,0.473,None kPa,N/A,24342,['C'],A,Laser pulse heating,"origin: commercial source,99.9999 weight % (total),stated by supplier",99.9999,Weight %,1983
183.15,23.73,0.4746,None kPa,N/A,24342,['C'],A,Laser pulse heating,"origin: commercial source,99.9999 weight % (total),stated by supplier",99.9999,Weight %,1983
186.46,23.73,0.4746,None kPa,N/A,24342,['C'],A,Laser pulse heating,"origin: commercial source,99.9999 weight % (total),stated by supplier",99.9999,Weight %,1983
189.69,23.84,0.4768,None kPa,N/A,24342,['C'],A,Laser pulse heating,"origin: commercial source,99.9999 weight % (total),stated by supplier",99.9999,Weight %,1983
192.78,23.97,0.4794,None kPa,N/A,24342,['C'],A,Laser pulse heating,"origin: commercial source,99.9999 weight % (total),stated by supplier",99.9999,Weight %,1983
195.96,24.02,0.4804,None kPa,N/A,24342,['C'],A,Laser pulse heating,"origin: commercial source,99.9999 weight % (total),stated by supplier",99.9999,Weight %,1983
199.13,24.14,0.4828,None kPa,N/A,24342,['C'],A,Laser pulse heating,"origin: commercial source,99.9999 weight % (total),stated by supplier",99.9999,Weight %,1983
202.35,24.19,0.4838,None kPa,N/A,24342,['C'],A,Laser pulse heating,"origin: commercial source,99.9999 weight % (total),stated by supplier",99.9999,Weight %,1983
205.66,24.33,0.4866,None kPa,N/A,24342,['C'],A,Laser pulse heating,"origin: commercial source,99.9999 weight % (total),stated by supplier",99.9999,Weight %,1983
208.91,24.28,0.4856,None kPa,N/A,24342,['C'],A,Laser pulse heating,"origin: commercial source,99.9999 weight % (total),stated by supplier",99.9999,Weight %,1983
212.02,24.49,0.4898,None kPa,N/A,24342,['C'],A,Laser pulse heating,"origin: commercial source,99.9999 weight % (total),stated by supplier",99.9999,Weight %,1983
215.07,24.53,0.4906,None kPa,N/A,24342,['C'],A,Laser pulse heating,"origin: commercial source,99.9999 weight % (total),stated by supplier",99.9999,Weight %,1983
218.09,24.56,0.4912,None kPa,N/A,24342,['C'],A,Laser pulse heating,"origin: commercial source,99.9999 weight % (total),stated by supplier",99.9999,Weight %,1983
221.16,24.71,0.4942,None kPa,N/A,24342,['C'],A,Laser pulse heating,"origin: commercial source,99.9999 weight % (total),stated by supplier",99.9999,Weight %,1983
224.2,24.78,0.4956,None kPa,N/A,24342,['C'],A,Laser pulse heating,"origin: commercial source,99.9999 weight % (total),stated by supplier",99.9999,Weight %,1983
227.37,24.88,0.4976,None kPa,N/A,24342,['C'],A,Laser pulse heating,"origin: commercial source,99.9999 weight % (total),stated by supplier",99.9999,Weight %,1983
230.38,24.92,0.4984,None kPa,N/A,24342,['C'],A,Laser pulse heating,"origin: commercial source,99.9999 weight % (total),stated by supplier",99.9999,Weight %,1983
233.32,24.9,0.498,None kPa,N/A,24342,['C'],A,Laser pulse heating,"origin: commercial source,99.9999 weight % (total),stated by supplier",99.9999,Weight %,1983
236.04,25.01,0.5002,None kPa,N/A,24342,['C'],A,Laser pulse heating,"origin: commercial source,99.9999 weight % (total),stated by supplier",99.9999,Weight %,1983
238.93,25.12,0.5024,None kPa,N/A,24342,['C'],A,Laser pulse heating,"origin: commercial source,99.9999 weight % (total),stated by supplier",99.9999,Weight %,1983
241.88,25.16,0.5032,None kPa,N/A,24342,['C'],A,Laser pulse heating,"origin: commercial source,99.9999 weight % (total),stated by supplier",99.9999,Weight %,1983
244.73,25.19,0.5038,None kPa,N/A,24342,['C'],A,Laser pulse heating,"origin: commercial source,99.9999 weight % (total),stated by supplier",99.9999,Weight %,1983
247.64,25.39,0.5078,None kPa,N/A,24342,['C'],A,Laser pulse heating,"origin: commercial source,99.9999 weight % (total),stated by supplier",99.9999,Weight %,1983
250.38,25.22,0.5044,None kPa,N/A,24342,['C'],A,Laser pulse heating,"origin: commercial source,99.9999 weight % (total),stated by supplier",99.9999,Weight %,1983
253.01,25.4,0.508,None kPa,N/A,24342,['C'],A,Laser pulse heating,"origin: commercial source,99.9999 weight % (total),stated by supplier",99.9999,Weight %,1983
82.19,16.68,0.3336,None kPa,N/A,24342,['C'],A,Laser pulse heating,"origin: commercial source,99.9999 weight % (total),stated by supplier",99.9999,Weight %,1983
87.8,17.41,0.3482,None kPa,N/A,24342,['C'],A,Laser pulse heating,"origin: commercial source,99.9999 weight % (total),stated by supplier",99.9999,Weight %,1983
93.15,18.06,0.3612,None kPa,N/A,24342,['C'],A,Laser pulse heating,"origin: commercial source,99.9999 weight % (total),stated by supplier",99.9999,Weight %,1983
98.16,18.55,0.371,None kPa,N/A,24342,['C'],A,Laser pulse heating,"origin: commercial source,99.9999 weight % (total),stated by supplier",99.9999,Weight %,1983
102.89,19.06,0.3812,None kPa,N/A,24342,['C'],A,Laser pulse heating,"origin: commercial source,99.9999 weight % (total),stated by supplier",99.9999,Weight %,1983
107.36,19.53,0.3906,None kPa,N/A,24342,['C'],A,Laser pulse heating,"origin: commercial source,99.9999 weight % (total),stated by supplier",99.9999,Weight %,1983
111.65,19.88,0.3976,None kPa,N/A,24342,['C'],A,Laser pulse heating,"origin: commercial source,99.9999 weight % (total),stated by supplier",99.9999,Weight %,1983
115.54,20.21,0.4042,None kPa,N/A,24342,['C'],A,Laser pulse heating,"origin: commercial source,99.9999 weight % (total),stated by supplier",99.9999,Weight %,1983
119.31,20.55,0.411,None kPa,N/A,24342,['C'],A,Laser pulse heating,"origin: commercial source,99.9999 weight % (total),stated by supplier",99.9999,Weight %,1983
122.5,20.77,0.4154,None kPa,N/A,24342,['C'],A,Laser pulse heating,"origin: commercial source,99.9999 weight % (total),stated by supplier",99.9999,Weight %,1983
125.49,20.94,0.4188,None kPa,N/A,24342,['C'],A,Laser pulse heating,"origin: commercial source,99.9999 weight % (total),stated by supplier",99.9999,Weight %,1983
128.88,21.2,0.424,None kPa,N/A,24342,['C'],A,Laser pulse heating,"origin: commercial source,99.9999 weight % (total),stated by supplier",99.9999,Weight %,1983
132.26,21.55,0.431,None kPa,N/A,24342,['C'],A,Laser pulse heating,"origin: commercial source,99.9999 weight % (total),stated by supplier",99.9999,Weight %,1983
135.53,21.55,0.431,None kPa,N/A,24342,['C'],A,Laser pulse heating,"origin: commercial source,99.9999 weight % (total),stated by supplier",99.9999,Weight %,1983
85.6,17.18,0.3436,None kPa,N/A,24342,['C'],A,Laser pulse heating,"origin: commercial source,99.9999 weight % (total),stated by supplier",99.9999,Weight %,1983
92.57,18.1,0.362,None kPa,N/A,24342,['C'],A,Laser pulse heating,"origin: commercial source,99.9999 weight % (total),stated by supplier",99.9999,Weight %,1983
98.99,18.75,0.375,None kPa,N/A,24342,['C'],A,Laser pulse heating,"origin: commercial source,99.9999 weight % (total),stated by supplier",99.9999,Weight %,1983
104.96,19.33,0.3866,None kPa,N/A,24342,['C'],A,Laser pulse heating,"origin: commercial source,99.9999 weight % (total),stated by supplier",99.9999,Weight %,1983
110.54,19.91,0.3982,None kPa,N/A,24342,['C'],A,Laser pulse heating,"origin: commercial source,99.9999 weight % (total),stated by supplier",99.9999,Weight %,1983
115.67,20.39,0.4078,None kPa,N/A,24342,['C'],A,Laser pulse heating,"origin: commercial source,99.9999 weight % (total),stated by supplier",99.9999,Weight %,1983
120.01,20.65,0.413,None kPa,N/A,24342,['C'],A,Laser pulse heating,"origin: commercial source,99.9999 weight % (total),stated by supplier",99.9999,Weight %,1983
123.26,20.84,0.4168,None kPa,N/A,24342,['C'],A,Laser pulse heating,"origin: commercial source,99.9999 weight % (total),stated by supplier",99.9999,Weight %,1983
127.22,21.15,0.423,None kPa,N/A,24342,['C'],A,Laser pulse heating,"origin: commercial source,99.9999 weight % (total),stated by supplier",99.9999,Weight %,1983
130.69,21.39,0.4278,None kPa,N/A,24342,['C'],A,Laser pulse heating,"origin: commercial source,99.9999 weight % (total),stated by supplier",99.9999,Weight %,1983
131.03,21.45,0.429,None kPa,N/A,24342,['C'],A,Laser pulse heating,"origin: commercial source,99.9999 weight % (total),stated by supplier",99.9999,Weight %,1983
134.11,21.62,0.4324,None kPa,N/A,24342,['C'],A,Laser pulse heating,"origin: commercial source,99.9999 weight % (total),stated by supplier",99.9999,Weight %,1983
138.54,21.7,0.434,None kPa,N/A,24342,['C'],A,Laser pulse heating,"origin: commercial source,99.9999 weight % (total),stated by supplier",99.9999,Weight %,1983
142.5,21.91,0.4382,None kPa,N/A,24342,['C'],A,Laser pulse heating,"origin: commercial source,99.9999 weight % (total),stated by supplier",99.9999,Weight %,1983
145.6,22.2,0.444,None kPa,N/A,24342,['C'],A,Laser pulse heating,"origin: commercial source,99.9999 weight % (total),stated by supplier",99.9999,Weight %,1983
149.84,22.38,0.4476,None kPa,N/A,24342,['C'],A,Laser pulse heating,"origin: commercial source,99.9999 weight % (total),stated by supplier",99.9999,Weight %,1983
154.09,22.56,0.4512,None kPa,N/A,24342,['C'],A,Laser pulse heating,"origin: commercial source,99.9999 weight % (total),stated by supplier",99.9999,Weight %,1983
158.59,22.8,0.456,None kPa,N/A,24342,['C'],A,Laser pulse heating,"origin: commercial source,99.9999 weight % (total),stated by supplier",99.9999,Weight %,1983
162.92,23.01,0.4602,None kPa,N/A,24342,['C'],A,Laser pulse heating,"origin: commercial source,99.9999 weight % (total),stated by supplier",99.9999,Weight %,1983
167.22,23.19,0.4638,None kPa,N/A,24342,['C'],A,Laser pulse heating,"origin: commercial source,99.9999 weight % (total),stated by supplier",99.9999,Weight %,1983
171.49,23.27,0.4654,None kPa,N/A,24342,['C'],A,Laser pulse heating,"origin: commercial source,99.9999 weight % (total),stated by supplier",99.9999,Weight %,1983
175.61,23.49,0.4698,None kPa,N/A,24342,['C'],A,Laser pulse heating,"origin: commercial source,99.9999 weight % (total),stated by supplier",99.9999,Weight %,1983
179.98,23.61,0.4722,None kPa,N/A,24342,['C'],A,Laser pulse heating,"origin: commercial source,99.9999 weight % (total),stated by supplier",99.9999,Weight %,1983
183.98,23.71,0.4742,None kPa,N/A,24342,['C'],A,Laser pulse heating,"origin: commercial source,99.9999 weight % (total),stated by supplier",99.9999,Weight %,1983
188.27,23.84,0.4768,None kPa,N/A,24342,['C'],A,Laser pulse heating,"origin: commercial source,99.9999 weight % (total),stated by supplier",99.9999,Weight %,1983
192.42,23.96,0.4792,None kPa,N/A,24342,['C'],A,Laser pulse heating,"origin: commercial source,99.9999 weight % (total),stated by supplier",99.9999,Weight %,1983
196.57,24.11,0.4822,None kPa,N/A,24342,['C'],A,Laser pulse heating,"origin: commercial source,99.9999 weight % (total),stated by supplier",99.9999,Weight %,1983
200.75,24.33,0.4866,None kPa,N/A,24342,['C'],A,Laser pulse heating,"origin: commercial source,99.9999 weight % (total),stated by supplier",99.9999,Weight %,1983
204.7,24.41,0.4882,None kPa,N/A,24342,['C'],A,Laser pulse heating,"origin: commercial source,99.9999 weight % (total),stated by supplier",99.9999,Weight %,1983
208.6,24.47,0.4894,None kPa,N/A,24342,['C'],A,Laser pulse heating,"origin: commercial source,99.9999 weight % (total),stated by supplier",99.9999,Weight %,1983
212.41,24.52,0.4904,None kPa,N/A,24342,['C'],A,Laser pulse heating,"origin: commercial source,99.9999 weight % (total),stated by supplier",99.9999,Weight %,1983
216.23,24.52,0.4904,None kPa,N/A,24342,['C'],A,Laser pulse heating,"origin: commercial source,99.9999 weight % (total),stated by supplier",99.9999,Weight %,1983
220.04,24.72,0.4944,None kPa,N/A,24342,['C'],A,Laser pulse heating,"origin: commercial source,99.9999 weight % (total),stated by supplier",99.9999,Weight %,1983
223.91,24.78,0.4956,None kPa,N/A,24342,['C'],A,Laser pulse heating,"origin: commercial source,99.9999 weight % (total),stated by supplier",99.9999,Weight %,1983
227.62,24.88,0.4976,None kPa,N/A,24342,['C'],A,Laser pulse heating,"origin: commercial source,99.9999 weight % (total),stated by supplier",99.9999,Weight %,1983
231.29,24.94,0.4988,None kPa,N/A,24342,['C'],A,Laser pulse heating,"origin: commercial source,99.9999 weight % (total),stated by supplier",99.9999,Weight %,1983
234.8,24.94,0.4988,None kPa,N/A,24342,['C'],A,Laser pulse heating,"origin: commercial source,99.9999 weight % (total),stated by supplier",99.9999,Weight %,1983
238.41,25.09,0.5018,None kPa,N/A,24342,['C'],A,Laser pulse heating,"origin: commercial source,99.9999 weight % (total),stated by supplier",99.9999,Weight %,1983
241.87,25.21,0.5042,None kPa,N/A,24342,['C'],A,Laser pulse heating,"origin: commercial source,99.9999 weight % (total),stated by supplier",99.9999,Weight %,1983
245.27,25.31,0.5062,None kPa,N/A,24342,['C'],A,Laser pulse heating,"origin: commercial source,99.9999 weight % (total),stated by supplier",99.9999,Weight %,1983
248.68,25.24,0.5048,None kPa,N/A,24342,['C'],A,Laser pulse heating,"origin: commercial source,99.9999 weight % (total),stated by supplier",99.9999,Weight %,1983
251.85,25.4,0.508,None kPa,N/A,24342,['C'],A,Laser pulse heating,"origin: commercial source,99.9999 weight % (total),stated by supplier",99.9999,Weight %,1983
255.01,25.41,0.5082,None kPa,N/A,24342,['C'],A,Laser pulse heating,"origin: commercial source,99.9999 weight % (total),stated by supplier",99.9999,Weight %,1983
258.06,25.45,0.509,None kPa,N/A,24342,['C'],A,Laser pulse heating,"origin: commercial source,99.9999 weight % (total),stated by supplier",99.9999,Weight %,1983
261.23,25.61,0.5122,None kPa,N/A,24342,['C'],A,Laser pulse heating,"origin: commercial source,99.9999 weight % (total),stated by supplier",99.9999,Weight %,1983
264.27,25.53,0.5106,None kPa,N/A,24342,['C'],A,Laser pulse heating,"origin: commercial source,99.9999 weight % (total),stated by supplier",99.9999,Weight %,1983
267.16,25.66,0.5132,None kPa,N/A,24342,['C'],A,Laser pulse heating,"origin: commercial source,99.9999 weight % (total),stated by supplier",99.9999,Weight %,1983
270.08,25.68,0.5136,None kPa,N/A,24342,['C'],A,Laser pulse heating,"origin: commercial source,99.9999 weight % (total),stated by supplier",99.9999,Weight %,1983
272.85,25.74,0.5148,None kPa,N/A,24342,['C'],A,Laser pulse heating,"origin: commercial source,99.9999 weight % (total),stated by supplier",99.9999,Weight %,1983
275.46,25.84,0.5168,None kPa,N/A,24342,['C'],A,Laser pulse heating,"origin: commercial source,99.9999 weight % (total),stated by supplier",99.9999,Weight %,1983
278.02,25.72,0.5144,None kPa,N/A,24342,['C'],A,Laser pulse heating,"origin: commercial source,99.9999 weight % (total),stated by supplier",99.9999,Weight %,1983
280.72,25.81,0.5162,None kPa,N/A,24342,['C'],A,Laser pulse heating,"origin: commercial source,99.9999 weight % (total),stated by supplier",99.9999,Weight %,1983
283.35,25.85,0.517,None kPa,N/A,24342,['C'],A,Laser pulse heating,"origin: commercial source,99.9999 weight % (total),stated by supplier",99.9999,Weight %,1983
285.95,25.95,0.519,None kPa,N/A,24342,['C'],A,Laser pulse heating,"origin: commercial source,99.9999 weight % (total),stated by supplier",99.9999,Weight %,1983
288.44,25.95,0.519,None kPa,N/A,24342,['C'],A,Laser pulse heating,"origin: commercial source,99.9999 weight % (total),stated by supplier",99.9999,Weight %,1983
290.71,26,0.52,None kPa,N/A,24342,['C'],A,Laser pulse heating,"origin: commercial source,99.9999 weight % (total),stated by supplier",99.9999,Weight %,1983
292.91,26.11,0.5222,None kPa,N/A,24342,['C'],A,Laser pulse heating,"origin: commercial source,99.9999 weight % (total),stated by supplier",99.9999,Weight %,1983
294.95,26.2,0.524,None kPa,N/A,24342,['C'],A,Laser pulse heating,"origin: commercial source,99.9999 weight % (total),stated by supplier",99.9999,Weight %,1983
296.92,26.28,0.5256,None kPa,N/A,24342,['C'],A,Laser pulse heating,"origin: commercial source,99.9999 weight % (total),stated by supplier",99.9999,Weight %,1983
298.87,26.29,0.5258,None kPa,N/A,24342,['C'],A,Laser pulse heating,"origin: commercial source,99.9999 weight % (total),stated by supplier",99.9999,Weight %,1983
246.5,27.4,0.548,7e-06 kPa,N/A,24344,['C'],A,Laser pulse heating,"origin: commercial source,99.9999 weight % (total),stated by supplier",99.9999,Weight %,1983
248.77,27.67,0.5534,None kPa,N/A,24344,['C'],A,Laser pulse heating,"origin: commercial source,99.9999 weight % (total),stated by supplier",99.9999,Weight %,1983
251.16,27.65,0.553,None kPa,N/A,24344,['C'],A,Laser pulse heating,"origin: commercial source,99.9999 weight % (total),stated by supplier",99.9999,Weight %,1983
253.58,27.96,0.5592,None kPa,N/A,24344,['C'],A,Laser pulse heating,"origin: commercial source,99.9999 weight % (total),stated by supplier",99.9999,Weight %,1983
213.38,26.03,0.5206,None kPa,N/A,24344,['C'],A,Laser pulse heating,"origin: commercial source,99.9999 weight % (total),stated by supplier",99.9999,Weight %,1983
215.97,26.2,0.524,None kPa,N/A,24344,['C'],A,Laser pulse heating,"origin: commercial source,99.9999 weight % (total),stated by supplier",99.9999,Weight %,1983
218.27,26.34,0.5268,None kPa,N/A,24344,['C'],A,Laser pulse heating,"origin: commercial source,99.9999 weight % (total),stated by supplier",99.9999,Weight %,1983
220.55,26.31,0.5262,None kPa,N/A,24344,['C'],A,Laser pulse heating,"origin: commercial source,99.9999 weight % (total),stated by supplier",99.9999,Weight %,1983
222.95,26.5,0.53,None kPa,N/A,24344,['C'],A,Laser pulse heating,"origin: commercial source,99.9999 weight % (total),stated by supplier",99.9999,Weight %,1983
225.43,26.5,0.53,None kPa,N/A,24344,['C'],A,Laser pulse heating,"origin: commercial source,99.9999 weight % (total),stated by supplier",99.9999,Weight %,1983
227.91,26.65,0.533,None kPa,N/A,24344,['C'],A,Laser pulse heating,"origin: commercial source,99.9999 weight % (total),stated by supplier",99.9999,Weight %,1983
230.41,26.74,0.5348,None kPa,N/A,24344,['C'],A,Laser pulse heating,"origin: commercial source,99.9999 weight % (total),stated by supplier",99.9999,Weight %,1983
232.91,26.9,0.538,None kPa,N/A,24344,['C'],A,Laser pulse heating,"origin: commercial source,99.9999 weight % (total),stated by supplier",99.9999,Weight %,1983
235.38,27.07,0.5414,None kPa,N/A,24344,['C'],A,Laser pulse heating,"origin: commercial source,99.9999 weight % (total),stated by supplier",99.9999,Weight %,1983
237.87,27.02,0.5404,None kPa,N/A,24344,['C'],A,Laser pulse heating,"origin: commercial source,99.9999 weight % (total),stated by supplier",99.9999,Weight %,1983
240.32,27.25,0.545,None kPa,N/A,24344,['C'],A,Laser pulse heating,"origin: commercial source,99.9999 weight % (total),stated by supplier",99.9999,Weight %,1983
242.77,27.18,0.5436,None kPa,N/A,24344,['C'],A,Laser pulse heating,"origin: commercial source,99.9999 weight % (total),stated by supplier",99.9999,Weight %,1983
245.21,27.35,0.547,None kPa,N/A,24344,['C'],A,Laser pulse heating,"origin: commercial source,99.9999 weight % (total),stated by supplier",99.9999,Weight %,1983
247.6,27.57,0.5514,None kPa,N/A,24344,['C'],A,Laser pulse heating,"origin: commercial source,99.9999 weight % (total),stated by supplier",99.9999,Weight %,1983
250.01,27.74,0.5548,None kPa,N/A,24344,['C'],A,Laser pulse heating,"origin: commercial source,99.9999 weight % (total),stated by supplier",99.9999,Weight %,1983
217.09,26.1,0.522,None kPa,N/A,24344,['C'],A,Laser pulse heating,"origin: commercial source,99.9999 weight % (total),stated by supplier",99.9999,Weight %,1983
5.29,0.0256,,None kPa,N/A,24349,['C'],A,Vacuum adiabatic calorimetry,"origin: synthesized by others,99.9999 weight % (total),spectroscopy",99.9999,Weight %,1984
6.26,0.0373,,None kPa,N/A,24349,['C'],A,Vacuum adiabatic calorimetry,"origin: synthesized by others,99.9999 weight % (total),spectroscopy",99.9999,Weight %,1984
6.35,0.0415,,None kPa,N/A,24349,['C'],A,Vacuum adiabatic calorimetry,"origin: synthesized by others,99.9999 weight % (total),spectroscopy",99.9999,Weight %,1984
7.08,0.0597,,None kPa,N/A,24349,['C'],A,Vacuum adiabatic calorimetry,"origin: synthesized by others,99.9999 weight % (total),spectroscopy",99.9999,Weight %,1984
7.36,0.0633,,None kPa,N/A,24349,['C'],A,Vacuum adiabatic calorimetry,"origin: synthesized by others,99.9999 weight % (total),spectroscopy",99.9999,Weight %,1984
8.09,0.097,,None kPa,N/A,24349,['C'],A,Vacuum adiabatic calorimetry,"origin: synthesized by others,99.9999 weight % (total),spectroscopy",99.9999,Weight %,1984
8.31,0.108,,None kPa,N/A,24349,['C'],A,Vacuum adiabatic calorimetry,"origin: synthesized by others,99.9999 weight % (total),spectroscopy",99.9999,Weight %,1984
8.46,0.109,,None kPa,N/A,24349,['C'],A,Vacuum adiabatic calorimetry,"origin: synthesized by others,99.9999 weight % (total),spectroscopy",99.9999,Weight %,1984
8.7,0.124,,None kPa,N/A,24349,['C'],A,Vacuum adiabatic calorimetry,"origin: synthesized by others,99.9999 weight % (total),spectroscopy",99.9999,Weight %,1984
9.08,0.154,,None kPa,N/A,24349,['C'],A,Vacuum adiabatic calorimetry,"origin: synthesized by others,99.9999 weight % (total),spectroscopy",99.9999,Weight %,1984
9.21,0.159,,None kPa,N/A,24349,['C'],A,Vacuum adiabatic calorimetry,"origin: synthesized by others,99.9999 weight % (total),spectroscopy",99.9999,Weight %,1984
9.72,0.207,,None kPa,N/A,24349,['C'],A,Vacuum adiabatic calorimetry,"origin: synthesized by others,99.9999 weight % (total),spectroscopy",99.9999,Weight %,1984
9.74,0.207,,None kPa,N/A,24349,['C'],A,Vacuum adiabatic calorimetry,"origin: synthesized by others,99.9999 weight % (total),spectroscopy",99.9999,Weight %,1984
10.05,0.243,,None kPa,N/A,24349,['C'],A,Vacuum adiabatic calorimetry,"origin: synthesized by others,99.9999 weight % (total),spectroscopy",99.9999,Weight %,1984
10.48,0.273,,None kPa,N/A,24349,['C'],A,Vacuum adiabatic calorimetry,"origin: synthesized by others,99.9999 weight % (total),spectroscopy",99.9999,Weight %,1984
10.65,0.296,,None kPa,N/A,24349,['C'],A,Vacuum adiabatic calorimetry,"origin: synthesized by others,99.9999 weight % (total),spectroscopy",99.9999,Weight %,1984
11.3,0.368,,None kPa,N/A,24349,['C'],A,Vacuum adiabatic calorimetry,"origin: synthesized by others,99.9999 weight % (total),spectroscopy",99.9999,Weight %,1984
11.58,0.409,,None kPa,N/A,24349,['C'],A,Vacuum adiabatic calorimetry,"origin: synthesized by others,99.9999 weight % (total),spectroscopy",99.9999,Weight %,1984
12.09,0.479,,None kPa,N/A,24349,['C'],A,Vacuum adiabatic calorimetry,"origin: synthesized by others,99.9999 weight % (total),spectroscopy",99.9999,Weight %,1984
12.57,0.551,,None kPa,N/A,24349,['C'],A,Vacuum adiabatic calorimetry,"origin: synthesized by others,99.9999 weight % (total),spectroscopy",99.9999,Weight %,1984
13.58,0.735,,None kPa,N/A,24349,['C'],A,Vacuum adiabatic calorimetry,"origin: synthesized by others,99.9999 weight % (total),spectroscopy",99.9999,Weight %,1984
14.46,0.904,,None kPa,N/A,24349,['C'],A,Vacuum adiabatic calorimetry,"origin: synthesized by others,99.9999 weight % (total),spectroscopy",99.9999,Weight %,1984
15.42,1.081,,None kPa,N/A,24349,['C'],A,Vacuum adiabatic calorimetry,"origin: synthesized by others,99.9999 weight % (total),spectroscopy",99.9999,Weight %,1984
15.64,1.145,,None kPa,N/A,24349,['C'],A,Vacuum adiabatic calorimetry,"origin: synthesized by others,99.9999 weight % (total),spectroscopy",99.9999,Weight %,1984
17.29,1.518,,None kPa,N/A,24349,['C'],A,Vacuum adiabatic calorimetry,"origin: synthesized by others,99.9999 weight % (total),spectroscopy",99.9999,Weight %,1984
18.76,1.882,,None kPa,N/A,24349,['C'],A,Vacuum adiabatic calorimetry,"origin: synthesized by others,99.9999 weight % (total),spectroscopy",99.9999,Weight %,1984
20.02,2.215,,None kPa,N/A,24349,['C'],A,Vacuum adiabatic calorimetry,"origin: synthesized by others,99.9999 weight % (total),spectroscopy",99.9999,Weight %,1984
21.35,2.572,,None kPa,N/A,24349,['C'],A,Vacuum adiabatic calorimetry,"origin: synthesized by others,99.9999 weight % (total),spectroscopy",99.9999,Weight %,1984
22.73,2.963,,None kPa,N/A,24349,['C'],A,Vacuum adiabatic calorimetry,"origin: synthesized by others,99.9999 weight % (total),spectroscopy",99.9999,Weight %,1984
23.89,3.288,,None kPa,N/A,24349,['C'],A,Vacuum adiabatic calorimetry,"origin: synthesized by others,99.9999 weight % (total),spectroscopy",99.9999,Weight %,1984
25.22,3.663,,None kPa,N/A,24349,['C'],A,Vacuum adiabatic calorimetry,"origin: synthesized by others,99.9999 weight % (total),spectroscopy",99.9999,Weight %,1984
26.87,4.139,,None kPa,N/A,24349,['C'],A,Vacuum adiabatic calorimetry,"origin: synthesized by others,99.9999 weight % (total),spectroscopy",99.9999,Weight %,1984
27.07,4.179,,None kPa,N/A,24349,['C'],A,Vacuum adiabatic calorimetry,"origin: synthesized by others,99.9999 weight % (total),spectroscopy",99.9999,Weight %,1984
29.46,4.878,,None kPa,N/A,24349,['C'],A,Vacuum adiabatic calorimetry,"origin: synthesized by others,99.9999 weight % (total),spectroscopy",99.9999,Weight %,1984
31.52,5.478,,None kPa,N/A,24349,['C'],A,Vacuum adiabatic calorimetry,"origin: synthesized by others,99.9999 weight % (total),spectroscopy",99.9999,Weight %,1984
33.33,6,,None kPa,N/A,24349,['C'],A,Vacuum adiabatic calorimetry,"origin: synthesized by others,99.9999 weight % (total),spectroscopy",99.9999,Weight %,1984
40.16,7.893,,None kPa,N/A,24349,['C'],A,Vacuum adiabatic calorimetry,"origin: synthesized by others,99.9999 weight % (total),spectroscopy",99.9999,Weight %,1984
40.37,7.929,,None kPa,N/A,24349,['C'],A,Vacuum adiabatic calorimetry,"origin: synthesized by others,99.9999 weight % (total),spectroscopy",99.9999,Weight %,1984
42.87,8.596,,None kPa,N/A,24349,['C'],A,Vacuum adiabatic calorimetry,"origin: synthesized by others,99.9999 weight % (total),spectroscopy",99.9999,Weight %,1984
47.23,9.741,,None kPa,N/A,24349,['C'],A,Vacuum adiabatic calorimetry,"origin: synthesized by others,99.9999 weight % (total),spectroscopy",99.9999,Weight %,1984
55.16,11.63,,None kPa,N/A,24349,['C'],A,Vacuum adiabatic calorimetry,"origin: synthesized by others,99.9999 weight % (total),spectroscopy",99.9999,Weight %,1984
57.63,12.17,,None kPa,N/A,24349,['C'],A,Vacuum adiabatic calorimetry,"origin: synthesized by others,99.9999 weight % (total),spectroscopy",99.9999,Weight %,1984
59.93,12.66,,None kPa,N/A,24349,['C'],A,Vacuum adiabatic calorimetry,"origin: synthesized by others,99.9999 weight % (total),spectroscopy",99.9999,Weight %,1984
65.8,13.81,,None kPa,N/A,24349,['C'],A,Vacuum adiabatic calorimetry,"origin: synthesized by others,99.9999 weight % (total),spectroscopy",99.9999,Weight %,1984
67.61,14.15,,None kPa,N/A,24349,['C'],A,Vacuum adiabatic calorimetry,"origin: synthesized by others,99.9999 weight % (total),spectroscopy",99.9999,Weight %,1984
69.7,14.53,,None kPa,N/A,24349,['C'],A,Vacuum adiabatic calorimetry,"origin: synthesized by others,99.9999 weight % (total),spectroscopy",99.9999,Weight %,1984
78.27,15.93,,None kPa,N/A,24349,['C'],A,Vacuum adiabatic calorimetry,"origin: synthesized by others,99.9999 weight % (total),spectroscopy",99.9999,Weight %,1984
80.73,16.3,,None kPa,N/A,24349,['C'],A,Vacuum adiabatic calorimetry,"origin: synthesized by others,99.9999 weight % (total),spectroscopy",99.9999,Weight %,1984
81.11,16.35,,None kPa,N/A,24349,['C'],A,Vacuum adiabatic calorimetry,"origin: synthesized by others,99.9999 weight % (total),spectroscopy",99.9999,Weight %,1984
82.08,16.48,,None kPa,N/A,24349,['C'],A,Vacuum adiabatic calorimetry,"origin: synthesized by others,99.9999 weight % (total),spectroscopy",99.9999,Weight %,1984
83.04,16.62,,None kPa,N/A,24349,['C'],A,Vacuum adiabatic calorimetry,"origin: synthesized by others,99.9999 weight % (total),spectroscopy",99.9999,Weight %,1984
83.81,16.75,,None kPa,N/A,24349,['C'],A,Vacuum adiabatic calorimetry,"origin: synthesized by others,99.9999 weight % (total),spectroscopy",99.9999,Weight %,1984
84.94,16.9,,None kPa,N/A,24349,['C'],A,Vacuum adiabatic calorimetry,"origin: synthesized by others,99.9999 weight % (total),spectroscopy",99.9999,Weight %,1984
85.23,16.95,,None kPa,N/A,24349,['C'],A,Vacuum adiabatic calorimetry,"origin: synthesized by others,99.9999 weight % (total),spectroscopy",99.9999,Weight %,1984
87.16,17.21,,None kPa,N/A,24349,['C'],A,Vacuum adiabatic calorimetry,"origin: synthesized by others,99.9999 weight % (total),spectroscopy",99.9999,Weight %,1984
87.25,17.21,,None kPa,N/A,24349,['C'],A,Vacuum adiabatic calorimetry,"origin: synthesized by others,99.9999 weight % (total),spectroscopy",99.9999,Weight %,1984
89.49,17.5,,None kPa,N/A,24349,['C'],A,Vacuum adiabatic calorimetry,"origin: synthesized by others,99.9999 weight % (total),spectroscopy",99.9999,Weight %,1984
89.6,17.52,,None kPa,N/A,24349,['C'],A,Vacuum adiabatic calorimetry,"origin: synthesized by others,99.9999 weight % (total),spectroscopy",99.9999,Weight %,1984
92.26,17.82,,None kPa,N/A,24349,['C'],A,Vacuum adiabatic calorimetry,"origin: synthesized by others,99.9999 weight % (total),spectroscopy",99.9999,Weight %,1984
99.19,18.64,,None kPa,N/A,24349,['C'],A,Vacuum adiabatic calorimetry,"origin: synthesized by others,99.9999 weight % (total),spectroscopy",99.9999,Weight %,1984
101.24,18.86,,None kPa,N/A,24349,['C'],A,Vacuum adiabatic calorimetry,"origin: synthesized by others,99.9999 weight % (total),spectroscopy",99.9999,Weight %,1984
103.27,19.05,,None kPa,N/A,24349,['C'],A,Vacuum adiabatic calorimetry,"origin: synthesized by others,99.9999 weight % (total),spectroscopy",99.9999,Weight %,1984
105.53,19.25,,None kPa,N/A,24349,['C'],A,Vacuum adiabatic calorimetry,"origin: synthesized by others,99.9999 weight % (total),spectroscopy",99.9999,Weight %,1984
105.85,19.3,,None kPa,N/A,24349,['C'],A,Vacuum adiabatic calorimetry,"origin: synthesized by others,99.9999 weight % (total),spectroscopy",99.9999,Weight %,1984
108.02,19.49,,None kPa,N/A,24349,['C'],A,Vacuum adiabatic calorimetry,"origin: synthesized by others,99.9999 weight % (total),spectroscopy",99.9999,Weight %,1984
108.33,19.52,,None kPa,N/A,24349,['C'],A,Vacuum adiabatic calorimetry,"origin: synthesized by others,99.9999 weight % (total),spectroscopy",99.9999,Weight %,1984
110.47,19.71,,None kPa,N/A,24349,['C'],A,Vacuum adiabatic calorimetry,"origin: synthesized by others,99.9999 weight % (total),spectroscopy",99.9999,Weight %,1984
111.16,19.77,,None kPa,N/A,24349,['C'],A,Vacuum adiabatic calorimetry,"origin: synthesized by others,99.9999 weight % (total),spectroscopy",99.9999,Weight %,1984
113.31,19.95,,None kPa,N/A,24349,['C'],A,Vacuum adiabatic calorimetry,"origin: synthesized by others,99.9999 weight % (total),spectroscopy",99.9999,Weight %,1984
116.82,20.24,,None kPa,N/A,24349,['C'],A,Vacuum adiabatic calorimetry,"origin: synthesized by others,99.9999 weight % (total),spectroscopy",99.9999,Weight %,1984
118.7,20.38,,None kPa,N/A,24349,['C'],A,Vacuum adiabatic calorimetry,"origin: synthesized by others,99.9999 weight % (total),spectroscopy",99.9999,Weight %,1984
123.02,20.69,,None kPa,N/A,24349,['C'],A,Vacuum adiabatic calorimetry,"origin: synthesized by others,99.9999 weight % (total),spectroscopy",99.9999,Weight %,1984
125.25,20.85,,None kPa,N/A,24349,['C'],A,Vacuum adiabatic calorimetry,"origin: synthesized by others,99.9999 weight % (total),spectroscopy",99.9999,Weight %,1984
127.23,20.98,,None kPa,N/A,24349,['C'],A,Vacuum adiabatic calorimetry,"origin: synthesized by others,99.9999 weight % (total),spectroscopy",99.9999,Weight %,1984
128.81,21.09,,None kPa,N/A,24349,['C'],A,Vacuum adiabatic calorimetry,"origin: synthesized by others,99.9999 weight % (total),spectroscopy",99.9999,Weight %,1984
132.85,21.32,,None kPa,N/A,24349,['C'],A,Vacuum adiabatic calorimetry,"origin: synthesized by others,99.9999 weight % (total),spectroscopy",99.9999,Weight %,1984
137.37,21.59,,None kPa,N/A,24349,['C'],A,Vacuum adiabatic calorimetry,"origin: synthesized by others,99.9999 weight % (total),spectroscopy",99.9999,Weight %,1984
142.33,21.88,,None kPa,N/A,24349,['C'],A,Vacuum adiabatic calorimetry,"origin: synthesized by others,99.9999 weight % (total),spectroscopy",99.9999,Weight %,1984
147.75,22.15,,None kPa,N/A,24349,['C'],A,Vacuum adiabatic calorimetry,"origin: synthesized by others,99.9999 weight % (total),spectroscopy",99.9999,Weight %,1984
153.01,22.41,,None kPa,N/A,24349,['C'],A,Vacuum adiabatic calorimetry,"origin: synthesized by others,99.9999 weight % (total),spectroscopy",99.9999,Weight %,1984
158.19,22.65,,None kPa,N/A,24349,['C'],A,Vacuum adiabatic calorimetry,"origin: synthesized by others,99.9999 weight % (total),spectroscopy",99.9999,Weight %,1984
163.28,22.86,,None kPa,N/A,24349,['C'],A,Vacuum adiabatic calorimetry,"origin: synthesized by others,99.9999 weight % (total),spectroscopy",99.9999,Weight %,1984
167.86,23.04,,None kPa,N/A,24349,['C'],A,Vacuum adiabatic calorimetry,"origin: synthesized by others,99.9999 weight % (total),spectroscopy",99.9999,Weight %,1984
168.29,23.06,,None kPa,N/A,24349,['C'],A,Vacuum adiabatic calorimetry,"origin: synthesized by others,99.9999 weight % (total),spectroscopy",99.9999,Weight %,1984
173.33,23.24,,None kPa,N/A,24349,['C'],A,Vacuum adiabatic calorimetry,"origin: synthesized by others,99.9999 weight % (total),spectroscopy",99.9999,Weight %,1984
173.46,23.24,,None kPa,N/A,24349,['C'],A,Vacuum adiabatic calorimetry,"origin: synthesized by others,99.9999 weight % (total),spectroscopy",99.9999,Weight %,1984
178.72,23.43,,None kPa,N/A,24349,['C'],A,Vacuum adiabatic calorimetry,"origin: synthesized by others,99.9999 weight % (total),spectroscopy",99.9999,Weight %,1984
184.02,23.62,,None kPa,N/A,24349,['C'],A,Vacuum adiabatic calorimetry,"origin: synthesized by others,99.9999 weight % (total),spectroscopy",99.9999,Weight %,1984
189.25,23.79,,None kPa,N/A,24349,['C'],A,Vacuum adiabatic calorimetry,"origin: synthesized by others,99.9999 weight % (total),spectroscopy",99.9999,Weight %,1984
194.41,23.94,,None kPa,N/A,24349,['C'],A,Vacuum adiabatic calorimetry,"origin: synthesized by others,99.9999 weight % (total),spectroscopy",99.9999,Weight %,1984
199.51,24.09,,None kPa,N/A,24349,['C'],A,Vacuum adiabatic calorimetry,"origin: synthesized by others,99.9999 weight % (total),spectroscopy",99.9999,Weight %,1984
204.55,24.23,,None kPa,N/A,24349,['C'],A,Vacuum adiabatic calorimetry,"origin: synthesized by others,99.9999 weight % (total),spectroscopy",99.9999,Weight %,1984
210.08,24.36,,None kPa,N/A,24349,['C'],A,Vacuum adiabatic calorimetry,"origin: synthesized by others,99.9999 weight % (total),spectroscopy",99.9999,Weight %,1984
216.11,24.52,,None kPa,N/A,24349,['C'],A,Vacuum adiabatic calorimetry,"origin: synthesized by others,99.9999 weight % (total),spectroscopy",99.9999,Weight %,1984
224.3,24.72,,None kPa,N/A,24349,['C'],A,Vacuum adiabatic calorimetry,"origin: synthesized by others,99.9999 weight % (total),spectroscopy",99.9999,Weight %,1984
230.15,24.84,,None kPa,N/A,24349,['C'],A,Vacuum adiabatic calorimetry,"origin: synthesized by others,99.9999 weight % (total),spectroscopy",99.9999,Weight %,1984
235.94,24.97,,None kPa,N/A,24349,['C'],A,Vacuum adiabatic calorimetry,"origin: synthesized by others,99.9999 weight % (total),spectroscopy",99.9999,Weight %,1984
241.67,25.09,,None kPa,N/A,24349,['C'],A,Vacuum adiabatic calorimetry,"origin: synthesized by others,99.9999 weight % (total),spectroscopy",99.9999,Weight %,1984
247.34,25.22,,None kPa,N/A,24349,['C'],A,Vacuum adiabatic calorimetry,"origin: synthesized by others,99.9999 weight % (total),spectroscopy",99.9999,Weight %,1984
252.96,25.34,,None kPa,N/A,24349,['C'],A,Vacuum adiabatic calorimetry,"origin: synthesized by others,99.9999 weight % (total),spectroscopy",99.9999,Weight %,1984
258.53,25.45,,None kPa,N/A,24349,['C'],A,Vacuum adiabatic calorimetry,"origin: synthesized by others,99.9999 weight % (total),spectroscopy",99.9999,Weight %,1984
262.74,25.49,,None kPa,N/A,24349,['C'],A,Vacuum adiabatic calorimetry,"origin: synthesized by others,99.9999 weight % (total),spectroscopy",99.9999,Weight %,1984
265.23,25.54,,None kPa,N/A,24349,['C'],A,Vacuum adiabatic calorimetry,"origin: synthesized by others,99.9999 weight % (total),spectroscopy",99.9999,Weight %,1984
266.7,25.6,,None kPa,N/A,24349,['C'],A,Vacuum adiabatic calorimetry,"origin: synthesized by others,99.9999 weight % (total),spectroscopy",99.9999,Weight %,1984
267.22,25.59,,None kPa,N/A,24349,['C'],A,Vacuum adiabatic calorimetry,"origin: synthesized by others,99.9999 weight % (total),spectroscopy",99.9999,Weight %,1984
276.72,25.6,,None kPa,N/A,24349,['C'],A,Vacuum adiabatic calorimetry,"origin: synthesized by others,99.9999 weight % (total),spectroscopy",99.9999,Weight %,1984
269.35,25.64,,None kPa,N/A,24349,['C'],A,Vacuum adiabatic calorimetry,"origin: synthesized by others,99.9999 weight % (total),spectroscopy",99.9999,Weight %,1984
269.94,25.66,,None kPa,N/A,24349,['C'],A,Vacuum adiabatic calorimetry,"origin: synthesized by others,99.9999 weight % (total),spectroscopy",99.9999,Weight %,1984
270.2,25.64,,None kPa,N/A,24349,['C'],A,Vacuum adiabatic calorimetry,"origin: synthesized by others,99.9999 weight % (total),spectroscopy",99.9999,Weight %,1984
270.37,25.64,,None kPa,N/A,24349,['C'],A,Vacuum adiabatic calorimetry,"origin: synthesized by others,99.9999 weight % (total),spectroscopy",99.9999,Weight %,1984
272.66,25.69,,None kPa,N/A,24349,['C'],A,Vacuum adiabatic calorimetry,"origin: synthesized by others,99.9999 weight % (total),spectroscopy",99.9999,Weight %,1984
273.05,25.74,,None kPa,N/A,24349,['C'],A,Vacuum adiabatic calorimetry,"origin: synthesized by others,99.9999 weight % (total),spectroscopy",99.9999,Weight %,1984
273.5,25.72,,None kPa,N/A,24349,['C'],A,Vacuum adiabatic calorimetry,"origin: synthesized by others,99.9999 weight % (total),spectroscopy",99.9999,Weight %,1984
274.73,25.77,,None kPa,N/A,24349,['C'],A,Vacuum adiabatic calorimetry,"origin: synthesized by others,99.9999 weight % (total),spectroscopy",99.9999,Weight %,1984
275.11,25.76,,None kPa,N/A,24349,['C'],A,Vacuum adiabatic calorimetry,"origin: synthesized by others,99.9999 weight % (total),spectroscopy",99.9999,Weight %,1984
276.14,25.78,,None kPa,N/A,24349,['C'],A,Vacuum adiabatic calorimetry,"origin: synthesized by others,99.9999 weight % (total),spectroscopy",99.9999,Weight %,1984
276.77,25.81,,None kPa,N/A,24349,['C'],A,Vacuum adiabatic calorimetry,"origin: synthesized by others,99.9999 weight % (total),spectroscopy",99.9999,Weight %,1984
277.55,25.8,,None kPa,N/A,24349,['C'],A,Vacuum adiabatic calorimetry,"origin: synthesized by others,99.9999 weight % (total),spectroscopy",99.9999,Weight %,1984
277.9,25.81,,None kPa,N/A,24349,['C'],A,Vacuum adiabatic calorimetry,"origin: synthesized by others,99.9999 weight % (total),spectroscopy",99.9999,Weight %,1984
279.23,25.82,,None kPa,N/A,24349,['C'],A,Vacuum adiabatic calorimetry,"origin: synthesized by others,99.9999 weight % (total),spectroscopy",99.9999,Weight %,1984
279.91,25.85,,None kPa,N/A,24349,['C'],A,Vacuum adiabatic calorimetry,"origin: synthesized by others,99.9999 weight % (total),spectroscopy",99.9999,Weight %,1984
279.98,25.82,,None kPa,N/A,24349,['C'],A,Vacuum adiabatic calorimetry,"origin: synthesized by others,99.9999 weight % (total),spectroscopy",99.9999,Weight %,1984
282.3,25.87,,None kPa,N/A,24349,['C'],A,Vacuum adiabatic calorimetry,"origin: synthesized by others,99.9999 weight % (total),spectroscopy",99.9999,Weight %,1984
283.04,25.89,,None kPa,N/A,24349,['C'],A,Vacuum adiabatic calorimetry,"origin: synthesized by others,99.9999 weight % (total),spectroscopy",99.9999,Weight %,1984
283.58,25.91,,None kPa,N/A,24349,['C'],A,Vacuum adiabatic calorimetry,"origin: synthesized by others,99.9999 weight % (total),spectroscopy",99.9999,Weight %,1984
285.36,25.92,,None kPa,N/A,24349,['C'],A,Vacuum adiabatic calorimetry,"origin: synthesized by others,99.9999 weight % (total),spectroscopy",99.9999,Weight %,1984
286.13,25.94,,None kPa,N/A,24349,['C'],A,Vacuum adiabatic calorimetry,"origin: synthesized by others,99.9999 weight % (total),spectroscopy",99.9999,Weight %,1984
288.67,25.96,,None kPa,N/A,24349,['C'],A,Vacuum adiabatic calorimetry,"origin: synthesized by others,99.9999 weight % (total),spectroscopy",99.9999,Weight %,1984
289.19,26.02,,None kPa,N/A,24349,['C'],A,Vacuum adiabatic calorimetry,"origin: synthesized by others,99.9999 weight % (total),spectroscopy",99.9999,Weight %,1984
289.22,26,,None kPa,N/A,24349,['C'],A,Vacuum adiabatic calorimetry,"origin: synthesized by others,99.9999 weight % (total),spectroscopy",99.9999,Weight %,1984
291.41,26.02,,None kPa,N/A,24349,['C'],A,Vacuum adiabatic calorimetry,"origin: synthesized by others,99.9999 weight % (total),spectroscopy",99.9999,Weight %,1984
291.72,26.03,,None kPa,N/A,24349,['C'],A,Vacuum adiabatic calorimetry,"origin: synthesized by others,99.9999 weight % (total),spectroscopy",99.9999,Weight %,1984
292.29,26.04,,None kPa,N/A,24349,['C'],A,Vacuum adiabatic calorimetry,"origin: synthesized by others,99.9999 weight % (total),spectroscopy",99.9999,Weight %,1984
294.47,26.06,,None kPa,N/A,24349,['C'],A,Vacuum adiabatic calorimetry,"origin: synthesized by others,99.9999 weight % (total),spectroscopy",99.9999,Weight %,1984
294.76,26.11,,None kPa,N/A,24349,['C'],A,Vacuum adiabatic calorimetry,"origin: synthesized by others,99.9999 weight % (total),spectroscopy",99.9999,Weight %,1984
294.76,26.07,,None kPa,N/A,24349,['C'],A,Vacuum adiabatic calorimetry,"origin: synthesized by others,99.9999 weight % (total),spectroscopy",99.9999,Weight %,1984
295.34,26.07,,None kPa,N/A,24349,['C'],A,Vacuum adiabatic calorimetry,"origin: synthesized by others,99.9999 weight % (total),spectroscopy",99.9999,Weight %,1984
295.63,26.08,,None kPa,N/A,24349,['C'],A,Vacuum adiabatic calorimetry,"origin: synthesized by others,99.9999 weight % (total),spectroscopy",99.9999,Weight %,1984
296.98,26.1,,None kPa,N/A,24349,['C'],A,Vacuum adiabatic calorimetry,"origin: synthesized by others,99.9999 weight % (total),spectroscopy",99.9999,Weight %,1984
297.07,26.1,,None kPa,N/A,24349,['C'],A,Vacuum adiabatic calorimetry,"origin: synthesized by others,99.9999 weight % (total),spectroscopy",99.9999,Weight %,1984
297.4,26.12,,None kPa,N/A,24349,['C'],A,Vacuum adiabatic calorimetry,"origin: synthesized by others,99.9999 weight % (total),spectroscopy",99.9999,Weight %,1984
298.21,26.1,,None kPa,N/A,24349,['C'],A,Vacuum adiabatic calorimetry,"origin: synthesized by others,99.9999 weight % (total),spectroscopy",99.9999,Weight %,1984
298.64,26.13,,None kPa,N/A,24349,['C'],A,Vacuum adiabatic calorimetry,"origin: synthesized by others,99.9999 weight % (total),spectroscopy",99.9999,Weight %,1984
299.37,26.14,,None kPa,N/A,24349,['C'],A,Vacuum adiabatic calorimetry,"origin: synthesized by others,99.9999 weight % (total),spectroscopy",99.9999,Weight %,1984
299.63,26.14,,None kPa,N/A,24349,['C'],A,Vacuum adiabatic calorimetry,"origin: synthesized by others,99.9999 weight % (total),spectroscopy",99.9999,Weight %,1984
299.84,26.14,,None kPa,N/A,24349,['C'],A,Vacuum adiabatic calorimetry,"origin: synthesized by others,99.9999 weight % (total),spectroscopy",99.9999,Weight %,1984
300.2,26.16,,None kPa,N/A,24349,['C'],A,Vacuum adiabatic calorimetry,"origin: synthesized by others,99.9999 weight % (total),spectroscopy",99.9999,Weight %,1984
300.2,26.19,,None kPa,N/A,24349,['C'],A,Vacuum adiabatic calorimetry,"origin: synthesized by others,99.9999 weight % (total),spectroscopy",99.9999,Weight %,1984
300.58,26.17,,None kPa,N/A,24349,['C'],A,Vacuum adiabatic calorimetry,"origin: synthesized by others,99.9999 weight % (total),spectroscopy",99.9999,Weight %,1984
300.87,26.17,,None kPa,N/A,24349,['C'],A,Vacuum adiabatic calorimetry,"origin: synthesized by others,99.9999 weight % (total),spectroscopy",99.9999,Weight %,1984
301.17,26.22,,None kPa,N/A,24349,['C'],A,Vacuum adiabatic calorimetry,"origin: synthesized by others,99.9999 weight % (total),spectroscopy",99.9999,Weight %,1984
301.35,26.21,,None kPa,N/A,24349,['C'],A,Vacuum adiabatic calorimetry,"origin: synthesized by others,99.9999 weight % (total),spectroscopy",99.9999,Weight %,1984
301.52,26.19,,None kPa,N/A,24349,['C'],A,Vacuum adiabatic calorimetry,"origin: synthesized by others,99.9999 weight % (total),spectroscopy",99.9999,Weight %,1984
301.66,26.29,,None kPa,N/A,24349,['C'],A,Vacuum adiabatic calorimetry,"origin: synthesized by others,99.9999 weight % (total),spectroscopy",99.9999,Weight %,1984
301.88,26.25,,None kPa,N/A,24349,['C'],A,Vacuum adiabatic calorimetry,"origin: synthesized by others,99.9999 weight % (total),spectroscopy",99.9999,Weight %,1984
302.28,26.54,,None kPa,N/A,24349,['C'],A,Vacuum adiabatic calorimetry,"origin: synthesized by others,99.9999 weight % (total),spectroscopy",99.9999,Weight %,1984
302.36,26.52,,None kPa,N/A,24349,['C'],A,Vacuum adiabatic calorimetry,"origin: synthesized by others,99.9999 weight % (total),spectroscopy",99.9999,Weight %,1984
