Temperature: K,Heat capacity at constant pressure Cp: J/K/mol,Uncertainty,Pressure,Ref Temp,Data Set ID,State,Representation,Method,Description,Purity,Purity Units,Year
53.7,5.70698,0.11414,None kPa,N/A,5180,['C'],A,Vacuum adiabatic calorimetry,"origin: synthesized by author,99.76 % (total),chemical analysis",99.76,Not Specified %,1939
56.8,6.41407,0.128281,None kPa,N/A,5180,['C'],A,Vacuum adiabatic calorimetry,"origin: synthesized by author,99.76 % (total),chemical analysis",99.76,Not Specified %,1939
60.3,7.25924,0.145185,None kPa,N/A,5180,['C'],A,Vacuum adiabatic calorimetry,"origin: synthesized by author,99.76 % (total),chemical analysis",99.76,Not Specified %,1939
64.0,8.16717,0.163343,None kPa,N/A,5180,['C'],A,Vacuum adiabatic calorimetry,"origin: synthesized by author,99.76 % (total),chemical analysis",99.76,Not Specified %,1939
68.0,9.10438,0.182088,None kPa,N/A,5180,['C'],A,Vacuum adiabatic calorimetry,"origin: synthesized by author,99.76 % (total),chemical analysis",99.76,Not Specified %,1939
74.8,10.6441,0.212882,None kPa,N/A,5180,['C'],A,Vacuum adiabatic calorimetry,"origin: synthesized by author,99.76 % (total),chemical analysis",99.76,Not Specified %,1939
80.4,11.8993,0.237986,None kPa,N/A,5180,['C'],A,Vacuum adiabatic calorimetry,"origin: synthesized by author,99.76 % (total),chemical analysis",99.76,Not Specified %,1939
88.2,13.0959,0.261918,None kPa,N/A,5180,['C'],A,Vacuum adiabatic calorimetry,"origin: synthesized by author,99.76 % (total),chemical analysis",99.76,Not Specified %,1939
96.9,14.644,0.29288,None kPa,N/A,5180,['C'],A,Vacuum adiabatic calorimetry,"origin: synthesized by author,99.76 % (total),chemical analysis",99.76,Not Specified %,1939
105.8,15.7109,0.314218,None kPa,N/A,5180,['C'],A,Vacuum adiabatic calorimetry,"origin: synthesized by author,99.76 % (total),chemical analysis",99.76,Not Specified %,1939
115.0,16.7151,0.334302,None kPa,N/A,5180,['C'],A,Vacuum adiabatic calorimetry,"origin: synthesized by author,99.76 % (total),chemical analysis",99.76,Not Specified %,1939
124.1,17.6941,0.353883,None kPa,N/A,5180,['C'],A,Vacuum adiabatic calorimetry,"origin: synthesized by author,99.76 % (total),chemical analysis",99.76,Not Specified %,1939
133.2,18.5979,0.371958,None kPa,N/A,5180,['C'],A,Vacuum adiabatic calorimetry,"origin: synthesized by author,99.76 % (total),chemical analysis",99.76,Not Specified %,1939
143.0,19.4556,0.389112,None kPa,N/A,5180,['C'],A,Vacuum adiabatic calorimetry,"origin: synthesized by author,99.76 % (total),chemical analysis",99.76,Not Specified %,1939
153.5,20.3259,0.406517,None kPa,N/A,5180,['C'],A,Vacuum adiabatic calorimetry,"origin: synthesized by author,99.76 % (total),chemical analysis",99.76,Not Specified %,1939
163.1,20.9995,0.41999,None kPa,N/A,5180,['C'],A,Vacuum adiabatic calorimetry,"origin: synthesized by author,99.76 % (total),chemical analysis",99.76,Not Specified %,1939
172.9,21.6104,0.432207,None kPa,N/A,5180,['C'],A,Vacuum adiabatic calorimetry,"origin: synthesized by author,99.76 % (total),chemical analysis",99.76,Not Specified %,1939
183.2,22.2212,0.444424,None kPa,N/A,5180,['C'],A,Vacuum adiabatic calorimetry,"origin: synthesized by author,99.76 % (total),chemical analysis",99.76,Not Specified %,1939
193.1,22.7777,0.455554,None kPa,N/A,5180,['C'],A,Vacuum adiabatic calorimetry,"origin: synthesized by author,99.76 % (total),chemical analysis",99.76,Not Specified %,1939
203.3,23.171,0.46342,None kPa,N/A,5180,['C'],A,Vacuum adiabatic calorimetry,"origin: synthesized by author,99.76 % (total),chemical analysis",99.76,Not Specified %,1939
213.0,23.6229,0.472457,None kPa,N/A,5180,['C'],A,Vacuum adiabatic calorimetry,"origin: synthesized by author,99.76 % (total),chemical analysis",99.76,Not Specified %,1939
222.5,24.0413,0.480825,None kPa,N/A,5180,['C'],A,Vacuum adiabatic calorimetry,"origin: synthesized by author,99.76 % (total),chemical analysis",99.76,Not Specified %,1939
231.5,24.2798,0.485595,None kPa,N/A,5180,['C'],A,Vacuum adiabatic calorimetry,"origin: synthesized by author,99.76 % (total),chemical analysis",99.76,Not Specified %,1939
244.1,24.7609,0.495218,None kPa,N/A,5180,['C'],A,Vacuum adiabatic calorimetry,"origin: synthesized by author,99.76 % (total),chemical analysis",99.76,Not Specified %,1939
254.4,25.1249,0.502498,None kPa,N/A,5180,['C'],A,Vacuum adiabatic calorimetry,"origin: synthesized by author,99.76 % (total),chemical analysis",99.76,Not Specified %,1939
265.8,25.4471,0.508942,None kPa,N/A,5180,['C'],A,Vacuum adiabatic calorimetry,"origin: synthesized by author,99.76 % (total),chemical analysis",99.76,Not Specified %,1939
275.0,25.6437,0.512875,None kPa,N/A,5180,['C'],A,Vacuum adiabatic calorimetry,"origin: synthesized by author,99.76 % (total),chemical analysis",99.76,Not Specified %,1939
278.1,25.719,0.514381,None kPa,N/A,5180,['C'],A,Vacuum adiabatic calorimetry,"origin: synthesized by author,99.76 % (total),chemical analysis",99.76,Not Specified %,1939
282.0,25.899,0.517979,None kPa,N/A,5180,['C'],A,Vacuum adiabatic calorimetry,"origin: synthesized by author,99.76 % (total),chemical analysis",99.76,Not Specified %,1939
285.9,25.8529,0.517059,None kPa,N/A,5180,['C'],A,Vacuum adiabatic calorimetry,"origin: synthesized by author,99.76 % (total),chemical analysis",99.76,Not Specified %,1939
289.8,25.8697,0.517393,None kPa,N/A,5180,['C'],A,Vacuum adiabatic calorimetry,"origin: synthesized by author,99.76 % (total),chemical analysis",99.76,Not Specified %,1939
15.9,0.396643,0.0198322,None kPa,N/A,5292,['C'],A,AC calorimetry,not stated,,,1940
15.91,0.392878,0.0196439,None kPa,N/A,5292,['C'],A,AC calorimetry,not stated,,,1940
16.03,0.413379,0.020669,None kPa,N/A,5292,['C'],A,AC calorimetry,not stated,,,1940
16.67,0.441412,0.0220706,None kPa,N/A,5292,['C'],A,AC calorimetry,not stated,,,1940
16.85,0.43137,0.0215685,None kPa,N/A,5292,['C'],A,AC calorimetry,not stated,,,1940
17.16,0.443504,0.0221752,None kPa,N/A,5292,['C'],A,AC calorimetry,not stated,,,1940
17.32,0.458566,0.0229283,None kPa,N/A,5292,['C'],A,AC calorimetry,not stated,,,1940
17.25,0.433881,0.021694,None kPa,N/A,5292,['C'],A,AC calorimetry,not stated,,,1940
17.41,0.455219,0.022761,None kPa,N/A,5292,['C'],A,AC calorimetry,not stated,,,1940
17.57,0.459822,0.0229911,None kPa,N/A,5292,['C'],A,AC calorimetry,not stated,,,1940
17.73,0.472374,0.0236187,None kPa,N/A,5292,['C'],A,AC calorimetry,not stated,,,1940
17.8,0.501243,0.0250622,None kPa,N/A,5292,['C'],A,AC calorimetry,not stated,,,1940
17.79,0.471118,0.0235559,None kPa,N/A,5292,['C'],A,AC calorimetry,not stated,,,1940
18.27,0.497059,0.024853,None kPa,N/A,5292,['C'],A,AC calorimetry,not stated,,,1940
18.51,0.489946,0.0244973,None kPa,N/A,5292,['C'],A,AC calorimetry,not stated,,,1940
18.75,0.512122,0.0256061,None kPa,N/A,5292,['C'],A,AC calorimetry,not stated,,,1940
18.99,0.534297,0.0267148,None kPa,N/A,5292,['C'],A,AC calorimetry,not stated,,,1940
19.23,0.529694,0.0264847,None kPa,N/A,5292,['C'],A,AC calorimetry,not stated,,,1940
19.31,0.529276,0.0264638,None kPa,N/A,5292,['C'],A,AC calorimetry,not stated,,,1940
19.35,0.536807,0.0268404,None kPa,N/A,5292,['C'],A,AC calorimetry,not stated,,,1940
19.87,0.555635,0.0277818,None kPa,N/A,5292,['C'],A,AC calorimetry,not stated,,,1940
19.96,0.576974,0.0288487,None kPa,N/A,5292,['C'],A,AC calorimetry,not stated,,,1940
19.97,0.55187,0.0275935,None kPa,N/A,5292,['C'],A,AC calorimetry,not stated,,,1940
20.14,0.568606,0.0284303,None kPa,N/A,5292,['C'],A,AC calorimetry,not stated,,,1940
20.28,0.586178,0.0293089,None kPa,N/A,5292,['C'],A,AC calorimetry,not stated,,,1940
20.41,0.594965,0.0297482,None kPa,N/A,5292,['C'],A,AC calorimetry,not stated,,,1940
20.59,0.625508,0.0312754,None kPa,N/A,5292,['C'],A,AC calorimetry,not stated,,,1940
20.74,0.630529,0.0315264,None kPa,N/A,5292,['C'],A,AC calorimetry,not stated,,,1940
20.91,0.640989,0.0320494,None kPa,N/A,5292,['C'],A,AC calorimetry,not stated,,,1940
20.97,0.626763,0.0313382,None kPa,N/A,5292,['C'],A,AC calorimetry,not stated,,,1940
21.5,0.688686,0.0344343,None kPa,N/A,5292,['C'],A,AC calorimetry,not stated,,,1940
21.85,0.639734,0.0319867,None kPa,N/A,5292,['C'],A,AC calorimetry,not stated,,,1940
22.1,0.693707,0.0346854,None kPa,N/A,5292,['C'],A,AC calorimetry,not stated,,,1940
54.2,5.77392,0.288696,1.33322e-05 kPa,N/A,5834,['C'],A,Low temperature calorimetry set up,"origin: synthesized by others,99.9 % (total),stated by supplier,sheet",99.9,Not Specified %,1945
58.2,6.66093,0.333046,None kPa,N/A,5834,['C'],A,Low temperature calorimetry set up,"origin: synthesized by others,99.9 % (total),stated by supplier,sheet",99.9,Not Specified %,1945
62.1,7.5563,0.377815,None kPa,N/A,5834,['C'],A,Low temperature calorimetry set up,"origin: synthesized by others,99.9 % (total),stated by supplier,sheet",99.9,Not Specified %,1945
70.3,9.46839,0.47342,None kPa,N/A,5834,['C'],A,Low temperature calorimetry set up,"origin: synthesized by others,99.9 % (total),stated by supplier,sheet",99.9,Not Specified %,1945
77.8,11.2257,0.561284,None kPa,N/A,5834,['C'],A,Low temperature calorimetry set up,"origin: synthesized by others,99.9 % (total),stated by supplier,sheet",99.9,Not Specified %,1945
82.2,12.2508,0.612538,None kPa,N/A,5834,['C'],A,Low temperature calorimetry set up,"origin: synthesized by others,99.9 % (total),stated by supplier,sheet",99.9,Not Specified %,1945
86.5,13.2968,0.664838,None kPa,N/A,5834,['C'],A,Low temperature calorimetry set up,"origin: synthesized by others,99.9 % (total),stated by supplier,sheet",99.9,Not Specified %,1945
90.2,14.1754,0.70877,None kPa,N/A,5834,['C'],A,Low temperature calorimetry set up,"origin: synthesized by others,99.9 % (total),stated by supplier,sheet",99.9,Not Specified %,1945
93.3,14.9076,0.74538,None kPa,N/A,5834,['C'],A,Low temperature calorimetry set up,"origin: synthesized by others,99.9 % (total),stated by supplier,sheet",99.9,Not Specified %,1945
95.9,14.9996,0.749982,None kPa,N/A,5834,['C'],A,Low temperature calorimetry set up,"origin: synthesized by others,99.9 % (total),stated by supplier,sheet",99.9,Not Specified %,1945
98.4,14.6691,0.733455,None kPa,N/A,5834,['C'],A,Low temperature calorimetry set up,"origin: synthesized by others,99.9 % (total),stated by supplier,sheet",99.9,Not Specified %,1945
101.2,14.803,0.74015,None kPa,N/A,5834,['C'],A,Low temperature calorimetry set up,"origin: synthesized by others,99.9 % (total),stated by supplier,sheet",99.9,Not Specified %,1945
104.3,15.1628,0.758141,None kPa,N/A,5834,['C'],A,Low temperature calorimetry set up,"origin: synthesized by others,99.9 % (total),stated by supplier,sheet",99.9,Not Specified %,1945
111.5,16.0666,0.803328,None kPa,N/A,5834,['C'],A,Low temperature calorimetry set up,"origin: synthesized by others,99.9 % (total),stated by supplier,sheet",99.9,Not Specified %,1945
129.3,18.1418,0.907091,None kPa,N/A,5834,['C'],A,Low temperature calorimetry set up,"origin: synthesized by others,99.9 % (total),stated by supplier,sheet",99.9,Not Specified %,1945
149.8,20.0037,1.00019,None kPa,N/A,5834,['C'],A,Low temperature calorimetry set up,"origin: synthesized by others,99.9 % (total),stated by supplier,sheet",99.9,Not Specified %,1945
172.6,21.6313,1.08156,None kPa,N/A,5834,['C'],A,Low temperature calorimetry set up,"origin: synthesized by others,99.9 % (total),stated by supplier,sheet",99.9,Not Specified %,1945
190.4,22.5894,1.12947,None kPa,N/A,5834,['C'],A,Low temperature calorimetry set up,"origin: synthesized by others,99.9 % (total),stated by supplier,sheet",99.9,Not Specified %,1945
222.5,23.9994,1.19997,None kPa,N/A,5834,['C'],A,Low temperature calorimetry set up,"origin: synthesized by others,99.9 % (total),stated by supplier,sheet",99.9,Not Specified %,1945
232.0,24.3383,1.21692,None kPa,N/A,5834,['C'],A,Low temperature calorimetry set up,"origin: synthesized by others,99.9 % (total),stated by supplier,sheet",99.9,Not Specified %,1945
241.2,24.627,1.23135,None kPa,N/A,5834,['C'],A,Low temperature calorimetry set up,"origin: synthesized by others,99.9 % (total),stated by supplier,sheet",99.9,Not Specified %,1945
251.1,24.9868,1.24934,None kPa,N/A,5834,['C'],A,Low temperature calorimetry set up,"origin: synthesized by others,99.9 % (total),stated by supplier,sheet",99.9,Not Specified %,1945
260.9,25.3299,1.2665,None kPa,N/A,5834,['C'],A,Low temperature calorimetry set up,"origin: synthesized by others,99.9 % (total),stated by supplier,sheet",99.9,Not Specified %,1945
271.0,25.6019,1.28009,None kPa,N/A,5834,['C'],A,Low temperature calorimetry set up,"origin: synthesized by others,99.9 % (total),stated by supplier,sheet",99.9,Not Specified %,1945
280.8,25.8571,1.29286,None kPa,N/A,5834,['C'],A,Low temperature calorimetry set up,"origin: synthesized by others,99.9 % (total),stated by supplier,sheet",99.9,Not Specified %,1945
291.0,26.1374,1.30687,None kPa,N/A,5834,['C'],A,Low temperature calorimetry set up,"origin: synthesized by others,99.9 % (total),stated by supplier,sheet",99.9,Not Specified %,1945
301.3,26.3634,1.31817,None kPa,N/A,5834,['C'],A,Low temperature calorimetry set up,"origin: synthesized by others,99.9 % (total),stated by supplier,sheet",99.9,Not Specified %,1945
53.7,5.91199,0.2956,1.33322e-05 kPa,N/A,5835,['C'],A,Low temperature calorimetry set up,"origin: synthesized by others,99 % (total),estimation,sheet",99.0,Not Specified %,1945
57.4,6.70695,0.335348,None kPa,N/A,5835,['C'],A,Low temperature calorimetry set up,"origin: synthesized by others,99 % (total),estimation,sheet",99.0,Not Specified %,1945
61.7,7.65254,0.382627,None kPa,N/A,5835,['C'],A,Low temperature calorimetry set up,"origin: synthesized by others,99 % (total),estimation,sheet",99.0,Not Specified %,1945
66.4,8.66925,0.433462,None kPa,N/A,5835,['C'],A,Low temperature calorimetry set up,"origin: synthesized by others,99 % (total),estimation,sheet",99.0,Not Specified %,1945
71.8,9.81566,0.490783,None kPa,N/A,5835,['C'],A,Low temperature calorimetry set up,"origin: synthesized by others,99 % (total),estimation,sheet",99.0,Not Specified %,1945
76.1,10.6901,0.534506,None kPa,N/A,5835,['C'],A,Low temperature calorimetry set up,"origin: synthesized by others,99 % (total),estimation,sheet",99.0,Not Specified %,1945
80.3,11.4851,0.574254,None kPa,N/A,5835,['C'],A,Low temperature calorimetry set up,"origin: synthesized by others,99 % (total),estimation,sheet",99.0,Not Specified %,1945
84.8,12.2968,0.614839,None kPa,N/A,5835,['C'],A,Low temperature calorimetry set up,"origin: synthesized by others,99 % (total),estimation,sheet",99.0,Not Specified %,1945
94.7,13.9746,0.698728,None kPa,N/A,5835,['C'],A,Low temperature calorimetry set up,"origin: synthesized by others,99 % (total),estimation,sheet",99.0,Not Specified %,1945
104.5,15.4557,0.772785,None kPa,N/A,5835,['C'],A,Low temperature calorimetry set up,"origin: synthesized by others,99 % (total),estimation,sheet",99.0,Not Specified %,1945
115.2,16.8908,0.84454,None kPa,N/A,5835,['C'],A,Low temperature calorimetry set up,"origin: synthesized by others,99 % (total),estimation,sheet",99.0,Not Specified %,1945
124.3,17.9619,0.898096,None kPa,N/A,5835,['C'],A,Low temperature calorimetry set up,"origin: synthesized by others,99 % (total),estimation,sheet",99.0,Not Specified %,1945
135.0,19.1,0.954998,None kPa,N/A,5835,['C'],A,Low temperature calorimetry set up,"origin: synthesized by others,99 % (total),estimation,sheet",99.0,Not Specified %,1945
145.8,20.0623,1.00311,None kPa,N/A,5835,['C'],A,Low temperature calorimetry set up,"origin: synthesized by others,99 % (total),estimation,sheet",99.0,Not Specified %,1945
155.5,20.8321,1.04161,None kPa,N/A,5835,['C'],A,Low temperature calorimetry set up,"origin: synthesized by others,99 % (total),estimation,sheet",99.0,Not Specified %,1945
165.6,21.5727,1.07864,None kPa,N/A,5835,['C'],A,Low temperature calorimetry set up,"origin: synthesized by others,99 % (total),estimation,sheet",99.0,Not Specified %,1945
175.8,22.2756,1.11378,None kPa,N/A,5835,['C'],A,Low temperature calorimetry set up,"origin: synthesized by others,99 % (total),estimation,sheet",99.0,Not Specified %,1945
185.6,22.8363,1.14181,None kPa,N/A,5835,['C'],A,Low temperature calorimetry set up,"origin: synthesized by others,99 % (total),estimation,sheet",99.0,Not Specified %,1945
196.1,23.3844,1.16922,None kPa,N/A,5835,['C'],A,Low temperature calorimetry set up,"origin: synthesized by others,99 % (total),estimation,sheet",99.0,Not Specified %,1945
205.9,23.9032,1.19516,None kPa,N/A,5835,['C'],A,Low temperature calorimetry set up,"origin: synthesized by others,99 % (total),estimation,sheet",99.0,Not Specified %,1945
216.5,24.4806,1.22403,None kPa,N/A,5835,['C'],A,Low temperature calorimetry set up,"origin: synthesized by others,99 % (total),estimation,sheet",99.0,Not Specified %,1945
226.3,24.8279,1.24139,None kPa,N/A,5835,['C'],A,Low temperature calorimetry set up,"origin: synthesized by others,99 % (total),estimation,sheet",99.0,Not Specified %,1945
236.5,25.2504,1.26252,None kPa,N/A,5835,['C'],A,Low temperature calorimetry set up,"origin: synthesized by others,99 % (total),estimation,sheet",99.0,Not Specified %,1945
246.1,25.6521,1.28261,None kPa,N/A,5835,['C'],A,Low temperature calorimetry set up,"origin: synthesized by others,99 % (total),estimation,sheet",99.0,Not Specified %,1945
256.2,26.0705,1.30353,None kPa,N/A,5835,['C'],A,Low temperature calorimetry set up,"origin: synthesized by others,99 % (total),estimation,sheet",99.0,Not Specified %,1945
266.2,26.4764,1.32382,None kPa,N/A,5835,['C'],A,Low temperature calorimetry set up,"origin: synthesized by others,99 % (total),estimation,sheet",99.0,Not Specified %,1945
276.4,26.8362,1.34181,None kPa,N/A,5835,['C'],A,Low temperature calorimetry set up,"origin: synthesized by others,99 % (total),estimation,sheet",99.0,Not Specified %,1945
286.7,27.2253,1.36126,None kPa,N/A,5835,['C'],A,Low temperature calorimetry set up,"origin: synthesized by others,99 % (total),estimation,sheet",99.0,Not Specified %,1945
296.3,27.4805,1.37403,None kPa,N/A,5835,['C'],A,Low temperature calorimetry set up,"origin: synthesized by others,99 % (total),estimation,sheet",99.0,Not Specified %,1945
16.24,0.434718,0.00434718,None kPa,N/A,6211,['C'],A,Low Temp Calorimetry,"origin: commercial source,99 weight % (total),estimated by the compiler,plate",99.0,Weight %,1949
17.07,0.451872,0.00451872,None kPa,N/A,6211,['C'],A,Low Temp Calorimetry,"origin: commercial source,99 weight % (total),estimated by the compiler,plate",99.0,Weight %,1949
17.65,0.478231,0.00478231,None kPa,N/A,6211,['C'],A,Low Temp Calorimetry,"origin: commercial source,99 weight % (total),estimated by the compiler,plate",99.0,Weight %,1949
18.08,0.487854,0.00487854,None kPa,N/A,6211,['C'],A,Low Temp Calorimetry,"origin: commercial source,99 weight % (total),estimated by the compiler,plate",99.0,Weight %,1949
18.43,0.512122,0.00512122,None kPa,N/A,6211,['C'],A,Low Temp Calorimetry,"origin: commercial source,99 weight % (total),estimated by the compiler,plate",99.0,Weight %,1949
18.62,0.513795,0.00513795,None kPa,N/A,6211,['C'],A,Low Temp Calorimetry,"origin: commercial source,99 weight % (total),estimated by the compiler,plate",99.0,Weight %,1949
18.92,0.538481,0.00538481,None kPa,N/A,6211,['C'],A,Low Temp Calorimetry,"origin: commercial source,99 weight % (total),estimated by the compiler,plate",99.0,Weight %,1949
19.25,0.555217,0.00555217,None kPa,N/A,6211,['C'],A,Low Temp Calorimetry,"origin: commercial source,99 weight % (total),estimated by the compiler,plate",99.0,Weight %,1949
19.53,0.584923,0.00584923,None kPa,N/A,6211,['C'],A,Low Temp Calorimetry,"origin: commercial source,99 weight % (total),estimated by the compiler,plate",99.0,Weight %,1949
19.83,0.568606,0.00568606,None kPa,N/A,6211,['C'],A,Low Temp Calorimetry,"origin: commercial source,99 weight % (total),estimated by the compiler,plate",99.0,Weight %,1949
20.14,0.596638,0.00596638,None kPa,N/A,6211,['C'],A,Low Temp Calorimetry,"origin: commercial source,99 weight % (total),estimated by the compiler,plate",99.0,Weight %,1949
20.55,0.626345,0.00626345,None kPa,N/A,6211,['C'],A,Low Temp Calorimetry,"origin: commercial source,99 weight % (total),estimated by the compiler,plate",99.0,Weight %,1949
20.8,0.639315,0.00639315,None kPa,N/A,6211,['C'],A,Low Temp Calorimetry,"origin: commercial source,99 weight % (total),estimated by the compiler,plate",99.0,Weight %,1949
21.14,0.661909,0.00661909,None kPa,N/A,6211,['C'],A,Low Temp Calorimetry,"origin: commercial source,99 weight % (total),estimated by the compiler,plate",99.0,Weight %,1949
21.39,0.67739,0.0067739,None kPa,N/A,6211,['C'],A,Low Temp Calorimetry,"origin: commercial source,99 weight % (total),estimated by the compiler,plate",99.0,Weight %,1949
21.32,0.665256,0.00665256,None kPa,N/A,6211,['C'],A,Low Temp Calorimetry,"origin: commercial source,99 weight % (total),estimated by the compiler,plate",99.0,Weight %,1949
22.02,0.692452,0.00692452,None kPa,N/A,6211,['C'],A,Low Temp Calorimetry,"origin: commercial source,99 weight % (total),estimated by the compiler,plate",99.0,Weight %,1949
22.16,0.717556,0.00717556,None kPa,N/A,6211,['C'],A,Low Temp Calorimetry,"origin: commercial source,99 weight % (total),estimated by the compiler,plate",99.0,Weight %,1949
22.48,0.728016,0.00728016,None kPa,N/A,6211,['C'],A,Low Temp Calorimetry,"origin: commercial source,99 weight % (total),estimated by the compiler,plate",99.0,Weight %,1949
15.52,0.407103,0.00407103,None kPa,N/A,6212,['C'],A,Low Temp Calorimetry,"origin: commercial source,99 weight % (total),estimated by the compiler,plate",99.0,Weight %,1949
16.34,0.429278,0.00429278,None kPa,N/A,6212,['C'],A,Low Temp Calorimetry,"origin: commercial source,99 weight % (total),estimated by the compiler,plate",99.0,Weight %,1949
16.81,0.448525,0.00448525,None kPa,N/A,6212,['C'],A,Low Temp Calorimetry,"origin: commercial source,99 weight % (total),estimated by the compiler,plate",99.0,Weight %,1949
17.29,0.466516,0.00466516,None kPa,N/A,6212,['C'],A,Low Temp Calorimetry,"origin: commercial source,99 weight % (total),estimated by the compiler,plate",99.0,Weight %,1949
17.64,0.478231,0.00478231,None kPa,N/A,6212,['C'],A,Low Temp Calorimetry,"origin: commercial source,99 weight % (total),estimated by the compiler,plate",99.0,Weight %,1949
11.37,0.586,0.0293,6.66612 kPa,N/A,8463,['C'],A,Vacuum adiabatic calorimetry,origin: commercial source,,,1955
11.54,0.611,0.03055,None kPa,N/A,8463,['C'],A,Vacuum adiabatic calorimetry,origin: commercial source,,,1955
11.82,0.615,0.03075,None kPa,N/A,8463,['C'],A,Vacuum adiabatic calorimetry,origin: commercial source,,,1955
11.97,0.617,0.03085,None kPa,N/A,8463,['C'],A,Vacuum adiabatic calorimetry,origin: commercial source,,,1955
12.33,0.622,0.0311,None kPa,N/A,8463,['C'],A,Vacuum adiabatic calorimetry,origin: commercial source,,,1955
12.41,0.625,0.03125,None kPa,N/A,8463,['C'],A,Vacuum adiabatic calorimetry,origin: commercial source,,,1955
12.69,0.632,0.0316,None kPa,N/A,8463,['C'],A,Vacuum adiabatic calorimetry,origin: commercial source,,,1955
12.83,0.639,0.03195,None kPa,N/A,8463,['C'],A,Vacuum adiabatic calorimetry,origin: commercial source,,,1955
13.23,0.646,0.0323,None kPa,N/A,8463,['C'],A,Vacuum adiabatic calorimetry,origin: commercial source,,,1955
13.37,0.655,0.03275,None kPa,N/A,8463,['C'],A,Vacuum adiabatic calorimetry,origin: commercial source,,,1955
13.6,0.667,0.03335,None kPa,N/A,8463,['C'],A,Vacuum adiabatic calorimetry,origin: commercial source,,,1955
13.67,0.657,0.03285,None kPa,N/A,8463,['C'],A,Vacuum adiabatic calorimetry,origin: commercial source,,,1955
14.23,0.695,0.03475,None kPa,N/A,8463,['C'],A,Vacuum adiabatic calorimetry,origin: commercial source,,,1955
14.32,0.723,0.03615,None kPa,N/A,8463,['C'],A,Vacuum adiabatic calorimetry,origin: commercial source,,,1955
14.42,0.706,0.0353,None kPa,N/A,8463,['C'],A,Vacuum adiabatic calorimetry,origin: commercial source,,,1955
14.54,0.712,0.0356,None kPa,N/A,8463,['C'],A,Vacuum adiabatic calorimetry,origin: commercial source,,,1955
14.5,0.706,0.0353,None kPa,N/A,8463,['C'],A,Vacuum adiabatic calorimetry,origin: commercial source,,,1955
15.15,0.737,0.03685,None kPa,N/A,8463,['C'],A,Vacuum adiabatic calorimetry,origin: commercial source,,,1955
15.42,0.746,0.0373,None kPa,N/A,8463,['C'],A,Vacuum adiabatic calorimetry,origin: commercial source,,,1955
15.63,0.78,0.039,None kPa,N/A,8463,['C'],A,Vacuum adiabatic calorimetry,origin: commercial source,,,1955
15.91,0.804,0.0402,None kPa,N/A,8463,['C'],A,Vacuum adiabatic calorimetry,origin: commercial source,,,1955
16.1,0.823,0.04115,None kPa,N/A,8463,['C'],A,Vacuum adiabatic calorimetry,origin: commercial source,,,1955
16.26,0.812,0.0406,None kPa,N/A,8463,['C'],A,Vacuum adiabatic calorimetry,origin: commercial source,,,1955
16.23,0.831,0.04155,None kPa,N/A,8463,['C'],A,Vacuum adiabatic calorimetry,origin: commercial source,,,1955
16.44,0.848,0.0424,None kPa,N/A,8463,['C'],A,Vacuum adiabatic calorimetry,origin: commercial source,,,1955
16.58,0.869,0.04345,None kPa,N/A,8463,['C'],A,Vacuum adiabatic calorimetry,origin: commercial source,,,1955
17.29,0.922,0.0461,None kPa,N/A,8463,['C'],A,Vacuum adiabatic calorimetry,origin: commercial source,,,1955
17.47,0.927,0.04635,None kPa,N/A,8463,['C'],A,Vacuum adiabatic calorimetry,origin: commercial source,,,1955
17.44,0.937,0.04685,None kPa,N/A,8463,['C'],A,Vacuum adiabatic calorimetry,origin: commercial source,,,1955
17.66,0.948,0.0474,None kPa,N/A,8463,['C'],A,Vacuum adiabatic calorimetry,origin: commercial source,,,1955
17.89,0.954,0.0477,None kPa,N/A,8463,['C'],A,Vacuum adiabatic calorimetry,origin: commercial source,,,1955
18.09,0.972,0.0486,None kPa,N/A,8463,['C'],A,Vacuum adiabatic calorimetry,origin: commercial source,,,1955
18.11,0.988,0.0494,None kPa,N/A,8463,['C'],A,Vacuum adiabatic calorimetry,origin: commercial source,,,1955
18.29,1.0,0.05,None kPa,N/A,8463,['C'],A,Vacuum adiabatic calorimetry,origin: commercial source,,,1955
18.6,1.04,0.052,None kPa,N/A,8463,['C'],A,Vacuum adiabatic calorimetry,origin: commercial source,,,1955
18.75,1.044,0.0522,None kPa,N/A,8463,['C'],A,Vacuum adiabatic calorimetry,origin: commercial source,,,1955
19.02,1.082,0.0541,None kPa,N/A,8463,['C'],A,Vacuum adiabatic calorimetry,origin: commercial source,,,1955
19.19,1.08,0.054,None kPa,N/A,8463,['C'],A,Vacuum adiabatic calorimetry,origin: commercial source,,,1955
19.2,1.092,0.0546,None kPa,N/A,8463,['C'],A,Vacuum adiabatic calorimetry,origin: commercial source,,,1955
19.62,1.107,0.05535,None kPa,N/A,8463,['C'],A,Vacuum adiabatic calorimetry,origin: commercial source,,,1955
19.9,1.174,0.0587,None kPa,N/A,8463,['C'],A,Vacuum adiabatic calorimetry,origin: commercial source,,,1955
20.03,1.165,0.05825,None kPa,N/A,8463,['C'],A,Vacuum adiabatic calorimetry,origin: commercial source,,,1955
20.08,1.178,0.0589,None kPa,N/A,8463,['C'],A,Vacuum adiabatic calorimetry,origin: commercial source,,,1955
11.63,0.179,0.00895,6.66612 kPa,N/A,8464,['C'],A,Not Described,origin: commercial source,,,1955
11.92,0.189,0.00945,None kPa,N/A,8464,['C'],A,Not Described,origin: commercial source,,,1955
12.28,0.196,0.0098,None kPa,N/A,8464,['C'],A,Not Described,origin: commercial source,,,1955
12.42,0.197,0.00985,None kPa,N/A,8464,['C'],A,Not Described,origin: commercial source,,,1955
13.01,0.215,0.01075,None kPa,N/A,8464,['C'],A,Not Described,origin: commercial source,,,1955
13.47,0.232,0.0116,None kPa,N/A,8464,['C'],A,Not Described,origin: commercial source,,,1955
13.57,0.229,0.01145,None kPa,N/A,8464,['C'],A,Not Described,origin: commercial source,,,1955
13.69,0.241,0.01205,None kPa,N/A,8464,['C'],A,Not Described,origin: commercial source,,,1955
14.04,0.25,0.0125,None kPa,N/A,8464,['C'],A,Not Described,origin: commercial source,,,1955
14.19,0.254,0.0127,None kPa,N/A,8464,['C'],A,Not Described,origin: commercial source,,,1955
14.32,0.265,0.01325,None kPa,N/A,8464,['C'],A,Not Described,origin: commercial source,,,1955
14.46,0.267,0.01335,None kPa,N/A,8464,['C'],A,Not Described,origin: commercial source,,,1955
14.7,0.271,0.01355,None kPa,N/A,8464,['C'],A,Not Described,origin: commercial source,,,1955
14.77,0.273,0.01365,None kPa,N/A,8464,['C'],A,Not Described,origin: commercial source,,,1955
15.28,0.287,0.01435,None kPa,N/A,8464,['C'],A,Not Described,origin: commercial source,,,1955
15.47,0.299,0.01495,None kPa,N/A,8464,['C'],A,Not Described,origin: commercial source,,,1955
15.77,0.303,0.01515,None kPa,N/A,8464,['C'],A,Not Described,origin: commercial source,,,1955
15.93,0.309,0.01545,None kPa,N/A,8464,['C'],A,Not Described,origin: commercial source,,,1955
16.14,0.32,0.016,None kPa,N/A,8464,['C'],A,Not Described,origin: commercial source,,,1955
16.46,0.333,0.01665,None kPa,N/A,8464,['C'],A,Not Described,origin: commercial source,,,1955
16.82,0.341,0.01705,None kPa,N/A,8464,['C'],A,Not Described,origin: commercial source,,,1955
16.85,0.35,0.0175,None kPa,N/A,8464,['C'],A,Not Described,origin: commercial source,,,1955
17.13,0.354,0.0177,None kPa,N/A,8464,['C'],A,Not Described,origin: commercial source,,,1955
17.31,0.359,0.01795,None kPa,N/A,8464,['C'],A,Not Described,origin: commercial source,,,1955
17.61,0.369,0.01845,None kPa,N/A,8464,['C'],A,Not Described,origin: commercial source,,,1955
17.88,0.378,0.0189,None kPa,N/A,8464,['C'],A,Not Described,origin: commercial source,,,1955
18.16,0.391,0.01955,None kPa,N/A,8464,['C'],A,Not Described,origin: commercial source,,,1955
18.24,0.4,0.02,None kPa,N/A,8464,['C'],A,Not Described,origin: commercial source,,,1955
18.51,0.403,0.02015,None kPa,N/A,8464,['C'],A,Not Described,origin: commercial source,,,1955
18.76,0.421,0.02105,None kPa,N/A,8464,['C'],A,Not Described,origin: commercial source,,,1955
18.98,0.439,0.02195,None kPa,N/A,8464,['C'],A,Not Described,origin: commercial source,,,1955
19.32,0.443,0.02215,None kPa,N/A,8464,['C'],A,Not Described,origin: commercial source,,,1955
19.58,0.46,0.023,None kPa,N/A,8464,['C'],A,Not Described,origin: commercial source,,,1955
19.85,0.475,0.02375,None kPa,N/A,8464,['C'],A,Not Described,origin: commercial source,,,1955
19.98,0.479,0.02395,None kPa,N/A,8464,['C'],A,Not Described,origin: commercial source,,,1955
20.08,0.478,0.0239,None kPa,N/A,8464,['C'],A,Not Described,origin: commercial source,,,1955
20.18,0.49,0.0245,None kPa,N/A,8464,['C'],A,Not Described,origin: commercial source,,,1955
20.0,0.602496,0.00602496,None kPa,N/A,8965,['C'],A,Calculated from Debye's and Electronic Coefficient,"origin: commercial source,99.98 %",99.98,Not Specified %,1955
0.901,0.03803,0.0026621,1.33322e-11 kPa,N/A,10701,['C'],A,Low temperature calorimetry set up,"origin: commercial source,99.9 %,stated by supplier,chunk",99.9,Not Specified %,1959
0.862,0.0315,0.002205,None kPa,N/A,10701,['C'],A,Low temperature calorimetry set up,"origin: commercial source,99.9 %,stated by supplier,chunk",99.9,Not Specified %,1959
0.649,0.02913,0.0020391,None kPa,N/A,10701,['C'],A,Low temperature calorimetry set up,"origin: commercial source,99.9 %,stated by supplier,chunk",99.9,Not Specified %,1959
0.647,0.02335,0.0016345,None kPa,N/A,10701,['C'],A,Low temperature calorimetry set up,"origin: commercial source,99.9 %,stated by supplier,chunk",99.9,Not Specified %,1959
3.086,0.1365,0.009555,None kPa,N/A,10701,['C'],A,Low temperature calorimetry set up,"origin: commercial source,99.9 %,stated by supplier,chunk",99.9,Not Specified %,1959
2.57,0.11805,0.0082635,None kPa,N/A,10701,['C'],A,Low temperature calorimetry set up,"origin: commercial source,99.9 %,stated by supplier,chunk",99.9,Not Specified %,1959
2.171,0.09614,0.0067298,None kPa,N/A,10701,['C'],A,Low temperature calorimetry set up,"origin: commercial source,99.9 %,stated by supplier,chunk",99.9,Not Specified %,1959
2.081,0.09074,0.0063518,None kPa,N/A,10701,['C'],A,Low temperature calorimetry set up,"origin: commercial source,99.9 %,stated by supplier,chunk",99.9,Not Specified %,1959
1.851,0.0774,0.005418,None kPa,N/A,10701,['C'],A,Low temperature calorimetry set up,"origin: commercial source,99.9 %,stated by supplier,chunk",99.9,Not Specified %,1959
1.749,0.07264,0.0050848,None kPa,N/A,10701,['C'],A,Low temperature calorimetry set up,"origin: commercial source,99.9 %,stated by supplier,chunk",99.9,Not Specified %,1959
1.636,0.06764,0.0047348,None kPa,N/A,10701,['C'],A,Low temperature calorimetry set up,"origin: commercial source,99.9 %,stated by supplier,chunk",99.9,Not Specified %,1959
1.548,0.06654,0.0046578,None kPa,N/A,10701,['C'],A,Low temperature calorimetry set up,"origin: commercial source,99.9 %,stated by supplier,chunk",99.9,Not Specified %,1959
1.453,0.05717,0.0040019,None kPa,N/A,10701,['C'],A,Low temperature calorimetry set up,"origin: commercial source,99.9 %,stated by supplier,chunk",99.9,Not Specified %,1959
1.419,0.05788,0.0040516,None kPa,N/A,10701,['C'],A,Low temperature calorimetry set up,"origin: commercial source,99.9 %,stated by supplier,chunk",99.9,Not Specified %,1959
1.364,0.05638,0.0039466,None kPa,N/A,10701,['C'],A,Low temperature calorimetry set up,"origin: commercial source,99.9 %,stated by supplier,chunk",99.9,Not Specified %,1959
1.24,0.04806,0.0033642,None kPa,N/A,10701,['C'],A,Low temperature calorimetry set up,"origin: commercial source,99.9 %,stated by supplier,chunk",99.9,Not Specified %,1959
1.132,0.04729,0.0033103,None kPa,N/A,10701,['C'],A,Low temperature calorimetry set up,"origin: commercial source,99.9 %,stated by supplier,chunk",99.9,Not Specified %,1959
0.975,0.03724,0.0026068,None kPa,N/A,10701,['C'],A,Low temperature calorimetry set up,"origin: commercial source,99.9 %,stated by supplier,chunk",99.9,Not Specified %,1959
2.111,0.09543,0.0066801,None kPa,N/A,10701,['C'],A,Low temperature calorimetry set up,"origin: commercial source,99.9 %,stated by supplier,chunk",99.9,Not Specified %,1959
1.381,0.05647,0.0039529,None kPa,N/A,10701,['C'],A,Low temperature calorimetry set up,"origin: commercial source,99.9 %,stated by supplier,chunk",99.9,Not Specified %,1959
0.77,0.03435,0.0024045,None kPa,N/A,10701,['C'],A,Low temperature calorimetry set up,"origin: commercial source,99.9 %,stated by supplier,chunk",99.9,Not Specified %,1959
0.768,0.03516,0.0024612,None kPa,N/A,10701,['C'],A,Low temperature calorimetry set up,"origin: commercial source,99.9 %,stated by supplier,chunk",99.9,Not Specified %,1959
0.737,0.0331,0.002317,None kPa,N/A,10701,['C'],A,Low temperature calorimetry set up,"origin: commercial source,99.9 %,stated by supplier,chunk",99.9,Not Specified %,1959
0.703,0.03423,0.0023961,None kPa,N/A,10701,['C'],A,Low temperature calorimetry set up,"origin: commercial source,99.9 %,stated by supplier,chunk",99.9,Not Specified %,1959
0.689,0.03326,0.0023282,None kPa,N/A,10701,['C'],A,Low temperature calorimetry set up,"origin: commercial source,99.9 %,stated by supplier,chunk",99.9,Not Specified %,1959
0.635,0.03104,0.0021728,None kPa,N/A,10701,['C'],A,Low temperature calorimetry set up,"origin: commercial source,99.9 %,stated by supplier,chunk",99.9,Not Specified %,1959
0.67,0.03454,0.0024178,None kPa,N/A,10701,['C'],A,Low temperature calorimetry set up,"origin: commercial source,99.9 %,stated by supplier,chunk",99.9,Not Specified %,1959
0.696,0.03196,0.0022372,None kPa,N/A,10701,['C'],A,Low temperature calorimetry set up,"origin: commercial source,99.9 %,stated by supplier,chunk",99.9,Not Specified %,1959
0.733,0.03319,0.0023233,None kPa,N/A,10701,['C'],A,Low temperature calorimetry set up,"origin: commercial source,99.9 %,stated by supplier,chunk",99.9,Not Specified %,1959
0.767,0.0355,0.002485,None kPa,N/A,10701,['C'],A,Low temperature calorimetry set up,"origin: commercial source,99.9 %,stated by supplier,chunk",99.9,Not Specified %,1959
0.803,0.03399,0.0023793,None kPa,N/A,10701,['C'],A,Low temperature calorimetry set up,"origin: commercial source,99.9 %,stated by supplier,chunk",99.9,Not Specified %,1959
0.833,0.03419,0.0023933,None kPa,N/A,10701,['C'],A,Low temperature calorimetry set up,"origin: commercial source,99.9 %,stated by supplier,chunk",99.9,Not Specified %,1959
0.73,0.03023,0.0021161,None kPa,N/A,10701,['C'],A,Low temperature calorimetry set up,"origin: commercial source,99.9 %,stated by supplier,chunk",99.9,Not Specified %,1959
0.737,0.03479,0.0024353,None kPa,N/A,10701,['C'],A,Low temperature calorimetry set up,"origin: commercial source,99.9 %,stated by supplier,chunk",99.9,Not Specified %,1959
0.776,0.02962,0.0020734,None kPa,N/A,10701,['C'],A,Low temperature calorimetry set up,"origin: commercial source,99.9 %,stated by supplier,chunk",99.9,Not Specified %,1959
0.828,0.02916,0.0020412,None kPa,N/A,10701,['C'],A,Low temperature calorimetry set up,"origin: commercial source,99.9 %,stated by supplier,chunk",99.9,Not Specified %,1959
0.675,0.02722,0.0019054,None kPa,N/A,10701,['C'],A,Low temperature calorimetry set up,"origin: commercial source,99.9 %,stated by supplier,chunk",99.9,Not Specified %,1959
0.715,0.03054,0.0021378,None kPa,N/A,10701,['C'],A,Low temperature calorimetry set up,"origin: commercial source,99.9 %,stated by supplier,chunk",99.9,Not Specified %,1959
0.715,0.02874,0.0020118,None kPa,N/A,10701,['C'],A,Low temperature calorimetry set up,"origin: commercial source,99.9 %,stated by supplier,chunk",99.9,Not Specified %,1959
0.742,0.03045,0.0021315,None kPa,N/A,10701,['C'],A,Low temperature calorimetry set up,"origin: commercial source,99.9 %,stated by supplier,chunk",99.9,Not Specified %,1959
0.776,0.03122,0.0021854,None kPa,N/A,10701,['C'],A,Low temperature calorimetry set up,"origin: commercial source,99.9 %,stated by supplier,chunk",99.9,Not Specified %,1959
0.812,0.03086,0.0021602,None kPa,N/A,10701,['C'],A,Low temperature calorimetry set up,"origin: commercial source,99.9 %,stated by supplier,chunk",99.9,Not Specified %,1959
0.843,0.03455,0.0024185,None kPa,N/A,10701,['C'],A,Low temperature calorimetry set up,"origin: commercial source,99.9 %,stated by supplier,chunk",99.9,Not Specified %,1959
0.871,0.03634,0.0025438,None kPa,N/A,10701,['C'],A,Low temperature calorimetry set up,"origin: commercial source,99.9 %,stated by supplier,chunk",99.9,Not Specified %,1959
0.885,0.03716,0.0026012,None kPa,N/A,10701,['C'],A,Low temperature calorimetry set up,"origin: commercial source,99.9 %,stated by supplier,chunk",99.9,Not Specified %,1959
0.64,0.02673,0.0018711,None kPa,N/A,10701,['C'],A,Low temperature calorimetry set up,"origin: commercial source,99.9 %,stated by supplier,chunk",99.9,Not Specified %,1959
0.0651,0.0039347,7.869e-05,None kPa,N/A,14586,['C'],A,Low temperature calorimetry set up,not stated,,,1964
0.0678,0.003791,7.582e-05,None kPa,N/A,14586,['C'],A,Low temperature calorimetry set up,not stated,,,1964
0.0718,0.0035671,7.134e-05,None kPa,N/A,14586,['C'],A,Low temperature calorimetry set up,not stated,,,1964
0.0773,0.0034234,6.847e-05,None kPa,N/A,14586,['C'],A,Low temperature calorimetry set up,not stated,,,1964
0.0837,0.003143,6.286e-05,None kPa,N/A,14586,['C'],A,Low temperature calorimetry set up,not stated,,,1964
0.0936,0.0028212,5.642e-05,None kPa,N/A,14586,['C'],A,Low temperature calorimetry set up,not stated,,,1964
0.102,0.002637,5.274e-05,None kPa,N/A,14586,['C'],A,Low temperature calorimetry set up,not stated,,,1964
0.1032,0.0026256,5.251e-05,None kPa,N/A,14586,['C'],A,Low temperature calorimetry set up,not stated,,,1964
0.1163,0.0024196,4.839e-05,None kPa,N/A,14586,['C'],A,Low temperature calorimetry set up,not stated,,,1964
0.122,0.0022676,4.535e-05,None kPa,N/A,14586,['C'],A,Low temperature calorimetry set up,not stated,,,1964
0.1237,0.0022216,4.443e-05,None kPa,N/A,14586,['C'],A,Low temperature calorimetry set up,not stated,,,1964
0.1348,0.0020812,4.162e-05,None kPa,N/A,14586,['C'],A,Low temperature calorimetry set up,not stated,,,1964
0.1427,0.00198,3.96e-05,None kPa,N/A,14586,['C'],A,Low temperature calorimetry set up,not stated,,,1964
0.1473,0.001941,3.882e-05,None kPa,N/A,14586,['C'],A,Low temperature calorimetry set up,not stated,,,1964
0.1591,0.0018688,3.738e-05,None kPa,N/A,14586,['C'],A,Low temperature calorimetry set up,not stated,,,1964
0.1702,0.0017956,3.591e-05,None kPa,N/A,14586,['C'],A,Low temperature calorimetry set up,not stated,,,1964
0.18,0.0017451,3.49e-05,None kPa,N/A,14586,['C'],A,Low temperature calorimetry set up,not stated,,,1964
0.1828,0.0017552,3.51e-05,None kPa,N/A,14586,['C'],A,Low temperature calorimetry set up,not stated,,,1964
0.1919,0.0017175,3.435e-05,None kPa,N/A,14586,['C'],A,Low temperature calorimetry set up,not stated,,,1964
0.1933,0.0016884,3.377e-05,None kPa,N/A,14586,['C'],A,Low temperature calorimetry set up,not stated,,,1964
0.2031,0.0016534,3.307e-05,None kPa,N/A,14586,['C'],A,Low temperature calorimetry set up,not stated,,,1964
0.206,0.0016556,3.311e-05,None kPa,N/A,14586,['C'],A,Low temperature calorimetry set up,not stated,,,1964
0.2203,0.0016259,3.252e-05,None kPa,N/A,14586,['C'],A,Low temperature calorimetry set up,not stated,,,1964
0.2394,0.0016082,3.216e-05,None kPa,N/A,14586,['C'],A,Low temperature calorimetry set up,not stated,,,1964
0.2449,0.0015998,3.2e-05,None kPa,N/A,14586,['C'],A,Low temperature calorimetry set up,not stated,,,1964
0.2614,0.0016053,3.211e-05,None kPa,N/A,14586,['C'],A,Low temperature calorimetry set up,not stated,,,1964
0.2742,0.0016177,3.235e-05,None kPa,N/A,14586,['C'],A,Low temperature calorimetry set up,not stated,,,1964
0.2821,0.0016437,3.287e-05,None kPa,N/A,14586,['C'],A,Low temperature calorimetry set up,not stated,,,1964
0.3071,0.0016744,3.349e-05,None kPa,N/A,14586,['C'],A,Low temperature calorimetry set up,not stated,,,1964
0.3253,0.0017008,3.402e-05,None kPa,N/A,14586,['C'],A,Low temperature calorimetry set up,not stated,,,1964
0.3321,0.0017348,3.47e-05,None kPa,N/A,14586,['C'],A,Low temperature calorimetry set up,not stated,,,1964
0.3549,0.0018603,3.721e-05,None kPa,N/A,14586,['C'],A,Low temperature calorimetry set up,not stated,,,1964
0.3615,0.0019355,3.871e-05,None kPa,N/A,14586,['C'],A,Low temperature calorimetry set up,not stated,,,1964
0.3853,0.0020372,4.074e-05,None kPa,N/A,14586,['C'],A,Low temperature calorimetry set up,not stated,,,1964
0.3953,0.0021306,4.261e-05,None kPa,N/A,14586,['C'],A,Low temperature calorimetry set up,not stated,,,1964
0.4227,0.0023403,4.681e-05,None kPa,N/A,14586,['C'],A,Low temperature calorimetry set up,not stated,,,1964
0.4337,0.0023842,4.768e-05,None kPa,N/A,14586,['C'],A,Low temperature calorimetry set up,not stated,,,1964
0.4645,0.0025763,5.153e-05,None kPa,N/A,14586,['C'],A,Low temperature calorimetry set up,not stated,,,1964
0.4728,0.0026902,5.38e-05,None kPa,N/A,14586,['C'],A,Low temperature calorimetry set up,not stated,,,1964
0.5013,0.002842,5.684e-05,None kPa,N/A,14586,['C'],A,Low temperature calorimetry set up,not stated,,,1964
0.5123,0.0029532,5.906e-05,None kPa,N/A,14586,['C'],A,Low temperature calorimetry set up,not stated,,,1964
0.5404,0.0031589,6.318e-05,None kPa,N/A,14586,['C'],A,Low temperature calorimetry set up,not stated,,,1964
0.579,0.0035491,7.098e-05,None kPa,N/A,14586,['C'],A,Low temperature calorimetry set up,not stated,,,1964
0.6254,0.0039888,7.978e-05,None kPa,N/A,14586,['C'],A,Low temperature calorimetry set up,not stated,,,1964
0.6643,0.0044169,8.834e-05,None kPa,N/A,14586,['C'],A,Low temperature calorimetry set up,not stated,,,1964
0.6825,0.0046798,9.36e-05,None kPa,N/A,14586,['C'],A,Low temperature calorimetry set up,not stated,,,1964
0.7079,0.0048778,9.756e-05,None kPa,N/A,14586,['C'],A,Low temperature calorimetry set up,not stated,,,1964
0.7485,0.0054652,0.0001093,None kPa,N/A,14586,['C'],A,Low temperature calorimetry set up,not stated,,,1964
0.7645,0.0057071,0.00011414,None kPa,N/A,14586,['C'],A,Low temperature calorimetry set up,not stated,,,1964
0.8035,0.0062329,0.00012466,None kPa,N/A,14586,['C'],A,Low temperature calorimetry set up,not stated,,,1964
0.8274,0.006498,0.00012996,None kPa,N/A,14586,['C'],A,Low temperature calorimetry set up,not stated,,,1964
0.8718,0.0071405,0.00014281,None kPa,N/A,14586,['C'],A,Low temperature calorimetry set up,not stated,,,1964
0.8989,0.0077288,0.00015458,None kPa,N/A,14586,['C'],A,Low temperature calorimetry set up,not stated,,,1964
0.9425,0.0083975,0.00016795,None kPa,N/A,14586,['C'],A,Low temperature calorimetry set up,not stated,,,1964
0.9875,0.0091351,0.0001827,None kPa,N/A,14586,['C'],A,Low temperature calorimetry set up,not stated,,,1964
1.0093,0.0097235,9.724e-05,None kPa,N/A,14586,['C'],A,Low temperature calorimetry set up,not stated,,,1964
1.0564,0.0105828,0.00010583,None kPa,N/A,14586,['C'],A,Low temperature calorimetry set up,not stated,,,1964
1.0899,0.0109549,0.00010955,None kPa,N/A,14586,['C'],A,Low temperature calorimetry set up,not stated,,,1964
1.1059,0.0118735,0.00011873,None kPa,N/A,14586,['C'],A,Low temperature calorimetry set up,not stated,,,1964
1.1951,0.0138647,0.00013865,None kPa,N/A,14586,['C'],A,Low temperature calorimetry set up,not stated,,,1964
1.2818,0.015528,0.00015528,None kPa,N/A,14586,['C'],A,Low temperature calorimetry set up,not stated,,,1964
1.3967,0.018583,0.00018583,None kPa,N/A,14586,['C'],A,Low temperature calorimetry set up,not stated,,,1964
1.4391,0.0198301,0.0001983,None kPa,N/A,14586,['C'],A,Low temperature calorimetry set up,not stated,,,1964
1.5215,0.0222556,0.00022256,None kPa,N/A,14586,['C'],A,Low temperature calorimetry set up,not stated,,,1964
1.5648,0.0228464,0.00022846,None kPa,N/A,14586,['C'],A,Low temperature calorimetry set up,not stated,,,1964
1.6571,0.0267456,0.00026746,None kPa,N/A,14586,['C'],A,Low temperature calorimetry set up,not stated,,,1964
1.7802,0.0303835,0.00030384,None kPa,N/A,14586,['C'],A,Low temperature calorimetry set up,not stated,,,1964
1.8515,0.0328163,0.00032816,None kPa,N/A,14586,['C'],A,Low temperature calorimetry set up,not stated,,,1964
1.9547,0.0368029,0.00036803,None kPa,N/A,14586,['C'],A,Low temperature calorimetry set up,not stated,,,1964
2.103,0.0419632,0.00041963,None kPa,N/A,14586,['C'],A,Low temperature calorimetry set up,not stated,,,1964
2.1081,0.0434933,0.00043493,None kPa,N/A,14586,['C'],A,Low temperature calorimetry set up,not stated,,,1964
2.282,0.050144,0.00050144,None kPa,N/A,14586,['C'],A,Low temperature calorimetry set up,not stated,,,1964
2.4383,0.057383,0.00057383,None kPa,N/A,14586,['C'],A,Low temperature calorimetry set up,not stated,,,1964
2.5025,0.060783,0.00060783,None kPa,N/A,14586,['C'],A,Low temperature calorimetry set up,not stated,,,1964
2.5956,0.066703,0.00066703,None kPa,N/A,14586,['C'],A,Low temperature calorimetry set up,not stated,,,1964
2.693,0.070367,0.00070367,None kPa,N/A,14586,['C'],A,Low temperature calorimetry set up,not stated,,,1964
2.7843,0.0768038,0.00076804,None kPa,N/A,14586,['C'],A,Low temperature calorimetry set up,not stated,,,1964
2.9002,0.0817433,0.00081743,None kPa,N/A,14586,['C'],A,Low temperature calorimetry set up,not stated,,,1964
3.0221,0.090437,0.00090437,None kPa,N/A,14586,['C'],A,Low temperature calorimetry set up,not stated,,,1964
3.15,0.0990303,0.0009903,None kPa,N/A,14586,['C'],A,Low temperature calorimetry set up,not stated,,,1964
3.2433,0.104798,0.00104798,None kPa,N/A,14586,['C'],A,Low temperature calorimetry set up,not stated,,,1964
3.4935,0.124426,0.00124426,None kPa,N/A,14586,['C'],A,Low temperature calorimetry set up,not stated,,,1964
3.7789,0.145257,0.00145257,None kPa,N/A,14586,['C'],A,Low temperature calorimetry set up,not stated,,,1964
4.0287,0.166999,0.00166999,None kPa,N/A,14586,['C'],A,Low temperature calorimetry set up,not stated,,,1964
4.1004,0.174258,0.00174258,None kPa,N/A,14586,['C'],A,Low temperature calorimetry set up,not stated,,,1964
53.7,5.70698,0.11414,None kPa,N/A,5180,['C'],A,Vacuum adiabatic calorimetry,"origin: synthesized by author,99.76 % (total),chemical analysis",99.76,Not Specified %,1939
56.8,6.41407,0.128281,None kPa,N/A,5180,['C'],A,Vacuum adiabatic calorimetry,"origin: synthesized by author,99.76 % (total),chemical analysis",99.76,Not Specified %,1939
60.3,7.25924,0.145185,None kPa,N/A,5180,['C'],A,Vacuum adiabatic calorimetry,"origin: synthesized by author,99.76 % (total),chemical analysis",99.76,Not Specified %,1939
64.0,8.16717,0.163343,None kPa,N/A,5180,['C'],A,Vacuum adiabatic calorimetry,"origin: synthesized by author,99.76 % (total),chemical analysis",99.76,Not Specified %,1939
68.0,9.10438,0.182088,None kPa,N/A,5180,['C'],A,Vacuum adiabatic calorimetry,"origin: synthesized by author,99.76 % (total),chemical analysis",99.76,Not Specified %,1939
74.8,10.6441,0.212882,None kPa,N/A,5180,['C'],A,Vacuum adiabatic calorimetry,"origin: synthesized by author,99.76 % (total),chemical analysis",99.76,Not Specified %,1939
80.4,11.8993,0.237986,None kPa,N/A,5180,['C'],A,Vacuum adiabatic calorimetry,"origin: synthesized by author,99.76 % (total),chemical analysis",99.76,Not Specified %,1939
88.2,13.0959,0.261918,None kPa,N/A,5180,['C'],A,Vacuum adiabatic calorimetry,"origin: synthesized by author,99.76 % (total),chemical analysis",99.76,Not Specified %,1939
96.9,14.644,0.29288,None kPa,N/A,5180,['C'],A,Vacuum adiabatic calorimetry,"origin: synthesized by author,99.76 % (total),chemical analysis",99.76,Not Specified %,1939
105.8,15.7109,0.314218,None kPa,N/A,5180,['C'],A,Vacuum adiabatic calorimetry,"origin: synthesized by author,99.76 % (total),chemical analysis",99.76,Not Specified %,1939
115.0,16.7151,0.334302,None kPa,N/A,5180,['C'],A,Vacuum adiabatic calorimetry,"origin: synthesized by author,99.76 % (total),chemical analysis",99.76,Not Specified %,1939
124.1,17.6941,0.353883,None kPa,N/A,5180,['C'],A,Vacuum adiabatic calorimetry,"origin: synthesized by author,99.76 % (total),chemical analysis",99.76,Not Specified %,1939
133.2,18.5979,0.371958,None kPa,N/A,5180,['C'],A,Vacuum adiabatic calorimetry,"origin: synthesized by author,99.76 % (total),chemical analysis",99.76,Not Specified %,1939
143.0,19.4556,0.389112,None kPa,N/A,5180,['C'],A,Vacuum adiabatic calorimetry,"origin: synthesized by author,99.76 % (total),chemical analysis",99.76,Not Specified %,1939
153.5,20.3259,0.406517,None kPa,N/A,5180,['C'],A,Vacuum adiabatic calorimetry,"origin: synthesized by author,99.76 % (total),chemical analysis",99.76,Not Specified %,1939
163.1,20.9995,0.41999,None kPa,N/A,5180,['C'],A,Vacuum adiabatic calorimetry,"origin: synthesized by author,99.76 % (total),chemical analysis",99.76,Not Specified %,1939
172.9,21.6104,0.432207,None kPa,N/A,5180,['C'],A,Vacuum adiabatic calorimetry,"origin: synthesized by author,99.76 % (total),chemical analysis",99.76,Not Specified %,1939
183.2,22.2212,0.444424,None kPa,N/A,5180,['C'],A,Vacuum adiabatic calorimetry,"origin: synthesized by author,99.76 % (total),chemical analysis",99.76,Not Specified %,1939
193.1,22.7777,0.455554,None kPa,N/A,5180,['C'],A,Vacuum adiabatic calorimetry,"origin: synthesized by author,99.76 % (total),chemical analysis",99.76,Not Specified %,1939
203.3,23.171,0.46342,None kPa,N/A,5180,['C'],A,Vacuum adiabatic calorimetry,"origin: synthesized by author,99.76 % (total),chemical analysis",99.76,Not Specified %,1939
213.0,23.6229,0.472457,None kPa,N/A,5180,['C'],A,Vacuum adiabatic calorimetry,"origin: synthesized by author,99.76 % (total),chemical analysis",99.76,Not Specified %,1939
222.5,24.0413,0.480825,None kPa,N/A,5180,['C'],A,Vacuum adiabatic calorimetry,"origin: synthesized by author,99.76 % (total),chemical analysis",99.76,Not Specified %,1939
231.5,24.2798,0.485595,None kPa,N/A,5180,['C'],A,Vacuum adiabatic calorimetry,"origin: synthesized by author,99.76 % (total),chemical analysis",99.76,Not Specified %,1939
244.1,24.7609,0.495218,None kPa,N/A,5180,['C'],A,Vacuum adiabatic calorimetry,"origin: synthesized by author,99.76 % (total),chemical analysis",99.76,Not Specified %,1939
254.4,25.1249,0.502498,None kPa,N/A,5180,['C'],A,Vacuum adiabatic calorimetry,"origin: synthesized by author,99.76 % (total),chemical analysis",99.76,Not Specified %,1939
265.8,25.4471,0.508942,None kPa,N/A,5180,['C'],A,Vacuum adiabatic calorimetry,"origin: synthesized by author,99.76 % (total),chemical analysis",99.76,Not Specified %,1939
275.0,25.6437,0.512875,None kPa,N/A,5180,['C'],A,Vacuum adiabatic calorimetry,"origin: synthesized by author,99.76 % (total),chemical analysis",99.76,Not Specified %,1939
278.1,25.719,0.514381,None kPa,N/A,5180,['C'],A,Vacuum adiabatic calorimetry,"origin: synthesized by author,99.76 % (total),chemical analysis",99.76,Not Specified %,1939
282.0,25.899,0.517979,None kPa,N/A,5180,['C'],A,Vacuum adiabatic calorimetry,"origin: synthesized by author,99.76 % (total),chemical analysis",99.76,Not Specified %,1939
285.9,25.8529,0.517059,None kPa,N/A,5180,['C'],A,Vacuum adiabatic calorimetry,"origin: synthesized by author,99.76 % (total),chemical analysis",99.76,Not Specified %,1939
289.8,25.8697,0.517393,None kPa,N/A,5180,['C'],A,Vacuum adiabatic calorimetry,"origin: synthesized by author,99.76 % (total),chemical analysis",99.76,Not Specified %,1939
16.24,0.434718,0.00434718,None kPa,N/A,6211,['C'],A,Low Temp Calorimetry,"origin: commercial source,99 weight % (total),estimated by the compiler,plate",99.0,Weight %,1949
17.07,0.451872,0.00451872,None kPa,N/A,6211,['C'],A,Low Temp Calorimetry,"origin: commercial source,99 weight % (total),estimated by the compiler,plate",99.0,Weight %,1949
17.65,0.478231,0.00478231,None kPa,N/A,6211,['C'],A,Low Temp Calorimetry,"origin: commercial source,99 weight % (total),estimated by the compiler,plate",99.0,Weight %,1949
18.08,0.487854,0.00487854,None kPa,N/A,6211,['C'],A,Low Temp Calorimetry,"origin: commercial source,99 weight % (total),estimated by the compiler,plate",99.0,Weight %,1949
18.43,0.512122,0.00512122,None kPa,N/A,6211,['C'],A,Low Temp Calorimetry,"origin: commercial source,99 weight % (total),estimated by the compiler,plate",99.0,Weight %,1949
18.62,0.513795,0.00513795,None kPa,N/A,6211,['C'],A,Low Temp Calorimetry,"origin: commercial source,99 weight % (total),estimated by the compiler,plate",99.0,Weight %,1949
18.92,0.538481,0.00538481,None kPa,N/A,6211,['C'],A,Low Temp Calorimetry,"origin: commercial source,99 weight % (total),estimated by the compiler,plate",99.0,Weight %,1949
19.25,0.555217,0.00555217,None kPa,N/A,6211,['C'],A,Low Temp Calorimetry,"origin: commercial source,99 weight % (total),estimated by the compiler,plate",99.0,Weight %,1949
19.53,0.584923,0.00584923,None kPa,N/A,6211,['C'],A,Low Temp Calorimetry,"origin: commercial source,99 weight % (total),estimated by the compiler,plate",99.0,Weight %,1949
19.83,0.568606,0.00568606,None kPa,N/A,6211,['C'],A,Low Temp Calorimetry,"origin: commercial source,99 weight % (total),estimated by the compiler,plate",99.0,Weight %,1949
20.14,0.596638,0.00596638,None kPa,N/A,6211,['C'],A,Low Temp Calorimetry,"origin: commercial source,99 weight % (total),estimated by the compiler,plate",99.0,Weight %,1949
20.55,0.626345,0.00626345,None kPa,N/A,6211,['C'],A,Low Temp Calorimetry,"origin: commercial source,99 weight % (total),estimated by the compiler,plate",99.0,Weight %,1949
20.8,0.639315,0.00639315,None kPa,N/A,6211,['C'],A,Low Temp Calorimetry,"origin: commercial source,99 weight % (total),estimated by the compiler,plate",99.0,Weight %,1949
21.14,0.661909,0.00661909,None kPa,N/A,6211,['C'],A,Low Temp Calorimetry,"origin: commercial source,99 weight % (total),estimated by the compiler,plate",99.0,Weight %,1949
21.39,0.67739,0.0067739,None kPa,N/A,6211,['C'],A,Low Temp Calorimetry,"origin: commercial source,99 weight % (total),estimated by the compiler,plate",99.0,Weight %,1949
21.32,0.665256,0.00665256,None kPa,N/A,6211,['C'],A,Low Temp Calorimetry,"origin: commercial source,99 weight % (total),estimated by the compiler,plate",99.0,Weight %,1949
22.02,0.692452,0.00692452,None kPa,N/A,6211,['C'],A,Low Temp Calorimetry,"origin: commercial source,99 weight % (total),estimated by the compiler,plate",99.0,Weight %,1949
22.16,0.717556,0.00717556,None kPa,N/A,6211,['C'],A,Low Temp Calorimetry,"origin: commercial source,99 weight % (total),estimated by the compiler,plate",99.0,Weight %,1949
22.48,0.728016,0.00728016,None kPa,N/A,6211,['C'],A,Low Temp Calorimetry,"origin: commercial source,99 weight % (total),estimated by the compiler,plate",99.0,Weight %,1949
15.52,0.407103,0.00407103,None kPa,N/A,6212,['C'],A,Low Temp Calorimetry,"origin: commercial source,99 weight % (total),estimated by the compiler,plate",99.0,Weight %,1949
16.34,0.429278,0.00429278,None kPa,N/A,6212,['C'],A,Low Temp Calorimetry,"origin: commercial source,99 weight % (total),estimated by the compiler,plate",99.0,Weight %,1949
16.81,0.448525,0.00448525,None kPa,N/A,6212,['C'],A,Low Temp Calorimetry,"origin: commercial source,99 weight % (total),estimated by the compiler,plate",99.0,Weight %,1949
17.29,0.466516,0.00466516,None kPa,N/A,6212,['C'],A,Low Temp Calorimetry,"origin: commercial source,99 weight % (total),estimated by the compiler,plate",99.0,Weight %,1949
17.64,0.478231,0.00478231,None kPa,N/A,6212,['C'],A,Low Temp Calorimetry,"origin: commercial source,99 weight % (total),estimated by the compiler,plate",99.0,Weight %,1949
304.95,26.1333,,101 kPa,N/A,6419,['C'],A,Vacuum adiabatic calorimetry,"origin: commercial source,99.99 % (total),stated by supplier,plate",99.99,Not Specified %,1950
306.1,26.3425,,None kPa,N/A,6419,['C'],A,Vacuum adiabatic calorimetry,"origin: commercial source,99.99 % (total),stated by supplier,plate",99.99,Not Specified %,1950
313.82,26.1835,,None kPa,N/A,6419,['C'],A,Vacuum adiabatic calorimetry,"origin: commercial source,99.99 % (total),stated by supplier,plate",99.99,Not Specified %,1950
314.74,26.3885,,None kPa,N/A,6419,['C'],A,Vacuum adiabatic calorimetry,"origin: commercial source,99.99 % (total),stated by supplier,plate",99.99,Not Specified %,1950
374.65,27.8194,,None kPa,N/A,6419,['C'],A,Vacuum adiabatic calorimetry,"origin: commercial source,99.99 % (total),stated by supplier,plate",99.99,Not Specified %,1950
383.75,27.9408,,None kPa,N/A,6419,['C'],A,Vacuum adiabatic calorimetry,"origin: commercial source,99.99 % (total),stated by supplier,plate",99.99,Not Specified %,1950
430.35,28.7273,,None kPa,N/A,6419,['C'],A,Vacuum adiabatic calorimetry,"origin: commercial source,99.99 % (total),stated by supplier,plate",99.99,Not Specified %,1950
448.35,28.924,,None kPa,N/A,6419,['C'],A,Vacuum adiabatic calorimetry,"origin: commercial source,99.99 % (total),stated by supplier,plate",99.99,Not Specified %,1950
487.45,29.4679,,None kPa,N/A,6419,['C'],A,Vacuum adiabatic calorimetry,"origin: commercial source,99.99 % (total),stated by supplier,plate",99.99,Not Specified %,1950
490.65,29.8277,,None kPa,N/A,6419,['C'],A,Vacuum adiabatic calorimetry,"origin: commercial source,99.99 % (total),stated by supplier,plate",99.99,Not Specified %,1950
526.35,30.4177,,None kPa,N/A,6419,['C'],A,Vacuum adiabatic calorimetry,"origin: commercial source,99.99 % (total),stated by supplier,plate",99.99,Not Specified %,1950
540.95,31.0118,,None kPa,N/A,6419,['C'],A,Vacuum adiabatic calorimetry,"origin: commercial source,99.99 % (total),stated by supplier,plate",99.99,Not Specified %,1950
593.95,30.6604,,None kPa,N/A,6419,['C'],A,Vacuum adiabatic calorimetry,"origin: commercial source,99.99 % (total),stated by supplier,plate",99.99,Not Specified %,1950
617.85,31.5892,,None kPa,N/A,6419,['C'],A,Vacuum adiabatic calorimetry,"origin: commercial source,99.99 % (total),stated by supplier,plate",99.99,Not Specified %,1950
661.05,31.995,,None kPa,N/A,6419,['C'],A,Vacuum adiabatic calorimetry,"origin: commercial source,99.99 % (total),stated by supplier,plate",99.99,Not Specified %,1950
700.65,32.4804,,None kPa,N/A,6419,['C'],A,Vacuum adiabatic calorimetry,"origin: commercial source,99.99 % (total),stated by supplier,plate",99.99,Not Specified %,1950
729.75,32.9197,,None kPa,N/A,6419,['C'],A,Vacuum adiabatic calorimetry,"origin: commercial source,99.99 % (total),stated by supplier,plate",99.99,Not Specified %,1950
760.25,33.3256,,None kPa,N/A,6419,['C'],A,Vacuum adiabatic calorimetry,"origin: commercial source,99.99 % (total),stated by supplier,plate",99.99,Not Specified %,1950
811.45,34.2084,,None kPa,N/A,6419,['C'],A,Vacuum adiabatic calorimetry,"origin: commercial source,99.99 % (total),stated by supplier,plate",99.99,Not Specified %,1950
830.05,34.3757,,None kPa,N/A,6419,['C'],A,Vacuum adiabatic calorimetry,"origin: commercial source,99.99 % (total),stated by supplier,plate",99.99,Not Specified %,1950
859.65,35.3255,,None kPa,N/A,6419,['C'],A,Vacuum adiabatic calorimetry,"origin: commercial source,99.99 % (total),stated by supplier,plate",99.99,Not Specified %,1950
890.85,35.3422,,None kPa,N/A,6419,['C'],A,Vacuum adiabatic calorimetry,"origin: commercial source,99.99 % (total),stated by supplier,plate",99.99,Not Specified %,1950
913.65,36.087,,None kPa,N/A,6419,['C'],A,Vacuum adiabatic calorimetry,"origin: commercial source,99.99 % (total),stated by supplier,plate",99.99,Not Specified %,1950
923.65,36.2376,,None kPa,N/A,6419,['C'],A,Vacuum adiabatic calorimetry,"origin: commercial source,99.99 % (total),stated by supplier,plate",99.99,Not Specified %,1950
972.85,37.6016,,None kPa,N/A,6419,['C'],A,Vacuum adiabatic calorimetry,"origin: commercial source,99.99 % (total),stated by supplier,plate",99.99,Not Specified %,1950
1026.15,37.5483,,None kPa,N/A,6419,['C'],A,Vacuum adiabatic calorimetry,"origin: commercial source,99.99 % (total),stated by supplier,plate",99.99,Not Specified %,1950
1036.25,38.6798,,None kPa,N/A,6419,['C'],A,Vacuum adiabatic calorimetry,"origin: commercial source,99.99 % (total),stated by supplier,plate",99.99,Not Specified %,1950
1045.75,38.1789,,None kPa,N/A,6419,['C'],A,Vacuum adiabatic calorimetry,"origin: commercial source,99.99 % (total),stated by supplier,plate",99.99,Not Specified %,1950
1055.85,38.9801,,None kPa,N/A,6419,['C'],A,Vacuum adiabatic calorimetry,"origin: commercial source,99.99 % (total),stated by supplier,plate",99.99,Not Specified %,1950
20.0,0.602496,0.00602496,None kPa,N/A,8965,['C'],A,Calculated from Debye's and Electronic Coefficient,"origin: commercial source,99.98 %",99.98,Not Specified %,1955
1.2,0.0217568,0.000435136,None kPa,N/A,9345,['C'],A,not stated3,12103,99.98,Not Specified %,1956
1.3,0.0234304,0.000468608,None kPa,N/A,9345,['C'],A,not stated3,12103,99.98,Not Specified %,1956
1.4,0.025104,0.00050208,None kPa,N/A,9345,['C'],A,not stated3,12103,99.98,Not Specified %,1956
1.5,0.027196,0.00054392,None kPa,N/A,9345,['C'],A,not stated3,12103,99.98,Not Specified %,1956
1.6,0.0288696,0.000577392,None kPa,N/A,9345,['C'],A,not stated3,12103,99.98,Not Specified %,1956
1.7,0.0305432,0.000610864,None kPa,N/A,9345,['C'],A,not stated3,12103,99.98,Not Specified %,1956
1.8,0.0326352,0.000652704,None kPa,N/A,9345,['C'],A,not stated3,12103,99.98,Not Specified %,1956
1.9,0.0343088,0.000686176,None kPa,N/A,9345,['C'],A,not stated3,12103,99.98,Not Specified %,1956
2.0,0.0359824,0.000719648,None kPa,N/A,9345,['C'],A,not stated3,12103,99.98,Not Specified %,1956
2.1,0.0380744,0.000761488,None kPa,N/A,9345,['C'],A,not stated3,12103,99.98,Not Specified %,1956
2.2,0.039748,0.00079496,None kPa,N/A,9345,['C'],A,not stated3,12103,99.98,Not Specified %,1956
2.3,0.04184,0.0008368,None kPa,N/A,9345,['C'],A,not stated3,12103,99.98,Not Specified %,1956
2.4,0.0435136,0.000870272,None kPa,N/A,9345,['C'],A,not stated3,12103,99.98,Not Specified %,1956
2.5,0.0451872,0.000903744,None kPa,N/A,9345,['C'],A,not stated3,12103,99.98,Not Specified %,1956
2.6,0.0472792,0.000945584,None kPa,N/A,9345,['C'],A,not stated3,12103,99.98,Not Specified %,1956
2.7,0.0489528,0.000979056,None kPa,N/A,9345,['C'],A,not stated3,12103,99.98,Not Specified %,1956
2.8,0.0510448,0.0010209,None kPa,N/A,9345,['C'],A,not stated3,12103,99.98,Not Specified %,1956
2.9,0.0527184,0.00105437,None kPa,N/A,9345,['C'],A,not stated3,12103,99.98,Not Specified %,1956
3.0,0.054392,0.00108784,None kPa,N/A,9345,['C'],A,not stated3,12103,99.98,Not Specified %,1956
3.1,0.056484,0.00112968,None kPa,N/A,9345,['C'],A,not stated3,12103,99.98,Not Specified %,1956
3.2,0.0581576,0.00116315,None kPa,N/A,9345,['C'],A,not stated3,12103,99.98,Not Specified %,1956
3.3,0.0602496,0.00120499,None kPa,N/A,9345,['C'],A,not stated3,12103,99.98,Not Specified %,1956
3.4,0.0619232,0.00123846,None kPa,N/A,9345,['C'],A,not stated3,12103,99.98,Not Specified %,1956
3.5,0.0640152,0.0012803,None kPa,N/A,9345,['C'],A,not stated3,12103,99.98,Not Specified %,1956
3.6,0.0656888,0.00131378,None kPa,N/A,9345,['C'],A,not stated3,12103,99.98,Not Specified %,1956
3.7,0.0677808,0.00135562,None kPa,N/A,9345,['C'],A,not stated3,12103,99.98,Not Specified %,1956
3.8,0.0694544,0.00138909,None kPa,N/A,9345,['C'],A,not stated3,12103,99.98,Not Specified %,1956
3.9,0.0715464,0.00143093,None kPa,N/A,9345,['C'],A,not stated3,12103,99.98,Not Specified %,1956
4.0,0.07322,0.0014644,None kPa,N/A,9345,['C'],A,not stated3,12103,99.98,Not Specified %,1956
20.0,0.602496,0.0120499,None kPa,N/A,9345,['C'],A,not stated3,12103,99.98,Not Specified %,1956
10.74,0.173636,0.00259408,None kPa,N/A,14434,['C'],A,Vacuum adiabatic calorimetry,"origin: commercial source,99.95 weight % (total),stated by supplier,chunk",99.95,Weight %,1964
10.87,0.183678,0.00276144,None kPa,N/A,14434,['C'],A,Vacuum adiabatic calorimetry,"origin: commercial source,99.95 weight % (total),stated by supplier,chunk",99.95,Weight %,1964
11.95,0.204179,0.00305432,None kPa,N/A,14434,['C'],A,Vacuum adiabatic calorimetry,"origin: commercial source,99.95 weight % (total),stated by supplier,chunk",99.95,Weight %,1964
12.22,0.218823,0.00326352,None kPa,N/A,14434,['C'],A,Vacuum adiabatic calorimetry,"origin: commercial source,99.95 weight % (total),stated by supplier,chunk",99.95,Weight %,1964
12.28,0.221752,0.0033472,None kPa,N/A,14434,['C'],A,Vacuum adiabatic calorimetry,"origin: commercial source,99.95 weight % (total),stated by supplier,chunk",99.95,Weight %,1964
12.92,0.237233,0.0035564,None kPa,N/A,14434,['C'],A,Vacuum adiabatic calorimetry,"origin: commercial source,99.95 weight % (total),stated by supplier,chunk",99.95,Weight %,1964
13.4,0.246438,0.00368192,None kPa,N/A,14434,['C'],A,Vacuum adiabatic calorimetry,"origin: commercial source,99.95 weight % (total),stated by supplier,chunk",99.95,Weight %,1964
13.94,0.272797,0.00410032,None kPa,N/A,14434,['C'],A,Vacuum adiabatic calorimetry,"origin: commercial source,99.95 weight % (total),stated by supplier,chunk",99.95,Weight %,1964
13.98,0.27196,0.00410032,None kPa,N/A,14434,['C'],A,Vacuum adiabatic calorimetry,"origin: commercial source,99.95 weight % (total),stated by supplier,chunk",99.95,Weight %,1964
14.5,0.279491,0.004184,None kPa,N/A,14434,['C'],A,Vacuum adiabatic calorimetry,"origin: commercial source,99.95 weight % (total),stated by supplier,chunk",99.95,Weight %,1964
15.62,0.319239,0.00476976,None kPa,N/A,14434,['C'],A,Vacuum adiabatic calorimetry,"origin: commercial source,99.95 weight % (total),stated by supplier,chunk",99.95,Weight %,1964
15.86,0.329699,0.00493712,None kPa,N/A,14434,['C'],A,Vacuum adiabatic calorimetry,"origin: commercial source,99.95 weight % (total),stated by supplier,chunk",99.95,Weight %,1964
16.2,0.336394,0.00506264,None kPa,N/A,14434,['C'],A,Vacuum adiabatic calorimetry,"origin: commercial source,99.95 weight % (total),stated by supplier,chunk",99.95,Weight %,1964
16.53,0.351038,0.00527184,None kPa,N/A,14434,['C'],A,Vacuum adiabatic calorimetry,"origin: commercial source,99.95 weight % (total),stated by supplier,chunk",99.95,Weight %,1964
17.92,0.390786,0.0058576,None kPa,N/A,14434,['C'],A,Vacuum adiabatic calorimetry,"origin: commercial source,99.95 weight % (total),stated by supplier,chunk",99.95,Weight %,1964
18.7,0.429278,0.00644336,None kPa,N/A,14434,['C'],A,Vacuum adiabatic calorimetry,"origin: commercial source,99.95 weight % (total),stated by supplier,chunk",99.95,Weight %,1964
18.81,0.440157,0.00661072,None kPa,N/A,14434,['C'],A,Vacuum adiabatic calorimetry,"origin: commercial source,99.95 weight % (total),stated by supplier,chunk",99.95,Weight %,1964
18.94,0.443504,0.00665256,None kPa,N/A,14434,['C'],A,Vacuum adiabatic calorimetry,"origin: commercial source,99.95 weight % (total),stated by supplier,chunk",99.95,Weight %,1964
21.13,0.545175,0.00435136,None kPa,N/A,14434,['C'],A,Vacuum adiabatic calorimetry,"origin: commercial source,99.95 weight % (total),stated by supplier,chunk",99.95,Weight %,1964
24.02,0.74266,0.00594128,None kPa,N/A,14434,['C'],A,Vacuum adiabatic calorimetry,"origin: commercial source,99.95 weight % (total),stated by supplier,chunk",99.95,Weight %,1964
27.84,1.0824,0.00866088,None kPa,N/A,14434,['C'],A,Vacuum adiabatic calorimetry,"origin: commercial source,99.95 weight % (total),stated by supplier,chunk",99.95,Weight %,1964
31.27,1.45645,0.0116315,None kPa,N/A,14434,['C'],A,Vacuum adiabatic calorimetry,"origin: commercial source,99.95 weight % (total),stated by supplier,chunk",99.95,Weight %,1964
35.29,2.01334,0.0161084,None kPa,N/A,14434,['C'],A,Vacuum adiabatic calorimetry,"origin: commercial source,99.95 weight % (total),stated by supplier,chunk",99.95,Weight %,1964
39.2,2.63885,0.0211292,None kPa,N/A,14434,['C'],A,Vacuum adiabatic calorimetry,"origin: commercial source,99.95 weight % (total),stated by supplier,chunk",99.95,Weight %,1964
42.99,3.33172,0.0266521,None kPa,N/A,14434,['C'],A,Vacuum adiabatic calorimetry,"origin: commercial source,99.95 weight % (total),stated by supplier,chunk",99.95,Weight %,1964
46.9,4.12375,0.0329699,None kPa,N/A,14434,['C'],A,Vacuum adiabatic calorimetry,"origin: commercial source,99.95 weight % (total),stated by supplier,chunk",99.95,Weight %,1964
51.58,5.1254,0.0410032,None kPa,N/A,14434,['C'],A,Vacuum adiabatic calorimetry,"origin: commercial source,99.95 weight % (total),stated by supplier,chunk",99.95,Weight %,1964
55.14,5.94128,0.0475302,None kPa,N/A,14434,['C'],A,Vacuum adiabatic calorimetry,"origin: commercial source,99.95 weight % (total),stated by supplier,chunk",99.95,Weight %,1964
56.95,6.29274,0.0503335,None kPa,N/A,14434,['C'],A,Vacuum adiabatic calorimetry,"origin: commercial source,99.95 weight % (total),stated by supplier,chunk",99.95,Weight %,1964
58.96,6.81155,0.0544757,None kPa,N/A,14434,['C'],A,Vacuum adiabatic calorimetry,"origin: commercial source,99.95 weight % (total),stated by supplier,chunk",99.95,Weight %,1964
61.03,7.2174,0.0577392,None kPa,N/A,14434,['C'],A,Vacuum adiabatic calorimetry,"origin: commercial source,99.95 weight % (total),stated by supplier,chunk",99.95,Weight %,1964
63.54,7.88266,0.0630529,None kPa,N/A,14434,['C'],A,Vacuum adiabatic calorimetry,"origin: commercial source,99.95 weight % (total),stated by supplier,chunk",99.95,Weight %,1964
65.69,8.30942,0.0664838,None kPa,N/A,14434,['C'],A,Vacuum adiabatic calorimetry,"origin: commercial source,99.95 weight % (total),stated by supplier,chunk",99.95,Weight %,1964
67.62,8.75293,0.0700402,None kPa,N/A,14434,['C'],A,Vacuum adiabatic calorimetry,"origin: commercial source,99.95 weight % (total),stated by supplier,chunk",99.95,Weight %,1964
71.43,9.62738,0.0770274,None kPa,N/A,14434,['C'],A,Vacuum adiabatic calorimetry,"origin: commercial source,99.95 weight % (total),stated by supplier,chunk",99.95,Weight %,1964
72.99,9.99976,0.0799981,None kPa,N/A,14434,['C'],A,Vacuum adiabatic calorimetry,"origin: commercial source,99.95 weight % (total),stated by supplier,chunk",99.95,Weight %,1964
76.37,10.7529,0.086023,None kPa,N/A,14434,['C'],A,Vacuum adiabatic calorimetry,"origin: commercial source,99.95 weight % (total),stated by supplier,chunk",99.95,Weight %,1964
77.55,10.9788,0.0878222,None kPa,N/A,14434,['C'],A,Vacuum adiabatic calorimetry,"origin: commercial source,99.95 weight % (total),stated by supplier,chunk",99.95,Weight %,1964
81.02,11.7989,0.0353966,None kPa,N/A,14434,['C'],A,Vacuum adiabatic calorimetry,"origin: commercial source,99.95 weight % (total),stated by supplier,chunk",99.95,Weight %,1964
81.88,11.9662,0.0358987,None kPa,N/A,14434,['C'],A,Vacuum adiabatic calorimetry,"origin: commercial source,99.95 weight % (total),stated by supplier,chunk",99.95,Weight %,1964
85.5,12.8742,0.0386183,None kPa,N/A,14434,['C'],A,Vacuum adiabatic calorimetry,"origin: commercial source,99.95 weight % (total),stated by supplier,chunk",99.95,Weight %,1964
86.18,12.8449,0.0385346,None kPa,N/A,14434,['C'],A,Vacuum adiabatic calorimetry,"origin: commercial source,99.95 weight % (total),stated by supplier,chunk",99.95,Weight %,1964
87.0,13.1168,0.0393714,None kPa,N/A,14434,['C'],A,Vacuum adiabatic calorimetry,"origin: commercial source,99.95 weight % (total),stated by supplier,chunk",99.95,Weight %,1964
87.03,12.9035,0.038702,None kPa,N/A,14434,['C'],A,Vacuum adiabatic calorimetry,"origin: commercial source,99.95 weight % (total),stated by supplier,chunk",99.95,Weight %,1964
88.52,13.4892,0.0404593,None kPa,N/A,14434,['C'],A,Vacuum adiabatic calorimetry,"origin: commercial source,99.95 weight % (total),stated by supplier,chunk",99.95,Weight %,1964
89.1,13.5854,0.0407522,None kPa,N/A,14434,['C'],A,Vacuum adiabatic calorimetry,"origin: commercial source,99.95 weight % (total),stated by supplier,chunk",99.95,Weight %,1964
90.75,13.9787,0.0419237,None kPa,N/A,14434,['C'],A,Vacuum adiabatic calorimetry,"origin: commercial source,99.95 weight % (total),stated by supplier,chunk",99.95,Weight %,1964
91.35,14.1921,0.0425931,None kPa,N/A,14434,['C'],A,Vacuum adiabatic calorimetry,"origin: commercial source,99.95 weight % (total),stated by supplier,chunk",99.95,Weight %,1964
91.69,14.2591,0.0427605,None kPa,N/A,14434,['C'],A,Vacuum adiabatic calorimetry,"origin: commercial source,99.95 weight % (total),stated by supplier,chunk",99.95,Weight %,1964
94.69,14.8281,0.0444759,None kPa,N/A,14434,['C'],A,Vacuum adiabatic calorimetry,"origin: commercial source,99.95 weight % (total),stated by supplier,chunk",99.95,Weight %,1964
94.93,14.9745,0.0449362,None kPa,N/A,14434,['C'],A,Vacuum adiabatic calorimetry,"origin: commercial source,99.95 weight % (total),stated by supplier,chunk",99.95,Weight %,1964
95.58,15.0791,0.045229,None kPa,N/A,14434,['C'],A,Vacuum adiabatic calorimetry,"origin: commercial source,99.95 weight % (total),stated by supplier,chunk",99.95,Weight %,1964
96.02,15.1712,0.0455219,None kPa,N/A,14434,['C'],A,Vacuum adiabatic calorimetry,"origin: commercial source,99.95 weight % (total),stated by supplier,chunk",99.95,Weight %,1964
96.2,15.3427,0.046024,None kPa,N/A,14434,['C'],A,Vacuum adiabatic calorimetry,"origin: commercial source,99.95 weight % (total),stated by supplier,chunk",99.95,Weight %,1964
97.82,15.6733,0.0470282,None kPa,N/A,14434,['C'],A,Vacuum adiabatic calorimetry,"origin: commercial source,99.95 weight % (total),stated by supplier,chunk",99.95,Weight %,1964
97.92,15.6649,0.0469863,None kPa,N/A,14434,['C'],A,Vacuum adiabatic calorimetry,"origin: commercial source,99.95 weight % (total),stated by supplier,chunk",99.95,Weight %,1964
98.06,16.1461,0.0484507,None kPa,N/A,14434,['C'],A,Vacuum adiabatic calorimetry,"origin: commercial source,99.95 weight % (total),stated by supplier,chunk",99.95,Weight %,1964
99.99,16.1712,0.0485344,None kPa,N/A,14434,['C'],A,Vacuum adiabatic calorimetry,"origin: commercial source,99.95 weight % (total),stated by supplier,chunk",99.95,Weight %,1964
101.96,15.9285,0.0477813,None kPa,N/A,14434,['C'],A,Vacuum adiabatic calorimetry,"origin: commercial source,99.95 weight % (total),stated by supplier,chunk",99.95,Weight %,1964
104.01,15.8323,0.0474884,None kPa,N/A,14434,['C'],A,Vacuum adiabatic calorimetry,"origin: commercial source,99.95 weight % (total),stated by supplier,chunk",99.95,Weight %,1964
104.84,15.6147,0.0468608,None kPa,N/A,14434,['C'],A,Vacuum adiabatic calorimetry,"origin: commercial source,99.95 weight % (total),stated by supplier,chunk",99.95,Weight %,1964
105.46,15.7235,0.0471537,None kPa,N/A,14434,['C'],A,Vacuum adiabatic calorimetry,"origin: commercial source,99.95 weight % (total),stated by supplier,chunk",99.95,Weight %,1964
106.09,15.7862,0.0473629,None kPa,N/A,14434,['C'],A,Vacuum adiabatic calorimetry,"origin: commercial source,99.95 weight % (total),stated by supplier,chunk",99.95,Weight %,1964
108.25,15.8281,0.0474884,None kPa,N/A,14434,['C'],A,Vacuum adiabatic calorimetry,"origin: commercial source,99.95 weight % (total),stated by supplier,chunk",99.95,Weight %,1964
109.99,16.0289,0.0480742,None kPa,N/A,14434,['C'],A,Vacuum adiabatic calorimetry,"origin: commercial source,99.95 weight % (total),stated by supplier,chunk",99.95,Weight %,1964
110.09,15.9369,0.0478231,None kPa,N/A,14434,['C'],A,Vacuum adiabatic calorimetry,"origin: commercial source,99.95 weight % (total),stated by supplier,chunk",99.95,Weight %,1964
110.4,16.0164,0.0480323,None kPa,N/A,14434,['C'],A,Vacuum adiabatic calorimetry,"origin: commercial source,99.95 weight % (total),stated by supplier,chunk",99.95,Weight %,1964
114.67,16.5142,0.0495386,None kPa,N/A,14434,['C'],A,Vacuum adiabatic calorimetry,"origin: commercial source,99.95 weight % (total),stated by supplier,chunk",99.95,Weight %,1964
119.96,17.0665,0.0512122,None kPa,N/A,14434,['C'],A,Vacuum adiabatic calorimetry,"origin: commercial source,99.95 weight % (total),stated by supplier,chunk",99.95,Weight %,1964
124.58,17.6021,0.0528021,None kPa,N/A,14434,['C'],A,Vacuum adiabatic calorimetry,"origin: commercial source,99.95 weight % (total),stated by supplier,chunk",99.95,Weight %,1964
129.6,17.9368,0.0538062,None kPa,N/A,14434,['C'],A,Vacuum adiabatic calorimetry,"origin: commercial source,99.95 weight % (total),stated by supplier,chunk",99.95,Weight %,1964
135.33,18.6648,0.0559819,None kPa,N/A,14434,['C'],A,Vacuum adiabatic calorimetry,"origin: commercial source,99.95 weight % (total),stated by supplier,chunk",99.95,Weight %,1964
140.25,19.1585,0.0574882,None kPa,N/A,14434,['C'],A,Vacuum adiabatic calorimetry,"origin: commercial source,99.95 weight % (total),stated by supplier,chunk",99.95,Weight %,1964
145.77,19.5937,0.0587852,None kPa,N/A,14434,['C'],A,Vacuum adiabatic calorimetry,"origin: commercial source,99.95 weight % (total),stated by supplier,chunk",99.95,Weight %,1964
151.14,20.0246,0.0600822,None kPa,N/A,14434,['C'],A,Vacuum adiabatic calorimetry,"origin: commercial source,99.95 weight % (total),stated by supplier,chunk",99.95,Weight %,1964
152.03,20.1334,0.060417,None kPa,N/A,14434,['C'],A,Vacuum adiabatic calorimetry,"origin: commercial source,99.95 weight % (total),stated by supplier,chunk",99.95,Weight %,1964
156.18,20.3384,0.0610027,None kPa,N/A,14434,['C'],A,Vacuum adiabatic calorimetry,"origin: commercial source,99.95 weight % (total),stated by supplier,chunk",99.95,Weight %,1964
157.23,20.4347,0.0612956,None kPa,N/A,14434,['C'],A,Vacuum adiabatic calorimetry,"origin: commercial source,99.95 weight % (total),stated by supplier,chunk",99.95,Weight %,1964
161.74,20.7945,0.0623834,None kPa,N/A,14434,['C'],A,Vacuum adiabatic calorimetry,"origin: commercial source,99.95 weight % (total),stated by supplier,chunk",99.95,Weight %,1964
162.38,20.92,0.06276,None kPa,N/A,14434,['C'],A,Vacuum adiabatic calorimetry,"origin: commercial source,99.95 weight % (total),stated by supplier,chunk",99.95,Weight %,1964
166.73,21.0832,0.0632621,None kPa,N/A,14434,['C'],A,Vacuum adiabatic calorimetry,"origin: commercial source,99.95 weight % (total),stated by supplier,chunk",99.95,Weight %,1964
168.84,21.3258,0.0639734,None kPa,N/A,14434,['C'],A,Vacuum adiabatic calorimetry,"origin: commercial source,99.95 weight % (total),stated by supplier,chunk",99.95,Weight %,1964
174.18,21.5769,0.0647265,None kPa,N/A,14434,['C'],A,Vacuum adiabatic calorimetry,"origin: commercial source,99.95 weight % (total),stated by supplier,chunk",99.95,Weight %,1964
179.3,21.7903,0.0653541,None kPa,N/A,14434,['C'],A,Vacuum adiabatic calorimetry,"origin: commercial source,99.95 weight % (total),stated by supplier,chunk",99.95,Weight %,1964
185.25,22.0706,0.0662327,None kPa,N/A,14434,['C'],A,Vacuum adiabatic calorimetry,"origin: commercial source,99.95 weight % (total),stated by supplier,chunk",99.95,Weight %,1964
190.33,22.4053,0.0672369,None kPa,N/A,14434,['C'],A,Vacuum adiabatic calorimetry,"origin: commercial source,99.95 weight % (total),stated by supplier,chunk",99.95,Weight %,1964
196.16,22.6647,0.06799,None kPa,N/A,14434,['C'],A,Vacuum adiabatic calorimetry,"origin: commercial source,99.95 weight % (total),stated by supplier,chunk",99.95,Weight %,1964
199.55,22.7693,0.0683247,None kPa,N/A,14434,['C'],A,Vacuum adiabatic calorimetry,"origin: commercial source,99.95 weight % (total),stated by supplier,chunk",99.95,Weight %,1964
201.22,22.8865,0.0686594,None kPa,N/A,14434,['C'],A,Vacuum adiabatic calorimetry,"origin: commercial source,99.95 weight % (total),stated by supplier,chunk",99.95,Weight %,1964
204.73,23.0706,0.0692034,None kPa,N/A,14434,['C'],A,Vacuum adiabatic calorimetry,"origin: commercial source,99.95 weight % (total),stated by supplier,chunk",99.95,Weight %,1964
206.48,23.1752,0.0695381,None kPa,N/A,14434,['C'],A,Vacuum adiabatic calorimetry,"origin: commercial source,99.95 weight % (total),stated by supplier,chunk",99.95,Weight %,1964
208.52,23.2672,0.0697891,None kPa,N/A,14434,['C'],A,Vacuum adiabatic calorimetry,"origin: commercial source,99.95 weight % (total),stated by supplier,chunk",99.95,Weight %,1964
211.21,23.3593,0.070082,None kPa,N/A,14434,['C'],A,Vacuum adiabatic calorimetry,"origin: commercial source,99.95 weight % (total),stated by supplier,chunk",99.95,Weight %,1964
213.97,23.4681,0.0704167,None kPa,N/A,14434,['C'],A,Vacuum adiabatic calorimetry,"origin: commercial source,99.95 weight % (total),stated by supplier,chunk",99.95,Weight %,1964
216.61,23.4806,0.0704586,None kPa,N/A,14434,['C'],A,Vacuum adiabatic calorimetry,"origin: commercial source,99.95 weight % (total),stated by supplier,chunk",99.95,Weight %,1964
226.18,24.012,0.0720485,None kPa,N/A,14434,['C'],A,Vacuum adiabatic calorimetry,"origin: commercial source,99.95 weight % (total),stated by supplier,chunk",99.95,Weight %,1964
228.97,24.1166,0.0723414,None kPa,N/A,14434,['C'],A,Vacuum adiabatic calorimetry,"origin: commercial source,99.95 weight % (total),stated by supplier,chunk",99.95,Weight %,1964
231.34,24.012,0.0720485,None kPa,N/A,14434,['C'],A,Vacuum adiabatic calorimetry,"origin: commercial source,99.95 weight % (total),stated by supplier,chunk",99.95,Weight %,1964
234.41,24.3383,0.0730108,None kPa,N/A,14434,['C'],A,Vacuum adiabatic calorimetry,"origin: commercial source,99.95 weight % (total),stated by supplier,chunk",99.95,Weight %,1964
237.2,24.4429,0.0733455,None kPa,N/A,14434,['C'],A,Vacuum adiabatic calorimetry,"origin: commercial source,99.95 weight % (total),stated by supplier,chunk",99.95,Weight %,1964
239.62,24.468,0.0733874,None kPa,N/A,14434,['C'],A,Vacuum adiabatic calorimetry,"origin: commercial source,99.95 weight % (total),stated by supplier,chunk",99.95,Weight %,1964
244.95,24.6019,0.0738058,None kPa,N/A,14434,['C'],A,Vacuum adiabatic calorimetry,"origin: commercial source,99.95 weight % (total),stated by supplier,chunk",99.95,Weight %,1964
246.58,24.8781,0.0746426,None kPa,N/A,14434,['C'],A,Vacuum adiabatic calorimetry,"origin: commercial source,99.95 weight % (total),stated by supplier,chunk",99.95,Weight %,1964
250.76,24.694,0.0740986,None kPa,N/A,14434,['C'],A,Vacuum adiabatic calorimetry,"origin: commercial source,99.95 weight % (total),stated by supplier,chunk",99.95,Weight %,1964
252.37,25.0245,0.075061,None kPa,N/A,14434,['C'],A,Vacuum adiabatic calorimetry,"origin: commercial source,99.95 weight % (total),stated by supplier,chunk",99.95,Weight %,1964
256.15,25.0705,0.0752283,None kPa,N/A,14434,['C'],A,Vacuum adiabatic calorimetry,"origin: commercial source,99.95 weight % (total),stated by supplier,chunk",99.95,Weight %,1964
259.81,24.9325,0.0748099,None kPa,N/A,14434,['C'],A,Vacuum adiabatic calorimetry,"origin: commercial source,99.95 weight % (total),stated by supplier,chunk",99.95,Weight %,1964
263.67,25.2881,0.0758559,None kPa,N/A,14434,['C'],A,Vacuum adiabatic calorimetry,"origin: commercial source,99.95 weight % (total),stated by supplier,chunk",99.95,Weight %,1964
269.58,25.5601,0.0766927,None kPa,N/A,14434,['C'],A,Vacuum adiabatic calorimetry,"origin: commercial source,99.95 weight % (total),stated by supplier,chunk",99.95,Weight %,1964
273.0,25.4387,0.0763162,None kPa,N/A,14434,['C'],A,Vacuum adiabatic calorimetry,"origin: commercial source,99.95 weight % (total),stated by supplier,chunk",99.95,Weight %,1964
12.9,0.220078,0.00330536,None kPa,N/A,14435,['C'],A,Vacuum adiabatic calorimetry,"origin: commercial source,99.95 weight % (total),stated by supplier,chunk",99.95,Weight %,1964
13.2,0.223426,0.0033472,None kPa,N/A,14435,['C'],A,Vacuum adiabatic calorimetry,"origin: commercial source,99.95 weight % (total),stated by supplier,chunk",99.95,Weight %,1964
13.25,0.223844,0.0033472,None kPa,N/A,14435,['C'],A,Vacuum adiabatic calorimetry,"origin: commercial source,99.95 weight % (total),stated by supplier,chunk",99.95,Weight %,1964
13.46,0.236396,0.0035564,None kPa,N/A,14435,['C'],A,Vacuum adiabatic calorimetry,"origin: commercial source,99.95 weight % (total),stated by supplier,chunk",99.95,Weight %,1964
14.44,0.254806,0.00380744,None kPa,N/A,14435,['C'],A,Vacuum adiabatic calorimetry,"origin: commercial source,99.95 weight % (total),stated by supplier,chunk",99.95,Weight %,1964
14.51,0.263592,0.0039748,None kPa,N/A,14435,['C'],A,Vacuum adiabatic calorimetry,"origin: commercial source,99.95 weight % (total),stated by supplier,chunk",99.95,Weight %,1964
14.55,0.2615,0.00393296,None kPa,N/A,14435,['C'],A,Vacuum adiabatic calorimetry,"origin: commercial source,99.95 weight % (total),stated by supplier,chunk",99.95,Weight %,1964
14.67,0.266521,0.00401664,None kPa,N/A,14435,['C'],A,Vacuum adiabatic calorimetry,"origin: commercial source,99.95 weight % (total),stated by supplier,chunk",99.95,Weight %,1964
16.18,0.325097,0.00489528,None kPa,N/A,14435,['C'],A,Vacuum adiabatic calorimetry,"origin: commercial source,99.95 weight % (total),stated by supplier,chunk",99.95,Weight %,1964
16.32,0.33221,0.00497896,None kPa,N/A,14435,['C'],A,Vacuum adiabatic calorimetry,"origin: commercial source,99.95 weight % (total),stated by supplier,chunk",99.95,Weight %,1964
16.73,0.34769,0.00523,None kPa,N/A,14435,['C'],A,Vacuum adiabatic calorimetry,"origin: commercial source,99.95 weight % (total),stated by supplier,chunk",99.95,Weight %,1964
16.78,0.34769,0.00523,None kPa,N/A,14435,['C'],A,Vacuum adiabatic calorimetry,"origin: commercial source,99.95 weight % (total),stated by supplier,chunk",99.95,Weight %,1964
18.39,0.425513,0.00640152,None kPa,N/A,14435,['C'],A,Vacuum adiabatic calorimetry,"origin: commercial source,99.95 weight % (total),stated by supplier,chunk",99.95,Weight %,1964
18.47,0.427605,0.00640152,None kPa,N/A,14435,['C'],A,Vacuum adiabatic calorimetry,"origin: commercial source,99.95 weight % (total),stated by supplier,chunk",99.95,Weight %,1964
19.11,0.456893,0.00686176,None kPa,N/A,14435,['C'],A,Vacuum adiabatic calorimetry,"origin: commercial source,99.95 weight % (total),stated by supplier,chunk",99.95,Weight %,1964
19.46,0.477394,0.00715464,None kPa,N/A,14435,['C'],A,Vacuum adiabatic calorimetry,"origin: commercial source,99.95 weight % (total),stated by supplier,chunk",99.95,Weight %,1964
21.95,0.629692,0.0050208,None kPa,N/A,14435,['C'],A,Vacuum adiabatic calorimetry,"origin: commercial source,99.95 weight % (total),stated by supplier,chunk",99.95,Weight %,1964
22.06,0.623834,0.00497896,None kPa,N/A,14435,['C'],A,Vacuum adiabatic calorimetry,"origin: commercial source,99.95 weight % (total),stated by supplier,chunk",99.95,Weight %,1964
24.8,0.867762,0.00694544,None kPa,N/A,14435,['C'],A,Vacuum adiabatic calorimetry,"origin: commercial source,99.95 weight % (total),stated by supplier,chunk",99.95,Weight %,1964
25.04,0.8891,0.0071128,None kPa,N/A,14435,['C'],A,Vacuum adiabatic calorimetry,"origin: commercial source,99.95 weight % (total),stated by supplier,chunk",99.95,Weight %,1964
28.13,1.23261,0.00987424,None kPa,N/A,14435,['C'],A,Vacuum adiabatic calorimetry,"origin: commercial source,99.95 weight % (total),stated by supplier,chunk",99.95,Weight %,1964
31.97,1.72925,0.013849,None kPa,N/A,14435,['C'],A,Vacuum adiabatic calorimetry,"origin: commercial source,99.95 weight % (total),stated by supplier,chunk",99.95,Weight %,1964
36.35,2.4263,0.0194138,None kPa,N/A,14435,['C'],A,Vacuum adiabatic calorimetry,"origin: commercial source,99.95 weight % (total),stated by supplier,chunk",99.95,Weight %,1964
41.01,3.28611,0.0262755,None kPa,N/A,14435,['C'],A,Vacuum adiabatic calorimetry,"origin: commercial source,99.95 weight % (total),stated by supplier,chunk",99.95,Weight %,1964
45.17,4.13045,0.0330536,None kPa,N/A,14435,['C'],A,Vacuum adiabatic calorimetry,"origin: commercial source,99.95 weight % (total),stated by supplier,chunk",99.95,Weight %,1964
49.55,5.07101,0.0405848,None kPa,N/A,14435,['C'],A,Vacuum adiabatic calorimetry,"origin: commercial source,99.95 weight % (total),stated by supplier,chunk",99.95,Weight %,1964
58.67,7.08351,0.0566514,None kPa,N/A,14435,['C'],A,Vacuum adiabatic calorimetry,"origin: commercial source,99.95 weight % (total),stated by supplier,chunk",99.95,Weight %,1964
61.71,7.57304,0.0605843,None kPa,N/A,14435,['C'],A,Vacuum adiabatic calorimetry,"origin: commercial source,99.95 weight % (total),stated by supplier,chunk",99.95,Weight %,1964
66.48,8.86171,0.070877,None kPa,N/A,14435,['C'],A,Vacuum adiabatic calorimetry,"origin: commercial source,99.95 weight % (total),stated by supplier,chunk",99.95,Weight %,1964
66.77,8.87845,0.0710443,None kPa,N/A,14435,['C'],A,Vacuum adiabatic calorimetry,"origin: commercial source,99.95 weight % (total),stated by supplier,chunk",99.95,Weight %,1964
71.34,9.84914,0.0787847,None kPa,N/A,14435,['C'],A,Vacuum adiabatic calorimetry,"origin: commercial source,99.95 weight % (total),stated by supplier,chunk",99.95,Weight %,1964
75.67,10.7571,0.0860649,None kPa,N/A,14435,['C'],A,Vacuum adiabatic calorimetry,"origin: commercial source,99.95 weight % (total),stated by supplier,chunk",99.95,Weight %,1964
79.86,11.6399,0.0931358,None kPa,N/A,14435,['C'],A,Vacuum adiabatic calorimetry,"origin: commercial source,99.95 weight % (total),stated by supplier,chunk",99.95,Weight %,1964
84.72,12.5646,0.0376978,None kPa,N/A,14435,['C'],A,Vacuum adiabatic calorimetry,"origin: commercial source,99.95 weight % (total),stated by supplier,chunk",99.95,Weight %,1964
89.13,13.2842,0.0398735,None kPa,N/A,14435,['C'],A,Vacuum adiabatic calorimetry,"origin: commercial source,99.95 weight % (total),stated by supplier,chunk",99.95,Weight %,1964
93.51,14.075,0.0422166,None kPa,N/A,14435,['C'],A,Vacuum adiabatic calorimetry,"origin: commercial source,99.95 weight % (total),stated by supplier,chunk",99.95,Weight %,1964
93.83,14.0708,0.0422166,None kPa,N/A,14435,['C'],A,Vacuum adiabatic calorimetry,"origin: commercial source,99.95 weight % (total),stated by supplier,chunk",99.95,Weight %,1964
98.37,14.9285,0.0447688,None kPa,N/A,14435,['C'],A,Vacuum adiabatic calorimetry,"origin: commercial source,99.95 weight % (total),stated by supplier,chunk",99.95,Weight %,1964
102.9,15.5101,0.0465261,None kPa,N/A,14435,['C'],A,Vacuum adiabatic calorimetry,"origin: commercial source,99.95 weight % (total),stated by supplier,chunk",99.95,Weight %,1964
103.11,15.6021,0.046819,None kPa,N/A,14435,['C'],A,Vacuum adiabatic calorimetry,"origin: commercial source,99.95 weight % (total),stated by supplier,chunk",99.95,Weight %,1964
107.69,16.3218,0.0489528,None kPa,N/A,14435,['C'],A,Vacuum adiabatic calorimetry,"origin: commercial source,99.95 weight % (total),stated by supplier,chunk",99.95,Weight %,1964
112.22,17.0247,0.0510866,None kPa,N/A,14435,['C'],A,Vacuum adiabatic calorimetry,"origin: commercial source,99.95 weight % (total),stated by supplier,chunk",99.95,Weight %,1964
121.43,18.1962,0.0546012,None kPa,N/A,14435,['C'],A,Vacuum adiabatic calorimetry,"origin: commercial source,99.95 weight % (total),stated by supplier,chunk",99.95,Weight %,1964
126.14,18.5644,0.055689,None kPa,N/A,14435,['C'],A,Vacuum adiabatic calorimetry,"origin: commercial source,99.95 weight % (total),stated by supplier,chunk",99.95,Weight %,1964
130.74,19.1,0.0573208,None kPa,N/A,14435,['C'],A,Vacuum adiabatic calorimetry,"origin: commercial source,99.95 weight % (total),stated by supplier,chunk",99.95,Weight %,1964
135.94,19.5979,0.0587852,None kPa,N/A,14435,['C'],A,Vacuum adiabatic calorimetry,"origin: commercial source,99.95 weight % (total),stated by supplier,chunk",99.95,Weight %,1964
140.76,19.9702,0.0599149,None kPa,N/A,14435,['C'],A,Vacuum adiabatic calorimetry,"origin: commercial source,99.95 weight % (total),stated by supplier,chunk",99.95,Weight %,1964
145.48,20.556,0.0616722,None kPa,N/A,14435,['C'],A,Vacuum adiabatic calorimetry,"origin: commercial source,99.95 weight % (total),stated by supplier,chunk",99.95,Weight %,1964
150.76,20.9033,0.0627182,None kPa,N/A,14435,['C'],A,Vacuum adiabatic calorimetry,"origin: commercial source,99.95 weight % (total),stated by supplier,chunk",99.95,Weight %,1964
155.61,21.2966,0.0638897,None kPa,N/A,14435,['C'],A,Vacuum adiabatic calorimetry,"origin: commercial source,99.95 weight % (total),stated by supplier,chunk",99.95,Weight %,1964
160.39,21.6731,0.0650194,None kPa,N/A,14435,['C'],A,Vacuum adiabatic calorimetry,"origin: commercial source,99.95 weight % (total),stated by supplier,chunk",99.95,Weight %,1964
165.6,21.9827,0.0659398,None kPa,N/A,14435,['C'],A,Vacuum adiabatic calorimetry,"origin: commercial source,99.95 weight % (total),stated by supplier,chunk",99.95,Weight %,1964
170.42,22.4597,0.0673624,None kPa,N/A,14435,['C'],A,Vacuum adiabatic calorimetry,"origin: commercial source,99.95 weight % (total),stated by supplier,chunk",99.95,Weight %,1964
181.84,23.0078,0.069036,None kPa,N/A,14435,['C'],A,Vacuum adiabatic calorimetry,"origin: commercial source,99.95 weight % (total),stated by supplier,chunk",99.95,Weight %,1964
186.87,23.3467,0.0700402,None kPa,N/A,14435,['C'],A,Vacuum adiabatic calorimetry,"origin: commercial source,99.95 weight % (total),stated by supplier,chunk",99.95,Weight %,1964
191.84,23.7191,0.0711698,None kPa,N/A,14435,['C'],A,Vacuum adiabatic calorimetry,"origin: commercial source,99.95 weight % (total),stated by supplier,chunk",99.95,Weight %,1964
198.81,24.0203,0.0720485,None kPa,N/A,14435,['C'],A,Vacuum adiabatic calorimetry,"origin: commercial source,99.95 weight % (total),stated by supplier,chunk",99.95,Weight %,1964
198.98,24.0329,0.0720903,None kPa,N/A,14435,['C'],A,Vacuum adiabatic calorimetry,"origin: commercial source,99.95 weight % (total),stated by supplier,chunk",99.95,Weight %,1964
204.18,24.2923,0.0728853,None kPa,N/A,14435,['C'],A,Vacuum adiabatic calorimetry,"origin: commercial source,99.95 weight % (total),stated by supplier,chunk",99.95,Weight %,1964
209.44,24.627,0.0738894,None kPa,N/A,14435,['C'],A,Vacuum adiabatic calorimetry,"origin: commercial source,99.95 weight % (total),stated by supplier,chunk",99.95,Weight %,1964
210.32,24.6312,0.0738894,None kPa,N/A,14435,['C'],A,Vacuum adiabatic calorimetry,"origin: commercial source,99.95 weight % (total),stated by supplier,chunk",99.95,Weight %,1964
214.48,24.8906,0.0746844,None kPa,N/A,14435,['C'],A,Vacuum adiabatic calorimetry,"origin: commercial source,99.95 weight % (total),stated by supplier,chunk",99.95,Weight %,1964
215.77,24.8153,0.0744334,None kPa,N/A,14435,['C'],A,Vacuum adiabatic calorimetry,"origin: commercial source,99.95 weight % (total),stated by supplier,chunk",99.95,Weight %,1964
218.97,24.9492,0.0748518,None kPa,N/A,14435,['C'],A,Vacuum adiabatic calorimetry,"origin: commercial source,99.95 weight % (total),stated by supplier,chunk",99.95,Weight %,1964
223.05,25.1709,0.0755212,None kPa,N/A,14435,['C'],A,Vacuum adiabatic calorimetry,"origin: commercial source,99.95 weight % (total),stated by supplier,chunk",99.95,Weight %,1964
224.66,25.3048,0.0758978,None kPa,N/A,14435,['C'],A,Vacuum adiabatic calorimetry,"origin: commercial source,99.95 weight % (total),stated by supplier,chunk",99.95,Weight %,1964
228.79,25.5015,0.0765254,None kPa,N/A,14435,['C'],A,Vacuum adiabatic calorimetry,"origin: commercial source,99.95 weight % (total),stated by supplier,chunk",99.95,Weight %,1964
230.14,25.422,0.0762743,None kPa,N/A,14435,['C'],A,Vacuum adiabatic calorimetry,"origin: commercial source,99.95 weight % (total),stated by supplier,chunk",99.95,Weight %,1964
234.47,25.6688,0.0770274,None kPa,N/A,14435,['C'],A,Vacuum adiabatic calorimetry,"origin: commercial source,99.95 weight % (total),stated by supplier,chunk",99.95,Weight %,1964
238.01,25.8948,0.0776969,None kPa,N/A,14435,['C'],A,Vacuum adiabatic calorimetry,"origin: commercial source,99.95 weight % (total),stated by supplier,chunk",99.95,Weight %,1964
239.94,25.9785,0.0779479,None kPa,N/A,14435,['C'],A,Vacuum adiabatic calorimetry,"origin: commercial source,99.95 weight % (total),stated by supplier,chunk",99.95,Weight %,1964
243.95,26.1918,0.0785755,None kPa,N/A,14435,['C'],A,Vacuum adiabatic calorimetry,"origin: commercial source,99.95 weight % (total),stated by supplier,chunk",99.95,Weight %,1964
247.75,26.242,0.0787429,None kPa,N/A,14435,['C'],A,Vacuum adiabatic calorimetry,"origin: commercial source,99.95 weight % (total),stated by supplier,chunk",99.95,Weight %,1964
249.6,26.3718,0.0791194,None kPa,N/A,14435,['C'],A,Vacuum adiabatic calorimetry,"origin: commercial source,99.95 weight % (total),stated by supplier,chunk",99.95,Weight %,1964
253.66,26.4722,0.0794123,None kPa,N/A,14435,['C'],A,Vacuum adiabatic calorimetry,"origin: commercial source,99.95 weight % (total),stated by supplier,chunk",99.95,Weight %,1964
255.0,26.6563,0.0799562,None kPa,N/A,14435,['C'],A,Vacuum adiabatic calorimetry,"origin: commercial source,99.95 weight % (total),stated by supplier,chunk",99.95,Weight %,1964
259.29,26.6981,0.0800818,None kPa,N/A,14435,['C'],A,Vacuum adiabatic calorimetry,"origin: commercial source,99.95 weight % (total),stated by supplier,chunk",99.95,Weight %,1964
262.73,26.8362,0.0805002,None kPa,N/A,14435,['C'],A,Vacuum adiabatic calorimetry,"origin: commercial source,99.95 weight % (total),stated by supplier,chunk",99.95,Weight %,1964
267.38,27.0119,0.0810441,None kPa,N/A,14435,['C'],A,Vacuum adiabatic calorimetry,"origin: commercial source,99.95 weight % (total),stated by supplier,chunk",99.95,Weight %,1964
268.63,27.0621,0.0811696,None kPa,N/A,14435,['C'],A,Vacuum adiabatic calorimetry,"origin: commercial source,99.95 weight % (total),stated by supplier,chunk",99.95,Weight %,1964
273.38,27.2713,0.0817972,None kPa,N/A,14435,['C'],A,Vacuum adiabatic calorimetry,"origin: commercial source,99.95 weight % (total),stated by supplier,chunk",99.95,Weight %,1964
13.76,0.744752,0.016736,1 kPa,N/A,15171,['C'],A,Vacuum adiabatic calorimetry,"origin: commercial source,99.6 mole % (total),spectroscopy,chunk",99.6,Mole %,1965
15.59,0.887008,0.02092,None kPa,N/A,15171,['C'],A,Vacuum adiabatic calorimetry,"origin: commercial source,99.6 mole % (total),spectroscopy,chunk",99.6,Mole %,1965
17.85,1.06274,0.025104,None kPa,N/A,15171,['C'],A,Vacuum adiabatic calorimetry,"origin: commercial source,99.6 mole % (total),spectroscopy,chunk",99.6,Mole %,1965
18.62,1.12968,0.029288,None kPa,N/A,15171,['C'],A,Vacuum adiabatic calorimetry,"origin: commercial source,99.6 mole % (total),spectroscopy,chunk",99.6,Mole %,1965
22.65,1.4895,0.037656,None kPa,N/A,15171,['C'],A,Vacuum adiabatic calorimetry,"origin: commercial source,99.6 mole % (total),spectroscopy,chunk",99.6,Mole %,1965
23.34,1.57318,0.037656,None kPa,N/A,15171,['C'],A,Vacuum adiabatic calorimetry,"origin: commercial source,99.6 mole % (total),spectroscopy,chunk",99.6,Mole %,1965
26.49,1.6987,0.04184,None kPa,N/A,15171,['C'],A,Vacuum adiabatic calorimetry,"origin: commercial source,99.6 mole % (total),spectroscopy,chunk",99.6,Mole %,1965
28.94,2.24262,0.054392,None kPa,N/A,15171,['C'],A,Vacuum adiabatic calorimetry,"origin: commercial source,99.6 mole % (total),spectroscopy,chunk",99.6,Mole %,1965
30.23,2.53132,0.06276,None kPa,N/A,15171,['C'],A,Vacuum adiabatic calorimetry,"origin: commercial source,99.6 mole % (total),spectroscopy,chunk",99.6,Mole %,1965
33.0,2.81165,0.071128,None kPa,N/A,15171,['C'],A,Vacuum adiabatic calorimetry,"origin: commercial source,99.6 mole % (total),spectroscopy,chunk",99.6,Mole %,1965
34.45,3.02085,0.075312,None kPa,N/A,15171,['C'],A,Vacuum adiabatic calorimetry,"origin: commercial source,99.6 mole % (total),spectroscopy,chunk",99.6,Mole %,1965
36.96,3.43506,0.087864,None kPa,N/A,15171,['C'],A,Vacuum adiabatic calorimetry,"origin: commercial source,99.6 mole % (total),spectroscopy,chunk",99.6,Mole %,1965
38.63,3.57732,0.087864,None kPa,N/A,15171,['C'],A,Vacuum adiabatic calorimetry,"origin: commercial source,99.6 mole % (total),spectroscopy,chunk",99.6,Mole %,1965
40.93,4.14216,0.012552,None kPa,N/A,15171,['C'],A,Vacuum adiabatic calorimetry,"origin: commercial source,99.6 mole % (total),spectroscopy,chunk",99.6,Mole %,1965
42.69,4.46851,0.012552,None kPa,N/A,15171,['C'],A,Vacuum adiabatic calorimetry,"origin: commercial source,99.6 mole % (total),spectroscopy,chunk",99.6,Mole %,1965
42.8,4.47688,0.012552,None kPa,N/A,15171,['C'],A,Vacuum adiabatic calorimetry,"origin: commercial source,99.6 mole % (total),spectroscopy,chunk",99.6,Mole %,1965
43.55,4.6819,0.012552,None kPa,N/A,15171,['C'],A,Vacuum adiabatic calorimetry,"origin: commercial source,99.6 mole % (total),spectroscopy,chunk",99.6,Mole %,1965
48.98,5.6484,0.016736,None kPa,N/A,15171,['C'],A,Vacuum adiabatic calorimetry,"origin: commercial source,99.6 mole % (total),spectroscopy,chunk",99.6,Mole %,1965
54.42,6.91197,0.02092,None kPa,N/A,15171,['C'],A,Vacuum adiabatic calorimetry,"origin: commercial source,99.6 mole % (total),spectroscopy,chunk",99.6,Mole %,1965
59.02,7.81571,0.025104,None kPa,N/A,15171,['C'],A,Vacuum adiabatic calorimetry,"origin: commercial source,99.6 mole % (total),spectroscopy,chunk",99.6,Mole %,1965
63.44,8.7613,0.025104,None kPa,N/A,15171,['C'],A,Vacuum adiabatic calorimetry,"origin: commercial source,99.6 mole % (total),spectroscopy,chunk",99.6,Mole %,1965
67.77,9.63575,0.029288,None kPa,N/A,15171,['C'],A,Vacuum adiabatic calorimetry,"origin: commercial source,99.6 mole % (total),spectroscopy,chunk",99.6,Mole %,1965
71.73,10.414,0.029288,None kPa,N/A,15171,['C'],A,Vacuum adiabatic calorimetry,"origin: commercial source,99.6 mole % (total),spectroscopy,chunk",99.6,Mole %,1965
72.33,10.5186,0.033472,None kPa,N/A,15171,['C'],A,Vacuum adiabatic calorimetry,"origin: commercial source,99.6 mole % (total),spectroscopy,chunk",99.6,Mole %,1965
77.14,11.4851,0.033472,None kPa,N/A,15171,['C'],A,Vacuum adiabatic calorimetry,"origin: commercial source,99.6 mole % (total),spectroscopy,chunk",99.6,Mole %,1965
81.6,12.3428,0.037656,None kPa,N/A,15171,['C'],A,Vacuum adiabatic calorimetry,"origin: commercial source,99.6 mole % (total),spectroscopy,chunk",99.6,Mole %,1965
85.79,13.1336,0.037656,None kPa,N/A,15171,['C'],A,Vacuum adiabatic calorimetry,"origin: commercial source,99.6 mole % (total),spectroscopy,chunk",99.6,Mole %,1965
89.76,13.8072,0.04184,None kPa,N/A,15171,['C'],A,Vacuum adiabatic calorimetry,"origin: commercial source,99.6 mole % (total),spectroscopy,chunk",99.6,Mole %,1965
94.05,14.4934,0.04184,None kPa,N/A,15171,['C'],A,Vacuum adiabatic calorimetry,"origin: commercial source,99.6 mole % (total),spectroscopy,chunk",99.6,Mole %,1965
98.73,15.2047,0.046024,None kPa,N/A,15171,['C'],A,Vacuum adiabatic calorimetry,"origin: commercial source,99.6 mole % (total),spectroscopy,chunk",99.6,Mole %,1965
103.36,15.8908,0.016736,None kPa,N/A,15171,['C'],A,Vacuum adiabatic calorimetry,"origin: commercial source,99.6 mole % (total),spectroscopy,chunk",99.6,Mole %,1965
108.04,16.5268,0.016736,None kPa,N/A,15171,['C'],A,Vacuum adiabatic calorimetry,"origin: commercial source,99.6 mole % (total),spectroscopy,chunk",99.6,Mole %,1965
108.04,16.5352,0.016736,None kPa,N/A,15171,['C'],A,Vacuum adiabatic calorimetry,"origin: commercial source,99.6 mole % (total),spectroscopy,chunk",99.6,Mole %,1965
110.21,16.8406,0.016736,None kPa,N/A,15171,['C'],A,Vacuum adiabatic calorimetry,"origin: commercial source,99.6 mole % (total),spectroscopy,chunk",99.6,Mole %,1965
112.55,17.1628,0.016736,None kPa,N/A,15171,['C'],A,Vacuum adiabatic calorimetry,"origin: commercial source,99.6 mole % (total),spectroscopy,chunk",99.6,Mole %,1965
112.63,17.1126,0.016736,None kPa,N/A,15171,['C'],A,Vacuum adiabatic calorimetry,"origin: commercial source,99.6 mole % (total),spectroscopy,chunk",99.6,Mole %,1965
115.06,17.5017,0.016736,None kPa,N/A,15171,['C'],A,Vacuum adiabatic calorimetry,"origin: commercial source,99.6 mole % (total),spectroscopy,chunk",99.6,Mole %,1965
117.36,17.7485,0.016736,None kPa,N/A,15171,['C'],A,Vacuum adiabatic calorimetry,"origin: commercial source,99.6 mole % (total),spectroscopy,chunk",99.6,Mole %,1965
117.81,17.8322,0.016736,None kPa,N/A,15171,['C'],A,Vacuum adiabatic calorimetry,"origin: commercial source,99.6 mole % (total),spectroscopy,chunk",99.6,Mole %,1965
118.97,17.9703,0.016736,None kPa,N/A,15171,['C'],A,Vacuum adiabatic calorimetry,"origin: commercial source,99.6 mole % (total),spectroscopy,chunk",99.6,Mole %,1965
120.79,18.213,0.016736,None kPa,N/A,15171,['C'],A,Vacuum adiabatic calorimetry,"origin: commercial source,99.6 mole % (total),spectroscopy,chunk",99.6,Mole %,1965
122.22,18.3803,0.016736,None kPa,N/A,15171,['C'],A,Vacuum adiabatic calorimetry,"origin: commercial source,99.6 mole % (total),spectroscopy,chunk",99.6,Mole %,1965
123.77,18.6188,0.016736,None kPa,N/A,15171,['C'],A,Vacuum adiabatic calorimetry,"origin: commercial source,99.6 mole % (total),spectroscopy,chunk",99.6,Mole %,1965
123.83,18.577,0.016736,None kPa,N/A,15171,['C'],A,Vacuum adiabatic calorimetry,"origin: commercial source,99.6 mole % (total),spectroscopy,chunk",99.6,Mole %,1965
126.76,18.8991,0.02092,None kPa,N/A,15171,['C'],A,Vacuum adiabatic calorimetry,"origin: commercial source,99.6 mole % (total),spectroscopy,chunk",99.6,Mole %,1965
126.95,18.9284,0.02092,None kPa,N/A,15171,['C'],A,Vacuum adiabatic calorimetry,"origin: commercial source,99.6 mole % (total),spectroscopy,chunk",99.6,Mole %,1965
129.77,19.1292,0.02092,None kPa,N/A,15171,['C'],A,Vacuum adiabatic calorimetry,"origin: commercial source,99.6 mole % (total),spectroscopy,chunk",99.6,Mole %,1965
131.73,19.2046,0.02092,None kPa,N/A,15171,['C'],A,Vacuum adiabatic calorimetry,"origin: commercial source,99.6 mole % (total),spectroscopy,chunk",99.6,Mole %,1965
133.47,19.4263,0.02092,None kPa,N/A,15171,['C'],A,Vacuum adiabatic calorimetry,"origin: commercial source,99.6 mole % (total),spectroscopy,chunk",99.6,Mole %,1965
138.27,19.7945,0.02092,None kPa,N/A,15171,['C'],A,Vacuum adiabatic calorimetry,"origin: commercial source,99.6 mole % (total),spectroscopy,chunk",99.6,Mole %,1965
143.22,20.2129,0.02092,None kPa,N/A,15171,['C'],A,Vacuum adiabatic calorimetry,"origin: commercial source,99.6 mole % (total),spectroscopy,chunk",99.6,Mole %,1965
148.29,20.6313,0.02092,None kPa,N/A,15171,['C'],A,Vacuum adiabatic calorimetry,"origin: commercial source,99.6 mole % (total),spectroscopy,chunk",99.6,Mole %,1965
153.46,21.0037,0.02092,None kPa,N/A,15171,['C'],A,Vacuum adiabatic calorimetry,"origin: commercial source,99.6 mole % (total),spectroscopy,chunk",99.6,Mole %,1965
158.96,21.3635,0.02092,None kPa,N/A,15171,['C'],A,Vacuum adiabatic calorimetry,"origin: commercial source,99.6 mole % (total),spectroscopy,chunk",99.6,Mole %,1965
164.57,21.7694,0.02092,None kPa,N/A,15171,['C'],A,Vacuum adiabatic calorimetry,"origin: commercial source,99.6 mole % (total),spectroscopy,chunk",99.6,Mole %,1965
170.19,22.125,0.02092,None kPa,N/A,15171,['C'],A,Vacuum adiabatic calorimetry,"origin: commercial source,99.6 mole % (total),spectroscopy,chunk",99.6,Mole %,1965
175.79,22.4472,0.02092,None kPa,N/A,15171,['C'],A,Vacuum adiabatic calorimetry,"origin: commercial source,99.6 mole % (total),spectroscopy,chunk",99.6,Mole %,1965
181.46,22.7651,0.02092,None kPa,N/A,15171,['C'],A,Vacuum adiabatic calorimetry,"origin: commercial source,99.6 mole % (total),spectroscopy,chunk",99.6,Mole %,1965
187.42,23.0748,0.025104,None kPa,N/A,15171,['C'],A,Vacuum adiabatic calorimetry,"origin: commercial source,99.6 mole % (total),spectroscopy,chunk",99.6,Mole %,1965
191.39,23.2798,0.025104,None kPa,N/A,15171,['C'],A,Vacuum adiabatic calorimetry,"origin: commercial source,99.6 mole % (total),spectroscopy,chunk",99.6,Mole %,1965
193.54,23.3635,0.025104,None kPa,N/A,15171,['C'],A,Vacuum adiabatic calorimetry,"origin: commercial source,99.6 mole % (total),spectroscopy,chunk",99.6,Mole %,1965
197.39,23.5727,0.025104,None kPa,N/A,15171,['C'],A,Vacuum adiabatic calorimetry,"origin: commercial source,99.6 mole % (total),spectroscopy,chunk",99.6,Mole %,1965
199.82,23.6689,0.025104,None kPa,N/A,15171,['C'],A,Vacuum adiabatic calorimetry,"origin: commercial source,99.6 mole % (total),spectroscopy,chunk",99.6,Mole %,1965
203.44,23.8111,0.025104,None kPa,N/A,15171,['C'],A,Vacuum adiabatic calorimetry,"origin: commercial source,99.6 mole % (total),spectroscopy,chunk",99.6,Mole %,1965
209.45,24.1082,0.025104,None kPa,N/A,15171,['C'],A,Vacuum adiabatic calorimetry,"origin: commercial source,99.6 mole % (total),spectroscopy,chunk",99.6,Mole %,1965
215.41,24.3467,0.025104,None kPa,N/A,15171,['C'],A,Vacuum adiabatic calorimetry,"origin: commercial source,99.6 mole % (total),spectroscopy,chunk",99.6,Mole %,1965
221.32,24.5517,0.025104,None kPa,N/A,15171,['C'],A,Vacuum adiabatic calorimetry,"origin: commercial source,99.6 mole % (total),spectroscopy,chunk",99.6,Mole %,1965
227.18,24.7944,0.025104,None kPa,N/A,15171,['C'],A,Vacuum adiabatic calorimetry,"origin: commercial source,99.6 mole % (total),spectroscopy,chunk",99.6,Mole %,1965
233.03,25.0078,0.025104,None kPa,N/A,15171,['C'],A,Vacuum adiabatic calorimetry,"origin: commercial source,99.6 mole % (total),spectroscopy,chunk",99.6,Mole %,1965
238.88,25.1709,0.025104,None kPa,N/A,15171,['C'],A,Vacuum adiabatic calorimetry,"origin: commercial source,99.6 mole % (total),spectroscopy,chunk",99.6,Mole %,1965
244.67,25.3801,0.025104,None kPa,N/A,15171,['C'],A,Vacuum adiabatic calorimetry,"origin: commercial source,99.6 mole % (total),spectroscopy,chunk",99.6,Mole %,1965
250.43,25.5935,0.025104,None kPa,N/A,15171,['C'],A,Vacuum adiabatic calorimetry,"origin: commercial source,99.6 mole % (total),spectroscopy,chunk",99.6,Mole %,1965
256.16,25.6939,0.025104,None kPa,N/A,15171,['C'],A,Vacuum adiabatic calorimetry,"origin: commercial source,99.6 mole % (total),spectroscopy,chunk",99.6,Mole %,1965
261.84,25.899,0.025104,None kPa,N/A,15171,['C'],A,Vacuum adiabatic calorimetry,"origin: commercial source,99.6 mole % (total),spectroscopy,chunk",99.6,Mole %,1965
267.65,26.0496,0.025104,None kPa,N/A,15171,['C'],A,Vacuum adiabatic calorimetry,"origin: commercial source,99.6 mole % (total),spectroscopy,chunk",99.6,Mole %,1965
273.65,26.1667,0.054392,None kPa,N/A,15171,['C'],A,Vacuum adiabatic calorimetry,"origin: commercial source,99.6 mole % (total),spectroscopy,chunk",99.6,Mole %,1965
276.41,26.2295,0.054392,None kPa,N/A,15171,['C'],A,Vacuum adiabatic calorimetry,"origin: commercial source,99.6 mole % (total),spectroscopy,chunk",99.6,Mole %,1965
277.33,26.3801,0.054392,None kPa,N/A,15171,['C'],A,Vacuum adiabatic calorimetry,"origin: commercial source,99.6 mole % (total),spectroscopy,chunk",99.6,Mole %,1965
279.76,26.3425,0.054392,None kPa,N/A,15171,['C'],A,Vacuum adiabatic calorimetry,"origin: commercial source,99.6 mole % (total),spectroscopy,chunk",99.6,Mole %,1965
282.72,26.5349,0.054392,None kPa,N/A,15171,['C'],A,Vacuum adiabatic calorimetry,"origin: commercial source,99.6 mole % (total),spectroscopy,chunk",99.6,Mole %,1965
283.67,26.4554,0.054392,None kPa,N/A,15171,['C'],A,Vacuum adiabatic calorimetry,"origin: commercial source,99.6 mole % (total),spectroscopy,chunk",99.6,Mole %,1965
284.64,26.5056,0.054392,None kPa,N/A,15171,['C'],A,Vacuum adiabatic calorimetry,"origin: commercial source,99.6 mole % (total),spectroscopy,chunk",99.6,Mole %,1965
289.02,26.6186,0.054392,None kPa,N/A,15171,['C'],A,Vacuum adiabatic calorimetry,"origin: commercial source,99.6 mole % (total),spectroscopy,chunk",99.6,Mole %,1965
289.99,26.5349,0.054392,None kPa,N/A,15171,['C'],A,Vacuum adiabatic calorimetry,"origin: commercial source,99.6 mole % (total),spectroscopy,chunk",99.6,Mole %,1965
290.94,26.5726,0.054392,None kPa,N/A,15171,['C'],A,Vacuum adiabatic calorimetry,"origin: commercial source,99.6 mole % (total),spectroscopy,chunk",99.6,Mole %,1965
295.31,26.765,0.054392,None kPa,N/A,15171,['C'],A,Vacuum adiabatic calorimetry,"origin: commercial source,99.6 mole % (total),spectroscopy,chunk",99.6,Mole %,1965
296.26,26.8027,0.054392,None kPa,N/A,15171,['C'],A,Vacuum adiabatic calorimetry,"origin: commercial source,99.6 mole % (total),spectroscopy,chunk",99.6,Mole %,1965
297.21,26.7107,0.054392,None kPa,N/A,15171,['C'],A,Vacuum adiabatic calorimetry,"origin: commercial source,99.6 mole % (total),spectroscopy,chunk",99.6,Mole %,1965
301.56,26.8529,0.054392,None kPa,N/A,15171,['C'],A,Vacuum adiabatic calorimetry,"origin: commercial source,99.6 mole % (total),spectroscopy,chunk",99.6,Mole %,1965
303.44,26.924,0.054392,None kPa,N/A,15171,['C'],A,Vacuum adiabatic calorimetry,"origin: commercial source,99.6 mole % (total),spectroscopy,chunk",99.6,Mole %,1965
307.78,27.0496,0.054392,None kPa,N/A,15171,['C'],A,Vacuum adiabatic calorimetry,"origin: commercial source,99.6 mole % (total),spectroscopy,chunk",99.6,Mole %,1965
313.98,27.2086,0.054392,None kPa,N/A,15171,['C'],A,Vacuum adiabatic calorimetry,"origin: commercial source,99.6 mole % (total),spectroscopy,chunk",99.6,Mole %,1965
300.0,25.8,0.516,107.991 kPa,N/A,17735,['C'],A,High Temp Adiabatic Calorimetry,not stated,,,1968
330.9,26.01,0.5202,None kPa,N/A,17735,['C'],A,High Temp Adiabatic Calorimetry,not stated,,,1968
362.8,26.57,0.5314,None kPa,N/A,17735,['C'],A,High Temp Adiabatic Calorimetry,not stated,,,1968
394.8,27.17,0.5434,None kPa,N/A,17735,['C'],A,High Temp Adiabatic Calorimetry,not stated,,,1968
425.5,27.76,0.5552,None kPa,N/A,17735,['C'],A,High Temp Adiabatic Calorimetry,not stated,,,1968
455.2,28.34,0.5668,None kPa,N/A,17735,['C'],A,High Temp Adiabatic Calorimetry,not stated,,,1968
482.5,28.91,0.5782,None kPa,N/A,17735,['C'],A,High Temp Adiabatic Calorimetry,not stated,,,1968
516.7,29.69,0.5938,None kPa,N/A,17735,['C'],A,High Temp Adiabatic Calorimetry,not stated,,,1968
552.0,30.46,0.6092,None kPa,N/A,17735,['C'],A,High Temp Adiabatic Calorimetry,not stated,,,1968
575.9,31.01,0.6202,None kPa,N/A,17735,['C'],A,High Temp Adiabatic Calorimetry,not stated,,,1968
603.2,31.66,0.6332,None kPa,N/A,17735,['C'],A,High Temp Adiabatic Calorimetry,not stated,,,1968
632.8,32.35,0.647,None kPa,N/A,17735,['C'],A,High Temp Adiabatic Calorimetry,not stated,,,1968
665.8,32.98,0.6596,None kPa,N/A,17735,['C'],A,High Temp Adiabatic Calorimetry,not stated,,,1968
696.6,33.57,0.6714,None kPa,N/A,17735,['C'],A,High Temp Adiabatic Calorimetry,not stated,,,1968
730.9,34.16,0.6832,None kPa,N/A,17735,['C'],A,High Temp Adiabatic Calorimetry,not stated,,,1968
769.7,34.73,0.6946,None kPa,N/A,17735,['C'],A,High Temp Adiabatic Calorimetry,not stated,,,1968
806.3,35.25,0.705,None kPa,N/A,17735,['C'],A,High Temp Adiabatic Calorimetry,not stated,,,1968
840.6,35.69,0.7138,None kPa,N/A,17735,['C'],A,High Temp Adiabatic Calorimetry,not stated,,,1968
880.7,36.15,0.723,None kPa,N/A,17735,['C'],A,High Temp Adiabatic Calorimetry,not stated,,,1968
919.7,36.54,0.7308,None kPa,N/A,17735,['C'],A,High Temp Adiabatic Calorimetry,not stated,,,1968
962.1,36.92,0.7384,None kPa,N/A,17735,['C'],A,High Temp Adiabatic Calorimetry,not stated,,,1968
1030.0,36.36,0.7272,107.991 kPa,N/A,17736,['C'],A,High Temp Adiabatic Calorimetry,not stated,,,1968
1066.0,36.47,0.7294,None kPa,N/A,17736,['C'],A,High Temp Adiabatic Calorimetry,not stated,,,1968
1099.0,36.59,0.7318,None kPa,N/A,17736,['C'],A,High Temp Adiabatic Calorimetry,not stated,,,1968
1130.0,36.72,0.7344,None kPa,N/A,17736,['C'],A,High Temp Adiabatic Calorimetry,not stated,,,1968
1161.0,36.86,0.7372,None kPa,N/A,17736,['C'],A,High Temp Adiabatic Calorimetry,not stated,,,1968
1190.0,37.01,0.7402,None kPa,N/A,17736,['C'],A,High Temp Adiabatic Calorimetry,not stated,,,1968
1219.0,37.17,0.7434,None kPa,N/A,17736,['C'],A,High Temp Adiabatic Calorimetry,not stated,,,1968
1249.0,37.38,0.7476,None kPa,N/A,17736,['C'],A,High Temp Adiabatic Calorimetry,not stated,,,1968
1279.0,37.57,0.7514,None kPa,N/A,17736,['C'],A,High Temp Adiabatic Calorimetry,not stated,,,1968
1305.0,37.76,0.7552,None kPa,N/A,17736,['C'],A,High Temp Adiabatic Calorimetry,not stated,,,1968
1333.0,37.97,0.7594,None kPa,N/A,17736,['C'],A,High Temp Adiabatic Calorimetry,not stated,,,1968
1366.0,44.27,0.8854,107.991 kPa,N/A,17737,['C'],A,High Temp Adiabatic Calorimetry,not stated,,,1968
1379.0,44.31,0.8862,None kPa,N/A,17737,['C'],A,High Temp Adiabatic Calorimetry,not stated,,,1968
1394.0,44.35,0.887,None kPa,N/A,17737,['C'],A,High Temp Adiabatic Calorimetry,not stated,,,1968
1405.0,47.04,0.9408,107.991 kPa,N/A,17738,['C'],A,High Temp Adiabatic Calorimetry,not stated,,,1968
1423.0,47.07,0.9414,None kPa,N/A,17738,['C'],A,High Temp Adiabatic Calorimetry,not stated,,,1968
1442.0,47.1,0.942,None kPa,N/A,17738,['C'],A,High Temp Adiabatic Calorimetry,not stated,,,1968
1460.0,47.13,0.9426,None kPa,N/A,17738,['C'],A,High Temp Adiabatic Calorimetry,not stated,,,1968
1478.0,47.16,0.9432,None kPa,N/A,17738,['C'],A,High Temp Adiabatic Calorimetry,not stated,,,1968
1496.0,47.19,0.9438,None kPa,N/A,17738,['C'],A,High Temp Adiabatic Calorimetry,not stated,,,1968
1.5,0.09303,0.0037212,None kPa,N/A,23506,['C'],A,Vacuum adiabatic calorimetry,not stated,,,1979
1.66,0.10138,0.0040552,None kPa,N/A,23506,['C'],A,Vacuum adiabatic calorimetry,not stated,,,1979
1.8,0.1089,0.004356,None kPa,N/A,23506,['C'],A,Vacuum adiabatic calorimetry,not stated,,,1979
2.25,0.13356,0.0053424,None kPa,N/A,23506,['C'],A,Vacuum adiabatic calorimetry,not stated,,,1979
2.74,0.16142,0.0064568,None kPa,N/A,23506,['C'],A,Vacuum adiabatic calorimetry,not stated,,,1979
2.91,0.17105,0.006842,None kPa,N/A,23506,['C'],A,Vacuum adiabatic calorimetry,not stated,,,1979
3.07,0.18226,0.0072904,None kPa,N/A,23506,['C'],A,Vacuum adiabatic calorimetry,not stated,,,1979
3.21,0.18783,0.0075132,None kPa,N/A,23506,['C'],A,Vacuum adiabatic calorimetry,not stated,,,1979
3.33,0.19326,0.0077304,None kPa,N/A,23506,['C'],A,Vacuum adiabatic calorimetry,not stated,,,1979
3.56,0.2076,0.008304,None kPa,N/A,23506,['C'],A,Vacuum adiabatic calorimetry,not stated,,,1979
3.7,0.21294,0.0085176,None kPa,N/A,23506,['C'],A,Vacuum adiabatic calorimetry,not stated,,,1979
4.09,0.23651,0.0094604,None kPa,N/A,23506,['C'],A,Vacuum adiabatic calorimetry,not stated,,,1979
4.25,0.24342,0.0097368,None kPa,N/A,23506,['C'],A,Vacuum adiabatic calorimetry,not stated,,,1979
4.53,0.25996,0.0103984,None kPa,N/A,23506,['C'],A,Vacuum adiabatic calorimetry,not stated,,,1979
4.73,0.27043,0.0108172,None kPa,N/A,23506,['C'],A,Vacuum adiabatic calorimetry,not stated,,,1979
4.89,0.28036,0.0112144,None kPa,N/A,23506,['C'],A,Vacuum adiabatic calorimetry,not stated,,,1979
5.11,0.2933,0.011732,None kPa,N/A,23506,['C'],A,Vacuum adiabatic calorimetry,not stated,,,1979
5.24,0.30181,0.0120724,None kPa,N/A,23506,['C'],A,Vacuum adiabatic calorimetry,not stated,,,1979
5.32,0.30419,0.0121676,None kPa,N/A,23506,['C'],A,Vacuum adiabatic calorimetry,not stated,,,1979
5.54,0.31775,0.01271,None kPa,N/A,23506,['C'],A,Vacuum adiabatic calorimetry,not stated,,,1979
5.78,0.33066,0.0132264,None kPa,N/A,23506,['C'],A,Vacuum adiabatic calorimetry,not stated,,,1979
6.04,0.34684,0.0138736,None kPa,N/A,23506,['C'],A,Vacuum adiabatic calorimetry,not stated,,,1979
6.29,0.36058,0.0144232,None kPa,N/A,23506,['C'],A,Vacuum adiabatic calorimetry,not stated,,,1979
6.39,0.37052,0.0148208,None kPa,N/A,23506,['C'],A,Vacuum adiabatic calorimetry,not stated,,,1979
6.5,0.37276,0.0149104,None kPa,N/A,23506,['C'],A,Vacuum adiabatic calorimetry,not stated,,,1979
6.61,0.38426,0.0153704,None kPa,N/A,23506,['C'],A,Vacuum adiabatic calorimetry,not stated,,,1979
6.74,0.38922,0.0155688,None kPa,N/A,23506,['C'],A,Vacuum adiabatic calorimetry,not stated,,,1979
6.88,0.39683,0.0158732,None kPa,N/A,23506,['C'],A,Vacuum adiabatic calorimetry,not stated,,,1979
7.02,0.40629,0.0162516,None kPa,N/A,23506,['C'],A,Vacuum adiabatic calorimetry,not stated,,,1979
7.33,0.42584,0.0170336,None kPa,N/A,23506,['C'],A,Vacuum adiabatic calorimetry,not stated,,,1979
7.6,0.44192,0.0176768,None kPa,N/A,23506,['C'],A,Vacuum adiabatic calorimetry,not stated,,,1979
7.79,0.45496,0.0181984,None kPa,N/A,23506,['C'],A,Vacuum adiabatic calorimetry,not stated,,,1979
7.9,0.45709,0.0182836,None kPa,N/A,23506,['C'],A,Vacuum adiabatic calorimetry,not stated,,,1979
8.05,0.46795,0.018718,None kPa,N/A,23506,['C'],A,Vacuum adiabatic calorimetry,not stated,,,1979
8.2,0.47808,0.0191232,None kPa,N/A,23506,['C'],A,Vacuum adiabatic calorimetry,not stated,,,1979
8.43,0.49644,0.0198576,None kPa,N/A,23506,['C'],A,Vacuum adiabatic calorimetry,not stated,,,1979
8.59,0.50597,0.0202388,None kPa,N/A,23506,['C'],A,Vacuum adiabatic calorimetry,not stated,,,1979
8.65,0.50492,0.0201968,None kPa,N/A,23506,['C'],A,Vacuum adiabatic calorimetry,not stated,,,1979
8.79,0.51382,0.0205528,None kPa,N/A,23506,['C'],A,Vacuum adiabatic calorimetry,not stated,,,1979
8.85,0.51577,0.0206308,None kPa,N/A,23506,['C'],A,Vacuum adiabatic calorimetry,not stated,,,1979
8.98,0.52267,0.0209068,None kPa,N/A,23506,['C'],A,Vacuum adiabatic calorimetry,not stated,,,1979
9.1,0.5319,0.021276,None kPa,N/A,23506,['C'],A,Vacuum adiabatic calorimetry,not stated,,,1979
9.23,0.53819,0.0215276,None kPa,N/A,23506,['C'],A,Vacuum adiabatic calorimetry,not stated,,,1979
9.39,0.54426,0.0217704,None kPa,N/A,23506,['C'],A,Vacuum adiabatic calorimetry,not stated,,,1979
9.51,0.5579,0.022316,None kPa,N/A,23506,['C'],A,Vacuum adiabatic calorimetry,not stated,,,1979
9.68,0.5646,0.022584,None kPa,N/A,23506,['C'],A,Vacuum adiabatic calorimetry,not stated,,,1979
9.8,0.57244,0.0228976,None kPa,N/A,23506,['C'],A,Vacuum adiabatic calorimetry,not stated,,,1979
9.94,0.58223,0.0232892,None kPa,N/A,23506,['C'],A,Vacuum adiabatic calorimetry,not stated,,,1979
10.11,0.58522,0.0234088,None kPa,N/A,23506,['C'],A,Vacuum adiabatic calorimetry,not stated,,,1979
10.28,0.60108,0.0240432,None kPa,N/A,23506,['C'],A,Vacuum adiabatic calorimetry,not stated,,,1979
10.47,0.60951,0.0243804,None kPa,N/A,23506,['C'],A,Vacuum adiabatic calorimetry,not stated,,,1979
10.64,0.61862,0.0247448,None kPa,N/A,23506,['C'],A,Vacuum adiabatic calorimetry,not stated,,,1979
10.78,0.61748,0.0246992,None kPa,N/A,23506,['C'],A,Vacuum adiabatic calorimetry,not stated,,,1979
10.88,0.63392,0.0253568,None kPa,N/A,23506,['C'],A,Vacuum adiabatic calorimetry,not stated,,,1979
11.06,0.64175,0.02567,None kPa,N/A,23506,['C'],A,Vacuum adiabatic calorimetry,not stated,,,1979
11.2,0.65035,0.026014,None kPa,N/A,23506,['C'],A,Vacuum adiabatic calorimetry,not stated,,,1979
11.37,0.65874,0.0263496,None kPa,N/A,23506,['C'],A,Vacuum adiabatic calorimetry,not stated,,,1979
11.54,0.66631,0.0266524,None kPa,N/A,23506,['C'],A,Vacuum adiabatic calorimetry,not stated,,,1979
11.77,0.67458,0.0269832,None kPa,N/A,23506,['C'],A,Vacuum adiabatic calorimetry,not stated,,,1979
11.96,0.68706,0.0274824,None kPa,N/A,23506,['C'],A,Vacuum adiabatic calorimetry,not stated,,,1979
12.16,0.69193,0.0276772,None kPa,N/A,23506,['C'],A,Vacuum adiabatic calorimetry,not stated,,,1979
12.39,0.69991,0.0279964,None kPa,N/A,23506,['C'],A,Vacuum adiabatic calorimetry,not stated,,,1979
12.61,0.70811,0.0283244,None kPa,N/A,23506,['C'],A,Vacuum adiabatic calorimetry,not stated,,,1979
12.76,0.71407,0.0285628,None kPa,N/A,23506,['C'],A,Vacuum adiabatic calorimetry,not stated,,,1979
12.89,0.72265,0.028906,None kPa,N/A,23506,['C'],A,Vacuum adiabatic calorimetry,not stated,,,1979
13.17,0.72721,0.0290884,None kPa,N/A,23506,['C'],A,Vacuum adiabatic calorimetry,not stated,,,1979
13.36,0.72301,0.0289204,None kPa,N/A,23506,['C'],A,Vacuum adiabatic calorimetry,not stated,,,1979
13.55,0.73938,0.0295752,None kPa,N/A,23506,['C'],A,Vacuum adiabatic calorimetry,not stated,,,1979
13.89,0.74581,0.0298324,None kPa,N/A,23506,['C'],A,Vacuum adiabatic calorimetry,not stated,,,1979
14.14,0.75292,0.0301168,None kPa,N/A,23506,['C'],A,Vacuum adiabatic calorimetry,not stated,,,1979
14.36,0.76319,0.0305276,None kPa,N/A,23506,['C'],A,Vacuum adiabatic calorimetry,not stated,,,1979
14.59,0.76638,0.0306552,None kPa,N/A,23506,['C'],A,Vacuum adiabatic calorimetry,not stated,,,1979
14.86,0.76951,0.0307804,None kPa,N/A,23506,['C'],A,Vacuum adiabatic calorimetry,not stated,,,1979
15.16,0.77849,0.0311396,None kPa,N/A,23506,['C'],A,Vacuum adiabatic calorimetry,not stated,,,1979
15.4,0.77679,0.0310716,None kPa,N/A,23506,['C'],A,Vacuum adiabatic calorimetry,not stated,,,1979
15.69,0.78493,0.0313972,None kPa,N/A,23506,['C'],A,Vacuum adiabatic calorimetry,not stated,,,1979
15.92,0.77762,0.0311048,None kPa,N/A,23506,['C'],A,Vacuum adiabatic calorimetry,not stated,,,1979
16.06,0.78133,0.0312532,None kPa,N/A,23506,['C'],A,Vacuum adiabatic calorimetry,not stated,,,1979
16.19,0.78628,0.0314512,None kPa,N/A,23506,['C'],A,Vacuum adiabatic calorimetry,not stated,,,1979
16.31,0.7874,0.031496,None kPa,N/A,23506,['C'],A,Vacuum adiabatic calorimetry,not stated,,,1979
16.46,0.78963,0.0315852,None kPa,N/A,23506,['C'],A,Vacuum adiabatic calorimetry,not stated,,,1979
16.62,0.79141,0.0316564,None kPa,N/A,23506,['C'],A,Vacuum adiabatic calorimetry,not stated,,,1979
16.77,0.78128,0.0312512,None kPa,N/A,23506,['C'],A,Vacuum adiabatic calorimetry,not stated,,,1979
16.92,0.78009,0.0312036,None kPa,N/A,23506,['C'],A,Vacuum adiabatic calorimetry,not stated,,,1979
17.06,0.77903,0.0311612,None kPa,N/A,23506,['C'],A,Vacuum adiabatic calorimetry,not stated,,,1979
0.3,0.00927,0.0004635,None kPa,N/A,15791,['C'],A,Vacuum adiabatic calorimetry,"origin: commercial source,99.995 % (total),stated by supplier",99.995,Not Specified %,1965
0.35,0.00836,0.000418,None kPa,N/A,15791,['C'],A,Vacuum adiabatic calorimetry,"origin: commercial source,99.995 % (total),stated by supplier",99.995,Not Specified %,1965
0.4,0.00799,0.0003995,None kPa,N/A,15791,['C'],A,Vacuum adiabatic calorimetry,"origin: commercial source,99.995 % (total),stated by supplier",99.995,Not Specified %,1965
0.45,0.00792,0.000396,None kPa,N/A,15791,['C'],A,Vacuum adiabatic calorimetry,"origin: commercial source,99.995 % (total),stated by supplier",99.995,Not Specified %,1965
0.5,0.00804,0.000402,None kPa,N/A,15791,['C'],A,Vacuum adiabatic calorimetry,"origin: commercial source,99.995 % (total),stated by supplier",99.995,Not Specified %,1965
0.55,0.00829,0.0004145,None kPa,N/A,15791,['C'],A,Vacuum adiabatic calorimetry,"origin: commercial source,99.995 % (total),stated by supplier",99.995,Not Specified %,1965
0.6,0.00862,0.000431,None kPa,N/A,15791,['C'],A,Vacuum adiabatic calorimetry,"origin: commercial source,99.995 % (total),stated by supplier",99.995,Not Specified %,1965
0.65,0.00902,0.000451,None kPa,N/A,15791,['C'],A,Vacuum adiabatic calorimetry,"origin: commercial source,99.995 % (total),stated by supplier",99.995,Not Specified %,1965
0.7,0.00945,0.0004725,None kPa,N/A,15791,['C'],A,Vacuum adiabatic calorimetry,"origin: commercial source,99.995 % (total),stated by supplier",99.995,Not Specified %,1965
0.75,0.00992,0.000496,None kPa,N/A,15791,['C'],A,Vacuum adiabatic calorimetry,"origin: commercial source,99.995 % (total),stated by supplier",99.995,Not Specified %,1965
0.8,0.01041,0.0005205,None kPa,N/A,15791,['C'],A,Vacuum adiabatic calorimetry,"origin: commercial source,99.995 % (total),stated by supplier",99.995,Not Specified %,1965
0.85,0.01093,0.0005465,None kPa,N/A,15791,['C'],A,Vacuum adiabatic calorimetry,"origin: commercial source,99.995 % (total),stated by supplier",99.995,Not Specified %,1965
0.9,0.01145,0.0005725,None kPa,N/A,15791,['C'],A,Vacuum adiabatic calorimetry,"origin: commercial source,99.995 % (total),stated by supplier",99.995,Not Specified %,1965
0.95,0.01199,0.0005995,None kPa,N/A,15791,['C'],A,Vacuum adiabatic calorimetry,"origin: commercial source,99.995 % (total),stated by supplier",99.995,Not Specified %,1965
1.0,0.01254,0.000627,None kPa,N/A,15791,['C'],A,Vacuum adiabatic calorimetry,"origin: commercial source,99.995 % (total),stated by supplier",99.995,Not Specified %,1965
0.334,0.018457,0.0036914,None kPa,N/A,15826,['C'],A,Vacuum adiabatic calorimetry,not stated,,,1965
0.337,0.019842,0.0039684,None kPa,N/A,15826,['C'],A,Vacuum adiabatic calorimetry,not stated,,,1965
0.354,0.020708,0.0041416,None kPa,N/A,15826,['C'],A,Vacuum adiabatic calorimetry,not stated,,,1965
0.393,0.019981,0.0039962,None kPa,N/A,15826,['C'],A,Vacuum adiabatic calorimetry,not stated,,,1965
0.425,0.017384,0.0034768,None kPa,N/A,15826,['C'],A,Vacuum adiabatic calorimetry,not stated,,,1965
0.426,0.014203,0.0028406,None kPa,N/A,15826,['C'],A,Vacuum adiabatic calorimetry,not stated,,,1965
0.458,0.01624,0.003248,None kPa,N/A,15826,['C'],A,Vacuum adiabatic calorimetry,not stated,,,1965
0.46,0.01156,0.002312,None kPa,N/A,15826,['C'],A,Vacuum adiabatic calorimetry,not stated,,,1965
0.504,0.012871,0.0025742,None kPa,N/A,15826,['C'],A,Vacuum adiabatic calorimetry,not stated,,,1965
0.511,0.015719,0.0031438,None kPa,N/A,15826,['C'],A,Vacuum adiabatic calorimetry,not stated,,,1965
0.565,0.010976,0.0021952,None kPa,N/A,15826,['C'],A,Vacuum adiabatic calorimetry,not stated,,,1965
0.597,0.013483,0.0026966,None kPa,N/A,15826,['C'],A,Vacuum adiabatic calorimetry,not stated,,,1965
0.651,0.013383,0.0026766,None kPa,N/A,15826,['C'],A,Vacuum adiabatic calorimetry,not stated,,,1965
0.666,0.008876,0.0017752,None kPa,N/A,15826,['C'],A,Vacuum adiabatic calorimetry,not stated,,,1965
0.678,0.010078,0.0020156,None kPa,N/A,15826,['C'],A,Vacuum adiabatic calorimetry,not stated,,,1965
0.737,0.010681,0.0021362,None kPa,N/A,15826,['C'],A,Vacuum adiabatic calorimetry,not stated,,,1965
0.745,0.013034,0.0026068,None kPa,N/A,15826,['C'],A,Vacuum adiabatic calorimetry,not stated,,,1965
0.779,0.009945,0.001989,None kPa,N/A,15826,['C'],A,Vacuum adiabatic calorimetry,not stated,,,1965
0.779,0.011746,0.0023492,None kPa,N/A,15826,['C'],A,Vacuum adiabatic calorimetry,not stated,,,1965
0.851,0.012286,0.0024572,None kPa,N/A,15826,['C'],A,Vacuum adiabatic calorimetry,not stated,,,1965
0.9,0.013721,0.0027442,None kPa,N/A,15826,['C'],A,Vacuum adiabatic calorimetry,not stated,,,1965
0.909,0.011712,0.0023424,None kPa,N/A,15826,['C'],A,Vacuum adiabatic calorimetry,not stated,,,1965
0.941,0.013639,0.0027278,None kPa,N/A,15826,['C'],A,Vacuum adiabatic calorimetry,not stated,,,1965
0.985,0.015291,0.0030582,None kPa,N/A,15826,['C'],A,Vacuum adiabatic calorimetry,not stated,,,1965
1.042,0.01511,0.003022,None kPa,N/A,15826,['C'],A,Vacuum adiabatic calorimetry,not stated,,,1965
1.169,0.018506,0.0037012,None kPa,N/A,15826,['C'],A,Vacuum adiabatic calorimetry,not stated,,,1965
1.173,0.015965,0.003193,None kPa,N/A,15826,['C'],A,Vacuum adiabatic calorimetry,not stated,,,1965
1.186,0.013792,0.0027584,None kPa,N/A,15826,['C'],A,Vacuum adiabatic calorimetry,not stated,,,1965
1.301,0.01694,0.003388,None kPa,N/A,15826,['C'],A,Vacuum adiabatic calorimetry,not stated,,,1965
1.311,0.015823,0.0031646,None kPa,N/A,15826,['C'],A,Vacuum adiabatic calorimetry,not stated,,,1965
1.317,0.024518,0.0049036,None kPa,N/A,15826,['C'],A,Vacuum adiabatic calorimetry,not stated,,,1965
1.384,0.019139,0.0038278,None kPa,N/A,15826,['C'],A,Vacuum adiabatic calorimetry,not stated,,,1965
1.391,0.023819,0.0047638,None kPa,N/A,15826,['C'],A,Vacuum adiabatic calorimetry,not stated,,,1965
2.125,0.037328,0.0074656,None kPa,N/A,15826,['C'],A,Vacuum adiabatic calorimetry,not stated,,,1965
2.139,0.030814,0.0061628,None kPa,N/A,15826,['C'],A,Vacuum adiabatic calorimetry,not stated,,,1965
3.674,0.067054,0.0134108,None kPa,N/A,15826,['C'],A,Vacuum adiabatic calorimetry,not stated,,,1965
3.886,0.072936,0.0145872,None kPa,N/A,15826,['C'],A,Vacuum adiabatic calorimetry,not stated,,,1965
3.919,0.07193,0.014386,None kPa,N/A,15826,['C'],A,Vacuum adiabatic calorimetry,not stated,,,1965
3.944,0.074067,0.0148134,None kPa,N/A,15826,['C'],A,Vacuum adiabatic calorimetry,not stated,,,1965
300.0,25.8,0.516,107.991 kPa,N/A,17735,['C'],A,High Temp Adiabatic Calorimetry,not stated,,,1968
330.9,26.01,0.5202,None kPa,N/A,17735,['C'],A,High Temp Adiabatic Calorimetry,not stated,,,1968
362.8,26.57,0.5314,None kPa,N/A,17735,['C'],A,High Temp Adiabatic Calorimetry,not stated,,,1968
394.8,27.17,0.5434,None kPa,N/A,17735,['C'],A,High Temp Adiabatic Calorimetry,not stated,,,1968
425.5,27.76,0.5552,None kPa,N/A,17735,['C'],A,High Temp Adiabatic Calorimetry,not stated,,,1968
455.2,28.34,0.5668,None kPa,N/A,17735,['C'],A,High Temp Adiabatic Calorimetry,not stated,,,1968
482.5,28.91,0.5782,None kPa,N/A,17735,['C'],A,High Temp Adiabatic Calorimetry,not stated,,,1968
516.7,29.69,0.5938,None kPa,N/A,17735,['C'],A,High Temp Adiabatic Calorimetry,not stated,,,1968
552.0,30.46,0.6092,None kPa,N/A,17735,['C'],A,High Temp Adiabatic Calorimetry,not stated,,,1968
575.9,31.01,0.6202,None kPa,N/A,17735,['C'],A,High Temp Adiabatic Calorimetry,not stated,,,1968
603.2,31.66,0.6332,None kPa,N/A,17735,['C'],A,High Temp Adiabatic Calorimetry,not stated,,,1968
632.8,32.35,0.647,None kPa,N/A,17735,['C'],A,High Temp Adiabatic Calorimetry,not stated,,,1968
665.8,32.98,0.6596,None kPa,N/A,17735,['C'],A,High Temp Adiabatic Calorimetry,not stated,,,1968
696.6,33.57,0.6714,None kPa,N/A,17735,['C'],A,High Temp Adiabatic Calorimetry,not stated,,,1968
730.9,34.16,0.6832,None kPa,N/A,17735,['C'],A,High Temp Adiabatic Calorimetry,not stated,,,1968
769.7,34.73,0.6946,None kPa,N/A,17735,['C'],A,High Temp Adiabatic Calorimetry,not stated,,,1968
806.3,35.25,0.705,None kPa,N/A,17735,['C'],A,High Temp Adiabatic Calorimetry,not stated,,,1968
840.6,35.69,0.7138,None kPa,N/A,17735,['C'],A,High Temp Adiabatic Calorimetry,not stated,,,1968
880.7,36.15,0.723,None kPa,N/A,17735,['C'],A,High Temp Adiabatic Calorimetry,not stated,,,1968
919.7,36.54,0.7308,None kPa,N/A,17735,['C'],A,High Temp Adiabatic Calorimetry,not stated,,,1968
962.1,36.92,0.7384,None kPa,N/A,17735,['C'],A,High Temp Adiabatic Calorimetry,not stated,,,1968
1030.0,36.36,0.7272,107.991 kPa,N/A,17736,['C'],A,High Temp Adiabatic Calorimetry,not stated,,,1968
1066.0,36.47,0.7294,None kPa,N/A,17736,['C'],A,High Temp Adiabatic Calorimetry,not stated,,,1968
1099.0,36.59,0.7318,None kPa,N/A,17736,['C'],A,High Temp Adiabatic Calorimetry,not stated,,,1968
1130.0,36.72,0.7344,None kPa,N/A,17736,['C'],A,High Temp Adiabatic Calorimetry,not stated,,,1968
1161.0,36.86,0.7372,None kPa,N/A,17736,['C'],A,High Temp Adiabatic Calorimetry,not stated,,,1968
1190.0,37.01,0.7402,None kPa,N/A,17736,['C'],A,High Temp Adiabatic Calorimetry,not stated,,,1968
1219.0,37.17,0.7434,None kPa,N/A,17736,['C'],A,High Temp Adiabatic Calorimetry,not stated,,,1968
1249.0,37.38,0.7476,None kPa,N/A,17736,['C'],A,High Temp Adiabatic Calorimetry,not stated,,,1968
1279.0,37.57,0.7514,None kPa,N/A,17736,['C'],A,High Temp Adiabatic Calorimetry,not stated,,,1968
1305.0,37.76,0.7552,None kPa,N/A,17736,['C'],A,High Temp Adiabatic Calorimetry,not stated,,,1968
1333.0,37.97,0.7594,None kPa,N/A,17736,['C'],A,High Temp Adiabatic Calorimetry,not stated,,,1968
1366.0,44.27,0.8854,107.991 kPa,N/A,17737,['C'],A,High Temp Adiabatic Calorimetry,not stated,,,1968
1379.0,44.31,0.8862,None kPa,N/A,17737,['C'],A,High Temp Adiabatic Calorimetry,not stated,,,1968
1394.0,44.35,0.887,None kPa,N/A,17737,['C'],A,High Temp Adiabatic Calorimetry,not stated,,,1968
1405.0,47.04,0.9408,107.991 kPa,N/A,17738,['C'],A,High Temp Adiabatic Calorimetry,not stated,,,1968
1423.0,47.07,0.9414,None kPa,N/A,17738,['C'],A,High Temp Adiabatic Calorimetry,not stated,,,1968
1442.0,47.1,0.942,None kPa,N/A,17738,['C'],A,High Temp Adiabatic Calorimetry,not stated,,,1968
1460.0,47.13,0.9426,None kPa,N/A,17738,['C'],A,High Temp Adiabatic Calorimetry,not stated,,,1968
1478.0,47.16,0.9432,None kPa,N/A,17738,['C'],A,High Temp Adiabatic Calorimetry,not stated,,,1968
1496.0,47.19,0.9438,None kPa,N/A,17738,['C'],A,High Temp Adiabatic Calorimetry,not stated,,,1968
0.2,0.0337,0.001685,None kPa,N/A,18132,['C'],A,Vacuum adiabatic calorimetry,"origin: commercial source,99.9 % (total),stated by supplier,ingot",99.9,Not Specified %,1968
0.225,0.02945,0.0014725,None kPa,N/A,18132,['C'],A,Vacuum adiabatic calorimetry,"origin: commercial source,99.9 % (total),stated by supplier,ingot",99.9,Not Specified %,1968
0.25,0.02672,0.001336,None kPa,N/A,18132,['C'],A,Vacuum adiabatic calorimetry,"origin: commercial source,99.9 % (total),stated by supplier,ingot",99.9,Not Specified %,1968
0.275,0.02497,0.0012485,None kPa,N/A,18132,['C'],A,Vacuum adiabatic calorimetry,"origin: commercial source,99.9 % (total),stated by supplier,ingot",99.9,Not Specified %,1968
0.3,0.02389,0.0011945,None kPa,N/A,18132,['C'],A,Vacuum adiabatic calorimetry,"origin: commercial source,99.9 % (total),stated by supplier,ingot",99.9,Not Specified %,1968
0.325,0.02329,0.0011645,None kPa,N/A,18132,['C'],A,Vacuum adiabatic calorimetry,"origin: commercial source,99.9 % (total),stated by supplier,ingot",99.9,Not Specified %,1968
0.35,0.02303,0.0011515,None kPa,N/A,18132,['C'],A,Vacuum adiabatic calorimetry,"origin: commercial source,99.9 % (total),stated by supplier,ingot",99.9,Not Specified %,1968
0.375,0.02302,0.001151,None kPa,N/A,18132,['C'],A,Vacuum adiabatic calorimetry,"origin: commercial source,99.9 % (total),stated by supplier,ingot",99.9,Not Specified %,1968
0.4,0.0232,0.00116,None kPa,N/A,18132,['C'],A,Vacuum adiabatic calorimetry,"origin: commercial source,99.9 % (total),stated by supplier,ingot",99.9,Not Specified %,1968
0.425,0.02354,0.001177,None kPa,N/A,18132,['C'],A,Vacuum adiabatic calorimetry,"origin: commercial source,99.9 % (total),stated by supplier,ingot",99.9,Not Specified %,1968
0.45,0.02399,0.0011995,None kPa,N/A,18132,['C'],A,Vacuum adiabatic calorimetry,"origin: commercial source,99.9 % (total),stated by supplier,ingot",99.9,Not Specified %,1968
0.475,0.02453,0.0012265,None kPa,N/A,18132,['C'],A,Vacuum adiabatic calorimetry,"origin: commercial source,99.9 % (total),stated by supplier,ingot",99.9,Not Specified %,1968
0.5,0.02515,0.0012575,None kPa,N/A,18132,['C'],A,Vacuum adiabatic calorimetry,"origin: commercial source,99.9 % (total),stated by supplier,ingot",99.9,Not Specified %,1968
0.525,0.02583,0.0012915,None kPa,N/A,18132,['C'],A,Vacuum adiabatic calorimetry,"origin: commercial source,99.9 % (total),stated by supplier,ingot",99.9,Not Specified %,1968
0.55,0.02656,0.001328,None kPa,N/A,18132,['C'],A,Vacuum adiabatic calorimetry,"origin: commercial source,99.9 % (total),stated by supplier,ingot",99.9,Not Specified %,1968
0.575,0.02733,0.0013665,None kPa,N/A,18132,['C'],A,Vacuum adiabatic calorimetry,"origin: commercial source,99.9 % (total),stated by supplier,ingot",99.9,Not Specified %,1968
0.6,0.02813,0.0014065,None kPa,N/A,18132,['C'],A,Vacuum adiabatic calorimetry,"origin: commercial source,99.9 % (total),stated by supplier,ingot",99.9,Not Specified %,1968
0.625,0.02897,0.0014485,None kPa,N/A,18132,['C'],A,Vacuum adiabatic calorimetry,"origin: commercial source,99.9 % (total),stated by supplier,ingot",99.9,Not Specified %,1968
0.65,0.02982,0.001491,None kPa,N/A,18132,['C'],A,Vacuum adiabatic calorimetry,"origin: commercial source,99.9 % (total),stated by supplier,ingot",99.9,Not Specified %,1968
0.675,0.0307,0.001535,None kPa,N/A,18132,['C'],A,Vacuum adiabatic calorimetry,"origin: commercial source,99.9 % (total),stated by supplier,ingot",99.9,Not Specified %,1968
0.7,0.0316,0.00158,None kPa,N/A,18132,['C'],A,Vacuum adiabatic calorimetry,"origin: commercial source,99.9 % (total),stated by supplier,ingot",99.9,Not Specified %,1968
0.725,0.03252,0.001626,None kPa,N/A,18132,['C'],A,Vacuum adiabatic calorimetry,"origin: commercial source,99.9 % (total),stated by supplier,ingot",99.9,Not Specified %,1968
0.75,0.03344,0.001672,None kPa,N/A,18132,['C'],A,Vacuum adiabatic calorimetry,"origin: commercial source,99.9 % (total),stated by supplier,ingot",99.9,Not Specified %,1968
0.775,0.03438,0.001719,None kPa,N/A,18132,['C'],A,Vacuum adiabatic calorimetry,"origin: commercial source,99.9 % (total),stated by supplier,ingot",99.9,Not Specified %,1968
0.8,0.03533,0.0017665,None kPa,N/A,18132,['C'],A,Vacuum adiabatic calorimetry,"origin: commercial source,99.9 % (total),stated by supplier,ingot",99.9,Not Specified %,1968
1.5,0.09303,0.0037212,None kPa,N/A,23506,['C'],A,Vacuum adiabatic calorimetry,not stated,,,1979
1.66,0.10138,0.0040552,None kPa,N/A,23506,['C'],A,Vacuum adiabatic calorimetry,not stated,,,1979
1.8,0.1089,0.004356,None kPa,N/A,23506,['C'],A,Vacuum adiabatic calorimetry,not stated,,,1979
2.25,0.13356,0.0053424,None kPa,N/A,23506,['C'],A,Vacuum adiabatic calorimetry,not stated,,,1979
2.74,0.16142,0.0064568,None kPa,N/A,23506,['C'],A,Vacuum adiabatic calorimetry,not stated,,,1979
2.91,0.17105,0.006842,None kPa,N/A,23506,['C'],A,Vacuum adiabatic calorimetry,not stated,,,1979
3.07,0.18226,0.0072904,None kPa,N/A,23506,['C'],A,Vacuum adiabatic calorimetry,not stated,,,1979
3.21,0.18783,0.0075132,None kPa,N/A,23506,['C'],A,Vacuum adiabatic calorimetry,not stated,,,1979
3.33,0.19326,0.0077304,None kPa,N/A,23506,['C'],A,Vacuum adiabatic calorimetry,not stated,,,1979
3.56,0.2076,0.008304,None kPa,N/A,23506,['C'],A,Vacuum adiabatic calorimetry,not stated,,,1979
3.7,0.21294,0.0085176,None kPa,N/A,23506,['C'],A,Vacuum adiabatic calorimetry,not stated,,,1979
4.09,0.23651,0.0094604,None kPa,N/A,23506,['C'],A,Vacuum adiabatic calorimetry,not stated,,,1979
4.25,0.24342,0.0097368,None kPa,N/A,23506,['C'],A,Vacuum adiabatic calorimetry,not stated,,,1979
4.53,0.25996,0.0103984,None kPa,N/A,23506,['C'],A,Vacuum adiabatic calorimetry,not stated,,,1979
4.73,0.27043,0.0108172,None kPa,N/A,23506,['C'],A,Vacuum adiabatic calorimetry,not stated,,,1979
4.89,0.28036,0.0112144,None kPa,N/A,23506,['C'],A,Vacuum adiabatic calorimetry,not stated,,,1979
5.11,0.2933,0.011732,None kPa,N/A,23506,['C'],A,Vacuum adiabatic calorimetry,not stated,,,1979
5.24,0.30181,0.0120724,None kPa,N/A,23506,['C'],A,Vacuum adiabatic calorimetry,not stated,,,1979
5.32,0.30419,0.0121676,None kPa,N/A,23506,['C'],A,Vacuum adiabatic calorimetry,not stated,,,1979
5.54,0.31775,0.01271,None kPa,N/A,23506,['C'],A,Vacuum adiabatic calorimetry,not stated,,,1979
5.78,0.33066,0.0132264,None kPa,N/A,23506,['C'],A,Vacuum adiabatic calorimetry,not stated,,,1979
6.04,0.34684,0.0138736,None kPa,N/A,23506,['C'],A,Vacuum adiabatic calorimetry,not stated,,,1979
6.29,0.36058,0.0144232,None kPa,N/A,23506,['C'],A,Vacuum adiabatic calorimetry,not stated,,,1979
6.39,0.37052,0.0148208,None kPa,N/A,23506,['C'],A,Vacuum adiabatic calorimetry,not stated,,,1979
6.5,0.37276,0.0149104,None kPa,N/A,23506,['C'],A,Vacuum adiabatic calorimetry,not stated,,,1979
6.61,0.38426,0.0153704,None kPa,N/A,23506,['C'],A,Vacuum adiabatic calorimetry,not stated,,,1979
6.74,0.38922,0.0155688,None kPa,N/A,23506,['C'],A,Vacuum adiabatic calorimetry,not stated,,,1979
6.88,0.39683,0.0158732,None kPa,N/A,23506,['C'],A,Vacuum adiabatic calorimetry,not stated,,,1979
7.02,0.40629,0.0162516,None kPa,N/A,23506,['C'],A,Vacuum adiabatic calorimetry,not stated,,,1979
7.33,0.42584,0.0170336,None kPa,N/A,23506,['C'],A,Vacuum adiabatic calorimetry,not stated,,,1979
7.6,0.44192,0.0176768,None kPa,N/A,23506,['C'],A,Vacuum adiabatic calorimetry,not stated,,,1979
7.79,0.45496,0.0181984,None kPa,N/A,23506,['C'],A,Vacuum adiabatic calorimetry,not stated,,,1979
7.9,0.45709,0.0182836,None kPa,N/A,23506,['C'],A,Vacuum adiabatic calorimetry,not stated,,,1979
8.05,0.46795,0.018718,None kPa,N/A,23506,['C'],A,Vacuum adiabatic calorimetry,not stated,,,1979
8.2,0.47808,0.0191232,None kPa,N/A,23506,['C'],A,Vacuum adiabatic calorimetry,not stated,,,1979
8.43,0.49644,0.0198576,None kPa,N/A,23506,['C'],A,Vacuum adiabatic calorimetry,not stated,,,1979
8.59,0.50597,0.0202388,None kPa,N/A,23506,['C'],A,Vacuum adiabatic calorimetry,not stated,,,1979
8.65,0.50492,0.0201968,None kPa,N/A,23506,['C'],A,Vacuum adiabatic calorimetry,not stated,,,1979
8.79,0.51382,0.0205528,None kPa,N/A,23506,['C'],A,Vacuum adiabatic calorimetry,not stated,,,1979
8.85,0.51577,0.0206308,None kPa,N/A,23506,['C'],A,Vacuum adiabatic calorimetry,not stated,,,1979
8.98,0.52267,0.0209068,None kPa,N/A,23506,['C'],A,Vacuum adiabatic calorimetry,not stated,,,1979
9.1,0.5319,0.021276,None kPa,N/A,23506,['C'],A,Vacuum adiabatic calorimetry,not stated,,,1979
9.23,0.53819,0.0215276,None kPa,N/A,23506,['C'],A,Vacuum adiabatic calorimetry,not stated,,,1979
9.39,0.54426,0.0217704,None kPa,N/A,23506,['C'],A,Vacuum adiabatic calorimetry,not stated,,,1979
9.51,0.5579,0.022316,None kPa,N/A,23506,['C'],A,Vacuum adiabatic calorimetry,not stated,,,1979
9.68,0.5646,0.022584,None kPa,N/A,23506,['C'],A,Vacuum adiabatic calorimetry,not stated,,,1979
9.8,0.57244,0.0228976,None kPa,N/A,23506,['C'],A,Vacuum adiabatic calorimetry,not stated,,,1979
9.94,0.58223,0.0232892,None kPa,N/A,23506,['C'],A,Vacuum adiabatic calorimetry,not stated,,,1979
10.11,0.58522,0.0234088,None kPa,N/A,23506,['C'],A,Vacuum adiabatic calorimetry,not stated,,,1979
10.28,0.60108,0.0240432,None kPa,N/A,23506,['C'],A,Vacuum adiabatic calorimetry,not stated,,,1979
10.47,0.60951,0.0243804,None kPa,N/A,23506,['C'],A,Vacuum adiabatic calorimetry,not stated,,,1979
10.64,0.61862,0.0247448,None kPa,N/A,23506,['C'],A,Vacuum adiabatic calorimetry,not stated,,,1979
10.78,0.61748,0.0246992,None kPa,N/A,23506,['C'],A,Vacuum adiabatic calorimetry,not stated,,,1979
10.88,0.63392,0.0253568,None kPa,N/A,23506,['C'],A,Vacuum adiabatic calorimetry,not stated,,,1979
11.06,0.64175,0.02567,None kPa,N/A,23506,['C'],A,Vacuum adiabatic calorimetry,not stated,,,1979
11.2,0.65035,0.026014,None kPa,N/A,23506,['C'],A,Vacuum adiabatic calorimetry,not stated,,,1979
11.37,0.65874,0.0263496,None kPa,N/A,23506,['C'],A,Vacuum adiabatic calorimetry,not stated,,,1979
11.54,0.66631,0.0266524,None kPa,N/A,23506,['C'],A,Vacuum adiabatic calorimetry,not stated,,,1979
11.77,0.67458,0.0269832,None kPa,N/A,23506,['C'],A,Vacuum adiabatic calorimetry,not stated,,,1979
11.96,0.68706,0.0274824,None kPa,N/A,23506,['C'],A,Vacuum adiabatic calorimetry,not stated,,,1979
12.16,0.69193,0.0276772,None kPa,N/A,23506,['C'],A,Vacuum adiabatic calorimetry,not stated,,,1979
12.39,0.69991,0.0279964,None kPa,N/A,23506,['C'],A,Vacuum adiabatic calorimetry,not stated,,,1979
12.61,0.70811,0.0283244,None kPa,N/A,23506,['C'],A,Vacuum adiabatic calorimetry,not stated,,,1979
12.76,0.71407,0.0285628,None kPa,N/A,23506,['C'],A,Vacuum adiabatic calorimetry,not stated,,,1979
12.89,0.72265,0.028906,None kPa,N/A,23506,['C'],A,Vacuum adiabatic calorimetry,not stated,,,1979
13.17,0.72721,0.0290884,None kPa,N/A,23506,['C'],A,Vacuum adiabatic calorimetry,not stated,,,1979
13.36,0.72301,0.0289204,None kPa,N/A,23506,['C'],A,Vacuum adiabatic calorimetry,not stated,,,1979
13.55,0.73938,0.0295752,None kPa,N/A,23506,['C'],A,Vacuum adiabatic calorimetry,not stated,,,1979
13.89,0.74581,0.0298324,None kPa,N/A,23506,['C'],A,Vacuum adiabatic calorimetry,not stated,,,1979
14.14,0.75292,0.0301168,None kPa,N/A,23506,['C'],A,Vacuum adiabatic calorimetry,not stated,,,1979
14.36,0.76319,0.0305276,None kPa,N/A,23506,['C'],A,Vacuum adiabatic calorimetry,not stated,,,1979
14.59,0.76638,0.0306552,None kPa,N/A,23506,['C'],A,Vacuum adiabatic calorimetry,not stated,,,1979
14.86,0.76951,0.0307804,None kPa,N/A,23506,['C'],A,Vacuum adiabatic calorimetry,not stated,,,1979
15.16,0.77849,0.0311396,None kPa,N/A,23506,['C'],A,Vacuum adiabatic calorimetry,not stated,,,1979
15.4,0.77679,0.0310716,None kPa,N/A,23506,['C'],A,Vacuum adiabatic calorimetry,not stated,,,1979
15.69,0.78493,0.0313972,None kPa,N/A,23506,['C'],A,Vacuum adiabatic calorimetry,not stated,,,1979
15.92,0.77762,0.0311048,None kPa,N/A,23506,['C'],A,Vacuum adiabatic calorimetry,not stated,,,1979
16.06,0.78133,0.0312532,None kPa,N/A,23506,['C'],A,Vacuum adiabatic calorimetry,not stated,,,1979
16.19,0.78628,0.0314512,None kPa,N/A,23506,['C'],A,Vacuum adiabatic calorimetry,not stated,,,1979
16.31,0.7874,0.031496,None kPa,N/A,23506,['C'],A,Vacuum adiabatic calorimetry,not stated,,,1979
16.46,0.78963,0.0315852,None kPa,N/A,23506,['C'],A,Vacuum adiabatic calorimetry,not stated,,,1979
16.62,0.79141,0.0316564,None kPa,N/A,23506,['C'],A,Vacuum adiabatic calorimetry,not stated,,,1979
16.77,0.78128,0.0312512,None kPa,N/A,23506,['C'],A,Vacuum adiabatic calorimetry,not stated,,,1979
16.92,0.78009,0.0312036,None kPa,N/A,23506,['C'],A,Vacuum adiabatic calorimetry,not stated,,,1979
17.06,0.77903,0.0311612,None kPa,N/A,23506,['C'],A,Vacuum adiabatic calorimetry,not stated,,,1979
0.066,0.0603,0.001809,None kPa,N/A,34803,['C'],A,Adiabatic calorimeter (non-vacuum) ,not stated,,,1965
0.06846,0.05557,0.0016671,None kPa,N/A,34803,['C'],A,Adiabatic calorimeter (non-vacuum) ,not stated,,,1965
0.07306,0.04918,0.0014754,None kPa,N/A,34803,['C'],A,Adiabatic calorimeter (non-vacuum) ,not stated,,,1965
0.07822,0.04388,0.0013164,None kPa,N/A,34803,['C'],A,Adiabatic calorimeter (non-vacuum) ,not stated,,,1965
0.08553,0.03723,0.0011169,None kPa,N/A,34803,['C'],A,Adiabatic calorimeter (non-vacuum) ,not stated,,,1965
0.09526,0.02995,0.0008985,None kPa,N/A,34803,['C'],A,Adiabatic calorimeter (non-vacuum) ,not stated,,,1965
0.1039,0.02574,0.0007722,None kPa,N/A,34803,['C'],A,Adiabatic calorimeter (non-vacuum) ,not stated,,,1965
0.1156,0.02064,0.0006192,None kPa,N/A,34803,['C'],A,Adiabatic calorimeter (non-vacuum) ,not stated,,,1965
0.1236,0.01853,0.0005559,None kPa,N/A,34803,['C'],A,Adiabatic calorimeter (non-vacuum) ,not stated,,,1965
0.1442,0.01394,0.0004182,None kPa,N/A,34803,['C'],A,Adiabatic calorimeter (non-vacuum) ,not stated,,,1965
0.1047,0.02529,0.0007587,None kPa,N/A,34803,['C'],A,Adiabatic calorimeter (non-vacuum) ,not stated,,,1965
0.1167,0.0207,0.000621,None kPa,N/A,34803,['C'],A,Adiabatic calorimeter (non-vacuum) ,not stated,,,1965
0.125,0.01779,0.0005337,None kPa,N/A,34803,['C'],A,Adiabatic calorimeter (non-vacuum) ,not stated,,,1965
0.1563,0.01543,0.0004629,None kPa,N/A,34803,['C'],A,Adiabatic calorimeter (non-vacuum) ,not stated,,,1965
0.1483,0.01316,0.0003948,None kPa,N/A,34803,['C'],A,Adiabatic calorimeter (non-vacuum) ,not stated,,,1965
0.1598,0.01174,0.0003522,None kPa,N/A,34803,['C'],A,Adiabatic calorimeter (non-vacuum) ,not stated,,,1965
0.1708,0.01051,0.0003153,None kPa,N/A,34803,['C'],A,Adiabatic calorimeter (non-vacuum) ,not stated,,,1965
0.1818,0.009613,0.00028839,None kPa,N/A,34803,['C'],A,Adiabatic calorimeter (non-vacuum) ,not stated,,,1965
0.1936,0.00872,0.0002616,None kPa,N/A,34803,['C'],A,Adiabatic calorimeter (non-vacuum) ,not stated,,,1965
0.206,0.00801,0.0002403,None kPa,N/A,34803,['C'],A,Adiabatic calorimeter (non-vacuum) ,not stated,,,1965
0.2213,0.007334,0.00022002,None kPa,N/A,34803,['C'],A,Adiabatic calorimeter (non-vacuum) ,not stated,,,1965
0.2404,0.006695,0.00020085,None kPa,N/A,34803,['C'],A,Adiabatic calorimeter (non-vacuum) ,not stated,,,1965
0.2608,0.006117,0.00018351,None kPa,N/A,34803,['C'],A,Adiabatic calorimeter (non-vacuum) ,not stated,,,1965
0.2817,0.005802,0.00017406,None kPa,N/A,34803,['C'],A,Adiabatic calorimeter (non-vacuum) ,not stated,,,1965
0.3038,0.005473,0.00016419,None kPa,N/A,34803,['C'],A,Adiabatic calorimeter (non-vacuum) ,not stated,,,1965
0.328,0.005247,0.00015741,None kPa,N/A,34803,['C'],A,Adiabatic calorimeter (non-vacuum) ,not stated,,,1965
0.3549,0.005247,0.00015741,None kPa,N/A,34803,['C'],A,Adiabatic calorimeter (non-vacuum) ,not stated,,,1965
0.3857,0.00528,0.0001584,None kPa,N/A,34803,['C'],A,Adiabatic calorimeter (non-vacuum) ,not stated,,,1965
0.4225,0.005512,0.00016536,None kPa,N/A,34803,['C'],A,Adiabatic calorimeter (non-vacuum) ,not stated,,,1965
0.4634,0.005589,0.00016767,None kPa,N/A,34803,['C'],A,Adiabatic calorimeter (non-vacuum) ,not stated,,,1965
0.5029,0.005629,0.00016887,None kPa,N/A,34803,['C'],A,Adiabatic calorimeter (non-vacuum) ,not stated,,,1965
0.5426,0.005869,0.00017607,None kPa,N/A,34803,['C'],A,Adiabatic calorimeter (non-vacuum) ,not stated,,,1965
0.584,0.006157,0.00018471,None kPa,N/A,34803,['C'],A,Adiabatic calorimeter (non-vacuum) ,not stated,,,1965
0.6303,0.006522,0.00019566,None kPa,N/A,34803,['C'],A,Adiabatic calorimeter (non-vacuum) ,not stated,,,1965
0.6858,0.006816,0.00020448,None kPa,N/A,34803,['C'],A,Adiabatic calorimeter (non-vacuum) ,not stated,,,1965
0.7455,0.007235,0.00021705,None kPa,N/A,34803,['C'],A,Adiabatic calorimeter (non-vacuum) ,not stated,,,1965
0.8071,0.007731,0.00023193,None kPa,N/A,34803,['C'],A,Adiabatic calorimeter (non-vacuum) ,not stated,,,1965
0.8723,0.008193,0.00024579,None kPa,N/A,34803,['C'],A,Adiabatic calorimeter (non-vacuum) ,not stated,,,1965
0.945,0.008829,0.00026487,None kPa,N/A,34803,['C'],A,Adiabatic calorimeter (non-vacuum) ,not stated,,,1965
1.023,0.009598,0.00028794,None kPa,N/A,34803,['C'],A,Adiabatic calorimeter (non-vacuum) ,not stated,,,1965
1.078,0.01004,0.0003012,None kPa,N/A,34803,['C'],A,Adiabatic calorimeter (non-vacuum) ,not stated,,,1965
0.1793,0.008764,0.00026292,None kPa,N/A,34803,['C'],A,Adiabatic calorimeter (non-vacuum) ,not stated,,,1965
0.1919,0.008895,0.00026685,None kPa,N/A,34803,['C'],A,Adiabatic calorimeter (non-vacuum) ,not stated,,,1965
0.2038,0.00812,0.0002436,None kPa,N/A,34803,['C'],A,Adiabatic calorimeter (non-vacuum) ,not stated,,,1965
0.2444,0.006539,0.00019617,None kPa,N/A,34803,['C'],A,Adiabatic calorimeter (non-vacuum) ,not stated,,,1965
0.2728,0.005881,0.00017643,None kPa,N/A,34803,['C'],A,Adiabatic calorimeter (non-vacuum) ,not stated,,,1965
0.3039,0.005507,0.00016521,None kPa,N/A,34803,['C'],A,Adiabatic calorimeter (non-vacuum) ,not stated,,,1965
0.3338,0.005246,0.00015738,None kPa,N/A,34803,['C'],A,Adiabatic calorimeter (non-vacuum) ,not stated,,,1965
0.363,0.005399,0.00016197,None kPa,N/A,34803,['C'],A,Adiabatic calorimeter (non-vacuum) ,not stated,,,1965
0.3963,0.00541,0.0001623,None kPa,N/A,34803,['C'],A,Adiabatic calorimeter (non-vacuum) ,not stated,,,1965
0.4341,0.005549,0.00016647,None kPa,N/A,34803,['C'],A,Adiabatic calorimeter (non-vacuum) ,not stated,,,1965
0.4725,0.005728,0.00017184,None kPa,N/A,34803,['C'],A,Adiabatic calorimeter (non-vacuum) ,not stated,,,1965
0.5086,0.005742,0.00017226,None kPa,N/A,34803,['C'],A,Adiabatic calorimeter (non-vacuum) ,not stated,,,1965
0.6222,0.006387,0.00019161,None kPa,N/A,34803,['C'],A,Adiabatic calorimeter (non-vacuum) ,not stated,,,1965
0.6644,0.006621,0.00019863,None kPa,N/A,34803,['C'],A,Adiabatic calorimeter (non-vacuum) ,not stated,,,1965
0.7097,0.006861,0.00020583,None kPa,N/A,34803,['C'],A,Adiabatic calorimeter (non-vacuum) ,not stated,,,1965
0.7626,0.007439,0.00022317,None kPa,N/A,34803,['C'],A,Adiabatic calorimeter (non-vacuum) ,not stated,,,1965
0.8275,0.007942,0.00023826,None kPa,N/A,34803,['C'],A,Adiabatic calorimeter (non-vacuum) ,not stated,,,1965
0.9042,0.008579,0.00025737,None kPa,N/A,34803,['C'],A,Adiabatic calorimeter (non-vacuum) ,not stated,,,1965
0.9941,0.009204,0.00027612,None kPa,N/A,34803,['C'],A,Adiabatic calorimeter (non-vacuum) ,not stated,,,1965
1.071,0.00994,0.0002982,None kPa,N/A,34803,['C'],A,Adiabatic calorimeter (non-vacuum) ,not stated,,,1965
1.123,0.01081,0.0003243,None kPa,N/A,34803,['C'],A,Adiabatic calorimeter (non-vacuum) ,not stated,,,1965
1.203,0.01163,0.0003489,None kPa,N/A,34803,['C'],A,Adiabatic calorimeter (non-vacuum) ,not stated,,,1965
1.435,0.0138,0.000414,None kPa,N/A,34803,['C'],A,Adiabatic calorimeter (non-vacuum) ,not stated,,,1965
1.552,0.01475,0.0004425,None kPa,N/A,34803,['C'],A,Adiabatic calorimeter (non-vacuum) ,not stated,,,1965
1.668,0.01599,0.0004797,None kPa,N/A,34803,['C'],A,Adiabatic calorimeter (non-vacuum) ,not stated,,,1965
1.801,0.01709,0.0005127,None kPa,N/A,34803,['C'],A,Adiabatic calorimeter (non-vacuum) ,not stated,,,1965
1.957,0.01888,0.0005664,None kPa,N/A,34803,['C'],A,Adiabatic calorimeter (non-vacuum) ,not stated,,,1965
2.118,0.02047,0.0006141,None kPa,N/A,34803,['C'],A,Adiabatic calorimeter (non-vacuum) ,not stated,,,1965
2.279,0.02199,0.0006597,None kPa,N/A,34803,['C'],A,Adiabatic calorimeter (non-vacuum) ,not stated,,,1965
2.445,0.02367,0.0007101,None kPa,N/A,34803,['C'],A,Adiabatic calorimeter (non-vacuum) ,not stated,,,1965
2.623,0.02564,0.0007692,None kPa,N/A,34803,['C'],A,Adiabatic calorimeter (non-vacuum) ,not stated,,,1965
2.81,0.02757,0.0008271,None kPa,N/A,34803,['C'],A,Adiabatic calorimeter (non-vacuum) ,not stated,,,1965
3.014,0.0298,0.000894,None kPa,N/A,34803,['C'],A,Adiabatic calorimeter (non-vacuum) ,not stated,,,1965
3.243,0.03235,0.0009705,None kPa,N/A,34803,['C'],A,Adiabatic calorimeter (non-vacuum) ,not stated,,,1965
3.497,0.03521,0.0010563,None kPa,N/A,34803,['C'],A,Adiabatic calorimeter (non-vacuum) ,not stated,,,1965
3.787,0.03842,0.0011526,None kPa,N/A,34803,['C'],A,Adiabatic calorimeter (non-vacuum) ,not stated,,,1965
4.014,0.04115,0.0012345,None kPa,N/A,34803,['C'],A,Adiabatic calorimeter (non-vacuum) ,not stated,,,1965
4.14,0.0426,0.001278,None kPa,N/A,34803,['C'],A,Adiabatic calorimeter (non-vacuum) ,not stated,,,1965
1.188,0.01154,0.0003462,None kPa,N/A,34803,['C'],A,Adiabatic calorimeter (non-vacuum) ,not stated,,,1965
1.277,0.01211,0.0003633,None kPa,N/A,34803,['C'],A,Adiabatic calorimeter (non-vacuum) ,not stated,,,1965
1.402,0.01338,0.0004014,None kPa,N/A,34803,['C'],A,Adiabatic calorimeter (non-vacuum) ,not stated,,,1965
1.541,0.01457,0.0004371,None kPa,N/A,34803,['C'],A,Adiabatic calorimeter (non-vacuum) ,not stated,,,1965
1.869,0.01784,0.0005352,None kPa,N/A,34803,['C'],A,Adiabatic calorimeter (non-vacuum) ,not stated,,,1965
2.089,0.02003,0.0006009,None kPa,N/A,34803,['C'],A,Adiabatic calorimeter (non-vacuum) ,not stated,,,1965
2.501,0.02418,0.0007254,None kPa,N/A,34803,['C'],A,Adiabatic calorimeter (non-vacuum) ,not stated,,,1965
2.689,0.02608,0.0007824,None kPa,N/A,34803,['C'],A,Adiabatic calorimeter (non-vacuum) ,not stated,,,1965
2.905,0.02817,0.0008451,None kPa,N/A,34803,['C'],A,Adiabatic calorimeter (non-vacuum) ,not stated,,,1965
3.169,0.03136,0.0009408,None kPa,N/A,34803,['C'],A,Adiabatic calorimeter (non-vacuum) ,not stated,,,1965
3.487,0.03498,0.0010494,None kPa,N/A,34803,['C'],A,Adiabatic calorimeter (non-vacuum) ,not stated,,,1965
3.838,0.03858,0.0011574,None kPa,N/A,34803,['C'],A,Adiabatic calorimeter (non-vacuum) ,not stated,,,1965
4.105,0.04188,0.0012564,None kPa,N/A,34803,['C'],A,Adiabatic calorimeter (non-vacuum) ,not stated,,,1965
