Temperature: K,Heat capacity at constant pressure Cp: J/K/mol,Uncertainty,Pressure,Ref Temp,Data Set ID,State,Representation,Method,Description,Purity,Purity Units,Year
2.563,0.00488691,,None kPa,N/A,7543,['C'],A,Vacuum adiabatic calorimetry,"origin: commercial source,99.8 weight % (total),stated by supplier,rod",99.8,Weight %,1953
3.11,0.0101002,,None kPa,N/A,7543,['C'],A,Vacuum adiabatic calorimetry,"origin: commercial source,99.8 weight % (total),stated by supplier,rod",99.8,Weight %,1953
4.282,0.0356477,,None kPa,N/A,7543,['C'],A,Vacuum adiabatic calorimetry,"origin: commercial source,99.8 weight % (total),stated by supplier,rod",99.8,Weight %,1953
4.675,0.0446014,,None kPa,N/A,7543,['C'],A,Vacuum adiabatic calorimetry,"origin: commercial source,99.8 weight % (total),stated by supplier,rod",99.8,Weight %,1953
5.228,0.0702912,,None kPa,N/A,7543,['C'],A,Vacuum adiabatic calorimetry,"origin: commercial source,99.8 weight % (total),stated by supplier,rod",99.8,Weight %,1953
7.42,0.1851,,None kPa,N/A,7543,['C'],A,Vacuum adiabatic calorimetry,"origin: commercial source,99.8 weight % (total),stated by supplier,rod",99.8,Weight %,1953
3.233,0.029083,,None kPa,N/A,7543,['C'],A,Vacuum adiabatic calorimetry,"origin: commercial source,99.8 weight % (total),stated by supplier,rod",99.8,Weight %,1953
3.996,0.043137,,None kPa,N/A,7543,['C'],A,Vacuum adiabatic calorimetry,"origin: commercial source,99.8 weight % (total),stated by supplier,rod",99.8,Weight %,1953
6.144,0.0799144,,None kPa,N/A,7543,['C'],A,Vacuum adiabatic calorimetry,"origin: commercial source,99.8 weight % (total),stated by supplier,rod",99.8,Weight %,1953
8.63,0.156733,,None kPa,N/A,7543,['C'],A,Vacuum adiabatic calorimetry,"origin: commercial source,99.8 weight % (total),stated by supplier,rod",99.8,Weight %,1953
10.475,0.227568,,None kPa,N/A,7543,['C'],A,Vacuum adiabatic calorimetry,"origin: commercial source,99.8 weight % (total),stated by supplier,rod",99.8,Weight %,1953
2.55,0.00442249,0.000132675,None kPa,N/A,7544,['C'],A,Vacuum adiabatic calorimetry,"origin: commercial source,99.8 weight % (total),stated by supplier,rod",99.8,Weight %,1953
2.673,0.00607098,0.00018213,None kPa,N/A,7544,['C'],A,Vacuum adiabatic calorimetry,"origin: commercial source,99.8 weight % (total),stated by supplier,rod",99.8,Weight %,1953
2.964,0.00836382,0.000250914,None kPa,N/A,7544,['C'],A,Vacuum adiabatic calorimetry,"origin: commercial source,99.8 weight % (total),stated by supplier,rod",99.8,Weight %,1953
3.106,0.0103972,0.000311917,None kPa,N/A,7544,['C'],A,Vacuum adiabatic calorimetry,"origin: commercial source,99.8 weight % (total),stated by supplier,rod",99.8,Weight %,1953
3.137,0.00904162,0.000271249,None kPa,N/A,7544,['C'],A,Vacuum adiabatic calorimetry,"origin: commercial source,99.8 weight % (total),stated by supplier,rod",99.8,Weight %,1953
3.257,0.014552,0.000436559,None kPa,N/A,7544,['C'],A,Vacuum adiabatic calorimetry,"origin: commercial source,99.8 weight % (total),stated by supplier,rod",99.8,Weight %,1953
3.412,0.0161879,0.000485637,None kPa,N/A,7544,['C'],A,Vacuum adiabatic calorimetry,"origin: commercial source,99.8 weight % (total),stated by supplier,rod",99.8,Weight %,1953
3.465,0.0165394,0.000496181,None kPa,N/A,7544,['C'],A,Vacuum adiabatic calorimetry,"origin: commercial source,99.8 weight % (total),stated by supplier,rod",99.8,Weight %,1953
3.539,0.0181084,0.000543251,None kPa,N/A,7544,['C'],A,Vacuum adiabatic calorimetry,"origin: commercial source,99.8 weight % (total),stated by supplier,rod",99.8,Weight %,1953
3.597,0.0197778,0.000593333,None kPa,N/A,7544,['C'],A,Vacuum adiabatic calorimetry,"origin: commercial source,99.8 weight % (total),stated by supplier,rod",99.8,Weight %,1953
3.65,0.0201836,0.000605508,None kPa,N/A,7544,['C'],A,Vacuum adiabatic calorimetry,"origin: commercial source,99.8 weight % (total),stated by supplier,rod",99.8,Weight %,1953
3.697,0.0210539,0.000631617,None kPa,N/A,7544,['C'],A,Vacuum adiabatic calorimetry,"origin: commercial source,99.8 weight % (total),stated by supplier,rod",99.8,Weight %,1953
3.752,0.0221124,0.000663373,None kPa,N/A,7544,['C'],A,Vacuum adiabatic calorimetry,"origin: commercial source,99.8 weight % (total),stated by supplier,rod",99.8,Weight %,1953
3.794,0.0240957,0.00072287,None kPa,N/A,7544,['C'],A,Vacuum adiabatic calorimetry,"origin: commercial source,99.8 weight % (total),stated by supplier,rod",99.8,Weight %,1953
3.795,0.0228697,0.000686092,None kPa,N/A,7544,['C'],A,Vacuum adiabatic calorimetry,"origin: commercial source,99.8 weight % (total),stated by supplier,rod",99.8,Weight %,1953
3.835,0.0250831,0.000752492,None kPa,N/A,7544,['C'],A,Vacuum adiabatic calorimetry,"origin: commercial source,99.8 weight % (total),stated by supplier,rod",99.8,Weight %,1953
3.882,0.0253509,0.000760526,None kPa,N/A,7544,['C'],A,Vacuum adiabatic calorimetry,"origin: commercial source,99.8 weight % (total),stated by supplier,rod",99.8,Weight %,1953
3.947,0.0272964,0.000818892,None kPa,N/A,7544,['C'],A,Vacuum adiabatic calorimetry,"origin: commercial source,99.8 weight % (total),stated by supplier,rod",99.8,Weight %,1953
3.979,0.0296353,0.000889058,None kPa,N/A,7544,['C'],A,Vacuum adiabatic calorimetry,"origin: commercial source,99.8 weight % (total),stated by supplier,rod",99.8,Weight %,1953
4.042,0.0294554,0.000883661,None kPa,N/A,7544,['C'],A,Vacuum adiabatic calorimetry,"origin: commercial source,99.8 weight % (total),stated by supplier,rod",99.8,Weight %,1953
4.101,0.030698,0.00092094,None kPa,N/A,7544,['C'],A,Vacuum adiabatic calorimetry,"origin: commercial source,99.8 weight % (total),stated by supplier,rod",99.8,Weight %,1953
4.137,0.0319448,0.000958345,None kPa,N/A,7544,['C'],A,Vacuum adiabatic calorimetry,"origin: commercial source,99.8 weight % (total),stated by supplier,rod",99.8,Weight %,1953
4.163,0.0314051,0.000942153,None kPa,N/A,7544,['C'],A,Vacuum adiabatic calorimetry,"origin: commercial source,99.8 weight % (total),stated by supplier,rod",99.8,Weight %,1953
4.215,0.0338067,0.0010142,None kPa,N/A,7544,['C'],A,Vacuum adiabatic calorimetry,"origin: commercial source,99.8 weight % (total),stated by supplier,rod",99.8,Weight %,1953
4.277,0.032677,0.000980311,None kPa,N/A,7544,['C'],A,Vacuum adiabatic calorimetry,"origin: commercial source,99.8 weight % (total),stated by supplier,rod",99.8,Weight %,1953
4.286,0.0357481,0.00107244,None kPa,N/A,7544,['C'],A,Vacuum adiabatic calorimetry,"origin: commercial source,99.8 weight % (total),stated by supplier,rod",99.8,Weight %,1953
4.353,0.037543,0.00112629,None kPa,N/A,7544,['C'],A,Vacuum adiabatic calorimetry,"origin: commercial source,99.8 weight % (total),stated by supplier,rod",99.8,Weight %,1953
4.417,0.0411915,0.00123574,None kPa,N/A,7544,['C'],A,Vacuum adiabatic calorimetry,"origin: commercial source,99.8 weight % (total),stated by supplier,rod",99.8,Weight %,1953
4.417,0.0376016,0.00112805,None kPa,N/A,7544,['C'],A,Vacuum adiabatic calorimetry,"origin: commercial source,99.8 weight % (total),stated by supplier,rod",99.8,Weight %,1953
4.449,0.040066,0.00120198,None kPa,N/A,7544,['C'],A,Vacuum adiabatic calorimetry,"origin: commercial source,99.8 weight % (total),stated by supplier,rod",99.8,Weight %,1953
4.499,0.0451035,0.00135311,None kPa,N/A,7544,['C'],A,Vacuum adiabatic calorimetry,"origin: commercial source,99.8 weight % (total),stated by supplier,rod",99.8,Weight %,1953
4.577,0.0448525,0.00134557,None kPa,N/A,7544,['C'],A,Vacuum adiabatic calorimetry,"origin: commercial source,99.8 weight % (total),stated by supplier,rod",99.8,Weight %,1953
4.668,0.0449362,0.00134808,None kPa,N/A,7544,['C'],A,Vacuum adiabatic calorimetry,"origin: commercial source,99.8 weight % (total),stated by supplier,rod",99.8,Weight %,1953
4.7,0.0496222,0.00148867,None kPa,N/A,7544,['C'],A,Vacuum adiabatic calorimetry,"origin: commercial source,99.8 weight % (total),stated by supplier,rod",99.8,Weight %,1953
4.769,0.0534297,0.00160289,None kPa,N/A,7544,['C'],A,Vacuum adiabatic calorimetry,"origin: commercial source,99.8 weight % (total),stated by supplier,rod",99.8,Weight %,1953
4.788,0.0488273,0.00146482,None kPa,N/A,7544,['C'],A,Vacuum adiabatic calorimetry,"origin: commercial source,99.8 weight % (total),stated by supplier,rod",99.8,Weight %,1953
4.795,0.0556472,0.00166942,None kPa,N/A,7544,['C'],A,Vacuum adiabatic calorimetry,"origin: commercial source,99.8 weight % (total),stated by supplier,rod",99.8,Weight %,1953
4.809,0.0538481,0.00161544,None kPa,N/A,7544,['C'],A,Vacuum adiabatic calorimetry,"origin: commercial source,99.8 weight % (total),stated by supplier,rod",99.8,Weight %,1953
4.81,0.0509611,0.00152883,None kPa,N/A,7544,['C'],A,Vacuum adiabatic calorimetry,"origin: commercial source,99.8 weight % (total),stated by supplier,rod",99.8,Weight %,1953
4.866,0.0539736,0.00161921,None kPa,N/A,7544,['C'],A,Vacuum adiabatic calorimetry,"origin: commercial source,99.8 weight % (total),stated by supplier,rod",99.8,Weight %,1953
4.952,0.0582831,0.00174849,None kPa,N/A,7544,['C'],A,Vacuum adiabatic calorimetry,"origin: commercial source,99.8 weight % (total),stated by supplier,rod",99.8,Weight %,1953
5.04,0.0584923,0.00175477,None kPa,N/A,7544,['C'],A,Vacuum adiabatic calorimetry,"origin: commercial source,99.8 weight % (total),stated by supplier,rod",99.8,Weight %,1953
5.041,0.0606262,0.00181878,None kPa,N/A,7544,['C'],A,Vacuum adiabatic calorimetry,"origin: commercial source,99.8 weight % (total),stated by supplier,rod",99.8,Weight %,1953
5.045,0.0641826,0.00192548,None kPa,N/A,7544,['C'],A,Vacuum adiabatic calorimetry,"origin: commercial source,99.8 weight % (total),stated by supplier,rod",99.8,Weight %,1953
5.082,0.0628855,0.00188657,None kPa,N/A,7544,['C'],A,Vacuum adiabatic calorimetry,"origin: commercial source,99.8 weight % (total),stated by supplier,rod",99.8,Weight %,1953
5.116,0.060668,0.00182004,None kPa,N/A,7544,['C'],A,Vacuum adiabatic calorimetry,"origin: commercial source,99.8 weight % (total),stated by supplier,rod",99.8,Weight %,1953
5.121,0.0661909,0.00198573,None kPa,N/A,7544,['C'],A,Vacuum adiabatic calorimetry,"origin: commercial source,99.8 weight % (total),stated by supplier,rod",99.8,Weight %,1953
5.201,0.069287,0.00207861,None kPa,N/A,7544,['C'],A,Vacuum adiabatic calorimetry,"origin: commercial source,99.8 weight % (total),stated by supplier,rod",99.8,Weight %,1953
5.221,0.0654796,0.00196439,None kPa,N/A,7544,['C'],A,Vacuum adiabatic calorimetry,"origin: commercial source,99.8 weight % (total),stated by supplier,rod",99.8,Weight %,1953
5.224,0.0702494,0.00210748,None kPa,N/A,7544,['C'],A,Vacuum adiabatic calorimetry,"origin: commercial source,99.8 weight % (total),stated by supplier,rod",99.8,Weight %,1953
5.299,0.0714209,0.00214263,None kPa,N/A,7544,['C'],A,Vacuum adiabatic calorimetry,"origin: commercial source,99.8 weight % (total),stated by supplier,rod",99.8,Weight %,1953
5.394,0.0717974,0.00215392,None kPa,N/A,7544,['C'],A,Vacuum adiabatic calorimetry,"origin: commercial source,99.8 weight % (total),stated by supplier,rod",99.8,Weight %,1953
5.435,0.0736802,0.00221041,None kPa,N/A,7544,['C'],A,Vacuum adiabatic calorimetry,"origin: commercial source,99.8 weight % (total),stated by supplier,rod",99.8,Weight %,1953
5.466,0.081588,0.00244764,None kPa,N/A,7544,['C'],A,Vacuum adiabatic calorimetry,"origin: commercial source,99.8 weight % (total),stated by supplier,rod",99.8,Weight %,1953
5.505,0.0789521,0.00236856,None kPa,N/A,7544,['C'],A,Vacuum adiabatic calorimetry,"origin: commercial source,99.8 weight % (total),stated by supplier,rod",99.8,Weight %,1953
5.534,0.0801654,0.00240496,None kPa,N/A,7544,['C'],A,Vacuum adiabatic calorimetry,"origin: commercial source,99.8 weight % (total),stated by supplier,rod",99.8,Weight %,1953
5.582,0.0838892,0.00251668,None kPa,N/A,7544,['C'],A,Vacuum adiabatic calorimetry,"origin: commercial source,99.8 weight % (total),stated by supplier,rod",99.8,Weight %,1953
5.622,0.0869435,0.00260831,None kPa,N/A,7544,['C'],A,Vacuum adiabatic calorimetry,"origin: commercial source,99.8 weight % (total),stated by supplier,rod",99.8,Weight %,1953
5.625,0.0771948,0.00231584,None kPa,N/A,7544,['C'],A,Vacuum adiabatic calorimetry,"origin: commercial source,99.8 weight % (total),stated by supplier,rod",99.8,Weight %,1953
5.753,0.0898723,0.00269617,None kPa,N/A,7544,['C'],A,Vacuum adiabatic calorimetry,"origin: commercial source,99.8 weight % (total),stated by supplier,rod",99.8,Weight %,1953
5.772,0.0919643,0.00275893,None kPa,N/A,7544,['C'],A,Vacuum adiabatic calorimetry,"origin: commercial source,99.8 weight % (total),stated by supplier,rod",99.8,Weight %,1953
5.837,0.100249,0.00300746,None kPa,N/A,7544,['C'],A,Vacuum adiabatic calorimetry,"origin: commercial source,99.8 weight % (total),stated by supplier,rod",99.8,Weight %,1953
5.87,0.0986587,0.00295976,None kPa,N/A,7544,['C'],A,Vacuum adiabatic calorimetry,"origin: commercial source,99.8 weight % (total),stated by supplier,rod",99.8,Weight %,1953
6.42,0.126817,0.00380451,None kPa,N/A,7544,['C'],A,Vacuum adiabatic calorimetry,"origin: commercial source,99.8 weight % (total),stated by supplier,rod",99.8,Weight %,1953
6.45,0.120374,0.00361121,None kPa,N/A,7544,['C'],A,Vacuum adiabatic calorimetry,"origin: commercial source,99.8 weight % (total),stated by supplier,rod",99.8,Weight %,1953
6.576,0.128156,0.00384468,None kPa,N/A,7544,['C'],A,Vacuum adiabatic calorimetry,"origin: commercial source,99.8 weight % (total),stated by supplier,rod",99.8,Weight %,1953
6.601,0.141461,0.00424383,None kPa,N/A,7544,['C'],A,Vacuum adiabatic calorimetry,"origin: commercial source,99.8 weight % (total),stated by supplier,rod",99.8,Weight %,1953
6.846,0.163092,0.00489277,None kPa,N/A,7544,['C'],A,Vacuum adiabatic calorimetry,"origin: commercial source,99.8 weight % (total),stated by supplier,rod",99.8,Weight %,1953
7.399,0.189744,0.00569233,None kPa,N/A,7544,['C'],A,Vacuum adiabatic calorimetry,"origin: commercial source,99.8 weight % (total),stated by supplier,rod",99.8,Weight %,1953
7.416,0.1851,0.005553,None kPa,N/A,7544,['C'],A,Vacuum adiabatic calorimetry,"origin: commercial source,99.8 weight % (total),stated by supplier,rod",99.8,Weight %,1953
7.822,0.212673,0.00638018,None kPa,N/A,7544,['C'],A,Vacuum adiabatic calorimetry,"origin: commercial source,99.8 weight % (total),stated by supplier,rod",99.8,Weight %,1953
7.835,0.236605,0.00709816,None kPa,N/A,7544,['C'],A,Vacuum adiabatic calorimetry,"origin: commercial source,99.8 weight % (total),stated by supplier,rod",99.8,Weight %,1953
7.839,0.215058,0.00645173,None kPa,N/A,7544,['C'],A,Vacuum adiabatic calorimetry,"origin: commercial source,99.8 weight % (total),stated by supplier,rod",99.8,Weight %,1953
8.055,0.233091,0.00699272,None kPa,N/A,7544,['C'],A,Vacuum adiabatic calorimetry,"origin: commercial source,99.8 weight % (total),stated by supplier,rod",99.8,Weight %,1953
8.16,0.261542,0.00784625,None kPa,N/A,7544,['C'],A,Vacuum adiabatic calorimetry,"origin: commercial source,99.8 weight % (total),stated by supplier,rod",99.8,Weight %,1953
8.313,0.266981,0.00800943,None kPa,N/A,7544,['C'],A,Vacuum adiabatic calorimetry,"origin: commercial source,99.8 weight % (total),stated by supplier,rod",99.8,Weight %,1953
8.344,0.276562,0.00829687,None kPa,N/A,7544,['C'],A,Vacuum adiabatic calorimetry,"origin: commercial source,99.8 weight % (total),stated by supplier,rod",99.8,Weight %,1953
8.344,0.268111,0.00804332,None kPa,N/A,7544,['C'],A,Vacuum adiabatic calorimetry,"origin: commercial source,99.8 weight % (total),stated by supplier,rod",99.8,Weight %,1953
8.499,0.270872,0.00812616,None kPa,N/A,7544,['C'],A,Vacuum adiabatic calorimetry,"origin: commercial source,99.8 weight % (total),stated by supplier,rod",99.8,Weight %,1953
8.802,0.222547,0.00667641,None kPa,N/A,7544,['C'],A,Vacuum adiabatic calorimetry,"origin: commercial source,99.8 weight % (total),stated by supplier,rod",99.8,Weight %,1953
8.822,0.226229,0.00678687,None kPa,N/A,7544,['C'],A,Vacuum adiabatic calorimetry,"origin: commercial source,99.8 weight % (total),stated by supplier,rod",99.8,Weight %,1953
8.966,0.16326,0.00489779,None kPa,N/A,7544,['C'],A,Vacuum adiabatic calorimetry,"origin: commercial source,99.8 weight % (total),stated by supplier,rod",99.8,Weight %,1953
9.025,0.167276,0.00501829,None kPa,N/A,7544,['C'],A,Vacuum adiabatic calorimetry,"origin: commercial source,99.8 weight % (total),stated by supplier,rod",99.8,Weight %,1953
9.137,0.16828,0.00504841,None kPa,N/A,7544,['C'],A,Vacuum adiabatic calorimetry,"origin: commercial source,99.8 weight % (total),stated by supplier,rod",99.8,Weight %,1953
9.374,0.175602,0.00526807,None kPa,N/A,7544,['C'],A,Vacuum adiabatic calorimetry,"origin: commercial source,99.8 weight % (total),stated by supplier,rod",99.8,Weight %,1953
9.474,0.192464,0.00577392,None kPa,N/A,7544,['C'],A,Vacuum adiabatic calorimetry,"origin: commercial source,99.8 weight % (total),stated by supplier,rod",99.8,Weight %,1953
9.801,0.217484,0.00652453,None kPa,N/A,7544,['C'],A,Vacuum adiabatic calorimetry,"origin: commercial source,99.8 weight % (total),stated by supplier,rod",99.8,Weight %,1953
9.992,0.184765,0.00554296,None kPa,N/A,7544,['C'],A,Vacuum adiabatic calorimetry,"origin: commercial source,99.8 weight % (total),stated by supplier,rod",99.8,Weight %,1953
10.162,0.213258,0.00639775,None kPa,N/A,7544,['C'],A,Vacuum adiabatic calorimetry,"origin: commercial source,99.8 weight % (total),stated by supplier,rod",99.8,Weight %,1953
10.477,0.222045,0.00666135,None kPa,N/A,7544,['C'],A,Vacuum adiabatic calorimetry,"origin: commercial source,99.8 weight % (total),stated by supplier,rod",99.8,Weight %,1953
10.502,0.213886,0.00641658,None kPa,N/A,7544,['C'],A,Vacuum adiabatic calorimetry,"origin: commercial source,99.8 weight % (total),stated by supplier,rod",99.8,Weight %,1953
10.545,0.2515,0.00754501,None kPa,N/A,7544,['C'],A,Vacuum adiabatic calorimetry,"origin: commercial source,99.8 weight % (total),stated by supplier,rod",99.8,Weight %,1953
10.957,0.242379,0.00727137,None kPa,N/A,7544,['C'],A,Vacuum adiabatic calorimetry,"origin: commercial source,99.8 weight % (total),stated by supplier,rod",99.8,Weight %,1953
2.857,0.0280328,0.000840984,None kPa,N/A,7544,['C'],A,Vacuum adiabatic calorimetry,"origin: commercial source,99.8 weight % (total),stated by supplier,rod",99.8,Weight %,1953
3.232,0.0310034,0.000930103,None kPa,N/A,7544,['C'],A,Vacuum adiabatic calorimetry,"origin: commercial source,99.8 weight % (total),stated by supplier,rod",99.8,Weight %,1953
3.275,0.0315641,0.000946923,None kPa,N/A,7544,['C'],A,Vacuum adiabatic calorimetry,"origin: commercial source,99.8 weight % (total),stated by supplier,rod",99.8,Weight %,1953
3.413,0.035405,0.00106215,None kPa,N/A,7544,['C'],A,Vacuum adiabatic calorimetry,"origin: commercial source,99.8 weight % (total),stated by supplier,rod",99.8,Weight %,1953
3.664,0.0383045,0.00114914,None kPa,N/A,7544,['C'],A,Vacuum adiabatic calorimetry,"origin: commercial source,99.8 weight % (total),stated by supplier,rod",99.8,Weight %,1953
3.742,0.039112,0.00117336,None kPa,N/A,7544,['C'],A,Vacuum adiabatic calorimetry,"origin: commercial source,99.8 weight % (total),stated by supplier,rod",99.8,Weight %,1953
3.791,0.0404216,0.00121265,None kPa,N/A,7544,['C'],A,Vacuum adiabatic calorimetry,"origin: commercial source,99.8 weight % (total),stated by supplier,rod",99.8,Weight %,1953
3.846,0.0398777,0.00119633,None kPa,N/A,7544,['C'],A,Vacuum adiabatic calorimetry,"origin: commercial source,99.8 weight % (total),stated by supplier,rod",99.8,Weight %,1953
3.889,0.0406894,0.00122068,None kPa,N/A,7544,['C'],A,Vacuum adiabatic calorimetry,"origin: commercial source,99.8 weight % (total),stated by supplier,rod",99.8,Weight %,1953
4.003,0.0428442,0.00128532,None kPa,N/A,7544,['C'],A,Vacuum adiabatic calorimetry,"origin: commercial source,99.8 weight % (total),stated by supplier,rod",99.8,Weight %,1953
4.066,0.0400534,0.0012016,None kPa,N/A,7544,['C'],A,Vacuum adiabatic calorimetry,"origin: commercial source,99.8 weight % (total),stated by supplier,rod",99.8,Weight %,1953
4.149,0.044978,0.00134934,None kPa,N/A,7544,['C'],A,Vacuum adiabatic calorimetry,"origin: commercial source,99.8 weight % (total),stated by supplier,rod",99.8,Weight %,1953
4.348,0.0477813,0.00143344,None kPa,N/A,7544,['C'],A,Vacuum adiabatic calorimetry,"origin: commercial source,99.8 weight % (total),stated by supplier,rod",99.8,Weight %,1953
4.451,0.0486181,0.00145854,None kPa,N/A,7544,['C'],A,Vacuum adiabatic calorimetry,"origin: commercial source,99.8 weight % (total),stated by supplier,rod",99.8,Weight %,1953
4.734,0.0523,0.001569,None kPa,N/A,7544,['C'],A,Vacuum adiabatic calorimetry,"origin: commercial source,99.8 weight % (total),stated by supplier,rod",99.8,Weight %,1953
4.749,0.0507938,0.00152381,None kPa,N/A,7544,['C'],A,Vacuum adiabatic calorimetry,"origin: commercial source,99.8 weight % (total),stated by supplier,rod",99.8,Weight %,1953
4.969,0.0555217,0.00166565,None kPa,N/A,7544,['C'],A,Vacuum adiabatic calorimetry,"origin: commercial source,99.8 weight % (total),stated by supplier,rod",99.8,Weight %,1953
5.23,0.0636386,0.00190916,None kPa,N/A,7544,['C'],A,Vacuum adiabatic calorimetry,"origin: commercial source,99.8 weight % (total),stated by supplier,rod",99.8,Weight %,1953
5.725,0.0692034,0.0020761,None kPa,N/A,7544,['C'],A,Vacuum adiabatic calorimetry,"origin: commercial source,99.8 weight % (total),stated by supplier,rod",99.8,Weight %,1953
5.765,0.0751865,0.00225559,None kPa,N/A,7544,['C'],A,Vacuum adiabatic calorimetry,"origin: commercial source,99.8 weight % (total),stated by supplier,rod",99.8,Weight %,1953
5.834,0.075563,0.00226689,None kPa,N/A,7544,['C'],A,Vacuum adiabatic calorimetry,"origin: commercial source,99.8 weight % (total),stated by supplier,rod",99.8,Weight %,1953
5.905,0.0753957,0.00226187,None kPa,N/A,7544,['C'],A,Vacuum adiabatic calorimetry,"origin: commercial source,99.8 weight % (total),stated by supplier,rod",99.8,Weight %,1953
5.966,0.072425,0.00217275,None kPa,N/A,7544,['C'],A,Vacuum adiabatic calorimetry,"origin: commercial source,99.8 weight % (total),stated by supplier,rod",99.8,Weight %,1953
6.143,0.080291,0.00240873,None kPa,N/A,7544,['C'],A,Vacuum adiabatic calorimetry,"origin: commercial source,99.8 weight % (total),stated by supplier,rod",99.8,Weight %,1953
6.332,0.0880732,0.0026422,None kPa,N/A,7544,['C'],A,Vacuum adiabatic calorimetry,"origin: commercial source,99.8 weight % (total),stated by supplier,rod",99.8,Weight %,1953
7.142,0.111462,0.00334385,None kPa,N/A,7544,['C'],A,Vacuum adiabatic calorimetry,"origin: commercial source,99.8 weight % (total),stated by supplier,rod",99.8,Weight %,1953
7.402,0.112048,0.00336143,None kPa,N/A,7544,['C'],A,Vacuum adiabatic calorimetry,"origin: commercial source,99.8 weight % (total),stated by supplier,rod",99.8,Weight %,1953
7.964,0.131461,0.00394384,None kPa,N/A,7544,['C'],A,Vacuum adiabatic calorimetry,"origin: commercial source,99.8 weight % (total),stated by supplier,rod",99.8,Weight %,1953
8.273,0.139829,0.00419488,None kPa,N/A,7544,['C'],A,Vacuum adiabatic calorimetry,"origin: commercial source,99.8 weight % (total),stated by supplier,rod",99.8,Weight %,1953
8.632,0.156816,0.00470449,None kPa,N/A,7544,['C'],A,Vacuum adiabatic calorimetry,"origin: commercial source,99.8 weight % (total),stated by supplier,rod",99.8,Weight %,1953
8.876,0.155185,0.00465554,None kPa,N/A,7544,['C'],A,Vacuum adiabatic calorimetry,"origin: commercial source,99.8 weight % (total),stated by supplier,rod",99.8,Weight %,1953
9.236,0.176648,0.00529945,None kPa,N/A,7544,['C'],A,Vacuum adiabatic calorimetry,"origin: commercial source,99.8 weight % (total),stated by supplier,rod",99.8,Weight %,1953
9.463,0.188406,0.00565217,None kPa,N/A,7544,['C'],A,Vacuum adiabatic calorimetry,"origin: commercial source,99.8 weight % (total),stated by supplier,rod",99.8,Weight %,1953
9.677,0.199242,0.00597726,None kPa,N/A,7544,['C'],A,Vacuum adiabatic calorimetry,"origin: commercial source,99.8 weight % (total),stated by supplier,rod",99.8,Weight %,1953
2.039,0.00161084,4.83252e-05,None kPa,N/A,10137,['C'],A,Vacuum adiabatic calorimetry,"origin: commercial source,99.8 % (total),,rod",99.8,Not Specified %,1958
2.297,0.00277818,8.33453e-05,None kPa,N/A,10137,['C'],A,Vacuum adiabatic calorimetry,"origin: commercial source,99.8 % (total),,rod",99.8,Not Specified %,1958
2.425,0.00312126,9.36379e-05,None kPa,N/A,10137,['C'],A,Vacuum adiabatic calorimetry,"origin: commercial source,99.8 % (total),,rod",99.8,Not Specified %,1958
2.481,0.00360242,0.000108073,None kPa,N/A,10137,['C'],A,Vacuum adiabatic calorimetry,"origin: commercial source,99.8 % (total),,rod",99.8,Not Specified %,1958
2.725,0.00602496,0.000180749,None kPa,N/A,10137,['C'],A,Vacuum adiabatic calorimetry,"origin: commercial source,99.8 % (total),,rod",99.8,Not Specified %,1958
2.821,0.0071128,0.000213384,None kPa,N/A,10137,['C'],A,Vacuum adiabatic calorimetry,"origin: commercial source,99.8 % (total),,rod",99.8,Not Specified %,1958
3.045,0.00912112,0.000273634,None kPa,N/A,10137,['C'],A,Vacuum adiabatic calorimetry,"origin: commercial source,99.8 % (total),,rod",99.8,Not Specified %,1958
3.69,0.0202506,0.000607517,None kPa,N/A,10137,['C'],A,Vacuum adiabatic calorimetry,"origin: commercial source,99.8 % (total),,rod",99.8,Not Specified %,1958
4.009,0.0259826,0.000779479,None kPa,N/A,10137,['C'],A,Vacuum adiabatic calorimetry,"origin: commercial source,99.8 % (total),,rod",99.8,Not Specified %,1958
4.31,0.032677,0.000980311,None kPa,N/A,10137,['C'],A,Vacuum adiabatic calorimetry,"origin: commercial source,99.8 % (total),,rod",99.8,Not Specified %,1958
4.74,0.0443504,0.00133051,None kPa,N/A,10137,['C'],A,Vacuum adiabatic calorimetry,"origin: commercial source,99.8 % (total),,rod",99.8,Not Specified %,1958
5.212,0.058576,0.00175728,None kPa,N/A,10137,['C'],A,Vacuum adiabatic calorimetry,"origin: commercial source,99.8 % (total),,rod",99.8,Not Specified %,1958
5.788,0.0808349,0.00242505,None kPa,N/A,10137,['C'],A,Vacuum adiabatic calorimetry,"origin: commercial source,99.8 % (total),,rod",99.8,Not Specified %,1958
6.383,0.106441,0.00319323,None kPa,N/A,10137,['C'],A,Vacuum adiabatic calorimetry,"origin: commercial source,99.8 % (total),,rod",99.8,Not Specified %,1958
7.012,0.140415,0.00421245,None kPa,N/A,10137,['C'],A,Vacuum adiabatic calorimetry,"origin: commercial source,99.8 % (total),,rod",99.8,Not Specified %,1958
7.637,0.183008,0.00549024,None kPa,N/A,10137,['C'],A,Vacuum adiabatic calorimetry,"origin: commercial source,99.8 % (total),,rod",99.8,Not Specified %,1958
8.202,0.222714,0.00668143,None kPa,N/A,10137,['C'],A,Vacuum adiabatic calorimetry,"origin: commercial source,99.8 % (total),,rod",99.8,Not Specified %,1958
10.081,0.212631,0.00425262,None kPa,N/A,10138,['C'],A,Vacuum adiabatic calorimetry,"origin: commercial source,99.8 % (total),,rod",99.8,Not Specified %,1958
10.875,0.251166,0.00502331,None kPa,N/A,10138,['C'],A,Vacuum adiabatic calorimetry,"origin: commercial source,99.8 % (total),,rod",99.8,Not Specified %,1958
8.804,0.274178,0.00822533,None kPa,N/A,10139,['C'],A,Vacuum adiabatic calorimetry,"origin: commercial source,99.8 % (total),,rod",99.8,Not Specified %,1958
8.932,0.297692,0.00893075,None kPa,N/A,10139,['C'],A,Vacuum adiabatic calorimetry,"origin: commercial source,99.8 % (total),,rod",99.8,Not Specified %,1958
9.03,0.261165,0.00783496,None kPa,N/A,10139,['C'],A,Vacuum adiabatic calorimetry,"origin: commercial source,99.8 % (total),,rod",99.8,Not Specified %,1958
9.712,0.193636,0.00387271,None kPa,N/A,10140,['C'],A,Vacuum adiabatic calorimetry,"origin: commercial source,99.8 % (total),,rod",99.8,Not Specified %,1958
9.951,0.204054,0.00408107,None kPa,N/A,10140,['C'],A,Vacuum adiabatic calorimetry,"origin: commercial source,99.8 % (total),,rod",99.8,Not Specified %,1958
10.3,0.22079,0.00441579,None kPa,N/A,10140,['C'],A,Vacuum adiabatic calorimetry,"origin: commercial source,99.8 % (total),,rod",99.8,Not Specified %,1958
10.757,0.242003,0.00484005,None kPa,N/A,10140,['C'],A,Vacuum adiabatic calorimetry,"origin: commercial source,99.8 % (total),,rod",99.8,Not Specified %,1958
11.406,0.277148,0.00554296,None kPa,N/A,10140,['C'],A,Vacuum adiabatic calorimetry,"origin: commercial source,99.8 % (total),,rod",99.8,Not Specified %,1958
12.034,0.313842,0.00627684,None kPa,N/A,10140,['C'],A,Vacuum adiabatic calorimetry,"origin: commercial source,99.8 % (total),,rod",99.8,Not Specified %,1958
12.74,0.354134,0.00708268,None kPa,N/A,10140,['C'],A,Vacuum adiabatic calorimetry,"origin: commercial source,99.8 % (total),,rod",99.8,Not Specified %,1958
13.538,0.408442,0.00816884,None kPa,N/A,10140,['C'],A,Vacuum adiabatic calorimetry,"origin: commercial source,99.8 % (total),,rod",99.8,Not Specified %,1958
14.594,0.484549,0.00969098,None kPa,N/A,10140,['C'],A,Vacuum adiabatic calorimetry,"origin: commercial source,99.8 % (total),,rod",99.8,Not Specified %,1958
15.648,0.57279,0.0114558,None kPa,N/A,10140,['C'],A,Vacuum adiabatic calorimetry,"origin: commercial source,99.8 % (total),,rod",99.8,Not Specified %,1958
16.654,0.654712,0.0130942,None kPa,N/A,10140,['C'],A,Vacuum adiabatic calorimetry,"origin: commercial source,99.8 % (total),,rod",99.8,Not Specified %,1958
17.68,0.750108,0.0150022,None kPa,N/A,10140,['C'],A,Vacuum adiabatic calorimetry,"origin: commercial source,99.8 % (total),,rod",99.8,Not Specified %,1958
18.903,0.894874,0.0178975,None kPa,N/A,10140,['C'],A,Vacuum adiabatic calorimetry,"origin: commercial source,99.8 % (total),,rod",99.8,Not Specified %,1958
20.138,1.09495,0.0218991,None kPa,N/A,10140,['C'],A,Vacuum adiabatic calorimetry,"origin: commercial source,99.8 % (total),,rod",99.8,Not Specified %,1958
21.574,1.25319,0.0250638,None kPa,N/A,10140,['C'],A,Vacuum adiabatic calorimetry,"origin: commercial source,99.8 % (total),,rod",99.8,Not Specified %,1958
22.979,1.51921,0.0303842,None kPa,N/A,10140,['C'],A,Vacuum adiabatic calorimetry,"origin: commercial source,99.8 % (total),,rod",99.8,Not Specified %,1958
24.323,1.77121,0.0354243,None kPa,N/A,10140,['C'],A,Vacuum adiabatic calorimetry,"origin: commercial source,99.8 % (total),,rod",99.8,Not Specified %,1958
25.859,2.14689,0.0429379,None kPa,N/A,10140,['C'],A,Vacuum adiabatic calorimetry,"origin: commercial source,99.8 % (total),,rod",99.8,Not Specified %,1958
27.724,2.58362,0.0516724,None kPa,N/A,10140,['C'],A,Vacuum adiabatic calorimetry,"origin: commercial source,99.8 % (total),,rod",99.8,Not Specified %,1958
29.45,3.10666,0.0621332,None kPa,N/A,10140,['C'],A,Vacuum adiabatic calorimetry,"origin: commercial source,99.8 % (total),,rod",99.8,Not Specified %,1958
5.078,0.080542,0.00241626,None kPa,N/A,10141,['C'],A,Vacuum adiabatic calorimetry,"origin: commercial source,99.8 % (total),,rod",99.8,Not Specified %,1958
5.125,0.0736802,0.00221041,None kPa,N/A,10141,['C'],A,Vacuum adiabatic calorimetry,"origin: commercial source,99.8 % (total),,rod",99.8,Not Specified %,1958
6.44,0.0827177,0.00165435,None kPa,N/A,10142,['C'],A,Vacuum adiabatic calorimetry,"origin: commercial source,99.8 % (total),,rod",99.8,Not Specified %,1958
7.061,0.0992863,0.00198573,None kPa,N/A,10142,['C'],A,Vacuum adiabatic calorimetry,"origin: commercial source,99.8 % (total),,rod",99.8,Not Specified %,1958
7.734,0.125646,0.00251291,None kPa,N/A,10142,['C'],A,Vacuum adiabatic calorimetry,"origin: commercial source,99.8 % (total),,rod",99.8,Not Specified %,1958
8.469,0.148323,0.00296646,None kPa,N/A,10142,['C'],A,Vacuum adiabatic calorimetry,"origin: commercial source,99.8 % (total),,rod",99.8,Not Specified %,1958
9.138,0.174013,0.00348025,None kPa,N/A,10142,['C'],A,Vacuum adiabatic calorimetry,"origin: commercial source,99.8 % (total),,rod",99.8,Not Specified %,1958
10.121,0.217694,0.00435387,None kPa,N/A,10142,['C'],A,Vacuum adiabatic calorimetry,"origin: commercial source,99.8 % (total),,rod",99.8,Not Specified %,1958
10.944,0.255977,0.00511954,None kPa,N/A,10142,['C'],A,Vacuum adiabatic calorimetry,"origin: commercial source,99.8 % (total),,rod",99.8,Not Specified %,1958
5.267,0.0710025,0.00142005,None kPa,N/A,10143,['C'],A,Vacuum adiabatic calorimetry,"origin: commercial source,99.8 % (total),,rod",99.8,Not Specified %,1958
7.313,0.110248,0.00220497,None kPa,N/A,10143,['C'],A,Vacuum adiabatic calorimetry,"origin: commercial source,99.8 % (total),,rod",99.8,Not Specified %,1958
9.001,0.166732,0.00333465,None kPa,N/A,10143,['C'],A,Vacuum adiabatic calorimetry,"origin: commercial source,99.8 % (total),,rod",99.8,Not Specified %,1958
9.853,0.201585,0.0040317,None kPa,N/A,10143,['C'],A,Vacuum adiabatic calorimetry,"origin: commercial source,99.8 % (total),,rod",99.8,Not Specified %,1958
10.744,0.244513,0.00489026,None kPa,N/A,10143,['C'],A,Vacuum adiabatic calorimetry,"origin: commercial source,99.8 % (total),,rod",99.8,Not Specified %,1958
1.467,0.000276144,1.65686e-05,None kPa,N/A,10144,['C'],A,Vacuum adiabatic calorimetry,"origin: commercial source,99.8 % (total),,rod",99.8,Not Specified %,1958
1.732,0.000523,2.40998e-05,None kPa,N/A,10144,['C'],A,Vacuum adiabatic calorimetry,"origin: commercial source,99.8 % (total),,rod",99.8,Not Specified %,1958
1.863,0.000979056,3.74195e-05,None kPa,N/A,10144,['C'],A,Vacuum adiabatic calorimetry,"origin: commercial source,99.8 % (total),,rod",99.8,Not Specified %,1958
2.081,0.00166105,4.98314e-05,None kPa,N/A,10144,['C'],A,Vacuum adiabatic calorimetry,"origin: commercial source,99.8 % (total),,rod",99.8,Not Specified %,1958
2.314,0.00278236,8.34708e-05,None kPa,N/A,10144,['C'],A,Vacuum adiabatic calorimetry,"origin: commercial source,99.8 % (total),,rod",99.8,Not Specified %,1958
2.519,0.00394133,0.00011824,None kPa,N/A,10144,['C'],A,Vacuum adiabatic calorimetry,"origin: commercial source,99.8 % (total),,rod",99.8,Not Specified %,1958
2.788,0.00619232,0.00018577,None kPa,N/A,10144,['C'],A,Vacuum adiabatic calorimetry,"origin: commercial source,99.8 % (total),,rod",99.8,Not Specified %,1958
3.146,0.0101253,0.000303758,None kPa,N/A,10144,['C'],A,Vacuum adiabatic calorimetry,"origin: commercial source,99.8 % (total),,rod",99.8,Not Specified %,1958
3.602,0.016485,0.000494549,None kPa,N/A,10144,['C'],A,Vacuum adiabatic calorimetry,"origin: commercial source,99.8 % (total),,rod",99.8,Not Specified %,1958
3.929,0.0233886,0.000701657,None kPa,N/A,10144,['C'],A,Vacuum adiabatic calorimetry,"origin: commercial source,99.8 % (total),,rod",99.8,Not Specified %,1958
4.348,0.0328026,0.000984077,None kPa,N/A,10144,['C'],A,Vacuum adiabatic calorimetry,"origin: commercial source,99.8 % (total),,rod",99.8,Not Specified %,1958
4.809,0.0466934,0.0014008,None kPa,N/A,10144,['C'],A,Vacuum adiabatic calorimetry,"origin: commercial source,99.8 % (total),,rod",99.8,Not Specified %,1958
5.305,0.0630529,0.00189159,None kPa,N/A,10144,['C'],A,Vacuum adiabatic calorimetry,"origin: commercial source,99.8 % (total),,rod",99.8,Not Specified %,1958
6.017,0.092048,0.00276144,None kPa,N/A,10144,['C'],A,Vacuum adiabatic calorimetry,"origin: commercial source,99.8 % (total),,rod",99.8,Not Specified %,1958
6.923,0.139746,0.00419237,None kPa,N/A,10144,['C'],A,Vacuum adiabatic calorimetry,"origin: commercial source,99.8 % (total),,rod",99.8,Not Specified %,1958
7.857,0.19761,0.00592831,None kPa,N/A,10144,['C'],A,Vacuum adiabatic calorimetry,"origin: commercial source,99.8 % (total),,rod",99.8,Not Specified %,1958
8.468,0.243132,0.00729397,None kPa,N/A,10144,['C'],A,Vacuum adiabatic calorimetry,"origin: commercial source,99.8 % (total),,rod",99.8,Not Specified %,1958
8.763,0.272002,0.00816006,None kPa,N/A,10144,['C'],A,Vacuum adiabatic calorimetry,"origin: commercial source,99.8 % (total),,rod",99.8,Not Specified %,1958
9.927,0.203552,0.00407103,None kPa,N/A,10145,['C'],A,Vacuum adiabatic calorimetry,"origin: commercial source,99.8 % (total),,rod",99.8,Not Specified %,1958
10.015,0.20648,0.00412961,None kPa,N/A,10145,['C'],A,Vacuum adiabatic calorimetry,"origin: commercial source,99.8 % (total),,rod",99.8,Not Specified %,1958
11.132,0.269617,0.00539234,None kPa,N/A,10145,['C'],A,Vacuum adiabatic calorimetry,"origin: commercial source,99.8 % (total),,rod",99.8,Not Specified %,1958
1.353,0.0112968,0.000677808,None kPa,N/A,10146,['C'],A,Vacuum adiabatic calorimetry,"origin: commercial source,99.8 % (total),,rod",99.8,Not Specified %,1958
1.466,0.0105018,0.00063011,None kPa,N/A,10146,['C'],A,Vacuum adiabatic calorimetry,"origin: commercial source,99.8 % (total),,rod",99.8,Not Specified %,1958
1.62,0.0133888,0.000706929,None kPa,N/A,10146,['C'],A,Vacuum adiabatic calorimetry,"origin: commercial source,99.8 % (total),,rod",99.8,Not Specified %,1958
1.77,0.0140582,0.000615751,None kPa,N/A,10146,['C'],A,Vacuum adiabatic calorimetry,"origin: commercial source,99.8 % (total),,rod",99.8,Not Specified %,1958
1.961,0.0160666,0.000384282,None kPa,N/A,10146,['C'],A,Vacuum adiabatic calorimetry,"origin: commercial source,99.8 % (total),,rod",99.8,Not Specified %,1958
2.217,0.0184933,0.000554798,None kPa,N/A,10146,['C'],A,Vacuum adiabatic calorimetry,"origin: commercial source,99.8 % (total),,rod",99.8,Not Specified %,1958
2.402,0.0204598,0.000613793,None kPa,N/A,10146,['C'],A,Vacuum adiabatic calorimetry,"origin: commercial source,99.8 % (total),,rod",99.8,Not Specified %,1958
2.596,0.0212129,0.000636386,None kPa,N/A,10146,['C'],A,Vacuum adiabatic calorimetry,"origin: commercial source,99.8 % (total),,rod",99.8,Not Specified %,1958
2.94,0.0248948,0.000746844,None kPa,N/A,10146,['C'],A,Vacuum adiabatic calorimetry,"origin: commercial source,99.8 % (total),,rod",99.8,Not Specified %,1958
3.25,0.0273215,0.000819646,None kPa,N/A,10146,['C'],A,Vacuum adiabatic calorimetry,"origin: commercial source,99.8 % (total),,rod",99.8,Not Specified %,1958
3.579,0.0319658,0.000958973,None kPa,N/A,10146,['C'],A,Vacuum adiabatic calorimetry,"origin: commercial source,99.8 % (total),,rod",99.8,Not Specified %,1958
3.929,0.0359824,0.00107947,None kPa,N/A,10146,['C'],A,Vacuum adiabatic calorimetry,"origin: commercial source,99.8 % (total),,rod",99.8,Not Specified %,1958
4.36,0.0416308,0.00124892,None kPa,N/A,10146,['C'],A,Vacuum adiabatic calorimetry,"origin: commercial source,99.8 % (total),,rod",99.8,Not Specified %,1958
4.877,0.0505846,0.00151754,None kPa,N/A,10146,['C'],A,Vacuum adiabatic calorimetry,"origin: commercial source,99.8 % (total),,rod",99.8,Not Specified %,1958
5.392,0.0582831,0.00174849,None kPa,N/A,10146,['C'],A,Vacuum adiabatic calorimetry,"origin: commercial source,99.8 % (total),,rod",99.8,Not Specified %,1958
6.059,0.0736384,0.00220915,None kPa,N/A,10146,['C'],A,Vacuum adiabatic calorimetry,"origin: commercial source,99.8 % (total),,rod",99.8,Not Specified %,1958
6.887,0.0930103,0.00279031,None kPa,N/A,10146,['C'],A,Vacuum adiabatic calorimetry,"origin: commercial source,99.8 % (total),,rod",99.8,Not Specified %,1958
7.921,0.122131,0.00366393,None kPa,N/A,10146,['C'],A,Vacuum adiabatic calorimetry,"origin: commercial source,99.8 % (total),,rod",99.8,Not Specified %,1958
9.11,0.163427,0.00490281,None kPa,N/A,10146,['C'],A,Vacuum adiabatic calorimetry,"origin: commercial source,99.8 % (total),,rod",99.8,Not Specified %,1958
1.585,0.00050208,2.75642e-05,None kPa,N/A,10147,['C'],A,Vacuum adiabatic calorimetry,"origin: commercial source,99.8 % (total),,rod",99.8,Not Specified %,1958
1.699,0.00060668,2.9157e-05,None kPa,N/A,10147,['C'],A,Vacuum adiabatic calorimetry,"origin: commercial source,99.8 % (total),,rod",99.8,Not Specified %,1958
1.789,0.000736384,3.14141e-05,None kPa,N/A,10147,['C'],A,Vacuum adiabatic calorimetry,"origin: commercial source,99.8 % (total),,rod",99.8,Not Specified %,1958
1.863,0.000953952,3.646e-05,None kPa,N/A,10147,['C'],A,Vacuum adiabatic calorimetry,"origin: commercial source,99.8 % (total),,rod",99.8,Not Specified %,1958
10.98,0.259408,0.00389112,None kPa,N/A,11235,['C'],A,Vacuum adiabatic calorimetry,"origin: commercial source,99.7 % (total),chemical analysis,rod",99.7,Not Specified %,1960
11.22,0.27196,0.0040794,None kPa,N/A,11235,['C'],A,Vacuum adiabatic calorimetry,"origin: commercial source,99.7 % (total),chemical analysis,rod",99.7,Not Specified %,1960
11.34,0.280328,0.00420492,None kPa,N/A,11235,['C'],A,Vacuum adiabatic calorimetry,"origin: commercial source,99.7 % (total),chemical analysis,rod",99.7,Not Specified %,1960
11.47,0.284512,0.00426768,None kPa,N/A,11235,['C'],A,Vacuum adiabatic calorimetry,"origin: commercial source,99.7 % (total),chemical analysis,rod",99.7,Not Specified %,1960
12.29,0.338904,0.00508356,None kPa,N/A,11235,['C'],A,Vacuum adiabatic calorimetry,"origin: commercial source,99.7 % (total),chemical analysis,rod",99.7,Not Specified %,1960
12.56,0.35564,0.0053346,None kPa,N/A,11235,['C'],A,Vacuum adiabatic calorimetry,"origin: commercial source,99.7 % (total),chemical analysis,rod",99.7,Not Specified %,1960
12.68,0.368192,0.00552288,None kPa,N/A,11235,['C'],A,Vacuum adiabatic calorimetry,"origin: commercial source,99.7 % (total),chemical analysis,rod",99.7,Not Specified %,1960
12.7,0.364008,0.00546012,None kPa,N/A,11235,['C'],A,Vacuum adiabatic calorimetry,"origin: commercial source,99.7 % (total),chemical analysis,rod",99.7,Not Specified %,1960
13.77,0.43932,0.0065898,None kPa,N/A,11235,['C'],A,Vacuum adiabatic calorimetry,"origin: commercial source,99.7 % (total),chemical analysis,rod",99.7,Not Specified %,1960
13.96,0.451872,0.00677808,None kPa,N/A,11235,['C'],A,Vacuum adiabatic calorimetry,"origin: commercial source,99.7 % (total),chemical analysis,rod",99.7,Not Specified %,1960
14.08,0.464424,0.00696636,None kPa,N/A,11235,['C'],A,Vacuum adiabatic calorimetry,"origin: commercial source,99.7 % (total),chemical analysis,rod",99.7,Not Specified %,1960
14.11,0.46024,0.0069036,None kPa,N/A,11235,['C'],A,Vacuum adiabatic calorimetry,"origin: commercial source,99.7 % (total),chemical analysis,rod",99.7,Not Specified %,1960
15.72,0.573208,0.00859812,None kPa,N/A,11235,['C'],A,Vacuum adiabatic calorimetry,"origin: commercial source,99.7 % (total),chemical analysis,rod",99.7,Not Specified %,1960
16.02,0.602496,0.00903744,None kPa,N/A,11235,['C'],A,Vacuum adiabatic calorimetry,"origin: commercial source,99.7 % (total),chemical analysis,rod",99.7,Not Specified %,1960
16.18,0.615048,0.00922572,None kPa,N/A,11235,['C'],A,Vacuum adiabatic calorimetry,"origin: commercial source,99.7 % (total),chemical analysis,rod",99.7,Not Specified %,1960
16.2,0.610864,0.00916296,None kPa,N/A,11235,['C'],A,Vacuum adiabatic calorimetry,"origin: commercial source,99.7 % (total),chemical analysis,rod",99.7,Not Specified %,1960
18.41,0.81588,0.0122382,None kPa,N/A,11235,['C'],A,Vacuum adiabatic calorimetry,"origin: commercial source,99.7 % (total),chemical analysis,rod",99.7,Not Specified %,1960
18.53,0.832616,0.0124892,None kPa,N/A,11235,['C'],A,Vacuum adiabatic calorimetry,"origin: commercial source,99.7 % (total),chemical analysis,rod",99.7,Not Specified %,1960
18.66,0.840984,0.0126148,None kPa,N/A,11235,['C'],A,Vacuum adiabatic calorimetry,"origin: commercial source,99.7 % (total),chemical analysis,rod",99.7,Not Specified %,1960
18.69,0.8368,0.012552,None kPa,N/A,11235,['C'],A,Vacuum adiabatic calorimetry,"origin: commercial source,99.7 % (total),chemical analysis,rod",99.7,Not Specified %,1960
21.6,1.17152,0.00937216,None kPa,N/A,11235,['C'],A,Vacuum adiabatic calorimetry,"origin: commercial source,99.7 % (total),chemical analysis,rod",99.7,Not Specified %,1960
24.78,1.67778,0.0134223,None kPa,N/A,11235,['C'],A,Vacuum adiabatic calorimetry,"origin: commercial source,99.7 % (total),chemical analysis,rod",99.7,Not Specified %,1960
28.89,2.46856,0.0197485,None kPa,N/A,11235,['C'],A,Vacuum adiabatic calorimetry,"origin: commercial source,99.7 % (total),chemical analysis,rod",99.7,Not Specified %,1960
33.44,3.4769,0.0278152,None kPa,N/A,11235,['C'],A,Vacuum adiabatic calorimetry,"origin: commercial source,99.7 % (total),chemical analysis,rod",99.7,Not Specified %,1960
38.21,4.69026,0.0375221,None kPa,N/A,11235,['C'],A,Vacuum adiabatic calorimetry,"origin: commercial source,99.7 % (total),chemical analysis,rod",99.7,Not Specified %,1960
42.98,5.98312,0.047865,None kPa,N/A,11235,['C'],A,Vacuum adiabatic calorimetry,"origin: commercial source,99.7 % (total),chemical analysis,rod",99.7,Not Specified %,1960
47.77,7.29271,0.0583417,None kPa,N/A,11235,['C'],A,Vacuum adiabatic calorimetry,"origin: commercial source,99.7 % (total),chemical analysis,rod",99.7,Not Specified %,1960
52.52,8.56046,0.0684837,None kPa,N/A,11235,['C'],A,Vacuum adiabatic calorimetry,"origin: commercial source,99.7 % (total),chemical analysis,rod",99.7,Not Specified %,1960
57.46,9.88679,0.0790943,None kPa,N/A,11235,['C'],A,Vacuum adiabatic calorimetry,"origin: commercial source,99.7 % (total),chemical analysis,rod",99.7,Not Specified %,1960
59.01,10.2257,0.0818056,None kPa,N/A,11235,['C'],A,Vacuum adiabatic calorimetry,"origin: commercial source,99.7 % (total),chemical analysis,rod",99.7,Not Specified %,1960
62.38,11.0123,0.0880983,None kPa,N/A,11235,['C'],A,Vacuum adiabatic calorimetry,"origin: commercial source,99.7 % (total),chemical analysis,rod",99.7,Not Specified %,1960
65.37,11.6943,0.0935542,None kPa,N/A,11235,['C'],A,Vacuum adiabatic calorimetry,"origin: commercial source,99.7 % (total),chemical analysis,rod",99.7,Not Specified %,1960
67.55,12.1378,0.0971023,None kPa,N/A,11235,['C'],A,Vacuum adiabatic calorimetry,"origin: commercial source,99.7 % (total),chemical analysis,rod",99.7,Not Specified %,1960
69.73,12.6022,0.100818,None kPa,N/A,11235,['C'],A,Vacuum adiabatic calorimetry,"origin: commercial source,99.7 % (total),chemical analysis,rod",99.7,Not Specified %,1960
72.6,13.0499,0.104399,None kPa,N/A,11235,['C'],A,Vacuum adiabatic calorimetry,"origin: commercial source,99.7 % (total),chemical analysis,rod",99.7,Not Specified %,1960
74.2,13.5018,0.108014,None kPa,N/A,11235,['C'],A,Vacuum adiabatic calorimetry,"origin: commercial source,99.7 % (total),chemical analysis,rod",99.7,Not Specified %,1960
79.23,14.4222,0.115378,None kPa,N/A,11235,['C'],A,Vacuum adiabatic calorimetry,"origin: commercial source,99.7 % (total),chemical analysis,rod",99.7,Not Specified %,1960
84.62,15.3009,0.0459027,None kPa,N/A,11235,['C'],A,Vacuum adiabatic calorimetry,"origin: commercial source,99.7 % (total),chemical analysis,rod",99.7,Not Specified %,1960
89.99,16.1335,0.0484005,None kPa,N/A,11235,['C'],A,Vacuum adiabatic calorimetry,"origin: commercial source,99.7 % (total),chemical analysis,rod",99.7,Not Specified %,1960
95.58,16.895,0.050685,None kPa,N/A,11235,['C'],A,Vacuum adiabatic calorimetry,"origin: commercial source,99.7 % (total),chemical analysis,rod",99.7,Not Specified %,1960
101.43,17.6188,0.0528565,None kPa,N/A,11235,['C'],A,Vacuum adiabatic calorimetry,"origin: commercial source,99.7 % (total),chemical analysis,rod",99.7,Not Specified %,1960
107.34,18.2297,0.0546891,None kPa,N/A,11235,['C'],A,Vacuum adiabatic calorimetry,"origin: commercial source,99.7 % (total),chemical analysis,rod",99.7,Not Specified %,1960
112.83,18.828,0.056484,None kPa,N/A,11235,['C'],A,Vacuum adiabatic calorimetry,"origin: commercial source,99.7 % (total),chemical analysis,rod",99.7,Not Specified %,1960
118.0,19.2213,0.0576639,None kPa,N/A,11235,['C'],A,Vacuum adiabatic calorimetry,"origin: commercial source,99.7 % (total),chemical analysis,rod",99.7,Not Specified %,1960
123.15,19.5937,0.058781,None kPa,N/A,11235,['C'],A,Vacuum adiabatic calorimetry,"origin: commercial source,99.7 % (total),chemical analysis,rod",99.7,Not Specified %,1960
128.57,19.9828,0.0599484,None kPa,N/A,11235,['C'],A,Vacuum adiabatic calorimetry,"origin: commercial source,99.7 % (total),chemical analysis,rod",99.7,Not Specified %,1960
133.91,20.4472,0.0613416,None kPa,N/A,11235,['C'],A,Vacuum adiabatic calorimetry,"origin: commercial source,99.7 % (total),chemical analysis,rod",99.7,Not Specified %,1960
139.54,20.761,0.062283,None kPa,N/A,11235,['C'],A,Vacuum adiabatic calorimetry,"origin: commercial source,99.7 % (total),chemical analysis,rod",99.7,Not Specified %,1960
145.2,21.1083,0.0633248,None kPa,N/A,11235,['C'],A,Vacuum adiabatic calorimetry,"origin: commercial source,99.7 % (total),chemical analysis,rod",99.7,Not Specified %,1960
150.61,21.3802,0.0641407,None kPa,N/A,11235,['C'],A,Vacuum adiabatic calorimetry,"origin: commercial source,99.7 % (total),chemical analysis,rod",99.7,Not Specified %,1960
156.29,21.6104,0.0648311,None kPa,N/A,11235,['C'],A,Vacuum adiabatic calorimetry,"origin: commercial source,99.7 % (total),chemical analysis,rod",99.7,Not Specified %,1960
161.87,21.9116,0.0657348,None kPa,N/A,11235,['C'],A,Vacuum adiabatic calorimetry,"origin: commercial source,99.7 % (total),chemical analysis,rod",99.7,Not Specified %,1960
167.6,22.1375,0.0664126,None kPa,N/A,11235,['C'],A,Vacuum adiabatic calorimetry,"origin: commercial source,99.7 % (total),chemical analysis,rod",99.7,Not Specified %,1960
173.2,22.2756,0.0668269,None kPa,N/A,11235,['C'],A,Vacuum adiabatic calorimetry,"origin: commercial source,99.7 % (total),chemical analysis,rod",99.7,Not Specified %,1960
178.78,22.4179,0.0672536,None kPa,N/A,11235,['C'],A,Vacuum adiabatic calorimetry,"origin: commercial source,99.7 % (total),chemical analysis,rod",99.7,Not Specified %,1960
184.5,22.6145,0.0678436,None kPa,N/A,11235,['C'],A,Vacuum adiabatic calorimetry,"origin: commercial source,99.7 % (total),chemical analysis,rod",99.7,Not Specified %,1960
189.92,22.8614,0.0685841,None kPa,N/A,11235,['C'],A,Vacuum adiabatic calorimetry,"origin: commercial source,99.7 % (total),chemical analysis,rod",99.7,Not Specified %,1960
195.2,22.9576,0.0688728,None kPa,N/A,11235,['C'],A,Vacuum adiabatic calorimetry,"origin: commercial source,99.7 % (total),chemical analysis,rod",99.7,Not Specified %,1960
198.91,23.0162,0.0690486,None kPa,N/A,11235,['C'],A,Vacuum adiabatic calorimetry,"origin: commercial source,99.7 % (total),chemical analysis,rod",99.7,Not Specified %,1960
200.81,23.1375,0.0694126,None kPa,N/A,11235,['C'],A,Vacuum adiabatic calorimetry,"origin: commercial source,99.7 % (total),chemical analysis,rod",99.7,Not Specified %,1960
201.16,23.1082,0.0693247,None kPa,N/A,11235,['C'],A,Vacuum adiabatic calorimetry,"origin: commercial source,99.7 % (total),chemical analysis,rod",99.7,Not Specified %,1960
204.13,23.2045,0.0696134,None kPa,N/A,11235,['C'],A,Vacuum adiabatic calorimetry,"origin: commercial source,99.7 % (total),chemical analysis,rod",99.7,Not Specified %,1960
206.09,23.2296,0.0696887,None kPa,N/A,11235,['C'],A,Vacuum adiabatic calorimetry,"origin: commercial source,99.7 % (total),chemical analysis,rod",99.7,Not Specified %,1960
206.51,23.3091,0.0699272,None kPa,N/A,11235,['C'],A,Vacuum adiabatic calorimetry,"origin: commercial source,99.7 % (total),chemical analysis,rod",99.7,Not Specified %,1960
209.84,23.3969,0.0701908,None kPa,N/A,11235,['C'],A,Vacuum adiabatic calorimetry,"origin: commercial source,99.7 % (total),chemical analysis,rod",99.7,Not Specified %,1960
211.68,23.3718,0.0701155,None kPa,N/A,11235,['C'],A,Vacuum adiabatic calorimetry,"origin: commercial source,99.7 % (total),chemical analysis,rod",99.7,Not Specified %,1960
212.25,23.4806,0.0704418,None kPa,N/A,11235,['C'],A,Vacuum adiabatic calorimetry,"origin: commercial source,99.7 % (total),chemical analysis,rod",99.7,Not Specified %,1960
215.09,23.4681,0.0704042,None kPa,N/A,11235,['C'],A,Vacuum adiabatic calorimetry,"origin: commercial source,99.7 % (total),chemical analysis,rod",99.7,Not Specified %,1960
216.5,23.5141,0.0705422,None kPa,N/A,11235,['C'],A,Vacuum adiabatic calorimetry,"origin: commercial source,99.7 % (total),chemical analysis,rod",99.7,Not Specified %,1960
217.49,23.5476,0.0706427,None kPa,N/A,11235,['C'],A,Vacuum adiabatic calorimetry,"origin: commercial source,99.7 % (total),chemical analysis,rod",99.7,Not Specified %,1960
220.8,23.5894,0.0707682,None kPa,N/A,11235,['C'],A,Vacuum adiabatic calorimetry,"origin: commercial source,99.7 % (total),chemical analysis,rod",99.7,Not Specified %,1960
221.21,23.6103,0.0708309,None kPa,N/A,11235,['C'],A,Vacuum adiabatic calorimetry,"origin: commercial source,99.7 % (total),chemical analysis,rod",99.7,Not Specified %,1960
222.91,23.6689,0.0710067,None kPa,N/A,11235,['C'],A,Vacuum adiabatic calorimetry,"origin: commercial source,99.7 % (total),chemical analysis,rod",99.7,Not Specified %,1960
225.98,23.7902,0.0713707,None kPa,N/A,11235,['C'],A,Vacuum adiabatic calorimetry,"origin: commercial source,99.7 % (total),chemical analysis,rod",99.7,Not Specified %,1960
228.03,23.7819,0.0713456,None kPa,N/A,11235,['C'],A,Vacuum adiabatic calorimetry,"origin: commercial source,99.7 % (total),chemical analysis,rod",99.7,Not Specified %,1960
231.91,23.8488,0.0715464,None kPa,N/A,11235,['C'],A,Vacuum adiabatic calorimetry,"origin: commercial source,99.7 % (total),chemical analysis,rod",99.7,Not Specified %,1960
233.76,23.9199,0.0717598,None kPa,N/A,11235,['C'],A,Vacuum adiabatic calorimetry,"origin: commercial source,99.7 % (total),chemical analysis,rod",99.7,Not Specified %,1960
237.37,23.9618,0.0718853,None kPa,N/A,11235,['C'],A,Vacuum adiabatic calorimetry,"origin: commercial source,99.7 % (total),chemical analysis,rod",99.7,Not Specified %,1960
238.98,23.9827,0.0719481,None kPa,N/A,11235,['C'],A,Vacuum adiabatic calorimetry,"origin: commercial source,99.7 % (total),chemical analysis,rod",99.7,Not Specified %,1960
243.73,23.9994,0.0719983,None kPa,N/A,11235,['C'],A,Vacuum adiabatic calorimetry,"origin: commercial source,99.7 % (total),chemical analysis,rod",99.7,Not Specified %,1960
244.35,24.0915,0.0722744,None kPa,N/A,11235,['C'],A,Vacuum adiabatic calorimetry,"origin: commercial source,99.7 % (total),chemical analysis,rod",99.7,Not Specified %,1960
248.53,24.1333,0.0723999,None kPa,N/A,11235,['C'],A,Vacuum adiabatic calorimetry,"origin: commercial source,99.7 % (total),chemical analysis,rod",99.7,Not Specified %,1960
249.2,24.1542,0.0724627,None kPa,N/A,11235,['C'],A,Vacuum adiabatic calorimetry,"origin: commercial source,99.7 % (total),chemical analysis,rod",99.7,Not Specified %,1960
253.6,24.2379,0.0727137,None kPa,N/A,11235,['C'],A,Vacuum adiabatic calorimetry,"origin: commercial source,99.7 % (total),chemical analysis,rod",99.7,Not Specified %,1960
254.94,24.2295,0.0726886,None kPa,N/A,11235,['C'],A,Vacuum adiabatic calorimetry,"origin: commercial source,99.7 % (total),chemical analysis,rod",99.7,Not Specified %,1960
259.03,24.2672,0.0728016,None kPa,N/A,11235,['C'],A,Vacuum adiabatic calorimetry,"origin: commercial source,99.7 % (total),chemical analysis,rod",99.7,Not Specified %,1960
260.72,24.2672,0.0728016,None kPa,N/A,11235,['C'],A,Vacuum adiabatic calorimetry,"origin: commercial source,99.7 % (total),chemical analysis,rod",99.7,Not Specified %,1960
265.3,24.3509,0.0730526,None kPa,N/A,11235,['C'],A,Vacuum adiabatic calorimetry,"origin: commercial source,99.7 % (total),chemical analysis,rod",99.7,Not Specified %,1960
265.8,24.3592,0.0730777,None kPa,N/A,11235,['C'],A,Vacuum adiabatic calorimetry,"origin: commercial source,99.7 % (total),chemical analysis,rod",99.7,Not Specified %,1960
270.51,24.33,0.0729899,None kPa,N/A,11235,['C'],A,Vacuum adiabatic calorimetry,"origin: commercial source,99.7 % (total),chemical analysis,rod",99.7,Not Specified %,1960
270.64,24.4346,0.0733037,None kPa,N/A,11235,['C'],A,Vacuum adiabatic calorimetry,"origin: commercial source,99.7 % (total),chemical analysis,rod",99.7,Not Specified %,1960
1.5,0.0117152,0.00117152,None kPa,N/A,13919,['C'],A,Low temperature calorimetry set up,not stated,,,1963
2.0,0.0163176,0.00163176,None kPa,N/A,13919,['C'],A,Low temperature calorimetry set up,not stated,,,1963
2.5,0.0213384,0.00213384,None kPa,N/A,13919,['C'],A,Low temperature calorimetry set up,not stated,,,1963
3.0,0.0267776,0.00267776,None kPa,N/A,13919,['C'],A,Low temperature calorimetry set up,not stated,,,1963
3.5,0.0330536,0.00330536,None kPa,N/A,13919,['C'],A,Low temperature calorimetry set up,not stated,,,1963
4.0,0.0401664,0.00401664,None kPa,N/A,13919,['C'],A,Low temperature calorimetry set up,not stated,,,1963
4.5,0.048116,0.0048116,None kPa,N/A,13919,['C'],A,Low temperature calorimetry set up,not stated,,,1963
5.0,0.0569024,0.00569024,None kPa,N/A,13919,['C'],A,Low temperature calorimetry set up,not stated,,,1963
5.5,0.0673624,0.00673624,None kPa,N/A,13919,['C'],A,Low temperature calorimetry set up,not stated,,,1963
6.0,0.0786592,0.00786592,None kPa,N/A,13919,['C'],A,Low temperature calorimetry set up,not stated,,,1963
6.5,0.0916296,0.00916296,None kPa,N/A,13919,['C'],A,Low temperature calorimetry set up,not stated,,,1963
7.0,0.105855,0.0105855,None kPa,N/A,13919,['C'],A,Low temperature calorimetry set up,not stated,,,1963
7.5,0.121754,0.0121754,None kPa,N/A,13919,['C'],A,Low temperature calorimetry set up,not stated,,,1963
8.0,0.139327,0.0139327,None kPa,N/A,13919,['C'],A,Low temperature calorimetry set up,not stated,,,1963
8.5,0.158992,0.0158992,None kPa,N/A,13919,['C'],A,Low temperature calorimetry set up,not stated,,,1963
9.0,0.180749,0.0180749,None kPa,N/A,13919,['C'],A,Low temperature calorimetry set up,not stated,,,1963
9.5,0.207945,0.0207945,None kPa,N/A,13919,['C'],A,Low temperature calorimetry set up,not stated,,,1963
10.0,0.23012,0.023012,None kPa,N/A,13919,['C'],A,Low temperature calorimetry set up,not stated,,,1963
10.5,0.253969,0.0253969,None kPa,N/A,13919,['C'],A,Low temperature calorimetry set up,not stated,,,1963
11.0,0.279073,0.0279073,None kPa,N/A,13919,['C'],A,Low temperature calorimetry set up,not stated,,,1963
11.5,0.306687,0.0306687,None kPa,N/A,13919,['C'],A,Low temperature calorimetry set up,not stated,,,1963
12.0,0.335975,0.0335975,None kPa,N/A,13919,['C'],A,Low temperature calorimetry set up,not stated,,,1963
12.5,0.366937,0.0366937,None kPa,N/A,13919,['C'],A,Low temperature calorimetry set up,not stated,,,1963
13.0,0.400409,0.0400409,None kPa,N/A,13919,['C'],A,Low temperature calorimetry set up,not stated,,,1963
13.5,0.435973,0.0435973,None kPa,N/A,13919,['C'],A,Low temperature calorimetry set up,not stated,,,1963
14.0,0.474047,0.0474047,None kPa,N/A,13919,['C'],A,Low temperature calorimetry set up,not stated,,,1963
14.5,0.514214,0.0514214,None kPa,N/A,13919,['C'],A,Low temperature calorimetry set up,not stated,,,1963
15.0,0.55689,0.055689,None kPa,N/A,13919,['C'],A,Low temperature calorimetry set up,not stated,,,1963
15.5,0.602078,0.0602078,None kPa,N/A,13919,['C'],A,Low temperature calorimetry set up,not stated,,,1963
16.0,0.650194,0.0650194,None kPa,N/A,13919,['C'],A,Low temperature calorimetry set up,not stated,,,1963
16.5,0.70082,0.070082,None kPa,N/A,13919,['C'],A,Low temperature calorimetry set up,not stated,,,1963
17.0,0.754375,0.0754375,None kPa,N/A,13919,['C'],A,Low temperature calorimetry set up,not stated,,,1963
17.5,0.810441,0.0810441,None kPa,N/A,13919,['C'],A,Low temperature calorimetry set up,not stated,,,1963
18.0,0.869854,0.0869854,None kPa,N/A,13919,['C'],A,Low temperature calorimetry set up,not stated,,,1963
18.5,0.932195,0.0932195,None kPa,N/A,13919,['C'],A,Low temperature calorimetry set up,not stated,,,1963
19.0,0.997466,0.0997466,None kPa,N/A,13919,['C'],A,Low temperature calorimetry set up,not stated,,,1963
19.5,1.06608,0.106608,None kPa,N/A,13919,['C'],A,Low temperature calorimetry set up,not stated,,,1963
20.0,1.13805,0.113805,None kPa,N/A,13919,['C'],A,Low temperature calorimetry set up,not stated,,,1963
8.87,0.307106,0.0307106,None kPa,N/A,13921,['C'],A,Low temperature calorimetry set up,not stated,,,1963
8.88,0.294135,0.0294135,None kPa,N/A,13921,['C'],A,Low temperature calorimetry set up,not stated,,,1963
8.94,0.2092,0.02092,None kPa,N/A,13921,['C'],A,Low temperature calorimetry set up,not stated,,,1963
10.02,0.223426,0.0223426,None kPa,N/A,13921,['C'],A,Low temperature calorimetry set up,not stated,,,1963
10.93,0.26945,0.026945,None kPa,N/A,13921,['C'],A,Low temperature calorimetry set up,not stated,,,1963
12.66,0.374468,0.0374468,None kPa,N/A,13921,['C'],A,Low temperature calorimetry set up,not stated,,,1963
13.47,0.43137,0.043137,None kPa,N/A,13921,['C'],A,Low temperature calorimetry set up,not stated,,,1963
14.03,0.472374,0.0472374,None kPa,N/A,13921,['C'],A,Low temperature calorimetry set up,not stated,,,1963
15.48,0.599567,0.0599567,None kPa,N/A,13921,['C'],A,Low temperature calorimetry set up,not stated,,,1963
16.79,0.715882,0.0715882,None kPa,N/A,13921,['C'],A,Low temperature calorimetry set up,not stated,,,1963
17.43,0.800818,0.0800818,None kPa,N/A,13921,['C'],A,Low temperature calorimetry set up,not stated,,,1963
18.02,0.84977,0.084977,None kPa,N/A,13921,['C'],A,Low temperature calorimetry set up,not stated,,,1963
18.44,0.923409,0.0923409,None kPa,N/A,13921,['C'],A,Low temperature calorimetry set up,not stated,,,1963
19.05,1.01211,0.101211,None kPa,N/A,13921,['C'],A,Low temperature calorimetry set up,not stated,,,1963
2.28,0.018828,0.0018828,None kPa,N/A,13921,['C'],A,Low temperature calorimetry set up,not stated,,,1963
2.87,0.025104,0.0025104,None kPa,N/A,13921,['C'],A,Low temperature calorimetry set up,not stated,,,1963
3.45,0.0322168,0.00322168,None kPa,N/A,13921,['C'],A,Low temperature calorimetry set up,not stated,,,1963
4.96,0.0556472,0.00556472,None kPa,N/A,13921,['C'],A,Low temperature calorimetry set up,not stated,,,1963
5.37,0.064852,0.0064852,None kPa,N/A,13921,['C'],A,Low temperature calorimetry set up,not stated,,,1963
5.79,0.07322,0.007322,None kPa,N/A,13921,['C'],A,Low temperature calorimetry set up,not stated,,,1963
6.24,0.0840984,0.00840984,None kPa,N/A,13921,['C'],A,Low temperature calorimetry set up,not stated,,,1963
6.73,0.0970688,0.00970688,None kPa,N/A,13921,['C'],A,Low temperature calorimetry set up,not stated,,,1963
7.0,0.105018,0.0105018,None kPa,N/A,13921,['C'],A,Low temperature calorimetry set up,not stated,,,1963
7.42,0.117152,0.0117152,None kPa,N/A,13921,['C'],A,Low temperature calorimetry set up,not stated,,,1963
7.7,0.125102,0.0125102,None kPa,N/A,13921,['C'],A,Low temperature calorimetry set up,not stated,,,1963
8.0,0.13849,0.013849,None kPa,N/A,13921,['C'],A,Low temperature calorimetry set up,not stated,,,1963
8.27,0.14644,0.014644,None kPa,N/A,13921,['C'],A,Low temperature calorimetry set up,not stated,,,1963
8.68,0.164013,0.0164013,None kPa,N/A,13921,['C'],A,Low temperature calorimetry set up,not stated,,,1963
9.04,0.18577,0.018577,None kPa,N/A,13921,['C'],A,Low temperature calorimetry set up,not stated,,,1963
9.31,0.199995,0.0199995,None kPa,N/A,13921,['C'],A,Low temperature calorimetry set up,not stated,,,1963
9.71,0.214639,0.0214639,None kPa,N/A,13921,['C'],A,Low temperature calorimetry set up,not stated,,,1963
0.372,3.8e-05,7.6e-07,None kPa,N/A,14587,['C'],A,Vacuum adiabatic calorimetry,not stated,,,1964
0.723,7.7e-05,1.54e-06,None kPa,N/A,14587,['C'],A,Vacuum adiabatic calorimetry,not stated,,,1964
0.799,8.9e-05,1.78e-06,None kPa,N/A,14587,['C'],A,Vacuum adiabatic calorimetry,not stated,,,1964
0.849,9.7e-05,1.94e-06,None kPa,N/A,14587,['C'],A,Vacuum adiabatic calorimetry,not stated,,,1964
0.906,0.000107,2.14e-06,None kPa,N/A,14587,['C'],A,Vacuum adiabatic calorimetry,not stated,,,1964
1.016,0.000128,2.56e-06,None kPa,N/A,14587,['C'],A,Vacuum adiabatic calorimetry,not stated,,,1964
1.152,0.000156,3.12e-06,None kPa,N/A,14587,['C'],A,Vacuum adiabatic calorimetry,not stated,,,1964
1.272,0.000242,4.84e-06,None kPa,N/A,14587,['C'],A,Vacuum adiabatic calorimetry,not stated,,,1964
1.361,0.000297,5.94e-06,None kPa,N/A,14587,['C'],A,Vacuum adiabatic calorimetry,not stated,,,1964
1.499,0.000406,8.12e-06,None kPa,N/A,14587,['C'],A,Vacuum adiabatic calorimetry,not stated,,,1964
1.635,0.000562,1.124e-05,None kPa,N/A,14587,['C'],A,Vacuum adiabatic calorimetry,not stated,,,1964
1.794,0.000822,1.644e-05,None kPa,N/A,14587,['C'],A,Vacuum adiabatic calorimetry,not stated,,,1964
1.988,0.00128,2.56e-05,None kPa,N/A,14587,['C'],A,Vacuum adiabatic calorimetry,not stated,,,1964
2.221,0.00214,4.28e-05,None kPa,N/A,14587,['C'],A,Vacuum adiabatic calorimetry,not stated,,,1964
2.456,0.0034,6.8e-05,None kPa,N/A,14587,['C'],A,Vacuum adiabatic calorimetry,not stated,,,1964
2.676,0.00501,0.0001002,None kPa,N/A,14587,['C'],A,Vacuum adiabatic calorimetry,not stated,,,1964
2.998,0.00818,0.0001636,None kPa,N/A,14587,['C'],A,Vacuum adiabatic calorimetry,not stated,,,1964
3.26,0.0114,0.000228,None kPa,N/A,14587,['C'],A,Vacuum adiabatic calorimetry,not stated,,,1964
3.562,0.0161,0.000322,None kPa,N/A,14587,['C'],A,Vacuum adiabatic calorimetry,not stated,,,1964
3.784,0.02,0.0004,None kPa,N/A,14587,['C'],A,Vacuum adiabatic calorimetry,not stated,,,1964
4.014,0.0252,0.000504,None kPa,N/A,14587,['C'],A,Vacuum adiabatic calorimetry,not stated,,,1964
4.304,0.0326,0.000652,None kPa,N/A,14587,['C'],A,Vacuum adiabatic calorimetry,not stated,,,1964
0.568,0.00452,9.04e-05,None kPa,N/A,14588,['C'],A,Vacuum adiabatic calorimetry,not stated,,,1964
0.647,0.00512,0.0001024,None kPa,N/A,14588,['C'],A,Vacuum adiabatic calorimetry,not stated,,,1964
0.736,0.00576,0.0001152,None kPa,N/A,14588,['C'],A,Vacuum adiabatic calorimetry,not stated,,,1964
0.824,0.00642,0.0001284,None kPa,N/A,14588,['C'],A,Vacuum adiabatic calorimetry,not stated,,,1964
0.946,0.00739,0.0001478,None kPa,N/A,14588,['C'],A,Vacuum adiabatic calorimetry,not stated,,,1964
1.011,0.00794,0.0001588,None kPa,N/A,14588,['C'],A,Vacuum adiabatic calorimetry,not stated,,,1964
1.186,0.00939,0.0001878,None kPa,N/A,14588,['C'],A,Vacuum adiabatic calorimetry,not stated,,,1964
1.281,0.0102,0.000204,None kPa,N/A,14588,['C'],A,Vacuum adiabatic calorimetry,not stated,,,1964
1.37,0.0109,0.000218,None kPa,N/A,14588,['C'],A,Vacuum adiabatic calorimetry,not stated,,,1964
1.519,0.0122,0.000244,None kPa,N/A,14588,['C'],A,Vacuum adiabatic calorimetry,not stated,,,1964
1.646,0.0132,0.000264,None kPa,N/A,14588,['C'],A,Vacuum adiabatic calorimetry,not stated,,,1964
1.771,0.0143,0.000286,None kPa,N/A,14588,['C'],A,Vacuum adiabatic calorimetry,not stated,,,1964
2.016,0.0165,0.00033,None kPa,N/A,14588,['C'],A,Vacuum adiabatic calorimetry,not stated,,,1964
2.225,0.0184,0.000368,None kPa,N/A,14588,['C'],A,Vacuum adiabatic calorimetry,not stated,,,1964
2.451,0.0204,0.000408,None kPa,N/A,14588,['C'],A,Vacuum adiabatic calorimetry,not stated,,,1964
2.734,0.0232,0.000464,None kPa,N/A,14588,['C'],A,Vacuum adiabatic calorimetry,not stated,,,1964
3.011,0.0259,0.000518,None kPa,N/A,14588,['C'],A,Vacuum adiabatic calorimetry,not stated,,,1964
3.311,0.0292,0.000584,None kPa,N/A,14588,['C'],A,Vacuum adiabatic calorimetry,not stated,,,1964
3.616,0.033,0.00066,None kPa,N/A,14588,['C'],A,Vacuum adiabatic calorimetry,not stated,,,1964
3.752,0.0348,0.000696,None kPa,N/A,14588,['C'],A,Vacuum adiabatic calorimetry,not stated,,,1964
3.995,0.0383,0.000766,None kPa,N/A,14588,['C'],A,Vacuum adiabatic calorimetry,not stated,,,1964
4.298,0.0428,0.000856,None kPa,N/A,14588,['C'],A,Vacuum adiabatic calorimetry,not stated,,,1964
273.15,25.1542,0.503084,None kPa,N/A,4128,['C'],A,Drop calorimetry,origin: commercial source,,,1934
373.15,25.468,0.50936,None kPa,N/A,4128,['C'],A,Drop calorimetry,origin: commercial source,,,1934
473.15,25.7944,0.515887,None kPa,N/A,4128,['C'],A,Drop calorimetry,origin: commercial source,,,1934
573.15,26.1458,0.522916,None kPa,N/A,4128,['C'],A,Drop calorimetry,origin: commercial source,,,1934
673.15,26.514,0.53028,None kPa,N/A,4128,['C'],A,Drop calorimetry,origin: commercial source,,,1934
773.15,26.8738,0.537477,None kPa,N/A,4128,['C'],A,Drop calorimetry,origin: commercial source,,,1934
873.15,27.2964,0.545928,None kPa,N/A,4128,['C'],A,Drop calorimetry,origin: commercial source,,,1934
973.15,27.7232,0.554464,None kPa,N/A,4128,['C'],A,Drop calorimetry,origin: commercial source,,,1934
1073.15,28.1583,0.563166,None kPa,N/A,4128,['C'],A,Drop calorimetry,origin: commercial source,,,1934
1173.15,28.6186,0.572371,None kPa,N/A,4128,['C'],A,Drop calorimetry,origin: commercial source,,,1934
1273.15,29.0955,0.581911,None kPa,N/A,4128,['C'],A,Drop calorimetry,origin: commercial source,,,1934
1373.15,29.5892,0.591785,None kPa,N/A,4128,['C'],A,Drop calorimetry,origin: commercial source,,,1934
1473.15,30.1039,0.602078,None kPa,N/A,4128,['C'],A,Drop calorimetry,origin: commercial source,,,1934
1573.15,30.6394,0.612789,None kPa,N/A,4128,['C'],A,Drop calorimetry,origin: commercial source,,,1934
1673.15,31.1917,0.623834,None kPa,N/A,4128,['C'],A,Drop calorimetry,origin: commercial source,,,1934
2.85318,0.0277692,0.00416538,None kPa,N/A,7123,['C'],A,Vacuum adiabatic calorimetry,not stated,,,1952
3.22819,0.0313507,0.00470261,None kPa,N/A,7123,['C'],A,Vacuum adiabatic calorimetry,not stated,,,1952
3.27055,0.0321289,0.00481934,None kPa,N/A,7123,['C'],A,Vacuum adiabatic calorimetry,not stated,,,1952
3.39863,0.0353632,0.00530448,None kPa,N/A,7123,['C'],A,Vacuum adiabatic calorimetry,not stated,,,1952
3.74263,0.038974,0.00584609,None kPa,N/A,7123,['C'],A,Vacuum adiabatic calorimetry,not stated,,,1952
3.84666,0.0403003,0.00604504,None kPa,N/A,7123,['C'],A,Vacuum adiabatic calorimetry,not stated,,,1952
3.88965,0.0414676,0.00622014,None kPa,N/A,7123,['C'],A,Vacuum adiabatic calorimetry,not stated,,,1952
3.99779,0.0436391,0.00654587,None kPa,N/A,7123,['C'],A,Vacuum adiabatic calorimetry,not stated,,,1952
4.14368,0.0449362,0.00674042,None kPa,N/A,7123,['C'],A,Vacuum adiabatic calorimetry,not stated,,,1952
4.34366,0.0492875,0.00739313,None kPa,N/A,7123,['C'],A,Vacuum adiabatic calorimetry,not stated,,,1952
4.43957,0.0501536,0.00752304,None kPa,N/A,7123,['C'],A,Vacuum adiabatic calorimetry,not stated,,,1952
4.74158,0.0524925,0.00787387,None kPa,N/A,7123,['C'],A,Vacuum adiabatic calorimetry,not stated,,,1952
4.90386,0.0561786,0.00842679,None kPa,N/A,7123,['C'],A,Vacuum adiabatic calorimetry,not stated,,,1952
5.04603,0.0595383,0.00893075,None kPa,N/A,7123,['C'],A,Vacuum adiabatic calorimetry,not stated,,,1952
5.73251,0.0734418,0.0110163,None kPa,N/A,7123,['C'],A,Vacuum adiabatic calorimetry,not stated,,,1952
5.81003,0.0759438,0.0113916,None kPa,N/A,7123,['C'],A,Vacuum adiabatic calorimetry,not stated,,,1952
5.81532,0.0752827,0.0112924,None kPa,N/A,7123,['C'],A,Vacuum adiabatic calorimetry,not stated,,,1952
5.8209,0.0752325,0.00752325,None kPa,N/A,7124,['C'],A,Vacuum adiabatic calorimetry,not stated,,,1952
6.0823,0.0790943,0.00790943,None kPa,N/A,7124,['C'],A,Vacuum adiabatic calorimetry,not stated,,,1952
6.3489,0.0877134,0.00877134,None kPa,N/A,7124,['C'],A,Vacuum adiabatic calorimetry,not stated,,,1952
7.3927,0.112156,0.0112156,None kPa,N/A,7124,['C'],A,Vacuum adiabatic calorimetry,not stated,,,1952
8.2411,0.138545,0.0138545,None kPa,N/A,7124,['C'],A,Vacuum adiabatic calorimetry,not stated,,,1952
8.6665,0.155193,0.0155193,None kPa,N/A,7124,['C'],A,Vacuum adiabatic calorimetry,not stated,,,1952
8.8803,0.154155,0.0154155,None kPa,N/A,7124,['C'],A,Vacuum adiabatic calorimetry,not stated,,,1952
9.4862,0.189523,0.0189523,None kPa,N/A,7124,['C'],A,Vacuum adiabatic calorimetry,not stated,,,1952
9.7024,0.200292,0.0200292,None kPa,N/A,7124,['C'],A,Vacuum adiabatic calorimetry,not stated,,,1952
2.5605,0.00487436,0.000731154,None kPa,N/A,7125,['C'],A,Vacuum adiabatic calorimetry,not stated,,,1952
2.6699,0.00607935,0.000911903,None kPa,N/A,7125,['C'],A,Vacuum adiabatic calorimetry,not stated,,,1952
2.9724,0.00818809,0.00122821,None kPa,N/A,7125,['C'],A,Vacuum adiabatic calorimetry,not stated,,,1952
2.9823,0.00936379,0.00140457,None kPa,N/A,7125,['C'],A,Vacuum adiabatic calorimetry,not stated,,,1952
3.1035,0.0101085,0.00151628,None kPa,N/A,7125,['C'],A,Vacuum adiabatic calorimetry,not stated,,,1952
3.1222,0.0116399,0.00174598,None kPa,N/A,7125,['C'],A,Vacuum adiabatic calorimetry,not stated,,,1952
3.4113,0.016167,0.00242505,None kPa,N/A,7125,['C'],A,Vacuum adiabatic calorimetry,not stated,,,1952
3.4626,0.0164724,0.00247086,None kPa,N/A,7125,['C'],A,Vacuum adiabatic calorimetry,not stated,,,1952
3.5287,0.018351,0.00275265,None kPa,N/A,7125,['C'],A,Vacuum adiabatic calorimetry,not stated,,,1952
3.573,0.0180163,0.00270245,None kPa,N/A,7125,['C'],A,Vacuum adiabatic calorimetry,not stated,,,1952
3.6035,0.0195393,0.00293089,None kPa,N/A,7125,['C'],A,Vacuum adiabatic calorimetry,not stated,,,1952
3.659,0.0199702,0.00299553,None kPa,N/A,7125,['C'],A,Vacuum adiabatic calorimetry,not stated,,,1952
3.688,0.0211794,0.00317691,None kPa,N/A,7125,['C'],A,Vacuum adiabatic calorimetry,not stated,,,1952
3.7541,0.0222882,0.00334323,None kPa,N/A,7125,['C'],A,Vacuum adiabatic calorimetry,not stated,,,1952
3.8004,0.0232714,0.00349071,None kPa,N/A,7125,['C'],A,Vacuum adiabatic calorimetry,not stated,,,1952
3.8499,0.0250496,0.00375744,None kPa,N/A,7125,['C'],A,Vacuum adiabatic calorimetry,not stated,,,1952
3.8889,0.0255642,0.00383464,None kPa,N/A,7125,['C'],A,Vacuum adiabatic calorimetry,not stated,,,1952
3.9512,0.0274052,0.00411078,None kPa,N/A,7125,['C'],A,Vacuum adiabatic calorimetry,not stated,,,1952
4.0066,0.0286813,0.0043022,None kPa,N/A,7125,['C'],A,Vacuum adiabatic calorimetry,not stated,,,1952
4.0385,0.0297022,0.00445533,None kPa,N/A,7125,['C'],A,Vacuum adiabatic calorimetry,not stated,,,1952
4.1057,0.0302587,0.0045388,None kPa,N/A,7125,['C'],A,Vacuum adiabatic calorimetry,not stated,,,1952
4.1396,0.0317482,0.00476223,None kPa,N/A,7125,['C'],A,Vacuum adiabatic calorimetry,not stated,,,1952
4.1704,0.0312838,0.00469257,None kPa,N/A,7125,['C'],A,Vacuum adiabatic calorimetry,not stated,,,1952
4.212,0.0341122,0.00511682,None kPa,N/A,7125,['C'],A,Vacuum adiabatic calorimetry,not stated,,,1952
4.2186,0.0332754,0.0049913,None kPa,N/A,7125,['C'],A,Vacuum adiabatic calorimetry,not stated,,,1952
4.2809,0.0355138,0.00532707,None kPa,N/A,7125,['C'],A,Vacuum adiabatic calorimetry,not stated,,,1952
4.3535,0.0369615,0.00554422,None kPa,N/A,7125,['C'],A,Vacuum adiabatic calorimetry,not stated,,,1952
4.4051,0.0362125,0.00543188,None kPa,N/A,7125,['C'],A,Vacuum adiabatic calorimetry,not stated,,,1952
4.4232,0.0415471,0.00623207,None kPa,N/A,7125,['C'],A,Vacuum adiabatic calorimetry,not stated,,,1952
4.4477,0.0402836,0.00604253,None kPa,N/A,7125,['C'],A,Vacuum adiabatic calorimetry,not stated,,,1952
4.5077,0.0446893,0.0067034,None kPa,N/A,7125,['C'],A,Vacuum adiabatic calorimetry,not stated,,,1952
4.5363,0.04184,0.006276,None kPa,N/A,7125,['C'],A,Vacuum adiabatic calorimetry,not stated,,,1952
4.5619,0.0427186,0.0064078,None kPa,N/A,7125,['C'],A,Vacuum adiabatic calorimetry,not stated,,,1952
4.5808,0.0455638,0.00683456,None kPa,N/A,7125,['C'],A,Vacuum adiabatic calorimetry,not stated,,,1952
4.6709,0.044501,0.00667515,None kPa,N/A,7125,['C'],A,Vacuum adiabatic calorimetry,not stated,,,1952
4.6795,0.047229,0.00708435,None kPa,N/A,7125,['C'],A,Vacuum adiabatic calorimetry,not stated,,,1952
4.698,0.0500365,0.00750547,None kPa,N/A,7125,['C'],A,Vacuum adiabatic calorimetry,not stated,,,1952
4.7619,0.05089,0.0076335,None kPa,N/A,7125,['C'],A,Vacuum adiabatic calorimetry,not stated,,,1952
4.7834,0.0484716,0.00727075,None kPa,N/A,7125,['C'],A,Vacuum adiabatic calorimetry,not stated,,,1952
4.8177,0.0504925,0.00757388,None kPa,N/A,7125,['C'],A,Vacuum adiabatic calorimetry,not stated,,,1952
4.9398,0.054438,0.0081657,None kPa,N/A,7125,['C'],A,Vacuum adiabatic calorimetry,not stated,,,1952
4.9488,0.0574714,0.00862071,None kPa,N/A,7125,['C'],A,Vacuum adiabatic calorimetry,not stated,,,1952
5.0282,0.0620194,0.00930292,None kPa,N/A,7125,['C'],A,Vacuum adiabatic calorimetry,not stated,,,1952
5.0484,0.0638813,0.0095822,None kPa,N/A,7125,['C'],A,Vacuum adiabatic calorimetry,not stated,,,1952
5.0715,0.0626805,0.00940208,None kPa,N/A,7125,['C'],A,Vacuum adiabatic calorimetry,not stated,,,1952
5.1101,0.0636637,0.00954956,None kPa,N/A,7125,['C'],A,Vacuum adiabatic calorimetry,not stated,,,1952
5.2092,0.0657516,0.00986273,None kPa,N/A,7125,['C'],A,Vacuum adiabatic calorimetry,not stated,,,1952
5.2136,0.06899,0.0103485,None kPa,N/A,7125,['C'],A,Vacuum adiabatic calorimetry,not stated,,,1952
5.4854,0.0821277,0.0123192,None kPa,N/A,7125,['C'],A,Vacuum adiabatic calorimetry,not stated,,,1952
5.515,0.078973,0.011846,None kPa,N/A,7125,['C'],A,Vacuum adiabatic calorimetry,not stated,,,1952
5.5354,0.0752869,0.011293,None kPa,N/A,7125,['C'],A,Vacuum adiabatic calorimetry,not stated,,,1952
5.6305,0.087341,0.0131012,None kPa,N/A,7125,['C'],A,Vacuum adiabatic calorimetry,not stated,,,1952
5.7602,0.0902363,0.0135354,None kPa,N/A,7125,['C'],A,Vacuum adiabatic calorimetry,not stated,,,1952
5.7871,0.0930396,0.0139559,None kPa,N/A,7125,['C'],A,Vacuum adiabatic calorimetry,not stated,,,1952
6.5908,0.128378,0.0128378,None kPa,N/A,7126,['C'],A,Vacuum adiabatic calorimetry,not stated,,,1952
6.6419,0.141356,0.0141356,None kPa,N/A,7126,['C'],A,Vacuum adiabatic calorimetry,not stated,,,1952
6.8557,0.162197,0.0162197,None kPa,N/A,7126,['C'],A,Vacuum adiabatic calorimetry,not stated,,,1952
7.3981,0.175699,0.0175699,None kPa,N/A,7126,['C'],A,Vacuum adiabatic calorimetry,not stated,,,1952
7.4235,0.182531,0.0182531,None kPa,N/A,7126,['C'],A,Vacuum adiabatic calorimetry,not stated,,,1952
7.8066,0.211894,0.0211894,None kPa,N/A,7126,['C'],A,Vacuum adiabatic calorimetry,not stated,,,1952
7.8584,0.235948,0.0235948,None kPa,N/A,7126,['C'],A,Vacuum adiabatic calorimetry,not stated,,,1952
8.0711,0.233045,0.0233045,None kPa,N/A,7126,['C'],A,Vacuum adiabatic calorimetry,not stated,,,1952
8.1881,0.259898,0.0259898,None kPa,N/A,7126,['C'],A,Vacuum adiabatic calorimetry,not stated,,,1952
8.3211,0.266199,0.0266199,None kPa,N/A,7126,['C'],A,Vacuum adiabatic calorimetry,not stated,,,1952
8.3805,0.279935,0.0279935,None kPa,N/A,7126,['C'],A,Vacuum adiabatic calorimetry,not stated,,,1952
8.4654,0.268663,0.0268663,None kPa,N/A,7126,['C'],A,Vacuum adiabatic calorimetry,not stated,,,1952
9.0048,0.164356,0.0164356,None kPa,N/A,7127,['C'],A,Vacuum adiabatic calorimetry,not stated,,,1952
9.1761,0.168607,0.0168607,None kPa,N/A,7127,['C'],A,Vacuum adiabatic calorimetry,not stated,,,1952
9.3714,0.174657,0.0174657,None kPa,N/A,7127,['C'],A,Vacuum adiabatic calorimetry,not stated,,,1952
9.4653,0.193606,0.0193606,None kPa,N/A,7127,['C'],A,Vacuum adiabatic calorimetry,not stated,,,1952
10.1597,0.212652,0.0212652,None kPa,N/A,7127,['C'],A,Vacuum adiabatic calorimetry,not stated,,,1952
10.4667,0.226187,0.0226187,None kPa,N/A,7127,['C'],A,Vacuum adiabatic calorimetry,not stated,,,1952
11.3876,0.278851,0.0278851,None kPa,N/A,7127,['C'],A,Vacuum adiabatic calorimetry,not stated,,,1952
12.6174,0.341971,0.0341971,None kPa,N/A,7127,['C'],A,Vacuum adiabatic calorimetry,not stated,,,1952
12.9883,0.353899,0.0353899,None kPa,N/A,7127,['C'],A,Vacuum adiabatic calorimetry,not stated,,,1952
13.8455,0.398643,0.0398643,None kPa,N/A,7127,['C'],A,Vacuum adiabatic calorimetry,not stated,,,1952
14.0153,0.411706,0.0411706,None kPa,N/A,7127,['C'],A,Vacuum adiabatic calorimetry,not stated,,,1952
14.079,0.445864,0.0445864,None kPa,N/A,7127,['C'],A,Vacuum adiabatic calorimetry,not stated,,,1952
16.5121,0.61691,0.061691,None kPa,N/A,7127,['C'],A,Vacuum adiabatic calorimetry,not stated,,,1952
16.6076,0.63878,0.063878,None kPa,N/A,7127,['C'],A,Vacuum adiabatic calorimetry,not stated,,,1952
16.885,0.639139,0.0639139,None kPa,N/A,7127,['C'],A,Vacuum adiabatic calorimetry,not stated,,,1952
17.3557,0.685101,0.0685101,None kPa,N/A,7127,['C'],A,Vacuum adiabatic calorimetry,not stated,,,1952
18.2332,0.777609,0.0777609,None kPa,N/A,7127,['C'],A,Vacuum adiabatic calorimetry,not stated,,,1952
19.5571,0.893594,0.0893594,None kPa,N/A,7127,['C'],A,Vacuum adiabatic calorimetry,not stated,,,1952
19.9454,0.967688,0.0967688,None kPa,N/A,7127,['C'],A,Vacuum adiabatic calorimetry,not stated,,,1952
20.1803,1.02182,0.102182,None kPa,N/A,7127,['C'],A,Vacuum adiabatic calorimetry,not stated,,,1952
1.0,0.000116,5.8e-06,None kPa,N/A,12961,['C'],A,Vacuum adiabatic calorimetry,"origin: commercial source,99.7 weight % (total),chemical analysis,rod",99.7,Weight %,1962
1.5,0.0004095,2.0475e-05,None kPa,N/A,12961,['C'],A,Vacuum adiabatic calorimetry,"origin: commercial source,99.7 weight % (total),chemical analysis,rod",99.7,Weight %,1962
2.0,0.001344,6.72e-05,None kPa,N/A,12961,['C'],A,Vacuum adiabatic calorimetry,"origin: commercial source,99.7 weight % (total),chemical analysis,rod",99.7,Weight %,1962
2.5,0.0037,0.000185,None kPa,N/A,12961,['C'],A,Vacuum adiabatic calorimetry,"origin: commercial source,99.7 weight % (total),chemical analysis,rod",99.7,Weight %,1962
3.0,0.0084,0.00042,None kPa,N/A,12961,['C'],A,Vacuum adiabatic calorimetry,"origin: commercial source,99.7 weight % (total),chemical analysis,rod",99.7,Weight %,1962
3.5,0.01575,0.0007875,None kPa,N/A,12961,['C'],A,Vacuum adiabatic calorimetry,"origin: commercial source,99.7 weight % (total),chemical analysis,rod",99.7,Weight %,1962
4.0,0.02616,0.0002616,None kPa,N/A,12961,['C'],A,Vacuum adiabatic calorimetry,"origin: commercial source,99.7 weight % (total),chemical analysis,rod",99.7,Weight %,1962
4.5,0.039285,0.000412492,None kPa,N/A,12961,['C'],A,Vacuum adiabatic calorimetry,"origin: commercial source,99.7 weight % (total),chemical analysis,rod",99.7,Weight %,1962
5.0,0.05525,0.00060775,None kPa,N/A,12961,['C'],A,Vacuum adiabatic calorimetry,"origin: commercial source,99.7 weight % (total),chemical analysis,rod",99.7,Weight %,1962
5.5,0.07414,0.00085261,None kPa,N/A,12961,['C'],A,Vacuum adiabatic calorimetry,"origin: commercial source,99.7 weight % (total),chemical analysis,rod",99.7,Weight %,1962
6.0,0.0954,0.0011448,None kPa,N/A,12961,['C'],A,Vacuum adiabatic calorimetry,"origin: commercial source,99.7 weight % (total),chemical analysis,rod",99.7,Weight %,1962
6.5,0.12025,0.00150313,None kPa,N/A,12961,['C'],A,Vacuum adiabatic calorimetry,"origin: commercial source,99.7 weight % (total),chemical analysis,rod",99.7,Weight %,1962
7.0,0.14805,0.00192465,None kPa,N/A,12961,['C'],A,Vacuum adiabatic calorimetry,"origin: commercial source,99.7 weight % (total),chemical analysis,rod",99.7,Weight %,1962
7.5,0.18,0.00243,None kPa,N/A,12961,['C'],A,Vacuum adiabatic calorimetry,"origin: commercial source,99.7 weight % (total),chemical analysis,rod",99.7,Weight %,1962
8.0,0.216,0.003024,None kPa,N/A,12961,['C'],A,Vacuum adiabatic calorimetry,"origin: commercial source,99.7 weight % (total),chemical analysis,rod",99.7,Weight %,1962
8.5,0.255,0.0036975,None kPa,N/A,12961,['C'],A,Vacuum adiabatic calorimetry,"origin: commercial source,99.7 weight % (total),chemical analysis,rod",99.7,Weight %,1962
9.0,0.2979,0.0044685,None kPa,N/A,12961,['C'],A,Vacuum adiabatic calorimetry,"origin: commercial source,99.7 weight % (total),chemical analysis,rod",99.7,Weight %,1962
1.0,0.00767,7.67e-05,None kPa,N/A,12961,['C'],A,Vacuum adiabatic calorimetry,"origin: commercial source,99.7 weight % (total),chemical analysis,rod",99.7,Weight %,1962
1.5,0.011775,0.00011775,None kPa,N/A,12961,['C'],A,Vacuum adiabatic calorimetry,"origin: commercial source,99.7 weight % (total),chemical analysis,rod",99.7,Weight %,1962
2.0,0.0162,0.000162,None kPa,N/A,12961,['C'],A,Vacuum adiabatic calorimetry,"origin: commercial source,99.7 weight % (total),chemical analysis,rod",99.7,Weight %,1962
2.5,0.02105,0.0002105,None kPa,N/A,12961,['C'],A,Vacuum adiabatic calorimetry,"origin: commercial source,99.7 weight % (total),chemical analysis,rod",99.7,Weight %,1962
3.0,0.02646,0.0002646,None kPa,N/A,12961,['C'],A,Vacuum adiabatic calorimetry,"origin: commercial source,99.7 weight % (total),chemical analysis,rod",99.7,Weight %,1962
3.5,0.032515,0.00032515,None kPa,N/A,12961,['C'],A,Vacuum adiabatic calorimetry,"origin: commercial source,99.7 weight % (total),chemical analysis,rod",99.7,Weight %,1962
4.0,0.03932,0.0003932,None kPa,N/A,12961,['C'],A,Vacuum adiabatic calorimetry,"origin: commercial source,99.7 weight % (total),chemical analysis,rod",99.7,Weight %,1962
4.5,0.04698,0.00051678,None kPa,N/A,12961,['C'],A,Vacuum adiabatic calorimetry,"origin: commercial source,99.7 weight % (total),chemical analysis,rod",99.7,Weight %,1962
5.0,0.0556,0.0006672,None kPa,N/A,12961,['C'],A,Vacuum adiabatic calorimetry,"origin: commercial source,99.7 weight % (total),chemical analysis,rod",99.7,Weight %,1962
5.5,0.06534,0.00084942,None kPa,N/A,12961,['C'],A,Vacuum adiabatic calorimetry,"origin: commercial source,99.7 weight % (total),chemical analysis,rod",99.7,Weight %,1962
6.0,0.0762,0.0010668,None kPa,N/A,12961,['C'],A,Vacuum adiabatic calorimetry,"origin: commercial source,99.7 weight % (total),chemical analysis,rod",99.7,Weight %,1962
6.5,0.0884,0.001326,None kPa,N/A,12961,['C'],A,Vacuum adiabatic calorimetry,"origin: commercial source,99.7 weight % (total),chemical analysis,rod",99.7,Weight %,1962
7.0,0.10199,0.00163184,None kPa,N/A,12961,['C'],A,Vacuum adiabatic calorimetry,"origin: commercial source,99.7 weight % (total),chemical analysis,rod",99.7,Weight %,1962
7.5,0.117075,0.00199028,None kPa,N/A,12961,['C'],A,Vacuum adiabatic calorimetry,"origin: commercial source,99.7 weight % (total),chemical analysis,rod",99.7,Weight %,1962
8.0,0.13384,0.00240912,None kPa,N/A,12961,['C'],A,Vacuum adiabatic calorimetry,"origin: commercial source,99.7 weight % (total),chemical analysis,rod",99.7,Weight %,1962
8.5,0.15232,0.00289408,None kPa,N/A,12961,['C'],A,Vacuum adiabatic calorimetry,"origin: commercial source,99.7 weight % (total),chemical analysis,rod",99.7,Weight %,1962
9.0,0.17253,0.0034506,None kPa,N/A,12961,['C'],A,Vacuum adiabatic calorimetry,"origin: commercial source,99.7 weight % (total),chemical analysis,rod",99.7,Weight %,1962
1.07261,0.000141446,7.07228e-06,None kPa,N/A,12962,['C'],A,Vacuum adiabatic calorimetry,"origin: commercial source,99.7 weight % (total),chemical analysis,rod",99.7,Weight %,1962
1.08626,0.000147431,7.37154e-06,None kPa,N/A,12962,['C'],A,Vacuum adiabatic calorimetry,"origin: commercial source,99.7 weight % (total),chemical analysis,rod",99.7,Weight %,1962
1.08886,0.000155483,7.77415e-06,None kPa,N/A,12962,['C'],A,Vacuum adiabatic calorimetry,"origin: commercial source,99.7 weight % (total),chemical analysis,rod",99.7,Weight %,1962
1.09795,0.000152153,7.60766e-06,None kPa,N/A,12962,['C'],A,Vacuum adiabatic calorimetry,"origin: commercial source,99.7 weight % (total),chemical analysis,rod",99.7,Weight %,1962
1.10616,0.000165217,8.26086e-06,None kPa,N/A,12962,['C'],A,Vacuum adiabatic calorimetry,"origin: commercial source,99.7 weight % (total),chemical analysis,rod",99.7,Weight %,1962
1.11033,0.000158386,7.91931e-06,None kPa,N/A,12962,['C'],A,Vacuum adiabatic calorimetry,"origin: commercial source,99.7 weight % (total),chemical analysis,rod",99.7,Weight %,1962
1.11352,0.000152081,7.60407e-06,None kPa,N/A,12962,['C'],A,Vacuum adiabatic calorimetry,"origin: commercial source,99.7 weight % (total),chemical analysis,rod",99.7,Weight %,1962
1.1167,0.000163441,8.17207e-06,None kPa,N/A,12962,['C'],A,Vacuum adiabatic calorimetry,"origin: commercial source,99.7 weight % (total),chemical analysis,rod",99.7,Weight %,1962
1.12477,0.000172573,8.62862e-06,None kPa,N/A,12962,['C'],A,Vacuum adiabatic calorimetry,"origin: commercial source,99.7 weight % (total),chemical analysis,rod",99.7,Weight %,1962
1.13327,0.000162059,8.10296e-06,None kPa,N/A,12962,['C'],A,Vacuum adiabatic calorimetry,"origin: commercial source,99.7 weight % (total),chemical analysis,rod",99.7,Weight %,1962
1.15034,0.000200315,1.00158e-05,None kPa,N/A,12962,['C'],A,Vacuum adiabatic calorimetry,"origin: commercial source,99.7 weight % (total),chemical analysis,rod",99.7,Weight %,1962
1.15113,0.000177187,8.85935e-06,None kPa,N/A,12962,['C'],A,Vacuum adiabatic calorimetry,"origin: commercial source,99.7 weight % (total),chemical analysis,rod",99.7,Weight %,1962
1.1588,0.000193346,9.6673e-06,None kPa,N/A,12962,['C'],A,Vacuum adiabatic calorimetry,"origin: commercial source,99.7 weight % (total),chemical analysis,rod",99.7,Weight %,1962
1.16887,0.000180166,9.00831e-06,None kPa,N/A,12962,['C'],A,Vacuum adiabatic calorimetry,"origin: commercial source,99.7 weight % (total),chemical analysis,rod",99.7,Weight %,1962
1.17341,0.000195445,9.77227e-06,None kPa,N/A,12962,['C'],A,Vacuum adiabatic calorimetry,"origin: commercial source,99.7 weight % (total),chemical analysis,rod",99.7,Weight %,1962
1.18003,0.000215256,1.07628e-05,None kPa,N/A,12962,['C'],A,Vacuum adiabatic calorimetry,"origin: commercial source,99.7 weight % (total),chemical analysis,rod",99.7,Weight %,1962
1.18799,0.000189473,9.47362e-06,None kPa,N/A,12962,['C'],A,Vacuum adiabatic calorimetry,"origin: commercial source,99.7 weight % (total),chemical analysis,rod",99.7,Weight %,1962
1.18933,0.00019733,9.86652e-06,None kPa,N/A,12962,['C'],A,Vacuum adiabatic calorimetry,"origin: commercial source,99.7 weight % (total),chemical analysis,rod",99.7,Weight %,1962
1.20091,0.000208426,1.04213e-05,None kPa,N/A,12962,['C'],A,Vacuum adiabatic calorimetry,"origin: commercial source,99.7 weight % (total),chemical analysis,rod",99.7,Weight %,1962
1.2093,0.000208845,1.04423e-05,None kPa,N/A,12962,['C'],A,Vacuum adiabatic calorimetry,"origin: commercial source,99.7 weight % (total),chemical analysis,rod",99.7,Weight %,1962
1.21851,0.000220178,1.10089e-05,None kPa,N/A,12962,['C'],A,Vacuum adiabatic calorimetry,"origin: commercial source,99.7 weight % (total),chemical analysis,rod",99.7,Weight %,1962
1.23486,0.000225423,1.12712e-05,None kPa,N/A,12962,['C'],A,Vacuum adiabatic calorimetry,"origin: commercial source,99.7 weight % (total),chemical analysis,rod",99.7,Weight %,1962
1.23902,0.000215741,1.0787e-05,None kPa,N/A,12962,['C'],A,Vacuum adiabatic calorimetry,"origin: commercial source,99.7 weight % (total),chemical analysis,rod",99.7,Weight %,1962
1.25171,0.00020293,1.01465e-05,None kPa,N/A,12962,['C'],A,Vacuum adiabatic calorimetry,"origin: commercial source,99.7 weight % (total),chemical analysis,rod",99.7,Weight %,1962
1.25708,0.000213316,1.06658e-05,None kPa,N/A,12962,['C'],A,Vacuum adiabatic calorimetry,"origin: commercial source,99.7 weight % (total),chemical analysis,rod",99.7,Weight %,1962
1.26201,0.000230283,1.15142e-05,None kPa,N/A,12962,['C'],A,Vacuum adiabatic calorimetry,"origin: commercial source,99.7 weight % (total),chemical analysis,rod",99.7,Weight %,1962
1.2627,0.000239518,1.19759e-05,None kPa,N/A,12962,['C'],A,Vacuum adiabatic calorimetry,"origin: commercial source,99.7 weight % (total),chemical analysis,rod",99.7,Weight %,1962
1.27349,0.000224373,1.12187e-05,None kPa,N/A,12962,['C'],A,Vacuum adiabatic calorimetry,"origin: commercial source,99.7 weight % (total),chemical analysis,rod",99.7,Weight %,1962
1.27445,0.000251664,1.25832e-05,None kPa,N/A,12962,['C'],A,Vacuum adiabatic calorimetry,"origin: commercial source,99.7 weight % (total),chemical analysis,rod",99.7,Weight %,1962
1.28362,0.000218364,1.09182e-05,None kPa,N/A,12962,['C'],A,Vacuum adiabatic calorimetry,"origin: commercial source,99.7 weight % (total),chemical analysis,rod",99.7,Weight %,1962
1.28583,0.000231778,1.15889e-05,None kPa,N/A,12962,['C'],A,Vacuum adiabatic calorimetry,"origin: commercial source,99.7 weight % (total),chemical analysis,rod",99.7,Weight %,1962
1.29187,0.000262112,1.31056e-05,None kPa,N/A,12962,['C'],A,Vacuum adiabatic calorimetry,"origin: commercial source,99.7 weight % (total),chemical analysis,rod",99.7,Weight %,1962
1.29299,0.000223465,1.11732e-05,None kPa,N/A,12962,['C'],A,Vacuum adiabatic calorimetry,"origin: commercial source,99.7 weight % (total),chemical analysis,rod",99.7,Weight %,1962
1.29818,0.000244757,1.22378e-05,None kPa,N/A,12962,['C'],A,Vacuum adiabatic calorimetry,"origin: commercial source,99.7 weight % (total),chemical analysis,rod",99.7,Weight %,1962
1.31556,0.000266725,1.33363e-05,None kPa,N/A,12962,['C'],A,Vacuum adiabatic calorimetry,"origin: commercial source,99.7 weight % (total),chemical analysis,rod",99.7,Weight %,1962
1.31771,0.00027836,1.3918e-05,None kPa,N/A,12962,['C'],A,Vacuum adiabatic calorimetry,"origin: commercial source,99.7 weight % (total),chemical analysis,rod",99.7,Weight %,1962
1.32725,0.000258002,1.29001e-05,None kPa,N/A,12962,['C'],A,Vacuum adiabatic calorimetry,"origin: commercial source,99.7 weight % (total),chemical analysis,rod",99.7,Weight %,1962
1.3283,0.000286191,1.43095e-05,None kPa,N/A,12962,['C'],A,Vacuum adiabatic calorimetry,"origin: commercial source,99.7 weight % (total),chemical analysis,rod",99.7,Weight %,1962
1.33058,0.000271763,1.35881e-05,None kPa,N/A,12962,['C'],A,Vacuum adiabatic calorimetry,"origin: commercial source,99.7 weight % (total),chemical analysis,rod",99.7,Weight %,1962
1.34451,0.000275373,1.37686e-05,None kPa,N/A,12962,['C'],A,Vacuum adiabatic calorimetry,"origin: commercial source,99.7 weight % (total),chemical analysis,rod",99.7,Weight %,1962
1.35227,0.000293667,1.46833e-05,None kPa,N/A,12962,['C'],A,Vacuum adiabatic calorimetry,"origin: commercial source,99.7 weight % (total),chemical analysis,rod",99.7,Weight %,1962
1.35319,0.000290291,1.45145e-05,None kPa,N/A,12962,['C'],A,Vacuum adiabatic calorimetry,"origin: commercial source,99.7 weight % (total),chemical analysis,rod",99.7,Weight %,1962
1.35856,0.000280867,1.40433e-05,None kPa,N/A,12962,['C'],A,Vacuum adiabatic calorimetry,"origin: commercial source,99.7 weight % (total),chemical analysis,rod",99.7,Weight %,1962
1.36702,0.000289252,1.44626e-05,None kPa,N/A,12962,['C'],A,Vacuum adiabatic calorimetry,"origin: commercial source,99.7 weight % (total),chemical analysis,rod",99.7,Weight %,1962
1.36819,0.000275235,1.37618e-05,None kPa,N/A,12962,['C'],A,Vacuum adiabatic calorimetry,"origin: commercial source,99.7 weight % (total),chemical analysis,rod",99.7,Weight %,1962
1.37426,0.000305602,1.52801e-05,None kPa,N/A,12962,['C'],A,Vacuum adiabatic calorimetry,"origin: commercial source,99.7 weight % (total),chemical analysis,rod",99.7,Weight %,1962
1.37427,0.000284602,1.42301e-05,None kPa,N/A,12962,['C'],A,Vacuum adiabatic calorimetry,"origin: commercial source,99.7 weight % (total),chemical analysis,rod",99.7,Weight %,1962
1.3811,0.000265501,1.3275e-05,None kPa,N/A,12962,['C'],A,Vacuum adiabatic calorimetry,"origin: commercial source,99.7 weight % (total),chemical analysis,rod",99.7,Weight %,1962
1.38482,0.000293113,1.46557e-05,None kPa,N/A,12962,['C'],A,Vacuum adiabatic calorimetry,"origin: commercial source,99.7 weight % (total),chemical analysis,rod",99.7,Weight %,1962
1.39339,0.000267461,1.3373e-05,None kPa,N/A,12962,['C'],A,Vacuum adiabatic calorimetry,"origin: commercial source,99.7 weight % (total),chemical analysis,rod",99.7,Weight %,1962
1.39579,0.000305799,1.529e-05,None kPa,N/A,12962,['C'],A,Vacuum adiabatic calorimetry,"origin: commercial source,99.7 weight % (total),chemical analysis,rod",99.7,Weight %,1962
1.39631,0.00026882,1.3441e-05,None kPa,N/A,12962,['C'],A,Vacuum adiabatic calorimetry,"origin: commercial source,99.7 weight % (total),chemical analysis,rod",99.7,Weight %,1962
1.39655,0.000329501,1.64751e-05,None kPa,N/A,12962,['C'],A,Vacuum adiabatic calorimetry,"origin: commercial source,99.7 weight % (total),chemical analysis,rod",99.7,Weight %,1962
1.39771,0.000285357,1.42678e-05,None kPa,N/A,12962,['C'],A,Vacuum adiabatic calorimetry,"origin: commercial source,99.7 weight % (total),chemical analysis,rod",99.7,Weight %,1962
1.4034,0.000303255,1.51627e-05,None kPa,N/A,12962,['C'],A,Vacuum adiabatic calorimetry,"origin: commercial source,99.7 weight % (total),chemical analysis,rod",99.7,Weight %,1962
1.40404,0.000271007,1.35504e-05,None kPa,N/A,12962,['C'],A,Vacuum adiabatic calorimetry,"origin: commercial source,99.7 weight % (total),chemical analysis,rod",99.7,Weight %,1962
1.41097,0.000298641,1.49321e-05,None kPa,N/A,12962,['C'],A,Vacuum adiabatic calorimetry,"origin: commercial source,99.7 weight % (total),chemical analysis,rod",99.7,Weight %,1962
1.41749,0.000291923,1.45962e-05,None kPa,N/A,12962,['C'],A,Vacuum adiabatic calorimetry,"origin: commercial source,99.7 weight % (total),chemical analysis,rod",99.7,Weight %,1962
1.4251,0.000324833,1.62417e-05,None kPa,N/A,12962,['C'],A,Vacuum adiabatic calorimetry,"origin: commercial source,99.7 weight % (total),chemical analysis,rod",99.7,Weight %,1962
1.42783,0.00035635,1.78175e-05,None kPa,N/A,12962,['C'],A,Vacuum adiabatic calorimetry,"origin: commercial source,99.7 weight % (total),chemical analysis,rod",99.7,Weight %,1962
1.42969,0.000352628,1.76314e-05,None kPa,N/A,12962,['C'],A,Vacuum adiabatic calorimetry,"origin: commercial source,99.7 weight % (total),chemical analysis,rod",99.7,Weight %,1962
1.43675,0.000354778,1.77389e-05,None kPa,N/A,12962,['C'],A,Vacuum adiabatic calorimetry,"origin: commercial source,99.7 weight % (total),chemical analysis,rod",99.7,Weight %,1962
1.44084,0.000310203,1.55102e-05,None kPa,N/A,12962,['C'],A,Vacuum adiabatic calorimetry,"origin: commercial source,99.7 weight % (total),chemical analysis,rod",99.7,Weight %,1962
1.4413,0.000384617,1.92309e-05,None kPa,N/A,12962,['C'],A,Vacuum adiabatic calorimetry,"origin: commercial source,99.7 weight % (total),chemical analysis,rod",99.7,Weight %,1962
1.4418,0.000357363,1.78681e-05,None kPa,N/A,12962,['C'],A,Vacuum adiabatic calorimetry,"origin: commercial source,99.7 weight % (total),chemical analysis,rod",99.7,Weight %,1962
1.44465,0.000324641,1.6232e-05,None kPa,N/A,12962,['C'],A,Vacuum adiabatic calorimetry,"origin: commercial source,99.7 weight % (total),chemical analysis,rod",99.7,Weight %,1962
1.44783,0.000351099,1.7555e-05,None kPa,N/A,12962,['C'],A,Vacuum adiabatic calorimetry,"origin: commercial source,99.7 weight % (total),chemical analysis,rod",99.7,Weight %,1962
1.45224,0.000338271,1.69135e-05,None kPa,N/A,12962,['C'],A,Vacuum adiabatic calorimetry,"origin: commercial source,99.7 weight % (total),chemical analysis,rod",99.7,Weight %,1962
1.45431,0.000330445,1.65222e-05,None kPa,N/A,12962,['C'],A,Vacuum adiabatic calorimetry,"origin: commercial source,99.7 weight % (total),chemical analysis,rod",99.7,Weight %,1962
1.46331,0.000336877,1.68439e-05,None kPa,N/A,12962,['C'],A,Vacuum adiabatic calorimetry,"origin: commercial source,99.7 weight % (total),chemical analysis,rod",99.7,Weight %,1962
1.47466,0.000364339,1.82169e-05,None kPa,N/A,12962,['C'],A,Vacuum adiabatic calorimetry,"origin: commercial source,99.7 weight % (total),chemical analysis,rod",99.7,Weight %,1962
1.4809,0.000382906,1.91453e-05,None kPa,N/A,12962,['C'],A,Vacuum adiabatic calorimetry,"origin: commercial source,99.7 weight % (total),chemical analysis,rod",99.7,Weight %,1962
1.48819,0.000377351,1.88675e-05,None kPa,N/A,12962,['C'],A,Vacuum adiabatic calorimetry,"origin: commercial source,99.7 weight % (total),chemical analysis,rod",99.7,Weight %,1962
1.48975,0.000368808,1.84404e-05,None kPa,N/A,12962,['C'],A,Vacuum adiabatic calorimetry,"origin: commercial source,99.7 weight % (total),chemical analysis,rod",99.7,Weight %,1962
1.49402,0.000406352,2.03176e-05,None kPa,N/A,12962,['C'],A,Vacuum adiabatic calorimetry,"origin: commercial source,99.7 weight % (total),chemical analysis,rod",99.7,Weight %,1962
1.50727,0.000399618,1.99809e-05,None kPa,N/A,12962,['C'],A,Vacuum adiabatic calorimetry,"origin: commercial source,99.7 weight % (total),chemical analysis,rod",99.7,Weight %,1962
1.51654,0.000403483,2.01741e-05,None kPa,N/A,12962,['C'],A,Vacuum adiabatic calorimetry,"origin: commercial source,99.7 weight % (total),chemical analysis,rod",99.7,Weight %,1962
1.52703,0.000426117,2.13058e-05,None kPa,N/A,12962,['C'],A,Vacuum adiabatic calorimetry,"origin: commercial source,99.7 weight % (total),chemical analysis,rod",99.7,Weight %,1962
1.53674,0.000496426,2.48213e-05,None kPa,N/A,12962,['C'],A,Vacuum adiabatic calorimetry,"origin: commercial source,99.7 weight % (total),chemical analysis,rod",99.7,Weight %,1962
1.55615,0.000456127,2.28063e-05,None kPa,N/A,12962,['C'],A,Vacuum adiabatic calorimetry,"origin: commercial source,99.7 weight % (total),chemical analysis,rod",99.7,Weight %,1962
1.56149,0.000467392,2.33696e-05,None kPa,N/A,12962,['C'],A,Vacuum adiabatic calorimetry,"origin: commercial source,99.7 weight % (total),chemical analysis,rod",99.7,Weight %,1962
1.56342,0.000495321,2.47661e-05,None kPa,N/A,12962,['C'],A,Vacuum adiabatic calorimetry,"origin: commercial source,99.7 weight % (total),chemical analysis,rod",99.7,Weight %,1962
1.57044,0.000485993,2.42996e-05,None kPa,N/A,12962,['C'],A,Vacuum adiabatic calorimetry,"origin: commercial source,99.7 weight % (total),chemical analysis,rod",99.7,Weight %,1962
1.58908,0.000502311,2.51156e-05,None kPa,N/A,12962,['C'],A,Vacuum adiabatic calorimetry,"origin: commercial source,99.7 weight % (total),chemical analysis,rod",99.7,Weight %,1962
1.62737,0.000520445,2.60223e-05,None kPa,N/A,12962,['C'],A,Vacuum adiabatic calorimetry,"origin: commercial source,99.7 weight % (total),chemical analysis,rod",99.7,Weight %,1962
1.63324,0.00055801,2.79005e-05,None kPa,N/A,12962,['C'],A,Vacuum adiabatic calorimetry,"origin: commercial source,99.7 weight % (total),chemical analysis,rod",99.7,Weight %,1962
1.63498,0.000568761,2.84381e-05,None kPa,N/A,12962,['C'],A,Vacuum adiabatic calorimetry,"origin: commercial source,99.7 weight % (total),chemical analysis,rod",99.7,Weight %,1962
1.6654,0.000615251,3.07625e-05,None kPa,N/A,12962,['C'],A,Vacuum adiabatic calorimetry,"origin: commercial source,99.7 weight % (total),chemical analysis,rod",99.7,Weight %,1962
1.68594,0.000635354,3.17677e-05,None kPa,N/A,12962,['C'],A,Vacuum adiabatic calorimetry,"origin: commercial source,99.7 weight % (total),chemical analysis,rod",99.7,Weight %,1962
1.69183,0.000611838,3.05919e-05,None kPa,N/A,12962,['C'],A,Vacuum adiabatic calorimetry,"origin: commercial source,99.7 weight % (total),chemical analysis,rod",99.7,Weight %,1962
1.70696,0.000683373,3.41686e-05,None kPa,N/A,12962,['C'],A,Vacuum adiabatic calorimetry,"origin: commercial source,99.7 weight % (total),chemical analysis,rod",99.7,Weight %,1962
1.71019,0.000628606,3.14303e-05,None kPa,N/A,12962,['C'],A,Vacuum adiabatic calorimetry,"origin: commercial source,99.7 weight % (total),chemical analysis,rod",99.7,Weight %,1962
1.71184,0.000662831,3.31416e-05,None kPa,N/A,12962,['C'],A,Vacuum adiabatic calorimetry,"origin: commercial source,99.7 weight % (total),chemical analysis,rod",99.7,Weight %,1962
1.74458,0.000763202,3.81601e-05,None kPa,N/A,12962,['C'],A,Vacuum adiabatic calorimetry,"origin: commercial source,99.7 weight % (total),chemical analysis,rod",99.7,Weight %,1962
1.75898,0.000680563,3.40281e-05,None kPa,N/A,12962,['C'],A,Vacuum adiabatic calorimetry,"origin: commercial source,99.7 weight % (total),chemical analysis,rod",99.7,Weight %,1962
1.78301,0.000810813,4.05407e-05,None kPa,N/A,12962,['C'],A,Vacuum adiabatic calorimetry,"origin: commercial source,99.7 weight % (total),chemical analysis,rod",99.7,Weight %,1962
1.78608,0.000836701,4.1835e-05,None kPa,N/A,12962,['C'],A,Vacuum adiabatic calorimetry,"origin: commercial source,99.7 weight % (total),chemical analysis,rod",99.7,Weight %,1962
1.78786,0.000861155,4.30578e-05,None kPa,N/A,12962,['C'],A,Vacuum adiabatic calorimetry,"origin: commercial source,99.7 weight % (total),chemical analysis,rod",99.7,Weight %,1962
1.83382,0.000930676,4.65338e-05,None kPa,N/A,12962,['C'],A,Vacuum adiabatic calorimetry,"origin: commercial source,99.7 weight % (total),chemical analysis,rod",99.7,Weight %,1962
1.86432,0.00102123,5.10617e-05,None kPa,N/A,12962,['C'],A,Vacuum adiabatic calorimetry,"origin: commercial source,99.7 weight % (total),chemical analysis,rod",99.7,Weight %,1962
1.8808,0.00107646,5.38229e-05,None kPa,N/A,12962,['C'],A,Vacuum adiabatic calorimetry,"origin: commercial source,99.7 weight % (total),chemical analysis,rod",99.7,Weight %,1962
1.89114,0.00113018,5.6509e-05,None kPa,N/A,12962,['C'],A,Vacuum adiabatic calorimetry,"origin: commercial source,99.7 weight % (total),chemical analysis,rod",99.7,Weight %,1962
1.92611,0.00111103,5.55516e-05,None kPa,N/A,12962,['C'],A,Vacuum adiabatic calorimetry,"origin: commercial source,99.7 weight % (total),chemical analysis,rod",99.7,Weight %,1962
1.95426,0.00122774,6.13872e-05,None kPa,N/A,12962,['C'],A,Vacuum adiabatic calorimetry,"origin: commercial source,99.7 weight % (total),chemical analysis,rod",99.7,Weight %,1962
1.95852,0.00123266,6.16328e-05,None kPa,N/A,12962,['C'],A,Vacuum adiabatic calorimetry,"origin: commercial source,99.7 weight % (total),chemical analysis,rod",99.7,Weight %,1962
1.96774,0.00122679,6.13396e-05,None kPa,N/A,12962,['C'],A,Vacuum adiabatic calorimetry,"origin: commercial source,99.7 weight % (total),chemical analysis,rod",99.7,Weight %,1962
2.00975,0.00138213,6.91066e-05,None kPa,N/A,12962,['C'],A,Vacuum adiabatic calorimetry,"origin: commercial source,99.7 weight % (total),chemical analysis,rod",99.7,Weight %,1962
2.04154,0.00148547,7.42737e-05,None kPa,N/A,12962,['C'],A,Vacuum adiabatic calorimetry,"origin: commercial source,99.7 weight % (total),chemical analysis,rod",99.7,Weight %,1962
2.06864,0.00157786,7.88931e-05,None kPa,N/A,12962,['C'],A,Vacuum adiabatic calorimetry,"origin: commercial source,99.7 weight % (total),chemical analysis,rod",99.7,Weight %,1962
2.10038,0.00168665,8.43326e-05,None kPa,N/A,12962,['C'],A,Vacuum adiabatic calorimetry,"origin: commercial source,99.7 weight % (total),chemical analysis,rod",99.7,Weight %,1962
2.17685,0.00200831,0.000100416,None kPa,N/A,12962,['C'],A,Vacuum adiabatic calorimetry,"origin: commercial source,99.7 weight % (total),chemical analysis,rod",99.7,Weight %,1962
2.18973,0.00221543,0.000110772,None kPa,N/A,12962,['C'],A,Vacuum adiabatic calorimetry,"origin: commercial source,99.7 weight % (total),chemical analysis,rod",99.7,Weight %,1962
2.20916,0.00214643,0.000107321,None kPa,N/A,12962,['C'],A,Vacuum adiabatic calorimetry,"origin: commercial source,99.7 weight % (total),chemical analysis,rod",99.7,Weight %,1962
2.23151,0.00216633,0.000108316,None kPa,N/A,12962,['C'],A,Vacuum adiabatic calorimetry,"origin: commercial source,99.7 weight % (total),chemical analysis,rod",99.7,Weight %,1962
1311.0,27.6395,1.38198,None kPa,N/A,13871,['C'],A,modulation method,not stated,,,1963
1318.85,27.6897,1.38449,None kPa,N/A,13871,['C'],A,modulation method,not stated,,,1963
1332.08,27.7399,1.387,None kPa,N/A,13871,['C'],A,modulation method,not stated,,,1963
1345.3,27.7943,1.38972,None kPa,N/A,13871,['C'],A,modulation method,not stated,,,1963
1357.14,27.878,1.3939,None kPa,N/A,13871,['C'],A,modulation method,not stated,,,1963
1368.43,27.9282,1.39641,None kPa,N/A,13871,['C'],A,modulation method,not stated,,,1963
1383.47,27.9826,1.39913,None kPa,N/A,13871,['C'],A,modulation method,not stated,,,1963
1394.89,28.0286,1.40143,None kPa,N/A,13871,['C'],A,modulation method,not stated,,,1963
1408.18,28.1123,1.40561,None kPa,N/A,13871,['C'],A,modulation method,not stated,,,1963
1422.59,28.1751,1.40875,None kPa,N/A,13871,['C'],A,modulation method,not stated,,,1963
1436.65,28.2378,1.41189,None kPa,N/A,13871,['C'],A,modulation method,not stated,,,1963
1453.51,28.3466,1.41733,None kPa,N/A,13871,['C'],A,modulation method,not stated,,,1963
1468.53,28.4135,1.42068,None kPa,N/A,13871,['C'],A,modulation method,not stated,,,1963
1482.58,28.4805,1.42402,None kPa,N/A,13871,['C'],A,modulation method,not stated,,,1963
1495.89,28.5516,1.42758,None kPa,N/A,13871,['C'],A,modulation method,not stated,,,1963
1510.3,28.6144,1.43072,None kPa,N/A,13871,['C'],A,modulation method,not stated,,,1963
1529.74,28.7148,1.43574,None kPa,N/A,13871,['C'],A,modulation method,not stated,,,1963
1548.37,28.8445,1.44222,None kPa,N/A,13871,['C'],A,modulation method,not stated,,,1963
1563.41,28.9031,1.44515,None kPa,N/A,13871,['C'],A,modulation method,not stated,,,1963
1577.58,28.97,1.4485,None kPa,N/A,13871,['C'],A,modulation method,not stated,,,1963
1592.67,29.0579,1.45289,None kPa,N/A,13871,['C'],A,modulation method,not stated,,,1963
1613.67,29.1625,1.45812,None kPa,N/A,13871,['C'],A,modulation method,not stated,,,1963
1631.05,29.2587,1.46294,None kPa,N/A,13871,['C'],A,modulation method,not stated,,,1963
1645.67,29.3424,1.46712,None kPa,N/A,13871,['C'],A,modulation method,not stated,,,1963
1656.55,29.4135,1.47068,None kPa,N/A,13871,['C'],A,modulation method,not stated,,,1963
1667.97,29.4637,1.47319,None kPa,N/A,13871,['C'],A,modulation method,not stated,,,1963
1682.79,29.5641,1.47821,None kPa,N/A,13871,['C'],A,modulation method,not stated,,,1963
1701.02,29.6604,1.48302,None kPa,N/A,13871,['C'],A,modulation method,not stated,,,1963
1716.42,29.7733,1.48867,None kPa,N/A,13871,['C'],A,modulation method,not stated,,,1963
1731.29,29.8528,1.49264,None kPa,N/A,13871,['C'],A,modulation method,not stated,,,1963
1753.07,29.9323,1.49662,None kPa,N/A,13871,['C'],A,modulation method,not stated,,,1963
1763.24,29.9951,1.49975,None kPa,N/A,13871,['C'],A,modulation method,not stated,,,1963
1767.97,30.0537,1.50268,None kPa,N/A,13871,['C'],A,modulation method,not stated,,,1963
1779.75,30.1039,1.50519,None kPa,N/A,13871,['C'],A,modulation method,not stated,,,1963
1792.98,30.1541,1.5077,None kPa,N/A,13871,['C'],A,modulation method,not stated,,,1963
1805.14,30.2545,1.51273,None kPa,N/A,13871,['C'],A,modulation method,not stated,,,1963
1817.31,30.3466,1.51733,None kPa,N/A,13871,['C'],A,modulation method,not stated,,,1963
1834.04,30.4637,1.52319,None kPa,N/A,13871,['C'],A,modulation method,not stated,,,1963
1850.43,30.5683,1.52842,None kPa,N/A,13871,['C'],A,modulation method,not stated,,,1963
1865.54,30.6478,1.53239,None kPa,N/A,13871,['C'],A,modulation method,not stated,,,1963
1882.58,30.7942,1.53971,None kPa,N/A,13871,['C'],A,modulation method,not stated,,,1963
1900.88,30.9114,1.54557,None kPa,N/A,13871,['C'],A,modulation method,not stated,,,1963
1910.99,31.0076,1.55038,None kPa,N/A,13871,['C'],A,modulation method,not stated,,,1963
1924.41,31.0829,1.55415,None kPa,N/A,13871,['C'],A,modulation method,not stated,,,1963
1938.62,31.1875,1.55938,None kPa,N/A,13871,['C'],A,modulation method,not stated,,,1963
1952.7,31.2921,1.56461,None kPa,N/A,13871,['C'],A,modulation method,not stated,,,1963
1966.52,31.4093,1.57046,None kPa,N/A,13871,['C'],A,modulation method,not stated,,,1963
1978.24,31.4888,1.57444,None kPa,N/A,13871,['C'],A,modulation method,not stated,,,1963
1991.5,31.585,1.57925,None kPa,N/A,13871,['C'],A,modulation method,not stated,,,1963
2002.99,31.7105,1.58553,None kPa,N/A,13871,['C'],A,modulation method,not stated,,,1963
2012.64,31.7942,1.58971,None kPa,N/A,13871,['C'],A,modulation method,not stated,,,1963
2026.12,31.903,1.59515,None kPa,N/A,13871,['C'],A,modulation method,not stated,,,1963
2041.01,32.0243,1.60122,None kPa,N/A,13871,['C'],A,modulation method,not stated,,,1963
2052.82,32.1206,1.60603,None kPa,N/A,13871,['C'],A,modulation method,not stated,,,1963
2065.24,32.2084,1.61042,None kPa,N/A,13871,['C'],A,modulation method,not stated,,,1963
2075.85,32.2963,1.61481,None kPa,N/A,13871,['C'],A,modulation method,not stated,,,1963
2083.42,32.3883,1.61942,None kPa,N/A,13871,['C'],A,modulation method,not stated,,,1963
2095.68,32.4971,1.62486,None kPa,N/A,13871,['C'],A,modulation method,not stated,,,1963
2111.9,32.6268,1.63134,None kPa,N/A,13871,['C'],A,modulation method,not stated,,,1963
2117.94,32.6938,1.63469,None kPa,N/A,13871,['C'],A,modulation method,not stated,,,1963
2131.54,32.8026,1.64013,None kPa,N/A,13871,['C'],A,modulation method,not stated,,,1963
2142.12,32.8988,1.64494,None kPa,N/A,13871,['C'],A,modulation method,not stated,,,1963
2150.3,32.9908,1.64954,None kPa,N/A,13871,['C'],A,modulation method,not stated,,,1963
2165.65,33.1289,1.65645,None kPa,N/A,13871,['C'],A,modulation method,not stated,,,1963
2179.28,33.2795,1.66398,None kPa,N/A,13871,['C'],A,modulation method,not stated,,,1963
2191.03,33.4009,1.67004,None kPa,N/A,13871,['C'],A,modulation method,not stated,,,1963
2205.78,33.5389,1.67695,None kPa,N/A,13871,['C'],A,modulation method,not stated,,,1963
2216.21,33.6519,1.6826,None kPa,N/A,13871,['C'],A,modulation method,not stated,,,1963
2223.77,33.744,1.6872,None kPa,N/A,13871,['C'],A,modulation method,not stated,,,1963
2231.74,33.8193,1.69096,None kPa,N/A,13871,['C'],A,modulation method,not stated,,,1963
2246.67,33.9866,1.69933,None kPa,N/A,13871,['C'],A,modulation method,not stated,,,1963
2260.57,34.1247,1.70624,None kPa,N/A,13871,['C'],A,modulation method,not stated,,,1963
2275.62,34.2879,1.71439,None kPa,N/A,13871,['C'],A,modulation method,not stated,,,1963
2285.57,34.4594,1.72297,None kPa,N/A,13871,['C'],A,modulation method,not stated,,,1963
2302.41,34.6393,1.73197,None kPa,N/A,13871,['C'],A,modulation method,not stated,,,1963
2317.88,34.8402,1.74201,None kPa,N/A,13871,['C'],A,modulation method,not stated,,,1963
2329.01,34.9615,1.74808,None kPa,N/A,13871,['C'],A,modulation method,not stated,,,1963
2346.6,35.1958,1.75979,None kPa,N/A,13871,['C'],A,modulation method,not stated,,,1963
2359.45,35.3674,1.76837,None kPa,N/A,13871,['C'],A,modulation method,not stated,,,1963
2372.83,35.5222,1.77611,None kPa,N/A,13871,['C'],A,modulation method,not stated,,,1963
2387.02,35.6937,1.78469,None kPa,N/A,13871,['C'],A,modulation method,not stated,,,1963
2401.57,35.9238,1.79619,None kPa,N/A,13871,['C'],A,modulation method,not stated,,,1963
2416.83,36.1079,1.8054,None kPa,N/A,13871,['C'],A,modulation method,not stated,,,1963
2428.34,36.2878,1.81439,None kPa,N/A,13871,['C'],A,modulation method,not stated,,,1963
2443.56,36.4887,1.82443,None kPa,N/A,13871,['C'],A,modulation method,not stated,,,1963
2456.47,36.6937,1.83468,None kPa,N/A,13871,['C'],A,modulation method,not stated,,,1963
2471.24,36.9364,1.84682,None kPa,N/A,13871,['C'],A,modulation method,not stated,,,1963
2482.39,37.0493,1.85247,None kPa,N/A,13871,['C'],A,modulation method,not stated,,,1963
2491.08,37.1874,1.85937,None kPa,N/A,13871,['C'],A,modulation method,not stated,,,1963
2505.85,37.4259,1.87129,None kPa,N/A,13871,['C'],A,modulation method,not stated,,,1963
2517.76,37.6434,1.88217,None kPa,N/A,13871,['C'],A,modulation method,not stated,,,1963
2529.76,37.8234,1.89117,None kPa,N/A,13871,['C'],A,modulation method,not stated,,,1963
2539.3,38.0116,1.90058,None kPa,N/A,13871,['C'],A,modulation method,not stated,,,1963
2550.23,38.2376,1.91188,None kPa,N/A,13871,['C'],A,modulation method,not stated,,,1963
2565.79,38.5095,1.92548,None kPa,N/A,13871,['C'],A,modulation method,not stated,,,1963
2576.63,38.7146,1.93573,None kPa,N/A,13871,['C'],A,modulation method,not stated,,,1963
2586.87,38.9238,1.94619,None kPa,N/A,13871,['C'],A,modulation method,not stated,,,1963
2598.41,39.1455,1.95728,None kPa,N/A,13871,['C'],A,modulation method,not stated,,,1963
2608.2,39.3924,1.96962,None kPa,N/A,13871,['C'],A,modulation method,not stated,,,1963
2621.1,39.6601,1.98301,None kPa,N/A,13871,['C'],A,modulation method,not stated,,,1963
2636.17,39.9907,1.99953,None kPa,N/A,13871,['C'],A,modulation method,not stated,,,1963
2645.12,40.1748,2.00874,None kPa,N/A,13871,['C'],A,modulation method,not stated,,,1963
2651.46,40.3338,2.01669,None kPa,N/A,13871,['C'],A,modulation method,not stated,,,1963
2656.76,40.4635,2.02317,None kPa,N/A,13871,['C'],A,modulation method,not stated,,,1963
1475.4,30.8152,0.757304,1.33322e-07 kPa,N/A,13885,['C'],A,AC Heated Filament,"origin: commercial source,99.7 % (total),stated by supplier,wire",99.7,Not Specified %,1963
1590.1,31.3967,0.840984,None kPa,N/A,13885,['C'],A,AC Heated Filament,"origin: commercial source,99.7 % (total),stated by supplier,wire",99.7,Not Specified %,1963
1690.1,31.9532,0.92048,None kPa,N/A,13885,['C'],A,AC Heated Filament,"origin: commercial source,99.7 % (total),stated by supplier,wire",99.7,Not Specified %,1963
1775.9,32.5222,0.991608,None kPa,N/A,13885,['C'],A,AC Heated Filament,"origin: commercial source,99.7 % (total),stated by supplier,wire",99.7,Not Specified %,1963
1861.3,32.8277,1.05855,None kPa,N/A,13885,['C'],A,AC Heated Filament,"origin: commercial source,99.7 % (total),stated by supplier,wire",99.7,Not Specified %,1963
1934.7,33.3925,1.1255,None kPa,N/A,13885,['C'],A,AC Heated Filament,"origin: commercial source,99.7 % (total),stated by supplier,wire",99.7,Not Specified %,1963
2009.3,33.9908,1.19662,None kPa,N/A,13885,['C'],A,AC Heated Filament,"origin: commercial source,99.7 % (total),stated by supplier,wire",99.7,Not Specified %,1963
2079.8,34.2628,1.2552,None kPa,N/A,13885,['C'],A,AC Heated Filament,"origin: commercial source,99.7 % (total),stated by supplier,wire",99.7,Not Specified %,1963
2147.0,34.6937,1.31796,None kPa,N/A,13885,['C'],A,AC Heated Filament,"origin: commercial source,99.7 % (total),stated by supplier,wire",99.7,Not Specified %,1963
2263.3,35.6435,1.43511,None kPa,N/A,13885,['C'],A,AC Heated Filament,"origin: commercial source,99.7 % (total),stated by supplier,wire",99.7,Not Specified %,1963
1.5,0.0117152,0.00117152,None kPa,N/A,13919,['C'],A,Low temperature calorimetry set up,not stated,,,1963
2.0,0.0163176,0.00163176,None kPa,N/A,13919,['C'],A,Low temperature calorimetry set up,not stated,,,1963
2.5,0.0213384,0.00213384,None kPa,N/A,13919,['C'],A,Low temperature calorimetry set up,not stated,,,1963
3.0,0.0267776,0.00267776,None kPa,N/A,13919,['C'],A,Low temperature calorimetry set up,not stated,,,1963
3.5,0.0330536,0.00330536,None kPa,N/A,13919,['C'],A,Low temperature calorimetry set up,not stated,,,1963
4.0,0.0401664,0.00401664,None kPa,N/A,13919,['C'],A,Low temperature calorimetry set up,not stated,,,1963
4.5,0.048116,0.0048116,None kPa,N/A,13919,['C'],A,Low temperature calorimetry set up,not stated,,,1963
5.0,0.0569024,0.00569024,None kPa,N/A,13919,['C'],A,Low temperature calorimetry set up,not stated,,,1963
5.5,0.0673624,0.00673624,None kPa,N/A,13919,['C'],A,Low temperature calorimetry set up,not stated,,,1963
6.0,0.0786592,0.00786592,None kPa,N/A,13919,['C'],A,Low temperature calorimetry set up,not stated,,,1963
6.5,0.0916296,0.00916296,None kPa,N/A,13919,['C'],A,Low temperature calorimetry set up,not stated,,,1963
7.0,0.105855,0.0105855,None kPa,N/A,13919,['C'],A,Low temperature calorimetry set up,not stated,,,1963
7.5,0.121754,0.0121754,None kPa,N/A,13919,['C'],A,Low temperature calorimetry set up,not stated,,,1963
8.0,0.139327,0.0139327,None kPa,N/A,13919,['C'],A,Low temperature calorimetry set up,not stated,,,1963
8.5,0.158992,0.0158992,None kPa,N/A,13919,['C'],A,Low temperature calorimetry set up,not stated,,,1963
9.0,0.180749,0.0180749,None kPa,N/A,13919,['C'],A,Low temperature calorimetry set up,not stated,,,1963
9.5,0.207945,0.0207945,None kPa,N/A,13919,['C'],A,Low temperature calorimetry set up,not stated,,,1963
10.0,0.23012,0.023012,None kPa,N/A,13919,['C'],A,Low temperature calorimetry set up,not stated,,,1963
10.5,0.253969,0.0253969,None kPa,N/A,13919,['C'],A,Low temperature calorimetry set up,not stated,,,1963
11.0,0.279073,0.0279073,None kPa,N/A,13919,['C'],A,Low temperature calorimetry set up,not stated,,,1963
11.5,0.306687,0.0306687,None kPa,N/A,13919,['C'],A,Low temperature calorimetry set up,not stated,,,1963
12.0,0.335975,0.0335975,None kPa,N/A,13919,['C'],A,Low temperature calorimetry set up,not stated,,,1963
12.5,0.366937,0.0366937,None kPa,N/A,13919,['C'],A,Low temperature calorimetry set up,not stated,,,1963
13.0,0.400409,0.0400409,None kPa,N/A,13919,['C'],A,Low temperature calorimetry set up,not stated,,,1963
13.5,0.435973,0.0435973,None kPa,N/A,13919,['C'],A,Low temperature calorimetry set up,not stated,,,1963
14.0,0.474047,0.0474047,None kPa,N/A,13919,['C'],A,Low temperature calorimetry set up,not stated,,,1963
14.5,0.514214,0.0514214,None kPa,N/A,13919,['C'],A,Low temperature calorimetry set up,not stated,,,1963
15.0,0.55689,0.055689,None kPa,N/A,13919,['C'],A,Low temperature calorimetry set up,not stated,,,1963
15.5,0.602078,0.0602078,None kPa,N/A,13919,['C'],A,Low temperature calorimetry set up,not stated,,,1963
16.0,0.650194,0.0650194,None kPa,N/A,13919,['C'],A,Low temperature calorimetry set up,not stated,,,1963
16.5,0.70082,0.070082,None kPa,N/A,13919,['C'],A,Low temperature calorimetry set up,not stated,,,1963
17.0,0.754375,0.0754375,None kPa,N/A,13919,['C'],A,Low temperature calorimetry set up,not stated,,,1963
17.5,0.810441,0.0810441,None kPa,N/A,13919,['C'],A,Low temperature calorimetry set up,not stated,,,1963
18.0,0.869854,0.0869854,None kPa,N/A,13919,['C'],A,Low temperature calorimetry set up,not stated,,,1963
18.5,0.932195,0.0932195,None kPa,N/A,13919,['C'],A,Low temperature calorimetry set up,not stated,,,1963
19.0,0.997466,0.0997466,None kPa,N/A,13919,['C'],A,Low temperature calorimetry set up,not stated,,,1963
19.5,1.06608,0.106608,None kPa,N/A,13919,['C'],A,Low temperature calorimetry set up,not stated,,,1963
20.0,1.13805,0.113805,None kPa,N/A,13919,['C'],A,Low temperature calorimetry set up,not stated,,,1963
8.87,0.307106,0.0307106,None kPa,N/A,13921,['C'],A,Low temperature calorimetry set up,not stated,,,1963
8.88,0.294135,0.0294135,None kPa,N/A,13921,['C'],A,Low temperature calorimetry set up,not stated,,,1963
8.94,0.2092,0.02092,None kPa,N/A,13921,['C'],A,Low temperature calorimetry set up,not stated,,,1963
10.02,0.223426,0.0223426,None kPa,N/A,13921,['C'],A,Low temperature calorimetry set up,not stated,,,1963
10.93,0.26945,0.026945,None kPa,N/A,13921,['C'],A,Low temperature calorimetry set up,not stated,,,1963
12.66,0.374468,0.0374468,None kPa,N/A,13921,['C'],A,Low temperature calorimetry set up,not stated,,,1963
13.47,0.43137,0.043137,None kPa,N/A,13921,['C'],A,Low temperature calorimetry set up,not stated,,,1963
14.03,0.472374,0.0472374,None kPa,N/A,13921,['C'],A,Low temperature calorimetry set up,not stated,,,1963
15.48,0.599567,0.0599567,None kPa,N/A,13921,['C'],A,Low temperature calorimetry set up,not stated,,,1963
16.79,0.715882,0.0715882,None kPa,N/A,13921,['C'],A,Low temperature calorimetry set up,not stated,,,1963
17.43,0.800818,0.0800818,None kPa,N/A,13921,['C'],A,Low temperature calorimetry set up,not stated,,,1963
18.02,0.84977,0.084977,None kPa,N/A,13921,['C'],A,Low temperature calorimetry set up,not stated,,,1963
18.44,0.923409,0.0923409,None kPa,N/A,13921,['C'],A,Low temperature calorimetry set up,not stated,,,1963
19.05,1.01211,0.101211,None kPa,N/A,13921,['C'],A,Low temperature calorimetry set up,not stated,,,1963
2.28,0.018828,0.0018828,None kPa,N/A,13921,['C'],A,Low temperature calorimetry set up,not stated,,,1963
2.87,0.025104,0.0025104,None kPa,N/A,13921,['C'],A,Low temperature calorimetry set up,not stated,,,1963
3.45,0.0322168,0.00322168,None kPa,N/A,13921,['C'],A,Low temperature calorimetry set up,not stated,,,1963
4.96,0.0556472,0.00556472,None kPa,N/A,13921,['C'],A,Low temperature calorimetry set up,not stated,,,1963
5.37,0.064852,0.0064852,None kPa,N/A,13921,['C'],A,Low temperature calorimetry set up,not stated,,,1963
5.79,0.07322,0.007322,None kPa,N/A,13921,['C'],A,Low temperature calorimetry set up,not stated,,,1963
6.24,0.0840984,0.00840984,None kPa,N/A,13921,['C'],A,Low temperature calorimetry set up,not stated,,,1963
6.73,0.0970688,0.00970688,None kPa,N/A,13921,['C'],A,Low temperature calorimetry set up,not stated,,,1963
7.0,0.105018,0.0105018,None kPa,N/A,13921,['C'],A,Low temperature calorimetry set up,not stated,,,1963
7.42,0.117152,0.0117152,None kPa,N/A,13921,['C'],A,Low temperature calorimetry set up,not stated,,,1963
7.7,0.125102,0.0125102,None kPa,N/A,13921,['C'],A,Low temperature calorimetry set up,not stated,,,1963
8.0,0.13849,0.013849,None kPa,N/A,13921,['C'],A,Low temperature calorimetry set up,not stated,,,1963
8.27,0.14644,0.014644,None kPa,N/A,13921,['C'],A,Low temperature calorimetry set up,not stated,,,1963
8.68,0.164013,0.0164013,None kPa,N/A,13921,['C'],A,Low temperature calorimetry set up,not stated,,,1963
9.04,0.18577,0.018577,None kPa,N/A,13921,['C'],A,Low temperature calorimetry set up,not stated,,,1963
9.31,0.199995,0.0199995,None kPa,N/A,13921,['C'],A,Low temperature calorimetry set up,not stated,,,1963
9.71,0.214639,0.0214639,None kPa,N/A,13921,['C'],A,Low temperature calorimetry set up,not stated,,,1963
0.525547,0.00433756,0.000216878,None kPa,N/A,14658,['C'],A,Low temperature calorimetry set up,"not stated,99.9 weight % (total),,rod",99.9,Weight %,1964
0.632851,0.00493657,0.000246829,None kPa,N/A,14658,['C'],A,Low temperature calorimetry set up,"not stated,99.9 weight % (total),,rod",99.9,Weight %,1964
0.904102,0.00735613,0.000367807,None kPa,N/A,14658,['C'],A,Low temperature calorimetry set up,"not stated,99.9 weight % (total),,rod",99.9,Weight %,1964
1.02572,0.00810209,0.000405104,None kPa,N/A,14658,['C'],A,Low temperature calorimetry set up,"not stated,99.9 weight % (total),,rod",99.9,Weight %,1964
1.41782,0.0115634,0.000578171,None kPa,N/A,14658,['C'],A,Low temperature calorimetry set up,"not stated,99.9 weight % (total),,rod",99.9,Weight %,1964
1.50087,0.011794,0.000589702,None kPa,N/A,14658,['C'],A,Low temperature calorimetry set up,"not stated,99.9 weight % (total),,rod",99.9,Weight %,1964
1.5448,0.0123204,0.000616018,None kPa,N/A,14658,['C'],A,Low temperature calorimetry set up,"not stated,99.9 weight % (total),,rod",99.9,Weight %,1964
1.61929,0.013089,0.000654449,None kPa,N/A,14658,['C'],A,Low temperature calorimetry set up,"not stated,99.9 weight % (total),,rod",99.9,Weight %,1964
1.73856,0.0142295,0.000711476,None kPa,N/A,14658,['C'],A,Low temperature calorimetry set up,"not stated,99.9 weight % (total),,rod",99.9,Weight %,1964
1.78762,0.0148633,0.000743165,None kPa,N/A,14658,['C'],A,Low temperature calorimetry set up,"not stated,99.9 weight % (total),,rod",99.9,Weight %,1964
1.79393,0.0143249,0.000716244,None kPa,N/A,14658,['C'],A,Low temperature calorimetry set up,"not stated,99.9 weight % (total),,rod",99.9,Weight %,1964
1.93693,0.0153444,0.000767218,None kPa,N/A,14658,['C'],A,Low temperature calorimetry set up,"not stated,99.9 weight % (total),,rod",99.9,Weight %,1964
1.99105,0.0163219,0.000816097,None kPa,N/A,14658,['C'],A,Low temperature calorimetry set up,"not stated,99.9 weight % (total),,rod",99.9,Weight %,1964
2.01082,0.0169617,0.000848084,None kPa,N/A,14658,['C'],A,Low temperature calorimetry set up,"not stated,99.9 weight % (total),,rod",99.9,Weight %,1964
2.1847,0.0181244,0.000906221,None kPa,N/A,14658,['C'],A,Low temperature calorimetry set up,"not stated,99.9 weight % (total),,rod",99.9,Weight %,1964
2.29674,0.018967,0.00094835,None kPa,N/A,14658,['C'],A,Low temperature calorimetry set up,"not stated,99.9 weight % (total),,rod",99.9,Weight %,1964
2.30881,0.0196152,0.00098076,None kPa,N/A,14658,['C'],A,Low temperature calorimetry set up,"not stated,99.9 weight % (total),,rod",99.9,Weight %,1964
2.39712,0.0201684,0.00100842,None kPa,N/A,14658,['C'],A,Low temperature calorimetry set up,"not stated,99.9 weight % (total),,rod",99.9,Weight %,1964
2.4585,0.0205059,0.0010253,None kPa,N/A,14658,['C'],A,Low temperature calorimetry set up,"not stated,99.9 weight % (total),,rod",99.9,Weight %,1964
2.56934,0.021553,0.00107765,None kPa,N/A,14658,['C'],A,Low temperature calorimetry set up,"not stated,99.9 weight % (total),,rod",99.9,Weight %,1964
2.5937,0.0219464,0.00109732,None kPa,N/A,14658,['C'],A,Low temperature calorimetry set up,"not stated,99.9 weight % (total),,rod",99.9,Weight %,1964
2.71041,0.0220588,0.00110294,None kPa,N/A,14658,['C'],A,Low temperature calorimetry set up,"not stated,99.9 weight % (total),,rod",99.9,Weight %,1964
2.7207,0.0230647,0.00115323,None kPa,N/A,14658,['C'],A,Low temperature calorimetry set up,"not stated,99.9 weight % (total),,rod",99.9,Weight %,1964
2.84749,0.0238607,0.00119303,None kPa,N/A,14658,['C'],A,Low temperature calorimetry set up,"not stated,99.9 weight % (total),,rod",99.9,Weight %,1964
2.86826,0.0250886,0.00125443,None kPa,N/A,14658,['C'],A,Low temperature calorimetry set up,"not stated,99.9 weight % (total),,rod",99.9,Weight %,1964
3.02663,0.0261777,0.00130888,None kPa,N/A,14658,['C'],A,Low temperature calorimetry set up,"not stated,99.9 weight % (total),,rod",99.9,Weight %,1964
3.51169,0.0318338,0.00159169,None kPa,N/A,14658,['C'],A,Low temperature calorimetry set up,"not stated,99.9 weight % (total),,rod",99.9,Weight %,1964
3.69375,0.0352992,0.00176496,None kPa,N/A,14658,['C'],A,Low temperature calorimetry set up,"not stated,99.9 weight % (total),,rod",99.9,Weight %,1964
3.88019,0.0364805,0.00182403,None kPa,N/A,14658,['C'],A,Low temperature calorimetry set up,"not stated,99.9 weight % (total),,rod",99.9,Weight %,1964
3.98206,0.0381078,0.00190539,None kPa,N/A,14658,['C'],A,Low temperature calorimetry set up,"not stated,99.9 weight % (total),,rod",99.9,Weight %,1964
4.03886,0.0392532,0.00196266,None kPa,N/A,14658,['C'],A,Low temperature calorimetry set up,"not stated,99.9 weight % (total),,rod",99.9,Weight %,1964
4.21481,0.0416194,0.00208097,None kPa,N/A,14658,['C'],A,Low temperature calorimetry set up,"not stated,99.9 weight % (total),,rod",99.9,Weight %,1964
4.35132,0.043355,0.00216775,None kPa,N/A,14658,['C'],A,Low temperature calorimetry set up,"not stated,99.9 weight % (total),,rod",99.9,Weight %,1964
4.37207,0.0442405,0.00221203,None kPa,N/A,14658,['C'],A,Low temperature calorimetry set up,"not stated,99.9 weight % (total),,rod",99.9,Weight %,1964
4.41492,0.0444369,0.00222185,None kPa,N/A,14658,['C'],A,Low temperature calorimetry set up,"not stated,99.9 weight % (total),,rod",99.9,Weight %,1964
4.45475,0.0451488,0.00225744,None kPa,N/A,14658,['C'],A,Low temperature calorimetry set up,"not stated,99.9 weight % (total),,rod",99.9,Weight %,1964
4.53426,0.0468174,0.00234087,None kPa,N/A,14658,['C'],A,Low temperature calorimetry set up,"not stated,99.9 weight % (total),,rod",99.9,Weight %,1964
4.54115,0.0465721,0.00232861,None kPa,N/A,14658,['C'],A,Low temperature calorimetry set up,"not stated,99.9 weight % (total),,rod",99.9,Weight %,1964
4.57898,0.0465691,0.00232846,None kPa,N/A,14658,['C'],A,Low temperature calorimetry set up,"not stated,99.9 weight % (total),,rod",99.9,Weight %,1964
4.60637,0.0474462,0.00237231,None kPa,N/A,14658,['C'],A,Low temperature calorimetry set up,"not stated,99.9 weight % (total),,rod",99.9,Weight %,1964
4.68413,0.0491682,0.00245841,None kPa,N/A,14658,['C'],A,Low temperature calorimetry set up,"not stated,99.9 weight % (total),,rod",99.9,Weight %,1964
4.73989,0.049424,0.0024712,None kPa,N/A,14658,['C'],A,Low temperature calorimetry set up,"not stated,99.9 weight % (total),,rod",99.9,Weight %,1964
4.782,0.0510602,0.00255301,None kPa,N/A,14658,['C'],A,Low temperature calorimetry set up,"not stated,99.9 weight % (total),,rod",99.9,Weight %,1964
4.80076,0.050014,0.0025007,None kPa,N/A,14658,['C'],A,Low temperature calorimetry set up,"not stated,99.9 weight % (total),,rod",99.9,Weight %,1964
4.84799,0.0514742,0.00257371,None kPa,N/A,14658,['C'],A,Low temperature calorimetry set up,"not stated,99.9 weight % (total),,rod",99.9,Weight %,1964
4.90114,0.0525516,0.00262758,None kPa,N/A,14658,['C'],A,Low temperature calorimetry set up,"not stated,99.9 weight % (total),,rod",99.9,Weight %,1964
4.92677,0.0542157,0.00271078,None kPa,N/A,14658,['C'],A,Low temperature calorimetry set up,"not stated,99.9 weight % (total),,rod",99.9,Weight %,1964
4.95611,0.0536128,0.00268064,None kPa,N/A,14658,['C'],A,Low temperature calorimetry set up,"not stated,99.9 weight % (total),,rod",99.9,Weight %,1964
4.98689,0.0541517,0.00270758,None kPa,N/A,14658,['C'],A,Low temperature calorimetry set up,"not stated,99.9 weight % (total),,rod",99.9,Weight %,1964
5.01817,0.0527275,0.00263638,None kPa,N/A,14658,['C'],A,Low temperature calorimetry set up,"not stated,99.9 weight % (total),,rod",99.9,Weight %,1964
5.02688,0.0549527,0.00274764,None kPa,N/A,14658,['C'],A,Low temperature calorimetry set up,"not stated,99.9 weight % (total),,rod",99.9,Weight %,1964
5.06726,0.054496,0.0027248,None kPa,N/A,14658,['C'],A,Low temperature calorimetry set up,"not stated,99.9 weight % (total),,rod",99.9,Weight %,1964
5.07353,0.0561545,0.00280772,None kPa,N/A,14658,['C'],A,Low temperature calorimetry set up,"not stated,99.9 weight % (total),,rod",99.9,Weight %,1964
5.12742,0.0572878,0.00286439,None kPa,N/A,14658,['C'],A,Low temperature calorimetry set up,"not stated,99.9 weight % (total),,rod",99.9,Weight %,1964
5.14269,0.0575076,0.00287538,None kPa,N/A,14658,['C'],A,Low temperature calorimetry set up,"not stated,99.9 weight % (total),,rod",99.9,Weight %,1964
5.19353,0.0574684,0.00287342,None kPa,N/A,14658,['C'],A,Low temperature calorimetry set up,"not stated,99.9 weight % (total),,rod",99.9,Weight %,1964
5.26264,0.0594678,0.00297339,None kPa,N/A,14658,['C'],A,Low temperature calorimetry set up,"not stated,99.9 weight % (total),,rod",99.9,Weight %,1964
5.30127,0.0600226,0.00300113,None kPa,N/A,14658,['C'],A,Low temperature calorimetry set up,"not stated,99.9 weight % (total),,rod",99.9,Weight %,1964
5.32198,0.0608475,0.00304237,None kPa,N/A,14658,['C'],A,Low temperature calorimetry set up,"not stated,99.9 weight % (total),,rod",99.9,Weight %,1964
5.37551,0.0608475,0.00304238,None kPa,N/A,14658,['C'],A,Low temperature calorimetry set up,"not stated,99.9 weight % (total),,rod",99.9,Weight %,1964
5.42858,0.062481,0.00312405,None kPa,N/A,14658,['C'],A,Low temperature calorimetry set up,"not stated,99.9 weight % (total),,rod",99.9,Weight %,1964
5.47463,0.0629425,0.00314713,None kPa,N/A,14658,['C'],A,Low temperature calorimetry set up,"not stated,99.9 weight % (total),,rod",99.9,Weight %,1964
5.51181,0.064104,0.0032052,None kPa,N/A,14658,['C'],A,Low temperature calorimetry set up,"not stated,99.9 weight % (total),,rod",99.9,Weight %,1964
5.54164,0.064627,0.00323135,None kPa,N/A,14658,['C'],A,Low temperature calorimetry set up,"not stated,99.9 weight % (total),,rod",99.9,Weight %,1964
5.6718,0.0660758,0.00330379,None kPa,N/A,14658,['C'],A,Low temperature calorimetry set up,"not stated,99.9 weight % (total),,rod",99.9,Weight %,1964
5.6795,0.0682524,0.00341262,None kPa,N/A,14658,['C'],A,Low temperature calorimetry set up,"not stated,99.9 weight % (total),,rod",99.9,Weight %,1964
5.6822,0.0668991,0.00334496,None kPa,N/A,14658,['C'],A,Low temperature calorimetry set up,"not stated,99.9 weight % (total),,rod",99.9,Weight %,1964
5.73722,0.0686748,0.00343374,None kPa,N/A,14658,['C'],A,Low temperature calorimetry set up,"not stated,99.9 weight % (total),,rod",99.9,Weight %,1964
5.7808,0.0684466,0.00342233,None kPa,N/A,14658,['C'],A,Low temperature calorimetry set up,"not stated,99.9 weight % (total),,rod",99.9,Weight %,1964
5.80253,0.0701747,0.00350874,None kPa,N/A,14658,['C'],A,Low temperature calorimetry set up,"not stated,99.9 weight % (total),,rod",99.9,Weight %,1964
5.91244,0.0728736,0.00364368,None kPa,N/A,14658,['C'],A,Low temperature calorimetry set up,"not stated,99.9 weight % (total),,rod",99.9,Weight %,1964
5.92638,0.0735149,0.00367575,None kPa,N/A,14658,['C'],A,Low temperature calorimetry set up,"not stated,99.9 weight % (total),,rod",99.9,Weight %,1964
5.98638,0.0757207,0.00378604,None kPa,N/A,14658,['C'],A,Low temperature calorimetry set up,"not stated,99.9 weight % (total),,rod",99.9,Weight %,1964
6.00534,0.0753522,0.00376761,None kPa,N/A,14658,['C'],A,Low temperature calorimetry set up,"not stated,99.9 weight % (total),,rod",99.9,Weight %,1964
6.0567,0.075173,0.00375865,None kPa,N/A,14658,['C'],A,Low temperature calorimetry set up,"not stated,99.9 weight % (total),,rod",99.9,Weight %,1964
6.10386,0.0770742,0.00385371,None kPa,N/A,14658,['C'],A,Low temperature calorimetry set up,"not stated,99.9 weight % (total),,rod",99.9,Weight %,1964
6.29068,0.0807929,0.00403964,None kPa,N/A,14658,['C'],A,Low temperature calorimetry set up,"not stated,99.9 weight % (total),,rod",99.9,Weight %,1964
6.34724,0.0828475,0.00414238,None kPa,N/A,14658,['C'],A,Low temperature calorimetry set up,"not stated,99.9 weight % (total),,rod",99.9,Weight %,1964
6.38357,0.0826556,0.00413278,None kPa,N/A,14658,['C'],A,Low temperature calorimetry set up,"not stated,99.9 weight % (total),,rod",99.9,Weight %,1964
6.39594,0.0850039,0.0042502,None kPa,N/A,14658,['C'],A,Low temperature calorimetry set up,"not stated,99.9 weight % (total),,rod",99.9,Weight %,1964
6.43563,0.0838611,0.00419305,None kPa,N/A,14658,['C'],A,Low temperature calorimetry set up,"not stated,99.9 weight % (total),,rod",99.9,Weight %,1964
6.5006,0.086542,0.0043271,None kPa,N/A,14658,['C'],A,Low temperature calorimetry set up,"not stated,99.9 weight % (total),,rod",99.9,Weight %,1964
6.66981,0.0886728,0.00443364,None kPa,N/A,14658,['C'],A,Low temperature calorimetry set up,"not stated,99.9 weight % (total),,rod",99.9,Weight %,1964
6.7355,0.0938575,0.00469288,None kPa,N/A,14658,['C'],A,Low temperature calorimetry set up,"not stated,99.9 weight % (total),,rod",99.9,Weight %,1964
6.77498,0.0939154,0.00469577,None kPa,N/A,14658,['C'],A,Low temperature calorimetry set up,"not stated,99.9 weight % (total),,rod",99.9,Weight %,1964
6.8027,0.0933955,0.00466977,None kPa,N/A,14658,['C'],A,Low temperature calorimetry set up,"not stated,99.9 weight % (total),,rod",99.9,Weight %,1964
6.94207,0.0975561,0.00487781,None kPa,N/A,14658,['C'],A,Low temperature calorimetry set up,"not stated,99.9 weight % (total),,rod",99.9,Weight %,1964
6.96914,0.097518,0.0048759,None kPa,N/A,14658,['C'],A,Low temperature calorimetry set up,"not stated,99.9 weight % (total),,rod",99.9,Weight %,1964
6.99446,0.099003,0.00495015,None kPa,N/A,14658,['C'],A,Low temperature calorimetry set up,"not stated,99.9 weight % (total),,rod",99.9,Weight %,1964
7.052,0.0998416,0.00499208,None kPa,N/A,14658,['C'],A,Low temperature calorimetry set up,"not stated,99.9 weight % (total),,rod",99.9,Weight %,1964
7.248,0.105998,0.0052999,None kPa,N/A,14658,['C'],A,Low temperature calorimetry set up,"not stated,99.9 weight % (total),,rod",99.9,Weight %,1964
7.2605,0.108136,0.00540679,None kPa,N/A,14658,['C'],A,Low temperature calorimetry set up,"not stated,99.9 weight % (total),,rod",99.9,Weight %,1964
7.29447,0.108943,0.00544717,None kPa,N/A,14658,['C'],A,Low temperature calorimetry set up,"not stated,99.9 weight % (total),,rod",99.9,Weight %,1964
7.32988,0.109148,0.00545742,None kPa,N/A,14658,['C'],A,Low temperature calorimetry set up,"not stated,99.9 weight % (total),,rod",99.9,Weight %,1964
7.37098,0.110042,0.00550211,None kPa,N/A,14658,['C'],A,Low temperature calorimetry set up,"not stated,99.9 weight % (total),,rod",99.9,Weight %,1964
7.42352,0.111745,0.00558727,None kPa,N/A,14658,['C'],A,Low temperature calorimetry set up,"not stated,99.9 weight % (total),,rod",99.9,Weight %,1964
7.58779,0.119391,0.00596957,None kPa,N/A,14658,['C'],A,Low temperature calorimetry set up,"not stated,99.9 weight % (total),,rod",99.9,Weight %,1964
7.62335,0.118238,0.0059119,None kPa,N/A,14658,['C'],A,Low temperature calorimetry set up,"not stated,99.9 weight % (total),,rod",99.9,Weight %,1964
7.63163,0.12047,0.00602349,None kPa,N/A,14658,['C'],A,Low temperature calorimetry set up,"not stated,99.9 weight % (total),,rod",99.9,Weight %,1964
7.72159,0.121795,0.00608977,None kPa,N/A,14658,['C'],A,Low temperature calorimetry set up,"not stated,99.9 weight % (total),,rod",99.9,Weight %,1964
7.9074,0.126587,0.00632937,None kPa,N/A,14658,['C'],A,Low temperature calorimetry set up,"not stated,99.9 weight % (total),,rod",99.9,Weight %,1964
7.93763,0.127978,0.00639888,None kPa,N/A,14658,['C'],A,Low temperature calorimetry set up,"not stated,99.9 weight % (total),,rod",99.9,Weight %,1964
7.99727,0.130968,0.0065484,None kPa,N/A,14658,['C'],A,Low temperature calorimetry set up,"not stated,99.9 weight % (total),,rod",99.9,Weight %,1964
8.1615,0.137878,0.00689392,None kPa,N/A,14658,['C'],A,Low temperature calorimetry set up,"not stated,99.9 weight % (total),,rod",99.9,Weight %,1964
8.23095,0.140723,0.00703616,None kPa,N/A,14658,['C'],A,Low temperature calorimetry set up,"not stated,99.9 weight % (total),,rod",99.9,Weight %,1964
8.25662,0.139359,0.00696794,None kPa,N/A,14658,['C'],A,Low temperature calorimetry set up,"not stated,99.9 weight % (total),,rod",99.9,Weight %,1964
8.31204,0.140955,0.00704775,None kPa,N/A,14658,['C'],A,Low temperature calorimetry set up,"not stated,99.9 weight % (total),,rod",99.9,Weight %,1964
8.46876,0.146678,0.0073339,None kPa,N/A,14658,['C'],A,Low temperature calorimetry set up,"not stated,99.9 weight % (total),,rod",99.9,Weight %,1964
8.70373,0.155611,0.00778056,None kPa,N/A,14658,['C'],A,Low temperature calorimetry set up,"not stated,99.9 weight % (total),,rod",99.9,Weight %,1964
8.76217,0.158407,0.00792037,None kPa,N/A,14658,['C'],A,Low temperature calorimetry set up,"not stated,99.9 weight % (total),,rod",99.9,Weight %,1964
8.88143,0.163805,0.00819023,None kPa,N/A,14658,['C'],A,Low temperature calorimetry set up,"not stated,99.9 weight % (total),,rod",99.9,Weight %,1964
8.94661,0.167306,0.00836528,None kPa,N/A,14658,['C'],A,Low temperature calorimetry set up,"not stated,99.9 weight % (total),,rod",99.9,Weight %,1964
8.96896,0.167952,0.00839759,None kPa,N/A,14658,['C'],A,Low temperature calorimetry set up,"not stated,99.9 weight % (total),,rod",99.9,Weight %,1964
9.04131,0.1708,0.00853999,None kPa,N/A,14658,['C'],A,Low temperature calorimetry set up,"not stated,99.9 weight % (total),,rod",99.9,Weight %,1964
9.18811,0.173785,0.00868924,None kPa,N/A,14658,['C'],A,Low temperature calorimetry set up,"not stated,99.9 weight % (total),,rod",99.9,Weight %,1964
9.21628,0.176479,0.00882397,None kPa,N/A,14658,['C'],A,Low temperature calorimetry set up,"not stated,99.9 weight % (total),,rod",99.9,Weight %,1964
9.45672,0.184752,0.00923759,None kPa,N/A,14658,['C'],A,Low temperature calorimetry set up,"not stated,99.9 weight % (total),,rod",99.9,Weight %,1964
9.53243,0.19167,0.0095835,None kPa,N/A,14658,['C'],A,Low temperature calorimetry set up,"not stated,99.9 weight % (total),,rod",99.9,Weight %,1964
9.73091,0.201776,0.0100888,None kPa,N/A,14658,['C'],A,Low temperature calorimetry set up,"not stated,99.9 weight % (total),,rod",99.9,Weight %,1964
9.83762,0.206363,0.0103182,None kPa,N/A,14658,['C'],A,Low temperature calorimetry set up,"not stated,99.9 weight % (total),,rod",99.9,Weight %,1964
9.99986,0.214244,0.0107122,None kPa,N/A,14658,['C'],A,Low temperature calorimetry set up,"not stated,99.9 weight % (total),,rod",99.9,Weight %,1964
2.27686,0.00239644,0.000119822,None kPa,N/A,14659,['C'],A,Low temperature calorimetry set up,"not stated,99.9 weight % (total),,rod",99.9,Weight %,1964
2.40932,0.00313158,0.000156579,None kPa,N/A,14659,['C'],A,Low temperature calorimetry set up,"not stated,99.9 weight % (total),,rod",99.9,Weight %,1964
2.50521,0.00374064,0.000187032,None kPa,N/A,14659,['C'],A,Low temperature calorimetry set up,"not stated,99.9 weight % (total),,rod",99.9,Weight %,1964
2.60524,0.00485589,0.000242795,None kPa,N/A,14659,['C'],A,Low temperature calorimetry set up,"not stated,99.9 weight % (total),,rod",99.9,Weight %,1964
2.69399,0.00453537,0.000226768,None kPa,N/A,14659,['C'],A,Low temperature calorimetry set up,"not stated,99.9 weight % (total),,rod",99.9,Weight %,1964
2.78007,0.00503293,0.000251647,None kPa,N/A,14659,['C'],A,Low temperature calorimetry set up,"not stated,99.9 weight % (total),,rod",99.9,Weight %,1964
2.7816,0.00574053,0.000287026,None kPa,N/A,14659,['C'],A,Low temperature calorimetry set up,"not stated,99.9 weight % (total),,rod",99.9,Weight %,1964
2.81119,0.00643392,0.000321696,None kPa,N/A,14659,['C'],A,Low temperature calorimetry set up,"not stated,99.9 weight % (total),,rod",99.9,Weight %,1964
2.81686,0.00704469,0.000352234,None kPa,N/A,14659,['C'],A,Low temperature calorimetry set up,"not stated,99.9 weight % (total),,rod",99.9,Weight %,1964
2.90881,0.00796617,0.000398308,None kPa,N/A,14659,['C'],A,Low temperature calorimetry set up,"not stated,99.9 weight % (total),,rod",99.9,Weight %,1964
2.98327,0.00736733,0.000368367,None kPa,N/A,14659,['C'],A,Low temperature calorimetry set up,"not stated,99.9 weight % (total),,rod",99.9,Weight %,1964
3.02518,0.00822803,0.000411402,None kPa,N/A,14659,['C'],A,Low temperature calorimetry set up,"not stated,99.9 weight % (total),,rod",99.9,Weight %,1964
3.07033,0.00899295,0.000449648,None kPa,N/A,14659,['C'],A,Low temperature calorimetry set up,"not stated,99.9 weight % (total),,rod",99.9,Weight %,1964
3.21657,0.0108078,0.000540391,None kPa,N/A,14659,['C'],A,Low temperature calorimetry set up,"not stated,99.9 weight % (total),,rod",99.9,Weight %,1964
3.28428,0.0118992,0.000594962,None kPa,N/A,14659,['C'],A,Low temperature calorimetry set up,"not stated,99.9 weight % (total),,rod",99.9,Weight %,1964
3.37397,0.0132828,0.000664141,None kPa,N/A,14659,['C'],A,Low temperature calorimetry set up,"not stated,99.9 weight % (total),,rod",99.9,Weight %,1964
3.45227,0.0145977,0.000729885,None kPa,N/A,14659,['C'],A,Low temperature calorimetry set up,"not stated,99.9 weight % (total),,rod",99.9,Weight %,1964
3.62549,0.0177201,0.000886005,None kPa,N/A,14659,['C'],A,Low temperature calorimetry set up,"not stated,99.9 weight % (total),,rod",99.9,Weight %,1964
3.73754,0.0196893,0.000984466,None kPa,N/A,14659,['C'],A,Low temperature calorimetry set up,"not stated,99.9 weight % (total),,rod",99.9,Weight %,1964
3.84433,0.0221768,0.00110884,None kPa,N/A,14659,['C'],A,Low temperature calorimetry set up,"not stated,99.9 weight % (total),,rod",99.9,Weight %,1964
3.94615,0.0236276,0.00118138,None kPa,N/A,14659,['C'],A,Low temperature calorimetry set up,"not stated,99.9 weight % (total),,rod",99.9,Weight %,1964
4.04454,0.0263187,0.00131594,None kPa,N/A,14659,['C'],A,Low temperature calorimetry set up,"not stated,99.9 weight % (total),,rod",99.9,Weight %,1964
4.151,0.0291294,0.00145647,None kPa,N/A,14659,['C'],A,Low temperature calorimetry set up,"not stated,99.9 weight % (total),,rod",99.9,Weight %,1964
4.30163,0.0332402,0.00166201,None kPa,N/A,14659,['C'],A,Low temperature calorimetry set up,"not stated,99.9 weight % (total),,rod",99.9,Weight %,1964
4.33431,0.0330126,0.00165063,None kPa,N/A,14659,['C'],A,Low temperature calorimetry set up,"not stated,99.9 weight % (total),,rod",99.9,Weight %,1964
4.37943,0.0345914,0.00172957,None kPa,N/A,14659,['C'],A,Low temperature calorimetry set up,"not stated,99.9 weight % (total),,rod",99.9,Weight %,1964
4.38481,0.0348979,0.0017449,None kPa,N/A,14659,['C'],A,Low temperature calorimetry set up,"not stated,99.9 weight % (total),,rod",99.9,Weight %,1964
4.42137,0.0354694,0.00177347,None kPa,N/A,14659,['C'],A,Low temperature calorimetry set up,"not stated,99.9 weight % (total),,rod",99.9,Weight %,1964
4.51021,0.0375547,0.00187773,None kPa,N/A,14659,['C'],A,Low temperature calorimetry set up,"not stated,99.9 weight % (total),,rod",99.9,Weight %,1964
4.5119,0.0368828,0.00184414,None kPa,N/A,14659,['C'],A,Low temperature calorimetry set up,"not stated,99.9 weight % (total),,rod",99.9,Weight %,1964
4.57928,0.0381742,0.00190871,None kPa,N/A,14659,['C'],A,Low temperature calorimetry set up,"not stated,99.9 weight % (total),,rod",99.9,Weight %,1964
4.58457,0.0404982,0.00202491,None kPa,N/A,14659,['C'],A,Low temperature calorimetry set up,"not stated,99.9 weight % (total),,rod",99.9,Weight %,1964
4.64413,0.0415105,0.00207553,None kPa,N/A,14659,['C'],A,Low temperature calorimetry set up,"not stated,99.9 weight % (total),,rod",99.9,Weight %,1964
4.68621,0.0425405,0.00212702,None kPa,N/A,14659,['C'],A,Low temperature calorimetry set up,"not stated,99.9 weight % (total),,rod",99.9,Weight %,1964
4.76676,0.0435295,0.00217647,None kPa,N/A,14659,['C'],A,Low temperature calorimetry set up,"not stated,99.9 weight % (total),,rod",99.9,Weight %,1964
4.76683,0.044738,0.0022369,None kPa,N/A,14659,['C'],A,Low temperature calorimetry set up,"not stated,99.9 weight % (total),,rod",99.9,Weight %,1964
4.85744,0.0473744,0.00236872,None kPa,N/A,14659,['C'],A,Low temperature calorimetry set up,"not stated,99.9 weight % (total),,rod",99.9,Weight %,1964
4.92655,0.0503278,0.00251639,None kPa,N/A,14659,['C'],A,Low temperature calorimetry set up,"not stated,99.9 weight % (total),,rod",99.9,Weight %,1964
5.00486,0.0526509,0.00263254,None kPa,N/A,14659,['C'],A,Low temperature calorimetry set up,"not stated,99.9 weight % (total),,rod",99.9,Weight %,1964
5.24927,0.0606631,0.00303316,None kPa,N/A,14659,['C'],A,Low temperature calorimetry set up,"not stated,99.9 weight % (total),,rod",99.9,Weight %,1964
5.28584,0.0625431,0.00312715,None kPa,N/A,14659,['C'],A,Low temperature calorimetry set up,"not stated,99.9 weight % (total),,rod",99.9,Weight %,1964
5.33099,0.0644121,0.00322061,None kPa,N/A,14659,['C'],A,Low temperature calorimetry set up,"not stated,99.9 weight % (total),,rod",99.9,Weight %,1964
5.36989,0.065325,0.00326625,None kPa,N/A,14659,['C'],A,Low temperature calorimetry set up,"not stated,99.9 weight % (total),,rod",99.9,Weight %,1964
5.37067,0.0664913,0.00332456,None kPa,N/A,14659,['C'],A,Low temperature calorimetry set up,"not stated,99.9 weight % (total),,rod",99.9,Weight %,1964
5.42738,0.067779,0.00338895,None kPa,N/A,14659,['C'],A,Low temperature calorimetry set up,"not stated,99.9 weight % (total),,rod",99.9,Weight %,1964
5.45772,0.0692474,0.00346237,None kPa,N/A,14659,['C'],A,Low temperature calorimetry set up,"not stated,99.9 weight % (total),,rod",99.9,Weight %,1964
5.50284,0.0703961,0.0035198,None kPa,N/A,14659,['C'],A,Low temperature calorimetry set up,"not stated,99.9 weight % (total),,rod",99.9,Weight %,1964
5.50719,0.0718123,0.00359061,None kPa,N/A,14659,['C'],A,Low temperature calorimetry set up,"not stated,99.9 weight % (total),,rod",99.9,Weight %,1964
5.54835,0.0721917,0.00360959,None kPa,N/A,14659,['C'],A,Low temperature calorimetry set up,"not stated,99.9 weight % (total),,rod",99.9,Weight %,1964
5.59842,0.0747238,0.00373619,None kPa,N/A,14659,['C'],A,Low temperature calorimetry set up,"not stated,99.9 weight % (total),,rod",99.9,Weight %,1964
5.64239,0.0752759,0.0037638,None kPa,N/A,14659,['C'],A,Low temperature calorimetry set up,"not stated,99.9 weight % (total),,rod",99.9,Weight %,1964
5.66191,0.0771686,0.00385843,None kPa,N/A,14659,['C'],A,Low temperature calorimetry set up,"not stated,99.9 weight % (total),,rod",99.9,Weight %,1964
5.6751,0.0783554,0.00391777,None kPa,N/A,14659,['C'],A,Low temperature calorimetry set up,"not stated,99.9 weight % (total),,rod",99.9,Weight %,1964
5.74729,0.0805732,0.00402866,None kPa,N/A,14659,['C'],A,Low temperature calorimetry set up,"not stated,99.9 weight % (total),,rod",99.9,Weight %,1964
5.78272,0.082243,0.00411215,None kPa,N/A,14659,['C'],A,Low temperature calorimetry set up,"not stated,99.9 weight % (total),,rod",99.9,Weight %,1964
5.83143,0.084359,0.00421795,None kPa,N/A,14659,['C'],A,Low temperature calorimetry set up,"not stated,99.9 weight % (total),,rod",99.9,Weight %,1964
5.95144,0.089095,0.00445475,None kPa,N/A,14659,['C'],A,Low temperature calorimetry set up,"not stated,99.9 weight % (total),,rod",99.9,Weight %,1964
6.0204,0.0937711,0.00468856,None kPa,N/A,14659,['C'],A,Low temperature calorimetry set up,"not stated,99.9 weight % (total),,rod",99.9,Weight %,1964
6.02357,0.0915503,0.00457751,None kPa,N/A,14659,['C'],A,Low temperature calorimetry set up,"not stated,99.9 weight % (total),,rod",99.9,Weight %,1964
6.1693,0.101253,0.00506264,None kPa,N/A,14659,['C'],A,Low temperature calorimetry set up,"not stated,99.9 weight % (total),,rod",99.9,Weight %,1964
6.26839,0.103795,0.00518974,None kPa,N/A,14659,['C'],A,Low temperature calorimetry set up,"not stated,99.9 weight % (total),,rod",99.9,Weight %,1964
6.28092,0.104679,0.00523396,None kPa,N/A,14659,['C'],A,Low temperature calorimetry set up,"not stated,99.9 weight % (total),,rod",99.9,Weight %,1964
6.32644,0.107904,0.00539518,None kPa,N/A,14659,['C'],A,Low temperature calorimetry set up,"not stated,99.9 weight % (total),,rod",99.9,Weight %,1964
6.4379,0.114967,0.00574833,None kPa,N/A,14659,['C'],A,Low temperature calorimetry set up,"not stated,99.9 weight % (total),,rod",99.9,Weight %,1964
6.45246,0.113858,0.00569289,None kPa,N/A,14659,['C'],A,Low temperature calorimetry set up,"not stated,99.9 weight % (total),,rod",99.9,Weight %,1964
6.49071,0.115952,0.00579761,None kPa,N/A,14659,['C'],A,Low temperature calorimetry set up,"not stated,99.9 weight % (total),,rod",99.9,Weight %,1964
6.62248,0.121981,0.00609904,None kPa,N/A,14659,['C'],A,Low temperature calorimetry set up,"not stated,99.9 weight % (total),,rod",99.9,Weight %,1964
6.67859,0.12511,0.00625551,None kPa,N/A,14659,['C'],A,Low temperature calorimetry set up,"not stated,99.9 weight % (total),,rod",99.9,Weight %,1964
6.79347,0.131505,0.00657523,None kPa,N/A,14659,['C'],A,Low temperature calorimetry set up,"not stated,99.9 weight % (total),,rod",99.9,Weight %,1964
6.84533,0.13509,0.00675451,None kPa,N/A,14659,['C'],A,Low temperature calorimetry set up,"not stated,99.9 weight % (total),,rod",99.9,Weight %,1964
6.91269,0.138217,0.00691085,None kPa,N/A,14659,['C'],A,Low temperature calorimetry set up,"not stated,99.9 weight % (total),,rod",99.9,Weight %,1964
6.95127,0.142204,0.00711021,None kPa,N/A,14659,['C'],A,Low temperature calorimetry set up,"not stated,99.9 weight % (total),,rod",99.9,Weight %,1964
7.06447,0.14788,0.00739399,None kPa,N/A,14659,['C'],A,Low temperature calorimetry set up,"not stated,99.9 weight % (total),,rod",99.9,Weight %,1964
7.13863,0.154115,0.00770576,None kPa,N/A,14659,['C'],A,Low temperature calorimetry set up,"not stated,99.9 weight % (total),,rod",99.9,Weight %,1964
7.18741,0.156263,0.00781313,None kPa,N/A,14659,['C'],A,Low temperature calorimetry set up,"not stated,99.9 weight % (total),,rod",99.9,Weight %,1964
7.23424,0.158543,0.00792714,None kPa,N/A,14659,['C'],A,Low temperature calorimetry set up,"not stated,99.9 weight % (total),,rod",99.9,Weight %,1964
7.26191,0.161473,0.00807366,None kPa,N/A,14659,['C'],A,Low temperature calorimetry set up,"not stated,99.9 weight % (total),,rod",99.9,Weight %,1964
7.40916,0.170713,0.00853566,None kPa,N/A,14659,['C'],A,Low temperature calorimetry set up,"not stated,99.9 weight % (total),,rod",99.9,Weight %,1964
7.52439,0.179188,0.00895938,None kPa,N/A,14659,['C'],A,Low temperature calorimetry set up,"not stated,99.9 weight % (total),,rod",99.9,Weight %,1964
7.56605,0.182698,0.00913488,None kPa,N/A,14659,['C'],A,Low temperature calorimetry set up,"not stated,99.9 weight % (total),,rod",99.9,Weight %,1964
7.81225,0.199342,0.0099671,None kPa,N/A,14659,['C'],A,Low temperature calorimetry set up,"not stated,99.9 weight % (total),,rod",99.9,Weight %,1964
7.85088,0.202443,0.0101221,None kPa,N/A,14659,['C'],A,Low temperature calorimetry set up,"not stated,99.9 weight % (total),,rod",99.9,Weight %,1964
7.88379,0.203093,0.0101547,None kPa,N/A,14659,['C'],A,Low temperature calorimetry set up,"not stated,99.9 weight % (total),,rod",99.9,Weight %,1964
7.99315,0.211915,0.0105958,None kPa,N/A,14659,['C'],A,Low temperature calorimetry set up,"not stated,99.9 weight % (total),,rod",99.9,Weight %,1964
8.26802,0.232334,0.0116167,None kPa,N/A,14659,['C'],A,Low temperature calorimetry set up,"not stated,99.9 weight % (total),,rod",99.9,Weight %,1964
8.31351,0.236801,0.0118401,None kPa,N/A,14659,['C'],A,Low temperature calorimetry set up,"not stated,99.9 weight % (total),,rod",99.9,Weight %,1964
8.3437,0.23975,0.0119875,None kPa,N/A,14659,['C'],A,Low temperature calorimetry set up,"not stated,99.9 weight % (total),,rod",99.9,Weight %,1964
8.40506,0.240558,0.0120279,None kPa,N/A,14659,['C'],A,Low temperature calorimetry set up,"not stated,99.9 weight % (total),,rod",99.9,Weight %,1964
8.51236,0.250779,0.0125389,None kPa,N/A,14659,['C'],A,Low temperature calorimetry set up,"not stated,99.9 weight % (total),,rod",99.9,Weight %,1964
8.54746,0.259476,0.0129738,None kPa,N/A,14659,['C'],A,Low temperature calorimetry set up,"not stated,99.9 weight % (total),,rod",99.9,Weight %,1964
8.54968,0.25559,0.0127795,None kPa,N/A,14659,['C'],A,Low temperature calorimetry set up,"not stated,99.9 weight % (total),,rod",99.9,Weight %,1964
8.64551,0.257966,0.0128983,None kPa,N/A,14659,['C'],A,Low temperature calorimetry set up,"not stated,99.9 weight % (total),,rod",99.9,Weight %,1964
8.70225,0.27044,0.013522,None kPa,N/A,14659,['C'],A,Low temperature calorimetry set up,"not stated,99.9 weight % (total),,rod",99.9,Weight %,1964
8.71571,0.267491,0.0133745,None kPa,N/A,14659,['C'],A,Low temperature calorimetry set up,"not stated,99.9 weight % (total),,rod",99.9,Weight %,1964
8.81875,0.276971,0.0138485,None kPa,N/A,14659,['C'],A,Low temperature calorimetry set up,"not stated,99.9 weight % (total),,rod",99.9,Weight %,1964
8.81973,0.28203,0.0141015,None kPa,N/A,14659,['C'],A,Low temperature calorimetry set up,"not stated,99.9 weight % (total),,rod",99.9,Weight %,1964
8.86713,0.279027,0.0139513,None kPa,N/A,14659,['C'],A,Low temperature calorimetry set up,"not stated,99.9 weight % (total),,rod",99.9,Weight %,1964
8.86997,0.289764,0.0144882,None kPa,N/A,14659,['C'],A,Low temperature calorimetry set up,"not stated,99.9 weight % (total),,rod",99.9,Weight %,1964
9.00564,0.29503,0.0147515,None kPa,N/A,14659,['C'],A,Low temperature calorimetry set up,"not stated,99.9 weight % (total),,rod",99.9,Weight %,1964
9.02126,0.292943,0.0146471,None kPa,N/A,14659,['C'],A,Low temperature calorimetry set up,"not stated,99.9 weight % (total),,rod",99.9,Weight %,1964
9.0274,0.295858,0.0147929,None kPa,N/A,14659,['C'],A,Low temperature calorimetry set up,"not stated,99.9 weight % (total),,rod",99.9,Weight %,1964
9.07824,0.280218,0.0140109,None kPa,N/A,14659,['C'],A,Low temperature calorimetry set up,"not stated,99.9 weight % (total),,rod",99.9,Weight %,1964
9.09065,0.273778,0.0136889,None kPa,N/A,14659,['C'],A,Low temperature calorimetry set up,"not stated,99.9 weight % (total),,rod",99.9,Weight %,1964
9.10617,0.29931,0.0149655,None kPa,N/A,14659,['C'],A,Low temperature calorimetry set up,"not stated,99.9 weight % (total),,rod",99.9,Weight %,1964
9.12712,0.265974,0.0132987,None kPa,N/A,14659,['C'],A,Low temperature calorimetry set up,"not stated,99.9 weight % (total),,rod",99.9,Weight %,1964
9.12998,0.257411,0.0128706,None kPa,N/A,14659,['C'],A,Low temperature calorimetry set up,"not stated,99.9 weight % (total),,rod",99.9,Weight %,1964
9.15848,0.269152,0.0134576,None kPa,N/A,14659,['C'],A,Low temperature calorimetry set up,"not stated,99.9 weight % (total),,rod",99.9,Weight %,1964
9.1932,0.249443,0.0124721,None kPa,N/A,14659,['C'],A,Low temperature calorimetry set up,"not stated,99.9 weight % (total),,rod",99.9,Weight %,1964
9.23083,0.233859,0.011693,None kPa,N/A,14659,['C'],A,Low temperature calorimetry set up,"not stated,99.9 weight % (total),,rod",99.9,Weight %,1964
9.24342,0.224605,0.0112303,None kPa,N/A,14659,['C'],A,Low temperature calorimetry set up,"not stated,99.9 weight % (total),,rod",99.9,Weight %,1964
9.27379,0.216386,0.0108193,None kPa,N/A,14659,['C'],A,Low temperature calorimetry set up,"not stated,99.9 weight % (total),,rod",99.9,Weight %,1964
9.29345,0.204247,0.0102124,None kPa,N/A,14659,['C'],A,Low temperature calorimetry set up,"not stated,99.9 weight % (total),,rod",99.9,Weight %,1964
9.35409,0.182296,0.00911482,None kPa,N/A,14659,['C'],A,Low temperature calorimetry set up,"not stated,99.9 weight % (total),,rod",99.9,Weight %,1964
9.42763,0.184032,0.00920162,None kPa,N/A,14659,['C'],A,Low temperature calorimetry set up,"not stated,99.9 weight % (total),,rod",99.9,Weight %,1964
9.48327,0.187435,0.00937174,None kPa,N/A,14659,['C'],A,Low temperature calorimetry set up,"not stated,99.9 weight % (total),,rod",99.9,Weight %,1964
9.49513,0.192196,0.0096098,None kPa,N/A,14659,['C'],A,Low temperature calorimetry set up,"not stated,99.9 weight % (total),,rod",99.9,Weight %,1964
9.68744,0.198893,0.00994464,None kPa,N/A,14659,['C'],A,Low temperature calorimetry set up,"not stated,99.9 weight % (total),,rod",99.9,Weight %,1964
9.74957,0.197594,0.00987969,None kPa,N/A,14659,['C'],A,Low temperature calorimetry set up,"not stated,99.9 weight % (total),,rod",99.9,Weight %,1964
9.82509,0.208916,0.0104458,None kPa,N/A,14659,['C'],A,Low temperature calorimetry set up,"not stated,99.9 weight % (total),,rod",99.9,Weight %,1964
600.0,23.4304,1.17152,1.33322e-06 kPa,N/A,17616,['C'],A,Resistive pulse heating - microsecond,origin: commercial source,,,1968
1000.0,24.8948,1.24474,None kPa,N/A,17616,['C'],A,Resistive pulse heating - microsecond,origin: commercial source,,,1968
1200.0,25.3132,1.26566,1.33322e-06 kPa,N/A,17617,['C'],A,Resistive pulse heating - microsecond,origin: commercial source,,,1968
1500.0,26.6521,1.3326,None kPa,N/A,17617,['C'],A,Resistive pulse heating - microsecond,origin: commercial source,,,1968
1700.0,27.8236,1.39118,None kPa,N/A,17617,['C'],A,Resistive pulse heating - microsecond,origin: commercial source,,,1968
2000.0,30.5432,1.52716,None kPa,N/A,17617,['C'],A,Resistive pulse heating - microsecond,origin: commercial source,,,1968
2200.0,33.472,1.6736,None kPa,N/A,17617,['C'],A,Resistive pulse heating - microsecond,origin: commercial source,,,1968
2500.0,39.748,1.9874,None kPa,N/A,17617,['C'],A,Resistive pulse heating - microsecond,origin: commercial source,,,1968
2700.0,43.0952,2.15476,None kPa,N/A,17617,['C'],A,Resistive pulse heating - microsecond,origin: commercial source,,,1968
1.2,0.00951,6.00001e-05,None kPa,N/A,18508,['C'],A,Adiabatic calorimeter (non-vacuum) ,"not stated,99.8 % (total),",99.8,Not Specified %,1969
1.25,0.00992,6.25001e-05,None kPa,N/A,18508,['C'],A,Adiabatic calorimeter (non-vacuum) ,"not stated,99.8 % (total),",99.8,Not Specified %,1969
1.3,0.01033,6.50001e-05,None kPa,N/A,18508,['C'],A,Adiabatic calorimeter (non-vacuum) ,"not stated,99.8 % (total),",99.8,Not Specified %,1969
1.35,0.01075,6.75001e-05,None kPa,N/A,18508,['C'],A,Adiabatic calorimeter (non-vacuum) ,"not stated,99.8 % (total),",99.8,Not Specified %,1969
1.4,0.01116,7.00001e-05,None kPa,N/A,18508,['C'],A,Adiabatic calorimeter (non-vacuum) ,"not stated,99.8 % (total),",99.8,Not Specified %,1969
1.45,0.01158,7.25001e-05,None kPa,N/A,18508,['C'],A,Adiabatic calorimeter (non-vacuum) ,"not stated,99.8 % (total),",99.8,Not Specified %,1969
1.5,0.012,7.50002e-05,None kPa,N/A,18508,['C'],A,Adiabatic calorimeter (non-vacuum) ,"not stated,99.8 % (total),",99.8,Not Specified %,1969
1.55,0.01242,7.75002e-05,None kPa,N/A,18508,['C'],A,Adiabatic calorimeter (non-vacuum) ,"not stated,99.8 % (total),",99.8,Not Specified %,1969
1.6,0.01284,8.00002e-05,None kPa,N/A,18508,['C'],A,Adiabatic calorimeter (non-vacuum) ,"not stated,99.8 % (total),",99.8,Not Specified %,1969
1.65,0.01327,8.25003e-05,None kPa,N/A,18508,['C'],A,Adiabatic calorimeter (non-vacuum) ,"not stated,99.8 % (total),",99.8,Not Specified %,1969
1.7,0.0137,8.50003e-05,None kPa,N/A,18508,['C'],A,Adiabatic calorimeter (non-vacuum) ,"not stated,99.8 % (total),",99.8,Not Specified %,1969
1.75,0.01412,8.75004e-05,None kPa,N/A,18508,['C'],A,Adiabatic calorimeter (non-vacuum) ,"not stated,99.8 % (total),",99.8,Not Specified %,1969
1.8,0.01456,9.00004e-05,None kPa,N/A,18508,['C'],A,Adiabatic calorimeter (non-vacuum) ,"not stated,99.8 % (total),",99.8,Not Specified %,1969
1.85,0.01499,9.25005e-05,None kPa,N/A,18508,['C'],A,Adiabatic calorimeter (non-vacuum) ,"not stated,99.8 % (total),",99.8,Not Specified %,1969
1.9,0.01543,9.50006e-05,None kPa,N/A,18508,['C'],A,Adiabatic calorimeter (non-vacuum) ,"not stated,99.8 % (total),",99.8,Not Specified %,1969
1.95,0.01587,9.75006e-05,None kPa,N/A,18508,['C'],A,Adiabatic calorimeter (non-vacuum) ,"not stated,99.8 % (total),",99.8,Not Specified %,1969
2.0,0.01631,0.000100001,None kPa,N/A,18508,['C'],A,Adiabatic calorimeter (non-vacuum) ,"not stated,99.8 % (total),",99.8,Not Specified %,1969
2.05,0.01675,0.000102501,None kPa,N/A,18508,['C'],A,Adiabatic calorimeter (non-vacuum) ,"not stated,99.8 % (total),",99.8,Not Specified %,1969
2.1,0.0172,0.000105001,None kPa,N/A,18508,['C'],A,Adiabatic calorimeter (non-vacuum) ,"not stated,99.8 % (total),",99.8,Not Specified %,1969
2.15,0.01765,0.000107501,None kPa,N/A,18508,['C'],A,Adiabatic calorimeter (non-vacuum) ,"not stated,99.8 % (total),",99.8,Not Specified %,1969
2.2,0.0181,0.000110001,None kPa,N/A,18508,['C'],A,Adiabatic calorimeter (non-vacuum) ,"not stated,99.8 % (total),",99.8,Not Specified %,1969
2.25,0.01856,0.000112501,None kPa,N/A,18508,['C'],A,Adiabatic calorimeter (non-vacuum) ,"not stated,99.8 % (total),",99.8,Not Specified %,1969
2.3,0.01902,0.000115001,None kPa,N/A,18508,['C'],A,Adiabatic calorimeter (non-vacuum) ,"not stated,99.8 % (total),",99.8,Not Specified %,1969
2.35,0.01948,0.000117502,None kPa,N/A,18508,['C'],A,Adiabatic calorimeter (non-vacuum) ,"not stated,99.8 % (total),",99.8,Not Specified %,1969
2.4,0.01994,0.000120002,None kPa,N/A,18508,['C'],A,Adiabatic calorimeter (non-vacuum) ,"not stated,99.8 % (total),",99.8,Not Specified %,1969
2.45,0.02041,0.000122502,None kPa,N/A,18508,['C'],A,Adiabatic calorimeter (non-vacuum) ,"not stated,99.8 % (total),",99.8,Not Specified %,1969
2.5,0.02088,0.000125002,None kPa,N/A,18508,['C'],A,Adiabatic calorimeter (non-vacuum) ,"not stated,99.8 % (total),",99.8,Not Specified %,1969
2.55,0.02136,0.000127502,None kPa,N/A,18508,['C'],A,Adiabatic calorimeter (non-vacuum) ,"not stated,99.8 % (total),",99.8,Not Specified %,1969
2.6,0.02184,0.000130003,None kPa,N/A,18508,['C'],A,Adiabatic calorimeter (non-vacuum) ,"not stated,99.8 % (total),",99.8,Not Specified %,1969
2.65,0.02232,0.000132503,None kPa,N/A,18508,['C'],A,Adiabatic calorimeter (non-vacuum) ,"not stated,99.8 % (total),",99.8,Not Specified %,1969
2.7,0.0228,0.000135003,None kPa,N/A,18508,['C'],A,Adiabatic calorimeter (non-vacuum) ,"not stated,99.8 % (total),",99.8,Not Specified %,1969
2.75,0.02329,0.000137504,None kPa,N/A,18508,['C'],A,Adiabatic calorimeter (non-vacuum) ,"not stated,99.8 % (total),",99.8,Not Specified %,1969
2.8,0.02378,0.000140004,None kPa,N/A,18508,['C'],A,Adiabatic calorimeter (non-vacuum) ,"not stated,99.8 % (total),",99.8,Not Specified %,1969
2.85,0.02428,0.000142504,None kPa,N/A,18508,['C'],A,Adiabatic calorimeter (non-vacuum) ,"not stated,99.8 % (total),",99.8,Not Specified %,1969
2.9,0.02478,0.000145005,None kPa,N/A,18508,['C'],A,Adiabatic calorimeter (non-vacuum) ,"not stated,99.8 % (total),",99.8,Not Specified %,1969
2.95,0.02528,0.000147505,None kPa,N/A,18508,['C'],A,Adiabatic calorimeter (non-vacuum) ,"not stated,99.8 % (total),",99.8,Not Specified %,1969
3.0,0.02579,0.000150005,None kPa,N/A,18508,['C'],A,Adiabatic calorimeter (non-vacuum) ,"not stated,99.8 % (total),",99.8,Not Specified %,1969
2.33602,0.0025493,5.0986e-05,None kPa,N/A,19976,['C'],A,Vacuum adiabatic calorimetry,"origin: commercial source,99.7 % (total),chemical analysis,powder",99.7,Not Specified %,1971
2.44397,0.00331232,6.62463e-05,None kPa,N/A,19976,['C'],A,Vacuum adiabatic calorimetry,"origin: commercial source,99.7 % (total),chemical analysis,powder",99.7,Not Specified %,1971
2.51356,0.00381081,7.62163e-05,None kPa,N/A,19976,['C'],A,Vacuum adiabatic calorimetry,"origin: commercial source,99.7 % (total),chemical analysis,powder",99.7,Not Specified %,1971
2.65838,0.0048239,9.6478e-05,None kPa,N/A,19976,['C'],A,Vacuum adiabatic calorimetry,"origin: commercial source,99.7 % (total),chemical analysis,powder",99.7,Not Specified %,1971
2.79553,0.00600368,0.000120074,None kPa,N/A,19976,['C'],A,Vacuum adiabatic calorimetry,"origin: commercial source,99.7 % (total),chemical analysis,powder",99.7,Not Specified %,1971
2.8457,0.00692728,0.000138546,None kPa,N/A,19976,['C'],A,Vacuum adiabatic calorimetry,"origin: commercial source,99.7 % (total),chemical analysis,powder",99.7,Not Specified %,1971
2.95466,0.00810847,0.000162169,None kPa,N/A,19976,['C'],A,Vacuum adiabatic calorimetry,"origin: commercial source,99.7 % (total),chemical analysis,powder",99.7,Not Specified %,1971
3.09758,0.00946125,0.000189225,None kPa,N/A,19976,['C'],A,Vacuum adiabatic calorimetry,"origin: commercial source,99.7 % (total),chemical analysis,powder",99.7,Not Specified %,1971
3.17994,0.0104429,0.000208858,None kPa,N/A,19976,['C'],A,Vacuum adiabatic calorimetry,"origin: commercial source,99.7 % (total),chemical analysis,powder",99.7,Not Specified %,1971
3.25975,0.0119017,0.000238034,None kPa,N/A,19976,['C'],A,Vacuum adiabatic calorimetry,"origin: commercial source,99.7 % (total),chemical analysis,powder",99.7,Not Specified %,1971
3.39765,0.014121,0.000282419,None kPa,N/A,19976,['C'],A,Vacuum adiabatic calorimetry,"origin: commercial source,99.7 % (total),chemical analysis,powder",99.7,Not Specified %,1971
3.54683,0.0163292,0.000326585,None kPa,N/A,19976,['C'],A,Vacuum adiabatic calorimetry,"origin: commercial source,99.7 % (total),chemical analysis,powder",99.7,Not Specified %,1971
3.6104,0.0180715,0.00036143,None kPa,N/A,19976,['C'],A,Vacuum adiabatic calorimetry,"origin: commercial source,99.7 % (total),chemical analysis,powder",99.7,Not Specified %,1971
3.70486,0.0195654,0.000391307,None kPa,N/A,19976,['C'],A,Vacuum adiabatic calorimetry,"origin: commercial source,99.7 % (total),chemical analysis,powder",99.7,Not Specified %,1971
3.80487,0.020837,0.000416739,None kPa,N/A,19976,['C'],A,Vacuum adiabatic calorimetry,"origin: commercial source,99.7 % (total),chemical analysis,powder",99.7,Not Specified %,1971
3.84968,0.0220101,0.000440203,None kPa,N/A,19976,['C'],A,Vacuum adiabatic calorimetry,"origin: commercial source,99.7 % (total),chemical analysis,powder",99.7,Not Specified %,1971
3.9309,0.0236927,0.000473855,None kPa,N/A,19976,['C'],A,Vacuum adiabatic calorimetry,"origin: commercial source,99.7 % (total),chemical analysis,powder",99.7,Not Specified %,1971
4.05253,0.0271228,0.000542455,None kPa,N/A,19976,['C'],A,Vacuum adiabatic calorimetry,"origin: commercial source,99.7 % (total),chemical analysis,powder",99.7,Not Specified %,1971
4.09512,0.0278312,0.000556625,None kPa,N/A,19976,['C'],A,Vacuum adiabatic calorimetry,"origin: commercial source,99.7 % (total),chemical analysis,powder",99.7,Not Specified %,1971
4.33463,0.0322973,0.000645946,None kPa,N/A,19976,['C'],A,Vacuum adiabatic calorimetry,"origin: commercial source,99.7 % (total),chemical analysis,powder",99.7,Not Specified %,1971
4.36749,0.0333943,0.000667886,None kPa,N/A,19976,['C'],A,Vacuum adiabatic calorimetry,"origin: commercial source,99.7 % (total),chemical analysis,powder",99.7,Not Specified %,1971
4.46509,0.0359346,0.000718691,None kPa,N/A,19976,['C'],A,Vacuum adiabatic calorimetry,"origin: commercial source,99.7 % (total),chemical analysis,powder",99.7,Not Specified %,1971
4.497,0.03712,0.000742401,None kPa,N/A,19976,['C'],A,Vacuum adiabatic calorimetry,"origin: commercial source,99.7 % (total),chemical analysis,powder",99.7,Not Specified %,1971
4.54786,0.0384799,0.000769597,None kPa,N/A,19976,['C'],A,Vacuum adiabatic calorimetry,"origin: commercial source,99.7 % (total),chemical analysis,powder",99.7,Not Specified %,1971
4.70287,0.0435698,0.000871395,None kPa,N/A,19976,['C'],A,Vacuum adiabatic calorimetry,"origin: commercial source,99.7 % (total),chemical analysis,powder",99.7,Not Specified %,1971
5.16866,0.0590989,0.00118198,None kPa,N/A,19976,['C'],A,Vacuum adiabatic calorimetry,"origin: commercial source,99.7 % (total),chemical analysis,powder",99.7,Not Specified %,1971
5.41876,0.0678077,0.00135615,None kPa,N/A,19976,['C'],A,Vacuum adiabatic calorimetry,"origin: commercial source,99.7 % (total),chemical analysis,powder",99.7,Not Specified %,1971
5.64207,0.0774674,0.00154935,None kPa,N/A,19976,['C'],A,Vacuum adiabatic calorimetry,"origin: commercial source,99.7 % (total),chemical analysis,powder",99.7,Not Specified %,1971
5.86234,0.0864155,0.00172831,None kPa,N/A,19976,['C'],A,Vacuum adiabatic calorimetry,"origin: commercial source,99.7 % (total),chemical analysis,powder",99.7,Not Specified %,1971
6.10754,0.0976033,0.00195207,None kPa,N/A,19976,['C'],A,Vacuum adiabatic calorimetry,"origin: commercial source,99.7 % (total),chemical analysis,powder",99.7,Not Specified %,1971
6.62337,0.122732,0.00245465,None kPa,N/A,19976,['C'],A,Vacuum adiabatic calorimetry,"origin: commercial source,99.7 % (total),chemical analysis,powder",99.7,Not Specified %,1971
6.84544,0.135885,0.00271771,None kPa,N/A,19976,['C'],A,Vacuum adiabatic calorimetry,"origin: commercial source,99.7 % (total),chemical analysis,powder",99.7,Not Specified %,1971
7.14976,0.154733,0.00309466,None kPa,N/A,19976,['C'],A,Vacuum adiabatic calorimetry,"origin: commercial source,99.7 % (total),chemical analysis,powder",99.7,Not Specified %,1971
7.43048,0.171647,0.00343294,None kPa,N/A,19976,['C'],A,Vacuum adiabatic calorimetry,"origin: commercial source,99.7 % (total),chemical analysis,powder",99.7,Not Specified %,1971
7.74932,0.193251,0.00386502,None kPa,N/A,19976,['C'],A,Vacuum adiabatic calorimetry,"origin: commercial source,99.7 % (total),chemical analysis,powder",99.7,Not Specified %,1971
8.02309,0.214265,0.00428531,None kPa,N/A,19976,['C'],A,Vacuum adiabatic calorimetry,"origin: commercial source,99.7 % (total),chemical analysis,powder",99.7,Not Specified %,1971
8.34728,0.237594,0.00475189,None kPa,N/A,19976,['C'],A,Vacuum adiabatic calorimetry,"origin: commercial source,99.7 % (total),chemical analysis,powder",99.7,Not Specified %,1971
8.67243,0.26418,0.00528361,None kPa,N/A,19976,['C'],A,Vacuum adiabatic calorimetry,"origin: commercial source,99.7 % (total),chemical analysis,powder",99.7,Not Specified %,1971
8.7054,0.268182,0.00536364,None kPa,N/A,19976,['C'],A,Vacuum adiabatic calorimetry,"origin: commercial source,99.7 % (total),chemical analysis,powder",99.7,Not Specified %,1971
9.12661,0.184463,0.00368927,None kPa,N/A,19976,['C'],A,Vacuum adiabatic calorimetry,"origin: commercial source,99.7 % (total),chemical analysis,powder",99.7,Not Specified %,1971
9.19348,0.168033,0.00336066,None kPa,N/A,19977,['C'],A,Vacuum adiabatic calorimetry,"origin: commercial source,99.7 % (total),chemical analysis,powder",99.7,Not Specified %,1971
9.29231,0.17173,0.0034346,None kPa,N/A,19977,['C'],A,Vacuum adiabatic calorimetry,"origin: commercial source,99.7 % (total),chemical analysis,powder",99.7,Not Specified %,1971
9.44627,0.178688,0.00357377,None kPa,N/A,19977,['C'],A,Vacuum adiabatic calorimetry,"origin: commercial source,99.7 % (total),chemical analysis,powder",99.7,Not Specified %,1971
9.68514,0.187994,0.00375989,None kPa,N/A,19977,['C'],A,Vacuum adiabatic calorimetry,"origin: commercial source,99.7 % (total),chemical analysis,powder",99.7,Not Specified %,1971
9.77522,0.192084,0.00384168,None kPa,N/A,19977,['C'],A,Vacuum adiabatic calorimetry,"origin: commercial source,99.7 % (total),chemical analysis,powder",99.7,Not Specified %,1971
9.82171,0.19492,0.00389839,None kPa,N/A,19977,['C'],A,Vacuum adiabatic calorimetry,"origin: commercial source,99.7 % (total),chemical analysis,powder",99.7,Not Specified %,1971
9.92356,0.199104,0.00398209,None kPa,N/A,19977,['C'],A,Vacuum adiabatic calorimetry,"origin: commercial source,99.7 % (total),chemical analysis,powder",99.7,Not Specified %,1971
10.1655,0.209866,0.00419733,None kPa,N/A,19977,['C'],A,Vacuum adiabatic calorimetry,"origin: commercial source,99.7 % (total),chemical analysis,powder",99.7,Not Specified %,1971
10.2441,0.215052,0.00430103,None kPa,N/A,19977,['C'],A,Vacuum adiabatic calorimetry,"origin: commercial source,99.7 % (total),chemical analysis,powder",99.7,Not Specified %,1971
10.3453,0.219433,0.00438866,None kPa,N/A,19977,['C'],A,Vacuum adiabatic calorimetry,"origin: commercial source,99.7 % (total),chemical analysis,powder",99.7,Not Specified %,1971
10.3491,0.217123,0.00434246,None kPa,N/A,19977,['C'],A,Vacuum adiabatic calorimetry,"origin: commercial source,99.7 % (total),chemical analysis,powder",99.7,Not Specified %,1971
10.6346,0.232066,0.00464133,None kPa,N/A,19977,['C'],A,Vacuum adiabatic calorimetry,"origin: commercial source,99.7 % (total),chemical analysis,powder",99.7,Not Specified %,1971
10.7712,0.238493,0.00476986,None kPa,N/A,19977,['C'],A,Vacuum adiabatic calorimetry,"origin: commercial source,99.7 % (total),chemical analysis,powder",99.7,Not Specified %,1971
10.8018,0.23933,0.00478661,None kPa,N/A,19977,['C'],A,Vacuum adiabatic calorimetry,"origin: commercial source,99.7 % (total),chemical analysis,powder",99.7,Not Specified %,1971
11.2135,0.26043,0.00520859,None kPa,N/A,19977,['C'],A,Vacuum adiabatic calorimetry,"origin: commercial source,99.7 % (total),chemical analysis,powder",99.7,Not Specified %,1971
11.2933,0.262541,0.00525083,None kPa,N/A,19977,['C'],A,Vacuum adiabatic calorimetry,"origin: commercial source,99.7 % (total),chemical analysis,powder",99.7,Not Specified %,1971
11.6688,0.28432,0.0056864,None kPa,N/A,19977,['C'],A,Vacuum adiabatic calorimetry,"origin: commercial source,99.7 % (total),chemical analysis,powder",99.7,Not Specified %,1971
11.7748,0.289476,0.00578953,None kPa,N/A,19977,['C'],A,Vacuum adiabatic calorimetry,"origin: commercial source,99.7 % (total),chemical analysis,powder",99.7,Not Specified %,1971
12.1852,0.312851,0.00625702,None kPa,N/A,19977,['C'],A,Vacuum adiabatic calorimetry,"origin: commercial source,99.7 % (total),chemical analysis,powder",99.7,Not Specified %,1971
12.345,0.318681,0.00637362,None kPa,N/A,19977,['C'],A,Vacuum adiabatic calorimetry,"origin: commercial source,99.7 % (total),chemical analysis,powder",99.7,Not Specified %,1971
12.7454,0.346688,0.00693375,None kPa,N/A,19977,['C'],A,Vacuum adiabatic calorimetry,"origin: commercial source,99.7 % (total),chemical analysis,powder",99.7,Not Specified %,1971
12.7754,0.348251,0.00696502,None kPa,N/A,19977,['C'],A,Vacuum adiabatic calorimetry,"origin: commercial source,99.7 % (total),chemical analysis,powder",99.7,Not Specified %,1971
13.3314,0.382896,0.00765792,None kPa,N/A,19977,['C'],A,Vacuum adiabatic calorimetry,"origin: commercial source,99.7 % (total),chemical analysis,powder",99.7,Not Specified %,1971
13.3642,0.386933,0.00773866,None kPa,N/A,19977,['C'],A,Vacuum adiabatic calorimetry,"origin: commercial source,99.7 % (total),chemical analysis,powder",99.7,Not Specified %,1971
13.9375,0.42402,0.00848039,None kPa,N/A,19977,['C'],A,Vacuum adiabatic calorimetry,"origin: commercial source,99.7 % (total),chemical analysis,powder",99.7,Not Specified %,1971
2.43774,0.0202074,0.000404149,None kPa,N/A,19978,['C'],A,Vacuum adiabatic calorimetry,"origin: commercial source,99.7 % (total),chemical analysis,powder",99.7,Not Specified %,1971
2.5316,0.0210875,0.000421749,None kPa,N/A,19978,['C'],A,Vacuum adiabatic calorimetry,"origin: commercial source,99.7 % (total),chemical analysis,powder",99.7,Not Specified %,1971
2.67167,0.0223928,0.000447857,None kPa,N/A,19978,['C'],A,Vacuum adiabatic calorimetry,"origin: commercial source,99.7 % (total),chemical analysis,powder",99.7,Not Specified %,1971
2.8715,0.0243652,0.000487305,None kPa,N/A,19978,['C'],A,Vacuum adiabatic calorimetry,"origin: commercial source,99.7 % (total),chemical analysis,powder",99.7,Not Specified %,1971
2.94668,0.0250541,0.000501082,None kPa,N/A,19978,['C'],A,Vacuum adiabatic calorimetry,"origin: commercial source,99.7 % (total),chemical analysis,powder",99.7,Not Specified %,1971
3.0583,0.0262846,0.000525691,None kPa,N/A,19978,['C'],A,Vacuum adiabatic calorimetry,"origin: commercial source,99.7 % (total),chemical analysis,powder",99.7,Not Specified %,1971
3.23432,0.0282065,0.000564129,None kPa,N/A,19978,['C'],A,Vacuum adiabatic calorimetry,"origin: commercial source,99.7 % (total),chemical analysis,powder",99.7,Not Specified %,1971
3.34937,0.0296332,0.000592665,None kPa,N/A,19978,['C'],A,Vacuum adiabatic calorimetry,"origin: commercial source,99.7 % (total),chemical analysis,powder",99.7,Not Specified %,1971
3.48587,0.0310619,0.000621238,None kPa,N/A,19978,['C'],A,Vacuum adiabatic calorimetry,"origin: commercial source,99.7 % (total),chemical analysis,powder",99.7,Not Specified %,1971
3.62523,0.0326999,0.000653999,None kPa,N/A,19978,['C'],A,Vacuum adiabatic calorimetry,"origin: commercial source,99.7 % (total),chemical analysis,powder",99.7,Not Specified %,1971
3.68897,0.0335294,0.000670588,None kPa,N/A,19978,['C'],A,Vacuum adiabatic calorimetry,"origin: commercial source,99.7 % (total),chemical analysis,powder",99.7,Not Specified %,1971
3.83617,0.0352866,0.000705733,None kPa,N/A,19978,['C'],A,Vacuum adiabatic calorimetry,"origin: commercial source,99.7 % (total),chemical analysis,powder",99.7,Not Specified %,1971
3.9077,0.0361243,0.000722486,None kPa,N/A,19978,['C'],A,Vacuum adiabatic calorimetry,"origin: commercial source,99.7 % (total),chemical analysis,powder",99.7,Not Specified %,1971
3.98522,0.0372303,0.000744607,None kPa,N/A,19978,['C'],A,Vacuum adiabatic calorimetry,"origin: commercial source,99.7 % (total),chemical analysis,powder",99.7,Not Specified %,1971
4.04329,0.0380983,0.000761966,None kPa,N/A,19978,['C'],A,Vacuum adiabatic calorimetry,"origin: commercial source,99.7 % (total),chemical analysis,powder",99.7,Not Specified %,1971
4.11826,0.0391832,0.000783664,None kPa,N/A,19978,['C'],A,Vacuum adiabatic calorimetry,"origin: commercial source,99.7 % (total),chemical analysis,powder",99.7,Not Specified %,1971
4.23344,0.0406931,0.000813862,None kPa,N/A,19978,['C'],A,Vacuum adiabatic calorimetry,"origin: commercial source,99.7 % (total),chemical analysis,powder",99.7,Not Specified %,1971
4.28139,0.0412037,0.000824073,None kPa,N/A,19978,['C'],A,Vacuum adiabatic calorimetry,"origin: commercial source,99.7 % (total),chemical analysis,powder",99.7,Not Specified %,1971
4.35559,0.0424187,0.000848374,None kPa,N/A,19978,['C'],A,Vacuum adiabatic calorimetry,"origin: commercial source,99.7 % (total),chemical analysis,powder",99.7,Not Specified %,1971
4.40547,0.0433093,0.000866187,None kPa,N/A,19978,['C'],A,Vacuum adiabatic calorimetry,"origin: commercial source,99.7 % (total),chemical analysis,powder",99.7,Not Specified %,1971
4.59019,0.0458119,0.000916238,None kPa,N/A,19978,['C'],A,Vacuum adiabatic calorimetry,"origin: commercial source,99.7 % (total),chemical analysis,powder",99.7,Not Specified %,1971
4.6218,0.0464726,0.000929452,None kPa,N/A,19978,['C'],A,Vacuum adiabatic calorimetry,"origin: commercial source,99.7 % (total),chemical analysis,powder",99.7,Not Specified %,1971
4.90328,0.0509947,0.00101989,None kPa,N/A,19978,['C'],A,Vacuum adiabatic calorimetry,"origin: commercial source,99.7 % (total),chemical analysis,powder",99.7,Not Specified %,1971
4.9477,0.0514852,0.0010297,None kPa,N/A,19978,['C'],A,Vacuum adiabatic calorimetry,"origin: commercial source,99.7 % (total),chemical analysis,powder",99.7,Not Specified %,1971
4.97408,0.0522741,0.00104548,None kPa,N/A,19978,['C'],A,Vacuum adiabatic calorimetry,"origin: commercial source,99.7 % (total),chemical analysis,powder",99.7,Not Specified %,1971
5.0928,0.054166,0.00108332,None kPa,N/A,19978,['C'],A,Vacuum adiabatic calorimetry,"origin: commercial source,99.7 % (total),chemical analysis,powder",99.7,Not Specified %,1971
5.20895,0.056364,0.00112728,None kPa,N/A,19978,['C'],A,Vacuum adiabatic calorimetry,"origin: commercial source,99.7 % (total),chemical analysis,powder",99.7,Not Specified %,1971
5.24234,0.0569344,0.00113869,None kPa,N/A,19978,['C'],A,Vacuum adiabatic calorimetry,"origin: commercial source,99.7 % (total),chemical analysis,powder",99.7,Not Specified %,1971
5.31193,0.0581136,0.00116227,None kPa,N/A,19978,['C'],A,Vacuum adiabatic calorimetry,"origin: commercial source,99.7 % (total),chemical analysis,powder",99.7,Not Specified %,1971
5.58485,0.0634049,0.0012681,None kPa,N/A,19978,['C'],A,Vacuum adiabatic calorimetry,"origin: commercial source,99.7 % (total),chemical analysis,powder",99.7,Not Specified %,1971
5.70679,0.0659876,0.00131975,None kPa,N/A,19978,['C'],A,Vacuum adiabatic calorimetry,"origin: commercial source,99.7 % (total),chemical analysis,powder",99.7,Not Specified %,1971
5.80092,0.0677699,0.0013554,None kPa,N/A,19978,['C'],A,Vacuum adiabatic calorimetry,"origin: commercial source,99.7 % (total),chemical analysis,powder",99.7,Not Specified %,1971
5.92154,0.0700163,0.00140033,None kPa,N/A,19978,['C'],A,Vacuum adiabatic calorimetry,"origin: commercial source,99.7 % (total),chemical analysis,powder",99.7,Not Specified %,1971
5.94318,0.0707019,0.00141404,None kPa,N/A,19978,['C'],A,Vacuum adiabatic calorimetry,"origin: commercial source,99.7 % (total),chemical analysis,powder",99.7,Not Specified %,1971
6.03817,0.0729031,0.00145806,None kPa,N/A,19978,['C'],A,Vacuum adiabatic calorimetry,"origin: commercial source,99.7 % (total),chemical analysis,powder",99.7,Not Specified %,1971
6.16905,0.0753784,0.00150757,None kPa,N/A,19978,['C'],A,Vacuum adiabatic calorimetry,"origin: commercial source,99.7 % (total),chemical analysis,powder",99.7,Not Specified %,1971
6.1928,0.0760272,0.00152054,None kPa,N/A,19978,['C'],A,Vacuum adiabatic calorimetry,"origin: commercial source,99.7 % (total),chemical analysis,powder",99.7,Not Specified %,1971
6.29428,0.0779804,0.00155961,None kPa,N/A,19978,['C'],A,Vacuum adiabatic calorimetry,"origin: commercial source,99.7 % (total),chemical analysis,powder",99.7,Not Specified %,1971
6.43739,0.0802788,0.00160558,None kPa,N/A,19978,['C'],A,Vacuum adiabatic calorimetry,"origin: commercial source,99.7 % (total),chemical analysis,powder",99.7,Not Specified %,1971
6.48876,0.0820757,0.00164151,None kPa,N/A,19978,['C'],A,Vacuum adiabatic calorimetry,"origin: commercial source,99.7 % (total),chemical analysis,powder",99.7,Not Specified %,1971
6.55317,0.0839454,0.00167891,None kPa,N/A,19978,['C'],A,Vacuum adiabatic calorimetry,"origin: commercial source,99.7 % (total),chemical analysis,powder",99.7,Not Specified %,1971
6.62797,0.0856685,0.00171337,None kPa,N/A,19978,['C'],A,Vacuum adiabatic calorimetry,"origin: commercial source,99.7 % (total),chemical analysis,powder",99.7,Not Specified %,1971
6.75137,0.0892059,0.00178412,None kPa,N/A,19978,['C'],A,Vacuum adiabatic calorimetry,"origin: commercial source,99.7 % (total),chemical analysis,powder",99.7,Not Specified %,1971
6.82825,0.0911271,0.00182254,None kPa,N/A,19978,['C'],A,Vacuum adiabatic calorimetry,"origin: commercial source,99.7 % (total),chemical analysis,powder",99.7,Not Specified %,1971
6.93361,0.0936932,0.00187386,None kPa,N/A,19978,['C'],A,Vacuum adiabatic calorimetry,"origin: commercial source,99.7 % (total),chemical analysis,powder",99.7,Not Specified %,1971
7.0065,0.0955266,0.00191053,None kPa,N/A,19978,['C'],A,Vacuum adiabatic calorimetry,"origin: commercial source,99.7 % (total),chemical analysis,powder",99.7,Not Specified %,1971
7.03122,0.0964697,0.00192939,None kPa,N/A,19978,['C'],A,Vacuum adiabatic calorimetry,"origin: commercial source,99.7 % (total),chemical analysis,powder",99.7,Not Specified %,1971
7.11316,0.0989042,0.00197808,None kPa,N/A,19978,['C'],A,Vacuum adiabatic calorimetry,"origin: commercial source,99.7 % (total),chemical analysis,powder",99.7,Not Specified %,1971
7.18805,0.101269,0.00202539,None kPa,N/A,19978,['C'],A,Vacuum adiabatic calorimetry,"origin: commercial source,99.7 % (total),chemical analysis,powder",99.7,Not Specified %,1971
7.25837,0.102972,0.00205945,None kPa,N/A,19978,['C'],A,Vacuum adiabatic calorimetry,"origin: commercial source,99.7 % (total),chemical analysis,powder",99.7,Not Specified %,1971
7.33403,0.104682,0.00209365,None kPa,N/A,19978,['C'],A,Vacuum adiabatic calorimetry,"origin: commercial source,99.7 % (total),chemical analysis,powder",99.7,Not Specified %,1971
7.46907,0.108975,0.0021795,None kPa,N/A,19978,['C'],A,Vacuum adiabatic calorimetry,"origin: commercial source,99.7 % (total),chemical analysis,powder",99.7,Not Specified %,1971
7.4942,0.109816,0.00219632,None kPa,N/A,19978,['C'],A,Vacuum adiabatic calorimetry,"origin: commercial source,99.7 % (total),chemical analysis,powder",99.7,Not Specified %,1971
7.57694,0.112382,0.00224764,None kPa,N/A,19978,['C'],A,Vacuum adiabatic calorimetry,"origin: commercial source,99.7 % (total),chemical analysis,powder",99.7,Not Specified %,1971
7.62843,0.113762,0.00227524,None kPa,N/A,19978,['C'],A,Vacuum adiabatic calorimetry,"origin: commercial source,99.7 % (total),chemical analysis,powder",99.7,Not Specified %,1971
7.77895,0.118784,0.00237567,None kPa,N/A,19978,['C'],A,Vacuum adiabatic calorimetry,"origin: commercial source,99.7 % (total),chemical analysis,powder",99.7,Not Specified %,1971
7.85315,0.120913,0.00241827,None kPa,N/A,19978,['C'],A,Vacuum adiabatic calorimetry,"origin: commercial source,99.7 % (total),chemical analysis,powder",99.7,Not Specified %,1971
7.91941,0.122847,0.00245695,None kPa,N/A,19978,['C'],A,Vacuum adiabatic calorimetry,"origin: commercial source,99.7 % (total),chemical analysis,powder",99.7,Not Specified %,1971
8.13074,0.12992,0.00259841,None kPa,N/A,19978,['C'],A,Vacuum adiabatic calorimetry,"origin: commercial source,99.7 % (total),chemical analysis,powder",99.7,Not Specified %,1971
8.21243,0.132269,0.00264537,None kPa,N/A,19978,['C'],A,Vacuum adiabatic calorimetry,"origin: commercial source,99.7 % (total),chemical analysis,powder",99.7,Not Specified %,1971
8.4405,0.140415,0.00280831,None kPa,N/A,19978,['C'],A,Vacuum adiabatic calorimetry,"origin: commercial source,99.7 % (total),chemical analysis,powder",99.7,Not Specified %,1971
8.52924,0.143954,0.00287908,None kPa,N/A,19978,['C'],A,Vacuum adiabatic calorimetry,"origin: commercial source,99.7 % (total),chemical analysis,powder",99.7,Not Specified %,1971
8.76738,0.152271,0.00304542,None kPa,N/A,19978,['C'],A,Vacuum adiabatic calorimetry,"origin: commercial source,99.7 % (total),chemical analysis,powder",99.7,Not Specified %,1971
8.8757,0.157216,0.00314432,None kPa,N/A,19978,['C'],A,Vacuum adiabatic calorimetry,"origin: commercial source,99.7 % (total),chemical analysis,powder",99.7,Not Specified %,1971
8.92631,0.158733,0.00317466,None kPa,N/A,19978,['C'],A,Vacuum adiabatic calorimetry,"origin: commercial source,99.7 % (total),chemical analysis,powder",99.7,Not Specified %,1971
9.17753,0.167714,0.00335428,None kPa,N/A,19978,['C'],A,Vacuum adiabatic calorimetry,"origin: commercial source,99.7 % (total),chemical analysis,powder",99.7,Not Specified %,1971
9.29231,0.171686,0.00343371,None kPa,N/A,19978,['C'],A,Vacuum adiabatic calorimetry,"origin: commercial source,99.7 % (total),chemical analysis,powder",99.7,Not Specified %,1971
9.45183,0.17878,0.00357561,None kPa,N/A,19978,['C'],A,Vacuum adiabatic calorimetry,"origin: commercial source,99.7 % (total),chemical analysis,powder",99.7,Not Specified %,1971
9.6853,0.187987,0.00375974,None kPa,N/A,19978,['C'],A,Vacuum adiabatic calorimetry,"origin: commercial source,99.7 % (total),chemical analysis,powder",99.7,Not Specified %,1971
9.77282,0.191831,0.00383661,None kPa,N/A,19978,['C'],A,Vacuum adiabatic calorimetry,"origin: commercial source,99.7 % (total),chemical analysis,powder",99.7,Not Specified %,1971
9.83382,0.194916,0.00389832,None kPa,N/A,19978,['C'],A,Vacuum adiabatic calorimetry,"origin: commercial source,99.7 % (total),chemical analysis,powder",99.7,Not Specified %,1971
9.9223,0.19912,0.00398239,None kPa,N/A,19978,['C'],A,Vacuum adiabatic calorimetry,"origin: commercial source,99.7 % (total),chemical analysis,powder",99.7,Not Specified %,1971
10.163,0.209903,0.00419806,None kPa,N/A,19978,['C'],A,Vacuum adiabatic calorimetry,"origin: commercial source,99.7 % (total),chemical analysis,powder",99.7,Not Specified %,1971
10.2463,0.215364,0.00430728,None kPa,N/A,19978,['C'],A,Vacuum adiabatic calorimetry,"origin: commercial source,99.7 % (total),chemical analysis,powder",99.7,Not Specified %,1971
10.345,0.216983,0.00433966,None kPa,N/A,19978,['C'],A,Vacuum adiabatic calorimetry,"origin: commercial source,99.7 % (total),chemical analysis,powder",99.7,Not Specified %,1971
10.347,0.21919,0.00438381,None kPa,N/A,19978,['C'],A,Vacuum adiabatic calorimetry,"origin: commercial source,99.7 % (total),chemical analysis,powder",99.7,Not Specified %,1971
10.6302,0.23162,0.0046324,None kPa,N/A,19978,['C'],A,Vacuum adiabatic calorimetry,"origin: commercial source,99.7 % (total),chemical analysis,powder",99.7,Not Specified %,1971
10.7701,0.238317,0.00476635,None kPa,N/A,19978,['C'],A,Vacuum adiabatic calorimetry,"origin: commercial source,99.7 % (total),chemical analysis,powder",99.7,Not Specified %,1971
10.8066,0.238736,0.00477471,None kPa,N/A,19978,['C'],A,Vacuum adiabatic calorimetry,"origin: commercial source,99.7 % (total),chemical analysis,powder",99.7,Not Specified %,1971
11.2143,0.260161,0.00520322,None kPa,N/A,19978,['C'],A,Vacuum adiabatic calorimetry,"origin: commercial source,99.7 % (total),chemical analysis,powder",99.7,Not Specified %,1971
11.2983,0.262845,0.0052569,None kPa,N/A,19978,['C'],A,Vacuum adiabatic calorimetry,"origin: commercial source,99.7 % (total),chemical analysis,powder",99.7,Not Specified %,1971
11.673,0.28438,0.0056876,None kPa,N/A,19978,['C'],A,Vacuum adiabatic calorimetry,"origin: commercial source,99.7 % (total),chemical analysis,powder",99.7,Not Specified %,1971
11.7694,0.289209,0.00578417,None kPa,N/A,19978,['C'],A,Vacuum adiabatic calorimetry,"origin: commercial source,99.7 % (total),chemical analysis,powder",99.7,Not Specified %,1971
12.1923,0.312556,0.00625111,None kPa,N/A,19978,['C'],A,Vacuum adiabatic calorimetry,"origin: commercial source,99.7 % (total),chemical analysis,powder",99.7,Not Specified %,1971
12.3464,0.318677,0.00637354,None kPa,N/A,19978,['C'],A,Vacuum adiabatic calorimetry,"origin: commercial source,99.7 % (total),chemical analysis,powder",99.7,Not Specified %,1971
12.7426,0.346731,0.00693463,None kPa,N/A,19978,['C'],A,Vacuum adiabatic calorimetry,"origin: commercial source,99.7 % (total),chemical analysis,powder",99.7,Not Specified %,1971
12.7679,0.348123,0.00696246,None kPa,N/A,19978,['C'],A,Vacuum adiabatic calorimetry,"origin: commercial source,99.7 % (total),chemical analysis,powder",99.7,Not Specified %,1971
13.3344,0.383001,0.00766002,None kPa,N/A,19978,['C'],A,Vacuum adiabatic calorimetry,"origin: commercial source,99.7 % (total),chemical analysis,powder",99.7,Not Specified %,1971
13.3705,0.387573,0.00775146,None kPa,N/A,19978,['C'],A,Vacuum adiabatic calorimetry,"origin: commercial source,99.7 % (total),chemical analysis,powder",99.7,Not Specified %,1971
13.9375,0.423185,0.00846369,None kPa,N/A,19978,['C'],A,Vacuum adiabatic calorimetry,"origin: commercial source,99.7 % (total),chemical analysis,powder",99.7,Not Specified %,1971
2.02,0.0015,1.5e-05,None kPa,N/A,20392,['C'],A,Relaxation calorimetry,not stated,,,1972
2.52,0.0038,3.8e-05,None kPa,N/A,20392,['C'],A,Relaxation calorimetry,not stated,,,1972
3.01,0.0078,7.8e-05,None kPa,N/A,20392,['C'],A,Relaxation calorimetry,not stated,,,1972
3.5,0.0151,0.000151,None kPa,N/A,20392,['C'],A,Relaxation calorimetry,not stated,,,1972
4.01,0.0244,0.000244,None kPa,N/A,20392,['C'],A,Relaxation calorimetry,not stated,,,1972
4.51,0.0375,0.000375,None kPa,N/A,20392,['C'],A,Relaxation calorimetry,not stated,,,1972
5.01,0.0519,0.000519,None kPa,N/A,20392,['C'],A,Relaxation calorimetry,not stated,,,1972
5.5,0.0695,0.000695,None kPa,N/A,20392,['C'],A,Relaxation calorimetry,not stated,,,1972
6.01,0.0902,0.000902,None kPa,N/A,20392,['C'],A,Relaxation calorimetry,not stated,,,1972
6.51,0.1181,0.001181,None kPa,N/A,20392,['C'],A,Relaxation calorimetry,not stated,,,1972
7.01,0.1419,0.001419,None kPa,N/A,20392,['C'],A,Relaxation calorimetry,not stated,,,1972
7.51,0.1769,0.001769,None kPa,N/A,20392,['C'],A,Relaxation calorimetry,not stated,,,1972
8.01,0.2116,0.002116,None kPa,N/A,20392,['C'],A,Relaxation calorimetry,not stated,,,1972
8.51,0.252,0.00252,None kPa,N/A,20392,['C'],A,Relaxation calorimetry,not stated,,,1972
8.6,0.2583,0.002583,None kPa,N/A,20392,['C'],A,Relaxation calorimetry,not stated,,,1972
8.71,0.2657,0.002657,None kPa,N/A,20392,['C'],A,Relaxation calorimetry,not stated,,,1972
8.81,0.2723,0.002723,None kPa,N/A,20392,['C'],A,Relaxation calorimetry,not stated,,,1972
8.91,0.2819,0.002819,None kPa,N/A,20392,['C'],A,Relaxation calorimetry,not stated,,,1972
9.11,0.3146,0.003146,None kPa,N/A,20392,['C'],A,Relaxation calorimetry,not stated,,,1972
9.15,0.2978,0.002978,None kPa,N/A,20392,['C'],A,Relaxation calorimetry,not stated,,,1972
9.17,0.3202,0.003202,None kPa,N/A,20392,['C'],A,Relaxation calorimetry,not stated,,,1972
9.19,0.3201,0.003201,None kPa,N/A,20392,['C'],A,Relaxation calorimetry,not stated,,,1972
9.2,0.2979,0.002979,None kPa,N/A,20392,['C'],A,Relaxation calorimetry,not stated,,,1972
9.22,0.208,0.00208,None kPa,N/A,20392,['C'],A,Relaxation calorimetry,not stated,,,1972
9.23,0.1942,0.001942,None kPa,N/A,20392,['C'],A,Relaxation calorimetry,not stated,,,1972
9.24,0.1887,0.001887,None kPa,N/A,20392,['C'],A,Relaxation calorimetry,not stated,,,1972
9.24,0.1756,0.001756,None kPa,N/A,20392,['C'],A,Relaxation calorimetry,not stated,,,1972
9.25,0.1752,0.001752,None kPa,N/A,20392,['C'],A,Relaxation calorimetry,not stated,,,1972
9.32,0.1803,0.001803,None kPa,N/A,20392,['C'],A,Relaxation calorimetry,not stated,,,1972
9.41,0.1837,0.001837,None kPa,N/A,20392,['C'],A,Relaxation calorimetry,not stated,,,1972
9.52,0.1864,0.001864,None kPa,N/A,20392,['C'],A,Relaxation calorimetry,not stated,,,1972
9.78,0.2027,0.002027,None kPa,N/A,20392,['C'],A,Relaxation calorimetry,not stated,,,1972
9.94,0.2141,0.002141,None kPa,N/A,20392,['C'],A,Relaxation calorimetry,not stated,,,1972
1.44,0.0115,0.000115,None kPa,N/A,20392,['C'],A,Relaxation calorimetry,not stated,,,1972
1.62,0.0132,0.000132,None kPa,N/A,20392,['C'],A,Relaxation calorimetry,not stated,,,1972
1.88,0.0153,0.000153,None kPa,N/A,20392,['C'],A,Relaxation calorimetry,not stated,,,1972
2.05,0.017,0.00017,None kPa,N/A,20392,['C'],A,Relaxation calorimetry,not stated,,,1972
2.22,0.0186,0.000186,None kPa,N/A,20392,['C'],A,Relaxation calorimetry,not stated,,,1972
2.42,0.0204,0.000204,None kPa,N/A,20392,['C'],A,Relaxation calorimetry,not stated,,,1972
2.62,0.0227,0.000227,None kPa,N/A,20392,['C'],A,Relaxation calorimetry,not stated,,,1972
2.84,0.0246,0.000246,None kPa,N/A,20392,['C'],A,Relaxation calorimetry,not stated,,,1972
3.05,0.0268,0.000268,None kPa,N/A,20392,['C'],A,Relaxation calorimetry,not stated,,,1972
3.25,0.029,0.00029,None kPa,N/A,20392,['C'],A,Relaxation calorimetry,not stated,,,1972
3.44,0.0317,0.000317,None kPa,N/A,20392,['C'],A,Relaxation calorimetry,not stated,,,1972
3.53,0.0327,0.000327,None kPa,N/A,20392,['C'],A,Relaxation calorimetry,not stated,,,1972
3.65,0.0339,0.000339,None kPa,N/A,20392,['C'],A,Relaxation calorimetry,not stated,,,1972
3.84,0.0363,0.000363,None kPa,N/A,20392,['C'],A,Relaxation calorimetry,not stated,,,1972
4.03,0.0375,0.000375,None kPa,N/A,20392,['C'],A,Relaxation calorimetry,not stated,,,1972
4.28,0.0423,0.000423,None kPa,N/A,20392,['C'],A,Relaxation calorimetry,not stated,,,1972
4.53,0.0477,0.000477,None kPa,N/A,20392,['C'],A,Relaxation calorimetry,not stated,,,1972
4.78,0.0507,0.000507,None kPa,N/A,20392,['C'],A,Relaxation calorimetry,not stated,,,1972
5.01,0.0546,0.000546,None kPa,N/A,20392,['C'],A,Relaxation calorimetry,not stated,,,1972
5.28,0.0596,0.000596,None kPa,N/A,20392,['C'],A,Relaxation calorimetry,not stated,,,1972
5.51,0.0646,0.000646,None kPa,N/A,20392,['C'],A,Relaxation calorimetry,not stated,,,1972
5.77,0.0704,0.000704,None kPa,N/A,20392,['C'],A,Relaxation calorimetry,not stated,,,1972
6.0,0.075,0.00075,None kPa,N/A,20392,['C'],A,Relaxation calorimetry,not stated,,,1972
6.49,0.0842,0.000842,None kPa,N/A,20392,['C'],A,Relaxation calorimetry,not stated,,,1972
6.99,0.1014,0.001014,None kPa,N/A,20392,['C'],A,Relaxation calorimetry,not stated,,,1972
7.48,0.1123,0.001123,None kPa,N/A,20392,['C'],A,Relaxation calorimetry,not stated,,,1972
7.98,0.1318,0.001318,None kPa,N/A,20392,['C'],A,Relaxation calorimetry,not stated,,,1972
8.49,0.1513,0.001513,None kPa,N/A,20392,['C'],A,Relaxation calorimetry,not stated,,,1972
8.95,0.167,0.00167,None kPa,N/A,20392,['C'],A,Relaxation calorimetry,not stated,,,1972
9.04,0.1687,0.001687,None kPa,N/A,20392,['C'],A,Relaxation calorimetry,not stated,,,1972
9.14,0.1736,0.001736,None kPa,N/A,20392,['C'],A,Relaxation calorimetry,not stated,,,1972
9.29,0.181,0.00181,None kPa,N/A,20392,['C'],A,Relaxation calorimetry,not stated,,,1972
1100.0,27.447,2.7447,None kPa,N/A,21035,['C'],A,Modulated Laser Heating,"not stated,99.53 % (total),,rod",99.53,Not Specified %,1973
1200.0,28.1165,2.81165,None kPa,N/A,21035,['C'],A,Modulated Laser Heating,"not stated,99.53 % (total),,rod",99.53,Not Specified %,1973
1300.0,28.7859,2.87859,None kPa,N/A,21035,['C'],A,Modulated Laser Heating,"not stated,99.53 % (total),,rod",99.53,Not Specified %,1973
1400.0,29.4554,2.94554,None kPa,N/A,21035,['C'],A,Modulated Laser Heating,"not stated,99.53 % (total),,rod",99.53,Not Specified %,1973
1500.0,30.1248,3.01248,None kPa,N/A,21035,['C'],A,Modulated Laser Heating,"not stated,99.53 % (total),,rod",99.53,Not Specified %,1973
1600.0,30.7942,3.07942,None kPa,N/A,21035,['C'],A,Modulated Laser Heating,"not stated,99.53 % (total),,rod",99.53,Not Specified %,1973
1700.0,31.4637,3.14637,None kPa,N/A,21035,['C'],A,Modulated Laser Heating,"not stated,99.53 % (total),,rod",99.53,Not Specified %,1973
1800.0,32.1331,3.21331,None kPa,N/A,21035,['C'],A,Modulated Laser Heating,"not stated,99.53 % (total),,rod",99.53,Not Specified %,1973
1900.0,32.8026,3.28026,None kPa,N/A,21035,['C'],A,Modulated Laser Heating,"not stated,99.53 % (total),,rod",99.53,Not Specified %,1973
2000.0,33.472,3.3472,None kPa,N/A,21035,['C'],A,Modulated Laser Heating,"not stated,99.53 % (total),,rod",99.53,Not Specified %,1973
2100.0,34.1833,3.41833,None kPa,N/A,21035,['C'],A,Modulated Laser Heating,"not stated,99.53 % (total),,rod",99.53,Not Specified %,1973
2200.0,34.8527,3.48527,None kPa,N/A,21035,['C'],A,Modulated Laser Heating,"not stated,99.53 % (total),,rod",99.53,Not Specified %,1973
2300.0,35.5222,3.55222,None kPa,N/A,21035,['C'],A,Modulated Laser Heating,"not stated,99.53 % (total),,rod",99.53,Not Specified %,1973
2400.0,36.1916,3.61916,None kPa,N/A,21035,['C'],A,Modulated Laser Heating,"not stated,99.53 % (total),,rod",99.53,Not Specified %,1973
1100.0,27.447,2.7447,None kPa,N/A,21036,['C'],A,Modulated Laser Heating,"not stated,99.2 % (total),,rod",99.2,Not Specified %,1973
1200.0,28.1165,2.81165,None kPa,N/A,21036,['C'],A,Modulated Laser Heating,"not stated,99.2 % (total),,rod",99.2,Not Specified %,1973
1300.0,28.7859,2.87859,None kPa,N/A,21036,['C'],A,Modulated Laser Heating,"not stated,99.2 % (total),,rod",99.2,Not Specified %,1973
1400.0,29.4554,2.94554,None kPa,N/A,21036,['C'],A,Modulated Laser Heating,"not stated,99.2 % (total),,rod",99.2,Not Specified %,1973
1500.0,30.1248,3.01248,None kPa,N/A,21036,['C'],A,Modulated Laser Heating,"not stated,99.2 % (total),,rod",99.2,Not Specified %,1973
1600.0,30.7942,3.07942,None kPa,N/A,21036,['C'],A,Modulated Laser Heating,"not stated,99.2 % (total),,rod",99.2,Not Specified %,1973
1700.0,31.4637,3.14637,None kPa,N/A,21036,['C'],A,Modulated Laser Heating,"not stated,99.2 % (total),,rod",99.2,Not Specified %,1973
1800.0,32.1331,3.21331,None kPa,N/A,21036,['C'],A,Modulated Laser Heating,"not stated,99.2 % (total),,rod",99.2,Not Specified %,1973
1900.0,32.8026,3.28026,None kPa,N/A,21036,['C'],A,Modulated Laser Heating,"not stated,99.2 % (total),,rod",99.2,Not Specified %,1973
2000.0,33.472,3.3472,None kPa,N/A,21036,['C'],A,Modulated Laser Heating,"not stated,99.2 % (total),,rod",99.2,Not Specified %,1973
2100.0,34.1833,3.41833,None kPa,N/A,21036,['C'],A,Modulated Laser Heating,"not stated,99.2 % (total),,rod",99.2,Not Specified %,1973
2200.0,34.8527,3.48527,None kPa,N/A,21036,['C'],A,Modulated Laser Heating,"not stated,99.2 % (total),,rod",99.2,Not Specified %,1973
2300.0,35.5222,3.55222,None kPa,N/A,21036,['C'],A,Modulated Laser Heating,"not stated,99.2 % (total),,rod",99.2,Not Specified %,1973
2400.0,36.1916,3.61916,None kPa,N/A,21036,['C'],A,Modulated Laser Heating,"not stated,99.2 % (total),,rod",99.2,Not Specified %,1973
1500.0,31.129,,None kPa,N/A,21037,['C'],A,Modulated Laser Heating,"not stated,99.62 % (total),,wire",99.62,Not Specified %,1973
1600.0,31.631,,None kPa,N/A,21037,['C'],A,Modulated Laser Heating,"not stated,99.62 % (total),,wire",99.62,Not Specified %,1973
1700.0,32.1331,,None kPa,N/A,21037,['C'],A,Modulated Laser Heating,"not stated,99.62 % (total),,wire",99.62,Not Specified %,1973
1800.0,32.6352,,None kPa,N/A,21037,['C'],A,Modulated Laser Heating,"not stated,99.62 % (total),,wire",99.62,Not Specified %,1973
1900.0,33.1791,,None kPa,N/A,21037,['C'],A,Modulated Laser Heating,"not stated,99.62 % (total),,wire",99.62,Not Specified %,1973
2000.0,33.723,,None kPa,N/A,21037,['C'],A,Modulated Laser Heating,"not stated,99.62 % (total),,wire",99.62,Not Specified %,1973
2100.0,34.3088,,None kPa,N/A,21037,['C'],A,Modulated Laser Heating,"not stated,99.62 % (total),,wire",99.62,Not Specified %,1973
2200.0,34.8527,,None kPa,N/A,21037,['C'],A,Modulated Laser Heating,"not stated,99.62 % (total),,wire",99.62,Not Specified %,1973
2300.0,35.313,,None kPa,N/A,21037,['C'],A,Modulated Laser Heating,"not stated,99.62 % (total),,wire",99.62,Not Specified %,1973
2400.0,35.9824,,None kPa,N/A,21037,['C'],A,Modulated Laser Heating,"not stated,99.62 % (total),,wire",99.62,Not Specified %,1973
9.221,0.29899,8e-06,0.0666612 kPa,N/A,15798,['C'],A,False,"not stated,99.993 %",99.993,Not Specified %,1965
9.232,0.29322,8e-06,None kPa,N/A,15798,['C'],A,False,"not stated,99.993 %",99.993,Not Specified %,1965
9.242,0.29823,8e-06,None kPa,N/A,15798,['C'],A,False,"not stated,99.993 %",99.993,Not Specified %,1965
9.25,0.29177,8e-06,None kPa,N/A,15798,['C'],A,False,"not stated,99.993 %",99.993,Not Specified %,1965
9.255,0.27377,8e-06,None kPa,N/A,15798,['C'],A,False,"not stated,99.993 %",99.993,Not Specified %,1965
9.263,0.23804,8e-06,None kPa,N/A,15798,['C'],A,False,"not stated,99.993 %",99.993,Not Specified %,1965
9.269,0.17574,8e-06,None kPa,N/A,15798,['C'],A,False,"not stated,99.993 %",99.993,Not Specified %,1965
9.275,0.17857,8e-06,None kPa,N/A,15798,['C'],A,False,"not stated,99.993 %",99.993,Not Specified %,1965
9.283,0.17735,8e-06,None kPa,N/A,15798,['C'],A,False,"not stated,99.993 %",99.993,Not Specified %,1965
9.158,0.30195,2e-05,None kPa,N/A,15798,['C'],A,False,"not stated,99.993 %",99.993,Not Specified %,1965
9.178,0.30087,2e-05,None kPa,N/A,15798,['C'],A,False,"not stated,99.993 %",99.993,Not Specified %,1965
9.198,0.3028,2e-05,None kPa,N/A,15798,['C'],A,False,"not stated,99.993 %",99.993,Not Specified %,1965
9.203,0.29982,2e-05,None kPa,N/A,15798,['C'],A,False,"not stated,99.993 %",99.993,Not Specified %,1965
9.206,0.29973,2e-05,None kPa,N/A,15798,['C'],A,False,"not stated,99.993 %",99.993,Not Specified %,1965
9.222,0.2968,2e-05,None kPa,N/A,15798,['C'],A,False,"not stated,99.993 %",99.993,Not Specified %,1965
9.256,0.24715,2e-05,None kPa,N/A,15798,['C'],A,False,"not stated,99.993 %",99.993,Not Specified %,1965
9.261,0.23521,2e-05,None kPa,N/A,15798,['C'],A,False,"not stated,99.993 %",99.993,Not Specified %,1965
8.881,0.27175,5e-05,None kPa,N/A,15798,['C'],A,False,"not stated,99.993 %",99.993,Not Specified %,1965
8.891,0.2759,5e-05,None kPa,N/A,15798,['C'],A,False,"not stated,99.993 %",99.993,Not Specified %,1965
8.911,0.27915,5e-05,None kPa,N/A,15798,['C'],A,False,"not stated,99.993 %",99.993,Not Specified %,1965
8.931,0.27791,5e-05,None kPa,N/A,15798,['C'],A,False,"not stated,99.993 %",99.993,Not Specified %,1965
8.983,0.2839,5e-05,None kPa,N/A,15798,['C'],A,False,"not stated,99.993 %",99.993,Not Specified %,1965
8.988,0.28387,5e-05,None kPa,N/A,15798,['C'],A,False,"not stated,99.993 %",99.993,Not Specified %,1965
9.037,0.28869,5e-05,None kPa,N/A,15798,['C'],A,False,"not stated,99.993 %",99.993,Not Specified %,1965
9.055,0.28986,5e-05,None kPa,N/A,15798,['C'],A,False,"not stated,99.993 %",99.993,Not Specified %,1965
9.109,0.29699,5e-05,None kPa,N/A,15798,['C'],A,False,"not stated,99.993 %",99.993,Not Specified %,1965
9.131,0.29454,5e-05,None kPa,N/A,15798,['C'],A,False,"not stated,99.993 %",99.993,Not Specified %,1965
9.146,0.29974,5e-05,None kPa,N/A,15798,['C'],A,False,"not stated,99.993 %",99.993,Not Specified %,1965
9.163,0.2987,5e-05,None kPa,N/A,15798,['C'],A,False,"not stated,99.993 %",99.993,Not Specified %,1965
9.294,0.17663,5e-05,None kPa,N/A,15798,['C'],A,False,"not stated,99.993 %",99.993,Not Specified %,1965
9.312,0.17658,5e-05,None kPa,N/A,15798,['C'],A,False,"not stated,99.993 %",99.993,Not Specified %,1965
9.32,0.17793,5e-05,None kPa,N/A,15798,['C'],A,False,"not stated,99.993 %",99.993,Not Specified %,1965
9.379,0.17953,5e-05,None kPa,N/A,15798,['C'],A,False,"not stated,99.993 %",99.993,Not Specified %,1965
9.393,0.18101,5e-05,None kPa,N/A,15798,['C'],A,False,"not stated,99.993 %",99.993,Not Specified %,1965
9.402,0.1809,5e-05,None kPa,N/A,15798,['C'],A,False,"not stated,99.993 %",99.993,Not Specified %,1965
9.437,0.18293,5e-05,None kPa,N/A,15798,['C'],A,False,"not stated,99.993 %",99.993,Not Specified %,1965
9.494,0.18564,5e-05,None kPa,N/A,15798,['C'],A,False,"not stated,99.993 %",99.993,Not Specified %,1965
9.529,0.18513,5e-05,None kPa,N/A,15798,['C'],A,False,"not stated,99.993 %",99.993,Not Specified %,1965
9.585,0.18852,5e-05,None kPa,N/A,15798,['C'],A,False,"not stated,99.993 %",99.993,Not Specified %,1965
0.4,3e-05,6e-07,None kPa,N/A,15798,['C'],A,False,"not stated,99.993 %",99.993,Not Specified %,1965
0.42,4e-05,8e-07,None kPa,N/A,15798,['C'],A,False,"not stated,99.993 %",99.993,Not Specified %,1965
0.51,6e-05,1.2e-06,None kPa,N/A,15798,['C'],A,False,"not stated,99.993 %",99.993,Not Specified %,1965
0.58,8e-05,1.6e-06,None kPa,N/A,15798,['C'],A,False,"not stated,99.993 %",99.993,Not Specified %,1965
0.67,0.00011,2.2e-06,None kPa,N/A,15798,['C'],A,False,"not stated,99.993 %",99.993,Not Specified %,1965
0.69,0.00012,2.4e-06,None kPa,N/A,15798,['C'],A,False,"not stated,99.993 %",99.993,Not Specified %,1965
0.77,0.00014,2.8e-06,None kPa,N/A,15798,['C'],A,False,"not stated,99.993 %",99.993,Not Specified %,1965
0.83,0.00015,3e-06,None kPa,N/A,15798,['C'],A,False,"not stated,99.993 %",99.993,Not Specified %,1965
0.9,0.00017,3.4e-06,None kPa,N/A,15798,['C'],A,False,"not stated,99.993 %",99.993,Not Specified %,1965
0.94,0.00018,3.6e-06,None kPa,N/A,15798,['C'],A,False,"not stated,99.993 %",99.993,Not Specified %,1965
0.99,0.0002,4e-06,None kPa,N/A,15798,['C'],A,False,"not stated,99.993 %",99.993,Not Specified %,1965
1.07,0.00023,4.6e-06,None kPa,N/A,15798,['C'],A,False,"not stated,99.993 %",99.993,Not Specified %,1965
1.17,0.00026,5.2e-06,None kPa,N/A,15798,['C'],A,False,"not stated,99.993 %",99.993,Not Specified %,1965
1.21,0.00029,5.8e-06,None kPa,N/A,15798,['C'],A,False,"not stated,99.993 %",99.993,Not Specified %,1965
1.28,0.00032,6.4e-06,None kPa,N/A,15798,['C'],A,False,"not stated,99.993 %",99.993,Not Specified %,1965
1.33,0.00034,6.8e-06,None kPa,N/A,15798,['C'],A,False,"not stated,99.993 %",99.993,Not Specified %,1965
1.38,0.00038,7.6e-06,None kPa,N/A,15798,['C'],A,False,"not stated,99.993 %",99.993,Not Specified %,1965
1.49,0.00046,9.2e-06,None kPa,N/A,15798,['C'],A,False,"not stated,99.993 %",99.993,Not Specified %,1965
1.56,0.00052,1.04e-05,None kPa,N/A,15798,['C'],A,False,"not stated,99.993 %",99.993,Not Specified %,1965
1.63,0.00061,1.22e-05,None kPa,N/A,15798,['C'],A,False,"not stated,99.993 %",99.993,Not Specified %,1965
1.66,0.00066,1.32e-05,None kPa,N/A,15798,['C'],A,False,"not stated,99.993 %",99.993,Not Specified %,1965
1.76,0.0008,1.6e-05,None kPa,N/A,15798,['C'],A,False,"not stated,99.993 %",99.993,Not Specified %,1965
1.83,0.00095,1.9e-05,None kPa,N/A,15798,['C'],A,False,"not stated,99.993 %",99.993,Not Specified %,1965
1.89,0.00107,2.14e-05,None kPa,N/A,15798,['C'],A,False,"not stated,99.993 %",99.993,Not Specified %,1965
1.94,0.00119,2.38e-05,None kPa,N/A,15798,['C'],A,False,"not stated,99.993 %",99.993,Not Specified %,1965
1.98,0.0013,2.6e-05,None kPa,N/A,15798,['C'],A,False,"not stated,99.993 %",99.993,Not Specified %,1965
2.01,0.00142,2.84e-05,None kPa,N/A,15798,['C'],A,False,"not stated,99.993 %",99.993,Not Specified %,1965
2.05,0.00154,3.08e-05,None kPa,N/A,15798,['C'],A,False,"not stated,99.993 %",99.993,Not Specified %,1965
2.08,0.00162,3.24e-05,None kPa,N/A,15798,['C'],A,False,"not stated,99.993 %",99.993,Not Specified %,1965
2.11,0.00174,3.48e-05,None kPa,N/A,15798,['C'],A,False,"not stated,99.993 %",99.993,Not Specified %,1965
2.17,0.00196,3.92e-05,None kPa,N/A,15798,['C'],A,False,"not stated,99.993 %",99.993,Not Specified %,1965
2.23,0.00221,4.42e-05,None kPa,N/A,15798,['C'],A,False,"not stated,99.993 %",99.993,Not Specified %,1965
2.34,0.00274,5.48e-05,None kPa,N/A,15798,['C'],A,False,"not stated,99.993 %",99.993,Not Specified %,1965
2.39,0.00306,6.12e-05,None kPa,N/A,15798,['C'],A,False,"not stated,99.993 %",99.993,Not Specified %,1965
2.43,0.0033,6.6e-05,None kPa,N/A,15798,['C'],A,False,"not stated,99.993 %",99.993,Not Specified %,1965
2.47,0.00349,6.98e-05,None kPa,N/A,15798,['C'],A,False,"not stated,99.993 %",99.993,Not Specified %,1965
2.51,0.00376,7.52e-05,None kPa,N/A,15798,['C'],A,False,"not stated,99.993 %",99.993,Not Specified %,1965
2.67,0.00497,9.94e-05,None kPa,N/A,15798,['C'],A,False,"not stated,99.993 %",99.993,Not Specified %,1965
2.73,0.00548,0.0001096,None kPa,N/A,15798,['C'],A,False,"not stated,99.993 %",99.993,Not Specified %,1965
2.85,0.00656,0.0001312,None kPa,N/A,15798,['C'],A,False,"not stated,99.993 %",99.993,Not Specified %,1965
2.96,0.00763,0.0001526,None kPa,N/A,15798,['C'],A,False,"not stated,99.993 %",99.993,Not Specified %,1965
3.01,0.00827,0.0001654,None kPa,N/A,15798,['C'],A,False,"not stated,99.993 %",99.993,Not Specified %,1965
3.04,0.00861,0.0001722,None kPa,N/A,15798,['C'],A,False,"not stated,99.993 %",99.993,Not Specified %,1965
1.2,0.00014,2.8e-06,None kPa,N/A,15798,['C'],A,False,"not stated,99.993 %",99.993,Not Specified %,1965
1.48,0.00034,6.8e-06,None kPa,N/A,15798,['C'],A,False,"not stated,99.993 %",99.993,Not Specified %,1965
1.76,0.00055,1.1e-05,None kPa,N/A,15798,['C'],A,False,"not stated,99.993 %",99.993,Not Specified %,1965
1.98,0.00096,1.92e-05,None kPa,N/A,15798,['C'],A,False,"not stated,99.993 %",99.993,Not Specified %,1965
2.3,0.00198,3.96e-05,None kPa,N/A,15798,['C'],A,False,"not stated,99.993 %",99.993,Not Specified %,1965
2.52,0.00306,6.12e-05,None kPa,N/A,15798,['C'],A,False,"not stated,99.993 %",99.993,Not Specified %,1965
2.75,0.00506,0.0001012,None kPa,N/A,15798,['C'],A,False,"not stated,99.993 %",99.993,Not Specified %,1965
2.89,0.00637,0.0001274,None kPa,N/A,15798,['C'],A,False,"not stated,99.993 %",99.993,Not Specified %,1965
3.09,0.00824,0.0001648,None kPa,N/A,15798,['C'],A,False,"not stated,99.993 %",99.993,Not Specified %,1965
3.31,0.01138,0.0002276,None kPa,N/A,15798,['C'],A,False,"not stated,99.993 %",99.993,Not Specified %,1965
3.48,0.01421,0.0002842,None kPa,N/A,15798,['C'],A,False,"not stated,99.993 %",99.993,Not Specified %,1965
3.66,0.0171,0.000342,None kPa,N/A,15798,['C'],A,False,"not stated,99.993 %",99.993,Not Specified %,1965
3.81,0.02002,0.0004004,None kPa,N/A,15798,['C'],A,False,"not stated,99.993 %",99.993,Not Specified %,1965
3.89,0.02101,0.0004202,None kPa,N/A,15798,['C'],A,False,"not stated,99.993 %",99.993,Not Specified %,1965
4.1,0.02623,0.0005246,None kPa,N/A,15798,['C'],A,False,"not stated,99.993 %",99.993,Not Specified %,1965
4.34,0.03214,0.0006428,None kPa,N/A,15798,['C'],A,False,"not stated,99.993 %",99.993,Not Specified %,1965
4.62,0.03931,0.0007862,None kPa,N/A,15798,['C'],A,False,"not stated,99.993 %",99.993,Not Specified %,1965
4.9,0.04729,0.0009458,None kPa,N/A,15798,['C'],A,False,"not stated,99.993 %",99.993,Not Specified %,1965
5.22,0.05889,0.0011778,None kPa,N/A,15798,['C'],A,False,"not stated,99.993 %",99.993,Not Specified %,1965
5.62,0.07272,0.0014544,None kPa,N/A,15798,['C'],A,False,"not stated,99.993 %",99.993,Not Specified %,1965
5.8,0.08059,0.0016118,None kPa,N/A,15798,['C'],A,False,"not stated,99.993 %",99.993,Not Specified %,1965
5.97,0.08895,0.001779,None kPa,N/A,15798,['C'],A,False,"not stated,99.993 %",99.993,Not Specified %,1965
6.31,0.10389,0.0020778,None kPa,N/A,15798,['C'],A,False,"not stated,99.993 %",99.993,Not Specified %,1965
6.4,0.1083,0.002166,None kPa,N/A,15798,['C'],A,False,"not stated,99.993 %",99.993,Not Specified %,1965
6.55,0.11677,0.0023354,None kPa,N/A,15798,['C'],A,False,"not stated,99.993 %",99.993,Not Specified %,1965
6.67,0.12246,0.0024492,None kPa,N/A,15798,['C'],A,False,"not stated,99.993 %",99.993,Not Specified %,1965
6.8,0.12949,0.0025898,None kPa,N/A,15798,['C'],A,False,"not stated,99.993 %",99.993,Not Specified %,1965
6.86,0.13339,0.0026678,None kPa,N/A,15798,['C'],A,False,"not stated,99.993 %",99.993,Not Specified %,1965
6.96,0.13888,0.0027776,None kPa,N/A,15798,['C'],A,False,"not stated,99.993 %",99.993,Not Specified %,1965
7.03,0.14248,0.0028496,None kPa,N/A,15798,['C'],A,False,"not stated,99.993 %",99.993,Not Specified %,1965
7.1,0.14724,0.0029448,None kPa,N/A,15798,['C'],A,False,"not stated,99.993 %",99.993,Not Specified %,1965
7.28,0.15786,0.0031572,None kPa,N/A,15798,['C'],A,False,"not stated,99.993 %",99.993,Not Specified %,1965
7.58,0.17709,0.0035418,None kPa,N/A,15798,['C'],A,False,"not stated,99.993 %",99.993,Not Specified %,1965
7.91,0.20011,0.0040022,None kPa,N/A,15798,['C'],A,False,"not stated,99.993 %",99.993,Not Specified %,1965
8.04,0.2099,0.004198,None kPa,N/A,15798,['C'],A,False,"not stated,99.993 %",99.993,Not Specified %,1965
8.22,0.2226,0.004452,None kPa,N/A,15798,['C'],A,False,"not stated,99.993 %",99.993,Not Specified %,1965
8.27,0.22668,0.0045336,None kPa,N/A,15798,['C'],A,False,"not stated,99.993 %",99.993,Not Specified %,1965
8.32,0.23043,0.0046086,None kPa,N/A,15798,['C'],A,False,"not stated,99.993 %",99.993,Not Specified %,1965
8.64,0.25567,0.0051134,None kPa,N/A,15798,['C'],A,False,"not stated,99.993 %",99.993,Not Specified %,1965
8.89,0.27657,0.0055314,None kPa,N/A,15798,['C'],A,False,"not stated,99.993 %",99.993,Not Specified %,1965
8.95,0.28044,0.0056088,None kPa,N/A,15798,['C'],A,False,"not stated,99.993 %",99.993,Not Specified %,1965
9.05,0.29338,0.0058676,None kPa,N/A,15798,['C'],A,False,"not stated,99.993 %",99.993,Not Specified %,1965
9.4,0.18,0.0036,None kPa,N/A,15798,['C'],A,False,"not stated,99.993 %",99.993,Not Specified %,1965
9.63,0.19189,0.0038378,None kPa,N/A,15798,['C'],A,False,"not stated,99.993 %",99.993,Not Specified %,1965
9.77,0.19742,0.0039484,None kPa,N/A,15798,['C'],A,False,"not stated,99.993 %",99.993,Not Specified %,1965
9.91,0.20427,0.0040854,None kPa,N/A,15798,['C'],A,False,"not stated,99.993 %",99.993,Not Specified %,1965
0.87,0.00702,0.0001404,None kPa,N/A,15798,['C'],A,False,"not stated,99.993 %",99.993,Not Specified %,1965
1.58,0.01273,0.0002546,None kPa,N/A,15798,['C'],A,False,"not stated,99.993 %",99.993,Not Specified %,1965
1.97,0.01603,0.0003206,None kPa,N/A,15798,['C'],A,False,"not stated,99.993 %",99.993,Not Specified %,1965
2.09,0.01696,0.0003392,None kPa,N/A,15798,['C'],A,False,"not stated,99.993 %",99.993,Not Specified %,1965
2.59,0.02192,0.0004384,None kPa,N/A,15798,['C'],A,False,"not stated,99.993 %",99.993,Not Specified %,1965
2.82,0.02409,0.0004818,None kPa,N/A,15798,['C'],A,False,"not stated,99.993 %",99.993,Not Specified %,1965
3.58,0.03223,0.0006446,None kPa,N/A,15798,['C'],A,False,"not stated,99.993 %",99.993,Not Specified %,1965
4.14,0.03976,0.0007952,None kPa,N/A,15798,['C'],A,False,"not stated,99.993 %",99.993,Not Specified %,1965
4.51,0.04521,0.0009042,None kPa,N/A,15798,['C'],A,False,"not stated,99.993 %",99.993,Not Specified %,1965
4.88,0.0508,0.001016,None kPa,N/A,15798,['C'],A,False,"not stated,99.993 %",99.993,Not Specified %,1965
5.86,0.06991,0.0013982,None kPa,N/A,15798,['C'],A,False,"not stated,99.993 %",99.993,Not Specified %,1965
6.35,0.08073,0.0016146,None kPa,N/A,15798,['C'],A,False,"not stated,99.993 %",99.993,Not Specified %,1965
6.75,0.09029,0.0018058,None kPa,N/A,15798,['C'],A,False,"not stated,99.993 %",99.993,Not Specified %,1965
7.23,0.10339,0.0020678,None kPa,N/A,15798,['C'],A,False,"not stated,99.993 %",99.993,Not Specified %,1965
8.35,0.13976,0.0027952,None kPa,N/A,15798,['C'],A,False,"not stated,99.993 %",99.993,Not Specified %,1965
8.95,0.16087,0.0032174,None kPa,N/A,15798,['C'],A,False,"not stated,99.993 %",99.993,Not Specified %,1965
9.41,0.18108,0.0036216,None kPa,N/A,15798,['C'],A,False,"not stated,99.993 %",99.993,Not Specified %,1965
1.39,0.01113,0.0002226,None kPa,N/A,15798,['C'],A,False,"not stated,99.993 %",99.993,Not Specified %,1965
1.52,0.01227,0.0002454,None kPa,N/A,15798,['C'],A,False,"not stated,99.993 %",99.993,Not Specified %,1965
1.6,0.01294,0.0002588,None kPa,N/A,15798,['C'],A,False,"not stated,99.993 %",99.993,Not Specified %,1965
1.66,0.01349,0.0002698,None kPa,N/A,15798,['C'],A,False,"not stated,99.993 %",99.993,Not Specified %,1965
1.74,0.01417,0.0002834,None kPa,N/A,15798,['C'],A,False,"not stated,99.993 %",99.993,Not Specified %,1965
1.82,0.01489,0.0002978,None kPa,N/A,15798,['C'],A,False,"not stated,99.993 %",99.993,Not Specified %,1965
1.91,0.01564,0.0003128,None kPa,N/A,15798,['C'],A,False,"not stated,99.993 %",99.993,Not Specified %,1965
1.99,0.01633,0.0003266,None kPa,N/A,15798,['C'],A,False,"not stated,99.993 %",99.993,Not Specified %,1965
2.12,0.01756,0.0003512,None kPa,N/A,15798,['C'],A,False,"not stated,99.993 %",99.993,Not Specified %,1965
2.28,0.01903,0.0003806,None kPa,N/A,15798,['C'],A,False,"not stated,99.993 %",99.993,Not Specified %,1965
2.38,0.01995,0.000399,None kPa,N/A,15798,['C'],A,False,"not stated,99.993 %",99.993,Not Specified %,1965
2.45,0.02061,0.0004122,None kPa,N/A,15798,['C'],A,False,"not stated,99.993 %",99.993,Not Specified %,1965
2.69,0.02307,0.0004614,None kPa,N/A,15798,['C'],A,False,"not stated,99.993 %",99.993,Not Specified %,1965
2.7,0.0232,0.000464,None kPa,N/A,15798,['C'],A,False,"not stated,99.993 %",99.993,Not Specified %,1965
3.01,0.02612,0.0005224,None kPa,N/A,15798,['C'],A,False,"not stated,99.993 %",99.993,Not Specified %,1965
3.04,0.02678,0.0005356,None kPa,N/A,15798,['C'],A,False,"not stated,99.993 %",99.993,Not Specified %,1965
3.38,0.03047,0.0006094,None kPa,N/A,15798,['C'],A,False,"not stated,99.993 %",99.993,Not Specified %,1965
3.55,0.03243,0.0006486,None kPa,N/A,15798,['C'],A,False,"not stated,99.993 %",99.993,Not Specified %,1965
3.72,0.03459,0.0006918,None kPa,N/A,15798,['C'],A,False,"not stated,99.993 %",99.993,Not Specified %,1965
3.86,0.03636,0.0007272,None kPa,N/A,15798,['C'],A,False,"not stated,99.993 %",99.993,Not Specified %,1965
1.43,0.0115,0.00023,None kPa,N/A,15798,['C'],A,False,"not stated,99.993 %",99.993,Not Specified %,1965
1.58,0.01275,0.000255,None kPa,N/A,15798,['C'],A,False,"not stated,99.993 %",99.993,Not Specified %,1965
1.71,0.01386,0.0002772,None kPa,N/A,15798,['C'],A,False,"not stated,99.993 %",99.993,Not Specified %,1965
1.86,0.01523,0.0003046,None kPa,N/A,15798,['C'],A,False,"not stated,99.993 %",99.993,Not Specified %,1965
2.03,0.01672,0.0003344,None kPa,N/A,15798,['C'],A,False,"not stated,99.993 %",99.993,Not Specified %,1965
2.17,0.01799,0.0003598,None kPa,N/A,15798,['C'],A,False,"not stated,99.993 %",99.993,Not Specified %,1965
2.34,0.01957,0.0003914,None kPa,N/A,15798,['C'],A,False,"not stated,99.993 %",99.993,Not Specified %,1965
2.53,0.02141,0.0004282,None kPa,N/A,15798,['C'],A,False,"not stated,99.993 %",99.993,Not Specified %,1965
2.75,0.02368,0.0004736,None kPa,N/A,15798,['C'],A,False,"not stated,99.993 %",99.993,Not Specified %,1965
2.99,0.02589,0.0005178,None kPa,N/A,15798,['C'],A,False,"not stated,99.993 %",99.993,Not Specified %,1965
3.27,0.0295,0.00059,None kPa,N/A,15798,['C'],A,False,"not stated,99.993 %",99.993,Not Specified %,1965
3.83,0.03603,0.0007206,None kPa,N/A,15798,['C'],A,False,"not stated,99.993 %",99.993,Not Specified %,1965
0.355682,2.54121e-05,2.54121e-07,None kPa,N/A,15801,['C'],A,Vacuum adiabatic calorimetry,"not stated,99.9 % (total),",99.9,Not Specified %,1965
0.360375,2.67434e-05,2.67434e-07,None kPa,N/A,15801,['C'],A,Vacuum adiabatic calorimetry,"not stated,99.9 % (total),",99.9,Not Specified %,1965
0.381091,3.24769e-05,3.24769e-07,None kPa,N/A,15801,['C'],A,Vacuum adiabatic calorimetry,"not stated,99.9 % (total),",99.9,Not Specified %,1965
0.399525,3.6787e-05,3.6787e-07,None kPa,N/A,15801,['C'],A,Vacuum adiabatic calorimetry,"not stated,99.9 % (total),",99.9,Not Specified %,1965
0.411667,4.06806e-05,4.06806e-07,None kPa,N/A,15801,['C'],A,Vacuum adiabatic calorimetry,"not stated,99.9 % (total),",99.9,Not Specified %,1965
0.434891,4.77162e-05,4.77162e-07,None kPa,N/A,15801,['C'],A,Vacuum adiabatic calorimetry,"not stated,99.9 % (total),",99.9,Not Specified %,1965
0.488999,6.42613e-05,6.42613e-07,None kPa,N/A,15801,['C'],A,Vacuum adiabatic calorimetry,"not stated,99.9 % (total),",99.9,Not Specified %,1965
0.49454,6.51567e-05,6.51567e-07,None kPa,N/A,15801,['C'],A,Vacuum adiabatic calorimetry,"not stated,99.9 % (total),",99.9,Not Specified %,1965
0.52235,7.43994e-05,7.43994e-07,None kPa,N/A,15801,['C'],A,Vacuum adiabatic calorimetry,"not stated,99.9 % (total),",99.9,Not Specified %,1965
0.541202,8.03096e-05,8.03096e-07,None kPa,N/A,15801,['C'],A,Vacuum adiabatic calorimetry,"not stated,99.9 % (total),",99.9,Not Specified %,1965
0.55612,8.42751e-05,8.42751e-07,None kPa,N/A,15801,['C'],A,Vacuum adiabatic calorimetry,"not stated,99.9 % (total),",99.9,Not Specified %,1965
0.585056,9.3792e-05,9.3792e-07,None kPa,N/A,15801,['C'],A,Vacuum adiabatic calorimetry,"not stated,99.9 % (total),",99.9,Not Specified %,1965
0.613677,0.000100868,1.00868e-06,None kPa,N/A,15801,['C'],A,Vacuum adiabatic calorimetry,"not stated,99.9 % (total),",99.9,Not Specified %,1965
0.642277,0.000108824,1.08824e-06,None kPa,N/A,15801,['C'],A,Vacuum adiabatic calorimetry,"not stated,99.9 % (total),",99.9,Not Specified %,1965
0.663348,0.000115379,1.15379e-06,None kPa,N/A,15801,['C'],A,Vacuum adiabatic calorimetry,"not stated,99.9 % (total),",99.9,Not Specified %,1965
0.680926,0.000120431,1.20431e-06,None kPa,N/A,15801,['C'],A,Vacuum adiabatic calorimetry,"not stated,99.9 % (total),",99.9,Not Specified %,1965
0.715255,0.000129566,1.29566e-06,None kPa,N/A,15801,['C'],A,Vacuum adiabatic calorimetry,"not stated,99.9 % (total),",99.9,Not Specified %,1965
0.735296,0.000135269,1.35269e-06,None kPa,N/A,15801,['C'],A,Vacuum adiabatic calorimetry,"not stated,99.9 % (total),",99.9,Not Specified %,1965
0.768655,0.000143576,1.43576e-06,None kPa,N/A,15801,['C'],A,Vacuum adiabatic calorimetry,"not stated,99.9 % (total),",99.9,Not Specified %,1965
0.787496,0.000150288,1.50288e-06,None kPa,N/A,15801,['C'],A,Vacuum adiabatic calorimetry,"not stated,99.9 % (total),",99.9,Not Specified %,1965
0.801349,0.000153297,1.53297e-06,None kPa,N/A,15801,['C'],A,Vacuum adiabatic calorimetry,"not stated,99.9 % (total),",99.9,Not Specified %,1965
0.828094,0.000160007,1.60007e-06,None kPa,N/A,15801,['C'],A,Vacuum adiabatic calorimetry,"not stated,99.9 % (total),",99.9,Not Specified %,1965
0.835596,0.000161554,1.61554e-06,None kPa,N/A,15801,['C'],A,Vacuum adiabatic calorimetry,"not stated,99.9 % (total),",99.9,Not Specified %,1965
0.888803,0.000178057,1.78057e-06,None kPa,N/A,15801,['C'],A,Vacuum adiabatic calorimetry,"not stated,99.9 % (total),",99.9,Not Specified %,1965
0.893762,0.000179054,1.79054e-06,None kPa,N/A,15801,['C'],A,Vacuum adiabatic calorimetry,"not stated,99.9 % (total),",99.9,Not Specified %,1965
0.928262,0.000187235,1.87235e-06,None kPa,N/A,15801,['C'],A,Vacuum adiabatic calorimetry,"not stated,99.9 % (total),",99.9,Not Specified %,1965
0.935831,0.000191815,1.91815e-06,None kPa,N/A,15801,['C'],A,Vacuum adiabatic calorimetry,"not stated,99.9 % (total),",99.9,Not Specified %,1965
0.943441,0.000194226,1.94226e-06,None kPa,N/A,15801,['C'],A,Vacuum adiabatic calorimetry,"not stated,99.9 % (total),",99.9,Not Specified %,1965
0.958838,0.000199129,1.99129e-06,None kPa,N/A,15801,['C'],A,Vacuum adiabatic calorimetry,"not stated,99.9 % (total),",99.9,Not Specified %,1965
1.0395,0.00022551,2.2551e-06,None kPa,N/A,15801,['C'],A,Vacuum adiabatic calorimetry,"not stated,99.9 % (total),",99.9,Not Specified %,1965
1.06015,0.000231909,2.31909e-06,None kPa,N/A,15801,['C'],A,Vacuum adiabatic calorimetry,"not stated,99.9 % (total),",99.9,Not Specified %,1965
1.09419,0.000244667,2.44667e-06,None kPa,N/A,15801,['C'],A,Vacuum adiabatic calorimetry,"not stated,99.9 % (total),",99.9,Not Specified %,1965
1.10627,0.000250485,2.50485e-06,None kPa,N/A,15801,['C'],A,Vacuum adiabatic calorimetry,"not stated,99.9 % (total),",99.9,Not Specified %,1965
1.11036,0.000250916,2.50916e-06,None kPa,N/A,15801,['C'],A,Vacuum adiabatic calorimetry,"not stated,99.9 % (total),",99.9,Not Specified %,1965
1.17097,0.000275187,2.75187e-06,None kPa,N/A,15801,['C'],A,Vacuum adiabatic calorimetry,"not stated,99.9 % (total),",99.9,Not Specified %,1965
1.20821,0.000294151,2.94151e-06,None kPa,N/A,15801,['C'],A,Vacuum adiabatic calorimetry,"not stated,99.9 % (total),",99.9,Not Specified %,1965
1.22472,0.000299976,2.99976e-06,None kPa,N/A,15801,['C'],A,Vacuum adiabatic calorimetry,"not stated,99.9 % (total),",99.9,Not Specified %,1965
1.2411,0.000305817,3.05817e-06,None kPa,N/A,15801,['C'],A,Vacuum adiabatic calorimetry,"not stated,99.9 % (total),",99.9,Not Specified %,1965
1.29429,0.000329158,3.29158e-06,None kPa,N/A,15801,['C'],A,Vacuum adiabatic calorimetry,"not stated,99.9 % (total),",99.9,Not Specified %,1965
1.32072,0.00035119,3.5119e-06,None kPa,N/A,15801,['C'],A,Vacuum adiabatic calorimetry,"not stated,99.9 % (total),",99.9,Not Specified %,1965
1.32963,0.000354016,3.54016e-06,None kPa,N/A,15801,['C'],A,Vacuum adiabatic calorimetry,"not stated,99.9 % (total),",99.9,Not Specified %,1965
1.36704,0.000380143,3.80143e-06,None kPa,N/A,15801,['C'],A,Vacuum adiabatic calorimetry,"not stated,99.9 % (total),",99.9,Not Specified %,1965
1.40021,0.000403092,4.03092e-06,None kPa,N/A,15801,['C'],A,Vacuum adiabatic calorimetry,"not stated,99.9 % (total),",99.9,Not Specified %,1965
1.42233,0.0114411,0.000114411,None kPa,N/A,15801,['C'],A,Vacuum adiabatic calorimetry,"not stated,99.9 % (total),",99.9,Not Specified %,1965
1.56578,0.0126743,0.000126743,None kPa,N/A,15801,['C'],A,Vacuum adiabatic calorimetry,"not stated,99.9 % (total),",99.9,Not Specified %,1965
1.70273,0.0138323,0.000138323,None kPa,N/A,15801,['C'],A,Vacuum adiabatic calorimetry,"not stated,99.9 % (total),",99.9,Not Specified %,1965
1.85906,0.0152371,0.000152371,None kPa,N/A,15801,['C'],A,Vacuum adiabatic calorimetry,"not stated,99.9 % (total),",99.9,Not Specified %,1965
2.03119,0.0167548,0.000167548,None kPa,N/A,15801,['C'],A,Vacuum adiabatic calorimetry,"not stated,99.9 % (total),",99.9,Not Specified %,1965
2.17526,0.0180518,0.000180518,None kPa,N/A,15801,['C'],A,Vacuum adiabatic calorimetry,"not stated,99.9 % (total),",99.9,Not Specified %,1965
2.34351,0.0196535,0.000196535,None kPa,N/A,15801,['C'],A,Vacuum adiabatic calorimetry,"not stated,99.9 % (total),",99.9,Not Specified %,1965
2.53728,0.0214388,0.000214388,None kPa,N/A,15801,['C'],A,Vacuum adiabatic calorimetry,"not stated,99.9 % (total),",99.9,Not Specified %,1965
2.75208,0.0235519,0.000235519,None kPa,N/A,15801,['C'],A,Vacuum adiabatic calorimetry,"not stated,99.9 % (total),",99.9,Not Specified %,1965
0.517417,0.00447628,4.47628e-05,None kPa,N/A,15802,['C'],A,Vacuum adiabatic calorimetry,"not stated,99.9 % (total),",99.9,Not Specified %,1965
0.557925,0.0046739,4.6739e-05,None kPa,N/A,15802,['C'],A,Vacuum adiabatic calorimetry,"not stated,99.9 % (total),",99.9,Not Specified %,1965
0.635106,0.00518141,5.18141e-05,None kPa,N/A,15802,['C'],A,Vacuum adiabatic calorimetry,"not stated,99.9 % (total),",99.9,Not Specified %,1965
0.706194,0.00567792,5.67792e-05,None kPa,N/A,15802,['C'],A,Vacuum adiabatic calorimetry,"not stated,99.9 % (total),",99.9,Not Specified %,1965
0.893527,0.00707638,7.07638e-05,None kPa,N/A,15802,['C'],A,Vacuum adiabatic calorimetry,"not stated,99.9 % (total),",99.9,Not Specified %,1965
0.994088,0.00785188,7.85188e-05,None kPa,N/A,15802,['C'],A,Vacuum adiabatic calorimetry,"not stated,99.9 % (total),",99.9,Not Specified %,1965
1.12108,0.00884191,8.84191e-05,None kPa,N/A,15802,['C'],A,Vacuum adiabatic calorimetry,"not stated,99.9 % (total),",99.9,Not Specified %,1965
1.2976,0.0102841,0.000102841,None kPa,N/A,15802,['C'],A,Vacuum adiabatic calorimetry,"not stated,99.9 % (total),",99.9,Not Specified %,1965
1.51373,0.0121064,0.000121064,None kPa,N/A,15802,['C'],A,Vacuum adiabatic calorimetry,"not stated,99.9 % (total),",99.9,Not Specified %,1965
1.69415,0.0136243,0.000136243,None kPa,N/A,15802,['C'],A,Vacuum adiabatic calorimetry,"not stated,99.9 % (total),",99.9,Not Specified %,1965
1.89316,0.0153621,0.000153621,None kPa,N/A,15802,['C'],A,Vacuum adiabatic calorimetry,"not stated,99.9 % (total),",99.9,Not Specified %,1965
2.14827,0.0176389,0.000176389,None kPa,N/A,15802,['C'],A,Vacuum adiabatic calorimetry,"not stated,99.9 % (total),",99.9,Not Specified %,1965
2.39485,0.0199147,0.000199147,None kPa,N/A,15802,['C'],A,Vacuum adiabatic calorimetry,"not stated,99.9 % (total),",99.9,Not Specified %,1965
0.390653,7.92518e-06,7.92518e-08,None kPa,N/A,15802,['C'],A,Vacuum adiabatic calorimetry,"not stated,99.9 % (total),",99.9,Not Specified %,1965
0.406731,9.30438e-06,9.30438e-08,None kPa,N/A,15802,['C'],A,Vacuum adiabatic calorimetry,"not stated,99.9 % (total),",99.9,Not Specified %,1965
0.431683,1.11098e-05,1.11098e-07,None kPa,N/A,15802,['C'],A,Vacuum adiabatic calorimetry,"not stated,99.9 % (total),",99.9,Not Specified %,1965
0.468754,1.42e-05,1.42e-07,None kPa,N/A,15802,['C'],A,Vacuum adiabatic calorimetry,"not stated,99.9 % (total),",99.9,Not Specified %,1965
0.501099,1.67933e-05,1.67933e-07,None kPa,N/A,15802,['C'],A,Vacuum adiabatic calorimetry,"not stated,99.9 % (total),",99.9,Not Specified %,1965
0.542752,2.1487e-05,2.1487e-07,None kPa,N/A,15802,['C'],A,Vacuum adiabatic calorimetry,"not stated,99.9 % (total),",99.9,Not Specified %,1965
0.58173,2.63058e-05,2.63058e-07,None kPa,N/A,15802,['C'],A,Vacuum adiabatic calorimetry,"not stated,99.9 % (total),",99.9,Not Specified %,1965
0.645329,3.2995e-05,3.2995e-07,None kPa,N/A,15802,['C'],A,Vacuum adiabatic calorimetry,"not stated,99.9 % (total),",99.9,Not Specified %,1965
0.740115,5.04751e-05,5.04751e-07,None kPa,N/A,15802,['C'],A,Vacuum adiabatic calorimetry,"not stated,99.9 % (total),",99.9,Not Specified %,1965
0.76395,5.36767e-05,5.36767e-07,None kPa,N/A,15802,['C'],A,Vacuum adiabatic calorimetry,"not stated,99.9 % (total),",99.9,Not Specified %,1965
0.86439,7.58831e-05,7.58831e-07,None kPa,N/A,15802,['C'],A,Vacuum adiabatic calorimetry,"not stated,99.9 % (total),",99.9,Not Specified %,1965
0.870207,7.65521e-05,7.65521e-07,None kPa,N/A,15802,['C'],A,Vacuum adiabatic calorimetry,"not stated,99.9 % (total),",99.9,Not Specified %,1965
0.95864,9.97656e-05,9.97656e-07,None kPa,N/A,15802,['C'],A,Vacuum adiabatic calorimetry,"not stated,99.9 % (total),",99.9,Not Specified %,1965
1.05327,0.000128646,1.28646e-06,None kPa,N/A,15802,['C'],A,Vacuum adiabatic calorimetry,"not stated,99.9 % (total),",99.9,Not Specified %,1965
1.06797,0.000133691,1.33691e-06,None kPa,N/A,15802,['C'],A,Vacuum adiabatic calorimetry,"not stated,99.9 % (total),",99.9,Not Specified %,1965
1.18703,0.000182034,1.82034e-06,None kPa,N/A,15802,['C'],A,Vacuum adiabatic calorimetry,"not stated,99.9 % (total),",99.9,Not Specified %,1965
1.30961,0.000247078,2.47078e-06,None kPa,N/A,15802,['C'],A,Vacuum adiabatic calorimetry,"not stated,99.9 % (total),",99.9,Not Specified %,1965
600.0,23.4304,1.17152,None kPa,N/A,16682,['C'],A,Resistive pulse heating - millisecond,not stated,,,1967
700.0,23.8488,1.19244,None kPa,N/A,16682,['C'],A,Resistive pulse heating - millisecond,not stated,,,1967
800.0,24.2672,1.21336,None kPa,N/A,16682,['C'],A,Resistive pulse heating - millisecond,not stated,,,1967
900.0,24.4764,1.22382,None kPa,N/A,16682,['C'],A,Resistive pulse heating - millisecond,not stated,,,1967
1000.0,24.8948,1.24474,None kPa,N/A,16682,['C'],A,Resistive pulse heating - millisecond,not stated,,,1967
1100.0,25.104,1.2552,None kPa,N/A,16682,['C'],A,Resistive pulse heating - millisecond,not stated,,,1967
1200.0,25.3132,1.26566,None kPa,N/A,16682,['C'],A,Resistive pulse heating - millisecond,not stated,,,1967
1300.0,25.5224,1.27612,None kPa,N/A,16682,['C'],A,Resistive pulse heating - millisecond,not stated,,,1967
1400.0,25.9408,1.29704,None kPa,N/A,16682,['C'],A,Resistive pulse heating - millisecond,not stated,,,1967
1500.0,26.6521,1.3326,None kPa,N/A,16682,['C'],A,Resistive pulse heating - millisecond,not stated,,,1967
1600.0,27.196,1.3598,None kPa,N/A,16682,['C'],A,Resistive pulse heating - millisecond,not stated,,,1967
1700.0,27.8236,1.39118,None kPa,N/A,16682,['C'],A,Resistive pulse heating - millisecond,not stated,,,1967
1800.0,28.0328,1.40164,None kPa,N/A,16682,['C'],A,Resistive pulse heating - millisecond,not stated,,,1967
1900.0,29.288,1.4644,None kPa,N/A,16682,['C'],A,Resistive pulse heating - millisecond,not stated,,,1967
2000.0,30.5432,1.52716,None kPa,N/A,16682,['C'],A,Resistive pulse heating - millisecond,not stated,,,1967
2100.0,31.7984,1.58992,None kPa,N/A,16682,['C'],A,Resistive pulse heating - millisecond,not stated,,,1967
2200.0,33.472,1.6736,None kPa,N/A,16682,['C'],A,Resistive pulse heating - millisecond,not stated,,,1967
2300.0,35.1456,1.75728,None kPa,N/A,16682,['C'],A,Resistive pulse heating - millisecond,not stated,,,1967
2400.0,37.2376,1.86188,None kPa,N/A,16682,['C'],A,Resistive pulse heating - millisecond,not stated,,,1967
2500.0,39.748,1.9874,None kPa,N/A,16682,['C'],A,Resistive pulse heating - millisecond,not stated,,,1967
2600.0,41.4216,2.07108,None kPa,N/A,16682,['C'],A,Resistive pulse heating - millisecond,not stated,,,1967
2700.0,43.0952,2.15476,None kPa,N/A,16682,['C'],A,Resistive pulse heating - millisecond,not stated,,,1967
600.0,23.4304,1.17152,1.33322e-06 kPa,N/A,17616,['C'],A,Resistive pulse heating - microsecond,origin: commercial source,,,1968
1000.0,24.8948,1.24474,None kPa,N/A,17616,['C'],A,Resistive pulse heating - microsecond,origin: commercial source,,,1968
1200.0,25.3132,1.26566,1.33322e-06 kPa,N/A,17617,['C'],A,Resistive pulse heating - microsecond,origin: commercial source,,,1968
1500.0,26.6521,1.3326,None kPa,N/A,17617,['C'],A,Resistive pulse heating - microsecond,origin: commercial source,,,1968
1700.0,27.8236,1.39118,None kPa,N/A,17617,['C'],A,Resistive pulse heating - microsecond,origin: commercial source,,,1968
2000.0,30.5432,1.52716,None kPa,N/A,17617,['C'],A,Resistive pulse heating - microsecond,origin: commercial source,,,1968
2200.0,33.472,1.6736,None kPa,N/A,17617,['C'],A,Resistive pulse heating - microsecond,origin: commercial source,,,1968
2500.0,39.748,1.9874,None kPa,N/A,17617,['C'],A,Resistive pulse heating - microsecond,origin: commercial source,,,1968
2700.0,43.0952,2.15476,None kPa,N/A,17617,['C'],A,Resistive pulse heating - microsecond,origin: commercial source,,,1968
1660.0,30.9198,1.85519,None kPa,N/A,17935,['C'],A,method of alternating electronic heating,"not stated,99.2 % (total),",99.2,Not Specified %,1968
1.5331,0.0003618,9.045e-06,None kPa,N/A,18883,['C'],A,Vacuum adiabatic calorimetry,"origin: commercial source,99.94 weight % (total),spectroscopy,wire",99.94,Weight %,1969
1.648,0.00036388,9.097e-06,None kPa,N/A,18883,['C'],A,Vacuum adiabatic calorimetry,"origin: commercial source,99.94 weight % (total),spectroscopy,wire",99.94,Weight %,1969
1.7527,0.00051039,1.27598e-05,None kPa,N/A,18883,['C'],A,Vacuum adiabatic calorimetry,"origin: commercial source,99.94 weight % (total),spectroscopy,wire",99.94,Weight %,1969
1.8726,0.00078911,1.97278e-05,None kPa,N/A,18883,['C'],A,Vacuum adiabatic calorimetry,"origin: commercial source,99.94 weight % (total),spectroscopy,wire",99.94,Weight %,1969
1.9478,0.00102202,2.55505e-05,None kPa,N/A,18883,['C'],A,Vacuum adiabatic calorimetry,"origin: commercial source,99.94 weight % (total),spectroscopy,wire",99.94,Weight %,1969
2.0511,0.00126862,3.17155e-05,None kPa,N/A,18883,['C'],A,Vacuum adiabatic calorimetry,"origin: commercial source,99.94 weight % (total),spectroscopy,wire",99.94,Weight %,1969
2.1644,0.001854,4.635e-05,None kPa,N/A,18883,['C'],A,Vacuum adiabatic calorimetry,"origin: commercial source,99.94 weight % (total),spectroscopy,wire",99.94,Weight %,1969
2.539,0.00355663,8.89158e-05,None kPa,N/A,18883,['C'],A,Vacuum adiabatic calorimetry,"origin: commercial source,99.94 weight % (total),spectroscopy,wire",99.94,Weight %,1969
2.6805,0.00489601,0.0001224,None kPa,N/A,18883,['C'],A,Vacuum adiabatic calorimetry,"origin: commercial source,99.94 weight % (total),spectroscopy,wire",99.94,Weight %,1969
2.7899,0.00571437,0.000142859,None kPa,N/A,18883,['C'],A,Vacuum adiabatic calorimetry,"origin: commercial source,99.94 weight % (total),spectroscopy,wire",99.94,Weight %,1969
2.946,0.00720869,0.000180217,None kPa,N/A,18883,['C'],A,Vacuum adiabatic calorimetry,"origin: commercial source,99.94 weight % (total),spectroscopy,wire",99.94,Weight %,1969
3.0854,0.00896477,0.000224119,None kPa,N/A,18883,['C'],A,Vacuum adiabatic calorimetry,"origin: commercial source,99.94 weight % (total),spectroscopy,wire",99.94,Weight %,1969
3.2354,0.0109446,0.000273616,None kPa,N/A,18883,['C'],A,Vacuum adiabatic calorimetry,"origin: commercial source,99.94 weight % (total),spectroscopy,wire",99.94,Weight %,1969
3.4461,0.0140549,0.000351372,None kPa,N/A,18883,['C'],A,Vacuum adiabatic calorimetry,"origin: commercial source,99.94 weight % (total),spectroscopy,wire",99.94,Weight %,1969
3.6703,0.0180113,0.000450283,None kPa,N/A,18883,['C'],A,Vacuum adiabatic calorimetry,"origin: commercial source,99.94 weight % (total),spectroscopy,wire",99.94,Weight %,1969
3.7936,0.0202474,0.000506184,None kPa,N/A,18883,['C'],A,Vacuum adiabatic calorimetry,"origin: commercial source,99.94 weight % (total),spectroscopy,wire",99.94,Weight %,1969
3.8936,0.0223471,0.000558677,None kPa,N/A,18883,['C'],A,Vacuum adiabatic calorimetry,"origin: commercial source,99.94 weight % (total),spectroscopy,wire",99.94,Weight %,1969
4.0034,0.0244157,0.000610392,None kPa,N/A,18883,['C'],A,Vacuum adiabatic calorimetry,"origin: commercial source,99.94 weight % (total),spectroscopy,wire",99.94,Weight %,1969
4.1057,0.0265759,0.000664397,None kPa,N/A,18883,['C'],A,Vacuum adiabatic calorimetry,"origin: commercial source,99.94 weight % (total),spectroscopy,wire",99.94,Weight %,1969
4.2037,0.0289868,0.00072467,None kPa,N/A,18883,['C'],A,Vacuum adiabatic calorimetry,"origin: commercial source,99.94 weight % (total),spectroscopy,wire",99.94,Weight %,1969
4.3078,0.0315569,0.000788923,None kPa,N/A,18883,['C'],A,Vacuum adiabatic calorimetry,"origin: commercial source,99.94 weight % (total),spectroscopy,wire",99.94,Weight %,1969
4.3889,0.0335236,0.00083809,None kPa,N/A,18883,['C'],A,Vacuum adiabatic calorimetry,"origin: commercial source,99.94 weight % (total),spectroscopy,wire",99.94,Weight %,1969
4.4676,0.0353145,0.000882861,None kPa,N/A,18883,['C'],A,Vacuum adiabatic calorimetry,"origin: commercial source,99.94 weight % (total),spectroscopy,wire",99.94,Weight %,1969
4.5442,0.0378228,0.00094557,None kPa,N/A,18883,['C'],A,Vacuum adiabatic calorimetry,"origin: commercial source,99.94 weight % (total),spectroscopy,wire",99.94,Weight %,1969
4.6126,0.0396371,0.000990927,None kPa,N/A,18883,['C'],A,Vacuum adiabatic calorimetry,"origin: commercial source,99.94 weight % (total),spectroscopy,wire",99.94,Weight %,1969
4.696,0.0418314,0.00104578,None kPa,N/A,18883,['C'],A,Vacuum adiabatic calorimetry,"origin: commercial source,99.94 weight % (total),spectroscopy,wire",99.94,Weight %,1969
4.7697,0.0442636,0.00110659,None kPa,N/A,18883,['C'],A,Vacuum adiabatic calorimetry,"origin: commercial source,99.94 weight % (total),spectroscopy,wire",99.94,Weight %,1969
4.8597,0.0467282,0.0011682,None kPa,N/A,18883,['C'],A,Vacuum adiabatic calorimetry,"origin: commercial source,99.94 weight % (total),spectroscopy,wire",99.94,Weight %,1969
4.9497,0.0493159,0.0012329,None kPa,N/A,18883,['C'],A,Vacuum adiabatic calorimetry,"origin: commercial source,99.94 weight % (total),spectroscopy,wire",99.94,Weight %,1969
5.0215,0.051836,0.0012959,None kPa,N/A,18883,['C'],A,Vacuum adiabatic calorimetry,"origin: commercial source,99.94 weight % (total),spectroscopy,wire",99.94,Weight %,1969
5.1134,0.0548027,0.00137007,None kPa,N/A,18883,['C'],A,Vacuum adiabatic calorimetry,"origin: commercial source,99.94 weight % (total),spectroscopy,wire",99.94,Weight %,1969
5.1997,0.0579248,0.00144812,None kPa,N/A,18883,['C'],A,Vacuum adiabatic calorimetry,"origin: commercial source,99.94 weight % (total),spectroscopy,wire",99.94,Weight %,1969
5.2749,0.0605594,0.00151398,None kPa,N/A,18883,['C'],A,Vacuum adiabatic calorimetry,"origin: commercial source,99.94 weight % (total),spectroscopy,wire",99.94,Weight %,1969
5.3758,0.0642098,0.00160525,None kPa,N/A,18883,['C'],A,Vacuum adiabatic calorimetry,"origin: commercial source,99.94 weight % (total),spectroscopy,wire",99.94,Weight %,1969
5.4786,0.0679064,0.00169766,None kPa,N/A,18883,['C'],A,Vacuum adiabatic calorimetry,"origin: commercial source,99.94 weight % (total),spectroscopy,wire",99.94,Weight %,1969
5.5748,0.0716725,0.00179181,None kPa,N/A,18883,['C'],A,Vacuum adiabatic calorimetry,"origin: commercial source,99.94 weight % (total),spectroscopy,wire",99.94,Weight %,1969
5.7111,0.0770822,0.00192705,None kPa,N/A,18883,['C'],A,Vacuum adiabatic calorimetry,"origin: commercial source,99.94 weight % (total),spectroscopy,wire",99.94,Weight %,1969
5.9102,0.0857559,0.0021439,None kPa,N/A,18883,['C'],A,Vacuum adiabatic calorimetry,"origin: commercial source,99.94 weight % (total),spectroscopy,wire",99.94,Weight %,1969
6.1524,0.0958108,0.00239527,None kPa,N/A,18883,['C'],A,Vacuum adiabatic calorimetry,"origin: commercial source,99.94 weight % (total),spectroscopy,wire",99.94,Weight %,1969
6.3663,0.105399,0.00263498,None kPa,N/A,18883,['C'],A,Vacuum adiabatic calorimetry,"origin: commercial source,99.94 weight % (total),spectroscopy,wire",99.94,Weight %,1969
6.5657,0.115888,0.0028972,None kPa,N/A,18883,['C'],A,Vacuum adiabatic calorimetry,"origin: commercial source,99.94 weight % (total),spectroscopy,wire",99.94,Weight %,1969
6.6263,0.119153,0.00297883,None kPa,N/A,18883,['C'],A,Vacuum adiabatic calorimetry,"origin: commercial source,99.94 weight % (total),spectroscopy,wire",99.94,Weight %,1969
6.7153,0.123567,0.00308917,None kPa,N/A,18883,['C'],A,Vacuum adiabatic calorimetry,"origin: commercial source,99.94 weight % (total),spectroscopy,wire",99.94,Weight %,1969
6.7706,0.12703,0.00317576,None kPa,N/A,18883,['C'],A,Vacuum adiabatic calorimetry,"origin: commercial source,99.94 weight % (total),spectroscopy,wire",99.94,Weight %,1969
6.8117,0.128613,0.00321532,None kPa,N/A,18883,['C'],A,Vacuum adiabatic calorimetry,"origin: commercial source,99.94 weight % (total),spectroscopy,wire",99.94,Weight %,1969
6.855,0.131218,0.00328044,None kPa,N/A,18883,['C'],A,Vacuum adiabatic calorimetry,"origin: commercial source,99.94 weight % (total),spectroscopy,wire",99.94,Weight %,1969
6.8915,0.132788,0.00331971,None kPa,N/A,18883,['C'],A,Vacuum adiabatic calorimetry,"origin: commercial source,99.94 weight % (total),spectroscopy,wire",99.94,Weight %,1969
7.0057,0.139449,0.00348623,None kPa,N/A,18883,['C'],A,Vacuum adiabatic calorimetry,"origin: commercial source,99.94 weight % (total),spectroscopy,wire",99.94,Weight %,1969
7.1011,0.144614,0.00361535,None kPa,N/A,18883,['C'],A,Vacuum adiabatic calorimetry,"origin: commercial source,99.94 weight % (total),spectroscopy,wire",99.94,Weight %,1969
7.2378,0.156871,0.00392176,None kPa,N/A,18883,['C'],A,Vacuum adiabatic calorimetry,"origin: commercial source,99.94 weight % (total),spectroscopy,wire",99.94,Weight %,1969
7.3832,0.164957,0.00412393,None kPa,N/A,18883,['C'],A,Vacuum adiabatic calorimetry,"origin: commercial source,99.94 weight % (total),spectroscopy,wire",99.94,Weight %,1969
7.4275,0.16686,0.0041715,None kPa,N/A,18883,['C'],A,Vacuum adiabatic calorimetry,"origin: commercial source,99.94 weight % (total),spectroscopy,wire",99.94,Weight %,1969
7.5651,0.177203,0.00443007,None kPa,N/A,18883,['C'],A,Vacuum adiabatic calorimetry,"origin: commercial source,99.94 weight % (total),spectroscopy,wire",99.94,Weight %,1969
7.6271,0.18239,0.00455976,None kPa,N/A,18883,['C'],A,Vacuum adiabatic calorimetry,"origin: commercial source,99.94 weight % (total),spectroscopy,wire",99.94,Weight %,1969
7.7292,0.186761,0.00466903,None kPa,N/A,18883,['C'],A,Vacuum adiabatic calorimetry,"origin: commercial source,99.94 weight % (total),spectroscopy,wire",99.94,Weight %,1969
7.7858,0.191217,0.00478043,None kPa,N/A,18883,['C'],A,Vacuum adiabatic calorimetry,"origin: commercial source,99.94 weight % (total),spectroscopy,wire",99.94,Weight %,1969
7.8356,0.195224,0.00488059,None kPa,N/A,18883,['C'],A,Vacuum adiabatic calorimetry,"origin: commercial source,99.94 weight % (total),spectroscopy,wire",99.94,Weight %,1969
7.8971,0.197391,0.00493477,None kPa,N/A,18883,['C'],A,Vacuum adiabatic calorimetry,"origin: commercial source,99.94 weight % (total),spectroscopy,wire",99.94,Weight %,1969
7.9562,0.204112,0.0051028,None kPa,N/A,18883,['C'],A,Vacuum adiabatic calorimetry,"origin: commercial source,99.94 weight % (total),spectroscopy,wire",99.94,Weight %,1969
8.0151,0.208159,0.00520398,None kPa,N/A,18883,['C'],A,Vacuum adiabatic calorimetry,"origin: commercial source,99.94 weight % (total),spectroscopy,wire",99.94,Weight %,1969
8.1293,0.214107,0.00535267,None kPa,N/A,18883,['C'],A,Vacuum adiabatic calorimetry,"origin: commercial source,99.94 weight % (total),spectroscopy,wire",99.94,Weight %,1969
8.1917,0.220965,0.00552412,None kPa,N/A,18883,['C'],A,Vacuum adiabatic calorimetry,"origin: commercial source,99.94 weight % (total),spectroscopy,wire",99.94,Weight %,1969
8.2298,0.223326,0.00558314,None kPa,N/A,18883,['C'],A,Vacuum adiabatic calorimetry,"origin: commercial source,99.94 weight % (total),spectroscopy,wire",99.94,Weight %,1969
8.293,0.227573,0.00568933,None kPa,N/A,18883,['C'],A,Vacuum adiabatic calorimetry,"origin: commercial source,99.94 weight % (total),spectroscopy,wire",99.94,Weight %,1969
8.3186,0.233263,0.00583158,None kPa,N/A,18883,['C'],A,Vacuum adiabatic calorimetry,"origin: commercial source,99.94 weight % (total),spectroscopy,wire",99.94,Weight %,1969
8.502,0.245686,0.00614215,None kPa,N/A,18883,['C'],A,Vacuum adiabatic calorimetry,"origin: commercial source,99.94 weight % (total),spectroscopy,wire",99.94,Weight %,1969
8.5689,0.251273,0.00628182,None kPa,N/A,18883,['C'],A,Vacuum adiabatic calorimetry,"origin: commercial source,99.94 weight % (total),spectroscopy,wire",99.94,Weight %,1969
8.6287,0.255422,0.00638554,None kPa,N/A,18883,['C'],A,Vacuum adiabatic calorimetry,"origin: commercial source,99.94 weight % (total),spectroscopy,wire",99.94,Weight %,1969
8.692,0.260242,0.00650605,None kPa,N/A,18883,['C'],A,Vacuum adiabatic calorimetry,"origin: commercial source,99.94 weight % (total),spectroscopy,wire",99.94,Weight %,1969
8.7582,0.266868,0.0066717,None kPa,N/A,18883,['C'],A,Vacuum adiabatic calorimetry,"origin: commercial source,99.94 weight % (total),spectroscopy,wire",99.94,Weight %,1969
8.8902,0.277462,0.00693654,None kPa,N/A,18883,['C'],A,Vacuum adiabatic calorimetry,"origin: commercial source,99.94 weight % (total),spectroscopy,wire",99.94,Weight %,1969
8.9634,0.284321,0.00710802,None kPa,N/A,18883,['C'],A,Vacuum adiabatic calorimetry,"origin: commercial source,99.94 weight % (total),spectroscopy,wire",99.94,Weight %,1969
9.0328,0.291246,0.00728115,None kPa,N/A,18883,['C'],A,Vacuum adiabatic calorimetry,"origin: commercial source,99.94 weight % (total),spectroscopy,wire",99.94,Weight %,1969
9.1066,0.299253,0.00748133,None kPa,N/A,18883,['C'],A,Vacuum adiabatic calorimetry,"origin: commercial source,99.94 weight % (total),spectroscopy,wire",99.94,Weight %,1969
9.1729,0.302836,0.00757091,None kPa,N/A,18883,['C'],A,Vacuum adiabatic calorimetry,"origin: commercial source,99.94 weight % (total),spectroscopy,wire",99.94,Weight %,1969
9.1799,0.305494,0.00763734,None kPa,N/A,18883,['C'],A,Vacuum adiabatic calorimetry,"origin: commercial source,99.94 weight % (total),spectroscopy,wire",99.94,Weight %,1969
9.1965,0.304421,0.00761053,None kPa,N/A,18883,['C'],A,Vacuum adiabatic calorimetry,"origin: commercial source,99.94 weight % (total),spectroscopy,wire",99.94,Weight %,1969
9.2366,0.311679,0.00779199,None kPa,N/A,18883,['C'],A,Vacuum adiabatic calorimetry,"origin: commercial source,99.94 weight % (total),spectroscopy,wire",99.94,Weight %,1969
9.2494,0.277084,0.0069271,None kPa,N/A,18883,['C'],A,Vacuum adiabatic calorimetry,"origin: commercial source,99.94 weight % (total),spectroscopy,wire",99.94,Weight %,1969
9.273,0.24785,0.00619625,None kPa,N/A,18883,['C'],A,Vacuum adiabatic calorimetry,"origin: commercial source,99.94 weight % (total),spectroscopy,wire",99.94,Weight %,1969
9.275,0.2425,0.00606251,None kPa,N/A,18883,['C'],A,Vacuum adiabatic calorimetry,"origin: commercial source,99.94 weight % (total),spectroscopy,wire",99.94,Weight %,1969
9.2751,0.246109,0.00615273,None kPa,N/A,18883,['C'],A,Vacuum adiabatic calorimetry,"origin: commercial source,99.94 weight % (total),spectroscopy,wire",99.94,Weight %,1969
9.2763,0.244483,0.00611209,None kPa,N/A,18883,['C'],A,Vacuum adiabatic calorimetry,"origin: commercial source,99.94 weight % (total),spectroscopy,wire",99.94,Weight %,1969
9.2774,0.23324,0.00583099,None kPa,N/A,18883,['C'],A,Vacuum adiabatic calorimetry,"origin: commercial source,99.94 weight % (total),spectroscopy,wire",99.94,Weight %,1969
9.2816,0.215984,0.00539961,None kPa,N/A,18883,['C'],A,Vacuum adiabatic calorimetry,"origin: commercial source,99.94 weight % (total),spectroscopy,wire",99.94,Weight %,1969
9.2841,0.20929,0.00523224,None kPa,N/A,18883,['C'],A,Vacuum adiabatic calorimetry,"origin: commercial source,99.94 weight % (total),spectroscopy,wire",99.94,Weight %,1969
9.2854,0.180978,0.00452446,None kPa,N/A,18883,['C'],A,Vacuum adiabatic calorimetry,"origin: commercial source,99.94 weight % (total),spectroscopy,wire",99.94,Weight %,1969
9.2864,0.206315,0.00515787,None kPa,N/A,18883,['C'],A,Vacuum adiabatic calorimetry,"origin: commercial source,99.94 weight % (total),spectroscopy,wire",99.94,Weight %,1969
9.3026,0.184743,0.00461857,None kPa,N/A,18883,['C'],A,Vacuum adiabatic calorimetry,"origin: commercial source,99.94 weight % (total),spectroscopy,wire",99.94,Weight %,1969
9.3123,0.179061,0.00447652,None kPa,N/A,18883,['C'],A,Vacuum adiabatic calorimetry,"origin: commercial source,99.94 weight % (total),spectroscopy,wire",99.94,Weight %,1969
9.3123,0.180863,0.00452157,None kPa,N/A,18883,['C'],A,Vacuum adiabatic calorimetry,"origin: commercial source,99.94 weight % (total),spectroscopy,wire",99.94,Weight %,1969
9.3339,0.18151,0.00453774,None kPa,N/A,18883,['C'],A,Vacuum adiabatic calorimetry,"origin: commercial source,99.94 weight % (total),spectroscopy,wire",99.94,Weight %,1969
9.3374,0.180012,0.0045003,None kPa,N/A,18883,['C'],A,Vacuum adiabatic calorimetry,"origin: commercial source,99.94 weight % (total),spectroscopy,wire",99.94,Weight %,1969
9.4099,0.182377,0.00455941,None kPa,N/A,18883,['C'],A,Vacuum adiabatic calorimetry,"origin: commercial source,99.94 weight % (total),spectroscopy,wire",99.94,Weight %,1969
9.4954,0.185273,0.00463183,None kPa,N/A,18883,['C'],A,Vacuum adiabatic calorimetry,"origin: commercial source,99.94 weight % (total),spectroscopy,wire",99.94,Weight %,1969
9.5684,0.18953,0.00473825,None kPa,N/A,18883,['C'],A,Vacuum adiabatic calorimetry,"origin: commercial source,99.94 weight % (total),spectroscopy,wire",99.94,Weight %,1969
9.5843,0.188187,0.00470468,None kPa,N/A,18883,['C'],A,Vacuum adiabatic calorimetry,"origin: commercial source,99.94 weight % (total),spectroscopy,wire",99.94,Weight %,1969
9.7218,0.196028,0.00490069,None kPa,N/A,18883,['C'],A,Vacuum adiabatic calorimetry,"origin: commercial source,99.94 weight % (total),spectroscopy,wire",99.94,Weight %,1969
9.7456,0.198123,0.00495307,None kPa,N/A,18883,['C'],A,Vacuum adiabatic calorimetry,"origin: commercial source,99.94 weight % (total),spectroscopy,wire",99.94,Weight %,1969
9.7861,0.196981,0.00492453,None kPa,N/A,18883,['C'],A,Vacuum adiabatic calorimetry,"origin: commercial source,99.94 weight % (total),spectroscopy,wire",99.94,Weight %,1969
9.8599,0.202323,0.00505808,None kPa,N/A,18883,['C'],A,Vacuum adiabatic calorimetry,"origin: commercial source,99.94 weight % (total),spectroscopy,wire",99.94,Weight %,1969
5.5313,0.0700115,0.00175029,None kPa,N/A,18883,['C'],A,Vacuum adiabatic calorimetry,"origin: commercial source,99.94 weight % (total),spectroscopy,wire",99.94,Weight %,1969
5.6055,0.0731831,0.00182958,None kPa,N/A,18883,['C'],A,Vacuum adiabatic calorimetry,"origin: commercial source,99.94 weight % (total),spectroscopy,wire",99.94,Weight %,1969
5.8397,0.08296,0.002074,None kPa,N/A,18883,['C'],A,Vacuum adiabatic calorimetry,"origin: commercial source,99.94 weight % (total),spectroscopy,wire",99.94,Weight %,1969
5.9623,0.0882991,0.00220748,None kPa,N/A,18883,['C'],A,Vacuum adiabatic calorimetry,"origin: commercial source,99.94 weight % (total),spectroscopy,wire",99.94,Weight %,1969
6.0986,0.0940869,0.00235217,None kPa,N/A,18883,['C'],A,Vacuum adiabatic calorimetry,"origin: commercial source,99.94 weight % (total),spectroscopy,wire",99.94,Weight %,1969
6.2346,0.100457,0.00251142,None kPa,N/A,18883,['C'],A,Vacuum adiabatic calorimetry,"origin: commercial source,99.94 weight % (total),spectroscopy,wire",99.94,Weight %,1969
6.3961,0.107977,0.00269941,None kPa,N/A,18883,['C'],A,Vacuum adiabatic calorimetry,"origin: commercial source,99.94 weight % (total),spectroscopy,wire",99.94,Weight %,1969
6.6518,0.120702,0.00301756,None kPa,N/A,18883,['C'],A,Vacuum adiabatic calorimetry,"origin: commercial source,99.94 weight % (total),spectroscopy,wire",99.94,Weight %,1969
6.7127,0.124645,0.00311613,None kPa,N/A,18883,['C'],A,Vacuum adiabatic calorimetry,"origin: commercial source,99.94 weight % (total),spectroscopy,wire",99.94,Weight %,1969
6.8619,0.13255,0.00331374,None kPa,N/A,18883,['C'],A,Vacuum adiabatic calorimetry,"origin: commercial source,99.94 weight % (total),spectroscopy,wire",99.94,Weight %,1969
6.909,0.134154,0.00335385,None kPa,N/A,18883,['C'],A,Vacuum adiabatic calorimetry,"origin: commercial source,99.94 weight % (total),spectroscopy,wire",99.94,Weight %,1969
6.9579,0.138032,0.00345079,None kPa,N/A,18883,['C'],A,Vacuum adiabatic calorimetry,"origin: commercial source,99.94 weight % (total),spectroscopy,wire",99.94,Weight %,1969
7.0175,0.141644,0.00354111,None kPa,N/A,18883,['C'],A,Vacuum adiabatic calorimetry,"origin: commercial source,99.94 weight % (total),spectroscopy,wire",99.94,Weight %,1969
7.0622,0.145071,0.00362678,None kPa,N/A,18883,['C'],A,Vacuum adiabatic calorimetry,"origin: commercial source,99.94 weight % (total),spectroscopy,wire",99.94,Weight %,1969
7.1228,0.148305,0.00370763,None kPa,N/A,18883,['C'],A,Vacuum adiabatic calorimetry,"origin: commercial source,99.94 weight % (total),spectroscopy,wire",99.94,Weight %,1969
7.1821,0.153176,0.00382941,None kPa,N/A,18883,['C'],A,Vacuum adiabatic calorimetry,"origin: commercial source,99.94 weight % (total),spectroscopy,wire",99.94,Weight %,1969
7.2558,0.156017,0.00390042,None kPa,N/A,18883,['C'],A,Vacuum adiabatic calorimetry,"origin: commercial source,99.94 weight % (total),spectroscopy,wire",99.94,Weight %,1969
7.2975,0.162783,0.00406957,None kPa,N/A,18883,['C'],A,Vacuum adiabatic calorimetry,"origin: commercial source,99.94 weight % (total),spectroscopy,wire",99.94,Weight %,1969
7.3667,0.171771,0.00429428,None kPa,N/A,18883,['C'],A,Vacuum adiabatic calorimetry,"origin: commercial source,99.94 weight % (total),spectroscopy,wire",99.94,Weight %,1969
7.4343,0.18378,0.0045945,None kPa,N/A,18883,['C'],A,Vacuum adiabatic calorimetry,"origin: commercial source,99.94 weight % (total),spectroscopy,wire",99.94,Weight %,1969
7.5169,0.252791,0.00631978,None kPa,N/A,18883,['C'],A,Vacuum adiabatic calorimetry,"origin: commercial source,99.94 weight % (total),spectroscopy,wire",99.94,Weight %,1969
7.5755,0.330441,0.00826104,None kPa,N/A,18883,['C'],A,Vacuum adiabatic calorimetry,"origin: commercial source,99.94 weight % (total),spectroscopy,wire",99.94,Weight %,1969
7.6327,0.553735,0.0138434,None kPa,N/A,18883,['C'],A,Vacuum adiabatic calorimetry,"origin: commercial source,99.94 weight % (total),spectroscopy,wire",99.94,Weight %,1969
7.6738,0.568356,0.0142089,None kPa,N/A,18883,['C'],A,Vacuum adiabatic calorimetry,"origin: commercial source,99.94 weight % (total),spectroscopy,wire",99.94,Weight %,1969
7.7009,0.497288,0.0124322,None kPa,N/A,18883,['C'],A,Vacuum adiabatic calorimetry,"origin: commercial source,99.94 weight % (total),spectroscopy,wire",99.94,Weight %,1969
7.7524,0.372288,0.00930721,None kPa,N/A,18883,['C'],A,Vacuum adiabatic calorimetry,"origin: commercial source,99.94 weight % (total),spectroscopy,wire",99.94,Weight %,1969
7.7977,0.325905,0.00814762,None kPa,N/A,18883,['C'],A,Vacuum adiabatic calorimetry,"origin: commercial source,99.94 weight % (total),spectroscopy,wire",99.94,Weight %,1969
7.8382,0.306426,0.00766065,None kPa,N/A,18883,['C'],A,Vacuum adiabatic calorimetry,"origin: commercial source,99.94 weight % (total),spectroscopy,wire",99.94,Weight %,1969
7.8886,0.298264,0.00745661,None kPa,N/A,18883,['C'],A,Vacuum adiabatic calorimetry,"origin: commercial source,99.94 weight % (total),spectroscopy,wire",99.94,Weight %,1969
7.9617,0.288611,0.00721528,None kPa,N/A,18883,['C'],A,Vacuum adiabatic calorimetry,"origin: commercial source,99.94 weight % (total),spectroscopy,wire",99.94,Weight %,1969
8.0316,0.284431,0.00711078,None kPa,N/A,18883,['C'],A,Vacuum adiabatic calorimetry,"origin: commercial source,99.94 weight % (total),spectroscopy,wire",99.94,Weight %,1969
8.1023,0.207406,0.00518514,None kPa,N/A,18883,['C'],A,Vacuum adiabatic calorimetry,"origin: commercial source,99.94 weight % (total),spectroscopy,wire",99.94,Weight %,1969
8.1664,0.149097,0.00372743,None kPa,N/A,18883,['C'],A,Vacuum adiabatic calorimetry,"origin: commercial source,99.94 weight % (total),spectroscopy,wire",99.94,Weight %,1969
8.2361,0.135596,0.0033899,None kPa,N/A,18883,['C'],A,Vacuum adiabatic calorimetry,"origin: commercial source,99.94 weight % (total),spectroscopy,wire",99.94,Weight %,1969
8.2835,0.136254,0.00340636,None kPa,N/A,18883,['C'],A,Vacuum adiabatic calorimetry,"origin: commercial source,99.94 weight % (total),spectroscopy,wire",99.94,Weight %,1969
8.338,0.139976,0.00349939,None kPa,N/A,18883,['C'],A,Vacuum adiabatic calorimetry,"origin: commercial source,99.94 weight % (total),spectroscopy,wire",99.94,Weight %,1969
8.3943,0.140297,0.00350742,None kPa,N/A,18883,['C'],A,Vacuum adiabatic calorimetry,"origin: commercial source,99.94 weight % (total),spectroscopy,wire",99.94,Weight %,1969
8.4743,0.143969,0.00359923,None kPa,N/A,18883,['C'],A,Vacuum adiabatic calorimetry,"origin: commercial source,99.94 weight % (total),spectroscopy,wire",99.94,Weight %,1969
8.5482,0.145927,0.00364818,None kPa,N/A,18883,['C'],A,Vacuum adiabatic calorimetry,"origin: commercial source,99.94 weight % (total),spectroscopy,wire",99.94,Weight %,1969
8.6058,0.149474,0.00373684,None kPa,N/A,18883,['C'],A,Vacuum adiabatic calorimetry,"origin: commercial source,99.94 weight % (total),spectroscopy,wire",99.94,Weight %,1969
8.6542,0.15022,0.00375551,None kPa,N/A,18883,['C'],A,Vacuum adiabatic calorimetry,"origin: commercial source,99.94 weight % (total),spectroscopy,wire",99.94,Weight %,1969
8.7783,0.154566,0.00386416,None kPa,N/A,18883,['C'],A,Vacuum adiabatic calorimetry,"origin: commercial source,99.94 weight % (total),spectroscopy,wire",99.94,Weight %,1969
8.9467,0.162098,0.00405245,None kPa,N/A,18883,['C'],A,Vacuum adiabatic calorimetry,"origin: commercial source,99.94 weight % (total),spectroscopy,wire",99.94,Weight %,1969
7.7745,0.192191,0.00480477,None kPa,N/A,18883,['C'],A,Vacuum adiabatic calorimetry,"origin: commercial source,99.94 weight % (total),spectroscopy,wire",99.94,Weight %,1969
7.8441,0.196654,0.00491634,None kPa,N/A,18883,['C'],A,Vacuum adiabatic calorimetry,"origin: commercial source,99.94 weight % (total),spectroscopy,wire",99.94,Weight %,1969
7.8855,0.198357,0.00495892,None kPa,N/A,18883,['C'],A,Vacuum adiabatic calorimetry,"origin: commercial source,99.94 weight % (total),spectroscopy,wire",99.94,Weight %,1969
7.9335,0.201482,0.00503705,None kPa,N/A,18883,['C'],A,Vacuum adiabatic calorimetry,"origin: commercial source,99.94 weight % (total),spectroscopy,wire",99.94,Weight %,1969
7.981,0.203287,0.00508217,None kPa,N/A,18883,['C'],A,Vacuum adiabatic calorimetry,"origin: commercial source,99.94 weight % (total),spectroscopy,wire",99.94,Weight %,1969
8.0739,0.211107,0.00527768,None kPa,N/A,18883,['C'],A,Vacuum adiabatic calorimetry,"origin: commercial source,99.94 weight % (total),spectroscopy,wire",99.94,Weight %,1969
8.1053,0.215008,0.0053752,None kPa,N/A,18883,['C'],A,Vacuum adiabatic calorimetry,"origin: commercial source,99.94 weight % (total),spectroscopy,wire",99.94,Weight %,1969
8.1395,0.216718,0.00541795,None kPa,N/A,18883,['C'],A,Vacuum adiabatic calorimetry,"origin: commercial source,99.94 weight % (total),spectroscopy,wire",99.94,Weight %,1969
8.2987,0.229716,0.00574291,None kPa,N/A,18883,['C'],A,Vacuum adiabatic calorimetry,"origin: commercial source,99.94 weight % (total),spectroscopy,wire",99.94,Weight %,1969
8.3321,0.232381,0.00580952,None kPa,N/A,18883,['C'],A,Vacuum adiabatic calorimetry,"origin: commercial source,99.94 weight % (total),spectroscopy,wire",99.94,Weight %,1969
8.3784,0.234636,0.00586591,None kPa,N/A,18883,['C'],A,Vacuum adiabatic calorimetry,"origin: commercial source,99.94 weight % (total),spectroscopy,wire",99.94,Weight %,1969
8.4132,0.238827,0.00597068,None kPa,N/A,18883,['C'],A,Vacuum adiabatic calorimetry,"origin: commercial source,99.94 weight % (total),spectroscopy,wire",99.94,Weight %,1969
8.4541,0.242029,0.00605072,None kPa,N/A,18883,['C'],A,Vacuum adiabatic calorimetry,"origin: commercial source,99.94 weight % (total),spectroscopy,wire",99.94,Weight %,1969
8.5257,0.251718,0.00629295,None kPa,N/A,18883,['C'],A,Vacuum adiabatic calorimetry,"origin: commercial source,99.94 weight % (total),spectroscopy,wire",99.94,Weight %,1969
8.5657,0.255492,0.00638729,None kPa,N/A,18883,['C'],A,Vacuum adiabatic calorimetry,"origin: commercial source,99.94 weight % (total),spectroscopy,wire",99.94,Weight %,1969
8.5901,0.25783,0.00644575,None kPa,N/A,18883,['C'],A,Vacuum adiabatic calorimetry,"origin: commercial source,99.94 weight % (total),spectroscopy,wire",99.94,Weight %,1969
8.6451,0.280765,0.00701913,None kPa,N/A,18883,['C'],A,Vacuum adiabatic calorimetry,"origin: commercial source,99.94 weight % (total),spectroscopy,wire",99.94,Weight %,1969
8.6849,0.362454,0.00906136,None kPa,N/A,18883,['C'],A,Vacuum adiabatic calorimetry,"origin: commercial source,99.94 weight % (total),spectroscopy,wire",99.94,Weight %,1969
8.7174,0.41103,0.0102758,None kPa,N/A,18883,['C'],A,Vacuum adiabatic calorimetry,"origin: commercial source,99.94 weight % (total),spectroscopy,wire",99.94,Weight %,1969
8.7537,0.45703,0.0114258,None kPa,N/A,18883,['C'],A,Vacuum adiabatic calorimetry,"origin: commercial source,99.94 weight % (total),spectroscopy,wire",99.94,Weight %,1969
8.7951,0.537188,0.0134297,None kPa,N/A,18883,['C'],A,Vacuum adiabatic calorimetry,"origin: commercial source,99.94 weight % (total),spectroscopy,wire",99.94,Weight %,1969
8.8381,0.450766,0.0112692,None kPa,N/A,18883,['C'],A,Vacuum adiabatic calorimetry,"origin: commercial source,99.94 weight % (total),spectroscopy,wire",99.94,Weight %,1969
8.9059,0.193543,0.00483857,None kPa,N/A,18883,['C'],A,Vacuum adiabatic calorimetry,"origin: commercial source,99.94 weight % (total),spectroscopy,wire",99.94,Weight %,1969
8.9438,0.166056,0.0041514,None kPa,N/A,18883,['C'],A,Vacuum adiabatic calorimetry,"origin: commercial source,99.94 weight % (total),spectroscopy,wire",99.94,Weight %,1969
9.0532,0.167136,0.0041784,None kPa,N/A,18883,['C'],A,Vacuum adiabatic calorimetry,"origin: commercial source,99.94 weight % (total),spectroscopy,wire",99.94,Weight %,1969
9.0995,0.169891,0.00424727,None kPa,N/A,18883,['C'],A,Vacuum adiabatic calorimetry,"origin: commercial source,99.94 weight % (total),spectroscopy,wire",99.94,Weight %,1969
9.1417,0.170615,0.00426538,None kPa,N/A,18883,['C'],A,Vacuum adiabatic calorimetry,"origin: commercial source,99.94 weight % (total),spectroscopy,wire",99.94,Weight %,1969
9.1834,0.171567,0.00428918,None kPa,N/A,18883,['C'],A,Vacuum adiabatic calorimetry,"origin: commercial source,99.94 weight % (total),spectroscopy,wire",99.94,Weight %,1969
9.2103,0.172868,0.00432171,None kPa,N/A,18883,['C'],A,Vacuum adiabatic calorimetry,"origin: commercial source,99.94 weight % (total),spectroscopy,wire",99.94,Weight %,1969
9.2873,0.176842,0.00442104,None kPa,N/A,18883,['C'],A,Vacuum adiabatic calorimetry,"origin: commercial source,99.94 weight % (total),spectroscopy,wire",99.94,Weight %,1969
9.3702,0.17994,0.00449851,None kPa,N/A,18883,['C'],A,Vacuum adiabatic calorimetry,"origin: commercial source,99.94 weight % (total),spectroscopy,wire",99.94,Weight %,1969
9.4442,0.18083,0.00452076,None kPa,N/A,18883,['C'],A,Vacuum adiabatic calorimetry,"origin: commercial source,99.94 weight % (total),spectroscopy,wire",99.94,Weight %,1969
9.5355,0.188149,0.00470372,None kPa,N/A,18883,['C'],A,Vacuum adiabatic calorimetry,"origin: commercial source,99.94 weight % (total),spectroscopy,wire",99.94,Weight %,1969
9.9629,0.207995,0.00519988,None kPa,N/A,18883,['C'],A,Vacuum adiabatic calorimetry,"origin: commercial source,99.94 weight % (total),spectroscopy,wire",99.94,Weight %,1969
8.045,0.209664,0.00524161,None kPa,N/A,18883,['C'],A,Vacuum adiabatic calorimetry,"origin: commercial source,99.94 weight % (total),spectroscopy,wire",99.94,Weight %,1969
8.3802,0.236307,0.00590767,None kPa,N/A,18883,['C'],A,Vacuum adiabatic calorimetry,"origin: commercial source,99.94 weight % (total),spectroscopy,wire",99.94,Weight %,1969
8.4789,0.246856,0.00617141,None kPa,N/A,18883,['C'],A,Vacuum adiabatic calorimetry,"origin: commercial source,99.94 weight % (total),spectroscopy,wire",99.94,Weight %,1969
8.5646,0.258513,0.00646283,None kPa,N/A,18883,['C'],A,Vacuum adiabatic calorimetry,"origin: commercial source,99.94 weight % (total),spectroscopy,wire",99.94,Weight %,1969
8.6336,0.270951,0.00677378,None kPa,N/A,18883,['C'],A,Vacuum adiabatic calorimetry,"origin: commercial source,99.94 weight % (total),spectroscopy,wire",99.94,Weight %,1969
8.7053,0.400321,0.010008,None kPa,N/A,18883,['C'],A,Vacuum adiabatic calorimetry,"origin: commercial source,99.94 weight % (total),spectroscopy,wire",99.94,Weight %,1969
8.7452,0.468087,0.0117022,None kPa,N/A,18883,['C'],A,Vacuum adiabatic calorimetry,"origin: commercial source,99.94 weight % (total),spectroscopy,wire",99.94,Weight %,1969
8.8206,0.534949,0.0133737,None kPa,N/A,18883,['C'],A,Vacuum adiabatic calorimetry,"origin: commercial source,99.94 weight % (total),spectroscopy,wire",99.94,Weight %,1969
8.8818,0.282648,0.00706621,None kPa,N/A,18883,['C'],A,Vacuum adiabatic calorimetry,"origin: commercial source,99.94 weight % (total),spectroscopy,wire",99.94,Weight %,1969
8.9327,0.176657,0.00441643,None kPa,N/A,18883,['C'],A,Vacuum adiabatic calorimetry,"origin: commercial source,99.94 weight % (total),spectroscopy,wire",99.94,Weight %,1969
8.9816,0.164464,0.0041116,None kPa,N/A,18883,['C'],A,Vacuum adiabatic calorimetry,"origin: commercial source,99.94 weight % (total),spectroscopy,wire",99.94,Weight %,1969
9.0794,0.167939,0.00419848,None kPa,N/A,18883,['C'],A,Vacuum adiabatic calorimetry,"origin: commercial source,99.94 weight % (total),spectroscopy,wire",99.94,Weight %,1969
9.6407,0.19224,0.004806,None kPa,N/A,18883,['C'],A,Vacuum adiabatic calorimetry,"origin: commercial source,99.94 weight % (total),spectroscopy,wire",99.94,Weight %,1969
9.9646,0.206207,0.00515519,None kPa,N/A,18883,['C'],A,Vacuum adiabatic calorimetry,"origin: commercial source,99.94 weight % (total),spectroscopy,wire",99.94,Weight %,1969
0.9632,0.00761272,0.000190318,None kPa,N/A,18883,['C'],A,Vacuum adiabatic calorimetry,"origin: commercial source,99.94 weight % (total),spectroscopy,wire",99.94,Weight %,1969
1.0311,0.0080159,0.000200398,None kPa,N/A,18883,['C'],A,Vacuum adiabatic calorimetry,"origin: commercial source,99.94 weight % (total),spectroscopy,wire",99.94,Weight %,1969
1.1362,0.00873186,0.000218297,None kPa,N/A,18883,['C'],A,Vacuum adiabatic calorimetry,"origin: commercial source,99.94 weight % (total),spectroscopy,wire",99.94,Weight %,1969
1.1509,0.00912639,0.00022816,None kPa,N/A,18883,['C'],A,Vacuum adiabatic calorimetry,"origin: commercial source,99.94 weight % (total),spectroscopy,wire",99.94,Weight %,1969
1.2936,0.0103284,0.00025821,None kPa,N/A,18883,['C'],A,Vacuum adiabatic calorimetry,"origin: commercial source,99.94 weight % (total),spectroscopy,wire",99.94,Weight %,1969
1.4221,0.0113529,0.000283821,None kPa,N/A,18883,['C'],A,Vacuum adiabatic calorimetry,"origin: commercial source,99.94 weight % (total),spectroscopy,wire",99.94,Weight %,1969
1.5553,0.0124412,0.000311029,None kPa,N/A,18883,['C'],A,Vacuum adiabatic calorimetry,"origin: commercial source,99.94 weight % (total),spectroscopy,wire",99.94,Weight %,1969
1.6772,0.0134619,0.000336547,None kPa,N/A,18883,['C'],A,Vacuum adiabatic calorimetry,"origin: commercial source,99.94 weight % (total),spectroscopy,wire",99.94,Weight %,1969
1.7472,0.0141674,0.000354185,None kPa,N/A,18883,['C'],A,Vacuum adiabatic calorimetry,"origin: commercial source,99.94 weight % (total),spectroscopy,wire",99.94,Weight %,1969
1.7695,0.0141653,0.000354133,None kPa,N/A,18883,['C'],A,Vacuum adiabatic calorimetry,"origin: commercial source,99.94 weight % (total),spectroscopy,wire",99.94,Weight %,1969
1.8617,0.0149317,0.000373292,None kPa,N/A,18883,['C'],A,Vacuum adiabatic calorimetry,"origin: commercial source,99.94 weight % (total),spectroscopy,wire",99.94,Weight %,1969
1.8681,0.015213,0.000380326,None kPa,N/A,18883,['C'],A,Vacuum adiabatic calorimetry,"origin: commercial source,99.94 weight % (total),spectroscopy,wire",99.94,Weight %,1969
1.9713,0.0160956,0.000402391,None kPa,N/A,18883,['C'],A,Vacuum adiabatic calorimetry,"origin: commercial source,99.94 weight % (total),spectroscopy,wire",99.94,Weight %,1969
2.0312,0.0166776,0.000416941,None kPa,N/A,18883,['C'],A,Vacuum adiabatic calorimetry,"origin: commercial source,99.94 weight % (total),spectroscopy,wire",99.94,Weight %,1969
2.1058,0.0172063,0.000430157,None kPa,N/A,18883,['C'],A,Vacuum adiabatic calorimetry,"origin: commercial source,99.94 weight % (total),spectroscopy,wire",99.94,Weight %,1969
2.1985,0.0179789,0.000449473,None kPa,N/A,18883,['C'],A,Vacuum adiabatic calorimetry,"origin: commercial source,99.94 weight % (total),spectroscopy,wire",99.94,Weight %,1969
2.4982,0.0207062,0.000517656,None kPa,N/A,18883,['C'],A,Vacuum adiabatic calorimetry,"origin: commercial source,99.94 weight % (total),spectroscopy,wire",99.94,Weight %,1969
2.5763,0.0214413,0.000536032,None kPa,N/A,18883,['C'],A,Vacuum adiabatic calorimetry,"origin: commercial source,99.94 weight % (total),spectroscopy,wire",99.94,Weight %,1969
2.6293,0.0222397,0.000555994,None kPa,N/A,18883,['C'],A,Vacuum adiabatic calorimetry,"origin: commercial source,99.94 weight % (total),spectroscopy,wire",99.94,Weight %,1969
2.708,0.0230868,0.000577171,None kPa,N/A,18883,['C'],A,Vacuum adiabatic calorimetry,"origin: commercial source,99.94 weight % (total),spectroscopy,wire",99.94,Weight %,1969
3.0348,0.0265906,0.000664764,None kPa,N/A,18883,['C'],A,Vacuum adiabatic calorimetry,"origin: commercial source,99.94 weight % (total),spectroscopy,wire",99.94,Weight %,1969
3.1745,0.0279371,0.000698427,None kPa,N/A,18883,['C'],A,Vacuum adiabatic calorimetry,"origin: commercial source,99.94 weight % (total),spectroscopy,wire",99.94,Weight %,1969
3.3277,0.0296297,0.000740742,None kPa,N/A,18883,['C'],A,Vacuum adiabatic calorimetry,"origin: commercial source,99.94 weight % (total),spectroscopy,wire",99.94,Weight %,1969
3.4668,0.0312375,0.000780938,None kPa,N/A,18883,['C'],A,Vacuum adiabatic calorimetry,"origin: commercial source,99.94 weight % (total),spectroscopy,wire",99.94,Weight %,1969
3.6259,0.0331477,0.000828692,None kPa,N/A,18883,['C'],A,Vacuum adiabatic calorimetry,"origin: commercial source,99.94 weight % (total),spectroscopy,wire",99.94,Weight %,1969
3.8067,0.0354796,0.000886991,None kPa,N/A,18883,['C'],A,Vacuum adiabatic calorimetry,"origin: commercial source,99.94 weight % (total),spectroscopy,wire",99.94,Weight %,1969
3.9924,0.0380163,0.000950408,None kPa,N/A,18883,['C'],A,Vacuum adiabatic calorimetry,"origin: commercial source,99.94 weight % (total),spectroscopy,wire",99.94,Weight %,1969
4.1682,0.0404236,0.00101059,None kPa,N/A,18883,['C'],A,Vacuum adiabatic calorimetry,"origin: commercial source,99.94 weight % (total),spectroscopy,wire",99.94,Weight %,1969
4.3635,0.0432912,0.00108228,None kPa,N/A,18883,['C'],A,Vacuum adiabatic calorimetry,"origin: commercial source,99.94 weight % (total),spectroscopy,wire",99.94,Weight %,1969
4.7825,0.0497497,0.00124374,None kPa,N/A,18883,['C'],A,Vacuum adiabatic calorimetry,"origin: commercial source,99.94 weight % (total),spectroscopy,wire",99.94,Weight %,1969
4.999,0.0532811,0.00133203,None kPa,N/A,18883,['C'],A,Vacuum adiabatic calorimetry,"origin: commercial source,99.94 weight % (total),spectroscopy,wire",99.94,Weight %,1969
5.1685,0.0563011,0.00140753,None kPa,N/A,18883,['C'],A,Vacuum adiabatic calorimetry,"origin: commercial source,99.94 weight % (total),spectroscopy,wire",99.94,Weight %,1969
5.3054,0.0594612,0.00148653,None kPa,N/A,18883,['C'],A,Vacuum adiabatic calorimetry,"origin: commercial source,99.94 weight % (total),spectroscopy,wire",99.94,Weight %,1969
6.4996,0.0846559,0.0021164,None kPa,N/A,18883,['C'],A,Vacuum adiabatic calorimetry,"origin: commercial source,99.94 weight % (total),spectroscopy,wire",99.94,Weight %,1969
6.8194,0.0929032,0.00232258,None kPa,N/A,18883,['C'],A,Vacuum adiabatic calorimetry,"origin: commercial source,99.94 weight % (total),spectroscopy,wire",99.94,Weight %,1969
7.1322,0.101233,0.00253081,None kPa,N/A,18883,['C'],A,Vacuum adiabatic calorimetry,"origin: commercial source,99.94 weight % (total),spectroscopy,wire",99.94,Weight %,1969
7.4475,0.111563,0.00278908,None kPa,N/A,18883,['C'],A,Vacuum adiabatic calorimetry,"origin: commercial source,99.94 weight % (total),spectroscopy,wire",99.94,Weight %,1969
7.7726,0.121998,0.00304994,None kPa,N/A,18883,['C'],A,Vacuum adiabatic calorimetry,"origin: commercial source,99.94 weight % (total),spectroscopy,wire",99.94,Weight %,1969
7.9606,0.128238,0.00320595,None kPa,N/A,18883,['C'],A,Vacuum adiabatic calorimetry,"origin: commercial source,99.94 weight % (total),spectroscopy,wire",99.94,Weight %,1969
8.0852,0.132636,0.0033159,None kPa,N/A,18883,['C'],A,Vacuum adiabatic calorimetry,"origin: commercial source,99.94 weight % (total),spectroscopy,wire",99.94,Weight %,1969
1.3625,0.00019852,4.963e-06,None kPa,N/A,18883,['C'],A,Vacuum adiabatic calorimetry,"origin: commercial source,99.94 weight % (total),spectroscopy,wire",99.94,Weight %,1969
2.4384,0.00323839,8.09597e-05,None kPa,N/A,18883,['C'],A,Vacuum adiabatic calorimetry,"origin: commercial source,99.94 weight % (total),spectroscopy,wire",99.94,Weight %,1969
2.6005,0.00450277,0.000112569,None kPa,N/A,18883,['C'],A,Vacuum adiabatic calorimetry,"origin: commercial source,99.94 weight % (total),spectroscopy,wire",99.94,Weight %,1969
2.7332,0.00575835,0.000143959,None kPa,N/A,18883,['C'],A,Vacuum adiabatic calorimetry,"origin: commercial source,99.94 weight % (total),spectroscopy,wire",99.94,Weight %,1969
2.812,0.0064058,0.000160145,None kPa,N/A,18883,['C'],A,Vacuum adiabatic calorimetry,"origin: commercial source,99.94 weight % (total),spectroscopy,wire",99.94,Weight %,1969
2.8829,0.00718946,0.000179737,None kPa,N/A,18883,['C'],A,Vacuum adiabatic calorimetry,"origin: commercial source,99.94 weight % (total),spectroscopy,wire",99.94,Weight %,1969
2.981,0.00838454,0.000209614,None kPa,N/A,18883,['C'],A,Vacuum adiabatic calorimetry,"origin: commercial source,99.94 weight % (total),spectroscopy,wire",99.94,Weight %,1969
3.1257,0.010551,0.000263775,None kPa,N/A,18883,['C'],A,Vacuum adiabatic calorimetry,"origin: commercial source,99.94 weight % (total),spectroscopy,wire",99.94,Weight %,1969
3.2148,0.0118322,0.000295805,None kPa,N/A,18883,['C'],A,Vacuum adiabatic calorimetry,"origin: commercial source,99.94 weight % (total),spectroscopy,wire",99.94,Weight %,1969
3.3081,0.0134632,0.000336579,None kPa,N/A,18883,['C'],A,Vacuum adiabatic calorimetry,"origin: commercial source,99.94 weight % (total),spectroscopy,wire",99.94,Weight %,1969
3.3967,0.0152337,0.000380842,None kPa,N/A,18883,['C'],A,Vacuum adiabatic calorimetry,"origin: commercial source,99.94 weight % (total),spectroscopy,wire",99.94,Weight %,1969
3.4864,0.016781,0.000419524,None kPa,N/A,18883,['C'],A,Vacuum adiabatic calorimetry,"origin: commercial source,99.94 weight % (total),spectroscopy,wire",99.94,Weight %,1969
3.5732,0.0188161,0.000470404,None kPa,N/A,18883,['C'],A,Vacuum adiabatic calorimetry,"origin: commercial source,99.94 weight % (total),spectroscopy,wire",99.94,Weight %,1969
3.6761,0.0212722,0.000531805,None kPa,N/A,18883,['C'],A,Vacuum adiabatic calorimetry,"origin: commercial source,99.94 weight % (total),spectroscopy,wire",99.94,Weight %,1969
3.73,0.0223012,0.000557531,None kPa,N/A,18883,['C'],A,Vacuum adiabatic calorimetry,"origin: commercial source,99.94 weight % (total),spectroscopy,wire",99.94,Weight %,1969
3.7548,0.0237967,0.000594917,None kPa,N/A,18883,['C'],A,Vacuum adiabatic calorimetry,"origin: commercial source,99.94 weight % (total),spectroscopy,wire",99.94,Weight %,1969
3.7762,0.0245524,0.000613809,None kPa,N/A,18883,['C'],A,Vacuum adiabatic calorimetry,"origin: commercial source,99.94 weight % (total),spectroscopy,wire",99.94,Weight %,1969
3.8442,0.0256434,0.000641084,None kPa,N/A,18883,['C'],A,Vacuum adiabatic calorimetry,"origin: commercial source,99.94 weight % (total),spectroscopy,wire",99.94,Weight %,1969
3.8658,0.0276371,0.000690927,None kPa,N/A,18883,['C'],A,Vacuum adiabatic calorimetry,"origin: commercial source,99.94 weight % (total),spectroscopy,wire",99.94,Weight %,1969
3.9037,0.0290891,0.000727228,None kPa,N/A,18883,['C'],A,Vacuum adiabatic calorimetry,"origin: commercial source,99.94 weight % (total),spectroscopy,wire",99.94,Weight %,1969
3.9293,0.0312142,0.000780354,None kPa,N/A,18883,['C'],A,Vacuum adiabatic calorimetry,"origin: commercial source,99.94 weight % (total),spectroscopy,wire",99.94,Weight %,1969
3.9785,0.0327533,0.000818834,None kPa,N/A,18883,['C'],A,Vacuum adiabatic calorimetry,"origin: commercial source,99.94 weight % (total),spectroscopy,wire",99.94,Weight %,1969
4.0071,0.0340032,0.00085008,None kPa,N/A,18883,['C'],A,Vacuum adiabatic calorimetry,"origin: commercial source,99.94 weight % (total),spectroscopy,wire",99.94,Weight %,1969
4.0302,0.0355222,0.000888054,None kPa,N/A,18883,['C'],A,Vacuum adiabatic calorimetry,"origin: commercial source,99.94 weight % (total),spectroscopy,wire",99.94,Weight %,1969
4.0626,0.0386558,0.000966395,None kPa,N/A,18883,['C'],A,Vacuum adiabatic calorimetry,"origin: commercial source,99.94 weight % (total),spectroscopy,wire",99.94,Weight %,1969
4.1022,0.0416013,0.00104003,None kPa,N/A,18883,['C'],A,Vacuum adiabatic calorimetry,"origin: commercial source,99.94 weight % (total),spectroscopy,wire",99.94,Weight %,1969
4.1033,0.0404004,0.00101001,None kPa,N/A,18883,['C'],A,Vacuum adiabatic calorimetry,"origin: commercial source,99.94 weight % (total),spectroscopy,wire",99.94,Weight %,1969
4.1426,0.0432831,0.00108208,None kPa,N/A,18883,['C'],A,Vacuum adiabatic calorimetry,"origin: commercial source,99.94 weight % (total),spectroscopy,wire",99.94,Weight %,1969
4.1587,0.046806,0.00117015,None kPa,N/A,18883,['C'],A,Vacuum adiabatic calorimetry,"origin: commercial source,99.94 weight % (total),spectroscopy,wire",99.94,Weight %,1969
4.1838,0.0487661,0.00121915,None kPa,N/A,18883,['C'],A,Vacuum adiabatic calorimetry,"origin: commercial source,99.94 weight % (total),spectroscopy,wire",99.94,Weight %,1969
4.2403,0.0556397,0.00139099,None kPa,N/A,18883,['C'],A,Vacuum adiabatic calorimetry,"origin: commercial source,99.94 weight % (total),spectroscopy,wire",99.94,Weight %,1969
4.2734,0.0605826,0.00151457,None kPa,N/A,18883,['C'],A,Vacuum adiabatic calorimetry,"origin: commercial source,99.94 weight % (total),spectroscopy,wire",99.94,Weight %,1969
4.2923,0.0622192,0.00155548,None kPa,N/A,18883,['C'],A,Vacuum adiabatic calorimetry,"origin: commercial source,99.94 weight % (total),spectroscopy,wire",99.94,Weight %,1969
4.3117,0.0663125,0.00165781,None kPa,N/A,18883,['C'],A,Vacuum adiabatic calorimetry,"origin: commercial source,99.94 weight % (total),spectroscopy,wire",99.94,Weight %,1969
4.3391,0.150433,0.00376082,None kPa,N/A,18883,['C'],A,Vacuum adiabatic calorimetry,"origin: commercial source,99.94 weight % (total),spectroscopy,wire",99.94,Weight %,1969
4.3617,0.142996,0.00357491,None kPa,N/A,18883,['C'],A,Vacuum adiabatic calorimetry,"origin: commercial source,99.94 weight % (total),spectroscopy,wire",99.94,Weight %,1969
4.3787,0.166202,0.00415506,None kPa,N/A,18883,['C'],A,Vacuum adiabatic calorimetry,"origin: commercial source,99.94 weight % (total),spectroscopy,wire",99.94,Weight %,1969
4.3985,0.141108,0.00352769,None kPa,N/A,18883,['C'],A,Vacuum adiabatic calorimetry,"origin: commercial source,99.94 weight % (total),spectroscopy,wire",99.94,Weight %,1969
4.4187,0.133074,0.00332684,None kPa,N/A,18883,['C'],A,Vacuum adiabatic calorimetry,"origin: commercial source,99.94 weight % (total),spectroscopy,wire",99.94,Weight %,1969
4.4353,0.152315,0.00380787,None kPa,N/A,18883,['C'],A,Vacuum adiabatic calorimetry,"origin: commercial source,99.94 weight % (total),spectroscopy,wire",99.94,Weight %,1969
4.4574,0.176735,0.00441836,None kPa,N/A,18883,['C'],A,Vacuum adiabatic calorimetry,"origin: commercial source,99.94 weight % (total),spectroscopy,wire",99.94,Weight %,1969
4.4772,0.199333,0.00498332,None kPa,N/A,18883,['C'],A,Vacuum adiabatic calorimetry,"origin: commercial source,99.94 weight % (total),spectroscopy,wire",99.94,Weight %,1969
4.5038,0.170443,0.00426107,None kPa,N/A,18883,['C'],A,Vacuum adiabatic calorimetry,"origin: commercial source,99.94 weight % (total),spectroscopy,wire",99.94,Weight %,1969
4.5228,0.175193,0.00437983,None kPa,N/A,18883,['C'],A,Vacuum adiabatic calorimetry,"origin: commercial source,99.94 weight % (total),spectroscopy,wire",99.94,Weight %,1969
4.5487,0.165231,0.00413078,None kPa,N/A,18883,['C'],A,Vacuum adiabatic calorimetry,"origin: commercial source,99.94 weight % (total),spectroscopy,wire",99.94,Weight %,1969
4.5662,0.122507,0.00306267,None kPa,N/A,18883,['C'],A,Vacuum adiabatic calorimetry,"origin: commercial source,99.94 weight % (total),spectroscopy,wire",99.94,Weight %,1969
4.5862,0.132162,0.00330404,None kPa,N/A,18883,['C'],A,Vacuum adiabatic calorimetry,"origin: commercial source,99.94 weight % (total),spectroscopy,wire",99.94,Weight %,1969
4.6115,0.114336,0.00285841,None kPa,N/A,18883,['C'],A,Vacuum adiabatic calorimetry,"origin: commercial source,99.94 weight % (total),spectroscopy,wire",99.94,Weight %,1969
4.6289,0.112684,0.0028171,None kPa,N/A,18883,['C'],A,Vacuum adiabatic calorimetry,"origin: commercial source,99.94 weight % (total),spectroscopy,wire",99.94,Weight %,1969
4.6514,0.112556,0.0028139,None kPa,N/A,18883,['C'],A,Vacuum adiabatic calorimetry,"origin: commercial source,99.94 weight % (total),spectroscopy,wire",99.94,Weight %,1969
4.6797,0.108151,0.00270377,None kPa,N/A,18883,['C'],A,Vacuum adiabatic calorimetry,"origin: commercial source,99.94 weight % (total),spectroscopy,wire",99.94,Weight %,1969
4.6914,0.0901828,0.00225457,None kPa,N/A,18883,['C'],A,Vacuum adiabatic calorimetry,"origin: commercial source,99.94 weight % (total),spectroscopy,wire",99.94,Weight %,1969
4.7064,0.0870955,0.00217739,None kPa,N/A,18883,['C'],A,Vacuum adiabatic calorimetry,"origin: commercial source,99.94 weight % (total),spectroscopy,wire",99.94,Weight %,1969
4.7263,0.0776008,0.00194002,None kPa,N/A,18883,['C'],A,Vacuum adiabatic calorimetry,"origin: commercial source,99.94 weight % (total),spectroscopy,wire",99.94,Weight %,1969
4.7544,0.0814069,0.00203517,None kPa,N/A,18883,['C'],A,Vacuum adiabatic calorimetry,"origin: commercial source,99.94 weight % (total),spectroscopy,wire",99.94,Weight %,1969
4.7823,0.080404,0.0020101,None kPa,N/A,18883,['C'],A,Vacuum adiabatic calorimetry,"origin: commercial source,99.94 weight % (total),spectroscopy,wire",99.94,Weight %,1969
4.8021,0.0820664,0.00205166,None kPa,N/A,18883,['C'],A,Vacuum adiabatic calorimetry,"origin: commercial source,99.94 weight % (total),spectroscopy,wire",99.94,Weight %,1969
4.8277,0.0789261,0.00197315,None kPa,N/A,18883,['C'],A,Vacuum adiabatic calorimetry,"origin: commercial source,99.94 weight % (total),spectroscopy,wire",99.94,Weight %,1969
4.8404,0.0771142,0.00192786,None kPa,N/A,18883,['C'],A,Vacuum adiabatic calorimetry,"origin: commercial source,99.94 weight % (total),spectroscopy,wire",99.94,Weight %,1969
4.8619,0.0779135,0.00194784,None kPa,N/A,18883,['C'],A,Vacuum adiabatic calorimetry,"origin: commercial source,99.94 weight % (total),spectroscopy,wire",99.94,Weight %,1969
4.8629,0.0758304,0.00189576,None kPa,N/A,18883,['C'],A,Vacuum adiabatic calorimetry,"origin: commercial source,99.94 weight % (total),spectroscopy,wire",99.94,Weight %,1969
4.895,0.0777091,0.00194273,None kPa,N/A,18883,['C'],A,Vacuum adiabatic calorimetry,"origin: commercial source,99.94 weight % (total),spectroscopy,wire",99.94,Weight %,1969
4.9221,0.0792706,0.00198177,None kPa,N/A,18883,['C'],A,Vacuum adiabatic calorimetry,"origin: commercial source,99.94 weight % (total),spectroscopy,wire",99.94,Weight %,1969
4.9385,0.0808548,0.00202137,None kPa,N/A,18883,['C'],A,Vacuum adiabatic calorimetry,"origin: commercial source,99.94 weight % (total),spectroscopy,wire",99.94,Weight %,1969
4.9797,0.0821599,0.002054,None kPa,N/A,18883,['C'],A,Vacuum adiabatic calorimetry,"origin: commercial source,99.94 weight % (total),spectroscopy,wire",99.94,Weight %,1969
5.0044,0.0807136,0.00201784,None kPa,N/A,18883,['C'],A,Vacuum adiabatic calorimetry,"origin: commercial source,99.94 weight % (total),spectroscopy,wire",99.94,Weight %,1969
5.0328,0.0825408,0.00206352,None kPa,N/A,18883,['C'],A,Vacuum adiabatic calorimetry,"origin: commercial source,99.94 weight % (total),spectroscopy,wire",99.94,Weight %,1969
5.0553,0.0814886,0.00203722,None kPa,N/A,18883,['C'],A,Vacuum adiabatic calorimetry,"origin: commercial source,99.94 weight % (total),spectroscopy,wire",99.94,Weight %,1969
5.0872,0.0825508,0.00206377,None kPa,N/A,18883,['C'],A,Vacuum adiabatic calorimetry,"origin: commercial source,99.94 weight % (total),spectroscopy,wire",99.94,Weight %,1969
5.1558,0.0854062,0.00213515,None kPa,N/A,18883,['C'],A,Vacuum adiabatic calorimetry,"origin: commercial source,99.94 weight % (total),spectroscopy,wire",99.94,Weight %,1969
5.1934,0.0863463,0.00215866,None kPa,N/A,18883,['C'],A,Vacuum adiabatic calorimetry,"origin: commercial source,99.94 weight % (total),spectroscopy,wire",99.94,Weight %,1969
5.2217,0.0857385,0.00214346,None kPa,N/A,18883,['C'],A,Vacuum adiabatic calorimetry,"origin: commercial source,99.94 weight % (total),spectroscopy,wire",99.94,Weight %,1969
5.248,0.0890263,0.00222566,None kPa,N/A,18883,['C'],A,Vacuum adiabatic calorimetry,"origin: commercial source,99.94 weight % (total),spectroscopy,wire",99.94,Weight %,1969
5.2751,0.0895104,0.00223776,None kPa,N/A,18883,['C'],A,Vacuum adiabatic calorimetry,"origin: commercial source,99.94 weight % (total),spectroscopy,wire",99.94,Weight %,1969
5.3012,0.0896043,0.00224011,None kPa,N/A,18883,['C'],A,Vacuum adiabatic calorimetry,"origin: commercial source,99.94 weight % (total),spectroscopy,wire",99.94,Weight %,1969
5.3306,0.091628,0.0022907,None kPa,N/A,18883,['C'],A,Vacuum adiabatic calorimetry,"origin: commercial source,99.94 weight % (total),spectroscopy,wire",99.94,Weight %,1969
5.3608,0.0914686,0.00228672,None kPa,N/A,18883,['C'],A,Vacuum adiabatic calorimetry,"origin: commercial source,99.94 weight % (total),spectroscopy,wire",99.94,Weight %,1969
5.4146,0.0930212,0.00232553,None kPa,N/A,18883,['C'],A,Vacuum adiabatic calorimetry,"origin: commercial source,99.94 weight % (total),spectroscopy,wire",99.94,Weight %,1969
5.4374,0.0958863,0.00239716,None kPa,N/A,18883,['C'],A,Vacuum adiabatic calorimetry,"origin: commercial source,99.94 weight % (total),spectroscopy,wire",99.94,Weight %,1969
5.4679,0.0964756,0.00241189,None kPa,N/A,18883,['C'],A,Vacuum adiabatic calorimetry,"origin: commercial source,99.94 weight % (total),spectroscopy,wire",99.94,Weight %,1969
5.5016,0.0969942,0.00242486,None kPa,N/A,18883,['C'],A,Vacuum adiabatic calorimetry,"origin: commercial source,99.94 weight % (total),spectroscopy,wire",99.94,Weight %,1969
5.5318,0.0981224,0.00245306,None kPa,N/A,18883,['C'],A,Vacuum adiabatic calorimetry,"origin: commercial source,99.94 weight % (total),spectroscopy,wire",99.94,Weight %,1969
5.5395,0.0974536,0.00243634,None kPa,N/A,18883,['C'],A,Vacuum adiabatic calorimetry,"origin: commercial source,99.94 weight % (total),spectroscopy,wire",99.94,Weight %,1969
5.5592,0.0986344,0.00246586,None kPa,N/A,18883,['C'],A,Vacuum adiabatic calorimetry,"origin: commercial source,99.94 weight % (total),spectroscopy,wire",99.94,Weight %,1969
5.6195,0.101708,0.00254271,None kPa,N/A,18883,['C'],A,Vacuum adiabatic calorimetry,"origin: commercial source,99.94 weight % (total),spectroscopy,wire",99.94,Weight %,1969
5.6515,0.102023,0.00255058,None kPa,N/A,18883,['C'],A,Vacuum adiabatic calorimetry,"origin: commercial source,99.94 weight % (total),spectroscopy,wire",99.94,Weight %,1969
5.7042,0.104714,0.00261786,None kPa,N/A,18883,['C'],A,Vacuum adiabatic calorimetry,"origin: commercial source,99.94 weight % (total),spectroscopy,wire",99.94,Weight %,1969
5.7416,0.105507,0.00263769,None kPa,N/A,18883,['C'],A,Vacuum adiabatic calorimetry,"origin: commercial source,99.94 weight % (total),spectroscopy,wire",99.94,Weight %,1969
5.7729,0.106869,0.00267173,None kPa,N/A,18883,['C'],A,Vacuum adiabatic calorimetry,"origin: commercial source,99.94 weight % (total),spectroscopy,wire",99.94,Weight %,1969
5.8659,0.110573,0.00276433,None kPa,N/A,18883,['C'],A,Vacuum adiabatic calorimetry,"origin: commercial source,99.94 weight % (total),spectroscopy,wire",99.94,Weight %,1969
5.9288,0.114872,0.0028718,None kPa,N/A,18883,['C'],A,Vacuum adiabatic calorimetry,"origin: commercial source,99.94 weight % (total),spectroscopy,wire",99.94,Weight %,1969
5.9591,0.115712,0.00289281,None kPa,N/A,18883,['C'],A,Vacuum adiabatic calorimetry,"origin: commercial source,99.94 weight % (total),spectroscopy,wire",99.94,Weight %,1969
5.9988,0.116849,0.00292123,None kPa,N/A,18883,['C'],A,Vacuum adiabatic calorimetry,"origin: commercial source,99.94 weight % (total),spectroscopy,wire",99.94,Weight %,1969
6.0406,0.117324,0.0029331,None kPa,N/A,18883,['C'],A,Vacuum adiabatic calorimetry,"origin: commercial source,99.94 weight % (total),spectroscopy,wire",99.94,Weight %,1969
6.0925,0.119481,0.00298703,None kPa,N/A,18883,['C'],A,Vacuum adiabatic calorimetry,"origin: commercial source,99.94 weight % (total),spectroscopy,wire",99.94,Weight %,1969
6.1242,0.120096,0.00300241,None kPa,N/A,18883,['C'],A,Vacuum adiabatic calorimetry,"origin: commercial source,99.94 weight % (total),spectroscopy,wire",99.94,Weight %,1969
6.1552,0.124081,0.00310204,None kPa,N/A,18883,['C'],A,Vacuum adiabatic calorimetry,"origin: commercial source,99.94 weight % (total),spectroscopy,wire",99.94,Weight %,1969
6.189,0.124474,0.00311185,None kPa,N/A,18883,['C'],A,Vacuum adiabatic calorimetry,"origin: commercial source,99.94 weight % (total),spectroscopy,wire",99.94,Weight %,1969
6.2196,0.12509,0.00312724,None kPa,N/A,18883,['C'],A,Vacuum adiabatic calorimetry,"origin: commercial source,99.94 weight % (total),spectroscopy,wire",99.94,Weight %,1969
6.2524,0.127596,0.0031899,None kPa,N/A,18883,['C'],A,Vacuum adiabatic calorimetry,"origin: commercial source,99.94 weight % (total),spectroscopy,wire",99.94,Weight %,1969
6.2819,0.127256,0.00318141,None kPa,N/A,18883,['C'],A,Vacuum adiabatic calorimetry,"origin: commercial source,99.94 weight % (total),spectroscopy,wire",99.94,Weight %,1969
6.3151,0.129499,0.00323747,None kPa,N/A,18883,['C'],A,Vacuum adiabatic calorimetry,"origin: commercial source,99.94 weight % (total),spectroscopy,wire",99.94,Weight %,1969
6.3526,0.132443,0.00331108,None kPa,N/A,18883,['C'],A,Vacuum adiabatic calorimetry,"origin: commercial source,99.94 weight % (total),spectroscopy,wire",99.94,Weight %,1969
6.3847,0.133142,0.00332855,None kPa,N/A,18883,['C'],A,Vacuum adiabatic calorimetry,"origin: commercial source,99.94 weight % (total),spectroscopy,wire",99.94,Weight %,1969
6.4543,0.136826,0.00342064,None kPa,N/A,18883,['C'],A,Vacuum adiabatic calorimetry,"origin: commercial source,99.94 weight % (total),spectroscopy,wire",99.94,Weight %,1969
6.4732,0.136842,0.00342105,None kPa,N/A,18883,['C'],A,Vacuum adiabatic calorimetry,"origin: commercial source,99.94 weight % (total),spectroscopy,wire",99.94,Weight %,1969
6.5089,0.138578,0.00346446,None kPa,N/A,18883,['C'],A,Vacuum adiabatic calorimetry,"origin: commercial source,99.94 weight % (total),spectroscopy,wire",99.94,Weight %,1969
6.5503,0.129026,0.00322565,None kPa,N/A,18883,['C'],A,Vacuum adiabatic calorimetry,"origin: commercial source,99.94 weight % (total),spectroscopy,wire",99.94,Weight %,1969
6.582,0.118489,0.00296222,None kPa,N/A,18883,['C'],A,Vacuum adiabatic calorimetry,"origin: commercial source,99.94 weight % (total),spectroscopy,wire",99.94,Weight %,1969
6.6113,0.107962,0.00269906,None kPa,N/A,18883,['C'],A,Vacuum adiabatic calorimetry,"origin: commercial source,99.94 weight % (total),spectroscopy,wire",99.94,Weight %,1969
6.6567,0.0989904,0.00247476,None kPa,N/A,18883,['C'],A,Vacuum adiabatic calorimetry,"origin: commercial source,99.94 weight % (total),spectroscopy,wire",99.94,Weight %,1969
6.6849,0.0933072,0.00233268,None kPa,N/A,18883,['C'],A,Vacuum adiabatic calorimetry,"origin: commercial source,99.94 weight % (total),spectroscopy,wire",99.94,Weight %,1969
6.7112,0.0912565,0.00228141,None kPa,N/A,18883,['C'],A,Vacuum adiabatic calorimetry,"origin: commercial source,99.94 weight % (total),spectroscopy,wire",99.94,Weight %,1969
6.7458,0.0905526,0.00226382,None kPa,N/A,18883,['C'],A,Vacuum adiabatic calorimetry,"origin: commercial source,99.94 weight % (total),spectroscopy,wire",99.94,Weight %,1969
6.7578,0.0928098,0.00232025,None kPa,N/A,18883,['C'],A,Vacuum adiabatic calorimetry,"origin: commercial source,99.94 weight % (total),spectroscopy,wire",99.94,Weight %,1969
6.783,0.0934765,0.00233691,None kPa,N/A,18883,['C'],A,Vacuum adiabatic calorimetry,"origin: commercial source,99.94 weight % (total),spectroscopy,wire",99.94,Weight %,1969
6.8375,0.0946113,0.00236528,None kPa,N/A,18883,['C'],A,Vacuum adiabatic calorimetry,"origin: commercial source,99.94 weight % (total),spectroscopy,wire",99.94,Weight %,1969
6.8711,0.0952597,0.00238149,None kPa,N/A,18883,['C'],A,Vacuum adiabatic calorimetry,"origin: commercial source,99.94 weight % (total),spectroscopy,wire",99.94,Weight %,1969
6.9075,0.0965619,0.00241405,None kPa,N/A,18883,['C'],A,Vacuum adiabatic calorimetry,"origin: commercial source,99.94 weight % (total),spectroscopy,wire",99.94,Weight %,1969
7.0277,0.0988457,0.00247114,None kPa,N/A,18883,['C'],A,Vacuum adiabatic calorimetry,"origin: commercial source,99.94 weight % (total),spectroscopy,wire",99.94,Weight %,1969
7.0579,0.0994999,0.0024875,None kPa,N/A,18883,['C'],A,Vacuum adiabatic calorimetry,"origin: commercial source,99.94 weight % (total),spectroscopy,wire",99.94,Weight %,1969
7.0854,0.100453,0.00251132,None kPa,N/A,18883,['C'],A,Vacuum adiabatic calorimetry,"origin: commercial source,99.94 weight % (total),spectroscopy,wire",99.94,Weight %,1969
1.064,0.00010066,2.5165e-06,None kPa,N/A,18883,['C'],A,Vacuum adiabatic calorimetry,"origin: commercial source,99.94 weight % (total),spectroscopy,wire",99.94,Weight %,1969
1.34,0.00040121,1.00303e-05,None kPa,N/A,18883,['C'],A,Vacuum adiabatic calorimetry,"origin: commercial source,99.94 weight % (total),spectroscopy,wire",99.94,Weight %,1969
1.6952,0.00089268,2.2317e-05,None kPa,N/A,18883,['C'],A,Vacuum adiabatic calorimetry,"origin: commercial source,99.94 weight % (total),spectroscopy,wire",99.94,Weight %,1969
1.9592,0.00153526,3.83815e-05,None kPa,N/A,18883,['C'],A,Vacuum adiabatic calorimetry,"origin: commercial source,99.94 weight % (total),spectroscopy,wire",99.94,Weight %,1969
2.2055,0.00275463,6.88658e-05,None kPa,N/A,18883,['C'],A,Vacuum adiabatic calorimetry,"origin: commercial source,99.94 weight % (total),spectroscopy,wire",99.94,Weight %,1969
2.4254,0.00488032,0.000122008,None kPa,N/A,18883,['C'],A,Vacuum adiabatic calorimetry,"origin: commercial source,99.94 weight % (total),spectroscopy,wire",99.94,Weight %,1969
2.6155,0.00843692,0.000210923,None kPa,N/A,18883,['C'],A,Vacuum adiabatic calorimetry,"origin: commercial source,99.94 weight % (total),spectroscopy,wire",99.94,Weight %,1969
2.7971,0.0159044,0.000397611,None kPa,N/A,18883,['C'],A,Vacuum adiabatic calorimetry,"origin: commercial source,99.94 weight % (total),spectroscopy,wire",99.94,Weight %,1969
2.8674,0.0312025,0.000780063,None kPa,N/A,18883,['C'],A,Vacuum adiabatic calorimetry,"origin: commercial source,99.94 weight % (total),spectroscopy,wire",99.94,Weight %,1969
2.8758,0.0216937,0.000542342,None kPa,N/A,18883,['C'],A,Vacuum adiabatic calorimetry,"origin: commercial source,99.94 weight % (total),spectroscopy,wire",99.94,Weight %,1969
2.9309,0.0302799,0.000756998,None kPa,N/A,18883,['C'],A,Vacuum adiabatic calorimetry,"origin: commercial source,99.94 weight % (total),spectroscopy,wire",99.94,Weight %,1969
2.9555,0.0346816,0.000867039,None kPa,N/A,18883,['C'],A,Vacuum adiabatic calorimetry,"origin: commercial source,99.94 weight % (total),spectroscopy,wire",99.94,Weight %,1969
2.9608,0.0375315,0.000938288,None kPa,N/A,18883,['C'],A,Vacuum adiabatic calorimetry,"origin: commercial source,99.94 weight % (total),spectroscopy,wire",99.94,Weight %,1969
2.9839,0.0414556,0.00103639,None kPa,N/A,18883,['C'],A,Vacuum adiabatic calorimetry,"origin: commercial source,99.94 weight % (total),spectroscopy,wire",99.94,Weight %,1969
3.0356,0.0480947,0.00120237,None kPa,N/A,18883,['C'],A,Vacuum adiabatic calorimetry,"origin: commercial source,99.94 weight % (total),spectroscopy,wire",99.94,Weight %,1969
3.0485,0.0371799,0.000929498,None kPa,N/A,18883,['C'],A,Vacuum adiabatic calorimetry,"origin: commercial source,99.94 weight % (total),spectroscopy,wire",99.94,Weight %,1969
3.0985,0.0528508,0.00132127,None kPa,N/A,18883,['C'],A,Vacuum adiabatic calorimetry,"origin: commercial source,99.94 weight % (total),spectroscopy,wire",99.94,Weight %,1969
3.1006,0.047428,0.0011857,None kPa,N/A,18883,['C'],A,Vacuum adiabatic calorimetry,"origin: commercial source,99.94 weight % (total),spectroscopy,wire",99.94,Weight %,1969
3.1519,0.0793358,0.00198339,None kPa,N/A,18883,['C'],A,Vacuum adiabatic calorimetry,"origin: commercial source,99.94 weight % (total),spectroscopy,wire",99.94,Weight %,1969
3.1842,0.063688,0.0015922,None kPa,N/A,18883,['C'],A,Vacuum adiabatic calorimetry,"origin: commercial source,99.94 weight % (total),spectroscopy,wire",99.94,Weight %,1969
3.2301,0.0659288,0.00164822,None kPa,N/A,18883,['C'],A,Vacuum adiabatic calorimetry,"origin: commercial source,99.94 weight % (total),spectroscopy,wire",99.94,Weight %,1969
3.2603,0.0460496,0.00115124,None kPa,N/A,18883,['C'],A,Vacuum adiabatic calorimetry,"origin: commercial source,99.94 weight % (total),spectroscopy,wire",99.94,Weight %,1969
3.2903,0.0484943,0.00121236,None kPa,N/A,18883,['C'],A,Vacuum adiabatic calorimetry,"origin: commercial source,99.94 weight % (total),spectroscopy,wire",99.94,Weight %,1969
3.3281,0.0518748,0.00129687,None kPa,N/A,18883,['C'],A,Vacuum adiabatic calorimetry,"origin: commercial source,99.94 weight % (total),spectroscopy,wire",99.94,Weight %,1969
3.3574,0.0529444,0.00132361,None kPa,N/A,18883,['C'],A,Vacuum adiabatic calorimetry,"origin: commercial source,99.94 weight % (total),spectroscopy,wire",99.94,Weight %,1969
3.3994,0.0450785,0.00112696,None kPa,N/A,18883,['C'],A,Vacuum adiabatic calorimetry,"origin: commercial source,99.94 weight % (total),spectroscopy,wire",99.94,Weight %,1969
3.4389,0.0430687,0.00107672,None kPa,N/A,18883,['C'],A,Vacuum adiabatic calorimetry,"origin: commercial source,99.94 weight % (total),spectroscopy,wire",99.94,Weight %,1969
3.4737,0.0414748,0.00103687,None kPa,N/A,18883,['C'],A,Vacuum adiabatic calorimetry,"origin: commercial source,99.94 weight % (total),spectroscopy,wire",99.94,Weight %,1969
3.5124,0.0401334,0.00100334,None kPa,N/A,18883,['C'],A,Vacuum adiabatic calorimetry,"origin: commercial source,99.94 weight % (total),spectroscopy,wire",99.94,Weight %,1969
4.4557,0.0593913,0.00148478,None kPa,N/A,18883,['C'],A,Vacuum adiabatic calorimetry,"origin: commercial source,99.94 weight % (total),spectroscopy,wire",99.94,Weight %,1969
4.6777,0.0652773,0.00163193,None kPa,N/A,18883,['C'],A,Vacuum adiabatic calorimetry,"origin: commercial source,99.94 weight % (total),spectroscopy,wire",99.94,Weight %,1969
4.882,0.0713816,0.00178454,None kPa,N/A,18883,['C'],A,Vacuum adiabatic calorimetry,"origin: commercial source,99.94 weight % (total),spectroscopy,wire",99.94,Weight %,1969
5.0766,0.0773648,0.00193412,None kPa,N/A,18883,['C'],A,Vacuum adiabatic calorimetry,"origin: commercial source,99.94 weight % (total),spectroscopy,wire",99.94,Weight %,1969
5.2761,0.0844726,0.00211181,None kPa,N/A,18883,['C'],A,Vacuum adiabatic calorimetry,"origin: commercial source,99.94 weight % (total),spectroscopy,wire",99.94,Weight %,1969
5.4663,0.0915684,0.00228921,None kPa,N/A,18883,['C'],A,Vacuum adiabatic calorimetry,"origin: commercial source,99.94 weight % (total),spectroscopy,wire",99.94,Weight %,1969
5.6408,0.0986289,0.00246572,None kPa,N/A,18883,['C'],A,Vacuum adiabatic calorimetry,"origin: commercial source,99.94 weight % (total),spectroscopy,wire",99.94,Weight %,1969
5.8152,0.105901,0.00264752,None kPa,N/A,18883,['C'],A,Vacuum adiabatic calorimetry,"origin: commercial source,99.94 weight % (total),spectroscopy,wire",99.94,Weight %,1969
5.9933,0.113831,0.00284578,None kPa,N/A,18883,['C'],A,Vacuum adiabatic calorimetry,"origin: commercial source,99.94 weight % (total),spectroscopy,wire",99.94,Weight %,1969
6.0764,0.117944,0.00294859,None kPa,N/A,18883,['C'],A,Vacuum adiabatic calorimetry,"origin: commercial source,99.94 weight % (total),spectroscopy,wire",99.94,Weight %,1969
6.1098,0.116249,0.00290623,None kPa,N/A,18883,['C'],A,Vacuum adiabatic calorimetry,"origin: commercial source,99.94 weight % (total),spectroscopy,wire",99.94,Weight %,1969
6.1282,0.112654,0.00281634,None kPa,N/A,18883,['C'],A,Vacuum adiabatic calorimetry,"origin: commercial source,99.94 weight % (total),spectroscopy,wire",99.94,Weight %,1969
6.1946,0.0962369,0.00240592,None kPa,N/A,18883,['C'],A,Vacuum adiabatic calorimetry,"origin: commercial source,99.94 weight % (total),spectroscopy,wire",99.94,Weight %,1969
6.2398,0.0859558,0.00214889,None kPa,N/A,18883,['C'],A,Vacuum adiabatic calorimetry,"origin: commercial source,99.94 weight % (total),spectroscopy,wire",99.94,Weight %,1969
6.3022,0.0801312,0.00200328,None kPa,N/A,18883,['C'],A,Vacuum adiabatic calorimetry,"origin: commercial source,99.94 weight % (total),spectroscopy,wire",99.94,Weight %,1969
1.166,0.00642511,0.000160628,None kPa,N/A,18883,['C'],A,Vacuum adiabatic calorimetry,"origin: commercial source,99.94 weight % (total),spectroscopy,wire",99.94,Weight %,1969
1.243,0.00711445,0.000177861,None kPa,N/A,18883,['C'],A,Vacuum adiabatic calorimetry,"origin: commercial source,99.94 weight % (total),spectroscopy,wire",99.94,Weight %,1969
1.3891,0.0078953,0.000197383,None kPa,N/A,18883,['C'],A,Vacuum adiabatic calorimetry,"origin: commercial source,99.94 weight % (total),spectroscopy,wire",99.94,Weight %,1969
1.5322,0.00903225,0.000225806,None kPa,N/A,18883,['C'],A,Vacuum adiabatic calorimetry,"origin: commercial source,99.94 weight % (total),spectroscopy,wire",99.94,Weight %,1969
1.6558,0.0100369,0.000250922,None kPa,N/A,18883,['C'],A,Vacuum adiabatic calorimetry,"origin: commercial source,99.94 weight % (total),spectroscopy,wire",99.94,Weight %,1969
1.8041,0.0114351,0.000285879,None kPa,N/A,18883,['C'],A,Vacuum adiabatic calorimetry,"origin: commercial source,99.94 weight % (total),spectroscopy,wire",99.94,Weight %,1969
1.9264,0.012725,0.000318125,None kPa,N/A,18883,['C'],A,Vacuum adiabatic calorimetry,"origin: commercial source,99.94 weight % (total),spectroscopy,wire",99.94,Weight %,1969
2.0108,0.0136508,0.000341271,None kPa,N/A,18883,['C'],A,Vacuum adiabatic calorimetry,"origin: commercial source,99.94 weight % (total),spectroscopy,wire",99.94,Weight %,1969
2.0942,0.0144964,0.00036241,None kPa,N/A,18883,['C'],A,Vacuum adiabatic calorimetry,"origin: commercial source,99.94 weight % (total),spectroscopy,wire",99.94,Weight %,1969
2.1808,0.0155874,0.000389685,None kPa,N/A,18883,['C'],A,Vacuum adiabatic calorimetry,"origin: commercial source,99.94 weight % (total),spectroscopy,wire",99.94,Weight %,1969
2.2505,0.0164867,0.000412168,None kPa,N/A,18883,['C'],A,Vacuum adiabatic calorimetry,"origin: commercial source,99.94 weight % (total),spectroscopy,wire",99.94,Weight %,1969
2.3232,0.017319,0.000432975,None kPa,N/A,18883,['C'],A,Vacuum adiabatic calorimetry,"origin: commercial source,99.94 weight % (total),spectroscopy,wire",99.94,Weight %,1969
2.4105,0.0183484,0.00045871,None kPa,N/A,18883,['C'],A,Vacuum adiabatic calorimetry,"origin: commercial source,99.94 weight % (total),spectroscopy,wire",99.94,Weight %,1969
2.4785,0.0194011,0.000485027,None kPa,N/A,18883,['C'],A,Vacuum adiabatic calorimetry,"origin: commercial source,99.94 weight % (total),spectroscopy,wire",99.94,Weight %,1969
2.5624,0.0204062,0.000510155,None kPa,N/A,18883,['C'],A,Vacuum adiabatic calorimetry,"origin: commercial source,99.94 weight % (total),spectroscopy,wire",99.94,Weight %,1969
2.6508,0.0217068,0.00054267,None kPa,N/A,18883,['C'],A,Vacuum adiabatic calorimetry,"origin: commercial source,99.94 weight % (total),spectroscopy,wire",99.94,Weight %,1969
2.8486,0.024937,0.000623426,None kPa,N/A,18883,['C'],A,Vacuum adiabatic calorimetry,"origin: commercial source,99.94 weight % (total),spectroscopy,wire",99.94,Weight %,1969
2.9526,0.0267199,0.000667998,None kPa,N/A,18883,['C'],A,Vacuum adiabatic calorimetry,"origin: commercial source,99.94 weight % (total),spectroscopy,wire",99.94,Weight %,1969
3.0624,0.0287334,0.000718336,None kPa,N/A,18883,['C'],A,Vacuum adiabatic calorimetry,"origin: commercial source,99.94 weight % (total),spectroscopy,wire",99.94,Weight %,1969
3.1616,0.0304429,0.000761072,None kPa,N/A,18883,['C'],A,Vacuum adiabatic calorimetry,"origin: commercial source,99.94 weight % (total),spectroscopy,wire",99.94,Weight %,1969
3.2774,0.0326957,0.000817394,None kPa,N/A,18883,['C'],A,Vacuum adiabatic calorimetry,"origin: commercial source,99.94 weight % (total),spectroscopy,wire",99.94,Weight %,1969
3.3583,0.0341724,0.00085431,None kPa,N/A,18883,['C'],A,Vacuum adiabatic calorimetry,"origin: commercial source,99.94 weight % (total),spectroscopy,wire",99.94,Weight %,1969
3.4812,0.0365991,0.000914978,None kPa,N/A,18883,['C'],A,Vacuum adiabatic calorimetry,"origin: commercial source,99.94 weight % (total),spectroscopy,wire",99.94,Weight %,1969
3.6079,0.039386,0.00098465,None kPa,N/A,18883,['C'],A,Vacuum adiabatic calorimetry,"origin: commercial source,99.94 weight % (total),spectroscopy,wire",99.94,Weight %,1969
3.7455,0.0427769,0.00106942,None kPa,N/A,18883,['C'],A,Vacuum adiabatic calorimetry,"origin: commercial source,99.94 weight % (total),spectroscopy,wire",99.94,Weight %,1969
3.8065,0.0443843,0.00110961,None kPa,N/A,18883,['C'],A,Vacuum adiabatic calorimetry,"origin: commercial source,99.94 weight % (total),spectroscopy,wire",99.94,Weight %,1969
3.8696,0.0455106,0.00113776,None kPa,N/A,18883,['C'],A,Vacuum adiabatic calorimetry,"origin: commercial source,99.94 weight % (total),spectroscopy,wire",99.94,Weight %,1969
4.0407,0.04994,0.0012485,None kPa,N/A,18883,['C'],A,Vacuum adiabatic calorimetry,"origin: commercial source,99.94 weight % (total),spectroscopy,wire",99.94,Weight %,1969
4.1245,0.0517882,0.0012947,None kPa,N/A,18883,['C'],A,Vacuum adiabatic calorimetry,"origin: commercial source,99.94 weight % (total),spectroscopy,wire",99.94,Weight %,1969
4.2426,0.0549628,0.00137407,None kPa,N/A,18883,['C'],A,Vacuum adiabatic calorimetry,"origin: commercial source,99.94 weight % (total),spectroscopy,wire",99.94,Weight %,1969
4.341,0.0575115,0.00143779,None kPa,N/A,18883,['C'],A,Vacuum adiabatic calorimetry,"origin: commercial source,99.94 weight % (total),spectroscopy,wire",99.94,Weight %,1969
4.4427,0.0610365,0.00152591,None kPa,N/A,18883,['C'],A,Vacuum adiabatic calorimetry,"origin: commercial source,99.94 weight % (total),spectroscopy,wire",99.94,Weight %,1969
4.5085,0.0628813,0.00157203,None kPa,N/A,18883,['C'],A,Vacuum adiabatic calorimetry,"origin: commercial source,99.94 weight % (total),spectroscopy,wire",99.94,Weight %,1969
4.5749,0.0642264,0.00160566,None kPa,N/A,18883,['C'],A,Vacuum adiabatic calorimetry,"origin: commercial source,99.94 weight % (total),spectroscopy,wire",99.94,Weight %,1969
4.6281,0.0658085,0.00164521,None kPa,N/A,18883,['C'],A,Vacuum adiabatic calorimetry,"origin: commercial source,99.94 weight % (total),spectroscopy,wire",99.94,Weight %,1969
4.6735,0.0673648,0.00168412,None kPa,N/A,18883,['C'],A,Vacuum adiabatic calorimetry,"origin: commercial source,99.94 weight % (total),spectroscopy,wire",99.94,Weight %,1969
4.7665,0.0661571,0.00165393,None kPa,N/A,18883,['C'],A,Vacuum adiabatic calorimetry,"origin: commercial source,99.94 weight % (total),spectroscopy,wire",99.94,Weight %,1969
4.8282,0.0620109,0.00155027,None kPa,N/A,18883,['C'],A,Vacuum adiabatic calorimetry,"origin: commercial source,99.94 weight % (total),spectroscopy,wire",99.94,Weight %,1969
4.8843,0.0578644,0.00144661,None kPa,N/A,18883,['C'],A,Vacuum adiabatic calorimetry,"origin: commercial source,99.94 weight % (total),spectroscopy,wire",99.94,Weight %,1969
4.9504,0.0545965,0.00136491,None kPa,N/A,18883,['C'],A,Vacuum adiabatic calorimetry,"origin: commercial source,99.94 weight % (total),spectroscopy,wire",99.94,Weight %,1969
5.0458,0.0546439,0.0013661,None kPa,N/A,18883,['C'],A,Vacuum adiabatic calorimetry,"origin: commercial source,99.94 weight % (total),spectroscopy,wire",99.94,Weight %,1969
5.1112,0.055893,0.00139732,None kPa,N/A,18883,['C'],A,Vacuum adiabatic calorimetry,"origin: commercial source,99.94 weight % (total),spectroscopy,wire",99.94,Weight %,1969
5.2424,0.0581393,0.00145348,None kPa,N/A,18883,['C'],A,Vacuum adiabatic calorimetry,"origin: commercial source,99.94 weight % (total),spectroscopy,wire",99.94,Weight %,1969
5.3487,0.0601719,0.0015043,None kPa,N/A,18883,['C'],A,Vacuum adiabatic calorimetry,"origin: commercial source,99.94 weight % (total),spectroscopy,wire",99.94,Weight %,1969
5.4113,0.0614862,0.00153716,None kPa,N/A,18883,['C'],A,Vacuum adiabatic calorimetry,"origin: commercial source,99.94 weight % (total),spectroscopy,wire",99.94,Weight %,1969
5.4837,0.0627464,0.00156866,None kPa,N/A,18883,['C'],A,Vacuum adiabatic calorimetry,"origin: commercial source,99.94 weight % (total),spectroscopy,wire",99.94,Weight %,1969
5.5452,0.0638546,0.00159636,None kPa,N/A,18883,['C'],A,Vacuum adiabatic calorimetry,"origin: commercial source,99.94 weight % (total),spectroscopy,wire",99.94,Weight %,1969
5.6129,0.0650422,0.00162606,None kPa,N/A,18883,['C'],A,Vacuum adiabatic calorimetry,"origin: commercial source,99.94 weight % (total),spectroscopy,wire",99.94,Weight %,1969
5.6794,0.0667306,0.00166827,None kPa,N/A,18883,['C'],A,Vacuum adiabatic calorimetry,"origin: commercial source,99.94 weight % (total),spectroscopy,wire",99.94,Weight %,1969
5.7467,0.0682063,0.00170516,None kPa,N/A,18883,['C'],A,Vacuum adiabatic calorimetry,"origin: commercial source,99.94 weight % (total),spectroscopy,wire",99.94,Weight %,1969
5.8119,0.0693917,0.00173479,None kPa,N/A,18883,['C'],A,Vacuum adiabatic calorimetry,"origin: commercial source,99.94 weight % (total),spectroscopy,wire",99.94,Weight %,1969
5.8861,0.0712195,0.00178049,None kPa,N/A,18883,['C'],A,Vacuum adiabatic calorimetry,"origin: commercial source,99.94 weight % (total),spectroscopy,wire",99.94,Weight %,1969
5.932,0.0719304,0.00179826,None kPa,N/A,18883,['C'],A,Vacuum adiabatic calorimetry,"origin: commercial source,99.94 weight % (total),spectroscopy,wire",99.94,Weight %,1969
5.9989,0.0735469,0.00183867,None kPa,N/A,18883,['C'],A,Vacuum adiabatic calorimetry,"origin: commercial source,99.94 weight % (total),spectroscopy,wire",99.94,Weight %,1969
6.0527,0.0749279,0.0018732,None kPa,N/A,18883,['C'],A,Vacuum adiabatic calorimetry,"origin: commercial source,99.94 weight % (total),spectroscopy,wire",99.94,Weight %,1969
0.8944,0.00553418,0.000138355,None kPa,N/A,18883,['C'],A,Vacuum adiabatic calorimetry,"origin: commercial source,99.94 weight % (total),spectroscopy,wire",99.94,Weight %,1969
1.1094,0.00685268,0.000171317,None kPa,N/A,18883,['C'],A,Vacuum adiabatic calorimetry,"origin: commercial source,99.94 weight % (total),spectroscopy,wire",99.94,Weight %,1969
1.1901,0.00761526,0.000190382,None kPa,N/A,18883,['C'],A,Vacuum adiabatic calorimetry,"origin: commercial source,99.94 weight % (total),spectroscopy,wire",99.94,Weight %,1969
1.3667,0.00877384,0.000219346,None kPa,N/A,18883,['C'],A,Vacuum adiabatic calorimetry,"origin: commercial source,99.94 weight % (total),spectroscopy,wire",99.94,Weight %,1969
1.466,0.00977956,0.000244489,None kPa,N/A,18883,['C'],A,Vacuum adiabatic calorimetry,"origin: commercial source,99.94 weight % (total),spectroscopy,wire",99.94,Weight %,1969
1.5677,0.0106717,0.000266794,None kPa,N/A,18883,['C'],A,Vacuum adiabatic calorimetry,"origin: commercial source,99.94 weight % (total),spectroscopy,wire",99.94,Weight %,1969
1.6432,0.0114281,0.000285703,None kPa,N/A,18883,['C'],A,Vacuum adiabatic calorimetry,"origin: commercial source,99.94 weight % (total),spectroscopy,wire",99.94,Weight %,1969
1.7428,0.012309,0.000307724,None kPa,N/A,18883,['C'],A,Vacuum adiabatic calorimetry,"origin: commercial source,99.94 weight % (total),spectroscopy,wire",99.94,Weight %,1969
1.7833,0.0129878,0.000324695,None kPa,N/A,18883,['C'],A,Vacuum adiabatic calorimetry,"origin: commercial source,99.94 weight % (total),spectroscopy,wire",99.94,Weight %,1969
1.8754,0.0137339,0.000343347,None kPa,N/A,18883,['C'],A,Vacuum adiabatic calorimetry,"origin: commercial source,99.94 weight % (total),spectroscopy,wire",99.94,Weight %,1969
1.9633,0.0147088,0.000367719,None kPa,N/A,18883,['C'],A,Vacuum adiabatic calorimetry,"origin: commercial source,99.94 weight % (total),spectroscopy,wire",99.94,Weight %,1969
2.0346,0.0155865,0.000389662,None kPa,N/A,18883,['C'],A,Vacuum adiabatic calorimetry,"origin: commercial source,99.94 weight % (total),spectroscopy,wire",99.94,Weight %,1969
2.1136,0.0165884,0.000414709,None kPa,N/A,18883,['C'],A,Vacuum adiabatic calorimetry,"origin: commercial source,99.94 weight % (total),spectroscopy,wire",99.94,Weight %,1969
2.2016,0.0174911,0.000437278,None kPa,N/A,18883,['C'],A,Vacuum adiabatic calorimetry,"origin: commercial source,99.94 weight % (total),spectroscopy,wire",99.94,Weight %,1969
2.2987,0.0185485,0.000463713,None kPa,N/A,18883,['C'],A,Vacuum adiabatic calorimetry,"origin: commercial source,99.94 weight % (total),spectroscopy,wire",99.94,Weight %,1969
2.3579,0.0194906,0.000487265,None kPa,N/A,18883,['C'],A,Vacuum adiabatic calorimetry,"origin: commercial source,99.94 weight % (total),spectroscopy,wire",99.94,Weight %,1969
2.4284,0.0202437,0.000506093,None kPa,N/A,18883,['C'],A,Vacuum adiabatic calorimetry,"origin: commercial source,99.94 weight % (total),spectroscopy,wire",99.94,Weight %,1969
2.4854,0.0210222,0.000525556,None kPa,N/A,18883,['C'],A,Vacuum adiabatic calorimetry,"origin: commercial source,99.94 weight % (total),spectroscopy,wire",99.94,Weight %,1969
2.6608,0.0233792,0.000584481,None kPa,N/A,18883,['C'],A,Vacuum adiabatic calorimetry,"origin: commercial source,99.94 weight % (total),spectroscopy,wire",99.94,Weight %,1969
2.7503,0.0249662,0.000624155,None kPa,N/A,18883,['C'],A,Vacuum adiabatic calorimetry,"origin: commercial source,99.94 weight % (total),spectroscopy,wire",99.94,Weight %,1969
2.8554,0.0264689,0.000661723,None kPa,N/A,18883,['C'],A,Vacuum adiabatic calorimetry,"origin: commercial source,99.94 weight % (total),spectroscopy,wire",99.94,Weight %,1969
2.9495,0.0281718,0.000704294,None kPa,N/A,18883,['C'],A,Vacuum adiabatic calorimetry,"origin: commercial source,99.94 weight % (total),spectroscopy,wire",99.94,Weight %,1969
3.0563,0.0299443,0.000748607,None kPa,N/A,18883,['C'],A,Vacuum adiabatic calorimetry,"origin: commercial source,99.94 weight % (total),spectroscopy,wire",99.94,Weight %,1969
3.1639,0.0318154,0.000795386,None kPa,N/A,18883,['C'],A,Vacuum adiabatic calorimetry,"origin: commercial source,99.94 weight % (total),spectroscopy,wire",99.94,Weight %,1969
3.2315,0.0329271,0.000823176,None kPa,N/A,18883,['C'],A,Vacuum adiabatic calorimetry,"origin: commercial source,99.94 weight % (total),spectroscopy,wire",99.94,Weight %,1969
3.2811,0.033879,0.000846974,None kPa,N/A,18883,['C'],A,Vacuum adiabatic calorimetry,"origin: commercial source,99.94 weight % (total),spectroscopy,wire",99.94,Weight %,1969
3.3278,0.0346891,0.000867227,None kPa,N/A,18883,['C'],A,Vacuum adiabatic calorimetry,"origin: commercial source,99.94 weight % (total),spectroscopy,wire",99.94,Weight %,1969
3.3633,0.0356192,0.00089048,None kPa,N/A,18883,['C'],A,Vacuum adiabatic calorimetry,"origin: commercial source,99.94 weight % (total),spectroscopy,wire",99.94,Weight %,1969
3.4061,0.0365517,0.000913792,None kPa,N/A,18883,['C'],A,Vacuum adiabatic calorimetry,"origin: commercial source,99.94 weight % (total),spectroscopy,wire",99.94,Weight %,1969
3.4518,0.0373098,0.000932744,None kPa,N/A,18883,['C'],A,Vacuum adiabatic calorimetry,"origin: commercial source,99.94 weight % (total),spectroscopy,wire",99.94,Weight %,1969
3.4929,0.0383757,0.000959394,None kPa,N/A,18883,['C'],A,Vacuum adiabatic calorimetry,"origin: commercial source,99.94 weight % (total),spectroscopy,wire",99.94,Weight %,1969
3.5355,0.0394823,0.000987057,None kPa,N/A,18883,['C'],A,Vacuum adiabatic calorimetry,"origin: commercial source,99.94 weight % (total),spectroscopy,wire",99.94,Weight %,1969
3.5815,0.0402485,0.00100621,None kPa,N/A,18883,['C'],A,Vacuum adiabatic calorimetry,"origin: commercial source,99.94 weight % (total),spectroscopy,wire",99.94,Weight %,1969
3.6296,0.0415466,0.00103866,None kPa,N/A,18883,['C'],A,Vacuum adiabatic calorimetry,"origin: commercial source,99.94 weight % (total),spectroscopy,wire",99.94,Weight %,1969
3.6706,0.0427133,0.00106783,None kPa,N/A,18883,['C'],A,Vacuum adiabatic calorimetry,"origin: commercial source,99.94 weight % (total),spectroscopy,wire",99.94,Weight %,1969
3.7239,0.0441549,0.00110387,None kPa,N/A,18883,['C'],A,Vacuum adiabatic calorimetry,"origin: commercial source,99.94 weight % (total),spectroscopy,wire",99.94,Weight %,1969
3.7664,0.0451355,0.00112839,None kPa,N/A,18883,['C'],A,Vacuum adiabatic calorimetry,"origin: commercial source,99.94 weight % (total),spectroscopy,wire",99.94,Weight %,1969
3.8134,0.0461459,0.00115365,None kPa,N/A,18883,['C'],A,Vacuum adiabatic calorimetry,"origin: commercial source,99.94 weight % (total),spectroscopy,wire",99.94,Weight %,1969
3.8678,0.0474125,0.00118531,None kPa,N/A,18883,['C'],A,Vacuum adiabatic calorimetry,"origin: commercial source,99.94 weight % (total),spectroscopy,wire",99.94,Weight %,1969
3.9142,0.0474303,0.00118576,None kPa,N/A,18883,['C'],A,Vacuum adiabatic calorimetry,"origin: commercial source,99.94 weight % (total),spectroscopy,wire",99.94,Weight %,1969
3.9665,0.0471538,0.00117884,None kPa,N/A,18883,['C'],A,Vacuum adiabatic calorimetry,"origin: commercial source,99.94 weight % (total),spectroscopy,wire",99.94,Weight %,1969
4.0176,0.0464989,0.00116247,None kPa,N/A,18883,['C'],A,Vacuum adiabatic calorimetry,"origin: commercial source,99.94 weight % (total),spectroscopy,wire",99.94,Weight %,1969
4.0687,0.0456683,0.00114171,None kPa,N/A,18883,['C'],A,Vacuum adiabatic calorimetry,"origin: commercial source,99.94 weight % (total),spectroscopy,wire",99.94,Weight %,1969
4.1231,0.043998,0.00109995,None kPa,N/A,18883,['C'],A,Vacuum adiabatic calorimetry,"origin: commercial source,99.94 weight % (total),spectroscopy,wire",99.94,Weight %,1969
4.1802,0.0425102,0.00106276,None kPa,N/A,18883,['C'],A,Vacuum adiabatic calorimetry,"origin: commercial source,99.94 weight % (total),spectroscopy,wire",99.94,Weight %,1969
4.2287,0.0416947,0.00104237,None kPa,N/A,18883,['C'],A,Vacuum adiabatic calorimetry,"origin: commercial source,99.94 weight % (total),spectroscopy,wire",99.94,Weight %,1969
4.2999,0.0423775,0.00105944,None kPa,N/A,18883,['C'],A,Vacuum adiabatic calorimetry,"origin: commercial source,99.94 weight % (total),spectroscopy,wire",99.94,Weight %,1969
4.4117,0.0440174,0.00110044,None kPa,N/A,18883,['C'],A,Vacuum adiabatic calorimetry,"origin: commercial source,99.94 weight % (total),spectroscopy,wire",99.94,Weight %,1969
4.4821,0.0451836,0.00112959,None kPa,N/A,18883,['C'],A,Vacuum adiabatic calorimetry,"origin: commercial source,99.94 weight % (total),spectroscopy,wire",99.94,Weight %,1969
4.5275,0.0455983,0.00113996,None kPa,N/A,18883,['C'],A,Vacuum adiabatic calorimetry,"origin: commercial source,99.94 weight % (total),spectroscopy,wire",99.94,Weight %,1969
4.5905,0.0470837,0.00117709,None kPa,N/A,18883,['C'],A,Vacuum adiabatic calorimetry,"origin: commercial source,99.94 weight % (total),spectroscopy,wire",99.94,Weight %,1969
4.6409,0.0477645,0.00119411,None kPa,N/A,18883,['C'],A,Vacuum adiabatic calorimetry,"origin: commercial source,99.94 weight % (total),spectroscopy,wire",99.94,Weight %,1969
4.7039,0.0488326,0.00122082,None kPa,N/A,18883,['C'],A,Vacuum adiabatic calorimetry,"origin: commercial source,99.94 weight % (total),spectroscopy,wire",99.94,Weight %,1969
0.9668,0.00727226,0.000181807,None kPa,N/A,18883,['C'],A,Vacuum adiabatic calorimetry,"origin: commercial source,99.94 weight % (total),spectroscopy,wire",99.94,Weight %,1969
1.6429,0.0133736,0.000334339,None kPa,N/A,18883,['C'],A,Vacuum adiabatic calorimetry,"origin: commercial source,99.94 weight % (total),spectroscopy,wire",99.94,Weight %,1969
1.7158,0.0141192,0.000352981,None kPa,N/A,18883,['C'],A,Vacuum adiabatic calorimetry,"origin: commercial source,99.94 weight % (total),spectroscopy,wire",99.94,Weight %,1969
1.7856,0.014845,0.000371125,None kPa,N/A,18883,['C'],A,Vacuum adiabatic calorimetry,"origin: commercial source,99.94 weight % (total),spectroscopy,wire",99.94,Weight %,1969
1.8296,0.0155006,0.000387514,None kPa,N/A,18883,['C'],A,Vacuum adiabatic calorimetry,"origin: commercial source,99.94 weight % (total),spectroscopy,wire",99.94,Weight %,1969
1.935,0.016627,0.000415675,None kPa,N/A,18883,['C'],A,Vacuum adiabatic calorimetry,"origin: commercial source,99.94 weight % (total),spectroscopy,wire",99.94,Weight %,1969
1.9757,0.0171572,0.00042893,None kPa,N/A,18883,['C'],A,Vacuum adiabatic calorimetry,"origin: commercial source,99.94 weight % (total),spectroscopy,wire",99.94,Weight %,1969
2.0719,0.0184377,0.000460943,None kPa,N/A,18883,['C'],A,Vacuum adiabatic calorimetry,"origin: commercial source,99.94 weight % (total),spectroscopy,wire",99.94,Weight %,1969
2.1738,0.0198564,0.000496409,None kPa,N/A,18883,['C'],A,Vacuum adiabatic calorimetry,"origin: commercial source,99.94 weight % (total),spectroscopy,wire",99.94,Weight %,1969
2.2814,0.0211876,0.00052969,None kPa,N/A,18883,['C'],A,Vacuum adiabatic calorimetry,"origin: commercial source,99.94 weight % (total),spectroscopy,wire",99.94,Weight %,1969
2.3262,0.0216094,0.000540235,None kPa,N/A,18883,['C'],A,Vacuum adiabatic calorimetry,"origin: commercial source,99.94 weight % (total),spectroscopy,wire",99.94,Weight %,1969
2.4104,0.0221541,0.000553853,None kPa,N/A,18883,['C'],A,Vacuum adiabatic calorimetry,"origin: commercial source,99.94 weight % (total),spectroscopy,wire",99.94,Weight %,1969
2.5078,0.0224149,0.000560372,None kPa,N/A,18883,['C'],A,Vacuum adiabatic calorimetry,"origin: commercial source,99.94 weight % (total),spectroscopy,wire",99.94,Weight %,1969
2.5806,0.0226051,0.000565128,None kPa,N/A,18883,['C'],A,Vacuum adiabatic calorimetry,"origin: commercial source,99.94 weight % (total),spectroscopy,wire",99.94,Weight %,1969
2.6261,0.0225824,0.000564561,None kPa,N/A,18883,['C'],A,Vacuum adiabatic calorimetry,"origin: commercial source,99.94 weight % (total),spectroscopy,wire",99.94,Weight %,1969
1.0061,0.00802559,0.00020064,None kPa,N/A,18885,['C'],A,Vacuum adiabatic calorimetry,"origin: commercial source,99.94 weight % (total),spectroscopy,wire",99.94,Weight %,1969
1.0566,0.00832046,0.000208012,None kPa,N/A,18885,['C'],A,Vacuum adiabatic calorimetry,"origin: commercial source,99.94 weight % (total),spectroscopy,wire",99.94,Weight %,1969
1.1856,0.009408,0.0002352,None kPa,N/A,18885,['C'],A,Vacuum adiabatic calorimetry,"origin: commercial source,99.94 weight % (total),spectroscopy,wire",99.94,Weight %,1969
1.2332,0.00974927,0.000243732,None kPa,N/A,18885,['C'],A,Vacuum adiabatic calorimetry,"origin: commercial source,99.94 weight % (total),spectroscopy,wire",99.94,Weight %,1969
1.2663,0.0100684,0.000251711,None kPa,N/A,18885,['C'],A,Vacuum adiabatic calorimetry,"origin: commercial source,99.94 weight % (total),spectroscopy,wire",99.94,Weight %,1969
1.3102,0.0104765,0.000261912,None kPa,N/A,18885,['C'],A,Vacuum adiabatic calorimetry,"origin: commercial source,99.94 weight % (total),spectroscopy,wire",99.94,Weight %,1969
1.3749,0.0110246,0.000275615,None kPa,N/A,18885,['C'],A,Vacuum adiabatic calorimetry,"origin: commercial source,99.94 weight % (total),spectroscopy,wire",99.94,Weight %,1969
1.4712,0.0118312,0.00029578,None kPa,N/A,18885,['C'],A,Vacuum adiabatic calorimetry,"origin: commercial source,99.94 weight % (total),spectroscopy,wire",99.94,Weight %,1969
1.5482,0.0124116,0.00031029,None kPa,N/A,18885,['C'],A,Vacuum adiabatic calorimetry,"origin: commercial source,99.94 weight % (total),spectroscopy,wire",99.94,Weight %,1969
1.5813,0.0127801,0.000319502,None kPa,N/A,18885,['C'],A,Vacuum adiabatic calorimetry,"origin: commercial source,99.94 weight % (total),spectroscopy,wire",99.94,Weight %,1969
1.664,0.0134838,0.000337095,None kPa,N/A,18885,['C'],A,Vacuum adiabatic calorimetry,"origin: commercial source,99.94 weight % (total),spectroscopy,wire",99.94,Weight %,1969
1.7047,0.0137148,0.00034287,None kPa,N/A,18885,['C'],A,Vacuum adiabatic calorimetry,"origin: commercial source,99.94 weight % (total),spectroscopy,wire",99.94,Weight %,1969
1.7569,0.0142756,0.000356889,None kPa,N/A,18885,['C'],A,Vacuum adiabatic calorimetry,"origin: commercial source,99.94 weight % (total),spectroscopy,wire",99.94,Weight %,1969
1.8061,0.0146297,0.000365743,None kPa,N/A,18885,['C'],A,Vacuum adiabatic calorimetry,"origin: commercial source,99.94 weight % (total),spectroscopy,wire",99.94,Weight %,1969
1.8532,0.0149948,0.00037487,None kPa,N/A,18885,['C'],A,Vacuum adiabatic calorimetry,"origin: commercial source,99.94 weight % (total),spectroscopy,wire",99.94,Weight %,1969
1.8957,0.0155673,0.000389183,None kPa,N/A,18885,['C'],A,Vacuum adiabatic calorimetry,"origin: commercial source,99.94 weight % (total),spectroscopy,wire",99.94,Weight %,1969
1.9568,0.0160971,0.000402428,None kPa,N/A,18885,['C'],A,Vacuum adiabatic calorimetry,"origin: commercial source,99.94 weight % (total),spectroscopy,wire",99.94,Weight %,1969
2.0106,0.0165772,0.00041443,None kPa,N/A,18885,['C'],A,Vacuum adiabatic calorimetry,"origin: commercial source,99.94 weight % (total),spectroscopy,wire",99.94,Weight %,1969
2.0584,0.0168925,0.000422312,None kPa,N/A,18885,['C'],A,Vacuum adiabatic calorimetry,"origin: commercial source,99.94 weight % (total),spectroscopy,wire",99.94,Weight %,1969
2.12,0.0173755,0.000434388,None kPa,N/A,18885,['C'],A,Vacuum adiabatic calorimetry,"origin: commercial source,99.94 weight % (total),spectroscopy,wire",99.94,Weight %,1969
2.1792,0.017905,0.000447624,None kPa,N/A,18885,['C'],A,Vacuum adiabatic calorimetry,"origin: commercial source,99.94 weight % (total),spectroscopy,wire",99.94,Weight %,1969
2.24,0.0184213,0.000460532,None kPa,N/A,18885,['C'],A,Vacuum adiabatic calorimetry,"origin: commercial source,99.94 weight % (total),spectroscopy,wire",99.94,Weight %,1969
2.3003,0.0189512,0.00047378,None kPa,N/A,18885,['C'],A,Vacuum adiabatic calorimetry,"origin: commercial source,99.94 weight % (total),spectroscopy,wire",99.94,Weight %,1969
2.3649,0.0196025,0.000490062,None kPa,N/A,18885,['C'],A,Vacuum adiabatic calorimetry,"origin: commercial source,99.94 weight % (total),spectroscopy,wire",99.94,Weight %,1969
2.4328,0.0202555,0.000506388,None kPa,N/A,18885,['C'],A,Vacuum adiabatic calorimetry,"origin: commercial source,99.94 weight % (total),spectroscopy,wire",99.94,Weight %,1969
2.5142,0.0209892,0.000524731,None kPa,N/A,18885,['C'],A,Vacuum adiabatic calorimetry,"origin: commercial source,99.94 weight % (total),spectroscopy,wire",99.94,Weight %,1969
2.575,0.0215503,0.000538757,None kPa,N/A,18885,['C'],A,Vacuum adiabatic calorimetry,"origin: commercial source,99.94 weight % (total),spectroscopy,wire",99.94,Weight %,1969
2.636,0.0224185,0.000560463,None kPa,N/A,18885,['C'],A,Vacuum adiabatic calorimetry,"origin: commercial source,99.94 weight % (total),spectroscopy,wire",99.94,Weight %,1969
2.7274,0.0234117,0.000585292,None kPa,N/A,18885,['C'],A,Vacuum adiabatic calorimetry,"origin: commercial source,99.94 weight % (total),spectroscopy,wire",99.94,Weight %,1969
3.1915,0.0281593,0.000703983,None kPa,N/A,18885,['C'],A,Vacuum adiabatic calorimetry,"origin: commercial source,99.94 weight % (total),spectroscopy,wire",99.94,Weight %,1969
3.3408,0.02985,0.000746251,None kPa,N/A,18885,['C'],A,Vacuum adiabatic calorimetry,"origin: commercial source,99.94 weight % (total),spectroscopy,wire",99.94,Weight %,1969
3.4923,0.0316737,0.000791842,None kPa,N/A,18885,['C'],A,Vacuum adiabatic calorimetry,"origin: commercial source,99.94 weight % (total),spectroscopy,wire",99.94,Weight %,1969
3.6499,0.0335708,0.000839271,None kPa,N/A,18885,['C'],A,Vacuum adiabatic calorimetry,"origin: commercial source,99.94 weight % (total),spectroscopy,wire",99.94,Weight %,1969
3.8175,0.0356699,0.000891748,None kPa,N/A,18885,['C'],A,Vacuum adiabatic calorimetry,"origin: commercial source,99.94 weight % (total),spectroscopy,wire",99.94,Weight %,1969
3.998,0.0381067,0.000952668,None kPa,N/A,18885,['C'],A,Vacuum adiabatic calorimetry,"origin: commercial source,99.94 weight % (total),spectroscopy,wire",99.94,Weight %,1969
4.1925,0.0409113,0.00102278,None kPa,N/A,18885,['C'],A,Vacuum adiabatic calorimetry,"origin: commercial source,99.94 weight % (total),spectroscopy,wire",99.94,Weight %,1969
4.3771,0.0436182,0.00109045,None kPa,N/A,18885,['C'],A,Vacuum adiabatic calorimetry,"origin: commercial source,99.94 weight % (total),spectroscopy,wire",99.94,Weight %,1969
2.8698,0.0246606,0.000616516,None kPa,N/A,18885,['C'],A,Vacuum adiabatic calorimetry,"origin: commercial source,99.94 weight % (total),spectroscopy,wire",99.94,Weight %,1969
3.0222,0.0262942,0.000657356,None kPa,N/A,18885,['C'],A,Vacuum adiabatic calorimetry,"origin: commercial source,99.94 weight % (total),spectroscopy,wire",99.94,Weight %,1969
3.2911,0.0293512,0.00073378,None kPa,N/A,18885,['C'],A,Vacuum adiabatic calorimetry,"origin: commercial source,99.94 weight % (total),spectroscopy,wire",99.94,Weight %,1969
3.3794,0.0303632,0.00075908,None kPa,N/A,18885,['C'],A,Vacuum adiabatic calorimetry,"origin: commercial source,99.94 weight % (total),spectroscopy,wire",99.94,Weight %,1969
3.6788,0.0342134,0.000855334,None kPa,N/A,18885,['C'],A,Vacuum adiabatic calorimetry,"origin: commercial source,99.94 weight % (total),spectroscopy,wire",99.94,Weight %,1969
3.8661,0.036608,0.0009152,None kPa,N/A,18885,['C'],A,Vacuum adiabatic calorimetry,"origin: commercial source,99.94 weight % (total),spectroscopy,wire",99.94,Weight %,1969
3.963,0.0379555,0.000948887,None kPa,N/A,18885,['C'],A,Vacuum adiabatic calorimetry,"origin: commercial source,99.94 weight % (total),spectroscopy,wire",99.94,Weight %,1969
4.3217,0.043038,0.00107595,None kPa,N/A,18885,['C'],A,Vacuum adiabatic calorimetry,"origin: commercial source,99.94 weight % (total),spectroscopy,wire",99.94,Weight %,1969
4.3806,0.0433937,0.00108484,None kPa,N/A,18885,['C'],A,Vacuum adiabatic calorimetry,"origin: commercial source,99.94 weight % (total),spectroscopy,wire",99.94,Weight %,1969
4.4456,0.0446148,0.00111537,None kPa,N/A,18885,['C'],A,Vacuum adiabatic calorimetry,"origin: commercial source,99.94 weight % (total),spectroscopy,wire",99.94,Weight %,1969
4.5006,0.0457151,0.00114288,None kPa,N/A,18885,['C'],A,Vacuum adiabatic calorimetry,"origin: commercial source,99.94 weight % (total),spectroscopy,wire",99.94,Weight %,1969
4.5543,0.0464189,0.00116047,None kPa,N/A,18885,['C'],A,Vacuum adiabatic calorimetry,"origin: commercial source,99.94 weight % (total),spectroscopy,wire",99.94,Weight %,1969
4.6193,0.0478425,0.00119606,None kPa,N/A,18885,['C'],A,Vacuum adiabatic calorimetry,"origin: commercial source,99.94 weight % (total),spectroscopy,wire",99.94,Weight %,1969
4.6703,0.0483203,0.00120801,None kPa,N/A,18885,['C'],A,Vacuum adiabatic calorimetry,"origin: commercial source,99.94 weight % (total),spectroscopy,wire",99.94,Weight %,1969
4.7258,0.0491353,0.00122838,None kPa,N/A,18885,['C'],A,Vacuum adiabatic calorimetry,"origin: commercial source,99.94 weight % (total),spectroscopy,wire",99.94,Weight %,1969
4.7984,0.0501099,0.00125275,None kPa,N/A,18885,['C'],A,Vacuum adiabatic calorimetry,"origin: commercial source,99.94 weight % (total),spectroscopy,wire",99.94,Weight %,1969
2.0,0.0165,0.00015,None kPa,N/A,19188,['C'],A,Vacuum adiabatic calorimetry,"origin: commercial source,99.7 weight % (total),stated by supplier",99.7,Weight %,1970
2.75,0.02394,0.0002,None kPa,N/A,19188,['C'],A,Vacuum adiabatic calorimetry,"origin: commercial source,99.7 weight % (total),stated by supplier",99.7,Weight %,1970
3.5,0.03255,0.00024,None kPa,N/A,19188,['C'],A,Vacuum adiabatic calorimetry,"origin: commercial source,99.7 weight % (total),stated by supplier",99.7,Weight %,1970
4.25,0.04268,0.00029,None kPa,N/A,19188,['C'],A,Vacuum adiabatic calorimetry,"origin: commercial source,99.7 weight % (total),stated by supplier",99.7,Weight %,1970
5.0,0.05463,0.00035,None kPa,N/A,19188,['C'],A,Vacuum adiabatic calorimetry,"origin: commercial source,99.7 weight % (total),stated by supplier",99.7,Weight %,1970
5.75,0.06873,0.0004,None kPa,N/A,19188,['C'],A,Vacuum adiabatic calorimetry,"origin: commercial source,99.7 weight % (total),stated by supplier",99.7,Weight %,1970
6.5,0.08531,0.00046,None kPa,N/A,19188,['C'],A,Vacuum adiabatic calorimetry,"origin: commercial source,99.7 weight % (total),stated by supplier",99.7,Weight %,1970
7.25,0.10468,0.00052,None kPa,N/A,19188,['C'],A,Vacuum adiabatic calorimetry,"origin: commercial source,99.7 weight % (total),stated by supplier",99.7,Weight %,1970
8.0,0.12717,0.00058,None kPa,N/A,19188,['C'],A,Vacuum adiabatic calorimetry,"origin: commercial source,99.7 weight % (total),stated by supplier",99.7,Weight %,1970
8.75,0.15311,0.00065,None kPa,N/A,19188,['C'],A,Vacuum adiabatic calorimetry,"origin: commercial source,99.7 weight % (total),stated by supplier",99.7,Weight %,1970
9.5,0.1828,0.00071,None kPa,N/A,19188,['C'],A,Vacuum adiabatic calorimetry,"origin: commercial source,99.7 weight % (total),stated by supplier",99.7,Weight %,1970
10.25,0.21659,0.00079,None kPa,N/A,19188,['C'],A,Vacuum adiabatic calorimetry,"origin: commercial source,99.7 weight % (total),stated by supplier",99.7,Weight %,1970
11.0,0.25478,0.00086,None kPa,N/A,19188,['C'],A,Vacuum adiabatic calorimetry,"origin: commercial source,99.7 weight % (total),stated by supplier",99.7,Weight %,1970
11.75,0.2977,0.00094,None kPa,N/A,19188,['C'],A,Vacuum adiabatic calorimetry,"origin: commercial source,99.7 weight % (total),stated by supplier",99.7,Weight %,1970
12.5,0.34568,0.00103,None kPa,N/A,19188,['C'],A,Vacuum adiabatic calorimetry,"origin: commercial source,99.7 weight % (total),stated by supplier",99.7,Weight %,1970
13.25,0.39903,0.00111,None kPa,N/A,19188,['C'],A,Vacuum adiabatic calorimetry,"origin: commercial source,99.7 weight % (total),stated by supplier",99.7,Weight %,1970
14.0,0.45808,0.00121,None kPa,N/A,19188,['C'],A,Vacuum adiabatic calorimetry,"origin: commercial source,99.7 weight % (total),stated by supplier",99.7,Weight %,1970
14.75,0.52316,0.0013,None kPa,N/A,19188,['C'],A,Vacuum adiabatic calorimetry,"origin: commercial source,99.7 weight % (total),stated by supplier",99.7,Weight %,1970
15.0,0.54625,0.00134,None kPa,N/A,19188,['C'],A,Vacuum adiabatic calorimetry,"origin: commercial source,99.7 weight % (total),stated by supplier",99.7,Weight %,1970
1123.8,27.7608,,None kPa,N/A,19406,['C'],A,Variable modulation induction heating,"not stated,99.53 % (total),",99.53,Not Specified %,1970
1160.5,27.56,,None kPa,N/A,19406,['C'],A,Variable modulation induction heating,"not stated,99.53 % (total),",99.53,Not Specified %,1970
1247.0,28.334,,None kPa,N/A,19406,['C'],A,Variable modulation induction heating,"not stated,99.53 % (total),",99.53,Not Specified %,1970
1318.7,28.9449,,None kPa,N/A,19406,['C'],A,Variable modulation induction heating,"not stated,99.53 % (total),",99.53,Not Specified %,1970
1374.9,30.6185,,None kPa,N/A,19406,['C'],A,Variable modulation induction heating,"not stated,99.53 % (total),",99.53,Not Specified %,1970
1439.9,28.7064,,None kPa,N/A,19406,['C'],A,Variable modulation induction heating,"not stated,99.53 % (total),",99.53,Not Specified %,1970
1517.7,29.7566,,None kPa,N/A,19406,['C'],A,Variable modulation induction heating,"not stated,99.53 % (total),",99.53,Not Specified %,1970
1590.2,30.0411,,None kPa,N/A,19406,['C'],A,Variable modulation induction heating,"not stated,99.53 % (total),",99.53,Not Specified %,1970
1672.3,30.652,,None kPa,N/A,19406,['C'],A,Variable modulation induction heating,"not stated,99.53 % (total),",99.53,Not Specified %,1970
1739.7,31.7775,,None kPa,N/A,19406,['C'],A,Variable modulation induction heating,"not stated,99.53 % (total),",99.53,Not Specified %,1970
1897.8,31.8946,,None kPa,N/A,19406,['C'],A,Variable modulation induction heating,"not stated,99.53 % (total),",99.53,Not Specified %,1970
1955.4,32.6561,,None kPa,N/A,19406,['C'],A,Variable modulation induction heating,"not stated,99.53 % (total),",99.53,Not Specified %,1970
2029.5,32.9197,,None kPa,N/A,19406,['C'],A,Variable modulation induction heating,"not stated,99.53 % (total),",99.53,Not Specified %,1970
2074.8,33.8737,,None kPa,N/A,19406,['C'],A,Variable modulation induction heating,"not stated,99.53 % (total),",99.53,Not Specified %,1970
2155.3,35.3046,,None kPa,N/A,19406,['C'],A,Variable modulation induction heating,"not stated,99.53 % (total),",99.53,Not Specified %,1970
2209.7,34.5431,,None kPa,N/A,19406,['C'],A,Variable modulation induction heating,"not stated,99.53 % (total),",99.53,Not Specified %,1970
2277.7,36.6267,,None kPa,N/A,19406,['C'],A,Variable modulation induction heating,"not stated,99.53 % (total),",99.53,Not Specified %,1970
2352.3,36.6393,,None kPa,N/A,19406,['C'],A,Variable modulation induction heating,"not stated,99.53 % (total),",99.53,Not Specified %,1970
2405.7,36.4343,,None kPa,N/A,19406,['C'],A,Variable modulation induction heating,"not stated,99.53 % (total),",99.53,Not Specified %,1970
1177.2,27.3926,,None kPa,N/A,19407,['C'],A,Variable modulation induction heating,"not stated,99.2 % (total),",99.2,Not Specified %,1970
1211.9,28.0956,,None kPa,N/A,19407,['C'],A,Variable modulation induction heating,"not stated,99.2 % (total),",99.2,Not Specified %,1970
1266.3,28.083,,None kPa,N/A,19407,['C'],A,Variable modulation induction heating,"not stated,99.2 % (total),",99.2,Not Specified %,1970
1292.1,28.2378,,None kPa,N/A,19407,['C'],A,Variable modulation induction heating,"not stated,99.2 % (total),",99.2,Not Specified %,1970
1391.7,30.0537,,None kPa,N/A,19407,['C'],A,Variable modulation induction heating,"not stated,99.2 % (total),",99.2,Not Specified %,1970
1456.0,29.3298,,None kPa,N/A,19407,['C'],A,Variable modulation induction heating,"not stated,99.2 % (total),",99.2,Not Specified %,1970
1491.7,29.4846,,None kPa,N/A,19407,['C'],A,Variable modulation induction heating,"not stated,99.2 % (total),",99.2,Not Specified %,1970
1569.0,30.0118,,None kPa,N/A,19407,['C'],A,Variable modulation induction heating,"not stated,99.2 % (total),",99.2,Not Specified %,1970
1661.2,32.426,,None kPa,N/A,19407,['C'],A,Variable modulation induction heating,"not stated,99.2 % (total),",99.2,Not Specified %,1970
1706.0,30.447,,None kPa,N/A,19407,['C'],A,Variable modulation induction heating,"not stated,99.2 % (total),",99.2,Not Specified %,1970
1879.9,33.723,,None kPa,N/A,19407,['C'],A,Variable modulation induction heating,"not stated,99.2 % (total),",99.2,Not Specified %,1970
2064.0,34.8109,,None kPa,N/A,19407,['C'],A,Variable modulation induction heating,"not stated,99.2 % (total),",99.2,Not Specified %,1970
2095.5,34.723,,None kPa,N/A,19407,['C'],A,Variable modulation induction heating,"not stated,99.2 % (total),",99.2,Not Specified %,1970
2212.3,33.5222,,None kPa,N/A,19407,['C'],A,Variable modulation induction heating,"not stated,99.2 % (total),",99.2,Not Specified %,1970
2222.1,35.4594,,None kPa,N/A,19407,['C'],A,Variable modulation induction heating,"not stated,99.2 % (total),",99.2,Not Specified %,1970
1416.8,29.8989,2.98989,None kPa,N/A,19408,['C'],A,Variable modulation induction heating,"not stated,99.62 % (total),,wire",99.62,Not Specified %,1970
1481.4,30.6143,3.06143,None kPa,N/A,19408,['C'],A,Variable modulation induction heating,"not stated,99.62 % (total),,wire",99.62,Not Specified %,1970
1535.3,31.5013,3.15013,None kPa,N/A,19408,['C'],A,Variable modulation induction heating,"not stated,99.62 % (total),,wire",99.62,Not Specified %,1970
1587.2,31.5725,3.15725,None kPa,N/A,19408,['C'],A,Variable modulation induction heating,"not stated,99.62 % (total),,wire",99.62,Not Specified %,1970
1638.5,31.3549,3.13549,None kPa,N/A,19408,['C'],A,Variable modulation induction heating,"not stated,99.62 % (total),,wire",99.62,Not Specified %,1970
1706.7,32.6059,3.26059,None kPa,N/A,19408,['C'],A,Variable modulation induction heating,"not stated,99.62 % (total),,wire",99.62,Not Specified %,1970
1789.1,32.903,3.2903,None kPa,N/A,19408,['C'],A,Variable modulation induction heating,"not stated,99.62 % (total),,wire",99.62,Not Specified %,1970
1858.7,33.8193,3.38193,None kPa,N/A,19408,['C'],A,Variable modulation induction heating,"not stated,99.62 % (total),,wire",99.62,Not Specified %,1970
1928.0,33.7189,3.37189,None kPa,N/A,19408,['C'],A,Variable modulation induction heating,"not stated,99.62 % (total),,wire",99.62,Not Specified %,1970
1991.1,33.8276,3.38276,None kPa,N/A,19408,['C'],A,Variable modulation induction heating,"not stated,99.62 % (total),,wire",99.62,Not Specified %,1970
2085.6,33.8318,3.38318,None kPa,N/A,19408,['C'],A,Variable modulation induction heating,"not stated,99.62 % (total),,wire",99.62,Not Specified %,1970
2140.5,34.2042,3.42042,None kPa,N/A,19408,['C'],A,Variable modulation induction heating,"not stated,99.62 % (total),,wire",99.62,Not Specified %,1970
2182.6,34.928,3.4928,None kPa,N/A,19408,['C'],A,Variable modulation induction heating,"not stated,99.62 % (total),,wire",99.62,Not Specified %,1970
2233.6,34.6184,3.46184,None kPa,N/A,19408,['C'],A,Variable modulation induction heating,"not stated,99.62 % (total),,wire",99.62,Not Specified %,1970
2302.9,35.2502,3.52502,None kPa,N/A,19408,['C'],A,Variable modulation induction heating,"not stated,99.62 % (total),,wire",99.62,Not Specified %,1970
2396.4,35.9238,3.59238,None kPa,N/A,19408,['C'],A,Variable modulation induction heating,"not stated,99.62 % (total),,wire",99.62,Not Specified %,1970
1500.0,29.48,0.8844,1.33322e-05 kPa,N/A,19835,['C'],A,Resistive pulse heating - millisecond,"not stated,99.9 weight % (total),chemical analysis,tube",99.9,Weight %,1971
1600.0,30.11,0.9033,None kPa,N/A,19835,['C'],A,Resistive pulse heating - millisecond,"not stated,99.9 weight % (total),chemical analysis,tube",99.9,Weight %,1971
1700.0,30.73,0.9219,None kPa,N/A,19835,['C'],A,Resistive pulse heating - millisecond,"not stated,99.9 weight % (total),chemical analysis,tube",99.9,Weight %,1971
1800.0,31.35,0.9405,None kPa,N/A,19835,['C'],A,Resistive pulse heating - millisecond,"not stated,99.9 weight % (total),chemical analysis,tube",99.9,Weight %,1971
1900.0,32.02,0.9606,None kPa,N/A,19835,['C'],A,Resistive pulse heating - millisecond,"not stated,99.9 weight % (total),chemical analysis,tube",99.9,Weight %,1971
2000.0,32.75,0.9825,None kPa,N/A,19835,['C'],A,Resistive pulse heating - millisecond,"not stated,99.9 weight % (total),chemical analysis,tube",99.9,Weight %,1971
2100.0,33.57,1.0071,None kPa,N/A,19835,['C'],A,Resistive pulse heating - millisecond,"not stated,99.9 weight % (total),chemical analysis,tube",99.9,Weight %,1971
2200.0,34.53,1.0359,None kPa,N/A,19835,['C'],A,Resistive pulse heating - millisecond,"not stated,99.9 weight % (total),chemical analysis,tube",99.9,Weight %,1971
2300.0,35.64,1.0692,None kPa,N/A,19835,['C'],A,Resistive pulse heating - millisecond,"not stated,99.9 weight % (total),chemical analysis,tube",99.9,Weight %,1971
2400.0,36.94,1.1082,None kPa,N/A,19835,['C'],A,Resistive pulse heating - millisecond,"not stated,99.9 weight % (total),chemical analysis,tube",99.9,Weight %,1971
2500.0,38.46,1.1538,None kPa,N/A,19835,['C'],A,Resistive pulse heating - millisecond,"not stated,99.9 weight % (total),chemical analysis,tube",99.9,Weight %,1971
2600.0,40.23,1.2069,None kPa,N/A,19835,['C'],A,Resistive pulse heating - millisecond,"not stated,99.9 weight % (total),chemical analysis,tube",99.9,Weight %,1971
2700.0,42.28,1.2684,None kPa,N/A,19835,['C'],A,Resistive pulse heating - millisecond,"not stated,99.9 weight % (total),chemical analysis,tube",99.9,Weight %,1971
1500.0,29.56,0.5912,1.33322e-05 kPa,N/A,19839,['C'],A,Resistive pulse heating - millisecond,"not stated,99.93 % (total),chemical analysis,rod",99.93,Not Specified %,1971
1550.0,29.72,0.5944,None kPa,N/A,19839,['C'],A,Resistive pulse heating - millisecond,"not stated,99.93 % (total),chemical analysis,rod",99.93,Not Specified %,1971
1600.0,30.11,0.6022,None kPa,N/A,19839,['C'],A,Resistive pulse heating - millisecond,"not stated,99.93 % (total),chemical analysis,rod",99.93,Not Specified %,1971
1650.0,30.74,0.6148,None kPa,N/A,19839,['C'],A,Resistive pulse heating - millisecond,"not stated,99.93 % (total),chemical analysis,rod",99.93,Not Specified %,1971
1600.0,29.87,0.5974,None kPa,N/A,19839,['C'],A,Resistive pulse heating - millisecond,"not stated,99.93 % (total),chemical analysis,rod",99.93,Not Specified %,1971
1650.0,30.15,0.603,None kPa,N/A,19839,['C'],A,Resistive pulse heating - millisecond,"not stated,99.93 % (total),chemical analysis,rod",99.93,Not Specified %,1971
1700.0,30.52,0.6104,None kPa,N/A,19839,['C'],A,Resistive pulse heating - millisecond,"not stated,99.93 % (total),chemical analysis,rod",99.93,Not Specified %,1971
1750.0,31.01,0.6202,None kPa,N/A,19839,['C'],A,Resistive pulse heating - millisecond,"not stated,99.93 % (total),chemical analysis,rod",99.93,Not Specified %,1971
1800.0,31.6,0.632,None kPa,N/A,19839,['C'],A,Resistive pulse heating - millisecond,"not stated,99.93 % (total),chemical analysis,rod",99.93,Not Specified %,1971
1750.0,30.65,0.613,None kPa,N/A,19839,['C'],A,Resistive pulse heating - millisecond,"not stated,99.93 % (total),chemical analysis,rod",99.93,Not Specified %,1971
1800.0,31.03,0.6206,None kPa,N/A,19839,['C'],A,Resistive pulse heating - millisecond,"not stated,99.93 % (total),chemical analysis,rod",99.93,Not Specified %,1971
1850.0,31.48,0.6296,None kPa,N/A,19839,['C'],A,Resistive pulse heating - millisecond,"not stated,99.93 % (total),chemical analysis,rod",99.93,Not Specified %,1971
1900.0,32.0,0.64,None kPa,N/A,19839,['C'],A,Resistive pulse heating - millisecond,"not stated,99.93 % (total),chemical analysis,rod",99.93,Not Specified %,1971
1950.0,32.61,0.6522,None kPa,N/A,19839,['C'],A,Resistive pulse heating - millisecond,"not stated,99.93 % (total),chemical analysis,rod",99.93,Not Specified %,1971
1900.0,31.91,0.6382,None kPa,N/A,19839,['C'],A,Resistive pulse heating - millisecond,"not stated,99.93 % (total),chemical analysis,rod",99.93,Not Specified %,1971
1950.0,32.19,0.6438,None kPa,N/A,19839,['C'],A,Resistive pulse heating - millisecond,"not stated,99.93 % (total),chemical analysis,rod",99.93,Not Specified %,1971
2000.0,32.55,0.651,None kPa,N/A,19839,['C'],A,Resistive pulse heating - millisecond,"not stated,99.93 % (total),chemical analysis,rod",99.93,Not Specified %,1971
2050.0,32.98,0.6596,None kPa,N/A,19839,['C'],A,Resistive pulse heating - millisecond,"not stated,99.93 % (total),chemical analysis,rod",99.93,Not Specified %,1971
2100.0,33.5,0.67,None kPa,N/A,19839,['C'],A,Resistive pulse heating - millisecond,"not stated,99.93 % (total),chemical analysis,rod",99.93,Not Specified %,1971
2150.0,34.12,0.6824,None kPa,N/A,19839,['C'],A,Resistive pulse heating - millisecond,"not stated,99.93 % (total),chemical analysis,rod",99.93,Not Specified %,1971
2200.0,34.87,0.6974,None kPa,N/A,19839,['C'],A,Resistive pulse heating - millisecond,"not stated,99.93 % (total),chemical analysis,rod",99.93,Not Specified %,1971
2100.0,33.58,0.6716,None kPa,N/A,19839,['C'],A,Resistive pulse heating - millisecond,"not stated,99.93 % (total),chemical analysis,rod",99.93,Not Specified %,1971
2150.0,34.0,0.68,None kPa,N/A,19839,['C'],A,Resistive pulse heating - millisecond,"not stated,99.93 % (total),chemical analysis,rod",99.93,Not Specified %,1971
2200.0,34.46,0.6892,None kPa,N/A,19839,['C'],A,Resistive pulse heating - millisecond,"not stated,99.93 % (total),chemical analysis,rod",99.93,Not Specified %,1971
2250.0,34.97,0.6994,None kPa,N/A,19839,['C'],A,Resistive pulse heating - millisecond,"not stated,99.93 % (total),chemical analysis,rod",99.93,Not Specified %,1971
2300.0,35.53,0.7106,None kPa,N/A,19839,['C'],A,Resistive pulse heating - millisecond,"not stated,99.93 % (total),chemical analysis,rod",99.93,Not Specified %,1971
2350.0,36.16,0.7232,None kPa,N/A,19839,['C'],A,Resistive pulse heating - millisecond,"not stated,99.93 % (total),chemical analysis,rod",99.93,Not Specified %,1971
2400.0,36.86,0.7372,None kPa,N/A,19839,['C'],A,Resistive pulse heating - millisecond,"not stated,99.93 % (total),chemical analysis,rod",99.93,Not Specified %,1971
2450.0,37.66,0.7532,None kPa,N/A,19839,['C'],A,Resistive pulse heating - millisecond,"not stated,99.93 % (total),chemical analysis,rod",99.93,Not Specified %,1971
2500.0,38.57,0.7714,None kPa,N/A,19839,['C'],A,Resistive pulse heating - millisecond,"not stated,99.93 % (total),chemical analysis,rod",99.93,Not Specified %,1971
2550.0,39.63,0.7926,None kPa,N/A,19839,['C'],A,Resistive pulse heating - millisecond,"not stated,99.93 % (total),chemical analysis,rod",99.93,Not Specified %,1971
2400.0,36.73,0.7346,None kPa,N/A,19839,['C'],A,Resistive pulse heating - millisecond,"not stated,99.93 % (total),chemical analysis,rod",99.93,Not Specified %,1971
2450.0,37.21,0.7442,None kPa,N/A,19839,['C'],A,Resistive pulse heating - millisecond,"not stated,99.93 % (total),chemical analysis,rod",99.93,Not Specified %,1971
2500.0,37.85,0.757,None kPa,N/A,19839,['C'],A,Resistive pulse heating - millisecond,"not stated,99.93 % (total),chemical analysis,rod",99.93,Not Specified %,1971
2550.0,38.68,0.7736,None kPa,N/A,19839,['C'],A,Resistive pulse heating - millisecond,"not stated,99.93 % (total),chemical analysis,rod",99.93,Not Specified %,1971
2600.0,39.74,0.7948,None kPa,N/A,19839,['C'],A,Resistive pulse heating - millisecond,"not stated,99.93 % (total),chemical analysis,rod",99.93,Not Specified %,1971
2650.0,41.1,0.822,None kPa,N/A,19839,['C'],A,Resistive pulse heating - millisecond,"not stated,99.93 % (total),chemical analysis,rod",99.93,Not Specified %,1971
2700.0,42.89,0.8578,None kPa,N/A,19839,['C'],A,Resistive pulse heating - millisecond,"not stated,99.93 % (total),chemical analysis,rod",99.93,Not Specified %,1971
1500.0,29.39,0.5878,None kPa,N/A,19839,['C'],A,Resistive pulse heating - millisecond,"not stated,99.93 % (total),chemical analysis,rod",99.93,Not Specified %,1971
1550.0,29.69,0.5938,None kPa,N/A,19839,['C'],A,Resistive pulse heating - millisecond,"not stated,99.93 % (total),chemical analysis,rod",99.93,Not Specified %,1971
1600.0,30.14,0.6028,None kPa,N/A,19839,['C'],A,Resistive pulse heating - millisecond,"not stated,99.93 % (total),chemical analysis,rod",99.93,Not Specified %,1971
1650.0,30.75,0.615,None kPa,N/A,19839,['C'],A,Resistive pulse heating - millisecond,"not stated,99.93 % (total),chemical analysis,rod",99.93,Not Specified %,1971
1600.0,29.99,0.5998,None kPa,N/A,19839,['C'],A,Resistive pulse heating - millisecond,"not stated,99.93 % (total),chemical analysis,rod",99.93,Not Specified %,1971
1650.0,30.22,0.6044,None kPa,N/A,19839,['C'],A,Resistive pulse heating - millisecond,"not stated,99.93 % (total),chemical analysis,rod",99.93,Not Specified %,1971
1700.0,30.55,0.611,None kPa,N/A,19839,['C'],A,Resistive pulse heating - millisecond,"not stated,99.93 % (total),chemical analysis,rod",99.93,Not Specified %,1971
1750.0,31.01,0.6202,None kPa,N/A,19839,['C'],A,Resistive pulse heating - millisecond,"not stated,99.93 % (total),chemical analysis,rod",99.93,Not Specified %,1971
1800.0,31.59,0.6318,None kPa,N/A,19839,['C'],A,Resistive pulse heating - millisecond,"not stated,99.93 % (total),chemical analysis,rod",99.93,Not Specified %,1971
1750.0,30.55,0.611,None kPa,N/A,19839,['C'],A,Resistive pulse heating - millisecond,"not stated,99.93 % (total),chemical analysis,rod",99.93,Not Specified %,1971
1800.0,31.07,0.6214,None kPa,N/A,19839,['C'],A,Resistive pulse heating - millisecond,"not stated,99.93 % (total),chemical analysis,rod",99.93,Not Specified %,1971
1850.0,31.59,0.6318,None kPa,N/A,19839,['C'],A,Resistive pulse heating - millisecond,"not stated,99.93 % (total),chemical analysis,rod",99.93,Not Specified %,1971
1900.0,32.11,0.6422,None kPa,N/A,19839,['C'],A,Resistive pulse heating - millisecond,"not stated,99.93 % (total),chemical analysis,rod",99.93,Not Specified %,1971
1950.0,32.62,0.6524,None kPa,N/A,19839,['C'],A,Resistive pulse heating - millisecond,"not stated,99.93 % (total),chemical analysis,rod",99.93,Not Specified %,1971
1900.0,31.66,0.6332,None kPa,N/A,19839,['C'],A,Resistive pulse heating - millisecond,"not stated,99.93 % (total),chemical analysis,rod",99.93,Not Specified %,1971
1950.0,32.07,0.6414,None kPa,N/A,19839,['C'],A,Resistive pulse heating - millisecond,"not stated,99.93 % (total),chemical analysis,rod",99.93,Not Specified %,1971
2000.0,32.53,0.6506,None kPa,N/A,19839,['C'],A,Resistive pulse heating - millisecond,"not stated,99.93 % (total),chemical analysis,rod",99.93,Not Specified %,1971
2050.0,33.03,0.6606,None kPa,N/A,19839,['C'],A,Resistive pulse heating - millisecond,"not stated,99.93 % (total),chemical analysis,rod",99.93,Not Specified %,1971
2100.0,33.58,0.6716,None kPa,N/A,19839,['C'],A,Resistive pulse heating - millisecond,"not stated,99.93 % (total),chemical analysis,rod",99.93,Not Specified %,1971
2150.0,34.19,0.6838,None kPa,N/A,19839,['C'],A,Resistive pulse heating - millisecond,"not stated,99.93 % (total),chemical analysis,rod",99.93,Not Specified %,1971
2200.0,34.85,0.697,None kPa,N/A,19839,['C'],A,Resistive pulse heating - millisecond,"not stated,99.93 % (total),chemical analysis,rod",99.93,Not Specified %,1971
2100.0,33.37,0.6674,None kPa,N/A,19839,['C'],A,Resistive pulse heating - millisecond,"not stated,99.93 % (total),chemical analysis,rod",99.93,Not Specified %,1971
2150.0,33.87,0.6774,None kPa,N/A,19839,['C'],A,Resistive pulse heating - millisecond,"not stated,99.93 % (total),chemical analysis,rod",99.93,Not Specified %,1971
2200.0,34.41,0.6882,None kPa,N/A,19839,['C'],A,Resistive pulse heating - millisecond,"not stated,99.93 % (total),chemical analysis,rod",99.93,Not Specified %,1971
2250.0,34.97,0.6994,None kPa,N/A,19839,['C'],A,Resistive pulse heating - millisecond,"not stated,99.93 % (total),chemical analysis,rod",99.93,Not Specified %,1971
2300.0,35.58,0.7116,None kPa,N/A,19839,['C'],A,Resistive pulse heating - millisecond,"not stated,99.93 % (total),chemical analysis,rod",99.93,Not Specified %,1971
2350.0,36.24,0.7248,None kPa,N/A,19839,['C'],A,Resistive pulse heating - millisecond,"not stated,99.93 % (total),chemical analysis,rod",99.93,Not Specified %,1971
2400.0,36.96,0.7392,None kPa,N/A,19839,['C'],A,Resistive pulse heating - millisecond,"not stated,99.93 % (total),chemical analysis,rod",99.93,Not Specified %,1971
2450.0,37.75,0.755,None kPa,N/A,19839,['C'],A,Resistive pulse heating - millisecond,"not stated,99.93 % (total),chemical analysis,rod",99.93,Not Specified %,1971
2500.0,38.62,0.7724,None kPa,N/A,19839,['C'],A,Resistive pulse heating - millisecond,"not stated,99.93 % (total),chemical analysis,rod",99.93,Not Specified %,1971
2550.0,39.6,0.792,None kPa,N/A,19839,['C'],A,Resistive pulse heating - millisecond,"not stated,99.93 % (total),chemical analysis,rod",99.93,Not Specified %,1971
1500.0,29.51,0.5902,1.33322e-05 kPa,N/A,19840,['C'],A,Resistive pulse heating - millisecond,not stated,,,1971
1550.0,30.05,0.601,None kPa,N/A,19840,['C'],A,Resistive pulse heating - millisecond,not stated,,,1971
1600.0,30.58,0.6116,None kPa,N/A,19840,['C'],A,Resistive pulse heating - millisecond,not stated,,,1971
1650.0,31.09,0.6218,None kPa,N/A,19840,['C'],A,Resistive pulse heating - millisecond,not stated,,,1971
1600.0,29.99,0.5998,None kPa,N/A,19840,['C'],A,Resistive pulse heating - millisecond,not stated,,,1971
1650.0,30.47,0.6094,None kPa,N/A,19840,['C'],A,Resistive pulse heating - millisecond,not stated,,,1971
1700.0,30.93,0.6186,None kPa,N/A,19840,['C'],A,Resistive pulse heating - millisecond,not stated,,,1971
1750.0,31.39,0.6278,None kPa,N/A,19840,['C'],A,Resistive pulse heating - millisecond,not stated,,,1971
1800.0,31.83,0.6366,None kPa,N/A,19840,['C'],A,Resistive pulse heating - millisecond,not stated,,,1971
1750.0,30.85,0.617,None kPa,N/A,19840,['C'],A,Resistive pulse heating - millisecond,not stated,,,1971
1800.0,31.29,0.6258,None kPa,N/A,19840,['C'],A,Resistive pulse heating - millisecond,not stated,,,1971
1850.0,31.78,0.6356,None kPa,N/A,19840,['C'],A,Resistive pulse heating - millisecond,not stated,,,1971
1900.0,32.31,0.6462,None kPa,N/A,19840,['C'],A,Resistive pulse heating - millisecond,not stated,,,1971
1950.0,32.9,0.658,None kPa,N/A,19840,['C'],A,Resistive pulse heating - millisecond,not stated,,,1971
1900.0,31.69,0.6338,None kPa,N/A,19840,['C'],A,Resistive pulse heating - millisecond,not stated,,,1971
1950.0,32.22,0.6444,None kPa,N/A,19840,['C'],A,Resistive pulse heating - millisecond,not stated,,,1971
2000.0,32.76,0.6552,None kPa,N/A,19840,['C'],A,Resistive pulse heating - millisecond,not stated,,,1971
2050.0,33.33,0.6666,None kPa,N/A,19840,['C'],A,Resistive pulse heating - millisecond,not stated,,,1971
2100.0,33.93,0.6786,None kPa,N/A,19840,['C'],A,Resistive pulse heating - millisecond,not stated,,,1971
2150.0,34.56,0.6912,None kPa,N/A,19840,['C'],A,Resistive pulse heating - millisecond,not stated,,,1971
2200.0,35.23,0.7046,None kPa,N/A,19840,['C'],A,Resistive pulse heating - millisecond,not stated,,,1971
2100.0,33.61,0.6722,None kPa,N/A,19840,['C'],A,Resistive pulse heating - millisecond,not stated,,,1971
2150.0,34.1,0.682,None kPa,N/A,19840,['C'],A,Resistive pulse heating - millisecond,not stated,,,1971
2200.0,34.62,0.6924,None kPa,N/A,19840,['C'],A,Resistive pulse heating - millisecond,not stated,,,1971
2250.0,35.18,0.7036,None kPa,N/A,19840,['C'],A,Resistive pulse heating - millisecond,not stated,,,1971
2300.0,35.79,0.7158,None kPa,N/A,19840,['C'],A,Resistive pulse heating - millisecond,not stated,,,1971
2350.0,36.46,0.7292,None kPa,N/A,19840,['C'],A,Resistive pulse heating - millisecond,not stated,,,1971
2400.0,37.19,0.7438,None kPa,N/A,19840,['C'],A,Resistive pulse heating - millisecond,not stated,,,1971
2450.0,38.01,0.7602,None kPa,N/A,19840,['C'],A,Resistive pulse heating - millisecond,not stated,,,1971
2500.0,38.91,0.7782,None kPa,N/A,19840,['C'],A,Resistive pulse heating - millisecond,not stated,,,1971
2550.0,39.94,0.7988,None kPa,N/A,19840,['C'],A,Resistive pulse heating - millisecond,not stated,,,1971
2400.0,37.01,0.7402,None kPa,N/A,19840,['C'],A,Resistive pulse heating - millisecond,not stated,,,1971
2450.0,37.39,0.7478,None kPa,N/A,19840,['C'],A,Resistive pulse heating - millisecond,not stated,,,1971
2500.0,37.98,0.7596,None kPa,N/A,19840,['C'],A,Resistive pulse heating - millisecond,not stated,,,1971
2550.0,38.82,0.7764,None kPa,N/A,19840,['C'],A,Resistive pulse heating - millisecond,not stated,,,1971
2600.0,39.99,0.7998,None kPa,N/A,19840,['C'],A,Resistive pulse heating - millisecond,not stated,,,1971
2650.0,41.6,0.832,None kPa,N/A,19840,['C'],A,Resistive pulse heating - millisecond,not stated,,,1971
2700.0,43.21,0.8642,None kPa,N/A,19840,['C'],A,Resistive pulse heating - millisecond,not stated,,,1971
2.33602,0.0025493,5.0986e-05,None kPa,N/A,19976,['C'],A,Vacuum adiabatic calorimetry,"origin: commercial source,99.7 % (total),chemical analysis,powder",99.7,Not Specified %,1971
2.44397,0.00331232,6.62463e-05,None kPa,N/A,19976,['C'],A,Vacuum adiabatic calorimetry,"origin: commercial source,99.7 % (total),chemical analysis,powder",99.7,Not Specified %,1971
2.51356,0.00381081,7.62163e-05,None kPa,N/A,19976,['C'],A,Vacuum adiabatic calorimetry,"origin: commercial source,99.7 % (total),chemical analysis,powder",99.7,Not Specified %,1971
2.65838,0.0048239,9.6478e-05,None kPa,N/A,19976,['C'],A,Vacuum adiabatic calorimetry,"origin: commercial source,99.7 % (total),chemical analysis,powder",99.7,Not Specified %,1971
2.79553,0.00600368,0.000120074,None kPa,N/A,19976,['C'],A,Vacuum adiabatic calorimetry,"origin: commercial source,99.7 % (total),chemical analysis,powder",99.7,Not Specified %,1971
2.8457,0.00692728,0.000138546,None kPa,N/A,19976,['C'],A,Vacuum adiabatic calorimetry,"origin: commercial source,99.7 % (total),chemical analysis,powder",99.7,Not Specified %,1971
2.95466,0.00810847,0.000162169,None kPa,N/A,19976,['C'],A,Vacuum adiabatic calorimetry,"origin: commercial source,99.7 % (total),chemical analysis,powder",99.7,Not Specified %,1971
3.09758,0.00946125,0.000189225,None kPa,N/A,19976,['C'],A,Vacuum adiabatic calorimetry,"origin: commercial source,99.7 % (total),chemical analysis,powder",99.7,Not Specified %,1971
3.17994,0.0104429,0.000208858,None kPa,N/A,19976,['C'],A,Vacuum adiabatic calorimetry,"origin: commercial source,99.7 % (total),chemical analysis,powder",99.7,Not Specified %,1971
3.25975,0.0119017,0.000238034,None kPa,N/A,19976,['C'],A,Vacuum adiabatic calorimetry,"origin: commercial source,99.7 % (total),chemical analysis,powder",99.7,Not Specified %,1971
3.39765,0.014121,0.000282419,None kPa,N/A,19976,['C'],A,Vacuum adiabatic calorimetry,"origin: commercial source,99.7 % (total),chemical analysis,powder",99.7,Not Specified %,1971
3.54683,0.0163292,0.000326585,None kPa,N/A,19976,['C'],A,Vacuum adiabatic calorimetry,"origin: commercial source,99.7 % (total),chemical analysis,powder",99.7,Not Specified %,1971
3.6104,0.0180715,0.00036143,None kPa,N/A,19976,['C'],A,Vacuum adiabatic calorimetry,"origin: commercial source,99.7 % (total),chemical analysis,powder",99.7,Not Specified %,1971
3.70486,0.0195654,0.000391307,None kPa,N/A,19976,['C'],A,Vacuum adiabatic calorimetry,"origin: commercial source,99.7 % (total),chemical analysis,powder",99.7,Not Specified %,1971
3.80487,0.020837,0.000416739,None kPa,N/A,19976,['C'],A,Vacuum adiabatic calorimetry,"origin: commercial source,99.7 % (total),chemical analysis,powder",99.7,Not Specified %,1971
3.84968,0.0220101,0.000440203,None kPa,N/A,19976,['C'],A,Vacuum adiabatic calorimetry,"origin: commercial source,99.7 % (total),chemical analysis,powder",99.7,Not Specified %,1971
3.9309,0.0236927,0.000473855,None kPa,N/A,19976,['C'],A,Vacuum adiabatic calorimetry,"origin: commercial source,99.7 % (total),chemical analysis,powder",99.7,Not Specified %,1971
4.05253,0.0271228,0.000542455,None kPa,N/A,19976,['C'],A,Vacuum adiabatic calorimetry,"origin: commercial source,99.7 % (total),chemical analysis,powder",99.7,Not Specified %,1971
4.09512,0.0278312,0.000556625,None kPa,N/A,19976,['C'],A,Vacuum adiabatic calorimetry,"origin: commercial source,99.7 % (total),chemical analysis,powder",99.7,Not Specified %,1971
4.33463,0.0322973,0.000645946,None kPa,N/A,19976,['C'],A,Vacuum adiabatic calorimetry,"origin: commercial source,99.7 % (total),chemical analysis,powder",99.7,Not Specified %,1971
4.36749,0.0333943,0.000667886,None kPa,N/A,19976,['C'],A,Vacuum adiabatic calorimetry,"origin: commercial source,99.7 % (total),chemical analysis,powder",99.7,Not Specified %,1971
4.46509,0.0359346,0.000718691,None kPa,N/A,19976,['C'],A,Vacuum adiabatic calorimetry,"origin: commercial source,99.7 % (total),chemical analysis,powder",99.7,Not Specified %,1971
4.497,0.03712,0.000742401,None kPa,N/A,19976,['C'],A,Vacuum adiabatic calorimetry,"origin: commercial source,99.7 % (total),chemical analysis,powder",99.7,Not Specified %,1971
4.54786,0.0384799,0.000769597,None kPa,N/A,19976,['C'],A,Vacuum adiabatic calorimetry,"origin: commercial source,99.7 % (total),chemical analysis,powder",99.7,Not Specified %,1971
4.70287,0.0435698,0.000871395,None kPa,N/A,19976,['C'],A,Vacuum adiabatic calorimetry,"origin: commercial source,99.7 % (total),chemical analysis,powder",99.7,Not Specified %,1971
5.16866,0.0590989,0.00118198,None kPa,N/A,19976,['C'],A,Vacuum adiabatic calorimetry,"origin: commercial source,99.7 % (total),chemical analysis,powder",99.7,Not Specified %,1971
5.41876,0.0678077,0.00135615,None kPa,N/A,19976,['C'],A,Vacuum adiabatic calorimetry,"origin: commercial source,99.7 % (total),chemical analysis,powder",99.7,Not Specified %,1971
5.64207,0.0774674,0.00154935,None kPa,N/A,19976,['C'],A,Vacuum adiabatic calorimetry,"origin: commercial source,99.7 % (total),chemical analysis,powder",99.7,Not Specified %,1971
5.86234,0.0864155,0.00172831,None kPa,N/A,19976,['C'],A,Vacuum adiabatic calorimetry,"origin: commercial source,99.7 % (total),chemical analysis,powder",99.7,Not Specified %,1971
6.10754,0.0976033,0.00195207,None kPa,N/A,19976,['C'],A,Vacuum adiabatic calorimetry,"origin: commercial source,99.7 % (total),chemical analysis,powder",99.7,Not Specified %,1971
6.62337,0.122732,0.00245465,None kPa,N/A,19976,['C'],A,Vacuum adiabatic calorimetry,"origin: commercial source,99.7 % (total),chemical analysis,powder",99.7,Not Specified %,1971
6.84544,0.135885,0.00271771,None kPa,N/A,19976,['C'],A,Vacuum adiabatic calorimetry,"origin: commercial source,99.7 % (total),chemical analysis,powder",99.7,Not Specified %,1971
7.14976,0.154733,0.00309466,None kPa,N/A,19976,['C'],A,Vacuum adiabatic calorimetry,"origin: commercial source,99.7 % (total),chemical analysis,powder",99.7,Not Specified %,1971
7.43048,0.171647,0.00343294,None kPa,N/A,19976,['C'],A,Vacuum adiabatic calorimetry,"origin: commercial source,99.7 % (total),chemical analysis,powder",99.7,Not Specified %,1971
7.74932,0.193251,0.00386502,None kPa,N/A,19976,['C'],A,Vacuum adiabatic calorimetry,"origin: commercial source,99.7 % (total),chemical analysis,powder",99.7,Not Specified %,1971
8.02309,0.214265,0.00428531,None kPa,N/A,19976,['C'],A,Vacuum adiabatic calorimetry,"origin: commercial source,99.7 % (total),chemical analysis,powder",99.7,Not Specified %,1971
8.34728,0.237594,0.00475189,None kPa,N/A,19976,['C'],A,Vacuum adiabatic calorimetry,"origin: commercial source,99.7 % (total),chemical analysis,powder",99.7,Not Specified %,1971
8.67243,0.26418,0.00528361,None kPa,N/A,19976,['C'],A,Vacuum adiabatic calorimetry,"origin: commercial source,99.7 % (total),chemical analysis,powder",99.7,Not Specified %,1971
8.7054,0.268182,0.00536364,None kPa,N/A,19976,['C'],A,Vacuum adiabatic calorimetry,"origin: commercial source,99.7 % (total),chemical analysis,powder",99.7,Not Specified %,1971
9.12661,0.184463,0.00368927,None kPa,N/A,19976,['C'],A,Vacuum adiabatic calorimetry,"origin: commercial source,99.7 % (total),chemical analysis,powder",99.7,Not Specified %,1971
9.19348,0.168033,0.00336066,None kPa,N/A,19977,['C'],A,Vacuum adiabatic calorimetry,"origin: commercial source,99.7 % (total),chemical analysis,powder",99.7,Not Specified %,1971
9.29231,0.17173,0.0034346,None kPa,N/A,19977,['C'],A,Vacuum adiabatic calorimetry,"origin: commercial source,99.7 % (total),chemical analysis,powder",99.7,Not Specified %,1971
9.44627,0.178688,0.00357377,None kPa,N/A,19977,['C'],A,Vacuum adiabatic calorimetry,"origin: commercial source,99.7 % (total),chemical analysis,powder",99.7,Not Specified %,1971
9.68514,0.187994,0.00375989,None kPa,N/A,19977,['C'],A,Vacuum adiabatic calorimetry,"origin: commercial source,99.7 % (total),chemical analysis,powder",99.7,Not Specified %,1971
9.77522,0.192084,0.00384168,None kPa,N/A,19977,['C'],A,Vacuum adiabatic calorimetry,"origin: commercial source,99.7 % (total),chemical analysis,powder",99.7,Not Specified %,1971
9.82171,0.19492,0.00389839,None kPa,N/A,19977,['C'],A,Vacuum adiabatic calorimetry,"origin: commercial source,99.7 % (total),chemical analysis,powder",99.7,Not Specified %,1971
9.92356,0.199104,0.00398209,None kPa,N/A,19977,['C'],A,Vacuum adiabatic calorimetry,"origin: commercial source,99.7 % (total),chemical analysis,powder",99.7,Not Specified %,1971
10.1655,0.209866,0.00419733,None kPa,N/A,19977,['C'],A,Vacuum adiabatic calorimetry,"origin: commercial source,99.7 % (total),chemical analysis,powder",99.7,Not Specified %,1971
10.2441,0.215052,0.00430103,None kPa,N/A,19977,['C'],A,Vacuum adiabatic calorimetry,"origin: commercial source,99.7 % (total),chemical analysis,powder",99.7,Not Specified %,1971
10.3453,0.219433,0.00438866,None kPa,N/A,19977,['C'],A,Vacuum adiabatic calorimetry,"origin: commercial source,99.7 % (total),chemical analysis,powder",99.7,Not Specified %,1971
10.3491,0.217123,0.00434246,None kPa,N/A,19977,['C'],A,Vacuum adiabatic calorimetry,"origin: commercial source,99.7 % (total),chemical analysis,powder",99.7,Not Specified %,1971
10.6346,0.232066,0.00464133,None kPa,N/A,19977,['C'],A,Vacuum adiabatic calorimetry,"origin: commercial source,99.7 % (total),chemical analysis,powder",99.7,Not Specified %,1971
10.7712,0.238493,0.00476986,None kPa,N/A,19977,['C'],A,Vacuum adiabatic calorimetry,"origin: commercial source,99.7 % (total),chemical analysis,powder",99.7,Not Specified %,1971
10.8018,0.23933,0.00478661,None kPa,N/A,19977,['C'],A,Vacuum adiabatic calorimetry,"origin: commercial source,99.7 % (total),chemical analysis,powder",99.7,Not Specified %,1971
11.2135,0.26043,0.00520859,None kPa,N/A,19977,['C'],A,Vacuum adiabatic calorimetry,"origin: commercial source,99.7 % (total),chemical analysis,powder",99.7,Not Specified %,1971
11.2933,0.262541,0.00525083,None kPa,N/A,19977,['C'],A,Vacuum adiabatic calorimetry,"origin: commercial source,99.7 % (total),chemical analysis,powder",99.7,Not Specified %,1971
11.6688,0.28432,0.0056864,None kPa,N/A,19977,['C'],A,Vacuum adiabatic calorimetry,"origin: commercial source,99.7 % (total),chemical analysis,powder",99.7,Not Specified %,1971
11.7748,0.289476,0.00578953,None kPa,N/A,19977,['C'],A,Vacuum adiabatic calorimetry,"origin: commercial source,99.7 % (total),chemical analysis,powder",99.7,Not Specified %,1971
12.1852,0.312851,0.00625702,None kPa,N/A,19977,['C'],A,Vacuum adiabatic calorimetry,"origin: commercial source,99.7 % (total),chemical analysis,powder",99.7,Not Specified %,1971
12.345,0.318681,0.00637362,None kPa,N/A,19977,['C'],A,Vacuum adiabatic calorimetry,"origin: commercial source,99.7 % (total),chemical analysis,powder",99.7,Not Specified %,1971
12.7454,0.346688,0.00693375,None kPa,N/A,19977,['C'],A,Vacuum adiabatic calorimetry,"origin: commercial source,99.7 % (total),chemical analysis,powder",99.7,Not Specified %,1971
12.7754,0.348251,0.00696502,None kPa,N/A,19977,['C'],A,Vacuum adiabatic calorimetry,"origin: commercial source,99.7 % (total),chemical analysis,powder",99.7,Not Specified %,1971
13.3314,0.382896,0.00765792,None kPa,N/A,19977,['C'],A,Vacuum adiabatic calorimetry,"origin: commercial source,99.7 % (total),chemical analysis,powder",99.7,Not Specified %,1971
13.3642,0.386933,0.00773866,None kPa,N/A,19977,['C'],A,Vacuum adiabatic calorimetry,"origin: commercial source,99.7 % (total),chemical analysis,powder",99.7,Not Specified %,1971
13.9375,0.42402,0.00848039,None kPa,N/A,19977,['C'],A,Vacuum adiabatic calorimetry,"origin: commercial source,99.7 % (total),chemical analysis,powder",99.7,Not Specified %,1971
2.43774,0.0202074,0.000404149,None kPa,N/A,19978,['C'],A,Vacuum adiabatic calorimetry,"origin: commercial source,99.7 % (total),chemical analysis,powder",99.7,Not Specified %,1971
2.5316,0.0210875,0.000421749,None kPa,N/A,19978,['C'],A,Vacuum adiabatic calorimetry,"origin: commercial source,99.7 % (total),chemical analysis,powder",99.7,Not Specified %,1971
2.67167,0.0223928,0.000447857,None kPa,N/A,19978,['C'],A,Vacuum adiabatic calorimetry,"origin: commercial source,99.7 % (total),chemical analysis,powder",99.7,Not Specified %,1971
2.8715,0.0243652,0.000487305,None kPa,N/A,19978,['C'],A,Vacuum adiabatic calorimetry,"origin: commercial source,99.7 % (total),chemical analysis,powder",99.7,Not Specified %,1971
2.94668,0.0250541,0.000501082,None kPa,N/A,19978,['C'],A,Vacuum adiabatic calorimetry,"origin: commercial source,99.7 % (total),chemical analysis,powder",99.7,Not Specified %,1971
3.0583,0.0262846,0.000525691,None kPa,N/A,19978,['C'],A,Vacuum adiabatic calorimetry,"origin: commercial source,99.7 % (total),chemical analysis,powder",99.7,Not Specified %,1971
3.23432,0.0282065,0.000564129,None kPa,N/A,19978,['C'],A,Vacuum adiabatic calorimetry,"origin: commercial source,99.7 % (total),chemical analysis,powder",99.7,Not Specified %,1971
3.34937,0.0296332,0.000592665,None kPa,N/A,19978,['C'],A,Vacuum adiabatic calorimetry,"origin: commercial source,99.7 % (total),chemical analysis,powder",99.7,Not Specified %,1971
3.48587,0.0310619,0.000621238,None kPa,N/A,19978,['C'],A,Vacuum adiabatic calorimetry,"origin: commercial source,99.7 % (total),chemical analysis,powder",99.7,Not Specified %,1971
3.62523,0.0326999,0.000653999,None kPa,N/A,19978,['C'],A,Vacuum adiabatic calorimetry,"origin: commercial source,99.7 % (total),chemical analysis,powder",99.7,Not Specified %,1971
3.68897,0.0335294,0.000670588,None kPa,N/A,19978,['C'],A,Vacuum adiabatic calorimetry,"origin: commercial source,99.7 % (total),chemical analysis,powder",99.7,Not Specified %,1971
3.83617,0.0352866,0.000705733,None kPa,N/A,19978,['C'],A,Vacuum adiabatic calorimetry,"origin: commercial source,99.7 % (total),chemical analysis,powder",99.7,Not Specified %,1971
3.9077,0.0361243,0.000722486,None kPa,N/A,19978,['C'],A,Vacuum adiabatic calorimetry,"origin: commercial source,99.7 % (total),chemical analysis,powder",99.7,Not Specified %,1971
3.98522,0.0372303,0.000744607,None kPa,N/A,19978,['C'],A,Vacuum adiabatic calorimetry,"origin: commercial source,99.7 % (total),chemical analysis,powder",99.7,Not Specified %,1971
4.04329,0.0380983,0.000761966,None kPa,N/A,19978,['C'],A,Vacuum adiabatic calorimetry,"origin: commercial source,99.7 % (total),chemical analysis,powder",99.7,Not Specified %,1971
4.11826,0.0391832,0.000783664,None kPa,N/A,19978,['C'],A,Vacuum adiabatic calorimetry,"origin: commercial source,99.7 % (total),chemical analysis,powder",99.7,Not Specified %,1971
4.23344,0.0406931,0.000813862,None kPa,N/A,19978,['C'],A,Vacuum adiabatic calorimetry,"origin: commercial source,99.7 % (total),chemical analysis,powder",99.7,Not Specified %,1971
4.28139,0.0412037,0.000824073,None kPa,N/A,19978,['C'],A,Vacuum adiabatic calorimetry,"origin: commercial source,99.7 % (total),chemical analysis,powder",99.7,Not Specified %,1971
4.35559,0.0424187,0.000848374,None kPa,N/A,19978,['C'],A,Vacuum adiabatic calorimetry,"origin: commercial source,99.7 % (total),chemical analysis,powder",99.7,Not Specified %,1971
4.40547,0.0433093,0.000866187,None kPa,N/A,19978,['C'],A,Vacuum adiabatic calorimetry,"origin: commercial source,99.7 % (total),chemical analysis,powder",99.7,Not Specified %,1971
4.59019,0.0458119,0.000916238,None kPa,N/A,19978,['C'],A,Vacuum adiabatic calorimetry,"origin: commercial source,99.7 % (total),chemical analysis,powder",99.7,Not Specified %,1971
4.6218,0.0464726,0.000929452,None kPa,N/A,19978,['C'],A,Vacuum adiabatic calorimetry,"origin: commercial source,99.7 % (total),chemical analysis,powder",99.7,Not Specified %,1971
4.90328,0.0509947,0.00101989,None kPa,N/A,19978,['C'],A,Vacuum adiabatic calorimetry,"origin: commercial source,99.7 % (total),chemical analysis,powder",99.7,Not Specified %,1971
4.9477,0.0514852,0.0010297,None kPa,N/A,19978,['C'],A,Vacuum adiabatic calorimetry,"origin: commercial source,99.7 % (total),chemical analysis,powder",99.7,Not Specified %,1971
4.97408,0.0522741,0.00104548,None kPa,N/A,19978,['C'],A,Vacuum adiabatic calorimetry,"origin: commercial source,99.7 % (total),chemical analysis,powder",99.7,Not Specified %,1971
5.0928,0.054166,0.00108332,None kPa,N/A,19978,['C'],A,Vacuum adiabatic calorimetry,"origin: commercial source,99.7 % (total),chemical analysis,powder",99.7,Not Specified %,1971
5.20895,0.056364,0.00112728,None kPa,N/A,19978,['C'],A,Vacuum adiabatic calorimetry,"origin: commercial source,99.7 % (total),chemical analysis,powder",99.7,Not Specified %,1971
5.24234,0.0569344,0.00113869,None kPa,N/A,19978,['C'],A,Vacuum adiabatic calorimetry,"origin: commercial source,99.7 % (total),chemical analysis,powder",99.7,Not Specified %,1971
5.31193,0.0581136,0.00116227,None kPa,N/A,19978,['C'],A,Vacuum adiabatic calorimetry,"origin: commercial source,99.7 % (total),chemical analysis,powder",99.7,Not Specified %,1971
5.58485,0.0634049,0.0012681,None kPa,N/A,19978,['C'],A,Vacuum adiabatic calorimetry,"origin: commercial source,99.7 % (total),chemical analysis,powder",99.7,Not Specified %,1971
5.70679,0.0659876,0.00131975,None kPa,N/A,19978,['C'],A,Vacuum adiabatic calorimetry,"origin: commercial source,99.7 % (total),chemical analysis,powder",99.7,Not Specified %,1971
5.80092,0.0677699,0.0013554,None kPa,N/A,19978,['C'],A,Vacuum adiabatic calorimetry,"origin: commercial source,99.7 % (total),chemical analysis,powder",99.7,Not Specified %,1971
5.92154,0.0700163,0.00140033,None kPa,N/A,19978,['C'],A,Vacuum adiabatic calorimetry,"origin: commercial source,99.7 % (total),chemical analysis,powder",99.7,Not Specified %,1971
5.94318,0.0707019,0.00141404,None kPa,N/A,19978,['C'],A,Vacuum adiabatic calorimetry,"origin: commercial source,99.7 % (total),chemical analysis,powder",99.7,Not Specified %,1971
6.03817,0.0729031,0.00145806,None kPa,N/A,19978,['C'],A,Vacuum adiabatic calorimetry,"origin: commercial source,99.7 % (total),chemical analysis,powder",99.7,Not Specified %,1971
6.16905,0.0753784,0.00150757,None kPa,N/A,19978,['C'],A,Vacuum adiabatic calorimetry,"origin: commercial source,99.7 % (total),chemical analysis,powder",99.7,Not Specified %,1971
6.1928,0.0760272,0.00152054,None kPa,N/A,19978,['C'],A,Vacuum adiabatic calorimetry,"origin: commercial source,99.7 % (total),chemical analysis,powder",99.7,Not Specified %,1971
6.29428,0.0779804,0.00155961,None kPa,N/A,19978,['C'],A,Vacuum adiabatic calorimetry,"origin: commercial source,99.7 % (total),chemical analysis,powder",99.7,Not Specified %,1971
6.43739,0.0802788,0.00160558,None kPa,N/A,19978,['C'],A,Vacuum adiabatic calorimetry,"origin: commercial source,99.7 % (total),chemical analysis,powder",99.7,Not Specified %,1971
6.48876,0.0820757,0.00164151,None kPa,N/A,19978,['C'],A,Vacuum adiabatic calorimetry,"origin: commercial source,99.7 % (total),chemical analysis,powder",99.7,Not Specified %,1971
6.55317,0.0839454,0.00167891,None kPa,N/A,19978,['C'],A,Vacuum adiabatic calorimetry,"origin: commercial source,99.7 % (total),chemical analysis,powder",99.7,Not Specified %,1971
6.62797,0.0856685,0.00171337,None kPa,N/A,19978,['C'],A,Vacuum adiabatic calorimetry,"origin: commercial source,99.7 % (total),chemical analysis,powder",99.7,Not Specified %,1971
6.75137,0.0892059,0.00178412,None kPa,N/A,19978,['C'],A,Vacuum adiabatic calorimetry,"origin: commercial source,99.7 % (total),chemical analysis,powder",99.7,Not Specified %,1971
6.82825,0.0911271,0.00182254,None kPa,N/A,19978,['C'],A,Vacuum adiabatic calorimetry,"origin: commercial source,99.7 % (total),chemical analysis,powder",99.7,Not Specified %,1971
6.93361,0.0936932,0.00187386,None kPa,N/A,19978,['C'],A,Vacuum adiabatic calorimetry,"origin: commercial source,99.7 % (total),chemical analysis,powder",99.7,Not Specified %,1971
7.0065,0.0955266,0.00191053,None kPa,N/A,19978,['C'],A,Vacuum adiabatic calorimetry,"origin: commercial source,99.7 % (total),chemical analysis,powder",99.7,Not Specified %,1971
7.03122,0.0964697,0.00192939,None kPa,N/A,19978,['C'],A,Vacuum adiabatic calorimetry,"origin: commercial source,99.7 % (total),chemical analysis,powder",99.7,Not Specified %,1971
7.11316,0.0989042,0.00197808,None kPa,N/A,19978,['C'],A,Vacuum adiabatic calorimetry,"origin: commercial source,99.7 % (total),chemical analysis,powder",99.7,Not Specified %,1971
7.18805,0.101269,0.00202539,None kPa,N/A,19978,['C'],A,Vacuum adiabatic calorimetry,"origin: commercial source,99.7 % (total),chemical analysis,powder",99.7,Not Specified %,1971
7.25837,0.102972,0.00205945,None kPa,N/A,19978,['C'],A,Vacuum adiabatic calorimetry,"origin: commercial source,99.7 % (total),chemical analysis,powder",99.7,Not Specified %,1971
7.33403,0.104682,0.00209365,None kPa,N/A,19978,['C'],A,Vacuum adiabatic calorimetry,"origin: commercial source,99.7 % (total),chemical analysis,powder",99.7,Not Specified %,1971
7.46907,0.108975,0.0021795,None kPa,N/A,19978,['C'],A,Vacuum adiabatic calorimetry,"origin: commercial source,99.7 % (total),chemical analysis,powder",99.7,Not Specified %,1971
7.4942,0.109816,0.00219632,None kPa,N/A,19978,['C'],A,Vacuum adiabatic calorimetry,"origin: commercial source,99.7 % (total),chemical analysis,powder",99.7,Not Specified %,1971
7.57694,0.112382,0.00224764,None kPa,N/A,19978,['C'],A,Vacuum adiabatic calorimetry,"origin: commercial source,99.7 % (total),chemical analysis,powder",99.7,Not Specified %,1971
7.62843,0.113762,0.00227524,None kPa,N/A,19978,['C'],A,Vacuum adiabatic calorimetry,"origin: commercial source,99.7 % (total),chemical analysis,powder",99.7,Not Specified %,1971
7.77895,0.118784,0.00237567,None kPa,N/A,19978,['C'],A,Vacuum adiabatic calorimetry,"origin: commercial source,99.7 % (total),chemical analysis,powder",99.7,Not Specified %,1971
7.85315,0.120913,0.00241827,None kPa,N/A,19978,['C'],A,Vacuum adiabatic calorimetry,"origin: commercial source,99.7 % (total),chemical analysis,powder",99.7,Not Specified %,1971
7.91941,0.122847,0.00245695,None kPa,N/A,19978,['C'],A,Vacuum adiabatic calorimetry,"origin: commercial source,99.7 % (total),chemical analysis,powder",99.7,Not Specified %,1971
8.13074,0.12992,0.00259841,None kPa,N/A,19978,['C'],A,Vacuum adiabatic calorimetry,"origin: commercial source,99.7 % (total),chemical analysis,powder",99.7,Not Specified %,1971
8.21243,0.132269,0.00264537,None kPa,N/A,19978,['C'],A,Vacuum adiabatic calorimetry,"origin: commercial source,99.7 % (total),chemical analysis,powder",99.7,Not Specified %,1971
8.4405,0.140415,0.00280831,None kPa,N/A,19978,['C'],A,Vacuum adiabatic calorimetry,"origin: commercial source,99.7 % (total),chemical analysis,powder",99.7,Not Specified %,1971
8.52924,0.143954,0.00287908,None kPa,N/A,19978,['C'],A,Vacuum adiabatic calorimetry,"origin: commercial source,99.7 % (total),chemical analysis,powder",99.7,Not Specified %,1971
8.76738,0.152271,0.00304542,None kPa,N/A,19978,['C'],A,Vacuum adiabatic calorimetry,"origin: commercial source,99.7 % (total),chemical analysis,powder",99.7,Not Specified %,1971
8.8757,0.157216,0.00314432,None kPa,N/A,19978,['C'],A,Vacuum adiabatic calorimetry,"origin: commercial source,99.7 % (total),chemical analysis,powder",99.7,Not Specified %,1971
8.92631,0.158733,0.00317466,None kPa,N/A,19978,['C'],A,Vacuum adiabatic calorimetry,"origin: commercial source,99.7 % (total),chemical analysis,powder",99.7,Not Specified %,1971
9.17753,0.167714,0.00335428,None kPa,N/A,19978,['C'],A,Vacuum adiabatic calorimetry,"origin: commercial source,99.7 % (total),chemical analysis,powder",99.7,Not Specified %,1971
9.29231,0.171686,0.00343371,None kPa,N/A,19978,['C'],A,Vacuum adiabatic calorimetry,"origin: commercial source,99.7 % (total),chemical analysis,powder",99.7,Not Specified %,1971
9.45183,0.17878,0.00357561,None kPa,N/A,19978,['C'],A,Vacuum adiabatic calorimetry,"origin: commercial source,99.7 % (total),chemical analysis,powder",99.7,Not Specified %,1971
9.6853,0.187987,0.00375974,None kPa,N/A,19978,['C'],A,Vacuum adiabatic calorimetry,"origin: commercial source,99.7 % (total),chemical analysis,powder",99.7,Not Specified %,1971
9.77282,0.191831,0.00383661,None kPa,N/A,19978,['C'],A,Vacuum adiabatic calorimetry,"origin: commercial source,99.7 % (total),chemical analysis,powder",99.7,Not Specified %,1971
9.83382,0.194916,0.00389832,None kPa,N/A,19978,['C'],A,Vacuum adiabatic calorimetry,"origin: commercial source,99.7 % (total),chemical analysis,powder",99.7,Not Specified %,1971
9.9223,0.19912,0.00398239,None kPa,N/A,19978,['C'],A,Vacuum adiabatic calorimetry,"origin: commercial source,99.7 % (total),chemical analysis,powder",99.7,Not Specified %,1971
10.163,0.209903,0.00419806,None kPa,N/A,19978,['C'],A,Vacuum adiabatic calorimetry,"origin: commercial source,99.7 % (total),chemical analysis,powder",99.7,Not Specified %,1971
10.2463,0.215364,0.00430728,None kPa,N/A,19978,['C'],A,Vacuum adiabatic calorimetry,"origin: commercial source,99.7 % (total),chemical analysis,powder",99.7,Not Specified %,1971
10.345,0.216983,0.00433966,None kPa,N/A,19978,['C'],A,Vacuum adiabatic calorimetry,"origin: commercial source,99.7 % (total),chemical analysis,powder",99.7,Not Specified %,1971
10.347,0.21919,0.00438381,None kPa,N/A,19978,['C'],A,Vacuum adiabatic calorimetry,"origin: commercial source,99.7 % (total),chemical analysis,powder",99.7,Not Specified %,1971
10.6302,0.23162,0.0046324,None kPa,N/A,19978,['C'],A,Vacuum adiabatic calorimetry,"origin: commercial source,99.7 % (total),chemical analysis,powder",99.7,Not Specified %,1971
10.7701,0.238317,0.00476635,None kPa,N/A,19978,['C'],A,Vacuum adiabatic calorimetry,"origin: commercial source,99.7 % (total),chemical analysis,powder",99.7,Not Specified %,1971
10.8066,0.238736,0.00477471,None kPa,N/A,19978,['C'],A,Vacuum adiabatic calorimetry,"origin: commercial source,99.7 % (total),chemical analysis,powder",99.7,Not Specified %,1971
11.2143,0.260161,0.00520322,None kPa,N/A,19978,['C'],A,Vacuum adiabatic calorimetry,"origin: commercial source,99.7 % (total),chemical analysis,powder",99.7,Not Specified %,1971
11.2983,0.262845,0.0052569,None kPa,N/A,19978,['C'],A,Vacuum adiabatic calorimetry,"origin: commercial source,99.7 % (total),chemical analysis,powder",99.7,Not Specified %,1971
11.673,0.28438,0.0056876,None kPa,N/A,19978,['C'],A,Vacuum adiabatic calorimetry,"origin: commercial source,99.7 % (total),chemical analysis,powder",99.7,Not Specified %,1971
11.7694,0.289209,0.00578417,None kPa,N/A,19978,['C'],A,Vacuum adiabatic calorimetry,"origin: commercial source,99.7 % (total),chemical analysis,powder",99.7,Not Specified %,1971
12.1923,0.312556,0.00625111,None kPa,N/A,19978,['C'],A,Vacuum adiabatic calorimetry,"origin: commercial source,99.7 % (total),chemical analysis,powder",99.7,Not Specified %,1971
12.3464,0.318677,0.00637354,None kPa,N/A,19978,['C'],A,Vacuum adiabatic calorimetry,"origin: commercial source,99.7 % (total),chemical analysis,powder",99.7,Not Specified %,1971
12.7426,0.346731,0.00693463,None kPa,N/A,19978,['C'],A,Vacuum adiabatic calorimetry,"origin: commercial source,99.7 % (total),chemical analysis,powder",99.7,Not Specified %,1971
12.7679,0.348123,0.00696246,None kPa,N/A,19978,['C'],A,Vacuum adiabatic calorimetry,"origin: commercial source,99.7 % (total),chemical analysis,powder",99.7,Not Specified %,1971
13.3344,0.383001,0.00766002,None kPa,N/A,19978,['C'],A,Vacuum adiabatic calorimetry,"origin: commercial source,99.7 % (total),chemical analysis,powder",99.7,Not Specified %,1971
13.3705,0.387573,0.00775146,None kPa,N/A,19978,['C'],A,Vacuum adiabatic calorimetry,"origin: commercial source,99.7 % (total),chemical analysis,powder",99.7,Not Specified %,1971
13.9375,0.423185,0.00846369,None kPa,N/A,19978,['C'],A,Vacuum adiabatic calorimetry,"origin: commercial source,99.7 % (total),chemical analysis,powder",99.7,Not Specified %,1971
1100.0,27.447,2.7447,None kPa,N/A,21035,['C'],A,Modulated Laser Heating,"not stated,99.53 % (total),,rod",99.53,Not Specified %,1973
1200.0,28.1165,2.81165,None kPa,N/A,21035,['C'],A,Modulated Laser Heating,"not stated,99.53 % (total),,rod",99.53,Not Specified %,1973
1300.0,28.7859,2.87859,None kPa,N/A,21035,['C'],A,Modulated Laser Heating,"not stated,99.53 % (total),,rod",99.53,Not Specified %,1973
1400.0,29.4554,2.94554,None kPa,N/A,21035,['C'],A,Modulated Laser Heating,"not stated,99.53 % (total),,rod",99.53,Not Specified %,1973
1500.0,30.1248,3.01248,None kPa,N/A,21035,['C'],A,Modulated Laser Heating,"not stated,99.53 % (total),,rod",99.53,Not Specified %,1973
1600.0,30.7942,3.07942,None kPa,N/A,21035,['C'],A,Modulated Laser Heating,"not stated,99.53 % (total),,rod",99.53,Not Specified %,1973
1700.0,31.4637,3.14637,None kPa,N/A,21035,['C'],A,Modulated Laser Heating,"not stated,99.53 % (total),,rod",99.53,Not Specified %,1973
1800.0,32.1331,3.21331,None kPa,N/A,21035,['C'],A,Modulated Laser Heating,"not stated,99.53 % (total),,rod",99.53,Not Specified %,1973
1900.0,32.8026,3.28026,None kPa,N/A,21035,['C'],A,Modulated Laser Heating,"not stated,99.53 % (total),,rod",99.53,Not Specified %,1973
2000.0,33.472,3.3472,None kPa,N/A,21035,['C'],A,Modulated Laser Heating,"not stated,99.53 % (total),,rod",99.53,Not Specified %,1973
2100.0,34.1833,3.41833,None kPa,N/A,21035,['C'],A,Modulated Laser Heating,"not stated,99.53 % (total),,rod",99.53,Not Specified %,1973
2200.0,34.8527,3.48527,None kPa,N/A,21035,['C'],A,Modulated Laser Heating,"not stated,99.53 % (total),,rod",99.53,Not Specified %,1973
2300.0,35.5222,3.55222,None kPa,N/A,21035,['C'],A,Modulated Laser Heating,"not stated,99.53 % (total),,rod",99.53,Not Specified %,1973
2400.0,36.1916,3.61916,None kPa,N/A,21035,['C'],A,Modulated Laser Heating,"not stated,99.53 % (total),,rod",99.53,Not Specified %,1973
1100.0,27.447,2.7447,None kPa,N/A,21036,['C'],A,Modulated Laser Heating,"not stated,99.2 % (total),,rod",99.2,Not Specified %,1973
1200.0,28.1165,2.81165,None kPa,N/A,21036,['C'],A,Modulated Laser Heating,"not stated,99.2 % (total),,rod",99.2,Not Specified %,1973
1300.0,28.7859,2.87859,None kPa,N/A,21036,['C'],A,Modulated Laser Heating,"not stated,99.2 % (total),,rod",99.2,Not Specified %,1973
1400.0,29.4554,2.94554,None kPa,N/A,21036,['C'],A,Modulated Laser Heating,"not stated,99.2 % (total),,rod",99.2,Not Specified %,1973
1500.0,30.1248,3.01248,None kPa,N/A,21036,['C'],A,Modulated Laser Heating,"not stated,99.2 % (total),,rod",99.2,Not Specified %,1973
1600.0,30.7942,3.07942,None kPa,N/A,21036,['C'],A,Modulated Laser Heating,"not stated,99.2 % (total),,rod",99.2,Not Specified %,1973
1700.0,31.4637,3.14637,None kPa,N/A,21036,['C'],A,Modulated Laser Heating,"not stated,99.2 % (total),,rod",99.2,Not Specified %,1973
1800.0,32.1331,3.21331,None kPa,N/A,21036,['C'],A,Modulated Laser Heating,"not stated,99.2 % (total),,rod",99.2,Not Specified %,1973
1900.0,32.8026,3.28026,None kPa,N/A,21036,['C'],A,Modulated Laser Heating,"not stated,99.2 % (total),,rod",99.2,Not Specified %,1973
2000.0,33.472,3.3472,None kPa,N/A,21036,['C'],A,Modulated Laser Heating,"not stated,99.2 % (total),,rod",99.2,Not Specified %,1973
2100.0,34.1833,3.41833,None kPa,N/A,21036,['C'],A,Modulated Laser Heating,"not stated,99.2 % (total),,rod",99.2,Not Specified %,1973
2200.0,34.8527,3.48527,None kPa,N/A,21036,['C'],A,Modulated Laser Heating,"not stated,99.2 % (total),,rod",99.2,Not Specified %,1973
2300.0,35.5222,3.55222,None kPa,N/A,21036,['C'],A,Modulated Laser Heating,"not stated,99.2 % (total),,rod",99.2,Not Specified %,1973
2400.0,36.1916,3.61916,None kPa,N/A,21036,['C'],A,Modulated Laser Heating,"not stated,99.2 % (total),,rod",99.2,Not Specified %,1973
1500.0,31.129,,None kPa,N/A,21037,['C'],A,Modulated Laser Heating,"not stated,99.62 % (total),,wire",99.62,Not Specified %,1973
1600.0,31.631,,None kPa,N/A,21037,['C'],A,Modulated Laser Heating,"not stated,99.62 % (total),,wire",99.62,Not Specified %,1973
1700.0,32.1331,,None kPa,N/A,21037,['C'],A,Modulated Laser Heating,"not stated,99.62 % (total),,wire",99.62,Not Specified %,1973
1800.0,32.6352,,None kPa,N/A,21037,['C'],A,Modulated Laser Heating,"not stated,99.62 % (total),,wire",99.62,Not Specified %,1973
1900.0,33.1791,,None kPa,N/A,21037,['C'],A,Modulated Laser Heating,"not stated,99.62 % (total),,wire",99.62,Not Specified %,1973
2000.0,33.723,,None kPa,N/A,21037,['C'],A,Modulated Laser Heating,"not stated,99.62 % (total),,wire",99.62,Not Specified %,1973
2100.0,34.3088,,None kPa,N/A,21037,['C'],A,Modulated Laser Heating,"not stated,99.62 % (total),,wire",99.62,Not Specified %,1973
2200.0,34.8527,,None kPa,N/A,21037,['C'],A,Modulated Laser Heating,"not stated,99.62 % (total),,wire",99.62,Not Specified %,1973
2300.0,35.313,,None kPa,N/A,21037,['C'],A,Modulated Laser Heating,"not stated,99.62 % (total),,wire",99.62,Not Specified %,1973
2400.0,35.9824,,None kPa,N/A,21037,['C'],A,Modulated Laser Heating,"not stated,99.62 % (total),,wire",99.62,Not Specified %,1973
1300.0,27.6,1.932,None kPa,N/A,21175,['C'],A,modulation method,not stated,,,1973
1400.0,28.1,1.967,None kPa,N/A,21175,['C'],A,modulation method,not stated,,,1973
1500.0,28.65,2.0055,None kPa,N/A,21175,['C'],A,modulation method,not stated,,,1973
1600.0,29.15,2.0405,None kPa,N/A,21175,['C'],A,modulation method,not stated,,,1973
1700.0,29.65,2.0755,None kPa,N/A,21175,['C'],A,modulation method,not stated,,,1973
1800.0,30.2,2.114,None kPa,N/A,21175,['C'],A,modulation method,not stated,,,1973
1900.0,30.8,2.156,None kPa,N/A,21175,['C'],A,modulation method,not stated,,,1973
2000.0,31.55,2.2085,None kPa,N/A,21175,['C'],A,modulation method,not stated,,,1973
2100.0,32.4,2.268,None kPa,N/A,21175,['C'],A,modulation method,not stated,,,1973
2200.0,33.3,2.331,None kPa,N/A,21175,['C'],A,modulation method,not stated,,,1973
2300.0,34.35,2.4045,None kPa,N/A,21175,['C'],A,modulation method,not stated,,,1973
2400.0,35.6,2.492,None kPa,N/A,21175,['C'],A,modulation method,not stated,,,1973
2500.0,36.95,2.5865,None kPa,N/A,21175,['C'],A,modulation method,not stated,,,1973
2600.0,38.5,2.695,None kPa,N/A,21175,['C'],A,modulation method,not stated,,,1973
2700.0,40.6,2.842,None kPa,N/A,21175,['C'],A,modulation method,not stated,,,1973
2.55633,0.0028812,8.6436e-05,None kPa,N/A,23449,['C'],A,Vacuum adiabatic calorimetry,"origin: commercial source,99.94 % (total),,chunk",99.94,Not Specified %,1979
2.68464,0.0047924,0.000143772,None kPa,N/A,23449,['C'],A,Vacuum adiabatic calorimetry,"origin: commercial source,99.94 % (total),,chunk",99.94,Not Specified %,1979
2.81034,0.005929,0.00017787,None kPa,N/A,23449,['C'],A,Vacuum adiabatic calorimetry,"origin: commercial source,99.94 % (total),,chunk",99.94,Not Specified %,1979
2.96105,0.0073114,0.000219342,None kPa,N/A,23449,['C'],A,Vacuum adiabatic calorimetry,"origin: commercial source,99.94 % (total),,chunk",99.94,Not Specified %,1979
3.07011,0.0087299,0.000261897,None kPa,N/A,23449,['C'],A,Vacuum adiabatic calorimetry,"origin: commercial source,99.94 % (total),,chunk",99.94,Not Specified %,1979
3.18416,0.0102119,0.000306357,None kPa,N/A,23449,['C'],A,Vacuum adiabatic calorimetry,"origin: commercial source,99.94 % (total),,chunk",99.94,Not Specified %,1979
3.28248,0.0115754,0.000347262,None kPa,N/A,23449,['C'],A,Vacuum adiabatic calorimetry,"origin: commercial source,99.94 % (total),,chunk",99.94,Not Specified %,1979
3.47029,0.0142192,0.000426576,None kPa,N/A,23449,['C'],A,Vacuum adiabatic calorimetry,"origin: commercial source,99.94 % (total),,chunk",99.94,Not Specified %,1979
3.54016,0.0152782,0.000458346,None kPa,N/A,23449,['C'],A,Vacuum adiabatic calorimetry,"origin: commercial source,99.94 % (total),,chunk",99.94,Not Specified %,1979
3.79215,0.0194863,0.000584589,None kPa,N/A,23449,['C'],A,Vacuum adiabatic calorimetry,"origin: commercial source,99.94 % (total),,chunk",99.94,Not Specified %,1979
3.85209,0.0206333,0.000618999,None kPa,N/A,23449,['C'],A,Vacuum adiabatic calorimetry,"origin: commercial source,99.94 % (total),,chunk",99.94,Not Specified %,1979
4.07792,0.0254311,0.000762933,None kPa,N/A,23449,['C'],A,Vacuum adiabatic calorimetry,"origin: commercial source,99.94 % (total),,chunk",99.94,Not Specified %,1979
4.21312,0.0285064,0.000855192,None kPa,N/A,23449,['C'],A,Vacuum adiabatic calorimetry,"origin: commercial source,99.94 % (total),,chunk",99.94,Not Specified %,1979
4.37671,0.0322288,0.000966864,None kPa,N/A,23449,['C'],A,Vacuum adiabatic calorimetry,"origin: commercial source,99.94 % (total),,chunk",99.94,Not Specified %,1979
4.51404,0.0358081,0.00107424,None kPa,N/A,23449,['C'],A,Vacuum adiabatic calorimetry,"origin: commercial source,99.94 % (total),,chunk",99.94,Not Specified %,1979
4.63752,0.0397496,0.00119249,None kPa,N/A,23449,['C'],A,Vacuum adiabatic calorimetry,"origin: commercial source,99.94 % (total),,chunk",99.94,Not Specified %,1979
4.7346,0.0430725,0.00129218,None kPa,N/A,23449,['C'],A,Vacuum adiabatic calorimetry,"origin: commercial source,99.94 % (total),,chunk",99.94,Not Specified %,1979
4.89873,0.0478748,0.00143624,None kPa,N/A,23449,['C'],A,Vacuum adiabatic calorimetry,"origin: commercial source,99.94 % (total),,chunk",99.94,Not Specified %,1979
5.00591,0.0515298,0.00154589,None kPa,N/A,23449,['C'],A,Vacuum adiabatic calorimetry,"origin: commercial source,99.94 % (total),,chunk",99.94,Not Specified %,1979
5.20868,0.0580288,0.00174086,None kPa,N/A,23449,['C'],A,Vacuum adiabatic calorimetry,"origin: commercial source,99.94 % (total),,chunk",99.94,Not Specified %,1979
5.29562,0.0615764,0.00184729,None kPa,N/A,23449,['C'],A,Vacuum adiabatic calorimetry,"origin: commercial source,99.94 % (total),,chunk",99.94,Not Specified %,1979
5.5259,0.0697192,0.00209158,None kPa,N/A,23449,['C'],A,Vacuum adiabatic calorimetry,"origin: commercial source,99.94 % (total),,chunk",99.94,Not Specified %,1979
5.61996,0.0731506,0.00219452,None kPa,N/A,23449,['C'],A,Vacuum adiabatic calorimetry,"origin: commercial source,99.94 % (total),,chunk",99.94,Not Specified %,1979
5.83978,0.0816757,0.00245027,None kPa,N/A,23449,['C'],A,Vacuum adiabatic calorimetry,"origin: commercial source,99.94 % (total),,chunk",99.94,Not Specified %,1979
5.91069,0.0859634,0.0025789,None kPa,N/A,23449,['C'],A,Vacuum adiabatic calorimetry,"origin: commercial source,99.94 % (total),,chunk",99.94,Not Specified %,1979
6.13031,0.0954097,0.00286229,None kPa,N/A,23449,['C'],A,Vacuum adiabatic calorimetry,"origin: commercial source,99.94 % (total),,chunk",99.94,Not Specified %,1979
6.23226,0.10013,0.0030039,None kPa,N/A,23449,['C'],A,Vacuum adiabatic calorimetry,"origin: commercial source,99.94 % (total),,chunk",99.94,Not Specified %,1979
6.45301,0.110861,0.00332582,None kPa,N/A,23449,['C'],A,Vacuum adiabatic calorimetry,"origin: commercial source,99.94 % (total),,chunk",99.94,Not Specified %,1979
6.58053,0.117728,0.00353185,None kPa,N/A,23449,['C'],A,Vacuum adiabatic calorimetry,"origin: commercial source,99.94 % (total),,chunk",99.94,Not Specified %,1979
6.83787,0.131354,0.00394063,None kPa,N/A,23449,['C'],A,Vacuum adiabatic calorimetry,"origin: commercial source,99.94 % (total),,chunk",99.94,Not Specified %,1979
7.04261,0.143489,0.00430467,None kPa,N/A,23449,['C'],A,Vacuum adiabatic calorimetry,"origin: commercial source,99.94 % (total),,chunk",99.94,Not Specified %,1979
7.21001,0.154016,0.00462047,None kPa,N/A,23449,['C'],A,Vacuum adiabatic calorimetry,"origin: commercial source,99.94 % (total),,chunk",99.94,Not Specified %,1979
7.46738,0.169426,0.00508277,None kPa,N/A,23449,['C'],A,Vacuum adiabatic calorimetry,"origin: commercial source,99.94 % (total),,chunk",99.94,Not Specified %,1979
7.59863,0.178996,0.00536987,None kPa,N/A,23449,['C'],A,Vacuum adiabatic calorimetry,"origin: commercial source,99.94 % (total),,chunk",99.94,Not Specified %,1979
7.78631,0.190952,0.00572857,None kPa,N/A,23449,['C'],A,Vacuum adiabatic calorimetry,"origin: commercial source,99.94 % (total),,chunk",99.94,Not Specified %,1979
8.02609,0.208787,0.0062636,None kPa,N/A,23449,['C'],A,Vacuum adiabatic calorimetry,"origin: commercial source,99.94 % (total),,chunk",99.94,Not Specified %,1979
8.13178,0.218332,0.00654996,None kPa,N/A,23449,['C'],A,Vacuum adiabatic calorimetry,"origin: commercial source,99.94 % (total),,chunk",99.94,Not Specified %,1979
8.26105,0.228384,0.00685153,None kPa,N/A,23449,['C'],A,Vacuum adiabatic calorimetry,"origin: commercial source,99.94 % (total),,chunk",99.94,Not Specified %,1979
8.40302,0.239167,0.007175,None kPa,N/A,23449,['C'],A,Vacuum adiabatic calorimetry,"origin: commercial source,99.94 % (total),,chunk",99.94,Not Specified %,1979
8.51822,0.24796,0.00743881,None kPa,N/A,23449,['C'],A,Vacuum adiabatic calorimetry,"origin: commercial source,99.94 % (total),,chunk",99.94,Not Specified %,1979
8.64899,0.259176,0.00777527,None kPa,N/A,23449,['C'],A,Vacuum adiabatic calorimetry,"origin: commercial source,99.94 % (total),,chunk",99.94,Not Specified %,1979
8.77811,0.269535,0.00808606,None kPa,N/A,23449,['C'],A,Vacuum adiabatic calorimetry,"origin: commercial source,99.94 % (total),,chunk",99.94,Not Specified %,1979
8.8986,0.279299,0.00837898,None kPa,N/A,23449,['C'],A,Vacuum adiabatic calorimetry,"origin: commercial source,99.94 % (total),,chunk",99.94,Not Specified %,1979
8.97523,0.284831,0.00854492,None kPa,N/A,23449,['C'],A,Vacuum adiabatic calorimetry,"origin: commercial source,99.94 % (total),,chunk",99.94,Not Specified %,1979
9.02146,0.275614,0.00826841,None kPa,N/A,23449,['C'],A,Vacuum adiabatic calorimetry,"origin: commercial source,99.94 % (total),,chunk",99.94,Not Specified %,1979
9.12806,0.241984,0.00725951,None kPa,N/A,23449,['C'],A,Vacuum adiabatic calorimetry,"origin: commercial source,99.94 % (total),,chunk",99.94,Not Specified %,1979
9.26524,0.208589,0.00625768,None kPa,N/A,23449,['C'],A,Vacuum adiabatic calorimetry,"origin: commercial source,99.94 % (total),,chunk",99.94,Not Specified %,1979
9.38037,0.179296,0.00537889,None kPa,N/A,23449,['C'],A,Vacuum adiabatic calorimetry,"origin: commercial source,99.94 % (total),,chunk",99.94,Not Specified %,1979
9.54649,0.185475,0.00556425,None kPa,N/A,23449,['C'],A,Vacuum adiabatic calorimetry,"origin: commercial source,99.94 % (total),,chunk",99.94,Not Specified %,1979
9.68043,0.191321,0.00573964,None kPa,N/A,23449,['C'],A,Vacuum adiabatic calorimetry,"origin: commercial source,99.94 % (total),,chunk",99.94,Not Specified %,1979
9.85186,0.198431,0.00595294,None kPa,N/A,23449,['C'],A,Vacuum adiabatic calorimetry,"origin: commercial source,99.94 % (total),,chunk",99.94,Not Specified %,1979
10.0085,0.205954,0.00617862,None kPa,N/A,23449,['C'],A,Vacuum adiabatic calorimetry,"origin: commercial source,99.94 % (total),,chunk",99.94,Not Specified %,1979
10.1531,0.212004,0.00636012,None kPa,N/A,23449,['C'],A,Vacuum adiabatic calorimetry,"origin: commercial source,99.94 % (total),,chunk",99.94,Not Specified %,1979
10.35,0.220435,0.00661304,None kPa,N/A,23449,['C'],A,Vacuum adiabatic calorimetry,"origin: commercial source,99.94 % (total),,chunk",99.94,Not Specified %,1979
10.5508,0.229781,0.00689344,None kPa,N/A,23449,['C'],A,Vacuum adiabatic calorimetry,"origin: commercial source,99.94 % (total),,chunk",99.94,Not Specified %,1979
10.6819,0.235615,0.00706843,None kPa,N/A,23449,['C'],A,Vacuum adiabatic calorimetry,"origin: commercial source,99.94 % (total),,chunk",99.94,Not Specified %,1979
10.9266,0.248721,0.00746162,None kPa,N/A,23449,['C'],A,Vacuum adiabatic calorimetry,"origin: commercial source,99.94 % (total),,chunk",99.94,Not Specified %,1979
11.1367,0.259688,0.00779065,None kPa,N/A,23449,['C'],A,Vacuum adiabatic calorimetry,"origin: commercial source,99.94 % (total),,chunk",99.94,Not Specified %,1979
11.2809,0.266307,0.00798921,None kPa,N/A,23449,['C'],A,Vacuum adiabatic calorimetry,"origin: commercial source,99.94 % (total),,chunk",99.94,Not Specified %,1979
11.4802,0.276106,0.00828319,None kPa,N/A,23449,['C'],A,Vacuum adiabatic calorimetry,"origin: commercial source,99.94 % (total),,chunk",99.94,Not Specified %,1979
11.7399,0.291074,0.00873221,None kPa,N/A,23449,['C'],A,Vacuum adiabatic calorimetry,"origin: commercial source,99.94 % (total),,chunk",99.94,Not Specified %,1979
11.8918,0.299509,0.00898528,None kPa,N/A,23449,['C'],A,Vacuum adiabatic calorimetry,"origin: commercial source,99.94 % (total),,chunk",99.94,Not Specified %,1979
12.071,0.309106,0.00927319,None kPa,N/A,23449,['C'],A,Vacuum adiabatic calorimetry,"origin: commercial source,99.94 % (total),,chunk",99.94,Not Specified %,1979
12.6315,0.342387,0.0102716,None kPa,N/A,23449,['C'],A,Vacuum adiabatic calorimetry,"origin: commercial source,99.94 % (total),,chunk",99.94,Not Specified %,1979
12.8034,0.352708,0.0105812,None kPa,N/A,23449,['C'],A,Vacuum adiabatic calorimetry,"origin: commercial source,99.94 % (total),,chunk",99.94,Not Specified %,1979
12.9569,0.362084,0.0108625,None kPa,N/A,23449,['C'],A,Vacuum adiabatic calorimetry,"origin: commercial source,99.94 % (total),,chunk",99.94,Not Specified %,1979
13.1568,0.373031,0.0111909,None kPa,N/A,23449,['C'],A,Vacuum adiabatic calorimetry,"origin: commercial source,99.94 % (total),,chunk",99.94,Not Specified %,1979
13.425,0.391663,0.0117499,None kPa,N/A,23449,['C'],A,Vacuum adiabatic calorimetry,"origin: commercial source,99.94 % (total),,chunk",99.94,Not Specified %,1979
13.5995,0.400155,0.0120047,None kPa,N/A,23449,['C'],A,Vacuum adiabatic calorimetry,"origin: commercial source,99.94 % (total),,chunk",99.94,Not Specified %,1979
13.7338,0.414714,0.0124414,None kPa,N/A,23449,['C'],A,Vacuum adiabatic calorimetry,"origin: commercial source,99.94 % (total),,chunk",99.94,Not Specified %,1979
13.8606,0.420568,0.012617,None kPa,N/A,23449,['C'],A,Vacuum adiabatic calorimetry,"origin: commercial source,99.94 % (total),,chunk",99.94,Not Specified %,1979
14.0443,0.430879,0.0129264,None kPa,N/A,23449,['C'],A,Vacuum adiabatic calorimetry,"origin: commercial source,99.94 % (total),,chunk",99.94,Not Specified %,1979
14.1804,0.443673,0.0133102,None kPa,N/A,23449,['C'],A,Vacuum adiabatic calorimetry,"origin: commercial source,99.94 % (total),,chunk",99.94,Not Specified %,1979
14.3537,0.45856,0.0137568,None kPa,N/A,23449,['C'],A,Vacuum adiabatic calorimetry,"origin: commercial source,99.94 % (total),,chunk",99.94,Not Specified %,1979
14.4897,0.466932,0.014008,None kPa,N/A,23449,['C'],A,Vacuum adiabatic calorimetry,"origin: commercial source,99.94 % (total),,chunk",99.94,Not Specified %,1979
14.6005,0.471698,0.0141509,None kPa,N/A,23449,['C'],A,Vacuum adiabatic calorimetry,"origin: commercial source,99.94 % (total),,chunk",99.94,Not Specified %,1979
14.8296,0.495671,0.0148701,None kPa,N/A,23449,['C'],A,Vacuum adiabatic calorimetry,"origin: commercial source,99.94 % (total),,chunk",99.94,Not Specified %,1979
14.9301,0.498479,0.0149544,None kPa,N/A,23449,['C'],A,Vacuum adiabatic calorimetry,"origin: commercial source,99.94 % (total),,chunk",99.94,Not Specified %,1979
15.0124,0.50685,0.0152055,None kPa,N/A,23449,['C'],A,Vacuum adiabatic calorimetry,"origin: commercial source,99.94 % (total),,chunk",99.94,Not Specified %,1979
15.2621,0.522306,0.0156692,None kPa,N/A,23449,['C'],A,Vacuum adiabatic calorimetry,"origin: commercial source,99.94 % (total),,chunk",99.94,Not Specified %,1979
15.3783,0.535487,0.0160646,None kPa,N/A,23449,['C'],A,Vacuum adiabatic calorimetry,"origin: commercial source,99.94 % (total),,chunk",99.94,Not Specified %,1979
15.4711,0.541193,0.0162358,None kPa,N/A,23449,['C'],A,Vacuum adiabatic calorimetry,"origin: commercial source,99.94 % (total),,chunk",99.94,Not Specified %,1979
15.668,0.563997,0.0169199,None kPa,N/A,23449,['C'],A,Vacuum adiabatic calorimetry,"origin: commercial source,99.94 % (total),,chunk",99.94,Not Specified %,1979
15.9348,0.580497,0.0174149,None kPa,N/A,23449,['C'],A,Vacuum adiabatic calorimetry,"origin: commercial source,99.94 % (total),,chunk",99.94,Not Specified %,1979
369.6,25.67,0.21,7.33273e-06 kPa,N/A,23894,['C'],A,Vacuum adiabatic calorimetry,"not stated,99.98 weight % (total),,ingot",99.98,Weight %,1981
372.8,25.74,0.21,None kPa,N/A,23894,['C'],A,Vacuum adiabatic calorimetry,"not stated,99.98 weight % (total),,ingot",99.98,Weight %,1981
376.2,25.71,0.21,None kPa,N/A,23894,['C'],A,Vacuum adiabatic calorimetry,"not stated,99.98 weight % (total),,ingot",99.98,Weight %,1981
380.4,25.71,0.21,None kPa,N/A,23894,['C'],A,Vacuum adiabatic calorimetry,"not stated,99.98 weight % (total),,ingot",99.98,Weight %,1981
382.8,25.74,0.21,None kPa,N/A,23894,['C'],A,Vacuum adiabatic calorimetry,"not stated,99.98 weight % (total),,ingot",99.98,Weight %,1981
385.2,25.78,0.21,None kPa,N/A,23894,['C'],A,Vacuum adiabatic calorimetry,"not stated,99.98 weight % (total),,ingot",99.98,Weight %,1981
387.7,25.82,0.21,None kPa,N/A,23894,['C'],A,Vacuum adiabatic calorimetry,"not stated,99.98 weight % (total),,ingot",99.98,Weight %,1981
390.5,25.78,0.21,None kPa,N/A,23894,['C'],A,Vacuum adiabatic calorimetry,"not stated,99.98 weight % (total),,ingot",99.98,Weight %,1981
425.7,25.86,0.21,None kPa,N/A,23894,['C'],A,Vacuum adiabatic calorimetry,"not stated,99.98 weight % (total),,ingot",99.98,Weight %,1981
369.6,25.67,0.21,None kPa,N/A,23894,['C'],A,Vacuum adiabatic calorimetry,"not stated,99.98 weight % (total),,ingot",99.98,Weight %,1981
372.8,25.74,0.21,None kPa,N/A,23894,['C'],A,Vacuum adiabatic calorimetry,"not stated,99.98 weight % (total),,ingot",99.98,Weight %,1981
376.2,25.71,0.21,None kPa,N/A,23894,['C'],A,Vacuum adiabatic calorimetry,"not stated,99.98 weight % (total),,ingot",99.98,Weight %,1981
380.4,25.71,0.21,None kPa,N/A,23894,['C'],A,Vacuum adiabatic calorimetry,"not stated,99.98 weight % (total),,ingot",99.98,Weight %,1981
382.8,25.74,0.21,None kPa,N/A,23894,['C'],A,Vacuum adiabatic calorimetry,"not stated,99.98 weight % (total),,ingot",99.98,Weight %,1981
385.2,25.78,0.21,None kPa,N/A,23894,['C'],A,Vacuum adiabatic calorimetry,"not stated,99.98 weight % (total),,ingot",99.98,Weight %,1981
387.7,25.82,0.21,None kPa,N/A,23894,['C'],A,Vacuum adiabatic calorimetry,"not stated,99.98 weight % (total),,ingot",99.98,Weight %,1981
390.5,25.78,0.21,None kPa,N/A,23894,['C'],A,Vacuum adiabatic calorimetry,"not stated,99.98 weight % (total),,ingot",99.98,Weight %,1981
425.7,25.86,0.21,None kPa,N/A,23894,['C'],A,Vacuum adiabatic calorimetry,"not stated,99.98 weight % (total),,ingot",99.98,Weight %,1981
430.0,25.98,0.21,None kPa,N/A,23894,['C'],A,Vacuum adiabatic calorimetry,"not stated,99.98 weight % (total),,ingot",99.98,Weight %,1981
434.0,26.02,0.21,None kPa,N/A,23894,['C'],A,Vacuum adiabatic calorimetry,"not stated,99.98 weight % (total),,ingot",99.98,Weight %,1981
438.1,25.9,0.21,None kPa,N/A,23894,['C'],A,Vacuum adiabatic calorimetry,"not stated,99.98 weight % (total),,ingot",99.98,Weight %,1981
506.6,26.25,0.21,None kPa,N/A,23894,['C'],A,Vacuum adiabatic calorimetry,"not stated,99.98 weight % (total),,ingot",99.98,Weight %,1981
514.7,26.29,0.21,None kPa,N/A,23894,['C'],A,Vacuum adiabatic calorimetry,"not stated,99.98 weight % (total),,ingot",99.98,Weight %,1981
518.6,26.17,0.21,None kPa,N/A,23894,['C'],A,Vacuum adiabatic calorimetry,"not stated,99.98 weight % (total),,ingot",99.98,Weight %,1981
580.3,26.37,0.23,None kPa,N/A,23894,['C'],A,Vacuum adiabatic calorimetry,"not stated,99.98 weight % (total),,ingot",99.98,Weight %,1981
583.0,26.52,0.23,None kPa,N/A,23894,['C'],A,Vacuum adiabatic calorimetry,"not stated,99.98 weight % (total),,ingot",99.98,Weight %,1981
587.0,26.44,0.23,None kPa,N/A,23894,['C'],A,Vacuum adiabatic calorimetry,"not stated,99.98 weight % (total),,ingot",99.98,Weight %,1981
610.1,26.52,0.24,None kPa,N/A,23894,['C'],A,Vacuum adiabatic calorimetry,"not stated,99.98 weight % (total),,ingot",99.98,Weight %,1981
613.3,26.52,0.24,None kPa,N/A,23894,['C'],A,Vacuum adiabatic calorimetry,"not stated,99.98 weight % (total),,ingot",99.98,Weight %,1981
616.5,26.56,0.24,None kPa,N/A,23894,['C'],A,Vacuum adiabatic calorimetry,"not stated,99.98 weight % (total),,ingot",99.98,Weight %,1981
618.6,26.6,0.24,None kPa,N/A,23894,['C'],A,Vacuum adiabatic calorimetry,"not stated,99.98 weight % (total),,ingot",99.98,Weight %,1981
622.2,26.68,0.24,None kPa,N/A,23894,['C'],A,Vacuum adiabatic calorimetry,"not stated,99.98 weight % (total),,ingot",99.98,Weight %,1981
625.3,26.68,0.24,None kPa,N/A,23894,['C'],A,Vacuum adiabatic calorimetry,"not stated,99.98 weight % (total),,ingot",99.98,Weight %,1981
733.3,27.11,0.27,None kPa,N/A,23894,['C'],A,Vacuum adiabatic calorimetry,"not stated,99.98 weight % (total),,ingot",99.98,Weight %,1981
742.8,27.07,0.27,None kPa,N/A,23894,['C'],A,Vacuum adiabatic calorimetry,"not stated,99.98 weight % (total),,ingot",99.98,Weight %,1981
746.4,26.99,0.27,None kPa,N/A,23894,['C'],A,Vacuum adiabatic calorimetry,"not stated,99.98 weight % (total),,ingot",99.98,Weight %,1981
750.2,27.03,0.28,None kPa,N/A,23894,['C'],A,Vacuum adiabatic calorimetry,"not stated,99.98 weight % (total),,ingot",99.98,Weight %,1981
839.5,27.61,0.3,None kPa,N/A,23894,['C'],A,Vacuum adiabatic calorimetry,"not stated,99.98 weight % (total),,ingot",99.98,Weight %,1981
842.8,27.57,0.3,None kPa,N/A,23894,['C'],A,Vacuum adiabatic calorimetry,"not stated,99.98 weight % (total),,ingot",99.98,Weight %,1981
846.1,27.5,0.3,None kPa,N/A,23894,['C'],A,Vacuum adiabatic calorimetry,"not stated,99.98 weight % (total),,ingot",99.98,Weight %,1981
979.0,28.08,0.34,None kPa,N/A,23894,['C'],A,Vacuum adiabatic calorimetry,"not stated,99.98 weight % (total),,ingot",99.98,Weight %,1981
981.9,28.31,0.35,None kPa,N/A,23894,['C'],A,Vacuum adiabatic calorimetry,"not stated,99.98 weight % (total),,ingot",99.98,Weight %,1981
984.8,28.23,0.35,None kPa,N/A,23894,['C'],A,Vacuum adiabatic calorimetry,"not stated,99.98 weight % (total),,ingot",99.98,Weight %,1981
994.0,28.27,0.35,None kPa,N/A,23894,['C'],A,Vacuum adiabatic calorimetry,"not stated,99.98 weight % (total),,ingot",99.98,Weight %,1981
999.8,28.2,0.35,None kPa,N/A,23894,['C'],A,Vacuum adiabatic calorimetry,"not stated,99.98 weight % (total),,ingot",99.98,Weight %,1981
1001.0,28.27,0.35,None kPa,N/A,23894,['C'],A,Vacuum adiabatic calorimetry,"not stated,99.98 weight % (total),,ingot",99.98,Weight %,1981
1002.0,28.2,0.35,None kPa,N/A,23894,['C'],A,Vacuum adiabatic calorimetry,"not stated,99.98 weight % (total),,ingot",99.98,Weight %,1981
1077.5,28.62,0.37,None kPa,N/A,23894,['C'],A,Vacuum adiabatic calorimetry,"not stated,99.98 weight % (total),,ingot",99.98,Weight %,1981
1172.8,29.32,0.41,None kPa,N/A,23894,['C'],A,Vacuum adiabatic calorimetry,"not stated,99.98 weight % (total),,ingot",99.98,Weight %,1981
1173.0,29.25,0.41,None kPa,N/A,23894,['C'],A,Vacuum adiabatic calorimetry,"not stated,99.98 weight % (total),,ingot",99.98,Weight %,1981
1173.5,29.32,0.41,None kPa,N/A,23894,['C'],A,Vacuum adiabatic calorimetry,"not stated,99.98 weight % (total),,ingot",99.98,Weight %,1981
1175.2,29.09,0.4,None kPa,N/A,23894,['C'],A,Vacuum adiabatic calorimetry,"not stated,99.98 weight % (total),,ingot",99.98,Weight %,1981
1175.9,29.17,0.41,None kPa,N/A,23894,['C'],A,Vacuum adiabatic calorimetry,"not stated,99.98 weight % (total),,ingot",99.98,Weight %,1981
1288.5,29.71,0.44,None kPa,N/A,23894,['C'],A,Vacuum adiabatic calorimetry,"not stated,99.98 weight % (total),,ingot",99.98,Weight %,1981
1288.9,29.67,0.44,None kPa,N/A,23894,['C'],A,Vacuum adiabatic calorimetry,"not stated,99.98 weight % (total),,ingot",99.98,Weight %,1981
1289.0,29.71,0.44,None kPa,N/A,23894,['C'],A,Vacuum adiabatic calorimetry,"not stated,99.98 weight % (total),,ingot",99.98,Weight %,1981
1289.0,29.71,0.44,None kPa,N/A,23894,['C'],A,Vacuum adiabatic calorimetry,"not stated,99.98 weight % (total),,ingot",99.98,Weight %,1981
1289.4,29.87,0.45,None kPa,N/A,23894,['C'],A,Vacuum adiabatic calorimetry,"not stated,99.98 weight % (total),,ingot",99.98,Weight %,1981
1290.8,29.79,0.44,None kPa,N/A,23894,['C'],A,Vacuum adiabatic calorimetry,"not stated,99.98 weight % (total),,ingot",99.98,Weight %,1981
0.193,8.56e-07,1.712e-08,None kPa,N/A,34748,['C'],A,N/A,not stated,,,1973
0.248,1.85e-06,3.7e-08,None kPa,N/A,34748,['C'],A,N/A,not stated,,,1973
0.299,3.2e-06,6.4e-08,None kPa,N/A,34748,['C'],A,N/A,not stated,,,1973
0.335,4.5e-06,9e-08,None kPa,N/A,34748,['C'],A,N/A,not stated,,,1973
0.372,6.13e-06,1.226e-07,None kPa,N/A,34748,['C'],A,N/A,not stated,,,1973
0.495,1.44e-05,2.88e-07,None kPa,N/A,34748,['C'],A,N/A,not stated,,,1973
0.607,2.49e-05,4.98e-07,None kPa,N/A,34748,['C'],A,N/A,not stated,,,1973
0.779,4.99e-05,9.98e-07,None kPa,N/A,34748,['C'],A,N/A,not stated,,,1973
0.939,8.51e-05,1.702e-06,None kPa,N/A,34748,['C'],A,N/A,not stated,,,1973
1.057,0.00012,2.4e-06,None kPa,N/A,34748,['C'],A,N/A,not stated,,,1973
10.0,0.215,0.002,None kPa,N/A,35095,['C'],A,Vacuum adiabatic calorimetry,"origin: commercial source,99.85 %",99.85,Not Specified %,1982
12.0,0.313,0.003,None kPa,N/A,35095,['C'],A,Vacuum adiabatic calorimetry,"origin: commercial source,99.85 %",99.85,Not Specified %,1982
14.0,0.441,0.004,None kPa,N/A,35095,['C'],A,Vacuum adiabatic calorimetry,"origin: commercial source,99.85 %",99.85,Not Specified %,1982
16.0,0.595,0.006,None kPa,N/A,35095,['C'],A,Vacuum adiabatic calorimetry,"origin: commercial source,99.85 %",99.85,Not Specified %,1982
18.0,0.775,0.007,None kPa,N/A,35095,['C'],A,Vacuum adiabatic calorimetry,"origin: commercial source,99.85 %",99.85,Not Specified %,1982
20.0,0.99,0.01,None kPa,N/A,35095,['C'],A,Vacuum adiabatic calorimetry,"origin: commercial source,99.85 %",99.85,Not Specified %,1982
25.0,1.69,0.017,None kPa,N/A,35095,['C'],A,Vacuum adiabatic calorimetry,"origin: commercial source,99.85 %",99.85,Not Specified %,1982
30.0,2.62,0.013,None kPa,N/A,35095,['C'],A,Vacuum adiabatic calorimetry,"origin: commercial source,99.85 %",99.85,Not Specified %,1982
35.0,3.76,0.019,None kPa,N/A,35095,['C'],A,Vacuum adiabatic calorimetry,"origin: commercial source,99.85 %",99.85,Not Specified %,1982
40.0,5.08,0.025,None kPa,N/A,35095,['C'],A,Vacuum adiabatic calorimetry,"origin: commercial source,99.85 %",99.85,Not Specified %,1982
45.0,6.42,0.032,None kPa,N/A,35095,['C'],A,Vacuum adiabatic calorimetry,"origin: commercial source,99.85 %",99.85,Not Specified %,1982
50.0,7.81,0.039,None kPa,N/A,35095,['C'],A,Vacuum adiabatic calorimetry,"origin: commercial source,99.85 %",99.85,Not Specified %,1982
60.0,10.4,0.052,None kPa,N/A,35095,['C'],A,Vacuum adiabatic calorimetry,"origin: commercial source,99.85 %",99.85,Not Specified %,1982
70.0,12.6,0.063,None kPa,N/A,35095,['C'],A,Vacuum adiabatic calorimetry,"origin: commercial source,99.85 %",99.85,Not Specified %,1982
80.0,14.49,0.072,None kPa,N/A,35095,['C'],A,Vacuum adiabatic calorimetry,"origin: commercial source,99.85 %",99.85,Not Specified %,1982
90.0,16.21,0.081,None kPa,N/A,35095,['C'],A,Vacuum adiabatic calorimetry,"origin: commercial source,99.85 %",99.85,Not Specified %,1982
100.0,17.45,0.087,None kPa,N/A,35095,['C'],A,Vacuum adiabatic calorimetry,"origin: commercial source,99.85 %",99.85,Not Specified %,1982
120.0,19.4,0.058,None kPa,N/A,35095,['C'],A,Vacuum adiabatic calorimetry,"origin: commercial source,99.85 %",99.85,Not Specified %,1982
140.0,20.81,0.062,None kPa,N/A,35095,['C'],A,Vacuum adiabatic calorimetry,"origin: commercial source,99.85 %",99.85,Not Specified %,1982
160.0,21.8,0.065,None kPa,N/A,35095,['C'],A,Vacuum adiabatic calorimetry,"origin: commercial source,99.85 %",99.85,Not Specified %,1982
180.0,22.55,0.068,None kPa,N/A,35095,['C'],A,Vacuum adiabatic calorimetry,"origin: commercial source,99.85 %",99.85,Not Specified %,1982
200.0,23.1,0.069,None kPa,N/A,35095,['C'],A,Vacuum adiabatic calorimetry,"origin: commercial source,99.85 %",99.85,Not Specified %,1982
220.0,23.6,0.071,None kPa,N/A,35095,['C'],A,Vacuum adiabatic calorimetry,"origin: commercial source,99.85 %",99.85,Not Specified %,1982
240.0,24.02,0.072,None kPa,N/A,35095,['C'],A,Vacuum adiabatic calorimetry,"origin: commercial source,99.85 %",99.85,Not Specified %,1982
260.0,24.26,0.073,None kPa,N/A,35095,['C'],A,Vacuum adiabatic calorimetry,"origin: commercial source,99.85 %",99.85,Not Specified %,1982
280.0,24.55,0.074,None kPa,N/A,35095,['C'],A,Vacuum adiabatic calorimetry,"origin: commercial source,99.85 %",99.85,Not Specified %,1982
0.233,5.3095e-06,1.0619e-08,None kPa,N/A,35539,['C'],A,N/A,"origin: commercial source,99.98 weight %",99.98,Weight %,1974
0.283,1.2073e-05,2.4146e-08,None kPa,N/A,35539,['C'],A,N/A,"origin: commercial source,99.98 weight %",99.98,Weight %,1974
0.359,2.8206e-05,5.6412e-08,None kPa,N/A,35539,['C'],A,N/A,"origin: commercial source,99.98 weight %",99.98,Weight %,1974
0.417,4.5543e-05,9.1086e-08,None kPa,N/A,35539,['C'],A,N/A,"origin: commercial source,99.98 weight %",99.98,Weight %,1974
0.476,6.6208e-05,1.32416e-07,None kPa,N/A,35539,['C'],A,N/A,"origin: commercial source,99.98 weight %",99.98,Weight %,1974
0.48,6.7831e-05,1.35662e-07,None kPa,N/A,35539,['C'],A,N/A,"origin: commercial source,99.98 weight %",99.98,Weight %,1974
0.542,8.9548e-05,1.79096e-07,None kPa,N/A,35539,['C'],A,N/A,"origin: commercial source,99.98 weight %",99.98,Weight %,1974
0.602,0.00011257,2.2514e-07,None kPa,N/A,35539,['C'],A,N/A,"origin: commercial source,99.98 weight %",99.98,Weight %,1974
0.675,0.00013921,2.7842e-07,None kPa,N/A,35539,['C'],A,N/A,"origin: commercial source,99.98 weight %",99.98,Weight %,1974
0.773,0.00017326,3.4652e-07,None kPa,N/A,35539,['C'],A,N/A,"origin: commercial source,99.98 weight %",99.98,Weight %,1974
0.874,0.00020574,4.1148e-07,None kPa,N/A,35539,['C'],A,N/A,"origin: commercial source,99.98 weight %",99.98,Weight %,1974
0.961,0.00023783,4.7566e-07,None kPa,N/A,35539,['C'],A,N/A,"origin: commercial source,99.98 weight %",99.98,Weight %,1974
1.054,0.00027458,5.4916e-07,None kPa,N/A,35539,['C'],A,N/A,"origin: commercial source,99.98 weight %",99.98,Weight %,1974
0.176,8.7487e-07,1.74974e-09,None kPa,N/A,35540,['C'],A,N/A,"origin: commercial source,99.98 weight %",99.98,Weight %,1974
0.236,1.8565e-06,3.713e-09,None kPa,N/A,35540,['C'],A,N/A,"origin: commercial source,99.98 weight %",99.98,Weight %,1974
0.288,3.3989e-06,6.7978e-09,None kPa,N/A,35540,['C'],A,N/A,"origin: commercial source,99.98 weight %",99.98,Weight %,1974
0.328,4.7272e-06,9.4544e-09,None kPa,N/A,35540,['C'],A,N/A,"origin: commercial source,99.98 weight %",99.98,Weight %,1974
0.365,6.271e-06,1.2542e-08,None kPa,N/A,35540,['C'],A,N/A,"origin: commercial source,99.98 weight %",99.98,Weight %,1974
0.49,1.4159e-05,2.8318e-08,None kPa,N/A,35540,['C'],A,N/A,"origin: commercial source,99.98 weight %",99.98,Weight %,1974
0.552,1.9649e-05,3.9298e-08,None kPa,N/A,35540,['C'],A,N/A,"origin: commercial source,99.98 weight %",99.98,Weight %,1974
0.604,2.4961e-05,4.9922e-08,None kPa,N/A,35540,['C'],A,N/A,"origin: commercial source,99.98 weight %",99.98,Weight %,1974
0.698,3.7329e-05,7.4658e-08,None kPa,N/A,35540,['C'],A,N/A,"origin: commercial source,99.98 weight %",99.98,Weight %,1974
0.778,4.9145e-05,9.829e-08,None kPa,N/A,35540,['C'],A,N/A,"origin: commercial source,99.98 weight %",99.98,Weight %,1974
0.91,7.6871e-05,1.53742e-07,None kPa,N/A,35540,['C'],A,N/A,"origin: commercial source,99.98 weight %",99.98,Weight %,1974
0.939,8.4729e-05,1.69458e-07,None kPa,N/A,35540,['C'],A,N/A,"origin: commercial source,99.98 weight %",99.98,Weight %,1974
1.057,0.00011981,2.3962e-07,None kPa,N/A,35540,['C'],A,N/A,"origin: commercial source,99.98 weight %",99.98,Weight %,1974
8.99,0.28949,0.0086847,None kPa,N/A,22923,['C'],A,Low temperature calorimetry set up,origin: commercial source,,,1977
9.1,0.30039,0.0090117,None kPa,N/A,22923,['C'],A,Low temperature calorimetry set up,origin: commercial source,,,1977
9.18,0.30793,0.0092379,None kPa,N/A,22923,['C'],A,Low temperature calorimetry set up,origin: commercial source,,,1977
2.55633,0.0028812,8.6436e-05,None kPa,N/A,23449,['C'],A,Vacuum adiabatic calorimetry,"origin: commercial source,99.94 % (total),,chunk",99.94,Not Specified %,1979
2.68464,0.0047924,0.000143772,None kPa,N/A,23449,['C'],A,Vacuum adiabatic calorimetry,"origin: commercial source,99.94 % (total),,chunk",99.94,Not Specified %,1979
2.81034,0.005929,0.00017787,None kPa,N/A,23449,['C'],A,Vacuum adiabatic calorimetry,"origin: commercial source,99.94 % (total),,chunk",99.94,Not Specified %,1979
2.96105,0.0073114,0.000219342,None kPa,N/A,23449,['C'],A,Vacuum adiabatic calorimetry,"origin: commercial source,99.94 % (total),,chunk",99.94,Not Specified %,1979
3.07011,0.0087299,0.000261897,None kPa,N/A,23449,['C'],A,Vacuum adiabatic calorimetry,"origin: commercial source,99.94 % (total),,chunk",99.94,Not Specified %,1979
3.18416,0.0102119,0.000306357,None kPa,N/A,23449,['C'],A,Vacuum adiabatic calorimetry,"origin: commercial source,99.94 % (total),,chunk",99.94,Not Specified %,1979
3.28248,0.0115754,0.000347262,None kPa,N/A,23449,['C'],A,Vacuum adiabatic calorimetry,"origin: commercial source,99.94 % (total),,chunk",99.94,Not Specified %,1979
3.47029,0.0142192,0.000426576,None kPa,N/A,23449,['C'],A,Vacuum adiabatic calorimetry,"origin: commercial source,99.94 % (total),,chunk",99.94,Not Specified %,1979
3.54016,0.0152782,0.000458346,None kPa,N/A,23449,['C'],A,Vacuum adiabatic calorimetry,"origin: commercial source,99.94 % (total),,chunk",99.94,Not Specified %,1979
3.79215,0.0194863,0.000584589,None kPa,N/A,23449,['C'],A,Vacuum adiabatic calorimetry,"origin: commercial source,99.94 % (total),,chunk",99.94,Not Specified %,1979
3.85209,0.0206333,0.000618999,None kPa,N/A,23449,['C'],A,Vacuum adiabatic calorimetry,"origin: commercial source,99.94 % (total),,chunk",99.94,Not Specified %,1979
4.07792,0.0254311,0.000762933,None kPa,N/A,23449,['C'],A,Vacuum adiabatic calorimetry,"origin: commercial source,99.94 % (total),,chunk",99.94,Not Specified %,1979
4.21312,0.0285064,0.000855192,None kPa,N/A,23449,['C'],A,Vacuum adiabatic calorimetry,"origin: commercial source,99.94 % (total),,chunk",99.94,Not Specified %,1979
4.37671,0.0322288,0.000966864,None kPa,N/A,23449,['C'],A,Vacuum adiabatic calorimetry,"origin: commercial source,99.94 % (total),,chunk",99.94,Not Specified %,1979
4.51404,0.0358081,0.00107424,None kPa,N/A,23449,['C'],A,Vacuum adiabatic calorimetry,"origin: commercial source,99.94 % (total),,chunk",99.94,Not Specified %,1979
4.63752,0.0397496,0.00119249,None kPa,N/A,23449,['C'],A,Vacuum adiabatic calorimetry,"origin: commercial source,99.94 % (total),,chunk",99.94,Not Specified %,1979
4.7346,0.0430725,0.00129218,None kPa,N/A,23449,['C'],A,Vacuum adiabatic calorimetry,"origin: commercial source,99.94 % (total),,chunk",99.94,Not Specified %,1979
4.89873,0.0478748,0.00143624,None kPa,N/A,23449,['C'],A,Vacuum adiabatic calorimetry,"origin: commercial source,99.94 % (total),,chunk",99.94,Not Specified %,1979
5.00591,0.0515298,0.00154589,None kPa,N/A,23449,['C'],A,Vacuum adiabatic calorimetry,"origin: commercial source,99.94 % (total),,chunk",99.94,Not Specified %,1979
5.20868,0.0580288,0.00174086,None kPa,N/A,23449,['C'],A,Vacuum adiabatic calorimetry,"origin: commercial source,99.94 % (total),,chunk",99.94,Not Specified %,1979
5.29562,0.0615764,0.00184729,None kPa,N/A,23449,['C'],A,Vacuum adiabatic calorimetry,"origin: commercial source,99.94 % (total),,chunk",99.94,Not Specified %,1979
5.5259,0.0697192,0.00209158,None kPa,N/A,23449,['C'],A,Vacuum adiabatic calorimetry,"origin: commercial source,99.94 % (total),,chunk",99.94,Not Specified %,1979
5.61996,0.0731506,0.00219452,None kPa,N/A,23449,['C'],A,Vacuum adiabatic calorimetry,"origin: commercial source,99.94 % (total),,chunk",99.94,Not Specified %,1979
5.83978,0.0816757,0.00245027,None kPa,N/A,23449,['C'],A,Vacuum adiabatic calorimetry,"origin: commercial source,99.94 % (total),,chunk",99.94,Not Specified %,1979
5.91069,0.0859634,0.0025789,None kPa,N/A,23449,['C'],A,Vacuum adiabatic calorimetry,"origin: commercial source,99.94 % (total),,chunk",99.94,Not Specified %,1979
6.13031,0.0954097,0.00286229,None kPa,N/A,23449,['C'],A,Vacuum adiabatic calorimetry,"origin: commercial source,99.94 % (total),,chunk",99.94,Not Specified %,1979
6.23226,0.10013,0.0030039,None kPa,N/A,23449,['C'],A,Vacuum adiabatic calorimetry,"origin: commercial source,99.94 % (total),,chunk",99.94,Not Specified %,1979
6.45301,0.110861,0.00332582,None kPa,N/A,23449,['C'],A,Vacuum adiabatic calorimetry,"origin: commercial source,99.94 % (total),,chunk",99.94,Not Specified %,1979
6.58053,0.117728,0.00353185,None kPa,N/A,23449,['C'],A,Vacuum adiabatic calorimetry,"origin: commercial source,99.94 % (total),,chunk",99.94,Not Specified %,1979
6.83787,0.131354,0.00394063,None kPa,N/A,23449,['C'],A,Vacuum adiabatic calorimetry,"origin: commercial source,99.94 % (total),,chunk",99.94,Not Specified %,1979
7.04261,0.143489,0.00430467,None kPa,N/A,23449,['C'],A,Vacuum adiabatic calorimetry,"origin: commercial source,99.94 % (total),,chunk",99.94,Not Specified %,1979
7.21001,0.154016,0.00462047,None kPa,N/A,23449,['C'],A,Vacuum adiabatic calorimetry,"origin: commercial source,99.94 % (total),,chunk",99.94,Not Specified %,1979
7.46738,0.169426,0.00508277,None kPa,N/A,23449,['C'],A,Vacuum adiabatic calorimetry,"origin: commercial source,99.94 % (total),,chunk",99.94,Not Specified %,1979
7.59863,0.178996,0.00536987,None kPa,N/A,23449,['C'],A,Vacuum adiabatic calorimetry,"origin: commercial source,99.94 % (total),,chunk",99.94,Not Specified %,1979
7.78631,0.190952,0.00572857,None kPa,N/A,23449,['C'],A,Vacuum adiabatic calorimetry,"origin: commercial source,99.94 % (total),,chunk",99.94,Not Specified %,1979
8.02609,0.208787,0.0062636,None kPa,N/A,23449,['C'],A,Vacuum adiabatic calorimetry,"origin: commercial source,99.94 % (total),,chunk",99.94,Not Specified %,1979
8.13178,0.218332,0.00654996,None kPa,N/A,23449,['C'],A,Vacuum adiabatic calorimetry,"origin: commercial source,99.94 % (total),,chunk",99.94,Not Specified %,1979
8.26105,0.228384,0.00685153,None kPa,N/A,23449,['C'],A,Vacuum adiabatic calorimetry,"origin: commercial source,99.94 % (total),,chunk",99.94,Not Specified %,1979
8.40302,0.239167,0.007175,None kPa,N/A,23449,['C'],A,Vacuum adiabatic calorimetry,"origin: commercial source,99.94 % (total),,chunk",99.94,Not Specified %,1979
8.51822,0.24796,0.00743881,None kPa,N/A,23449,['C'],A,Vacuum adiabatic calorimetry,"origin: commercial source,99.94 % (total),,chunk",99.94,Not Specified %,1979
8.64899,0.259176,0.00777527,None kPa,N/A,23449,['C'],A,Vacuum adiabatic calorimetry,"origin: commercial source,99.94 % (total),,chunk",99.94,Not Specified %,1979
8.77811,0.269535,0.00808606,None kPa,N/A,23449,['C'],A,Vacuum adiabatic calorimetry,"origin: commercial source,99.94 % (total),,chunk",99.94,Not Specified %,1979
8.8986,0.279299,0.00837898,None kPa,N/A,23449,['C'],A,Vacuum adiabatic calorimetry,"origin: commercial source,99.94 % (total),,chunk",99.94,Not Specified %,1979
8.97523,0.284831,0.00854492,None kPa,N/A,23449,['C'],A,Vacuum adiabatic calorimetry,"origin: commercial source,99.94 % (total),,chunk",99.94,Not Specified %,1979
9.02146,0.275614,0.00826841,None kPa,N/A,23449,['C'],A,Vacuum adiabatic calorimetry,"origin: commercial source,99.94 % (total),,chunk",99.94,Not Specified %,1979
9.12806,0.241984,0.00725951,None kPa,N/A,23449,['C'],A,Vacuum adiabatic calorimetry,"origin: commercial source,99.94 % (total),,chunk",99.94,Not Specified %,1979
9.26524,0.208589,0.00625768,None kPa,N/A,23449,['C'],A,Vacuum adiabatic calorimetry,"origin: commercial source,99.94 % (total),,chunk",99.94,Not Specified %,1979
9.38037,0.179296,0.00537889,None kPa,N/A,23449,['C'],A,Vacuum adiabatic calorimetry,"origin: commercial source,99.94 % (total),,chunk",99.94,Not Specified %,1979
9.54649,0.185475,0.00556425,None kPa,N/A,23449,['C'],A,Vacuum adiabatic calorimetry,"origin: commercial source,99.94 % (total),,chunk",99.94,Not Specified %,1979
9.68043,0.191321,0.00573964,None kPa,N/A,23449,['C'],A,Vacuum adiabatic calorimetry,"origin: commercial source,99.94 % (total),,chunk",99.94,Not Specified %,1979
9.85186,0.198431,0.00595294,None kPa,N/A,23449,['C'],A,Vacuum adiabatic calorimetry,"origin: commercial source,99.94 % (total),,chunk",99.94,Not Specified %,1979
10.0085,0.205954,0.00617862,None kPa,N/A,23449,['C'],A,Vacuum adiabatic calorimetry,"origin: commercial source,99.94 % (total),,chunk",99.94,Not Specified %,1979
10.1531,0.212004,0.00636012,None kPa,N/A,23449,['C'],A,Vacuum adiabatic calorimetry,"origin: commercial source,99.94 % (total),,chunk",99.94,Not Specified %,1979
10.35,0.220435,0.00661304,None kPa,N/A,23449,['C'],A,Vacuum adiabatic calorimetry,"origin: commercial source,99.94 % (total),,chunk",99.94,Not Specified %,1979
10.5508,0.229781,0.00689344,None kPa,N/A,23449,['C'],A,Vacuum adiabatic calorimetry,"origin: commercial source,99.94 % (total),,chunk",99.94,Not Specified %,1979
10.6819,0.235615,0.00706843,None kPa,N/A,23449,['C'],A,Vacuum adiabatic calorimetry,"origin: commercial source,99.94 % (total),,chunk",99.94,Not Specified %,1979
10.9266,0.248721,0.00746162,None kPa,N/A,23449,['C'],A,Vacuum adiabatic calorimetry,"origin: commercial source,99.94 % (total),,chunk",99.94,Not Specified %,1979
11.1367,0.259688,0.00779065,None kPa,N/A,23449,['C'],A,Vacuum adiabatic calorimetry,"origin: commercial source,99.94 % (total),,chunk",99.94,Not Specified %,1979
11.2809,0.266307,0.00798921,None kPa,N/A,23449,['C'],A,Vacuum adiabatic calorimetry,"origin: commercial source,99.94 % (total),,chunk",99.94,Not Specified %,1979
11.4802,0.276106,0.00828319,None kPa,N/A,23449,['C'],A,Vacuum adiabatic calorimetry,"origin: commercial source,99.94 % (total),,chunk",99.94,Not Specified %,1979
11.7399,0.291074,0.00873221,None kPa,N/A,23449,['C'],A,Vacuum adiabatic calorimetry,"origin: commercial source,99.94 % (total),,chunk",99.94,Not Specified %,1979
11.8918,0.299509,0.00898528,None kPa,N/A,23449,['C'],A,Vacuum adiabatic calorimetry,"origin: commercial source,99.94 % (total),,chunk",99.94,Not Specified %,1979
12.071,0.309106,0.00927319,None kPa,N/A,23449,['C'],A,Vacuum adiabatic calorimetry,"origin: commercial source,99.94 % (total),,chunk",99.94,Not Specified %,1979
12.6315,0.342387,0.0102716,None kPa,N/A,23449,['C'],A,Vacuum adiabatic calorimetry,"origin: commercial source,99.94 % (total),,chunk",99.94,Not Specified %,1979
12.8034,0.352708,0.0105812,None kPa,N/A,23449,['C'],A,Vacuum adiabatic calorimetry,"origin: commercial source,99.94 % (total),,chunk",99.94,Not Specified %,1979
12.9569,0.362084,0.0108625,None kPa,N/A,23449,['C'],A,Vacuum adiabatic calorimetry,"origin: commercial source,99.94 % (total),,chunk",99.94,Not Specified %,1979
13.1568,0.373031,0.0111909,None kPa,N/A,23449,['C'],A,Vacuum adiabatic calorimetry,"origin: commercial source,99.94 % (total),,chunk",99.94,Not Specified %,1979
13.425,0.391663,0.0117499,None kPa,N/A,23449,['C'],A,Vacuum adiabatic calorimetry,"origin: commercial source,99.94 % (total),,chunk",99.94,Not Specified %,1979
13.5995,0.400155,0.0120047,None kPa,N/A,23449,['C'],A,Vacuum adiabatic calorimetry,"origin: commercial source,99.94 % (total),,chunk",99.94,Not Specified %,1979
13.7338,0.414714,0.0124414,None kPa,N/A,23449,['C'],A,Vacuum adiabatic calorimetry,"origin: commercial source,99.94 % (total),,chunk",99.94,Not Specified %,1979
13.8606,0.420568,0.012617,None kPa,N/A,23449,['C'],A,Vacuum adiabatic calorimetry,"origin: commercial source,99.94 % (total),,chunk",99.94,Not Specified %,1979
14.0443,0.430879,0.0129264,None kPa,N/A,23449,['C'],A,Vacuum adiabatic calorimetry,"origin: commercial source,99.94 % (total),,chunk",99.94,Not Specified %,1979
14.1804,0.443673,0.0133102,None kPa,N/A,23449,['C'],A,Vacuum adiabatic calorimetry,"origin: commercial source,99.94 % (total),,chunk",99.94,Not Specified %,1979
14.3537,0.45856,0.0137568,None kPa,N/A,23449,['C'],A,Vacuum adiabatic calorimetry,"origin: commercial source,99.94 % (total),,chunk",99.94,Not Specified %,1979
14.4897,0.466932,0.014008,None kPa,N/A,23449,['C'],A,Vacuum adiabatic calorimetry,"origin: commercial source,99.94 % (total),,chunk",99.94,Not Specified %,1979
14.6005,0.471698,0.0141509,None kPa,N/A,23449,['C'],A,Vacuum adiabatic calorimetry,"origin: commercial source,99.94 % (total),,chunk",99.94,Not Specified %,1979
14.8296,0.495671,0.0148701,None kPa,N/A,23449,['C'],A,Vacuum adiabatic calorimetry,"origin: commercial source,99.94 % (total),,chunk",99.94,Not Specified %,1979
14.9301,0.498479,0.0149544,None kPa,N/A,23449,['C'],A,Vacuum adiabatic calorimetry,"origin: commercial source,99.94 % (total),,chunk",99.94,Not Specified %,1979
15.0124,0.50685,0.0152055,None kPa,N/A,23449,['C'],A,Vacuum adiabatic calorimetry,"origin: commercial source,99.94 % (total),,chunk",99.94,Not Specified %,1979
15.2621,0.522306,0.0156692,None kPa,N/A,23449,['C'],A,Vacuum adiabatic calorimetry,"origin: commercial source,99.94 % (total),,chunk",99.94,Not Specified %,1979
15.3783,0.535487,0.0160646,None kPa,N/A,23449,['C'],A,Vacuum adiabatic calorimetry,"origin: commercial source,99.94 % (total),,chunk",99.94,Not Specified %,1979
15.4711,0.541193,0.0162358,None kPa,N/A,23449,['C'],A,Vacuum adiabatic calorimetry,"origin: commercial source,99.94 % (total),,chunk",99.94,Not Specified %,1979
15.668,0.563997,0.0169199,None kPa,N/A,23449,['C'],A,Vacuum adiabatic calorimetry,"origin: commercial source,99.94 % (total),,chunk",99.94,Not Specified %,1979
15.9348,0.580497,0.0174149,None kPa,N/A,23449,['C'],A,Vacuum adiabatic calorimetry,"origin: commercial source,99.94 % (total),,chunk",99.94,Not Specified %,1979
80.0,14.79,0.3,None kPa,N/A,23729,['C'],A,Laser flash calorimetry,not stated,,,1980
85.0,15.65,0.31,None kPa,N/A,23729,['C'],A,Laser flash calorimetry,not stated,,,1980
88.0,16.15,0.32,None kPa,N/A,23729,['C'],A,Laser flash calorimetry,not stated,,,1980
92.0,16.66,0.33,None kPa,N/A,23729,['C'],A,Laser flash calorimetry,not stated,,,1980
92.0,17.23,0.34,None kPa,N/A,23729,['C'],A,Laser flash calorimetry,not stated,,,1980
92.0,16.95,0.34,None kPa,N/A,23729,['C'],A,Laser flash calorimetry,not stated,,,1980
100.0,17.67,0.35,None kPa,N/A,23729,['C'],A,Laser flash calorimetry,not stated,,,1980
101.0,17.98,0.36,None kPa,N/A,23729,['C'],A,Laser flash calorimetry,not stated,,,1980
102.0,18.25,0.37,None kPa,N/A,23729,['C'],A,Laser flash calorimetry,not stated,,,1980
106.0,18.43,0.37,None kPa,N/A,23729,['C'],A,Laser flash calorimetry,not stated,,,1980
108.0,18.59,0.37,None kPa,N/A,23729,['C'],A,Laser flash calorimetry,not stated,,,1980
113.0,18.88,0.38,None kPa,N/A,23729,['C'],A,Laser flash calorimetry,not stated,,,1980
118.0,19.52,0.39,None kPa,N/A,23729,['C'],A,Laser flash calorimetry,not stated,,,1980
119.0,19.35,0.39,None kPa,N/A,23729,['C'],A,Laser flash calorimetry,not stated,,,1980
120.0,19.62,0.39,None kPa,N/A,23729,['C'],A,Laser flash calorimetry,not stated,,,1980
122.0,19.77,0.4,None kPa,N/A,23729,['C'],A,Laser flash calorimetry,not stated,,,1980
123.0,19.94,0.4,None kPa,N/A,23729,['C'],A,Laser flash calorimetry,not stated,,,1980
126.0,20.01,0.4,None kPa,N/A,23729,['C'],A,Laser flash calorimetry,not stated,,,1980
128.0,20.22,0.4,None kPa,N/A,23729,['C'],A,Laser flash calorimetry,not stated,,,1980
130.0,20.48,0.41,None kPa,N/A,23729,['C'],A,Laser flash calorimetry,not stated,,,1980
131.0,20.4,0.41,None kPa,N/A,23729,['C'],A,Laser flash calorimetry,not stated,,,1980
135.0,20.66,0.41,None kPa,N/A,23729,['C'],A,Laser flash calorimetry,not stated,,,1980
137.0,20.78,0.42,None kPa,N/A,23729,['C'],A,Laser flash calorimetry,not stated,,,1980
139.0,20.95,0.42,None kPa,N/A,23729,['C'],A,Laser flash calorimetry,not stated,,,1980
141.0,20.56,0.41,None kPa,N/A,23729,['C'],A,Laser flash calorimetry,not stated,,,1980
142.0,21.2,0.42,None kPa,N/A,23729,['C'],A,Laser flash calorimetry,not stated,,,1980
145.0,21.26,0.43,None kPa,N/A,23729,['C'],A,Laser flash calorimetry,not stated,,,1980
150.0,21.38,0.43,None kPa,N/A,23729,['C'],A,Laser flash calorimetry,not stated,,,1980
151.0,21.58,0.43,None kPa,N/A,23729,['C'],A,Laser flash calorimetry,not stated,,,1980
152.0,21.69,0.43,None kPa,N/A,23729,['C'],A,Laser flash calorimetry,not stated,,,1980
156.0,21.81,0.44,None kPa,N/A,23729,['C'],A,Laser flash calorimetry,not stated,,,1980
157.0,21.63,0.43,None kPa,N/A,23729,['C'],A,Laser flash calorimetry,not stated,,,1980
161.0,21.75,0.44,None kPa,N/A,23729,['C'],A,Laser flash calorimetry,not stated,,,1980
162.0,22.0,0.44,None kPa,N/A,23729,['C'],A,Laser flash calorimetry,not stated,,,1980
163.0,21.9,0.44,None kPa,N/A,23729,['C'],A,Laser flash calorimetry,not stated,,,1980
163.0,21.84,0.44,None kPa,N/A,23729,['C'],A,Laser flash calorimetry,not stated,,,1980
168.0,22.09,0.44,None kPa,N/A,23729,['C'],A,Laser flash calorimetry,not stated,,,1980
171.0,22.27,0.45,None kPa,N/A,23729,['C'],A,Laser flash calorimetry,not stated,,,1980
173.0,22.32,0.45,None kPa,N/A,23729,['C'],A,Laser flash calorimetry,not stated,,,1980
178.0,22.44,0.45,None kPa,N/A,23729,['C'],A,Laser flash calorimetry,not stated,,,1980
179.0,22.52,0.45,None kPa,N/A,23729,['C'],A,Laser flash calorimetry,not stated,,,1980
183.0,22.59,0.45,None kPa,N/A,23729,['C'],A,Laser flash calorimetry,not stated,,,1980
184.0,22.71,0.45,None kPa,N/A,23729,['C'],A,Laser flash calorimetry,not stated,,,1980
187.0,22.79,0.46,None kPa,N/A,23729,['C'],A,Laser flash calorimetry,not stated,,,1980
190.0,22.91,0.46,None kPa,N/A,23729,['C'],A,Laser flash calorimetry,not stated,,,1980
196.0,22.98,0.46,None kPa,N/A,23729,['C'],A,Laser flash calorimetry,not stated,,,1980
200.0,23.13,0.46,None kPa,N/A,23729,['C'],A,Laser flash calorimetry,not stated,,,1980
205.0,23.25,0.46,None kPa,N/A,23729,['C'],A,Laser flash calorimetry,not stated,,,1980
207.0,23.35,0.47,None kPa,N/A,23729,['C'],A,Laser flash calorimetry,not stated,,,1980
212.0,23.43,0.47,None kPa,N/A,23729,['C'],A,Laser flash calorimetry,not stated,,,1980
218.0,23.51,0.47,None kPa,N/A,23729,['C'],A,Laser flash calorimetry,not stated,,,1980
224.0,23.71,0.47,None kPa,N/A,23729,['C'],A,Laser flash calorimetry,not stated,,,1980
225.0,23.57,0.47,None kPa,N/A,23729,['C'],A,Laser flash calorimetry,not stated,,,1980
229.0,23.83,0.48,None kPa,N/A,23729,['C'],A,Laser flash calorimetry,not stated,,,1980
233.0,23.8,0.48,None kPa,N/A,23729,['C'],A,Laser flash calorimetry,not stated,,,1980
233.0,23.85,0.48,None kPa,N/A,23729,['C'],A,Laser flash calorimetry,not stated,,,1980
238.0,23.9,0.48,None kPa,N/A,23729,['C'],A,Laser flash calorimetry,not stated,,,1980
241.0,24.1,0.48,None kPa,N/A,23729,['C'],A,Laser flash calorimetry,not stated,,,1980
243.0,23.91,0.48,None kPa,N/A,23729,['C'],A,Laser flash calorimetry,not stated,,,1980
243.0,24.01,0.48,None kPa,N/A,23729,['C'],A,Laser flash calorimetry,not stated,,,1980
251.0,24.2,0.48,None kPa,N/A,23729,['C'],A,Laser flash calorimetry,not stated,,,1980
251.0,24.04,0.48,None kPa,N/A,23729,['C'],A,Laser flash calorimetry,not stated,,,1980
253.0,24.29,0.49,None kPa,N/A,23729,['C'],A,Laser flash calorimetry,not stated,,,1980
259.0,24.12,0.48,None kPa,N/A,23729,['C'],A,Laser flash calorimetry,not stated,,,1980
262.0,24.38,0.49,None kPa,N/A,23729,['C'],A,Laser flash calorimetry,not stated,,,1980
265.0,24.26,0.49,None kPa,N/A,23729,['C'],A,Laser flash calorimetry,not stated,,,1980
268.0,24.45,0.49,None kPa,N/A,23729,['C'],A,Laser flash calorimetry,not stated,,,1980
275.0,24.45,0.49,None kPa,N/A,23729,['C'],A,Laser flash calorimetry,not stated,,,1980
280.0,24.57,0.49,None kPa,N/A,23729,['C'],A,Laser flash calorimetry,not stated,,,1980
282.0,24.66,0.49,None kPa,N/A,23729,['C'],A,Laser flash calorimetry,not stated,,,1980
290.0,24.71,0.49,None kPa,N/A,23729,['C'],A,Laser flash calorimetry,not stated,,,1980
294.0,24.59,0.49,None kPa,N/A,23729,['C'],A,Laser flash calorimetry,not stated,,,1980
296.0,24.76,0.5,None kPa,N/A,23729,['C'],A,Laser flash calorimetry,not stated,,,1980
300.0,24.69,0.49,None kPa,N/A,23729,['C'],A,Laser flash calorimetry,not stated,,,1980
300.0,24.83,0.5,None kPa,N/A,23729,['C'],A,Laser flash calorimetry,not stated,,,1980
307.0,24.87,0.5,None kPa,N/A,23729,['C'],A,Laser flash calorimetry,not stated,,,1980
308.0,24.78,0.5,None kPa,N/A,23729,['C'],A,Laser flash calorimetry,not stated,,,1980
313.0,24.94,0.5,None kPa,N/A,23729,['C'],A,Laser flash calorimetry,not stated,,,1980
319.0,25.06,0.5,None kPa,N/A,23729,['C'],A,Laser flash calorimetry,not stated,,,1980
320.0,25.02,0.5,None kPa,N/A,23729,['C'],A,Laser flash calorimetry,not stated,,,1980
327.0,25.04,0.5,None kPa,N/A,23729,['C'],A,Laser flash calorimetry,not stated,,,1980
332.0,25.1,0.5,None kPa,N/A,23729,['C'],A,Laser flash calorimetry,not stated,,,1980
336.0,25.16,0.5,None kPa,N/A,23729,['C'],A,Laser flash calorimetry,not stated,,,1980
342.0,25.27,0.51,None kPa,N/A,23729,['C'],A,Laser flash calorimetry,not stated,,,1980
442.0,25.85,0.52,None kPa,N/A,23729,['C'],A,Laser flash calorimetry,not stated,,,1980
551.0,26.28,0.53,None kPa,N/A,23729,['C'],A,Laser flash calorimetry,not stated,,,1980
712.0,26.99,0.77,None kPa,N/A,23729,['C'],A,Laser flash calorimetry,not stated,,,1980
756.0,27.2,0.86,None kPa,N/A,23729,['C'],A,Laser flash calorimetry,not stated,,,1980
780.0,27.35,0.92,None kPa,N/A,23729,['C'],A,Laser flash calorimetry,not stated,,,1980
815.0,27.62,1.0,None kPa,N/A,23729,['C'],A,Laser flash calorimetry,not stated,,,1980
867.0,27.79,1.11,None kPa,N/A,23729,['C'],A,Laser flash calorimetry,not stated,,,1980
892.0,27.94,1.17,None kPa,N/A,23729,['C'],A,Laser flash calorimetry,not stated,,,1980
917.0,28.09,1.23,None kPa,N/A,23729,['C'],A,Laser flash calorimetry,not stated,,,1980
940.0,28.03,1.28,None kPa,N/A,23729,['C'],A,Laser flash calorimetry,not stated,,,1980
992.0,28.36,1.4,None kPa,N/A,23729,['C'],A,Laser flash calorimetry,not stated,,,1980
298.15,24.68,0.4936,None kPa,N/A,23730,['C'],A,Laser flash calorimetry,not stated,,,1980
996.41,27.488,0.82464,1e-06 kPa,N/A,24793,['C'],A,Resistive pulse heating - millisecond,"origin: commercial source,99.9 % (total),stated by supplier,tube",99.9,Not Specified %,1985
997.93,27.329,0.81987,None kPa,N/A,24793,['C'],A,Resistive pulse heating - millisecond,"origin: commercial source,99.9 % (total),stated by supplier,tube",99.9,Not Specified %,1985
998.33,27.707,0.83121,None kPa,N/A,24793,['C'],A,Resistive pulse heating - millisecond,"origin: commercial source,99.9 % (total),stated by supplier,tube",99.9,Not Specified %,1985
1047.3,27.698,0.83094,None kPa,N/A,24793,['C'],A,Resistive pulse heating - millisecond,"origin: commercial source,99.9 % (total),stated by supplier,tube",99.9,Not Specified %,1985
1049.0,27.927,0.83781,None kPa,N/A,24793,['C'],A,Resistive pulse heating - millisecond,"origin: commercial source,99.9 % (total),stated by supplier,tube",99.9,Not Specified %,1985
1049.2,27.885,0.83655,None kPa,N/A,24793,['C'],A,Resistive pulse heating - millisecond,"origin: commercial source,99.9 % (total),stated by supplier,tube",99.9,Not Specified %,1985
1050.0,27.921,0.83763,None kPa,N/A,24793,['C'],A,Resistive pulse heating - millisecond,"origin: commercial source,99.9 % (total),stated by supplier,tube",99.9,Not Specified %,1985
1058.2,27.911,0.83733,None kPa,N/A,24793,['C'],A,Resistive pulse heating - millisecond,"origin: commercial source,99.9 % (total),stated by supplier,tube",99.9,Not Specified %,1985
1095.5,28.101,0.84303,None kPa,N/A,24793,['C'],A,Resistive pulse heating - millisecond,"origin: commercial source,99.9 % (total),stated by supplier,tube",99.9,Not Specified %,1985
1095.8,28.092,0.84276,None kPa,N/A,24793,['C'],A,Resistive pulse heating - millisecond,"origin: commercial source,99.9 % (total),stated by supplier,tube",99.9,Not Specified %,1985
1097.9,28.122,0.84366,None kPa,N/A,24793,['C'],A,Resistive pulse heating - millisecond,"origin: commercial source,99.9 % (total),stated by supplier,tube",99.9,Not Specified %,1985
1098.2,27.992,0.83976,None kPa,N/A,24793,['C'],A,Resistive pulse heating - millisecond,"origin: commercial source,99.9 % (total),stated by supplier,tube",99.9,Not Specified %,1985
1099.8,28.051,0.84153,None kPa,N/A,24793,['C'],A,Resistive pulse heating - millisecond,"origin: commercial source,99.9 % (total),stated by supplier,tube",99.9,Not Specified %,1985
1147.0,28.329,0.84987,None kPa,N/A,24793,['C'],A,Resistive pulse heating - millisecond,"origin: commercial source,99.9 % (total),stated by supplier,tube",99.9,Not Specified %,1985
1148.5,28.321,0.84963,None kPa,N/A,24793,['C'],A,Resistive pulse heating - millisecond,"origin: commercial source,99.9 % (total),stated by supplier,tube",99.9,Not Specified %,1985
1148.9,28.248,0.84744,None kPa,N/A,24793,['C'],A,Resistive pulse heating - millisecond,"origin: commercial source,99.9 % (total),stated by supplier,tube",99.9,Not Specified %,1985
1149.9,28.239,0.84717,None kPa,N/A,24793,['C'],A,Resistive pulse heating - millisecond,"origin: commercial source,99.9 % (total),stated by supplier,tube",99.9,Not Specified %,1985
1150.1,28.356,0.85068,None kPa,N/A,24793,['C'],A,Resistive pulse heating - millisecond,"origin: commercial source,99.9 % (total),stated by supplier,tube",99.9,Not Specified %,1985
1198.3,28.574,0.85722,None kPa,N/A,24793,['C'],A,Resistive pulse heating - millisecond,"origin: commercial source,99.9 % (total),stated by supplier,tube",99.9,Not Specified %,1985
1198.4,28.476,0.85428,None kPa,N/A,24793,['C'],A,Resistive pulse heating - millisecond,"origin: commercial source,99.9 % (total),stated by supplier,tube",99.9,Not Specified %,1985
1198.7,28.546,0.85638,None kPa,N/A,24793,['C'],A,Resistive pulse heating - millisecond,"origin: commercial source,99.9 % (total),stated by supplier,tube",99.9,Not Specified %,1985
1199.0,28.559,0.85677,None kPa,N/A,24793,['C'],A,Resistive pulse heating - millisecond,"origin: commercial source,99.9 % (total),stated by supplier,tube",99.9,Not Specified %,1985
1199.9,28.461,0.85383,None kPa,N/A,24793,['C'],A,Resistive pulse heating - millisecond,"origin: commercial source,99.9 % (total),stated by supplier,tube",99.9,Not Specified %,1985
1247.0,28.816,0.86448,None kPa,N/A,24793,['C'],A,Resistive pulse heating - millisecond,"origin: commercial source,99.9 % (total),stated by supplier,tube",99.9,Not Specified %,1985
1247.6,28.71,0.8613,None kPa,N/A,24793,['C'],A,Resistive pulse heating - millisecond,"origin: commercial source,99.9 % (total),stated by supplier,tube",99.9,Not Specified %,1985
1247.9,28.781,0.86343,None kPa,N/A,24793,['C'],A,Resistive pulse heating - millisecond,"origin: commercial source,99.9 % (total),stated by supplier,tube",99.9,Not Specified %,1985
1248.7,28.764,0.86292,None kPa,N/A,24793,['C'],A,Resistive pulse heating - millisecond,"origin: commercial source,99.9 % (total),stated by supplier,tube",99.9,Not Specified %,1985
1250.6,28.676,0.86028,None kPa,N/A,24793,['C'],A,Resistive pulse heating - millisecond,"origin: commercial source,99.9 % (total),stated by supplier,tube",99.9,Not Specified %,1985
1297.0,28.919,0.86757,None kPa,N/A,24793,['C'],A,Resistive pulse heating - millisecond,"origin: commercial source,99.9 % (total),stated by supplier,tube",99.9,Not Specified %,1985
1297.6,29.002,0.87006,None kPa,N/A,24793,['C'],A,Resistive pulse heating - millisecond,"origin: commercial source,99.9 % (total),stated by supplier,tube",99.9,Not Specified %,1985
1298.2,29.073,0.87219,None kPa,N/A,24793,['C'],A,Resistive pulse heating - millisecond,"origin: commercial source,99.9 % (total),stated by supplier,tube",99.9,Not Specified %,1985
1298.5,28.895,0.86685,None kPa,N/A,24793,['C'],A,Resistive pulse heating - millisecond,"origin: commercial source,99.9 % (total),stated by supplier,tube",99.9,Not Specified %,1985
1298.9,28.986,0.86958,None kPa,N/A,24793,['C'],A,Resistive pulse heating - millisecond,"origin: commercial source,99.9 % (total),stated by supplier,tube",99.9,Not Specified %,1985
1344.9,29.167,0.87501,None kPa,N/A,24793,['C'],A,Resistive pulse heating - millisecond,"origin: commercial source,99.9 % (total),stated by supplier,tube",99.9,Not Specified %,1985
1345.4,29.316,0.87948,None kPa,N/A,24793,['C'],A,Resistive pulse heating - millisecond,"origin: commercial source,99.9 % (total),stated by supplier,tube",99.9,Not Specified %,1985
1347.1,29.267,0.87801,None kPa,N/A,24793,['C'],A,Resistive pulse heating - millisecond,"origin: commercial source,99.9 % (total),stated by supplier,tube",99.9,Not Specified %,1985
1348.2,29.143,0.87429,None kPa,N/A,24793,['C'],A,Resistive pulse heating - millisecond,"origin: commercial source,99.9 % (total),stated by supplier,tube",99.9,Not Specified %,1985
1348.9,29.246,0.87738,None kPa,N/A,24793,['C'],A,Resistive pulse heating - millisecond,"origin: commercial source,99.9 % (total),stated by supplier,tube",99.9,Not Specified %,1985
1395.4,29.469,0.88407,None kPa,N/A,24793,['C'],A,Resistive pulse heating - millisecond,"origin: commercial source,99.9 % (total),stated by supplier,tube",99.9,Not Specified %,1985
1396.6,29.556,0.88668,None kPa,N/A,24793,['C'],A,Resistive pulse heating - millisecond,"origin: commercial source,99.9 % (total),stated by supplier,tube",99.9,Not Specified %,1985
1399.8,29.461,0.88383,None kPa,N/A,24793,['C'],A,Resistive pulse heating - millisecond,"origin: commercial source,99.9 % (total),stated by supplier,tube",99.9,Not Specified %,1985
1399.9,29.543,0.88629,None kPa,N/A,24793,['C'],A,Resistive pulse heating - millisecond,"origin: commercial source,99.9 % (total),stated by supplier,tube",99.9,Not Specified %,1985
1400.7,29.416,0.88248,None kPa,N/A,24793,['C'],A,Resistive pulse heating - millisecond,"origin: commercial source,99.9 % (total),stated by supplier,tube",99.9,Not Specified %,1985
1447.5,29.75,0.8925,None kPa,N/A,24793,['C'],A,Resistive pulse heating - millisecond,"origin: commercial source,99.9 % (total),stated by supplier,tube",99.9,Not Specified %,1985
1449.0,29.856,0.89568,None kPa,N/A,24793,['C'],A,Resistive pulse heating - millisecond,"origin: commercial source,99.9 % (total),stated by supplier,tube",99.9,Not Specified %,1985
1450.8,29.738,0.89214,None kPa,N/A,24793,['C'],A,Resistive pulse heating - millisecond,"origin: commercial source,99.9 % (total),stated by supplier,tube",99.9,Not Specified %,1985
1451.2,29.669,0.89007,None kPa,N/A,24793,['C'],A,Resistive pulse heating - millisecond,"origin: commercial source,99.9 % (total),stated by supplier,tube",99.9,Not Specified %,1985
1455.4,29.842,0.89526,None kPa,N/A,24793,['C'],A,Resistive pulse heating - millisecond,"origin: commercial source,99.9 % (total),stated by supplier,tube",99.9,Not Specified %,1985
1496.5,30.032,0.90096,None kPa,N/A,24793,['C'],A,Resistive pulse heating - millisecond,"origin: commercial source,99.9 % (total),stated by supplier,tube",99.9,Not Specified %,1985
1497.7,29.999,0.89997,None kPa,N/A,24793,['C'],A,Resistive pulse heating - millisecond,"origin: commercial source,99.9 % (total),stated by supplier,tube",99.9,Not Specified %,1985
1499.9,30.091,0.90273,None kPa,N/A,24793,['C'],A,Resistive pulse heating - millisecond,"origin: commercial source,99.9 % (total),stated by supplier,tube",99.9,Not Specified %,1985
1500.7,29.935,0.89805,None kPa,N/A,24793,['C'],A,Resistive pulse heating - millisecond,"origin: commercial source,99.9 % (total),stated by supplier,tube",99.9,Not Specified %,1985
1500.7,30.111,0.90333,None kPa,N/A,24793,['C'],A,Resistive pulse heating - millisecond,"origin: commercial source,99.9 % (total),stated by supplier,tube",99.9,Not Specified %,1985
1547.5,30.32,0.9096,None kPa,N/A,24793,['C'],A,Resistive pulse heating - millisecond,"origin: commercial source,99.9 % (total),stated by supplier,tube",99.9,Not Specified %,1985
1547.6,30.388,0.91164,None kPa,N/A,24793,['C'],A,Resistive pulse heating - millisecond,"origin: commercial source,99.9 % (total),stated by supplier,tube",99.9,Not Specified %,1985
1547.8,30.356,0.91068,None kPa,N/A,24793,['C'],A,Resistive pulse heating - millisecond,"origin: commercial source,99.9 % (total),stated by supplier,tube",99.9,Not Specified %,1985
1549.4,30.21,0.9063,None kPa,N/A,24793,['C'],A,Resistive pulse heating - millisecond,"origin: commercial source,99.9 % (total),stated by supplier,tube",99.9,Not Specified %,1985
1549.5,30.308,0.90924,None kPa,N/A,24793,['C'],A,Resistive pulse heating - millisecond,"origin: commercial source,99.9 % (total),stated by supplier,tube",99.9,Not Specified %,1985
1597.5,30.596,0.91788,None kPa,N/A,24793,['C'],A,Resistive pulse heating - millisecond,"origin: commercial source,99.9 % (total),stated by supplier,tube",99.9,Not Specified %,1985
1599.3,30.63,0.9189,None kPa,N/A,24793,['C'],A,Resistive pulse heating - millisecond,"origin: commercial source,99.9 % (total),stated by supplier,tube",99.9,Not Specified %,1985
1599.3,30.499,0.91497,None kPa,N/A,24793,['C'],A,Resistive pulse heating - millisecond,"origin: commercial source,99.9 % (total),stated by supplier,tube",99.9,Not Specified %,1985
1600.2,30.682,0.92046,None kPa,N/A,24793,['C'],A,Resistive pulse heating - millisecond,"origin: commercial source,99.9 % (total),stated by supplier,tube",99.9,Not Specified %,1985
1600.7,30.699,0.92097,None kPa,N/A,24793,['C'],A,Resistive pulse heating - millisecond,"origin: commercial source,99.9 % (total),stated by supplier,tube",99.9,Not Specified %,1985
1648.2,30.921,0.92763,None kPa,N/A,24793,['C'],A,Resistive pulse heating - millisecond,"origin: commercial source,99.9 % (total),stated by supplier,tube",99.9,Not Specified %,1985
1649.0,30.768,0.92304,None kPa,N/A,24793,['C'],A,Resistive pulse heating - millisecond,"origin: commercial source,99.9 % (total),stated by supplier,tube",99.9,Not Specified %,1985
1649.9,30.971,0.92913,None kPa,N/A,24793,['C'],A,Resistive pulse heating - millisecond,"origin: commercial source,99.9 % (total),stated by supplier,tube",99.9,Not Specified %,1985
1649.9,31.022,0.93066,None kPa,N/A,24793,['C'],A,Resistive pulse heating - millisecond,"origin: commercial source,99.9 % (total),stated by supplier,tube",99.9,Not Specified %,1985
1650.5,30.914,0.92742,None kPa,N/A,24793,['C'],A,Resistive pulse heating - millisecond,"origin: commercial source,99.9 % (total),stated by supplier,tube",99.9,Not Specified %,1985
1699.0,31.386,0.94158,None kPa,N/A,24793,['C'],A,Resistive pulse heating - millisecond,"origin: commercial source,99.9 % (total),stated by supplier,tube",99.9,Not Specified %,1985
1699.6,31.327,0.93981,None kPa,N/A,24793,['C'],A,Resistive pulse heating - millisecond,"origin: commercial source,99.9 % (total),stated by supplier,tube",99.9,Not Specified %,1985
1700.6,31.127,0.93381,None kPa,N/A,24793,['C'],A,Resistive pulse heating - millisecond,"origin: commercial source,99.9 % (total),stated by supplier,tube",99.9,Not Specified %,1985
1701.8,31.255,0.93765,None kPa,N/A,24793,['C'],A,Resistive pulse heating - millisecond,"origin: commercial source,99.9 % (total),stated by supplier,tube",99.9,Not Specified %,1985
1702.0,31.218,0.93654,None kPa,N/A,24793,['C'],A,Resistive pulse heating - millisecond,"origin: commercial source,99.9 % (total),stated by supplier,tube",99.9,Not Specified %,1985
1749.3,31.458,0.94374,None kPa,N/A,24793,['C'],A,Resistive pulse heating - millisecond,"origin: commercial source,99.9 % (total),stated by supplier,tube",99.9,Not Specified %,1985
1750.7,31.608,0.94824,None kPa,N/A,24793,['C'],A,Resistive pulse heating - millisecond,"origin: commercial source,99.9 % (total),stated by supplier,tube",99.9,Not Specified %,1985
1751.7,31.703,0.95109,None kPa,N/A,24793,['C'],A,Resistive pulse heating - millisecond,"origin: commercial source,99.9 % (total),stated by supplier,tube",99.9,Not Specified %,1985
1752.3,31.729,0.95187,None kPa,N/A,24793,['C'],A,Resistive pulse heating - millisecond,"origin: commercial source,99.9 % (total),stated by supplier,tube",99.9,Not Specified %,1985
1753.1,31.595,0.94785,None kPa,N/A,24793,['C'],A,Resistive pulse heating - millisecond,"origin: commercial source,99.9 % (total),stated by supplier,tube",99.9,Not Specified %,1985
1795.9,31.922,0.95766,None kPa,N/A,24793,['C'],A,Resistive pulse heating - millisecond,"origin: commercial source,99.9 % (total),stated by supplier,tube",99.9,Not Specified %,1985
1798.6,32.031,0.96093,None kPa,N/A,24793,['C'],A,Resistive pulse heating - millisecond,"origin: commercial source,99.9 % (total),stated by supplier,tube",99.9,Not Specified %,1985
1799.8,31.831,0.95493,None kPa,N/A,24793,['C'],A,Resistive pulse heating - millisecond,"origin: commercial source,99.9 % (total),stated by supplier,tube",99.9,Not Specified %,1985
1800.7,32.066,0.96198,None kPa,N/A,24793,['C'],A,Resistive pulse heating - millisecond,"origin: commercial source,99.9 % (total),stated by supplier,tube",99.9,Not Specified %,1985
1801.3,31.981,0.95943,None kPa,N/A,24793,['C'],A,Resistive pulse heating - millisecond,"origin: commercial source,99.9 % (total),stated by supplier,tube",99.9,Not Specified %,1985
1848.5,32.34,0.9702,None kPa,N/A,24793,['C'],A,Resistive pulse heating - millisecond,"origin: commercial source,99.9 % (total),stated by supplier,tube",99.9,Not Specified %,1985
1849.5,32.209,0.96627,None kPa,N/A,24793,['C'],A,Resistive pulse heating - millisecond,"origin: commercial source,99.9 % (total),stated by supplier,tube",99.9,Not Specified %,1985
1850.7,32.466,0.97398,None kPa,N/A,24793,['C'],A,Resistive pulse heating - millisecond,"origin: commercial source,99.9 % (total),stated by supplier,tube",99.9,Not Specified %,1985
1851.1,32.373,0.97119,None kPa,N/A,24793,['C'],A,Resistive pulse heating - millisecond,"origin: commercial source,99.9 % (total),stated by supplier,tube",99.9,Not Specified %,1985
1851.1,32.391,0.97173,None kPa,N/A,24793,['C'],A,Resistive pulse heating - millisecond,"origin: commercial source,99.9 % (total),stated by supplier,tube",99.9,Not Specified %,1985
1899.5,32.771,0.98313,None kPa,N/A,24793,['C'],A,Resistive pulse heating - millisecond,"origin: commercial source,99.9 % (total),stated by supplier,tube",99.9,Not Specified %,1985
1900.3,32.605,0.97815,None kPa,N/A,24793,['C'],A,Resistive pulse heating - millisecond,"origin: commercial source,99.9 % (total),stated by supplier,tube",99.9,Not Specified %,1985
1900.4,32.855,0.98565,None kPa,N/A,24793,['C'],A,Resistive pulse heating - millisecond,"origin: commercial source,99.9 % (total),stated by supplier,tube",99.9,Not Specified %,1985
1901.3,32.772,0.98316,None kPa,N/A,24793,['C'],A,Resistive pulse heating - millisecond,"origin: commercial source,99.9 % (total),stated by supplier,tube",99.9,Not Specified %,1985
1930.9,33.026,0.99078,None kPa,N/A,24793,['C'],A,Resistive pulse heating - millisecond,"origin: commercial source,99.9 % (total),stated by supplier,tube",99.9,Not Specified %,1985
1950.4,33.275,0.99825,None kPa,N/A,24793,['C'],A,Resistive pulse heating - millisecond,"origin: commercial source,99.9 % (total),stated by supplier,tube",99.9,Not Specified %,1985
1951.0,33.182,0.99546,None kPa,N/A,24793,['C'],A,Resistive pulse heating - millisecond,"origin: commercial source,99.9 % (total),stated by supplier,tube",99.9,Not Specified %,1985
1951.3,33.035,0.99105,None kPa,N/A,24793,['C'],A,Resistive pulse heating - millisecond,"origin: commercial source,99.9 % (total),stated by supplier,tube",99.9,Not Specified %,1985
1951.3,33.202,0.99606,None kPa,N/A,24793,['C'],A,Resistive pulse heating - millisecond,"origin: commercial source,99.9 % (total),stated by supplier,tube",99.9,Not Specified %,1985
1980.1,33.454,1.00362,None kPa,N/A,24793,['C'],A,Resistive pulse heating - millisecond,"origin: commercial source,99.9 % (total),stated by supplier,tube",99.9,Not Specified %,1985
1999.5,33.628,1.00884,None kPa,N/A,24793,['C'],A,Resistive pulse heating - millisecond,"origin: commercial source,99.9 % (total),stated by supplier,tube",99.9,Not Specified %,1985
2000.2,33.465,1.00395,None kPa,N/A,24793,['C'],A,Resistive pulse heating - millisecond,"origin: commercial source,99.9 % (total),stated by supplier,tube",99.9,Not Specified %,1985
2000.6,33.716,1.01148,None kPa,N/A,24793,['C'],A,Resistive pulse heating - millisecond,"origin: commercial source,99.9 % (total),stated by supplier,tube",99.9,Not Specified %,1985
2001.3,33.63,1.0089,None kPa,N/A,24793,['C'],A,Resistive pulse heating - millisecond,"origin: commercial source,99.9 % (total),stated by supplier,tube",99.9,Not Specified %,1985
2049.1,34.18,1.0254,None kPa,N/A,24793,['C'],A,Resistive pulse heating - millisecond,"origin: commercial source,99.9 % (total),stated by supplier,tube",99.9,Not Specified %,1985
2049.7,34.088,1.02264,None kPa,N/A,24793,['C'],A,Resistive pulse heating - millisecond,"origin: commercial source,99.9 % (total),stated by supplier,tube",99.9,Not Specified %,1985
2050.9,33.932,1.01796,None kPa,N/A,24793,['C'],A,Resistive pulse heating - millisecond,"origin: commercial source,99.9 % (total),stated by supplier,tube",99.9,Not Specified %,1985
2051.0,34.123,1.02369,None kPa,N/A,24793,['C'],A,Resistive pulse heating - millisecond,"origin: commercial source,99.9 % (total),stated by supplier,tube",99.9,Not Specified %,1985
2065.8,34.253,1.02759,None kPa,N/A,24793,['C'],A,Resistive pulse heating - millisecond,"origin: commercial source,99.9 % (total),stated by supplier,tube",99.9,Not Specified %,1985
2098.0,34.649,1.03947,None kPa,N/A,24793,['C'],A,Resistive pulse heating - millisecond,"origin: commercial source,99.9 % (total),stated by supplier,tube",99.9,Not Specified %,1985
2101.0,34.639,1.03917,None kPa,N/A,24793,['C'],A,Resistive pulse heating - millisecond,"origin: commercial source,99.9 % (total),stated by supplier,tube",99.9,Not Specified %,1985
2101.1,34.366,1.03098,None kPa,N/A,24793,['C'],A,Resistive pulse heating - millisecond,"origin: commercial source,99.9 % (total),stated by supplier,tube",99.9,Not Specified %,1985
2101.1,34.581,1.03743,None kPa,N/A,24793,['C'],A,Resistive pulse heating - millisecond,"origin: commercial source,99.9 % (total),stated by supplier,tube",99.9,Not Specified %,1985
2101.4,34.596,1.03788,None kPa,N/A,24793,['C'],A,Resistive pulse heating - millisecond,"origin: commercial source,99.9 % (total),stated by supplier,tube",99.9,Not Specified %,1985
2149.5,35.182,1.05546,None kPa,N/A,24793,['C'],A,Resistive pulse heating - millisecond,"origin: commercial source,99.9 % (total),stated by supplier,tube",99.9,Not Specified %,1985
2149.7,35.076,1.05228,None kPa,N/A,24793,['C'],A,Resistive pulse heating - millisecond,"origin: commercial source,99.9 % (total),stated by supplier,tube",99.9,Not Specified %,1985
2151.2,34.867,1.04601,None kPa,N/A,24793,['C'],A,Resistive pulse heating - millisecond,"origin: commercial source,99.9 % (total),stated by supplier,tube",99.9,Not Specified %,1985
2151.6,35.11,1.0533,None kPa,N/A,24793,['C'],A,Resistive pulse heating - millisecond,"origin: commercial source,99.9 % (total),stated by supplier,tube",99.9,Not Specified %,1985
2199.9,35.628,1.06884,None kPa,N/A,24793,['C'],A,Resistive pulse heating - millisecond,"origin: commercial source,99.9 % (total),stated by supplier,tube",99.9,Not Specified %,1985
2200.8,35.393,1.06179,None kPa,N/A,24793,['C'],A,Resistive pulse heating - millisecond,"origin: commercial source,99.9 % (total),stated by supplier,tube",99.9,Not Specified %,1985
2200.9,35.652,1.06956,None kPa,N/A,24793,['C'],A,Resistive pulse heating - millisecond,"origin: commercial source,99.9 % (total),stated by supplier,tube",99.9,Not Specified %,1985
2201.1,35.75,1.0725,None kPa,N/A,24793,['C'],A,Resistive pulse heating - millisecond,"origin: commercial source,99.9 % (total),stated by supplier,tube",99.9,Not Specified %,1985
2215.2,35.794,1.07382,None kPa,N/A,24793,['C'],A,Resistive pulse heating - millisecond,"origin: commercial source,99.9 % (total),stated by supplier,tube",99.9,Not Specified %,1985
2249.5,36.216,1.08648,None kPa,N/A,24793,['C'],A,Resistive pulse heating - millisecond,"origin: commercial source,99.9 % (total),stated by supplier,tube",99.9,Not Specified %,1985
2249.6,35.94,1.0782,None kPa,N/A,24793,['C'],A,Resistive pulse heating - millisecond,"origin: commercial source,99.9 % (total),stated by supplier,tube",99.9,Not Specified %,1985
2251.4,36.198,1.08594,None kPa,N/A,24793,['C'],A,Resistive pulse heating - millisecond,"origin: commercial source,99.9 % (total),stated by supplier,tube",99.9,Not Specified %,1985
2251.6,36.327,1.08981,None kPa,N/A,24793,['C'],A,Resistive pulse heating - millisecond,"origin: commercial source,99.9 % (total),stated by supplier,tube",99.9,Not Specified %,1985
2252.7,36.244,1.08732,None kPa,N/A,24793,['C'],A,Resistive pulse heating - millisecond,"origin: commercial source,99.9 % (total),stated by supplier,tube",99.9,Not Specified %,1985
2298.3,36.73,1.1019,None kPa,N/A,24793,['C'],A,Resistive pulse heating - millisecond,"origin: commercial source,99.9 % (total),stated by supplier,tube",99.9,Not Specified %,1985
2298.9,36.531,1.09593,None kPa,N/A,24793,['C'],A,Resistive pulse heating - millisecond,"origin: commercial source,99.9 % (total),stated by supplier,tube",99.9,Not Specified %,1985
2301.7,36.852,1.10556,None kPa,N/A,24793,['C'],A,Resistive pulse heating - millisecond,"origin: commercial source,99.9 % (total),stated by supplier,tube",99.9,Not Specified %,1985
2302.8,36.944,1.10832,None kPa,N/A,24793,['C'],A,Resistive pulse heating - millisecond,"origin: commercial source,99.9 % (total),stated by supplier,tube",99.9,Not Specified %,1985
2304.6,36.909,1.10727,None kPa,N/A,24793,['C'],A,Resistive pulse heating - millisecond,"origin: commercial source,99.9 % (total),stated by supplier,tube",99.9,Not Specified %,1985
2349.9,37.49,1.1247,None kPa,N/A,24793,['C'],A,Resistive pulse heating - millisecond,"origin: commercial source,99.9 % (total),stated by supplier,tube",99.9,Not Specified %,1985
2350.0,37.51,1.1253,None kPa,N/A,24793,['C'],A,Resistive pulse heating - millisecond,"origin: commercial source,99.9 % (total),stated by supplier,tube",99.9,Not Specified %,1985
2350.0,37.539,1.12617,None kPa,N/A,24793,['C'],A,Resistive pulse heating - millisecond,"origin: commercial source,99.9 % (total),stated by supplier,tube",99.9,Not Specified %,1985
2351.4,37.203,1.11609,None kPa,N/A,24793,['C'],A,Resistive pulse heating - millisecond,"origin: commercial source,99.9 % (total),stated by supplier,tube",99.9,Not Specified %,1985
2352.3,37.395,1.12185,None kPa,N/A,24793,['C'],A,Resistive pulse heating - millisecond,"origin: commercial source,99.9 % (total),stated by supplier,tube",99.9,Not Specified %,1985
2398.3,38.237,1.14711,None kPa,N/A,24793,['C'],A,Resistive pulse heating - millisecond,"origin: commercial source,99.9 % (total),stated by supplier,tube",99.9,Not Specified %,1985
2399.6,38.223,1.14669,None kPa,N/A,24793,['C'],A,Resistive pulse heating - millisecond,"origin: commercial source,99.9 % (total),stated by supplier,tube",99.9,Not Specified %,1985
2400.2,38.005,1.14015,None kPa,N/A,24793,['C'],A,Resistive pulse heating - millisecond,"origin: commercial source,99.9 % (total),stated by supplier,tube",99.9,Not Specified %,1985
2402.2,37.896,1.13688,None kPa,N/A,24793,['C'],A,Resistive pulse heating - millisecond,"origin: commercial source,99.9 % (total),stated by supplier,tube",99.9,Not Specified %,1985
2403.1,38.213,1.14639,None kPa,N/A,24793,['C'],A,Resistive pulse heating - millisecond,"origin: commercial source,99.9 % (total),stated by supplier,tube",99.9,Not Specified %,1985
2448.6,39.006,1.17018,None kPa,N/A,24793,['C'],A,Resistive pulse heating - millisecond,"origin: commercial source,99.9 % (total),stated by supplier,tube",99.9,Not Specified %,1985
2448.9,38.95,1.1685,None kPa,N/A,24793,['C'],A,Resistive pulse heating - millisecond,"origin: commercial source,99.9 % (total),stated by supplier,tube",99.9,Not Specified %,1985
2449.4,38.705,1.16115,None kPa,N/A,24793,['C'],A,Resistive pulse heating - millisecond,"origin: commercial source,99.9 % (total),stated by supplier,tube",99.9,Not Specified %,1985
2450.2,38.606,1.15818,None kPa,N/A,24793,['C'],A,Resistive pulse heating - millisecond,"origin: commercial source,99.9 % (total),stated by supplier,tube",99.9,Not Specified %,1985
2450.7,38.919,1.16757,None kPa,N/A,24793,['C'],A,Resistive pulse heating - millisecond,"origin: commercial source,99.9 % (total),stated by supplier,tube",99.9,Not Specified %,1985
2498.0,39.989,1.19967,None kPa,N/A,24793,['C'],A,Resistive pulse heating - millisecond,"origin: commercial source,99.9 % (total),stated by supplier,tube",99.9,Not Specified %,1985
2498.5,39.732,1.19196,None kPa,N/A,24793,['C'],A,Resistive pulse heating - millisecond,"origin: commercial source,99.9 % (total),stated by supplier,tube",99.9,Not Specified %,1985
2498.9,39.406,1.18218,None kPa,N/A,24793,['C'],A,Resistive pulse heating - millisecond,"origin: commercial source,99.9 % (total),stated by supplier,tube",99.9,Not Specified %,1985
2499.7,39.497,1.18491,None kPa,N/A,24793,['C'],A,Resistive pulse heating - millisecond,"origin: commercial source,99.9 % (total),stated by supplier,tube",99.9,Not Specified %,1985
2500.3,39.695,1.19085,None kPa,N/A,24793,['C'],A,Resistive pulse heating - millisecond,"origin: commercial source,99.9 % (total),stated by supplier,tube",99.9,Not Specified %,1985
2547.9,40.287,1.20861,None kPa,N/A,24793,['C'],A,Resistive pulse heating - millisecond,"origin: commercial source,99.9 % (total),stated by supplier,tube",99.9,Not Specified %,1985
2548.4,40.581,1.21743,None kPa,N/A,24793,['C'],A,Resistive pulse heating - millisecond,"origin: commercial source,99.9 % (total),stated by supplier,tube",99.9,Not Specified %,1985
2549.6,40.894,1.22682,None kPa,N/A,24793,['C'],A,Resistive pulse heating - millisecond,"origin: commercial source,99.9 % (total),stated by supplier,tube",99.9,Not Specified %,1985
2550.6,40.553,1.21659,None kPa,N/A,24793,['C'],A,Resistive pulse heating - millisecond,"origin: commercial source,99.9 % (total),stated by supplier,tube",99.9,Not Specified %,1985
2596.2,41.321,1.23963,None kPa,N/A,24793,['C'],A,Resistive pulse heating - millisecond,"origin: commercial source,99.9 % (total),stated by supplier,tube",99.9,Not Specified %,1985
2598.8,41.161,1.23483,None kPa,N/A,24793,['C'],A,Resistive pulse heating - millisecond,"origin: commercial source,99.9 % (total),stated by supplier,tube",99.9,Not Specified %,1985
2599.0,41.854,1.25562,None kPa,N/A,24793,['C'],A,Resistive pulse heating - millisecond,"origin: commercial source,99.9 % (total),stated by supplier,tube",99.9,Not Specified %,1985
1000.0,27.55,0.8265,1e-06 kPa,N/A,24795,['C'],A,Resistive pulse heating - millisecond,"origin: commercial source,99.9 % (total),stated by supplier,tube",99.9,Not Specified %,1985
1100.0,28.05,0.8415,None kPa,N/A,24795,['C'],A,Resistive pulse heating - millisecond,"origin: commercial source,99.9 % (total),stated by supplier,tube",99.9,Not Specified %,1985
1200.0,28.54,0.8562,None kPa,N/A,24795,['C'],A,Resistive pulse heating - millisecond,"origin: commercial source,99.9 % (total),stated by supplier,tube",99.9,Not Specified %,1985
1300.0,29.03,0.8709,None kPa,N/A,24795,['C'],A,Resistive pulse heating - millisecond,"origin: commercial source,99.9 % (total),stated by supplier,tube",99.9,Not Specified %,1985
1400.0,29.53,0.8859,None kPa,N/A,24795,['C'],A,Resistive pulse heating - millisecond,"origin: commercial source,99.9 % (total),stated by supplier,tube",99.9,Not Specified %,1985
1500.0,30.06,0.9018,None kPa,N/A,24795,['C'],A,Resistive pulse heating - millisecond,"origin: commercial source,99.9 % (total),stated by supplier,tube",99.9,Not Specified %,1985
1600.0,30.63,0.9189,None kPa,N/A,24795,['C'],A,Resistive pulse heating - millisecond,"origin: commercial source,99.9 % (total),stated by supplier,tube",99.9,Not Specified %,1985
1700.0,31.25,0.9375,None kPa,N/A,24795,['C'],A,Resistive pulse heating - millisecond,"origin: commercial source,99.9 % (total),stated by supplier,tube",99.9,Not Specified %,1985
1800.0,31.94,0.9582,None kPa,N/A,24795,['C'],A,Resistive pulse heating - millisecond,"origin: commercial source,99.9 % (total),stated by supplier,tube",99.9,Not Specified %,1985
1900.0,32.71,0.9813,None kPa,N/A,24795,['C'],A,Resistive pulse heating - millisecond,"origin: commercial source,99.9 % (total),stated by supplier,tube",99.9,Not Specified %,1985
2000.0,33.57,1.0071,None kPa,N/A,24795,['C'],A,Resistive pulse heating - millisecond,"origin: commercial source,99.9 % (total),stated by supplier,tube",99.9,Not Specified %,1985
2100.0,34.53,1.0359,None kPa,N/A,24795,['C'],A,Resistive pulse heating - millisecond,"origin: commercial source,99.9 % (total),stated by supplier,tube",99.9,Not Specified %,1985
2200.0,35.61,1.0683,None kPa,N/A,24795,['C'],A,Resistive pulse heating - millisecond,"origin: commercial source,99.9 % (total),stated by supplier,tube",99.9,Not Specified %,1985
2300.0,36.83,1.1049,None kPa,N/A,24795,['C'],A,Resistive pulse heating - millisecond,"origin: commercial source,99.9 % (total),stated by supplier,tube",99.9,Not Specified %,1985
2400.0,38.19,1.1457,None kPa,N/A,24795,['C'],A,Resistive pulse heating - millisecond,"origin: commercial source,99.9 % (total),stated by supplier,tube",99.9,Not Specified %,1985
2500.0,39.7,1.191,None kPa,N/A,24795,['C'],A,Resistive pulse heating - millisecond,"origin: commercial source,99.9 % (total),stated by supplier,tube",99.9,Not Specified %,1985
1100.0,28.396,1.13584,None kPa,N/A,27229,['C'],A,Resistive pulse heating - millisecond,"origin: commercial source,99.9 weight % (total),stated by supplier,foil",99.9,Weight %,1999
1200.0,29.012,1.16048,None kPa,N/A,27229,['C'],A,Resistive pulse heating - millisecond,"origin: commercial source,99.9 weight % (total),stated by supplier,foil",99.9,Weight %,1999
1300.0,29.534,1.18136,None kPa,N/A,27229,['C'],A,Resistive pulse heating - millisecond,"origin: commercial source,99.9 weight % (total),stated by supplier,foil",99.9,Weight %,1999
1400.0,30.003,1.20012,None kPa,N/A,27229,['C'],A,Resistive pulse heating - millisecond,"origin: commercial source,99.9 weight % (total),stated by supplier,foil",99.9,Weight %,1999
1500.0,30.459,1.21836,None kPa,N/A,27229,['C'],A,Resistive pulse heating - millisecond,"origin: commercial source,99.9 weight % (total),stated by supplier,foil",99.9,Weight %,1999
1600.0,30.935,1.2374,None kPa,N/A,27229,['C'],A,Resistive pulse heating - millisecond,"origin: commercial source,99.9 weight % (total),stated by supplier,foil",99.9,Weight %,1999
1700.0,31.463,1.25852,None kPa,N/A,27229,['C'],A,Resistive pulse heating - millisecond,"origin: commercial source,99.9 weight % (total),stated by supplier,foil",99.9,Weight %,1999
1800.0,32.067,1.28268,None kPa,N/A,27229,['C'],A,Resistive pulse heating - millisecond,"origin: commercial source,99.9 weight % (total),stated by supplier,foil",99.9,Weight %,1999
1900.0,32.771,1.31084,None kPa,N/A,27229,['C'],A,Resistive pulse heating - millisecond,"origin: commercial source,99.9 weight % (total),stated by supplier,foil",99.9,Weight %,1999
2000.0,33.594,1.34376,None kPa,N/A,27229,['C'],A,Resistive pulse heating - millisecond,"origin: commercial source,99.9 weight % (total),stated by supplier,foil",99.9,Weight %,1999
2100.0,34.548,1.38192,None kPa,N/A,27229,['C'],A,Resistive pulse heating - millisecond,"origin: commercial source,99.9 weight % (total),stated by supplier,foil",99.9,Weight %,1999
2200.0,35.645,1.4258,None kPa,N/A,27229,['C'],A,Resistive pulse heating - millisecond,"origin: commercial source,99.9 weight % (total),stated by supplier,foil",99.9,Weight %,1999
2300.0,36.892,1.47568,None kPa,N/A,27229,['C'],A,Resistive pulse heating - millisecond,"origin: commercial source,99.9 weight % (total),stated by supplier,foil",99.9,Weight %,1999
2400.0,38.29,1.5316,None kPa,N/A,27229,['C'],A,Resistive pulse heating - millisecond,"origin: commercial source,99.9 weight % (total),stated by supplier,foil",99.9,Weight %,1999
2500.0,39.839,1.59356,None kPa,N/A,27229,['C'],A,Resistive pulse heating - millisecond,"origin: commercial source,99.9 weight % (total),stated by supplier,foil",99.9,Weight %,1999
2600.0,41.532,1.66128,None kPa,N/A,27229,['C'],A,Resistive pulse heating - millisecond,"origin: commercial source,99.9 weight % (total),stated by supplier,foil",99.9,Weight %,1999
2700.0,43.362,1.73448,None kPa,N/A,27229,['C'],A,Resistive pulse heating - millisecond,"origin: commercial source,99.9 weight % (total),stated by supplier,foil",99.9,Weight %,1999
1600.0,30.0,2.4,101.325 kPa,N/A,27703,['C'],A,Resistive pulse heating,"origin: commercial source,99.9 weight % (total),stated by supplier,wire",99.9,Weight %,2002
1650.0,30.25,2.29,None kPa,N/A,27703,['C'],A,Resistive pulse heating,"origin: commercial source,99.9 weight % (total),stated by supplier,wire",99.9,Weight %,2002
1700.0,30.55,2.19,None kPa,N/A,27703,['C'],A,Resistive pulse heating,"origin: commercial source,99.9 weight % (total),stated by supplier,wire",99.9,Weight %,2002
1750.0,30.88,2.08,None kPa,N/A,27703,['C'],A,Resistive pulse heating,"origin: commercial source,99.9 weight % (total),stated by supplier,wire",99.9,Weight %,2002
1800.0,31.25,1.98,None kPa,N/A,27703,['C'],A,Resistive pulse heating,"origin: commercial source,99.9 weight % (total),stated by supplier,wire",99.9,Weight %,2002
1850.0,31.66,1.87,None kPa,N/A,27703,['C'],A,Resistive pulse heating,"origin: commercial source,99.9 weight % (total),stated by supplier,wire",99.9,Weight %,2002
1900.0,32.11,1.77,None kPa,N/A,27703,['C'],A,Resistive pulse heating,"origin: commercial source,99.9 weight % (total),stated by supplier,wire",99.9,Weight %,2002
1950.0,32.6,1.66,None kPa,N/A,27703,['C'],A,Resistive pulse heating,"origin: commercial source,99.9 weight % (total),stated by supplier,wire",99.9,Weight %,2002
2000.0,33.13,1.55,None kPa,N/A,27703,['C'],A,Resistive pulse heating,"origin: commercial source,99.9 weight % (total),stated by supplier,wire",99.9,Weight %,2002
2050.0,33.69,1.43,None kPa,N/A,27703,['C'],A,Resistive pulse heating,"origin: commercial source,99.9 weight % (total),stated by supplier,wire",99.9,Weight %,2002
2100.0,34.3,1.31,None kPa,N/A,27703,['C'],A,Resistive pulse heating,"origin: commercial source,99.9 weight % (total),stated by supplier,wire",99.9,Weight %,2002
2150.0,34.94,1.19,None kPa,N/A,27703,['C'],A,Resistive pulse heating,"origin: commercial source,99.9 weight % (total),stated by supplier,wire",99.9,Weight %,2002
2200.0,35.63,1.07,None kPa,N/A,27703,['C'],A,Resistive pulse heating,"origin: commercial source,99.9 weight % (total),stated by supplier,wire",99.9,Weight %,2002
2250.0,36.35,1.49,None kPa,N/A,27703,['C'],A,Resistive pulse heating,"origin: commercial source,99.9 weight % (total),stated by supplier,wire",99.9,Weight %,2002
2300.0,37.11,1.93,None kPa,N/A,27703,['C'],A,Resistive pulse heating,"origin: commercial source,99.9 weight % (total),stated by supplier,wire",99.9,Weight %,2002
2350.0,37.91,2.39,None kPa,N/A,27703,['C'],A,Resistive pulse heating,"origin: commercial source,99.9 weight % (total),stated by supplier,wire",99.9,Weight %,2002
2400.0,38.75,2.87,None kPa,N/A,27703,['C'],A,Resistive pulse heating,"origin: commercial source,99.9 weight % (total),stated by supplier,wire",99.9,Weight %,2002
2450.0,39.63,3.37,None kPa,N/A,27703,['C'],A,Resistive pulse heating,"origin: commercial source,99.9 weight % (total),stated by supplier,wire",99.9,Weight %,2002
2500.0,40.55,3.89,None kPa,N/A,27703,['C'],A,Resistive pulse heating,"origin: commercial source,99.9 weight % (total),stated by supplier,wire",99.9,Weight %,2002
2550.0,41.5,4.44,None kPa,N/A,27703,['C'],A,Resistive pulse heating,"origin: commercial source,99.9 weight % (total),stated by supplier,wire",99.9,Weight %,2002
2600.0,42.5,5.02,None kPa,N/A,27703,['C'],A,Resistive pulse heating,"origin: commercial source,99.9 weight % (total),stated by supplier,wire",99.9,Weight %,2002
2650.0,43.53,5.62,None kPa,N/A,27703,['C'],A,Resistive pulse heating,"origin: commercial source,99.9 weight % (total),stated by supplier,wire",99.9,Weight %,2002
2700.0,44.61,6.25,None kPa,N/A,27703,['C'],A,Resistive pulse heating,"origin: commercial source,99.9 weight % (total),stated by supplier,wire",99.9,Weight %,2002
146.9,21.433,0.5,None kPa,N/A,33460,['C'],A,Relaxation calorimetry,"origin: synthesized by author,99.98 weight % (total),estimation",99.98,Weight %,2011
149.1,21.56,0.5,None kPa,N/A,33460,['C'],A,Relaxation calorimetry,"origin: synthesized by author,99.98 weight % (total),estimation",99.98,Weight %,2011
151.2,21.646,0.5,None kPa,N/A,33460,['C'],A,Relaxation calorimetry,"origin: synthesized by author,99.98 weight % (total),estimation",99.98,Weight %,2011
153.0,21.811,0.5,None kPa,N/A,33460,['C'],A,Relaxation calorimetry,"origin: synthesized by author,99.98 weight % (total),estimation",99.98,Weight %,2011
154.9,21.852,0.5,None kPa,N/A,33460,['C'],A,Relaxation calorimetry,"origin: synthesized by author,99.98 weight % (total),estimation",99.98,Weight %,2011
157.0,21.946,0.5,None kPa,N/A,33460,['C'],A,Relaxation calorimetry,"origin: synthesized by author,99.98 weight % (total),estimation",99.98,Weight %,2011
159.1,22.069,0.5,None kPa,N/A,33460,['C'],A,Relaxation calorimetry,"origin: synthesized by author,99.98 weight % (total),estimation",99.98,Weight %,2011
161.0,22.167,0.5,None kPa,N/A,33460,['C'],A,Relaxation calorimetry,"origin: synthesized by author,99.98 weight % (total),estimation",99.98,Weight %,2011
163.2,22.208,0.5,None kPa,N/A,33460,['C'],A,Relaxation calorimetry,"origin: synthesized by author,99.98 weight % (total),estimation",99.98,Weight %,2011
165.2,22.357,0.5,None kPa,N/A,33460,['C'],A,Relaxation calorimetry,"origin: synthesized by author,99.98 weight % (total),estimation",99.98,Weight %,2011
167.2,22.406,0.5,None kPa,N/A,33460,['C'],A,Relaxation calorimetry,"origin: synthesized by author,99.98 weight % (total),estimation",99.98,Weight %,2011
168.9,22.526,0.5,None kPa,N/A,33460,['C'],A,Relaxation calorimetry,"origin: synthesized by author,99.98 weight % (total),estimation",99.98,Weight %,2011
170.8,22.627,0.5,None kPa,N/A,33460,['C'],A,Relaxation calorimetry,"origin: synthesized by author,99.98 weight % (total),estimation",99.98,Weight %,2011
173.1,22.709,0.5,None kPa,N/A,33460,['C'],A,Relaxation calorimetry,"origin: synthesized by author,99.98 weight % (total),estimation",99.98,Weight %,2011
175.0,22.866,0.5,None kPa,N/A,33460,['C'],A,Relaxation calorimetry,"origin: synthesized by author,99.98 weight % (total),estimation",99.98,Weight %,2011
176.7,22.945,0.5,None kPa,N/A,33460,['C'],A,Relaxation calorimetry,"origin: synthesized by author,99.98 weight % (total),estimation",99.98,Weight %,2011
178.9,22.986,0.5,None kPa,N/A,33460,['C'],A,Relaxation calorimetry,"origin: synthesized by author,99.98 weight % (total),estimation",99.98,Weight %,2011
181.0,23.113,0.5,None kPa,N/A,33460,['C'],A,Relaxation calorimetry,"origin: synthesized by author,99.98 weight % (total),estimation",99.98,Weight %,2011
183.0,23.169,0.5,None kPa,N/A,33460,['C'],A,Relaxation calorimetry,"origin: synthesized by author,99.98 weight % (total),estimation",99.98,Weight %,2011
185.1,23.241,0.5,None kPa,N/A,33460,['C'],A,Relaxation calorimetry,"origin: synthesized by author,99.98 weight % (total),estimation",99.98,Weight %,2011
187.2,23.405,0.5,None kPa,N/A,33460,['C'],A,Relaxation calorimetry,"origin: synthesized by author,99.98 weight % (total),estimation",99.98,Weight %,2011
189.2,23.559,0.5,None kPa,N/A,33460,['C'],A,Relaxation calorimetry,"origin: synthesized by author,99.98 weight % (total),estimation",99.98,Weight %,2011
190.9,23.529,0.5,None kPa,N/A,33460,['C'],A,Relaxation calorimetry,"origin: synthesized by author,99.98 weight % (total),estimation",99.98,Weight %,2011
193.0,23.626,0.5,None kPa,N/A,33460,['C'],A,Relaxation calorimetry,"origin: synthesized by author,99.98 weight % (total),estimation",99.98,Weight %,2011
195.2,23.735,0.5,None kPa,N/A,33460,['C'],A,Relaxation calorimetry,"origin: synthesized by author,99.98 weight % (total),estimation",99.98,Weight %,2011
197.4,23.783,0.5,None kPa,N/A,33460,['C'],A,Relaxation calorimetry,"origin: synthesized by author,99.98 weight % (total),estimation",99.98,Weight %,2011
199.2,23.91,0.5,None kPa,N/A,33460,['C'],A,Relaxation calorimetry,"origin: synthesized by author,99.98 weight % (total),estimation",99.98,Weight %,2011
201.3,24.068,0.5,None kPa,N/A,33460,['C'],A,Relaxation calorimetry,"origin: synthesized by author,99.98 weight % (total),estimation",99.98,Weight %,2011
203.3,24.397,0.5,None kPa,N/A,33460,['C'],A,Relaxation calorimetry,"origin: synthesized by author,99.98 weight % (total),estimation",99.98,Weight %,2011
205.2,24.648,0.5,None kPa,N/A,33460,['C'],A,Relaxation calorimetry,"origin: synthesized by author,99.98 weight % (total),estimation",99.98,Weight %,2011
207.3,24.76,0.5,None kPa,N/A,33460,['C'],A,Relaxation calorimetry,"origin: synthesized by author,99.98 weight % (total),estimation",99.98,Weight %,2011
209.2,24.326,0.5,None kPa,N/A,33460,['C'],A,Relaxation calorimetry,"origin: synthesized by author,99.98 weight % (total),estimation",99.98,Weight %,2011
211.1,24.12,0.5,None kPa,N/A,33460,['C'],A,Relaxation calorimetry,"origin: synthesized by author,99.98 weight % (total),estimation",99.98,Weight %,2011
213.2,24.135,0.5,None kPa,N/A,33460,['C'],A,Relaxation calorimetry,"origin: synthesized by author,99.98 weight % (total),estimation",99.98,Weight %,2011
214.9,24.113,0.5,None kPa,N/A,33460,['C'],A,Relaxation calorimetry,"origin: synthesized by author,99.98 weight % (total),estimation",99.98,Weight %,2011
217.2,24.199,0.5,None kPa,N/A,33460,['C'],A,Relaxation calorimetry,"origin: synthesized by author,99.98 weight % (total),estimation",99.98,Weight %,2011
219.4,24.154,0.5,None kPa,N/A,33460,['C'],A,Relaxation calorimetry,"origin: synthesized by author,99.98 weight % (total),estimation",99.98,Weight %,2011
221.1,24.146,0.5,None kPa,N/A,33460,['C'],A,Relaxation calorimetry,"origin: synthesized by author,99.98 weight % (total),estimation",99.98,Weight %,2011
223.1,24.244,0.5,None kPa,N/A,33460,['C'],A,Relaxation calorimetry,"origin: synthesized by author,99.98 weight % (total),estimation",99.98,Weight %,2011
225.1,24.199,0.5,None kPa,N/A,33460,['C'],A,Relaxation calorimetry,"origin: synthesized by author,99.98 weight % (total),estimation",99.98,Weight %,2011
227.0,24.285,0.5,None kPa,N/A,33460,['C'],A,Relaxation calorimetry,"origin: synthesized by author,99.98 weight % (total),estimation",99.98,Weight %,2011
229.2,24.236,0.5,None kPa,N/A,33460,['C'],A,Relaxation calorimetry,"origin: synthesized by author,99.98 weight % (total),estimation",99.98,Weight %,2011
231.2,24.367,0.5,None kPa,N/A,33460,['C'],A,Relaxation calorimetry,"origin: synthesized by author,99.98 weight % (total),estimation",99.98,Weight %,2011
233.6,24.356,0.5,None kPa,N/A,33460,['C'],A,Relaxation calorimetry,"origin: synthesized by author,99.98 weight % (total),estimation",99.98,Weight %,2011
235.4,24.412,0.5,None kPa,N/A,33460,['C'],A,Relaxation calorimetry,"origin: synthesized by author,99.98 weight % (total),estimation",99.98,Weight %,2011
237.7,24.408,0.5,None kPa,N/A,33460,['C'],A,Relaxation calorimetry,"origin: synthesized by author,99.98 weight % (total),estimation",99.98,Weight %,2011
239.8,24.453,0.5,None kPa,N/A,33460,['C'],A,Relaxation calorimetry,"origin: synthesized by author,99.98 weight % (total),estimation",99.98,Weight %,2011
241.6,24.565,0.5,None kPa,N/A,33460,['C'],A,Relaxation calorimetry,"origin: synthesized by author,99.98 weight % (total),estimation",99.98,Weight %,2011
243.6,24.528,0.5,None kPa,N/A,33460,['C'],A,Relaxation calorimetry,"origin: synthesized by author,99.98 weight % (total),estimation",99.98,Weight %,2011
245.6,24.592,0.5,None kPa,N/A,33460,['C'],A,Relaxation calorimetry,"origin: synthesized by author,99.98 weight % (total),estimation",99.98,Weight %,2011
247.8,24.704,0.5,None kPa,N/A,33460,['C'],A,Relaxation calorimetry,"origin: synthesized by author,99.98 weight % (total),estimation",99.98,Weight %,2011
249.6,24.592,0.5,None kPa,N/A,33460,['C'],A,Relaxation calorimetry,"origin: synthesized by author,99.98 weight % (total),estimation",99.98,Weight %,2011
251.9,24.655,0.5,None kPa,N/A,33460,['C'],A,Relaxation calorimetry,"origin: synthesized by author,99.98 weight % (total),estimation",99.98,Weight %,2011
253.8,24.659,0.5,None kPa,N/A,33460,['C'],A,Relaxation calorimetry,"origin: synthesized by author,99.98 weight % (total),estimation",99.98,Weight %,2011
255.7,24.689,0.5,None kPa,N/A,33460,['C'],A,Relaxation calorimetry,"origin: synthesized by author,99.98 weight % (total),estimation",99.98,Weight %,2011
257.4,24.73,0.5,None kPa,N/A,33460,['C'],A,Relaxation calorimetry,"origin: synthesized by author,99.98 weight % (total),estimation",99.98,Weight %,2011
259.4,24.745,0.5,None kPa,N/A,33460,['C'],A,Relaxation calorimetry,"origin: synthesized by author,99.98 weight % (total),estimation",99.98,Weight %,2011
261.5,24.79,0.5,None kPa,N/A,33460,['C'],A,Relaxation calorimetry,"origin: synthesized by author,99.98 weight % (total),estimation",99.98,Weight %,2011
263.5,24.805,0.5,None kPa,N/A,33460,['C'],A,Relaxation calorimetry,"origin: synthesized by author,99.98 weight % (total),estimation",99.98,Weight %,2011
265.7,24.842,0.5,None kPa,N/A,33460,['C'],A,Relaxation calorimetry,"origin: synthesized by author,99.98 weight % (total),estimation",99.98,Weight %,2011
267.6,24.827,0.5,None kPa,N/A,33460,['C'],A,Relaxation calorimetry,"origin: synthesized by author,99.98 weight % (total),estimation",99.98,Weight %,2011
269.7,24.868,0.5,None kPa,N/A,33460,['C'],A,Relaxation calorimetry,"origin: synthesized by author,99.98 weight % (total),estimation",99.98,Weight %,2011
271.5,24.782,0.5,None kPa,N/A,33460,['C'],A,Relaxation calorimetry,"origin: synthesized by author,99.98 weight % (total),estimation",99.98,Weight %,2011
273.7,24.831,0.5,None kPa,N/A,33460,['C'],A,Relaxation calorimetry,"origin: synthesized by author,99.98 weight % (total),estimation",99.98,Weight %,2011
275.5,24.805,0.5,None kPa,N/A,33460,['C'],A,Relaxation calorimetry,"origin: synthesized by author,99.98 weight % (total),estimation",99.98,Weight %,2011
278.0,24.865,0.5,None kPa,N/A,33460,['C'],A,Relaxation calorimetry,"origin: synthesized by author,99.98 weight % (total),estimation",99.98,Weight %,2011
279.7,24.913,0.5,None kPa,N/A,33460,['C'],A,Relaxation calorimetry,"origin: synthesized by author,99.98 weight % (total),estimation",99.98,Weight %,2011
281.5,24.887,0.5,None kPa,N/A,33460,['C'],A,Relaxation calorimetry,"origin: synthesized by author,99.98 weight % (total),estimation",99.98,Weight %,2011
283.9,24.925,0.5,None kPa,N/A,33460,['C'],A,Relaxation calorimetry,"origin: synthesized by author,99.98 weight % (total),estimation",99.98,Weight %,2011
285.9,24.913,0.5,None kPa,N/A,33460,['C'],A,Relaxation calorimetry,"origin: synthesized by author,99.98 weight % (total),estimation",99.98,Weight %,2011
287.8,24.898,0.5,None kPa,N/A,33460,['C'],A,Relaxation calorimetry,"origin: synthesized by author,99.98 weight % (total),estimation",99.98,Weight %,2011
289.5,24.861,0.5,None kPa,N/A,33460,['C'],A,Relaxation calorimetry,"origin: synthesized by author,99.98 weight % (total),estimation",99.98,Weight %,2011
291.9,24.955,0.5,None kPa,N/A,33460,['C'],A,Relaxation calorimetry,"origin: synthesized by author,99.98 weight % (total),estimation",99.98,Weight %,2011
293.9,24.951,0.5,None kPa,N/A,33460,['C'],A,Relaxation calorimetry,"origin: synthesized by author,99.98 weight % (total),estimation",99.98,Weight %,2011
295.6,24.925,0.5,None kPa,N/A,33460,['C'],A,Relaxation calorimetry,"origin: synthesized by author,99.98 weight % (total),estimation",99.98,Weight %,2011
297.8,24.898,0.5,None kPa,N/A,33460,['C'],A,Relaxation calorimetry,"origin: synthesized by author,99.98 weight % (total),estimation",99.98,Weight %,2011
299.7,24.91,0.5,None kPa,N/A,33460,['C'],A,Relaxation calorimetry,"origin: synthesized by author,99.98 weight % (total),estimation",99.98,Weight %,2011
301.7,24.97,0.5,None kPa,N/A,33460,['C'],A,Relaxation calorimetry,"origin: synthesized by author,99.98 weight % (total),estimation",99.98,Weight %,2011
303.6,24.928,0.5,None kPa,N/A,33460,['C'],A,Relaxation calorimetry,"origin: synthesized by author,99.98 weight % (total),estimation",99.98,Weight %,2011
305.6,24.981,0.5,None kPa,N/A,33460,['C'],A,Relaxation calorimetry,"origin: synthesized by author,99.98 weight % (total),estimation",99.98,Weight %,2011
307.7,24.955,0.5,None kPa,N/A,33460,['C'],A,Relaxation calorimetry,"origin: synthesized by author,99.98 weight % (total),estimation",99.98,Weight %,2011
309.7,24.97,0.5,None kPa,N/A,33460,['C'],A,Relaxation calorimetry,"origin: synthesized by author,99.98 weight % (total),estimation",99.98,Weight %,2011
311.8,24.902,0.5,None kPa,N/A,33460,['C'],A,Relaxation calorimetry,"origin: synthesized by author,99.98 weight % (total),estimation",99.98,Weight %,2011
1.35,0.000226,4.52e-06,None kPa,N/A,33481,['C'],A,Not Stated,"not stated,99.9 % (total),",99.9,Not Specified %,1984
1.85,0.001157,2.314e-05,None kPa,N/A,33481,['C'],A,Not Stated,"not stated,99.9 % (total),",99.9,Not Specified %,1984
2.26,0.002424,4.848e-05,None kPa,N/A,33481,['C'],A,Not Stated,"not stated,99.9 % (total),",99.9,Not Specified %,1984
2.59,0.004265,8.53e-05,None kPa,N/A,33481,['C'],A,Not Stated,"not stated,99.9 % (total),",99.9,Not Specified %,1984
2.75,0.005893,0.00011786,None kPa,N/A,33481,['C'],A,Not Stated,"not stated,99.9 % (total),",99.9,Not Specified %,1984
2.97,0.007842,0.00015684,None kPa,N/A,33481,['C'],A,Not Stated,"not stated,99.9 % (total),",99.9,Not Specified %,1984
3.19,0.010618,0.00021236,None kPa,N/A,33481,['C'],A,Not Stated,"not stated,99.9 % (total),",99.9,Not Specified %,1984
3.31,0.01196,0.0002392,None kPa,N/A,33481,['C'],A,Not Stated,"not stated,99.9 % (total),",99.9,Not Specified %,1984
3.49,0.0151,0.000302,None kPa,N/A,33481,['C'],A,Not Stated,"not stated,99.9 % (total),",99.9,Not Specified %,1984
3.85,0.022071,0.00044142,None kPa,N/A,33481,['C'],A,Not Stated,"not stated,99.9 % (total),",99.9,Not Specified %,1984
4.45,0.035854,0.00071708,None kPa,N/A,33481,['C'],A,Not Stated,"not stated,99.9 % (total),",99.9,Not Specified %,1984
4.72,0.043559,0.00087118,None kPa,N/A,33481,['C'],A,Not Stated,"not stated,99.9 % (total),",99.9,Not Specified %,1984
5.08,0.054434,0.00108868,None kPa,N/A,33481,['C'],A,Not Stated,"not stated,99.9 % (total),",99.9,Not Specified %,1984
5.42,0.066541,0.00133082,None kPa,N/A,33481,['C'],A,Not Stated,"not stated,99.9 % (total),",99.9,Not Specified %,1984
5.81,0.082778,0.00165556,None kPa,N/A,33481,['C'],A,Not Stated,"not stated,99.9 % (total),",99.9,Not Specified %,1984
6.25,0.105492,0.00210984,None kPa,N/A,33481,['C'],A,Not Stated,"not stated,99.9 % (total),",99.9,Not Specified %,1984
6.99,0.140506,0.00281012,None kPa,N/A,33481,['C'],A,Not Stated,"not stated,99.9 % (total),",99.9,Not Specified %,1984
7.03,0.144666,0.00289332,None kPa,N/A,33481,['C'],A,Not Stated,"not stated,99.9 % (total),",99.9,Not Specified %,1984
7.69,0.186001,0.00372002,None kPa,N/A,33481,['C'],A,Not Stated,"not stated,99.9 % (total),",99.9,Not Specified %,1984
8.04,0.210214,0.00420428,None kPa,N/A,33481,['C'],A,Not Stated,"not stated,99.9 % (total),",99.9,Not Specified %,1984
8.47,0.243833,0.00487666,None kPa,N/A,33481,['C'],A,Not Stated,"not stated,99.9 % (total),",99.9,Not Specified %,1984
9.14,0.274112,0.00548224,None kPa,N/A,33481,['C'],A,Not Stated,"not stated,99.9 % (total),",99.9,Not Specified %,1984
9.31,0.228223,0.00456446,None kPa,N/A,33481,['C'],A,Not Stated,"not stated,99.9 % (total),",99.9,Not Specified %,1984
9.56,0.184955,0.0036991,None kPa,N/A,33481,['C'],A,Not Stated,"not stated,99.9 % (total),",99.9,Not Specified %,1984
9.8,0.193938,0.00387876,None kPa,N/A,33481,['C'],A,Not Stated,"not stated,99.9 % (total),",99.9,Not Specified %,1984
10.24,0.215856,0.00431712,None kPa,N/A,33481,['C'],A,Not Stated,"not stated,99.9 % (total),",99.9,Not Specified %,1984
10.87,0.245149,0.00490298,None kPa,N/A,33481,['C'],A,Not Stated,"not stated,99.9 % (total),",99.9,Not Specified %,1984
11.29,0.267362,0.00534724,None kPa,N/A,33481,['C'],A,Not Stated,"not stated,99.9 % (total),",99.9,Not Specified %,1984
11.72,0.290347,0.00580694,None kPa,N/A,33481,['C'],A,Not Stated,"not stated,99.9 % (total),",99.9,Not Specified %,1984
12.4,0.3296,0.006592,None kPa,N/A,33481,['C'],A,Not Stated,"not stated,99.9 % (total),",99.9,Not Specified %,1984
1705.0,30.7,0.6,None kPa,N/A,34417,['C'],A,Electromangetic levitation modulating calorimetry,not stated,,,1993
1705.0,30.8,0.6,None kPa,N/A,34417,['C'],A,Electromangetic levitation modulating calorimetry,not stated,,,1993
1840.0,31.8,0.6,None kPa,N/A,34417,['C'],A,Electromangetic levitation modulating calorimetry,not stated,,,1993
1840.0,32.0,0.6,None kPa,N/A,34417,['C'],A,Electromangetic levitation modulating calorimetry,not stated,,,1993
0.193,8.56e-07,1.712e-08,None kPa,N/A,34748,['C'],A,N/A,not stated,,,1973
0.248,1.85e-06,3.7e-08,None kPa,N/A,34748,['C'],A,N/A,not stated,,,1973
0.299,3.2e-06,6.4e-08,None kPa,N/A,34748,['C'],A,N/A,not stated,,,1973
0.335,4.5e-06,9e-08,None kPa,N/A,34748,['C'],A,N/A,not stated,,,1973
0.372,6.13e-06,1.226e-07,None kPa,N/A,34748,['C'],A,N/A,not stated,,,1973
0.495,1.44e-05,2.88e-07,None kPa,N/A,34748,['C'],A,N/A,not stated,,,1973
0.607,2.49e-05,4.98e-07,None kPa,N/A,34748,['C'],A,N/A,not stated,,,1973
0.779,4.99e-05,9.98e-07,None kPa,N/A,34748,['C'],A,N/A,not stated,,,1973
0.939,8.51e-05,1.702e-06,None kPa,N/A,34748,['C'],A,N/A,not stated,,,1973
1.057,0.00012,2.4e-06,None kPa,N/A,34748,['C'],A,N/A,not stated,,,1973
0.233,5.3095e-06,1.0619e-08,None kPa,N/A,35539,['C'],A,N/A,"origin: commercial source,99.98 weight %",99.98,Weight %,1974
0.283,1.2073e-05,2.4146e-08,None kPa,N/A,35539,['C'],A,N/A,"origin: commercial source,99.98 weight %",99.98,Weight %,1974
0.359,2.8206e-05,5.6412e-08,None kPa,N/A,35539,['C'],A,N/A,"origin: commercial source,99.98 weight %",99.98,Weight %,1974
0.417,4.5543e-05,9.1086e-08,None kPa,N/A,35539,['C'],A,N/A,"origin: commercial source,99.98 weight %",99.98,Weight %,1974
0.476,6.6208e-05,1.32416e-07,None kPa,N/A,35539,['C'],A,N/A,"origin: commercial source,99.98 weight %",99.98,Weight %,1974
0.48,6.7831e-05,1.35662e-07,None kPa,N/A,35539,['C'],A,N/A,"origin: commercial source,99.98 weight %",99.98,Weight %,1974
0.542,8.9548e-05,1.79096e-07,None kPa,N/A,35539,['C'],A,N/A,"origin: commercial source,99.98 weight %",99.98,Weight %,1974
0.602,0.00011257,2.2514e-07,None kPa,N/A,35539,['C'],A,N/A,"origin: commercial source,99.98 weight %",99.98,Weight %,1974
0.675,0.00013921,2.7842e-07,None kPa,N/A,35539,['C'],A,N/A,"origin: commercial source,99.98 weight %",99.98,Weight %,1974
0.773,0.00017326,3.4652e-07,None kPa,N/A,35539,['C'],A,N/A,"origin: commercial source,99.98 weight %",99.98,Weight %,1974
0.874,0.00020574,4.1148e-07,None kPa,N/A,35539,['C'],A,N/A,"origin: commercial source,99.98 weight %",99.98,Weight %,1974
0.961,0.00023783,4.7566e-07,None kPa,N/A,35539,['C'],A,N/A,"origin: commercial source,99.98 weight %",99.98,Weight %,1974
1.054,0.00027458,5.4916e-07,None kPa,N/A,35539,['C'],A,N/A,"origin: commercial source,99.98 weight %",99.98,Weight %,1974
0.176,8.7487e-07,1.74974e-09,None kPa,N/A,35540,['C'],A,N/A,"origin: commercial source,99.98 weight %",99.98,Weight %,1974
0.236,1.8565e-06,3.713e-09,None kPa,N/A,35540,['C'],A,N/A,"origin: commercial source,99.98 weight %",99.98,Weight %,1974
0.288,3.3989e-06,6.7978e-09,None kPa,N/A,35540,['C'],A,N/A,"origin: commercial source,99.98 weight %",99.98,Weight %,1974
0.328,4.7272e-06,9.4544e-09,None kPa,N/A,35540,['C'],A,N/A,"origin: commercial source,99.98 weight %",99.98,Weight %,1974
0.365,6.271e-06,1.2542e-08,None kPa,N/A,35540,['C'],A,N/A,"origin: commercial source,99.98 weight %",99.98,Weight %,1974
0.49,1.4159e-05,2.8318e-08,None kPa,N/A,35540,['C'],A,N/A,"origin: commercial source,99.98 weight %",99.98,Weight %,1974
0.552,1.9649e-05,3.9298e-08,None kPa,N/A,35540,['C'],A,N/A,"origin: commercial source,99.98 weight %",99.98,Weight %,1974
0.604,2.4961e-05,4.9922e-08,None kPa,N/A,35540,['C'],A,N/A,"origin: commercial source,99.98 weight %",99.98,Weight %,1974
0.698,3.7329e-05,7.4658e-08,None kPa,N/A,35540,['C'],A,N/A,"origin: commercial source,99.98 weight %",99.98,Weight %,1974
0.778,4.9145e-05,9.829e-08,None kPa,N/A,35540,['C'],A,N/A,"origin: commercial source,99.98 weight %",99.98,Weight %,1974
0.91,7.6871e-05,1.53742e-07,None kPa,N/A,35540,['C'],A,N/A,"origin: commercial source,99.98 weight %",99.98,Weight %,1974
0.939,8.4729e-05,1.69458e-07,None kPa,N/A,35540,['C'],A,N/A,"origin: commercial source,99.98 weight %",99.98,Weight %,1974
1.057,0.00011981,2.3962e-07,None kPa,N/A,35540,['C'],A,N/A,"origin: commercial source,99.98 weight %",99.98,Weight %,1974
1500.0,29.48,0.5896,None kPa,N/A,35981,['C'],A,Resistive pulse heating - millisecond,not stated,,,1973
1600.0,30.11,0.6022,None kPa,N/A,35981,['C'],A,Resistive pulse heating - millisecond,not stated,,,1973
1700.0,30.73,0.6146,None kPa,N/A,35981,['C'],A,Resistive pulse heating - millisecond,not stated,,,1973
1800.0,31.35,0.627,None kPa,N/A,35981,['C'],A,Resistive pulse heating - millisecond,not stated,,,1973
1900.0,32.02,0.6404,None kPa,N/A,35981,['C'],A,Resistive pulse heating - millisecond,not stated,,,1973
2000.0,32.75,0.655,None kPa,N/A,35981,['C'],A,Resistive pulse heating - millisecond,not stated,,,1973
2100.0,33.57,0.6714,None kPa,N/A,35981,['C'],A,Resistive pulse heating - millisecond,not stated,,,1973
2200.0,34.53,0.6906,None kPa,N/A,35981,['C'],A,Resistive pulse heating - millisecond,not stated,,,1973
2300.0,35.64,0.7128,None kPa,N/A,35981,['C'],A,Resistive pulse heating - millisecond,not stated,,,1973
2400.0,36.94,0.7388,None kPa,N/A,35981,['C'],A,Resistive pulse heating - millisecond,not stated,,,1973
2500.0,38.46,0.7692,None kPa,N/A,35981,['C'],A,Resistive pulse heating - millisecond,not stated,,,1973
2600.0,40.23,0.8046,None kPa,N/A,35981,['C'],A,Resistive pulse heating - millisecond,not stated,,,1973
2700.0,42.28,0.8456,None kPa,N/A,35981,['C'],A,Resistive pulse heating - millisecond,not stated,,,1973
