Temperature: K,Heat capacity at constant pressure Cp: J/K/mol,Uncertainty,Pressure,Ref Temp,Data Set ID,State,Representation,Method,Description,Purity,Purity Units,Year
15.05,0.194389,0.00291583,101.325 kPa,N/A,3197,['C'],A,Low temperature calorimetry set up,"not stated,99 weight % (total),estimated by the compiler",99.0,Weight %,1930
18.06,0.261918,0.00392878,None kPa,N/A,3197,['C'],A,Low temperature calorimetry set up,"not stated,99 weight % (total),estimated by the compiler",99.0,Weight %,1930
22.11,0.405848,0.00608772,None kPa,N/A,3197,['C'],A,Low temperature calorimetry set up,"not stated,99 weight % (total),estimated by the compiler",99.0,Weight %,1930
25.2,0.598312,0.00897468,None kPa,N/A,3197,['C'],A,Low temperature calorimetry set up,"not stated,99 weight % (total),estimated by the compiler",99.0,Weight %,1930
28.0,0.807094,0.0121064,None kPa,N/A,3197,['C'],A,Low temperature calorimetry set up,"not stated,99 weight % (total),estimated by the compiler",99.0,Weight %,1930
31.3,1.07612,0.0161419,None kPa,N/A,3197,['C'],A,Low temperature calorimetry set up,"not stated,99 weight % (total),estimated by the compiler",99.0,Weight %,1930
34.55,1.47695,0.0221543,None kPa,N/A,3197,['C'],A,Low temperature calorimetry set up,"not stated,99 weight % (total),estimated by the compiler",99.0,Weight %,1930
37.7,1.94012,0.0291018,None kPa,N/A,3197,['C'],A,Low temperature calorimetry set up,"not stated,99 weight % (total),estimated by the compiler",99.0,Weight %,1930
40.93,2.35852,0.0353778,None kPa,N/A,3197,['C'],A,Low temperature calorimetry set up,"not stated,99 weight % (total),estimated by the compiler",99.0,Weight %,1930
47.1,3.5313,0.0529694,None kPa,N/A,3197,['C'],A,Low temperature calorimetry set up,"not stated,99 weight % (total),estimated by the compiler",99.0,Weight %,1930
55.7,5.23,0.07845,None kPa,N/A,3197,['C'],A,Low temperature calorimetry set up,"not stated,99 weight % (total),estimated by the compiler",99.0,Weight %,1930
67.13,7.6358,0.114537,None kPa,N/A,3197,['C'],A,Low temperature calorimetry set up,"not stated,99 weight % (total),estimated by the compiler",99.0,Weight %,1930
74.73,9.15459,0.137319,None kPa,N/A,3197,['C'],A,Low temperature calorimetry set up,"not stated,99 weight % (total),estimated by the compiler",99.0,Weight %,1930
82.3,10.6106,0.159159,None kPa,N/A,3197,['C'],A,Low temperature calorimetry set up,"not stated,99 weight % (total),estimated by the compiler",99.0,Weight %,1930
92.95,12.3554,0.18533,None kPa,N/A,3197,['C'],A,Low temperature calorimetry set up,"not stated,99 weight % (total),estimated by the compiler",99.0,Weight %,1930
104.0,14.2047,0.21307,None kPa,N/A,3197,['C'],A,Low temperature calorimetry set up,"not stated,99 weight % (total),estimated by the compiler",99.0,Weight %,1930
114.33,15.5728,0.233593,None kPa,N/A,3197,['C'],A,Low temperature calorimetry set up,"not stated,99 weight % (total),estimated by the compiler",99.0,Weight %,1930
123.96,16.736,0.25104,None kPa,N/A,3197,['C'],A,Low temperature calorimetry set up,"not stated,99 weight % (total),estimated by the compiler",99.0,Weight %,1930
133.38,17.874,0.268111,None kPa,N/A,3197,['C'],A,Low temperature calorimetry set up,"not stated,99 weight % (total),estimated by the compiler",99.0,Weight %,1930
141.71,18.6899,0.280349,None kPa,N/A,3197,['C'],A,Low temperature calorimetry set up,"not stated,99 weight % (total),estimated by the compiler",99.0,Weight %,1930
149.96,19.4389,0.291583,None kPa,N/A,3197,['C'],A,Low temperature calorimetry set up,"not stated,99 weight % (total),estimated by the compiler",99.0,Weight %,1930
159.91,20.1962,0.302943,None kPa,N/A,3197,['C'],A,Low temperature calorimetry set up,"not stated,99 weight % (total),estimated by the compiler",99.0,Weight %,1930
168.74,20.8154,0.312231,None kPa,N/A,3197,['C'],A,Low temperature calorimetry set up,"not stated,99 weight % (total),estimated by the compiler",99.0,Weight %,1930
178.49,21.351,0.320264,None kPa,N/A,3197,['C'],A,Low temperature calorimetry set up,"not stated,99 weight % (total),estimated by the compiler",99.0,Weight %,1930
185.57,21.7777,0.326666,None kPa,N/A,3197,['C'],A,Low temperature calorimetry set up,"not stated,99 weight % (total),estimated by the compiler",99.0,Weight %,1930
194.81,22.3007,0.334511,None kPa,N/A,3197,['C'],A,Low temperature calorimetry set up,"not stated,99 weight % (total),estimated by the compiler",99.0,Weight %,1930
204.05,22.7275,0.340912,None kPa,N/A,3197,['C'],A,Low temperature calorimetry set up,"not stated,99 weight % (total),estimated by the compiler",99.0,Weight %,1930
17.7,0.233342,0.00350013,101.325 kPa,N/A,3198,['C'],A,Low temperature calorimetry set up,"not stated,99 weight % (total),estimated by the compiler",99.0,Weight %,1930
22.3,0.383673,0.00575509,None kPa,N/A,3198,['C'],A,Low temperature calorimetry set up,"not stated,99 weight % (total),estimated by the compiler",99.0,Weight %,1930
24.6,0.525092,0.00787638,None kPa,N/A,3198,['C'],A,Low temperature calorimetry set up,"not stated,99 weight % (total),estimated by the compiler",99.0,Weight %,1930
27.2,0.694126,0.0104119,None kPa,N/A,3198,['C'],A,Low temperature calorimetry set up,"not stated,99 weight % (total),estimated by the compiler",99.0,Weight %,1930
30.75,1.04851,0.0157277,None kPa,N/A,3198,['C'],A,Low temperature calorimetry set up,"not stated,99 weight % (total),estimated by the compiler",99.0,Weight %,1930
32.25,1.17947,0.017692,None kPa,N/A,3198,['C'],A,Low temperature calorimetry set up,"not stated,99 weight % (total),estimated by the compiler",99.0,Weight %,1930
84.9,11.0374,0.165561,None kPa,N/A,3198,['C'],A,Low temperature calorimetry set up,"not stated,99 weight % (total),estimated by the compiler",99.0,Weight %,1930
85.0,11.0834,0.166251,None kPa,N/A,3198,['C'],A,Low temperature calorimetry set up,"not stated,99 weight % (total),estimated by the compiler",99.0,Weight %,1930
87.4,11.3596,0.170393,None kPa,N/A,3198,['C'],A,Low temperature calorimetry set up,"not stated,99 weight % (total),estimated by the compiler",99.0,Weight %,1930
139.32,18.418,0.27627,None kPa,N/A,3198,['C'],A,Low temperature calorimetry set up,"not stated,99 weight % (total),estimated by the compiler",99.0,Weight %,1930
144.4,18.8824,0.283236,None kPa,N/A,3198,['C'],A,Low temperature calorimetry set up,"not stated,99 weight % (total),estimated by the compiler",99.0,Weight %,1930
171.76,20.9409,0.314114,None kPa,N/A,3198,['C'],A,Low temperature calorimetry set up,"not stated,99 weight % (total),estimated by the compiler",99.0,Weight %,1930
175.23,21.1418,0.317126,None kPa,N/A,3198,['C'],A,Low temperature calorimetry set up,"not stated,99 weight % (total),estimated by the compiler",99.0,Weight %,1930
188.51,21.8907,0.32836,None kPa,N/A,3198,['C'],A,Low temperature calorimetry set up,"not stated,99 weight % (total),estimated by the compiler",99.0,Weight %,1930
670.15,34.3925,0.68785,None kPa,N/A,4008,['C'],A,Temperature rise from electric heat input,"origin: commercial source,99.5 weight % (total),stated by supplier,wire",99.5,Weight %,1934
630.15,33.7649,0.675298,None kPa,N/A,4008,['C'],A,Temperature rise from electric heat input,"origin: commercial source,99.5 weight % (total),stated by supplier,wire",99.5,Weight %,1934
620.15,33.8904,0.677808,None kPa,N/A,4008,['C'],A,Temperature rise from electric heat input,"origin: commercial source,99.5 weight % (total),stated by supplier,wire",99.5,Weight %,1934
615.15,37.6142,0.752283,None kPa,N/A,4008,['C'],A,Temperature rise from electric heat input,"origin: commercial source,99.5 weight % (total),stated by supplier,wire",99.5,Weight %,1934
615.15,38.7438,0.774877,None kPa,N/A,4008,['C'],A,Temperature rise from electric heat input,"origin: commercial source,99.5 weight % (total),stated by supplier,wire",99.5,Weight %,1934
611.15,41.6726,0.833453,None kPa,N/A,4008,['C'],A,Temperature rise from electric heat input,"origin: commercial source,99.5 weight % (total),stated by supplier,wire",99.5,Weight %,1934
604.15,42.3839,0.847678,None kPa,N/A,4008,['C'],A,Temperature rise from electric heat input,"origin: commercial source,99.5 weight % (total),stated by supplier,wire",99.5,Weight %,1934
602.15,41.6726,0.833453,None kPa,N/A,4008,['C'],A,Temperature rise from electric heat input,"origin: commercial source,99.5 weight % (total),stated by supplier,wire",99.5,Weight %,1934
580.15,36.1916,0.723832,None kPa,N/A,4008,['C'],A,Temperature rise from electric heat input,"origin: commercial source,99.5 weight % (total),stated by supplier,wire",99.5,Weight %,1934
542.15,32.2168,0.644336,None kPa,N/A,4008,['C'],A,Temperature rise from electric heat input,"origin: commercial source,99.5 weight % (total),stated by supplier,wire",99.5,Weight %,1934
417.15,28.7859,0.575718,None kPa,N/A,4008,['C'],A,Temperature rise from electric heat input,"origin: commercial source,99.5 weight % (total),stated by supplier,wire",99.5,Weight %,1934
81.75,10.5813,0.211627,None kPa,N/A,5419,['C'],A,Low temperature calorimetry set up,"not stated,99.9 % (total),estimated by the compiler",99.9,Not Specified %,1941
83.55,10.9621,0.219242,None kPa,N/A,5419,['C'],A,Low temperature calorimetry set up,"not stated,99.9 % (total),estimated by the compiler",99.9,Not Specified %,1941
92.45,12.4725,0.24945,None kPa,N/A,5419,['C'],A,Low temperature calorimetry set up,"not stated,99.9 % (total),estimated by the compiler",99.9,Not Specified %,1941
98.3,13.4557,0.269115,None kPa,N/A,5419,['C'],A,Low temperature calorimetry set up,"not stated,99.9 % (total),estimated by the compiler",99.9,Not Specified %,1941
107.16,14.7277,0.294554,None kPa,N/A,5419,['C'],A,Low temperature calorimetry set up,"not stated,99.9 % (total),estimated by the compiler",99.9,Not Specified %,1941
119.19,16.2548,0.325097,None kPa,N/A,5419,['C'],A,Low temperature calorimetry set up,"not stated,99.9 % (total),estimated by the compiler",99.9,Not Specified %,1941
130.08,17.4473,0.348946,None kPa,N/A,5419,['C'],A,Low temperature calorimetry set up,"not stated,99.9 % (total),estimated by the compiler",99.9,Not Specified %,1941
145.91,19.0037,0.380075,None kPa,N/A,5419,['C'],A,Low temperature calorimetry set up,"not stated,99.9 % (total),estimated by the compiler",99.9,Not Specified %,1941
157.49,20.1041,0.402082,None kPa,N/A,5419,['C'],A,Low temperature calorimetry set up,"not stated,99.9 % (total),estimated by the compiler",99.9,Not Specified %,1941
165.62,20.8321,0.416643,None kPa,N/A,5419,['C'],A,Low temperature calorimetry set up,"not stated,99.9 % (total),estimated by the compiler",99.9,Not Specified %,1941
176.65,21.5099,0.430199,None kPa,N/A,5419,['C'],A,Low temperature calorimetry set up,"not stated,99.9 % (total),estimated by the compiler",99.9,Not Specified %,1941
191.3,22.3426,0.446851,None kPa,N/A,5419,['C'],A,Low temperature calorimetry set up,"not stated,99.9 % (total),estimated by the compiler",99.9,Not Specified %,1941
213.67,23.4304,0.468608,None kPa,N/A,5419,['C'],A,Low temperature calorimetry set up,"not stated,99.9 % (total),estimated by the compiler",99.9,Not Specified %,1941
223.41,23.7275,0.474549,None kPa,N/A,5419,['C'],A,Low temperature calorimetry set up,"not stated,99.9 % (total),estimated by the compiler",99.9,Not Specified %,1941
231.29,24.0329,0.480658,None kPa,N/A,5419,['C'],A,Low temperature calorimetry set up,"not stated,99.9 % (total),estimated by the compiler",99.9,Not Specified %,1941
240.2,24.1752,0.483503,None kPa,N/A,5419,['C'],A,Low temperature calorimetry set up,"not stated,99.9 % (total),estimated by the compiler",99.9,Not Specified %,1941
253.1,24.309,0.486181,None kPa,N/A,5419,['C'],A,Low temperature calorimetry set up,"not stated,99.9 % (total),estimated by the compiler",99.9,Not Specified %,1941
273.2,24.4346,0.488691,None kPa,N/A,5419,['C'],A,Low temperature calorimetry set up,"not stated,99.9 % (total),estimated by the compiler",99.9,Not Specified %,1941
1.776,0.0129662,0.000259324,1.33322e-07 kPa,N/A,12900,['C'],A,non-adiabatic cyrostat calorimeter,"not stated,99.97 % (total),estimated by the compiler",99.97,Not Specified %,1962
1.843,0.013485,0.000269701,None kPa,N/A,12900,['C'],A,non-adiabatic cyrostat calorimeter,"not stated,99.97 % (total),estimated by the compiler",99.97,Not Specified %,1962
1.894,0.0139076,0.000278152,None kPa,N/A,12900,['C'],A,non-adiabatic cyrostat calorimeter,"not stated,99.97 % (total),estimated by the compiler",99.97,Not Specified %,1962
1.943,0.014439,0.00028878,None kPa,N/A,12900,['C'],A,non-adiabatic cyrostat calorimeter,"not stated,99.97 % (total),estimated by the compiler",99.97,Not Specified %,1962
1.993,0.0147653,0.000295307,None kPa,N/A,12900,['C'],A,non-adiabatic cyrostat calorimeter,"not stated,99.97 % (total),estimated by the compiler",99.97,Not Specified %,1962
2.057,0.0152967,0.000305934,None kPa,N/A,12900,['C'],A,non-adiabatic cyrostat calorimeter,"not stated,99.97 % (total),estimated by the compiler",99.97,Not Specified %,1962
2.139,0.015962,0.000319239,None kPa,N/A,12900,['C'],A,non-adiabatic cyrostat calorimeter,"not stated,99.97 % (total),estimated by the compiler",99.97,Not Specified %,1962
2.235,0.0166565,0.00033313,None kPa,N/A,12900,['C'],A,non-adiabatic cyrostat calorimeter,"not stated,99.97 % (total),estimated by the compiler",99.97,Not Specified %,1962
2.346,0.0175519,0.000351038,None kPa,N/A,12900,['C'],A,non-adiabatic cyrostat calorimeter,"not stated,99.97 % (total),estimated by the compiler",99.97,Not Specified %,1962
2.438,0.018351,0.00036702,None kPa,N/A,12900,['C'],A,non-adiabatic cyrostat calorimeter,"not stated,99.97 % (total),estimated by the compiler",99.97,Not Specified %,1962
2.508,0.0190288,0.000380577,None kPa,N/A,12900,['C'],A,non-adiabatic cyrostat calorimeter,"not stated,99.97 % (total),estimated by the compiler",99.97,Not Specified %,1962
2.603,0.0197401,0.000394802,None kPa,N/A,12900,['C'],A,non-adiabatic cyrostat calorimeter,"not stated,99.97 % (total),estimated by the compiler",99.97,Not Specified %,1962
2.728,0.0206439,0.000412877,None kPa,N/A,12900,['C'],A,non-adiabatic cyrostat calorimeter,"not stated,99.97 % (total),estimated by the compiler",99.97,Not Specified %,1962
2.889,0.0219702,0.000439404,None kPa,N/A,12900,['C'],A,non-adiabatic cyrostat calorimeter,"not stated,99.97 % (total),estimated by the compiler",99.97,Not Specified %,1962
3.068,0.0236647,0.000473294,None kPa,N/A,12900,['C'],A,non-adiabatic cyrostat calorimeter,"not stated,99.97 % (total),estimated by the compiler",99.97,Not Specified %,1962
3.201,0.0247693,0.000495386,None kPa,N/A,12900,['C'],A,non-adiabatic cyrostat calorimeter,"not stated,99.97 % (total),estimated by the compiler",99.97,Not Specified %,1962
3.305,0.0256144,0.000512289,None kPa,N/A,12900,['C'],A,non-adiabatic cyrostat calorimeter,"not stated,99.97 % (total),estimated by the compiler",99.97,Not Specified %,1962
3.436,0.0267902,0.000535803,None kPa,N/A,12900,['C'],A,non-adiabatic cyrostat calorimeter,"not stated,99.97 % (total),estimated by the compiler",99.97,Not Specified %,1962
3.607,0.0283884,0.000567769,None kPa,N/A,12900,['C'],A,non-adiabatic cyrostat calorimeter,"not stated,99.97 % (total),estimated by the compiler",99.97,Not Specified %,1962
3.752,0.0297566,0.000595132,None kPa,N/A,12900,['C'],A,non-adiabatic cyrostat calorimeter,"not stated,99.97 % (total),estimated by the compiler",99.97,Not Specified %,1962
3.864,0.030857,0.00061714,None kPa,N/A,12900,['C'],A,non-adiabatic cyrostat calorimeter,"not stated,99.97 % (total),estimated by the compiler",99.97,Not Specified %,1962
3.99,0.0317984,0.000635968,None kPa,N/A,12900,['C'],A,non-adiabatic cyrostat calorimeter,"not stated,99.97 % (total),estimated by the compiler",99.97,Not Specified %,1962
4.114,0.033313,0.00066626,None kPa,N/A,12900,['C'],A,non-adiabatic cyrostat calorimeter,"not stated,99.97 % (total),estimated by the compiler",99.97,Not Specified %,1962
1.76,0.0128449,0.000385346,None kPa,N/A,14480,['C'],A,Vacuum adiabatic calorimetry,not stated,,,1964
1.82,0.0133051,0.000399154,None kPa,N/A,14480,['C'],A,Vacuum adiabatic calorimetry,not stated,,,1964
1.88,0.0138072,0.000414216,None kPa,N/A,14480,['C'],A,Vacuum adiabatic calorimetry,not stated,,,1964
1.93,0.0143093,0.000429278,None kPa,N/A,14480,['C'],A,Vacuum adiabatic calorimetry,not stated,,,1964
2.04,0.0151042,0.000453127,None kPa,N/A,14480,['C'],A,Vacuum adiabatic calorimetry,not stated,,,1964
2.12,0.0158155,0.000474466,None kPa,N/A,14480,['C'],A,Vacuum adiabatic calorimetry,not stated,,,1964
2.23,0.0166523,0.00049957,None kPa,N/A,14480,['C'],A,Vacuum adiabatic calorimetry,not stated,,,1964
2.33,0.0174473,0.000523418,None kPa,N/A,14480,['C'],A,Vacuum adiabatic calorimetry,not stated,,,1964
2.43,0.0181586,0.000544757,None kPa,N/A,14480,['C'],A,Vacuum adiabatic calorimetry,not stated,,,1964
2.5,0.0189535,0.000568606,None kPa,N/A,14480,['C'],A,Vacuum adiabatic calorimetry,not stated,,,1964
2.59,0.0196648,0.000589944,None kPa,N/A,14480,['C'],A,Vacuum adiabatic calorimetry,not stated,,,1964
2.71,0.0204598,0.000613793,None kPa,N/A,14480,['C'],A,Vacuum adiabatic calorimetry,not stated,,,1964
2.88,0.0217986,0.000653959,None kPa,N/A,14480,['C'],A,Vacuum adiabatic calorimetry,not stated,,,1964
3.06,0.0235559,0.000706678,None kPa,N/A,14480,['C'],A,Vacuum adiabatic calorimetry,not stated,,,1964
3.19,0.0246019,0.000738058,None kPa,N/A,14480,['C'],A,Vacuum adiabatic calorimetry,not stated,,,1964
3.3,0.0255642,0.000766927,None kPa,N/A,14480,['C'],A,Vacuum adiabatic calorimetry,not stated,,,1964
3.43,0.0266521,0.000799562,None kPa,N/A,14480,['C'],A,Vacuum adiabatic calorimetry,not stated,,,1964
3.6,0.028242,0.00084726,None kPa,N/A,14480,['C'],A,Vacuum adiabatic calorimetry,not stated,,,1964
3.75,0.0295809,0.000887426,None kPa,N/A,14480,['C'],A,Vacuum adiabatic calorimetry,not stated,,,1964
3.87,0.0308779,0.000926338,None kPa,N/A,14480,['C'],A,Vacuum adiabatic calorimetry,not stated,,,1964
3.99,0.0318821,0.000956462,None kPa,N/A,14480,['C'],A,Vacuum adiabatic calorimetry,not stated,,,1964
4.12,0.0333465,0.00100039,None kPa,N/A,14480,['C'],A,Vacuum adiabatic calorimetry,not stated,,,1964
1.11,0.00728016,0.000145603,None kPa,N/A,4423,['C'],A,Low temperature calorimetry set up,"origin: commercial source,99.8 % (total),chemical analysis,chunk",99.8,Not Specified %,1935
1.14,0.00765672,0.000153134,None kPa,N/A,4423,['C'],A,Low temperature calorimetry set up,"origin: commercial source,99.8 % (total),chemical analysis,chunk",99.8,Not Specified %,1935
1.23,0.00853536,0.000170707,None kPa,N/A,4423,['C'],A,Low temperature calorimetry set up,"origin: commercial source,99.8 % (total),chemical analysis,chunk",99.8,Not Specified %,1935
1.31,0.00958136,0.000191627,None kPa,N/A,4423,['C'],A,Low temperature calorimetry set up,"origin: commercial source,99.8 % (total),chemical analysis,chunk",99.8,Not Specified %,1935
1.41,0.010209,0.000204179,None kPa,N/A,4423,['C'],A,Low temperature calorimetry set up,"origin: commercial source,99.8 % (total),chemical analysis,chunk",99.8,Not Specified %,1935
1.48,0.0109202,0.000218405,None kPa,N/A,4423,['C'],A,Low temperature calorimetry set up,"origin: commercial source,99.8 % (total),chemical analysis,chunk",99.8,Not Specified %,1935
1.52,0.0115897,0.000231794,None kPa,N/A,4423,['C'],A,Low temperature calorimetry set up,"origin: commercial source,99.8 % (total),chemical analysis,chunk",99.8,Not Specified %,1935
1.67,0.0124265,0.00024853,None kPa,N/A,4423,['C'],A,Low temperature calorimetry set up,"origin: commercial source,99.8 % (total),chemical analysis,chunk",99.8,Not Specified %,1935
1.77,0.0130541,0.000261082,None kPa,N/A,4423,['C'],A,Low temperature calorimetry set up,"origin: commercial source,99.8 % (total),chemical analysis,chunk",99.8,Not Specified %,1935
1.92,0.0143511,0.000287022,None kPa,N/A,4423,['C'],A,Low temperature calorimetry set up,"origin: commercial source,99.8 % (total),chemical analysis,chunk",99.8,Not Specified %,1935
2.08,0.0160247,0.000320494,None kPa,N/A,4423,['C'],A,Low temperature calorimetry set up,"origin: commercial source,99.8 % (total),chemical analysis,chunk",99.8,Not Specified %,1935
2.24,0.0164013,0.000328026,None kPa,N/A,4423,['C'],A,Low temperature calorimetry set up,"origin: commercial source,99.8 % (total),chemical analysis,chunk",99.8,Not Specified %,1935
2.39,0.0179912,0.000359824,None kPa,N/A,4423,['C'],A,Low temperature calorimetry set up,"origin: commercial source,99.8 % (total),chemical analysis,chunk",99.8,Not Specified %,1935
2.49,0.0188698,0.000377397,None kPa,N/A,4423,['C'],A,Low temperature calorimetry set up,"origin: commercial source,99.8 % (total),chemical analysis,chunk",99.8,Not Specified %,1935
2.56,0.0192464,0.000384928,None kPa,N/A,4423,['C'],A,Low temperature calorimetry set up,"origin: commercial source,99.8 % (total),chemical analysis,chunk",99.8,Not Specified %,1935
2.71,0.0204179,0.000408358,None kPa,N/A,4423,['C'],A,Low temperature calorimetry set up,"origin: commercial source,99.8 % (total),chemical analysis,chunk",99.8,Not Specified %,1935
2.81,0.0215476,0.000430952,None kPa,N/A,4423,['C'],A,Low temperature calorimetry set up,"origin: commercial source,99.8 % (total),chemical analysis,chunk",99.8,Not Specified %,1935
2.82,0.0210874,0.000421747,None kPa,N/A,4423,['C'],A,Low temperature calorimetry set up,"origin: commercial source,99.8 % (total),chemical analysis,chunk",99.8,Not Specified %,1935
3.0,0.0227191,0.000454382,None kPa,N/A,4423,['C'],A,Low temperature calorimetry set up,"origin: commercial source,99.8 % (total),chemical analysis,chunk",99.8,Not Specified %,1935
3.15,0.0242254,0.000484507,None kPa,N/A,4423,['C'],A,Low temperature calorimetry set up,"origin: commercial source,99.8 % (total),chemical analysis,chunk",99.8,Not Specified %,1935
3.26,0.0249366,0.000498733,None kPa,N/A,4423,['C'],A,Low temperature calorimetry set up,"origin: commercial source,99.8 % (total),chemical analysis,chunk",99.8,Not Specified %,1935
3.37,0.0257734,0.000515469,None kPa,N/A,4423,['C'],A,Low temperature calorimetry set up,"origin: commercial source,99.8 % (total),chemical analysis,chunk",99.8,Not Specified %,1935
3.46,0.0268194,0.000536389,None kPa,N/A,4423,['C'],A,Low temperature calorimetry set up,"origin: commercial source,99.8 % (total),chemical analysis,chunk",99.8,Not Specified %,1935
3.57,0.0274889,0.000549778,None kPa,N/A,4423,['C'],A,Low temperature calorimetry set up,"origin: commercial source,99.8 % (total),chemical analysis,chunk",99.8,Not Specified %,1935
1.1,0.00778224,0.000155645,None kPa,N/A,4423,['C'],A,Low temperature calorimetry set up,"origin: commercial source,99.8 % (total),chemical analysis,chunk",99.8,Not Specified %,1935
1.1,0.00761488,0.000152298,None kPa,N/A,4423,['C'],A,Low temperature calorimetry set up,"origin: commercial source,99.8 % (total),chemical analysis,chunk",99.8,Not Specified %,1935
1.1,0.00769856,0.000153971,None kPa,N/A,4423,['C'],A,Low temperature calorimetry set up,"origin: commercial source,99.8 % (total),chemical analysis,chunk",99.8,Not Specified %,1935
1.14,0.00782408,0.000156482,None kPa,N/A,4423,['C'],A,Low temperature calorimetry set up,"origin: commercial source,99.8 % (total),chemical analysis,chunk",99.8,Not Specified %,1935
1.18,0.00715464,0.000143093,None kPa,N/A,4423,['C'],A,Low temperature calorimetry set up,"origin: commercial source,99.8 % (total),chemical analysis,chunk",99.8,Not Specified %,1935
1.66,0.0126357,0.000252714,None kPa,N/A,4423,['C'],A,Low temperature calorimetry set up,"origin: commercial source,99.8 % (total),chemical analysis,chunk",99.8,Not Specified %,1935
3.49,0.0257316,0.000514632,None kPa,N/A,4423,['C'],A,Low temperature calorimetry set up,"origin: commercial source,99.8 % (total),chemical analysis,chunk",99.8,Not Specified %,1935
3.63,0.0268613,0.000537226,None kPa,N/A,4423,['C'],A,Low temperature calorimetry set up,"origin: commercial source,99.8 % (total),chemical analysis,chunk",99.8,Not Specified %,1935
3.73,0.0272797,0.000545594,None kPa,N/A,4423,['C'],A,Low temperature calorimetry set up,"origin: commercial source,99.8 % (total),chemical analysis,chunk",99.8,Not Specified %,1935
3.83,0.0288696,0.000577392,None kPa,N/A,4423,['C'],A,Low temperature calorimetry set up,"origin: commercial source,99.8 % (total),chemical analysis,chunk",99.8,Not Specified %,1935
3.89,0.0300411,0.000600822,None kPa,N/A,4423,['C'],A,Low temperature calorimetry set up,"origin: commercial source,99.8 % (total),chemical analysis,chunk",99.8,Not Specified %,1935
3.97,0.0307524,0.000615048,None kPa,N/A,4423,['C'],A,Low temperature calorimetry set up,"origin: commercial source,99.8 % (total),chemical analysis,chunk",99.8,Not Specified %,1935
4.05,0.03138,0.0006276,None kPa,N/A,4423,['C'],A,Low temperature calorimetry set up,"origin: commercial source,99.8 % (total),chemical analysis,chunk",99.8,Not Specified %,1935
4.04,0.0309616,0.000619232,None kPa,N/A,4423,['C'],A,Low temperature calorimetry set up,"origin: commercial source,99.8 % (total),chemical analysis,chunk",99.8,Not Specified %,1935
4.12,0.032175,0.000643499,None kPa,N/A,4423,['C'],A,Low temperature calorimetry set up,"origin: commercial source,99.8 % (total),chemical analysis,chunk",99.8,Not Specified %,1935
4.2,0.0328444,0.000656888,None kPa,N/A,4423,['C'],A,Low temperature calorimetry set up,"origin: commercial source,99.8 % (total),chemical analysis,chunk",99.8,Not Specified %,1935
4.27,0.033221,0.000664419,None kPa,N/A,4423,['C'],A,Low temperature calorimetry set up,"origin: commercial source,99.8 % (total),chemical analysis,chunk",99.8,Not Specified %,1935
4.31,0.0335557,0.000671114,None kPa,N/A,4423,['C'],A,Low temperature calorimetry set up,"origin: commercial source,99.8 % (total),chemical analysis,chunk",99.8,Not Specified %,1935
3.11,0.0233049,0.000466098,None kPa,N/A,4423,['C'],A,Low temperature calorimetry set up,"origin: commercial source,99.8 % (total),chemical analysis,chunk",99.8,Not Specified %,1935
3.26,0.0246438,0.000492875,None kPa,N/A,4423,['C'],A,Low temperature calorimetry set up,"origin: commercial source,99.8 % (total),chemical analysis,chunk",99.8,Not Specified %,1935
3.37,0.025355,0.000507101,None kPa,N/A,4423,['C'],A,Low temperature calorimetry set up,"origin: commercial source,99.8 % (total),chemical analysis,chunk",99.8,Not Specified %,1935
3.51,0.0259826,0.000519653,None kPa,N/A,4423,['C'],A,Low temperature calorimetry set up,"origin: commercial source,99.8 % (total),chemical analysis,chunk",99.8,Not Specified %,1935
3.71,0.0271542,0.000543083,None kPa,N/A,4423,['C'],A,Low temperature calorimetry set up,"origin: commercial source,99.8 % (total),chemical analysis,chunk",99.8,Not Specified %,1935
3.78,0.0275307,0.000550614,None kPa,N/A,4423,['C'],A,Low temperature calorimetry set up,"origin: commercial source,99.8 % (total),chemical analysis,chunk",99.8,Not Specified %,1935
4.03,0.0307524,0.000615048,None kPa,N/A,4423,['C'],A,Low temperature calorimetry set up,"origin: commercial source,99.8 % (total),chemical analysis,chunk",99.8,Not Specified %,1935
4.16,0.0320913,0.000641826,None kPa,N/A,4423,['C'],A,Low temperature calorimetry set up,"origin: commercial source,99.8 % (total),chemical analysis,chunk",99.8,Not Specified %,1935
4.27,0.0327189,0.000654378,None kPa,N/A,4423,['C'],A,Low temperature calorimetry set up,"origin: commercial source,99.8 % (total),chemical analysis,chunk",99.8,Not Specified %,1935
4.42,0.0339322,0.000678645,None kPa,N/A,4423,['C'],A,Low temperature calorimetry set up,"origin: commercial source,99.8 % (total),chemical analysis,chunk",99.8,Not Specified %,1935
4.58,0.0354803,0.000709606,None kPa,N/A,4423,['C'],A,Low temperature calorimetry set up,"origin: commercial source,99.8 % (total),chemical analysis,chunk",99.8,Not Specified %,1935
4.7,0.0365263,0.000730526,None kPa,N/A,4423,['C'],A,Low temperature calorimetry set up,"origin: commercial source,99.8 % (total),chemical analysis,chunk",99.8,Not Specified %,1935
4.86,0.0383673,0.000767346,None kPa,N/A,4423,['C'],A,Low temperature calorimetry set up,"origin: commercial source,99.8 % (total),chemical analysis,chunk",99.8,Not Specified %,1935
5.01,0.041045,0.000820901,None kPa,N/A,4423,['C'],A,Low temperature calorimetry set up,"origin: commercial source,99.8 % (total),chemical analysis,chunk",99.8,Not Specified %,1935
5.28,0.0443504,0.000887008,None kPa,N/A,4423,['C'],A,Low temperature calorimetry set up,"origin: commercial source,99.8 % (total),chemical analysis,chunk",99.8,Not Specified %,1935
5.45,0.0464424,0.000928848,None kPa,N/A,4423,['C'],A,Low temperature calorimetry set up,"origin: commercial source,99.8 % (total),chemical analysis,chunk",99.8,Not Specified %,1935
5.62,0.0472792,0.000945584,None kPa,N/A,4423,['C'],A,Low temperature calorimetry set up,"origin: commercial source,99.8 % (total),chemical analysis,chunk",99.8,Not Specified %,1935
5.75,0.0476976,0.000953952,None kPa,N/A,4423,['C'],A,Low temperature calorimetry set up,"origin: commercial source,99.8 % (total),chemical analysis,chunk",99.8,Not Specified %,1935
5.86,0.0476976,0.000953952,None kPa,N/A,4423,['C'],A,Low temperature calorimetry set up,"origin: commercial source,99.8 % (total),chemical analysis,chunk",99.8,Not Specified %,1935
5.72,0.0435136,0.000870272,None kPa,N/A,4423,['C'],A,Low temperature calorimetry set up,"origin: commercial source,99.8 % (total),chemical analysis,chunk",99.8,Not Specified %,1935
5.9,0.0464424,0.000928848,None kPa,N/A,4423,['C'],A,Low temperature calorimetry set up,"origin: commercial source,99.8 % (total),chemical analysis,chunk",99.8,Not Specified %,1935
6.3,0.0518816,0.00103763,None kPa,N/A,4423,['C'],A,Low temperature calorimetry set up,"origin: commercial source,99.8 % (total),chemical analysis,chunk",99.8,Not Specified %,1935
6.48,0.0535552,0.0010711,None kPa,N/A,4423,['C'],A,Low temperature calorimetry set up,"origin: commercial source,99.8 % (total),chemical analysis,chunk",99.8,Not Specified %,1935
6.54,0.0535552,0.0010711,None kPa,N/A,4423,['C'],A,Low temperature calorimetry set up,"origin: commercial source,99.8 % (total),chemical analysis,chunk",99.8,Not Specified %,1935
7.51,0.0686176,0.00137235,None kPa,N/A,4423,['C'],A,Low temperature calorimetry set up,"origin: commercial source,99.8 % (total),chemical analysis,chunk",99.8,Not Specified %,1935
7.69,0.0707096,0.00141419,None kPa,N/A,4423,['C'],A,Low temperature calorimetry set up,"origin: commercial source,99.8 % (total),chemical analysis,chunk",99.8,Not Specified %,1935
7.93,0.07322,0.0014644,None kPa,N/A,4423,['C'],A,Low temperature calorimetry set up,"origin: commercial source,99.8 % (total),chemical analysis,chunk",99.8,Not Specified %,1935
8.05,0.0757304,0.00151461,None kPa,N/A,4423,['C'],A,Low temperature calorimetry set up,"origin: commercial source,99.8 % (total),chemical analysis,chunk",99.8,Not Specified %,1935
8.21,0.0736384,0.00147277,None kPa,N/A,4423,['C'],A,Low temperature calorimetry set up,"origin: commercial source,99.8 % (total),chemical analysis,chunk",99.8,Not Specified %,1935
8.39,0.0778224,0.00155645,None kPa,N/A,4423,['C'],A,Low temperature calorimetry set up,"origin: commercial source,99.8 % (total),chemical analysis,chunk",99.8,Not Specified %,1935
8.7,0.0782408,0.00156482,None kPa,N/A,4423,['C'],A,Low temperature calorimetry set up,"origin: commercial source,99.8 % (total),chemical analysis,chunk",99.8,Not Specified %,1935
8.91,0.0828432,0.00165686,None kPa,N/A,4423,['C'],A,Low temperature calorimetry set up,"origin: commercial source,99.8 % (total),chemical analysis,chunk",99.8,Not Specified %,1935
9.22,0.0853536,0.00170707,None kPa,N/A,4423,['C'],A,Low temperature calorimetry set up,"origin: commercial source,99.8 % (total),chemical analysis,chunk",99.8,Not Specified %,1935
14.34,0.163594,0.00327189,None kPa,N/A,4423,['C'],A,Low temperature calorimetry set up,"origin: commercial source,99.8 % (total),chemical analysis,chunk",99.8,Not Specified %,1935
14.84,0.181586,0.00363171,None kPa,N/A,4423,['C'],A,Low temperature calorimetry set up,"origin: commercial source,99.8 % (total),chemical analysis,chunk",99.8,Not Specified %,1935
15.41,0.182841,0.00365682,None kPa,N/A,4423,['C'],A,Low temperature calorimetry set up,"origin: commercial source,99.8 % (total),chemical analysis,chunk",99.8,Not Specified %,1935
15.78,0.198322,0.00396643,None kPa,N/A,4423,['C'],A,Low temperature calorimetry set up,"origin: commercial source,99.8 % (total),chemical analysis,chunk",99.8,Not Specified %,1935
16.46,0.209618,0.00419237,None kPa,N/A,4423,['C'],A,Low temperature calorimetry set up,"origin: commercial source,99.8 % (total),chemical analysis,chunk",99.8,Not Specified %,1935
17.07,0.232212,0.00464424,None kPa,N/A,4423,['C'],A,Low temperature calorimetry set up,"origin: commercial source,99.8 % (total),chemical analysis,chunk",99.8,Not Specified %,1935
17.59,0.233886,0.00467771,None kPa,N/A,4423,['C'],A,Low temperature calorimetry set up,"origin: commercial source,99.8 % (total),chemical analysis,chunk",99.8,Not Specified %,1935
18.08,0.249785,0.0049957,None kPa,N/A,4423,['C'],A,Low temperature calorimetry set up,"origin: commercial source,99.8 % (total),chemical analysis,chunk",99.8,Not Specified %,1935
18.49,0.263592,0.00527184,None kPa,N/A,4423,['C'],A,Low temperature calorimetry set up,"origin: commercial source,99.8 % (total),chemical analysis,chunk",99.8,Not Specified %,1935
19.02,0.277399,0.00554798,None kPa,N/A,4423,['C'],A,Low temperature calorimetry set up,"origin: commercial source,99.8 % (total),chemical analysis,chunk",99.8,Not Specified %,1935
10.05,0.0979056,0.0014644,0.133322 kPa,N/A,4530,['C'],A,large sample adiabatic calorimeter,not stated,,,1936
10.28,0.0966504,0.0014644,None kPa,N/A,4530,['C'],A,large sample adiabatic calorimeter,not stated,,,1936
10.65,0.105018,0.00158992,None kPa,N/A,4530,['C'],A,large sample adiabatic calorimeter,not stated,,,1936
10.82,0.107529,0.00163176,None kPa,N/A,4530,['C'],A,large sample adiabatic calorimeter,not stated,,,1936
10.83,0.107529,0.00163176,None kPa,N/A,4530,['C'],A,large sample adiabatic calorimeter,not stated,,,1936
11.67,0.122591,0.00184096,None kPa,N/A,4530,['C'],A,large sample adiabatic calorimeter,not stated,,,1936
11.71,0.124265,0.0018828,None kPa,N/A,4530,['C'],A,large sample adiabatic calorimeter,not stated,,,1936
11.72,0.12301,0.00184096,None kPa,N/A,4530,['C'],A,large sample adiabatic calorimeter,not stated,,,1936
12.03,0.12803,0.00192464,None kPa,N/A,4530,['C'],A,large sample adiabatic calorimeter,not stated,,,1936
12.52,0.134725,0.00200832,None kPa,N/A,4530,['C'],A,large sample adiabatic calorimeter,not stated,,,1936
12.96,0.146022,0.00217568,None kPa,N/A,4530,['C'],A,large sample adiabatic calorimeter,not stated,,,1936
13.26,0.148114,0.00221752,None kPa,N/A,4530,['C'],A,large sample adiabatic calorimeter,not stated,,,1936
13.55,0.155226,0.00234304,None kPa,N/A,4530,['C'],A,large sample adiabatic calorimeter,not stated,,,1936
13.65,0.158155,0.00238488,None kPa,N/A,4530,['C'],A,large sample adiabatic calorimeter,not stated,,,1936
14.67,0.176565,0.00263592,None kPa,N/A,4530,['C'],A,large sample adiabatic calorimeter,not stated,,,1936
15.05,0.185351,0.00276144,None kPa,N/A,4530,['C'],A,large sample adiabatic calorimeter,not stated,,,1936
15.14,0.186188,0.00280328,None kPa,N/A,4530,['C'],A,large sample adiabatic calorimeter,not stated,,,1936
16.71,0.221752,0.0033472,None kPa,N/A,4530,['C'],A,large sample adiabatic calorimeter,not stated,,,1936
16.84,0.224262,0.0033472,None kPa,N/A,4530,['C'],A,large sample adiabatic calorimeter,not stated,,,1936
17.03,0.23012,0.00347272,None kPa,N/A,4530,['C'],A,large sample adiabatic calorimeter,not stated,,,1936
17.06,0.230538,0.00347272,None kPa,N/A,4530,['C'],A,large sample adiabatic calorimeter,not stated,,,1936
18.97,0.286604,0.00430952,None kPa,N/A,4530,['C'],A,large sample adiabatic calorimeter,not stated,,,1936
19.09,0.291206,0.00435136,None kPa,N/A,4530,['C'],A,large sample adiabatic calorimeter,not stated,,,1936
21.21,0.37405,0.00301248,None kPa,N/A,4530,['C'],A,large sample adiabatic calorimeter,not stated,,,1936
21.5,0.386183,0.00309616,None kPa,N/A,4530,['C'],A,large sample adiabatic calorimeter,not stated,,,1936
21.65,0.394133,0.003138,None kPa,N/A,4530,['C'],A,large sample adiabatic calorimeter,not stated,,,1936
22.17,0.42091,0.0033472,None kPa,N/A,4530,['C'],A,large sample adiabatic calorimeter,not stated,,,1936
23.48,0.489528,0.00393296,None kPa,N/A,4530,['C'],A,large sample adiabatic calorimeter,not stated,,,1936
23.82,0.508356,0.00405848,None kPa,N/A,4530,['C'],A,large sample adiabatic calorimeter,not stated,,,1936
24.54,0.553125,0.00443504,None kPa,N/A,4530,['C'],A,large sample adiabatic calorimeter,not stated,,,1936
25.66,0.629692,0.0050208,None kPa,N/A,4530,['C'],A,large sample adiabatic calorimeter,not stated,,,1936
25.97,0.650194,0.00518816,None kPa,N/A,4530,['C'],A,large sample adiabatic calorimeter,not stated,,,1936
1.0,0.007322,0.00014644,None kPa,N/A,5776,['C'],A,Vacuum adiabatic calorimetry,not stated,,,1945
2.0,0.014895,0.000297901,None kPa,N/A,5776,['C'],A,Vacuum adiabatic calorimetry,not stated,,,1945
4.0,0.0308779,0.000617558,None kPa,N/A,5776,['C'],A,Vacuum adiabatic calorimetry,not stated,,,1945
6.0,0.0497896,0.000995792,None kPa,N/A,5776,['C'],A,Vacuum adiabatic calorimetry,not stated,,,1945
8.0,0.071128,0.00142256,None kPa,N/A,5776,['C'],A,Vacuum adiabatic calorimetry,not stated,,,1945
10.0,0.0970688,0.00194138,None kPa,N/A,5776,['C'],A,Vacuum adiabatic calorimetry,not stated,,,1945
12.0,0.126357,0.00252714,None kPa,N/A,5776,['C'],A,Vacuum adiabatic calorimetry,not stated,,,1945
14.0,0.161921,0.00323842,None kPa,N/A,5776,['C'],A,Vacuum adiabatic calorimetry,not stated,,,1945
16.0,0.205853,0.00411706,None kPa,N/A,5776,['C'],A,Vacuum adiabatic calorimetry,not stated,,,1945
18.0,0.257734,0.00515469,None kPa,N/A,5776,['C'],A,Vacuum adiabatic calorimetry,not stated,,,1945
20.0,0.320076,0.00640152,None kPa,N/A,5776,['C'],A,Vacuum adiabatic calorimetry,not stated,,,1945
12.95,0.150624,0.00150624,None kPa,N/A,7132,['C'],A,Closed cup calorimetry,"origin: commercial source,99.98 weight % (total),chemical analysis",99.98,Weight %,1952
14.68,0.154808,0.00154808,None kPa,N/A,7132,['C'],A,Closed cup calorimetry,"origin: commercial source,99.98 weight % (total),chemical analysis",99.98,Weight %,1952
16.71,0.217568,0.00217568,None kPa,N/A,7132,['C'],A,Closed cup calorimetry,"origin: commercial source,99.98 weight % (total),chemical analysis",99.98,Weight %,1952
19.46,0.3138,0.003138,None kPa,N/A,7132,['C'],A,Closed cup calorimetry,"origin: commercial source,99.98 weight % (total),chemical analysis",99.98,Weight %,1952
22.78,0.447688,0.00447688,None kPa,N/A,7132,['C'],A,Closed cup calorimetry,"origin: commercial source,99.98 weight % (total),chemical analysis",99.98,Weight %,1952
26.37,0.665256,0.00665256,None kPa,N/A,7132,['C'],A,Closed cup calorimetry,"origin: commercial source,99.98 weight % (total),chemical analysis",99.98,Weight %,1952
30.14,0.987424,0.00987424,None kPa,N/A,7132,['C'],A,Closed cup calorimetry,"origin: commercial source,99.98 weight % (total),chemical analysis",99.98,Weight %,1952
33.83,1.38909,0.00276144,None kPa,N/A,7132,['C'],A,Closed cup calorimetry,"origin: commercial source,99.98 weight % (total),chemical analysis",99.98,Weight %,1952
37.86,1.91627,0.00384928,None kPa,N/A,7132,['C'],A,Closed cup calorimetry,"origin: commercial source,99.98 weight % (total),chemical analysis",99.98,Weight %,1952
42.93,2.70705,0.00539736,None kPa,N/A,7132,['C'],A,Closed cup calorimetry,"origin: commercial source,99.98 weight % (total),chemical analysis",99.98,Weight %,1952
48.93,3.77397,0.0075312,None kPa,N/A,7132,['C'],A,Closed cup calorimetry,"origin: commercial source,99.98 weight % (total),chemical analysis",99.98,Weight %,1952
54.89,5.01662,0.0100416,None kPa,N/A,7132,['C'],A,Closed cup calorimetry,"origin: commercial source,99.98 weight % (total),chemical analysis",99.98,Weight %,1952
62.12,6.49357,0.0129704,None kPa,N/A,7132,['C'],A,Closed cup calorimetry,"origin: commercial source,99.98 weight % (total),chemical analysis",99.98,Weight %,1952
69.74,8.08349,0.0161502,None kPa,N/A,7132,['C'],A,Closed cup calorimetry,"origin: commercial source,99.98 weight % (total),chemical analysis",99.98,Weight %,1952
75.91,9.35542,0.0187025,None kPa,N/A,7132,['C'],A,Closed cup calorimetry,"origin: commercial source,99.98 weight % (total),chemical analysis",99.98,Weight %,1952
82.22,10.6023,0.0212129,None kPa,N/A,7132,['C'],A,Closed cup calorimetry,"origin: commercial source,99.98 weight % (total),chemical analysis",99.98,Weight %,1952
88.52,11.7152,0.0234304,None kPa,N/A,7132,['C'],A,Closed cup calorimetry,"origin: commercial source,99.98 weight % (total),chemical analysis",99.98,Weight %,1952
95.13,12.8323,0.0256479,None kPa,N/A,7132,['C'],A,Closed cup calorimetry,"origin: commercial source,99.98 weight % (total),chemical analysis",99.98,Weight %,1952
102.07,13.9536,0.0279073,None kPa,N/A,7132,['C'],A,Closed cup calorimetry,"origin: commercial source,99.98 weight % (total),chemical analysis",99.98,Weight %,1952
109.01,14.9787,0.0299574,None kPa,N/A,7132,['C'],A,Closed cup calorimetry,"origin: commercial source,99.98 weight % (total),chemical analysis",99.98,Weight %,1952
116.23,15.8866,0.0317566,None kPa,N/A,7132,['C'],A,Closed cup calorimetry,"origin: commercial source,99.98 weight % (total),chemical analysis",99.98,Weight %,1952
123.62,16.7193,0.0334302,None kPa,N/A,7132,['C'],A,Closed cup calorimetry,"origin: commercial source,99.98 weight % (total),chemical analysis",99.98,Weight %,1952
131.77,17.5937,0.0351874,None kPa,N/A,7132,['C'],A,Closed cup calorimetry,"origin: commercial source,99.98 weight % (total),chemical analysis",99.98,Weight %,1952
139.64,18.3887,0.0367774,None kPa,N/A,7132,['C'],A,Closed cup calorimetry,"origin: commercial source,99.98 weight % (total),chemical analysis",99.98,Weight %,1952
147.5,19.1,0.0381999,None kPa,N/A,7132,['C'],A,Closed cup calorimetry,"origin: commercial source,99.98 weight % (total),chemical analysis",99.98,Weight %,1952
155.38,19.7568,0.039497,None kPa,N/A,7132,['C'],A,Closed cup calorimetry,"origin: commercial source,99.98 weight % (total),chemical analysis",99.98,Weight %,1952
163.33,20.3217,0.0406266,None kPa,N/A,7132,['C'],A,Closed cup calorimetry,"origin: commercial source,99.98 weight % (total),chemical analysis",99.98,Weight %,1952
171.37,20.874,0.0417563,None kPa,N/A,7132,['C'],A,Closed cup calorimetry,"origin: commercial source,99.98 weight % (total),chemical analysis",99.98,Weight %,1952
179.48,21.3886,0.0426768,None kPa,N/A,7132,['C'],A,Closed cup calorimetry,"origin: commercial source,99.98 weight % (total),chemical analysis",99.98,Weight %,1952
187.68,21.8447,0.0435136,None kPa,N/A,7132,['C'],A,Closed cup calorimetry,"origin: commercial source,99.98 weight % (total),chemical analysis",99.98,Weight %,1952
196.03,22.2672,0.0443504,None kPa,N/A,7132,['C'],A,Closed cup calorimetry,"origin: commercial source,99.98 weight % (total),chemical analysis",99.98,Weight %,1952
204.43,22.6898,0.0451872,None kPa,N/A,7132,['C'],A,Closed cup calorimetry,"origin: commercial source,99.98 weight % (total),chemical analysis",99.98,Weight %,1952
212.96,23.0664,0.046024,None kPa,N/A,7132,['C'],A,Closed cup calorimetry,"origin: commercial source,99.98 weight % (total),chemical analysis",99.98,Weight %,1952
221.33,23.3676,0.0468608,None kPa,N/A,7132,['C'],A,Closed cup calorimetry,"origin: commercial source,99.98 weight % (total),chemical analysis",99.98,Weight %,1952
229.59,23.6605,0.0472792,None kPa,N/A,7132,['C'],A,Closed cup calorimetry,"origin: commercial source,99.98 weight % (total),chemical analysis",99.98,Weight %,1952
238.59,23.9701,0.048116,None kPa,N/A,7132,['C'],A,Closed cup calorimetry,"origin: commercial source,99.98 weight % (total),chemical analysis",99.98,Weight %,1952
247.96,24.3509,0.0485344,None kPa,N/A,7132,['C'],A,Closed cup calorimetry,"origin: commercial source,99.98 weight % (total),chemical analysis",99.98,Weight %,1952
238.75,23.9827,0.048116,None kPa,N/A,7132,['C'],A,Closed cup calorimetry,"origin: commercial source,99.98 weight % (total),chemical analysis",99.98,Weight %,1952
247.95,24.3425,0.0485344,None kPa,N/A,7132,['C'],A,Closed cup calorimetry,"origin: commercial source,99.98 weight % (total),chemical analysis",99.98,Weight %,1952
256.73,24.6438,0.0493712,None kPa,N/A,7132,['C'],A,Closed cup calorimetry,"origin: commercial source,99.98 weight % (total),chemical analysis",99.98,Weight %,1952
265.59,24.9366,0.0497896,None kPa,N/A,7132,['C'],A,Closed cup calorimetry,"origin: commercial source,99.98 weight % (total),chemical analysis",99.98,Weight %,1952
274.81,25.2337,0.0506264,None kPa,N/A,7132,['C'],A,Closed cup calorimetry,"origin: commercial source,99.98 weight % (total),chemical analysis",99.98,Weight %,1952
284.34,25.5266,0.0510448,None kPa,N/A,7132,['C'],A,Closed cup calorimetry,"origin: commercial source,99.98 weight % (total),chemical analysis",99.98,Weight %,1952
302.98,26.3383,0.0527184,None kPa,N/A,7132,['C'],A,Closed cup calorimetry,"origin: commercial source,99.98 weight % (total),chemical analysis",99.98,Weight %,1952
293.99,25.9324,0.0518816,None kPa,N/A,7132,['C'],A,Closed cup calorimetry,"origin: commercial source,99.98 weight % (total),chemical analysis",99.98,Weight %,1952
450.0,29.3717,0.587434,None kPa,N/A,8628,['C'],A,Drop calorimetry,"not stated,99.97 % (total),chemical analysis",99.97,Not Specified %,1955
500.0,30.7942,0.615885,None kPa,N/A,8628,['C'],A,Drop calorimetry,"not stated,99.97 % (total),chemical analysis",99.97,Not Specified %,1955
550.0,32.7607,0.655214,None kPa,N/A,8628,['C'],A,Drop calorimetry,"not stated,99.97 % (total),chemical analysis",99.97,Not Specified %,1955
600.0,34.7272,0.694544,None kPa,N/A,8628,['C'],A,Drop calorimetry,"not stated,99.97 % (total),chemical analysis",99.97,Not Specified %,1955
610.0,35.313,0.706259,None kPa,N/A,8628,['C'],A,Drop calorimetry,"not stated,99.97 % (total),chemical analysis",99.97,Not Specified %,1955
620.0,36.2334,0.724669,None kPa,N/A,8628,['C'],A,Drop calorimetry,"not stated,99.97 % (total),chemical analysis",99.97,Not Specified %,1955
622.0,36.5682,0.731363,None kPa,N/A,8628,['C'],A,Drop calorimetry,"not stated,99.97 % (total),chemical analysis",99.97,Not Specified %,1955
624.0,36.9447,0.738894,None kPa,N/A,8628,['C'],A,Drop calorimetry,"not stated,99.97 % (total),chemical analysis",99.97,Not Specified %,1955
626.0,37.405,0.748099,None kPa,N/A,8628,['C'],A,Drop calorimetry,"not stated,99.97 % (total),chemical analysis",99.97,Not Specified %,1955
628.0,38.0744,0.761488,None kPa,N/A,8628,['C'],A,Drop calorimetry,"not stated,99.97 % (total),chemical analysis",99.97,Not Specified %,1955
630.0,39.2459,0.784918,None kPa,N/A,8628,['C'],A,Drop calorimetry,"not stated,99.97 % (total),chemical analysis",99.97,Not Specified %,1955
635.0,33.8486,0.676971,None kPa,N/A,8628,['C'],A,Drop calorimetry,"not stated,99.97 % (total),chemical analysis",99.97,Not Specified %,1955
640.0,32.7189,0.654378,None kPa,N/A,8628,['C'],A,Drop calorimetry,"not stated,99.97 % (total),chemical analysis",99.97,Not Specified %,1955
645.0,32.2168,0.644336,None kPa,N/A,8628,['C'],A,Drop calorimetry,"not stated,99.97 % (total),chemical analysis",99.97,Not Specified %,1955
650.0,31.8821,0.637642,None kPa,N/A,8628,['C'],A,Drop calorimetry,"not stated,99.97 % (total),chemical analysis",99.97,Not Specified %,1955
700.0,30.9198,0.618395,None kPa,N/A,8628,['C'],A,Drop calorimetry,"not stated,99.97 % (total),chemical analysis",99.97,Not Specified %,1955
750.0,30.8361,0.616722,None kPa,N/A,8628,['C'],A,Drop calorimetry,"not stated,99.97 % (total),chemical analysis",99.97,Not Specified %,1955
800.0,31.129,0.622579,None kPa,N/A,8628,['C'],A,Drop calorimetry,"not stated,99.97 % (total),chemical analysis",99.97,Not Specified %,1955
850.0,31.5892,0.631784,None kPa,N/A,8628,['C'],A,Drop calorimetry,"not stated,99.97 % (total),chemical analysis",99.97,Not Specified %,1955
900.0,32.0076,0.640152,None kPa,N/A,8628,['C'],A,Drop calorimetry,"not stated,99.97 % (total),chemical analysis",99.97,Not Specified %,1955
950.0,32.426,0.64852,None kPa,N/A,8628,['C'],A,Drop calorimetry,"not stated,99.97 % (total),chemical analysis",99.97,Not Specified %,1955
1000.0,32.8444,0.656888,None kPa,N/A,8628,['C'],A,Drop calorimetry,"not stated,99.97 % (total),chemical analysis",99.97,Not Specified %,1955
1050.0,33.2628,0.665256,None kPa,N/A,8628,['C'],A,Drop calorimetry,"not stated,99.97 % (total),chemical analysis",99.97,Not Specified %,1955
1100.0,33.6812,0.673624,None kPa,N/A,8628,['C'],A,Drop calorimetry,"not stated,99.97 % (total),chemical analysis",99.97,Not Specified %,1955
1150.0,34.0996,0.681992,None kPa,N/A,8628,['C'],A,Drop calorimetry,"not stated,99.97 % (total),chemical analysis",99.97,Not Specified %,1955
1200.0,34.518,0.69036,None kPa,N/A,8628,['C'],A,Drop calorimetry,"not stated,99.97 % (total),chemical analysis",99.97,Not Specified %,1955
1250.0,35.0201,0.700402,None kPa,N/A,8628,['C'],A,Drop calorimetry,"not stated,99.97 % (total),chemical analysis",99.97,Not Specified %,1955
1300.0,35.564,0.71128,None kPa,N/A,8628,['C'],A,Drop calorimetry,"not stated,99.97 % (total),chemical analysis",99.97,Not Specified %,1955
1350.0,36.2334,0.724669,None kPa,N/A,8628,['C'],A,Drop calorimetry,"not stated,99.97 % (total),chemical analysis",99.97,Not Specified %,1955
1400.0,36.9866,0.739731,None kPa,N/A,8628,['C'],A,Drop calorimetry,"not stated,99.97 % (total),chemical analysis",99.97,Not Specified %,1955
1.814,0.01287,0.0001287,None kPa,N/A,9214,['C'],A,Vacuum adiabatic calorimetry,"origin: commercial source,99.999 % (total),stated by supplier,rod",99.999,Not Specified %,1956
1.824,0.01278,0.0001278,None kPa,N/A,9214,['C'],A,Vacuum adiabatic calorimetry,"origin: commercial source,99.999 % (total),stated by supplier,rod",99.999,Not Specified %,1956
1.956,0.01389,0.0001389,None kPa,N/A,9214,['C'],A,Vacuum adiabatic calorimetry,"origin: commercial source,99.999 % (total),stated by supplier,rod",99.999,Not Specified %,1956
2.091,0.01482,0.0001482,None kPa,N/A,9214,['C'],A,Vacuum adiabatic calorimetry,"origin: commercial source,99.999 % (total),stated by supplier,rod",99.999,Not Specified %,1956
2.261,0.01619,0.0001619,None kPa,N/A,9214,['C'],A,Vacuum adiabatic calorimetry,"origin: commercial source,99.999 % (total),stated by supplier,rod",99.999,Not Specified %,1956
2.408,0.0174,0.000174,None kPa,N/A,9214,['C'],A,Vacuum adiabatic calorimetry,"origin: commercial source,99.999 % (total),stated by supplier,rod",99.999,Not Specified %,1956
2.428,0.01734,0.0001734,None kPa,N/A,9214,['C'],A,Vacuum adiabatic calorimetry,"origin: commercial source,99.999 % (total),stated by supplier,rod",99.999,Not Specified %,1956
2.55,0.01835,0.0001835,None kPa,N/A,9214,['C'],A,Vacuum adiabatic calorimetry,"origin: commercial source,99.999 % (total),stated by supplier,rod",99.999,Not Specified %,1956
2.695,0.0193,0.000193,None kPa,N/A,9214,['C'],A,Vacuum adiabatic calorimetry,"origin: commercial source,99.999 % (total),stated by supplier,rod",99.999,Not Specified %,1956
2.837,0.02046,0.0002046,None kPa,N/A,9214,['C'],A,Vacuum adiabatic calorimetry,"origin: commercial source,99.999 % (total),stated by supplier,rod",99.999,Not Specified %,1956
2.849,0.02072,0.0002072,None kPa,N/A,9214,['C'],A,Vacuum adiabatic calorimetry,"origin: commercial source,99.999 % (total),stated by supplier,rod",99.999,Not Specified %,1956
3.016,0.02162,0.0002162,None kPa,N/A,9214,['C'],A,Vacuum adiabatic calorimetry,"origin: commercial source,99.999 % (total),stated by supplier,rod",99.999,Not Specified %,1956
3.159,0.0231,0.000231,None kPa,N/A,9214,['C'],A,Vacuum adiabatic calorimetry,"origin: commercial source,99.999 % (total),stated by supplier,rod",99.999,Not Specified %,1956
3.29,0.02397,0.0002397,None kPa,N/A,9214,['C'],A,Vacuum adiabatic calorimetry,"origin: commercial source,99.999 % (total),stated by supplier,rod",99.999,Not Specified %,1956
3.357,0.02419,0.0002419,None kPa,N/A,9214,['C'],A,Vacuum adiabatic calorimetry,"origin: commercial source,99.999 % (total),stated by supplier,rod",99.999,Not Specified %,1956
3.467,0.02561,0.0002561,None kPa,N/A,9214,['C'],A,Vacuum adiabatic calorimetry,"origin: commercial source,99.999 % (total),stated by supplier,rod",99.999,Not Specified %,1956
3.538,0.02557,0.0002557,None kPa,N/A,9214,['C'],A,Vacuum adiabatic calorimetry,"origin: commercial source,99.999 % (total),stated by supplier,rod",99.999,Not Specified %,1956
3.632,0.02682,0.0002682,None kPa,N/A,9214,['C'],A,Vacuum adiabatic calorimetry,"origin: commercial source,99.999 % (total),stated by supplier,rod",99.999,Not Specified %,1956
3.683,0.02684,0.0002684,None kPa,N/A,9214,['C'],A,Vacuum adiabatic calorimetry,"origin: commercial source,99.999 % (total),stated by supplier,rod",99.999,Not Specified %,1956
3.822,0.02842,0.0002842,None kPa,N/A,9214,['C'],A,Vacuum adiabatic calorimetry,"origin: commercial source,99.999 % (total),stated by supplier,rod",99.999,Not Specified %,1956
3.849,0.02795,0.0002795,None kPa,N/A,9214,['C'],A,Vacuum adiabatic calorimetry,"origin: commercial source,99.999 % (total),stated by supplier,rod",99.999,Not Specified %,1956
3.936,0.02894,0.0002894,None kPa,N/A,9214,['C'],A,Vacuum adiabatic calorimetry,"origin: commercial source,99.999 % (total),stated by supplier,rod",99.999,Not Specified %,1956
4.021,0.02931,0.0002931,None kPa,N/A,9214,['C'],A,Vacuum adiabatic calorimetry,"origin: commercial source,99.999 % (total),stated by supplier,rod",99.999,Not Specified %,1956
4.087,0.03036,0.0003036,None kPa,N/A,9214,['C'],A,Vacuum adiabatic calorimetry,"origin: commercial source,99.999 % (total),stated by supplier,rod",99.999,Not Specified %,1956
4.139,0.03086,0.0003086,None kPa,N/A,9214,['C'],A,Vacuum adiabatic calorimetry,"origin: commercial source,99.999 % (total),stated by supplier,rod",99.999,Not Specified %,1956
1164.0,32.8862,1.64431,None kPa,N/A,10133,['C'],A,isoperibol calorimeter,not stated,,,1958
1090.0,34.1414,1.70707,None kPa,N/A,10133,['C'],A,isoperibol calorimeter,not stated,,,1958
1090.0,32.175,1.60875,None kPa,N/A,10133,['C'],A,isoperibol calorimeter,not stated,,,1958
1017.0,33.3883,1.66942,None kPa,N/A,10133,['C'],A,isoperibol calorimeter,not stated,,,1958
1017.0,32.175,1.60875,None kPa,N/A,10133,['C'],A,isoperibol calorimeter,not stated,,,1958
946.0,33.1373,1.65686,None kPa,N/A,10133,['C'],A,isoperibol calorimeter,not stated,,,1958
946.0,32.426,1.6213,None kPa,N/A,10133,['C'],A,isoperibol calorimeter,not stated,,,1958
875.0,31.9239,1.5962,None kPa,N/A,10133,['C'],A,isoperibol calorimeter,not stated,,,1958
875.0,31.1708,1.55854,None kPa,N/A,10133,['C'],A,isoperibol calorimeter,not stated,,,1958
781.0,30.2085,1.51042,None kPa,N/A,10133,['C'],A,isoperibol calorimeter,not stated,,,1958
781.0,31.1708,1.55854,None kPa,N/A,10133,['C'],A,isoperibol calorimeter,not stated,,,1958
676.0,31.6729,1.58364,None kPa,N/A,10133,['C'],A,isoperibol calorimeter,not stated,,,1958
633.0,31.9239,1.5962,None kPa,N/A,10133,['C'],A,isoperibol calorimeter,not stated,,,1958
633.0,31.9239,1.5962,None kPa,N/A,10133,['C'],A,isoperibol calorimeter,not stated,,,1958
604.0,32.677,1.63385,None kPa,N/A,10133,['C'],A,isoperibol calorimeter,not stated,,,1958
565.0,35.1038,1.75519,None kPa,N/A,10133,['C'],A,isoperibol calorimeter,not stated,,,1958
565.0,34.3506,1.71753,None kPa,N/A,10133,['C'],A,isoperibol calorimeter,not stated,,,1958
465.0,30.7106,1.53553,None kPa,N/A,10133,['C'],A,isoperibol calorimeter,not stated,,,1958
465.0,30.7106,1.53553,None kPa,N/A,10133,['C'],A,isoperibol calorimeter,not stated,,,1958
400.0,26.9868,1.34934,None kPa,N/A,10133,['C'],A,isoperibol calorimeter,not stated,,,1958
400.0,28.7441,1.4372,None kPa,N/A,10133,['C'],A,isoperibol calorimeter,not stated,,,1958
356.0,27.7399,1.387,None kPa,N/A,10133,['C'],A,isoperibol calorimeter,not stated,,,1958
337.0,26.9868,1.34934,None kPa,N/A,10133,['C'],A,isoperibol calorimeter,not stated,,,1958
1.776,0.0129662,0.000259324,1.33322e-07 kPa,N/A,12900,['C'],A,non-adiabatic cyrostat calorimeter,"not stated,99.97 % (total),estimated by the compiler",99.97,Not Specified %,1962
1.843,0.013485,0.000269701,None kPa,N/A,12900,['C'],A,non-adiabatic cyrostat calorimeter,"not stated,99.97 % (total),estimated by the compiler",99.97,Not Specified %,1962
1.894,0.0139076,0.000278152,None kPa,N/A,12900,['C'],A,non-adiabatic cyrostat calorimeter,"not stated,99.97 % (total),estimated by the compiler",99.97,Not Specified %,1962
1.943,0.014439,0.00028878,None kPa,N/A,12900,['C'],A,non-adiabatic cyrostat calorimeter,"not stated,99.97 % (total),estimated by the compiler",99.97,Not Specified %,1962
1.993,0.0147653,0.000295307,None kPa,N/A,12900,['C'],A,non-adiabatic cyrostat calorimeter,"not stated,99.97 % (total),estimated by the compiler",99.97,Not Specified %,1962
2.057,0.0152967,0.000305934,None kPa,N/A,12900,['C'],A,non-adiabatic cyrostat calorimeter,"not stated,99.97 % (total),estimated by the compiler",99.97,Not Specified %,1962
2.139,0.015962,0.000319239,None kPa,N/A,12900,['C'],A,non-adiabatic cyrostat calorimeter,"not stated,99.97 % (total),estimated by the compiler",99.97,Not Specified %,1962
2.235,0.0166565,0.00033313,None kPa,N/A,12900,['C'],A,non-adiabatic cyrostat calorimeter,"not stated,99.97 % (total),estimated by the compiler",99.97,Not Specified %,1962
2.346,0.0175519,0.000351038,None kPa,N/A,12900,['C'],A,non-adiabatic cyrostat calorimeter,"not stated,99.97 % (total),estimated by the compiler",99.97,Not Specified %,1962
2.438,0.018351,0.00036702,None kPa,N/A,12900,['C'],A,non-adiabatic cyrostat calorimeter,"not stated,99.97 % (total),estimated by the compiler",99.97,Not Specified %,1962
2.508,0.0190288,0.000380577,None kPa,N/A,12900,['C'],A,non-adiabatic cyrostat calorimeter,"not stated,99.97 % (total),estimated by the compiler",99.97,Not Specified %,1962
2.603,0.0197401,0.000394802,None kPa,N/A,12900,['C'],A,non-adiabatic cyrostat calorimeter,"not stated,99.97 % (total),estimated by the compiler",99.97,Not Specified %,1962
2.728,0.0206439,0.000412877,None kPa,N/A,12900,['C'],A,non-adiabatic cyrostat calorimeter,"not stated,99.97 % (total),estimated by the compiler",99.97,Not Specified %,1962
2.889,0.0219702,0.000439404,None kPa,N/A,12900,['C'],A,non-adiabatic cyrostat calorimeter,"not stated,99.97 % (total),estimated by the compiler",99.97,Not Specified %,1962
3.068,0.0236647,0.000473294,None kPa,N/A,12900,['C'],A,non-adiabatic cyrostat calorimeter,"not stated,99.97 % (total),estimated by the compiler",99.97,Not Specified %,1962
3.201,0.0247693,0.000495386,None kPa,N/A,12900,['C'],A,non-adiabatic cyrostat calorimeter,"not stated,99.97 % (total),estimated by the compiler",99.97,Not Specified %,1962
3.305,0.0256144,0.000512289,None kPa,N/A,12900,['C'],A,non-adiabatic cyrostat calorimeter,"not stated,99.97 % (total),estimated by the compiler",99.97,Not Specified %,1962
3.436,0.0267902,0.000535803,None kPa,N/A,12900,['C'],A,non-adiabatic cyrostat calorimeter,"not stated,99.97 % (total),estimated by the compiler",99.97,Not Specified %,1962
3.607,0.0283884,0.000567769,None kPa,N/A,12900,['C'],A,non-adiabatic cyrostat calorimeter,"not stated,99.97 % (total),estimated by the compiler",99.97,Not Specified %,1962
3.752,0.0297566,0.000595132,None kPa,N/A,12900,['C'],A,non-adiabatic cyrostat calorimeter,"not stated,99.97 % (total),estimated by the compiler",99.97,Not Specified %,1962
3.864,0.030857,0.00061714,None kPa,N/A,12900,['C'],A,non-adiabatic cyrostat calorimeter,"not stated,99.97 % (total),estimated by the compiler",99.97,Not Specified %,1962
3.99,0.0317984,0.000635968,None kPa,N/A,12900,['C'],A,non-adiabatic cyrostat calorimeter,"not stated,99.97 % (total),estimated by the compiler",99.97,Not Specified %,1962
4.114,0.033313,0.00066626,None kPa,N/A,12900,['C'],A,non-adiabatic cyrostat calorimeter,"not stated,99.97 % (total),estimated by the compiler",99.97,Not Specified %,1962
1.2,0.0084921,3.43e-05,0.133322 kPa,N/A,15244,['C'],A,Low temperature calorimetry set up,19036,99.97,Not Specified %,1965
1.3,0.0092063,3.73e-05,None kPa,N/A,15244,['C'],A,Low temperature calorimetry set up,19036,99.97,Not Specified %,1965
1.4,0.0099218,4.05e-05,None kPa,N/A,15244,['C'],A,Low temperature calorimetry set up,19036,99.97,Not Specified %,1965
1.5,0.010639,4.38e-05,None kPa,N/A,15244,['C'],A,Low temperature calorimetry set up,19036,99.97,Not Specified %,1965
1.6,0.0113578,4.72e-05,None kPa,N/A,15244,['C'],A,Low temperature calorimetry set up,19036,99.97,Not Specified %,1965
1.7,0.0120784,5.07e-05,None kPa,N/A,15244,['C'],A,Low temperature calorimetry set up,19036,99.97,Not Specified %,1965
1.8,0.0128009,5.44e-05,None kPa,N/A,15244,['C'],A,Low temperature calorimetry set up,19036,99.97,Not Specified %,1965
1.9,0.0135254,5.82e-05,None kPa,N/A,15244,['C'],A,Low temperature calorimetry set up,19036,99.97,Not Specified %,1965
2.0,0.014252,6.21e-05,None kPa,N/A,15244,['C'],A,Low temperature calorimetry set up,19036,99.97,Not Specified %,1965
2.1,0.0149808,6.62e-05,None kPa,N/A,15244,['C'],A,Low temperature calorimetry set up,19036,99.97,Not Specified %,1965
2.2,0.0157119,7.04e-05,None kPa,N/A,15244,['C'],A,Low temperature calorimetry set up,19036,99.97,Not Specified %,1965
2.3,0.0164454,7.47e-05,None kPa,N/A,15244,['C'],A,Low temperature calorimetry set up,19036,99.97,Not Specified %,1965
2.4,0.0171814,7.92e-05,None kPa,N/A,15244,['C'],A,Low temperature calorimetry set up,19036,99.97,Not Specified %,1965
2.5,0.0179201,8.38e-05,None kPa,N/A,15244,['C'],A,Low temperature calorimetry set up,19036,99.97,Not Specified %,1965
2.6,0.0186615,8.86e-05,None kPa,N/A,15244,['C'],A,Low temperature calorimetry set up,19036,99.97,Not Specified %,1965
2.7,0.0194057,9.34e-05,None kPa,N/A,15244,['C'],A,Low temperature calorimetry set up,19036,99.97,Not Specified %,1965
2.8,0.0201529,9.85e-05,None kPa,N/A,15244,['C'],A,Low temperature calorimetry set up,19036,99.97,Not Specified %,1965
2.9,0.0209031,0.0001036,None kPa,N/A,15244,['C'],A,Low temperature calorimetry set up,19036,99.97,Not Specified %,1965
3.0,0.0216565,0.0001089,None kPa,N/A,15244,['C'],A,Low temperature calorimetry set up,19036,99.97,Not Specified %,1965
3.1,0.0224131,0.0001144,None kPa,N/A,15244,['C'],A,Low temperature calorimetry set up,19036,99.97,Not Specified %,1965
3.2,0.0231731,0.00012,None kPa,N/A,15244,['C'],A,Low temperature calorimetry set up,19036,99.97,Not Specified %,1965
3.3,0.0239366,0.0001257,None kPa,N/A,15244,['C'],A,Low temperature calorimetry set up,19036,99.97,Not Specified %,1965
3.4,0.0247037,0.0001316,None kPa,N/A,15244,['C'],A,Low temperature calorimetry set up,19036,99.97,Not Specified %,1965
3.5,0.0254744,0.0001377,None kPa,N/A,15244,['C'],A,Low temperature calorimetry set up,19036,99.97,Not Specified %,1965
3.6,0.026249,0.0001439,None kPa,N/A,15244,['C'],A,Low temperature calorimetry set up,19036,99.97,Not Specified %,1965
3.7,0.0270274,0.0001503,None kPa,N/A,15244,['C'],A,Low temperature calorimetry set up,19036,99.97,Not Specified %,1965
3.8,0.0278099,0.0001568,None kPa,N/A,15244,['C'],A,Low temperature calorimetry set up,19036,99.97,Not Specified %,1965
3.9,0.0285965,0.0001635,None kPa,N/A,15244,['C'],A,Low temperature calorimetry set up,19036,99.97,Not Specified %,1965
4.0,0.0293873,0.0001704,None kPa,N/A,15244,['C'],A,Low temperature calorimetry set up,19036,99.97,Not Specified %,1965
4.1,0.0301824,0.0001774,None kPa,N/A,15244,['C'],A,Low temperature calorimetry set up,19036,99.97,Not Specified %,1965
4.2,0.030982,0.0001846,None kPa,N/A,15244,['C'],A,Low temperature calorimetry set up,19036,99.97,Not Specified %,1965
4.3,0.0317861,0.000192,None kPa,N/A,15244,['C'],A,Low temperature calorimetry set up,19036,99.97,Not Specified %,1965
4.4,0.0325948,0.0001996,None kPa,N/A,15244,['C'],A,Low temperature calorimetry set up,19036,99.97,Not Specified %,1965
4.5,0.0334083,0.0002074,None kPa,N/A,15244,['C'],A,Low temperature calorimetry set up,19036,99.97,Not Specified %,1965
1.39,0.009886,0.0004943,101.325 kPa,N/A,15245,['C'],A,Low temperature calorimetry set up,19036,99.97,Not Specified %,1965
1.427,0.010158,0.0005079,None kPa,N/A,15245,['C'],A,Low temperature calorimetry set up,19036,99.97,Not Specified %,1965
1.516,0.010821,0.00054105,None kPa,N/A,15245,['C'],A,Low temperature calorimetry set up,19036,99.97,Not Specified %,1965
1.55,0.01106,0.000553,None kPa,N/A,15245,['C'],A,Low temperature calorimetry set up,19036,99.97,Not Specified %,1965
1.608,0.011503,0.00057515,None kPa,N/A,15245,['C'],A,Low temperature calorimetry set up,19036,99.97,Not Specified %,1965
1.612,0.011516,0.0005758,None kPa,N/A,15245,['C'],A,Low temperature calorimetry set up,19036,99.97,Not Specified %,1965
1.665,0.011907,0.00059535,None kPa,N/A,15245,['C'],A,Low temperature calorimetry set up,19036,99.97,Not Specified %,1965
1.719,0.012301,0.00061505,None kPa,N/A,15245,['C'],A,Low temperature calorimetry set up,19036,99.97,Not Specified %,1965
1.762,0.01263,0.0006315,None kPa,N/A,15245,['C'],A,Low temperature calorimetry set up,19036,99.97,Not Specified %,1965
1.781,0.012783,0.00063915,None kPa,N/A,15245,['C'],A,Low temperature calorimetry set up,19036,99.97,Not Specified %,1965
1.82,0.013056,0.0006528,None kPa,N/A,15245,['C'],A,Low temperature calorimetry set up,19036,99.97,Not Specified %,1965
1.851,0.013299,0.00066495,None kPa,N/A,15245,['C'],A,Low temperature calorimetry set up,19036,99.97,Not Specified %,1965
1.881,0.01353,0.0006765,None kPa,N/A,15245,['C'],A,Low temperature calorimetry set up,19036,99.97,Not Specified %,1965
1.924,0.013835,0.00069175,None kPa,N/A,15245,['C'],A,Low temperature calorimetry set up,19036,99.97,Not Specified %,1965
1.954,0.014057,0.00070285,None kPa,N/A,15245,['C'],A,Low temperature calorimetry set up,19036,99.97,Not Specified %,1965
1.991,0.014351,0.00071755,None kPa,N/A,15245,['C'],A,Low temperature calorimetry set up,19036,99.97,Not Specified %,1965
1.995,0.014361,0.00071805,None kPa,N/A,15245,['C'],A,Low temperature calorimetry set up,19036,99.97,Not Specified %,1965
2.012,0.01449,0.0007245,None kPa,N/A,15245,['C'],A,Low temperature calorimetry set up,19036,99.97,Not Specified %,1965
2.06,0.014854,0.0007427,None kPa,N/A,15245,['C'],A,Low temperature calorimetry set up,19036,99.97,Not Specified %,1965
2.093,0.015116,0.0007558,None kPa,N/A,15245,['C'],A,Low temperature calorimetry set up,19036,99.97,Not Specified %,1965
2.139,0.015464,0.0007732,None kPa,N/A,15245,['C'],A,Low temperature calorimetry set up,19036,99.97,Not Specified %,1965
2.166,0.015658,0.0007829,None kPa,N/A,15245,['C'],A,Low temperature calorimetry set up,19036,99.97,Not Specified %,1965
2.219,0.016047,0.00080235,None kPa,N/A,15245,['C'],A,Low temperature calorimetry set up,19036,99.97,Not Specified %,1965
2.249,0.016297,0.00081485,None kPa,N/A,15245,['C'],A,Low temperature calorimetry set up,19036,99.97,Not Specified %,1965
2.29,0.016591,0.00082955,None kPa,N/A,15245,['C'],A,Low temperature calorimetry set up,19036,99.97,Not Specified %,1965
2.33,0.016915,0.00084575,None kPa,N/A,15245,['C'],A,Low temperature calorimetry set up,19036,99.97,Not Specified %,1965
2.355,0.017071,0.00085355,None kPa,N/A,15245,['C'],A,Low temperature calorimetry set up,19036,99.97,Not Specified %,1965
2.393,0.017377,0.00086885,None kPa,N/A,15245,['C'],A,Low temperature calorimetry set up,19036,99.97,Not Specified %,1965
2.426,0.017658,0.0008829,None kPa,N/A,15245,['C'],A,Low temperature calorimetry set up,19036,99.97,Not Specified %,1965
2.478,0.018039,0.00090195,None kPa,N/A,15245,['C'],A,Low temperature calorimetry set up,19036,99.97,Not Specified %,1965
2.515,0.018311,0.00091555,None kPa,N/A,15245,['C'],A,Low temperature calorimetry set up,19036,99.97,Not Specified %,1965
2.547,0.018578,0.0009289,None kPa,N/A,15245,['C'],A,Low temperature calorimetry set up,19036,99.97,Not Specified %,1965
2.592,0.018915,0.00094575,None kPa,N/A,15245,['C'],A,Low temperature calorimetry set up,19036,99.97,Not Specified %,1965
2.638,0.019268,0.0009634,None kPa,N/A,15245,['C'],A,Low temperature calorimetry set up,19036,99.97,Not Specified %,1965
2.658,0.019428,0.0009714,None kPa,N/A,15245,['C'],A,Low temperature calorimetry set up,19036,99.97,Not Specified %,1965
2.709,0.019816,0.0009908,None kPa,N/A,15245,['C'],A,Low temperature calorimetry set up,19036,99.97,Not Specified %,1965
2.739,0.020046,0.0010023,None kPa,N/A,15245,['C'],A,Low temperature calorimetry set up,19036,99.97,Not Specified %,1965
2.78,0.02039,0.0010195,None kPa,N/A,15245,['C'],A,Low temperature calorimetry set up,19036,99.97,Not Specified %,1965
2.83,0.020769,0.00103845,None kPa,N/A,15245,['C'],A,Low temperature calorimetry set up,19036,99.97,Not Specified %,1965
2.87,0.021088,0.0010544,None kPa,N/A,15245,['C'],A,Low temperature calorimetry set up,19036,99.97,Not Specified %,1965
2.894,0.021285,0.00106425,None kPa,N/A,15245,['C'],A,Low temperature calorimetry set up,19036,99.97,Not Specified %,1965
2.943,0.0217,0.001085,None kPa,N/A,15245,['C'],A,Low temperature calorimetry set up,19036,99.97,Not Specified %,1965
2.98,0.021955,0.00109775,None kPa,N/A,15245,['C'],A,Low temperature calorimetry set up,19036,99.97,Not Specified %,1965
3.034,0.022416,0.0011208,None kPa,N/A,15245,['C'],A,Low temperature calorimetry set up,19036,99.97,Not Specified %,1965
3.124,0.023092,0.0011546,None kPa,N/A,15245,['C'],A,Low temperature calorimetry set up,19036,99.97,Not Specified %,1965
3.184,0.023602,0.0011801,None kPa,N/A,15245,['C'],A,Low temperature calorimetry set up,19036,99.97,Not Specified %,1965
3.24,0.024026,0.0012013,None kPa,N/A,15245,['C'],A,Low temperature calorimetry set up,19036,99.97,Not Specified %,1965
3.271,0.024299,0.00121495,None kPa,N/A,15245,['C'],A,Low temperature calorimetry set up,19036,99.97,Not Specified %,1965
3.317,0.024691,0.00123455,None kPa,N/A,15245,['C'],A,Low temperature calorimetry set up,19036,99.97,Not Specified %,1965
3.365,0.025068,0.0012534,None kPa,N/A,15245,['C'],A,Low temperature calorimetry set up,19036,99.97,Not Specified %,1965
3.406,0.025387,0.00126935,None kPa,N/A,15245,['C'],A,Low temperature calorimetry set up,19036,99.97,Not Specified %,1965
3.446,0.025771,0.00128855,None kPa,N/A,15245,['C'],A,Low temperature calorimetry set up,19036,99.97,Not Specified %,1965
3.494,0.02614,0.001307,None kPa,N/A,15245,['C'],A,Low temperature calorimetry set up,19036,99.97,Not Specified %,1965
3.542,0.026529,0.00132645,None kPa,N/A,15245,['C'],A,Low temperature calorimetry set up,19036,99.97,Not Specified %,1965
3.577,0.026855,0.00134275,None kPa,N/A,15245,['C'],A,Low temperature calorimetry set up,19036,99.97,Not Specified %,1965
3.628,0.027292,0.0013646,None kPa,N/A,15245,['C'],A,Low temperature calorimetry set up,19036,99.97,Not Specified %,1965
3.678,0.027716,0.0013858,None kPa,N/A,15245,['C'],A,Low temperature calorimetry set up,19036,99.97,Not Specified %,1965
3.706,0.028006,0.0014003,None kPa,N/A,15245,['C'],A,Low temperature calorimetry set up,19036,99.97,Not Specified %,1965
3.747,0.028278,0.0014139,None kPa,N/A,15245,['C'],A,Low temperature calorimetry set up,19036,99.97,Not Specified %,1965
3.799,0.028729,0.00143645,None kPa,N/A,15245,['C'],A,Low temperature calorimetry set up,19036,99.97,Not Specified %,1965
3.841,0.02907,0.0014535,None kPa,N/A,15245,['C'],A,Low temperature calorimetry set up,19036,99.97,Not Specified %,1965
3.875,0.029441,0.00147205,None kPa,N/A,15245,['C'],A,Low temperature calorimetry set up,19036,99.97,Not Specified %,1965
3.91,0.029719,0.00148595,None kPa,N/A,15245,['C'],A,Low temperature calorimetry set up,19036,99.97,Not Specified %,1965
3.953,0.030119,0.00150595,None kPa,N/A,15245,['C'],A,Low temperature calorimetry set up,19036,99.97,Not Specified %,1965
3.999,0.030484,0.0015242,None kPa,N/A,15245,['C'],A,Low temperature calorimetry set up,19036,99.97,Not Specified %,1965
4.033,0.030848,0.0015424,None kPa,N/A,15245,['C'],A,Low temperature calorimetry set up,19036,99.97,Not Specified %,1965
4.059,0.031016,0.0015508,None kPa,N/A,15245,['C'],A,Low temperature calorimetry set up,19036,99.97,Not Specified %,1965
4.113,0.031481,0.00157405,None kPa,N/A,15245,['C'],A,Low temperature calorimetry set up,19036,99.97,Not Specified %,1965
4.139,0.031693,0.00158465,None kPa,N/A,15245,['C'],A,Low temperature calorimetry set up,19036,99.97,Not Specified %,1965
1600.0,37.3,1.119,101.325 kPa,N/A,16642,['C'],A,Vacuum adiabatic calorimetry,"origin: commercial source,99.98 weight % (total),stated by supplier,chunk",99.98,Weight %,1966
1700.0,38.3,1.149,None kPa,N/A,16642,['C'],A,Vacuum adiabatic calorimetry,"origin: commercial source,99.98 weight % (total),stated by supplier,chunk",99.98,Weight %,1966
303.7,26.35,0.527,107.991 kPa,N/A,17756,['C'],A,Adiabatic High Temp Calorimetry,not stated,,,1968
331.2,27.11,0.5422,None kPa,N/A,17756,['C'],A,Adiabatic High Temp Calorimetry,not stated,,,1968
358.0,27.84,0.5568,None kPa,N/A,17756,['C'],A,Adiabatic High Temp Calorimetry,not stated,,,1968
386.0,28.59,0.5718,None kPa,N/A,17756,['C'],A,Adiabatic High Temp Calorimetry,not stated,,,1968
417.9,29.4,0.588,None kPa,N/A,17756,['C'],A,Adiabatic High Temp Calorimetry,not stated,,,1968
450.5,30.19,0.6038,None kPa,N/A,17756,['C'],A,Adiabatic High Temp Calorimetry,not stated,,,1968
486.3,31.05,0.621,None kPa,N/A,17756,['C'],A,Adiabatic High Temp Calorimetry,not stated,,,1968
520.1,31.83,0.6366,None kPa,N/A,17756,['C'],A,Adiabatic High Temp Calorimetry,not stated,,,1968
545.6,32.51,0.6502,None kPa,N/A,17756,['C'],A,Adiabatic High Temp Calorimetry,not stated,,,1968
571.7,33.51,0.6702,None kPa,N/A,17756,['C'],A,Adiabatic High Temp Calorimetry,not stated,,,1968
590.1,34.42,0.6884,None kPa,N/A,17756,['C'],A,Adiabatic High Temp Calorimetry,not stated,,,1968
604.5,35.41,0.7082,None kPa,N/A,17756,['C'],A,Adiabatic High Temp Calorimetry,not stated,,,1968
614.5,36.38,0.7276,None kPa,N/A,17756,['C'],A,Adiabatic High Temp Calorimetry,not stated,,,1968
623.2,37.49,0.7498,None kPa,N/A,17756,['C'],A,Adiabatic High Temp Calorimetry,not stated,,,1968
628.1,38.3,0.766,None kPa,N/A,17756,['C'],A,Adiabatic High Temp Calorimetry,not stated,,,1968
631.0,39.4,0.788,None kPa,N/A,17756,['C'],A,Adiabatic High Temp Calorimetry,not stated,,,1968
633.9,38.07,0.7614,None kPa,N/A,17756,['C'],A,Adiabatic High Temp Calorimetry,not stated,,,1968
634.3,37.06,0.7412,None kPa,N/A,17756,['C'],A,Adiabatic High Temp Calorimetry,not stated,,,1968
635.2,36.06,0.7212,None kPa,N/A,17756,['C'],A,Adiabatic High Temp Calorimetry,not stated,,,1968
637.5,34.99,0.6998,None kPa,N/A,17756,['C'],A,Adiabatic High Temp Calorimetry,not stated,,,1968
641.7,34.01,0.6802,None kPa,N/A,17756,['C'],A,Adiabatic High Temp Calorimetry,not stated,,,1968
647.1,33.09,0.6618,None kPa,N/A,17756,['C'],A,Adiabatic High Temp Calorimetry,not stated,,,1968
655.8,32.12,0.6424,None kPa,N/A,17756,['C'],A,Adiabatic High Temp Calorimetry,not stated,,,1968
667.6,31.39,0.6278,None kPa,N/A,17756,['C'],A,Adiabatic High Temp Calorimetry,not stated,,,1968
687.7,30.93,0.6186,None kPa,N/A,17756,['C'],A,Adiabatic High Temp Calorimetry,not stated,,,1968
724.4,30.71,0.6142,None kPa,N/A,17756,['C'],A,Adiabatic High Temp Calorimetry,not stated,,,1968
760.5,30.78,0.6156,None kPa,N/A,17756,['C'],A,Adiabatic High Temp Calorimetry,not stated,,,1968
802.2,30.98,0.6196,None kPa,N/A,17756,['C'],A,Adiabatic High Temp Calorimetry,not stated,,,1968
841.4,31.18,0.6236,None kPa,N/A,17756,['C'],A,Adiabatic High Temp Calorimetry,not stated,,,1968
881.2,31.4,0.628,None kPa,N/A,17756,['C'],A,Adiabatic High Temp Calorimetry,not stated,,,1968
922.3,31.64,0.6328,None kPa,N/A,17756,['C'],A,Adiabatic High Temp Calorimetry,not stated,,,1968
969.9,31.94,0.6388,None kPa,N/A,17756,['C'],A,Adiabatic High Temp Calorimetry,not stated,,,1968
1021.0,32.28,0.6456,None kPa,N/A,17756,['C'],A,Adiabatic High Temp Calorimetry,not stated,,,1968
1062.0,32.57,0.6514,None kPa,N/A,17756,['C'],A,Adiabatic High Temp Calorimetry,not stated,,,1968
1102.0,32.86,0.6572,None kPa,N/A,17756,['C'],A,Adiabatic High Temp Calorimetry,not stated,,,1968
1141.0,33.16,0.6632,None kPa,N/A,17756,['C'],A,Adiabatic High Temp Calorimetry,not stated,,,1968
1178.0,33.45,0.669,None kPa,N/A,17756,['C'],A,Adiabatic High Temp Calorimetry,not stated,,,1968
1220.0,33.8,0.676,None kPa,N/A,17756,['C'],A,Adiabatic High Temp Calorimetry,not stated,,,1968
1267.0,34.21,0.6842,None kPa,N/A,17756,['C'],A,Adiabatic High Temp Calorimetry,not stated,,,1968
1318.0,34.61,0.6922,None kPa,N/A,17756,['C'],A,Adiabatic High Temp Calorimetry,not stated,,,1968
1367.0,35.04,0.7008,None kPa,N/A,17756,['C'],A,Adiabatic High Temp Calorimetry,not stated,,,1968
1420.0,35.54,0.7108,None kPa,N/A,17756,['C'],A,Adiabatic High Temp Calorimetry,not stated,,,1968
1465.0,35.93,0.7186,None kPa,N/A,17756,['C'],A,Adiabatic High Temp Calorimetry,not stated,,,1968
1512.0,36.37,0.7274,None kPa,N/A,17756,['C'],A,Adiabatic High Temp Calorimetry,not stated,,,1968
1560.0,36.83,0.7366,None kPa,N/A,17756,['C'],A,Adiabatic High Temp Calorimetry,not stated,,,1968
1603.0,37.22,0.7444,None kPa,N/A,17756,['C'],A,Adiabatic High Temp Calorimetry,not stated,,,1968
1644.0,37.63,0.7526,None kPa,N/A,17756,['C'],A,Adiabatic High Temp Calorimetry,not stated,,,1968
1682.0,37.99,0.7598,None kPa,N/A,17756,['C'],A,Adiabatic High Temp Calorimetry,not stated,,,1968
1720.0,38.33,0.7666,None kPa,N/A,17756,['C'],A,Adiabatic High Temp Calorimetry,not stated,,,1968
1.39,0.0098,0.000196,None kPa,N/A,17897,['C'],A,Vacuum adiabatic calorimetry,"not stated,99.92 % (total),chemical analysis",99.92,Not Specified %,1968
1.52,0.0108,0.000216,None kPa,N/A,17897,['C'],A,Vacuum adiabatic calorimetry,"not stated,99.92 % (total),chemical analysis",99.92,Not Specified %,1968
1.62,0.0115,0.00023,None kPa,N/A,17897,['C'],A,Vacuum adiabatic calorimetry,"not stated,99.92 % (total),chemical analysis",99.92,Not Specified %,1968
1.72,0.0123,0.000246,None kPa,N/A,17897,['C'],A,Vacuum adiabatic calorimetry,"not stated,99.92 % (total),chemical analysis",99.92,Not Specified %,1968
1.83,0.013,0.00026,None kPa,N/A,17897,['C'],A,Vacuum adiabatic calorimetry,"not stated,99.92 % (total),chemical analysis",99.92,Not Specified %,1968
2.05,0.0147,0.000294,None kPa,N/A,17897,['C'],A,Vacuum adiabatic calorimetry,"not stated,99.92 % (total),chemical analysis",99.92,Not Specified %,1968
2.17,0.0156,0.000312,None kPa,N/A,17897,['C'],A,Vacuum adiabatic calorimetry,"not stated,99.92 % (total),chemical analysis",99.92,Not Specified %,1968
2.28,0.0163,0.000326,None kPa,N/A,17897,['C'],A,Vacuum adiabatic calorimetry,"not stated,99.92 % (total),chemical analysis",99.92,Not Specified %,1968
2.42,0.0173,0.000346,None kPa,N/A,17897,['C'],A,Vacuum adiabatic calorimetry,"not stated,99.92 % (total),chemical analysis",99.92,Not Specified %,1968
2.53,0.0181,0.000362,None kPa,N/A,17897,['C'],A,Vacuum adiabatic calorimetry,"not stated,99.92 % (total),chemical analysis",99.92,Not Specified %,1968
2.64,0.019,0.00038,None kPa,N/A,17897,['C'],A,Vacuum adiabatic calorimetry,"not stated,99.92 % (total),chemical analysis",99.92,Not Specified %,1968
2.78,0.02,0.0004,None kPa,N/A,17897,['C'],A,Vacuum adiabatic calorimetry,"not stated,99.92 % (total),chemical analysis",99.92,Not Specified %,1968
2.9,0.0209,0.000418,None kPa,N/A,17897,['C'],A,Vacuum adiabatic calorimetry,"not stated,99.92 % (total),chemical analysis",99.92,Not Specified %,1968
3.03,0.0219,0.000438,None kPa,N/A,17897,['C'],A,Vacuum adiabatic calorimetry,"not stated,99.92 % (total),chemical analysis",99.92,Not Specified %,1968
3.16,0.0229,0.000458,None kPa,N/A,17897,['C'],A,Vacuum adiabatic calorimetry,"not stated,99.92 % (total),chemical analysis",99.92,Not Specified %,1968
3.28,0.0238,0.000476,None kPa,N/A,17897,['C'],A,Vacuum adiabatic calorimetry,"not stated,99.92 % (total),chemical analysis",99.92,Not Specified %,1968
3.41,0.0248,0.000496,None kPa,N/A,17897,['C'],A,Vacuum adiabatic calorimetry,"not stated,99.92 % (total),chemical analysis",99.92,Not Specified %,1968
3.54,0.0258,0.000516,None kPa,N/A,17897,['C'],A,Vacuum adiabatic calorimetry,"not stated,99.92 % (total),chemical analysis",99.92,Not Specified %,1968
3.65,0.0267,0.000534,None kPa,N/A,17897,['C'],A,Vacuum adiabatic calorimetry,"not stated,99.92 % (total),chemical analysis",99.92,Not Specified %,1968
3.78,0.0277,0.000554,None kPa,N/A,17897,['C'],A,Vacuum adiabatic calorimetry,"not stated,99.92 % (total),chemical analysis",99.92,Not Specified %,1968
3.9,0.0286,0.000572,None kPa,N/A,17897,['C'],A,Vacuum adiabatic calorimetry,"not stated,99.92 % (total),chemical analysis",99.92,Not Specified %,1968
4.03,0.0297,0.000594,None kPa,N/A,17897,['C'],A,Vacuum adiabatic calorimetry,"not stated,99.92 % (total),chemical analysis",99.92,Not Specified %,1968
4.15,0.0306,0.000612,None kPa,N/A,17897,['C'],A,Vacuum adiabatic calorimetry,"not stated,99.92 % (total),chemical analysis",99.92,Not Specified %,1968
580.0,33.7,0.674,46.6628 kPa,N/A,19866,['C'],A,AC calorimetry,"origin: commercial source,99.9987 % (total),mass spectrometry,foil",99.9987,Not Specified %,1971
582.0,33.79,0.6758,None kPa,N/A,19866,['C'],A,AC calorimetry,"origin: commercial source,99.9987 % (total),mass spectrometry,foil",99.9987,Not Specified %,1971
584.0,33.85,0.677,None kPa,N/A,19866,['C'],A,AC calorimetry,"origin: commercial source,99.9987 % (total),mass spectrometry,foil",99.9987,Not Specified %,1971
586.0,33.95,0.679,None kPa,N/A,19866,['C'],A,AC calorimetry,"origin: commercial source,99.9987 % (total),mass spectrometry,foil",99.9987,Not Specified %,1971
588.0,34.03,0.6806,None kPa,N/A,19866,['C'],A,AC calorimetry,"origin: commercial source,99.9987 % (total),mass spectrometry,foil",99.9987,Not Specified %,1971
590.0,34.13,0.6826,None kPa,N/A,19866,['C'],A,AC calorimetry,"origin: commercial source,99.9987 % (total),mass spectrometry,foil",99.9987,Not Specified %,1971
592.0,34.21,0.6842,None kPa,N/A,19866,['C'],A,AC calorimetry,"origin: commercial source,99.9987 % (total),mass spectrometry,foil",99.9987,Not Specified %,1971
594.0,34.32,0.6864,None kPa,N/A,19866,['C'],A,AC calorimetry,"origin: commercial source,99.9987 % (total),mass spectrometry,foil",99.9987,Not Specified %,1971
596.0,34.42,0.6884,None kPa,N/A,19866,['C'],A,AC calorimetry,"origin: commercial source,99.9987 % (total),mass spectrometry,foil",99.9987,Not Specified %,1971
598.0,34.54,0.6908,None kPa,N/A,19866,['C'],A,AC calorimetry,"origin: commercial source,99.9987 % (total),mass spectrometry,foil",99.9987,Not Specified %,1971
600.0,34.65,0.693,None kPa,N/A,19866,['C'],A,AC calorimetry,"origin: commercial source,99.9987 % (total),mass spectrometry,foil",99.9987,Not Specified %,1971
602.0,34.77,0.6954,None kPa,N/A,19866,['C'],A,AC calorimetry,"origin: commercial source,99.9987 % (total),mass spectrometry,foil",99.9987,Not Specified %,1971
604.0,34.91,0.6982,None kPa,N/A,19866,['C'],A,AC calorimetry,"origin: commercial source,99.9987 % (total),mass spectrometry,foil",99.9987,Not Specified %,1971
606.0,35.03,0.7006,None kPa,N/A,19866,['C'],A,AC calorimetry,"origin: commercial source,99.9987 % (total),mass spectrometry,foil",99.9987,Not Specified %,1971
608.0,35.15,0.703,None kPa,N/A,19866,['C'],A,AC calorimetry,"origin: commercial source,99.9987 % (total),mass spectrometry,foil",99.9987,Not Specified %,1971
610.0,35.28,0.7056,None kPa,N/A,19866,['C'],A,AC calorimetry,"origin: commercial source,99.9987 % (total),mass spectrometry,foil",99.9987,Not Specified %,1971
612.0,35.42,0.7084,None kPa,N/A,19866,['C'],A,AC calorimetry,"origin: commercial source,99.9987 % (total),mass spectrometry,foil",99.9987,Not Specified %,1971
614.0,35.58,0.7116,None kPa,N/A,19866,['C'],A,AC calorimetry,"origin: commercial source,99.9987 % (total),mass spectrometry,foil",99.9987,Not Specified %,1971
616.0,35.77,0.7154,None kPa,N/A,19866,['C'],A,AC calorimetry,"origin: commercial source,99.9987 % (total),mass spectrometry,foil",99.9987,Not Specified %,1971
618.0,35.95,0.719,None kPa,N/A,19866,['C'],A,AC calorimetry,"origin: commercial source,99.9987 % (total),mass spectrometry,foil",99.9987,Not Specified %,1971
620.0,36.16,0.7232,None kPa,N/A,19866,['C'],A,AC calorimetry,"origin: commercial source,99.9987 % (total),mass spectrometry,foil",99.9987,Not Specified %,1971
621.0,36.27,0.7254,None kPa,N/A,19866,['C'],A,AC calorimetry,"origin: commercial source,99.9987 % (total),mass spectrometry,foil",99.9987,Not Specified %,1971
622.0,36.39,0.7278,None kPa,N/A,19866,['C'],A,AC calorimetry,"origin: commercial source,99.9987 % (total),mass spectrometry,foil",99.9987,Not Specified %,1971
623.0,36.52,0.7304,None kPa,N/A,19866,['C'],A,AC calorimetry,"origin: commercial source,99.9987 % (total),mass spectrometry,foil",99.9987,Not Specified %,1971
624.0,36.66,0.7332,None kPa,N/A,19866,['C'],A,AC calorimetry,"origin: commercial source,99.9987 % (total),mass spectrometry,foil",99.9987,Not Specified %,1971
625.0,36.83,0.7366,None kPa,N/A,19866,['C'],A,AC calorimetry,"origin: commercial source,99.9987 % (total),mass spectrometry,foil",99.9987,Not Specified %,1971
625.5,36.91,0.7382,None kPa,N/A,19866,['C'],A,AC calorimetry,"origin: commercial source,99.9987 % (total),mass spectrometry,foil",99.9987,Not Specified %,1971
626.0,37.0,0.74,None kPa,N/A,19866,['C'],A,AC calorimetry,"origin: commercial source,99.9987 % (total),mass spectrometry,foil",99.9987,Not Specified %,1971
626.5,37.1,0.742,None kPa,N/A,19866,['C'],A,AC calorimetry,"origin: commercial source,99.9987 % (total),mass spectrometry,foil",99.9987,Not Specified %,1971
627.0,37.2,0.744,None kPa,N/A,19866,['C'],A,AC calorimetry,"origin: commercial source,99.9987 % (total),mass spectrometry,foil",99.9987,Not Specified %,1971
627.5,37.32,0.7464,None kPa,N/A,19866,['C'],A,AC calorimetry,"origin: commercial source,99.9987 % (total),mass spectrometry,foil",99.9987,Not Specified %,1971
628.0,37.44,0.7488,None kPa,N/A,19866,['C'],A,AC calorimetry,"origin: commercial source,99.9987 % (total),mass spectrometry,foil",99.9987,Not Specified %,1971
628.5,37.57,0.7514,None kPa,N/A,19866,['C'],A,AC calorimetry,"origin: commercial source,99.9987 % (total),mass spectrometry,foil",99.9987,Not Specified %,1971
629.0,37.76,0.7552,None kPa,N/A,19866,['C'],A,AC calorimetry,"origin: commercial source,99.9987 % (total),mass spectrometry,foil",99.9987,Not Specified %,1971
629.5,37.99,0.7598,None kPa,N/A,19866,['C'],A,AC calorimetry,"origin: commercial source,99.9987 % (total),mass spectrometry,foil",99.9987,Not Specified %,1971
630.0,38.26,0.7652,None kPa,N/A,19866,['C'],A,AC calorimetry,"origin: commercial source,99.9987 % (total),mass spectrometry,foil",99.9987,Not Specified %,1971
630.5,38.59,0.7718,None kPa,N/A,19866,['C'],A,AC calorimetry,"origin: commercial source,99.9987 % (total),mass spectrometry,foil",99.9987,Not Specified %,1971
630.6,38.68,0.7736,None kPa,N/A,19866,['C'],A,AC calorimetry,"origin: commercial source,99.9987 % (total),mass spectrometry,foil",99.9987,Not Specified %,1971
630.7,38.75,0.775,None kPa,N/A,19866,['C'],A,AC calorimetry,"origin: commercial source,99.9987 % (total),mass spectrometry,foil",99.9987,Not Specified %,1971
630.8,38.85,0.777,None kPa,N/A,19866,['C'],A,AC calorimetry,"origin: commercial source,99.9987 % (total),mass spectrometry,foil",99.9987,Not Specified %,1971
631.0,39.1,0.782,None kPa,N/A,19866,['C'],A,AC calorimetry,"origin: commercial source,99.9987 % (total),mass spectrometry,foil",99.9987,Not Specified %,1971
631.05,39.18,0.7836,None kPa,N/A,19866,['C'],A,AC calorimetry,"origin: commercial source,99.9987 % (total),mass spectrometry,foil",99.9987,Not Specified %,1971
631.1,39.26,0.7852,None kPa,N/A,19866,['C'],A,AC calorimetry,"origin: commercial source,99.9987 % (total),mass spectrometry,foil",99.9987,Not Specified %,1971
631.15,39.35,0.787,None kPa,N/A,19866,['C'],A,AC calorimetry,"origin: commercial source,99.9987 % (total),mass spectrometry,foil",99.9987,Not Specified %,1971
631.2,39.45,0.789,None kPa,N/A,19866,['C'],A,AC calorimetry,"origin: commercial source,99.9987 % (total),mass spectrometry,foil",99.9987,Not Specified %,1971
631.25,39.55,0.791,None kPa,N/A,19866,['C'],A,AC calorimetry,"origin: commercial source,99.9987 % (total),mass spectrometry,foil",99.9987,Not Specified %,1971
631.3,39.65,0.793,None kPa,N/A,19866,['C'],A,AC calorimetry,"origin: commercial source,99.9987 % (total),mass spectrometry,foil",99.9987,Not Specified %,1971
631.35,39.76,0.7952,None kPa,N/A,19866,['C'],A,AC calorimetry,"origin: commercial source,99.9987 % (total),mass spectrometry,foil",99.9987,Not Specified %,1971
631.4,39.86,0.7972,None kPa,N/A,19866,['C'],A,AC calorimetry,"origin: commercial source,99.9987 % (total),mass spectrometry,foil",99.9987,Not Specified %,1971
631.45,39.9,0.798,None kPa,N/A,19866,['C'],A,AC calorimetry,"origin: commercial source,99.9987 % (total),mass spectrometry,foil",99.9987,Not Specified %,1971
631.5,39.83,0.7966,None kPa,N/A,19866,['C'],A,AC calorimetry,"origin: commercial source,99.9987 % (total),mass spectrometry,foil",99.9987,Not Specified %,1971
631.55,39.43,0.7886,None kPa,N/A,19866,['C'],A,AC calorimetry,"origin: commercial source,99.9987 % (total),mass spectrometry,foil",99.9987,Not Specified %,1971
631.6,38.7,0.774,46.6628 kPa,N/A,19867,['C'],A,AC calorimetry,"origin: commercial source,99.9987 % (total),mass spectrometry,foil",99.9987,Not Specified %,1971
631.65,37.73,0.7546,None kPa,N/A,19867,['C'],A,AC calorimetry,"origin: commercial source,99.9987 % (total),mass spectrometry,foil",99.9987,Not Specified %,1971
631.7,37.11,0.7422,None kPa,N/A,19867,['C'],A,AC calorimetry,"origin: commercial source,99.9987 % (total),mass spectrometry,foil",99.9987,Not Specified %,1971
631.75,36.69,0.7338,None kPa,N/A,19867,['C'],A,AC calorimetry,"origin: commercial source,99.9987 % (total),mass spectrometry,foil",99.9987,Not Specified %,1971
631.8,36.4,0.728,None kPa,N/A,19867,['C'],A,AC calorimetry,"origin: commercial source,99.9987 % (total),mass spectrometry,foil",99.9987,Not Specified %,1971
631.85,36.22,0.7244,None kPa,N/A,19867,['C'],A,AC calorimetry,"origin: commercial source,99.9987 % (total),mass spectrometry,foil",99.9987,Not Specified %,1971
631.9,36.06,0.7212,None kPa,N/A,19867,['C'],A,AC calorimetry,"origin: commercial source,99.9987 % (total),mass spectrometry,foil",99.9987,Not Specified %,1971
631.95,35.9,0.718,None kPa,N/A,19867,['C'],A,AC calorimetry,"origin: commercial source,99.9987 % (total),mass spectrometry,foil",99.9987,Not Specified %,1971
632.0,35.81,0.7162,None kPa,N/A,19867,['C'],A,AC calorimetry,"origin: commercial source,99.9987 % (total),mass spectrometry,foil",99.9987,Not Specified %,1971
632.1,35.61,0.7122,None kPa,N/A,19867,['C'],A,AC calorimetry,"origin: commercial source,99.9987 % (total),mass spectrometry,foil",99.9987,Not Specified %,1971
632.2,35.45,0.709,None kPa,N/A,19867,['C'],A,AC calorimetry,"origin: commercial source,99.9987 % (total),mass spectrometry,foil",99.9987,Not Specified %,1971
632.3,35.31,0.7062,None kPa,N/A,19867,['C'],A,AC calorimetry,"origin: commercial source,99.9987 % (total),mass spectrometry,foil",99.9987,Not Specified %,1971
632.4,35.2,0.704,None kPa,N/A,19867,['C'],A,AC calorimetry,"origin: commercial source,99.9987 % (total),mass spectrometry,foil",99.9987,Not Specified %,1971
632.5,35.09,0.7018,None kPa,N/A,19867,['C'],A,AC calorimetry,"origin: commercial source,99.9987 % (total),mass spectrometry,foil",99.9987,Not Specified %,1971
633.0,34.68,0.6936,None kPa,N/A,19867,['C'],A,AC calorimetry,"origin: commercial source,99.9987 % (total),mass spectrometry,foil",99.9987,Not Specified %,1971
633.5,34.37,0.6874,None kPa,N/A,19867,['C'],A,AC calorimetry,"origin: commercial source,99.9987 % (total),mass spectrometry,foil",99.9987,Not Specified %,1971
634.0,34.13,0.6826,None kPa,N/A,19867,['C'],A,AC calorimetry,"origin: commercial source,99.9987 % (total),mass spectrometry,foil",99.9987,Not Specified %,1971
634.5,33.97,0.6794,None kPa,N/A,19867,['C'],A,AC calorimetry,"origin: commercial source,99.9987 % (total),mass spectrometry,foil",99.9987,Not Specified %,1971
635.0,33.8,0.676,None kPa,N/A,19867,['C'],A,AC calorimetry,"origin: commercial source,99.9987 % (total),mass spectrometry,foil",99.9987,Not Specified %,1971
635.5,33.66,0.6732,None kPa,N/A,19867,['C'],A,AC calorimetry,"origin: commercial source,99.9987 % (total),mass spectrometry,foil",99.9987,Not Specified %,1971
636.0,33.53,0.6706,None kPa,N/A,19867,['C'],A,AC calorimetry,"origin: commercial source,99.9987 % (total),mass spectrometry,foil",99.9987,Not Specified %,1971
636.5,33.41,0.6682,None kPa,N/A,19867,['C'],A,AC calorimetry,"origin: commercial source,99.9987 % (total),mass spectrometry,foil",99.9987,Not Specified %,1971
637.0,33.31,0.6662,None kPa,N/A,19867,['C'],A,AC calorimetry,"origin: commercial source,99.9987 % (total),mass spectrometry,foil",99.9987,Not Specified %,1971
637.5,33.2,0.664,None kPa,N/A,19867,['C'],A,AC calorimetry,"origin: commercial source,99.9987 % (total),mass spectrometry,foil",99.9987,Not Specified %,1971
638.0,33.11,0.6622,None kPa,N/A,19867,['C'],A,AC calorimetry,"origin: commercial source,99.9987 % (total),mass spectrometry,foil",99.9987,Not Specified %,1971
638.5,33.02,0.6604,None kPa,N/A,19867,['C'],A,AC calorimetry,"origin: commercial source,99.9987 % (total),mass spectrometry,foil",99.9987,Not Specified %,1971
639.0,32.94,0.6588,None kPa,N/A,19867,['C'],A,AC calorimetry,"origin: commercial source,99.9987 % (total),mass spectrometry,foil",99.9987,Not Specified %,1971
639.5,32.87,0.6574,None kPa,N/A,19867,['C'],A,AC calorimetry,"origin: commercial source,99.9987 % (total),mass spectrometry,foil",99.9987,Not Specified %,1971
640.0,32.8,0.656,None kPa,N/A,19867,['C'],A,AC calorimetry,"origin: commercial source,99.9987 % (total),mass spectrometry,foil",99.9987,Not Specified %,1971
640.5,32.73,0.6546,None kPa,N/A,19867,['C'],A,AC calorimetry,"origin: commercial source,99.9987 % (total),mass spectrometry,foil",99.9987,Not Specified %,1971
641.0,32.67,0.6534,None kPa,N/A,19867,['C'],A,AC calorimetry,"origin: commercial source,99.9987 % (total),mass spectrometry,foil",99.9987,Not Specified %,1971
642.0,32.57,0.6514,None kPa,N/A,19867,['C'],A,AC calorimetry,"origin: commercial source,99.9987 % (total),mass spectrometry,foil",99.9987,Not Specified %,1971
643.0,32.5,0.65,None kPa,N/A,19867,['C'],A,AC calorimetry,"origin: commercial source,99.9987 % (total),mass spectrometry,foil",99.9987,Not Specified %,1971
644.0,32.42,0.6484,None kPa,N/A,19867,['C'],A,AC calorimetry,"origin: commercial source,99.9987 % (total),mass spectrometry,foil",99.9987,Not Specified %,1971
646.0,32.25,0.645,None kPa,N/A,19867,['C'],A,AC calorimetry,"origin: commercial source,99.9987 % (total),mass spectrometry,foil",99.9987,Not Specified %,1971
648.0,32.13,0.6426,None kPa,N/A,19867,['C'],A,AC calorimetry,"origin: commercial source,99.9987 % (total),mass spectrometry,foil",99.9987,Not Specified %,1971
650.0,32.01,0.6402,None kPa,N/A,19867,['C'],A,AC calorimetry,"origin: commercial source,99.9987 % (total),mass spectrometry,foil",99.9987,Not Specified %,1971
652.0,31.91,0.6382,None kPa,N/A,19867,['C'],A,AC calorimetry,"origin: commercial source,99.9987 % (total),mass spectrometry,foil",99.9987,Not Specified %,1971
654.0,31.83,0.6366,None kPa,N/A,19867,['C'],A,AC calorimetry,"origin: commercial source,99.9987 % (total),mass spectrometry,foil",99.9987,Not Specified %,1971
656.0,31.74,0.6348,None kPa,N/A,19867,['C'],A,AC calorimetry,"origin: commercial source,99.9987 % (total),mass spectrometry,foil",99.9987,Not Specified %,1971
658.0,31.67,0.6334,None kPa,N/A,19867,['C'],A,AC calorimetry,"origin: commercial source,99.9987 % (total),mass spectrometry,foil",99.9987,Not Specified %,1971
660.0,31.61,0.6322,None kPa,N/A,19867,['C'],A,AC calorimetry,"origin: commercial source,99.9987 % (total),mass spectrometry,foil",99.9987,Not Specified %,1971
662.0,31.55,0.631,None kPa,N/A,19867,['C'],A,AC calorimetry,"origin: commercial source,99.9987 % (total),mass spectrometry,foil",99.9987,Not Specified %,1971
664.0,31.5,0.63,None kPa,N/A,19867,['C'],A,AC calorimetry,"origin: commercial source,99.9987 % (total),mass spectrometry,foil",99.9987,Not Specified %,1971
666.0,31.47,0.6294,None kPa,N/A,19867,['C'],A,AC calorimetry,"origin: commercial source,99.9987 % (total),mass spectrometry,foil",99.9987,Not Specified %,1971
668.0,31.43,0.6286,None kPa,N/A,19867,['C'],A,AC calorimetry,"origin: commercial source,99.9987 % (total),mass spectrometry,foil",99.9987,Not Specified %,1971
670.0,31.4,0.628,None kPa,N/A,19867,['C'],A,AC calorimetry,"origin: commercial source,99.9987 % (total),mass spectrometry,foil",99.9987,Not Specified %,1971
672.0,31.38,0.6276,None kPa,N/A,19867,['C'],A,AC calorimetry,"origin: commercial source,99.9987 % (total),mass spectrometry,foil",99.9987,Not Specified %,1971
674.0,31.35,0.627,None kPa,N/A,19867,['C'],A,AC calorimetry,"origin: commercial source,99.9987 % (total),mass spectrometry,foil",99.9987,Not Specified %,1971
676.0,31.33,0.6266,None kPa,N/A,19867,['C'],A,AC calorimetry,"origin: commercial source,99.9987 % (total),mass spectrometry,foil",99.9987,Not Specified %,1971
678.0,31.31,0.6262,None kPa,N/A,19867,['C'],A,AC calorimetry,"origin: commercial source,99.9987 % (total),mass spectrometry,foil",99.9987,Not Specified %,1971
680.0,31.3,0.626,None kPa,N/A,19867,['C'],A,AC calorimetry,"origin: commercial source,99.9987 % (total),mass spectrometry,foil",99.9987,Not Specified %,1971
629.91,38.24,0.7648,46.6628 kPa,N/A,19869,['C'],A,AC calorimetry,"origin: commercial source,99.9987 % (total),mass spectrometry,foil",99.9987,Not Specified %,1971
629.98,38.28,0.7656,None kPa,N/A,19869,['C'],A,AC calorimetry,"origin: commercial source,99.9987 % (total),mass spectrometry,foil",99.9987,Not Specified %,1971
630.04,38.32,0.7664,None kPa,N/A,19869,['C'],A,AC calorimetry,"origin: commercial source,99.9987 % (total),mass spectrometry,foil",99.9987,Not Specified %,1971
630.1,38.35,0.767,None kPa,N/A,19869,['C'],A,AC calorimetry,"origin: commercial source,99.9987 % (total),mass spectrometry,foil",99.9987,Not Specified %,1971
630.17,38.4,0.768,None kPa,N/A,19869,['C'],A,AC calorimetry,"origin: commercial source,99.9987 % (total),mass spectrometry,foil",99.9987,Not Specified %,1971
630.25,38.44,0.7688,None kPa,N/A,19869,['C'],A,AC calorimetry,"origin: commercial source,99.9987 % (total),mass spectrometry,foil",99.9987,Not Specified %,1971
630.31,38.48,0.7696,None kPa,N/A,19869,['C'],A,AC calorimetry,"origin: commercial source,99.9987 % (total),mass spectrometry,foil",99.9987,Not Specified %,1971
630.38,38.53,0.7706,None kPa,N/A,19869,['C'],A,AC calorimetry,"origin: commercial source,99.9987 % (total),mass spectrometry,foil",99.9987,Not Specified %,1971
630.46,38.59,0.7718,None kPa,N/A,19869,['C'],A,AC calorimetry,"origin: commercial source,99.9987 % (total),mass spectrometry,foil",99.9987,Not Specified %,1971
630.54,38.65,0.773,None kPa,N/A,19869,['C'],A,AC calorimetry,"origin: commercial source,99.9987 % (total),mass spectrometry,foil",99.9987,Not Specified %,1971
630.62,38.73,0.7746,None kPa,N/A,19869,['C'],A,AC calorimetry,"origin: commercial source,99.9987 % (total),mass spectrometry,foil",99.9987,Not Specified %,1971
630.7,38.81,0.7762,None kPa,N/A,19869,['C'],A,AC calorimetry,"origin: commercial source,99.9987 % (total),mass spectrometry,foil",99.9987,Not Specified %,1971
630.77,38.9,0.778,None kPa,N/A,19869,['C'],A,AC calorimetry,"origin: commercial source,99.9987 % (total),mass spectrometry,foil",99.9987,Not Specified %,1971
630.84,38.97,0.7794,None kPa,N/A,19869,['C'],A,AC calorimetry,"origin: commercial source,99.9987 % (total),mass spectrometry,foil",99.9987,Not Specified %,1971
630.91,39.06,0.7812,None kPa,N/A,19869,['C'],A,AC calorimetry,"origin: commercial source,99.9987 % (total),mass spectrometry,foil",99.9987,Not Specified %,1971
630.98,39.15,0.783,None kPa,N/A,19869,['C'],A,AC calorimetry,"origin: commercial source,99.9987 % (total),mass spectrometry,foil",99.9987,Not Specified %,1971
631.04,39.25,0.785,None kPa,N/A,19869,['C'],A,AC calorimetry,"origin: commercial source,99.9987 % (total),mass spectrometry,foil",99.9987,Not Specified %,1971
631.09,39.31,0.7862,None kPa,N/A,19869,['C'],A,AC calorimetry,"origin: commercial source,99.9987 % (total),mass spectrometry,foil",99.9987,Not Specified %,1971
631.13,39.32,0.7864,None kPa,N/A,19869,['C'],A,AC calorimetry,"origin: commercial source,99.9987 % (total),mass spectrometry,foil",99.9987,Not Specified %,1971
631.18,39.31,0.7862,None kPa,N/A,19869,['C'],A,AC calorimetry,"origin: commercial source,99.9987 % (total),mass spectrometry,foil",99.9987,Not Specified %,1971
631.23,39.24,0.7848,None kPa,N/A,19869,['C'],A,AC calorimetry,"origin: commercial source,99.9987 % (total),mass spectrometry,foil",99.9987,Not Specified %,1971
631.26,39.14,0.7828,None kPa,N/A,19869,['C'],A,AC calorimetry,"origin: commercial source,99.9987 % (total),mass spectrometry,foil",99.9987,Not Specified %,1971
631.29,39.0,0.78,None kPa,N/A,19869,['C'],A,AC calorimetry,"origin: commercial source,99.9987 % (total),mass spectrometry,foil",99.9987,Not Specified %,1971
631.32,38.83,0.7766,None kPa,N/A,19869,['C'],A,AC calorimetry,"origin: commercial source,99.9987 % (total),mass spectrometry,foil",99.9987,Not Specified %,1971
631.34,38.63,0.7726,None kPa,N/A,19869,['C'],A,AC calorimetry,"origin: commercial source,99.9987 % (total),mass spectrometry,foil",99.9987,Not Specified %,1971
631.36,38.45,0.769,None kPa,N/A,19869,['C'],A,AC calorimetry,"origin: commercial source,99.9987 % (total),mass spectrometry,foil",99.9987,Not Specified %,1971
631.38,38.27,0.7654,None kPa,N/A,19869,['C'],A,AC calorimetry,"origin: commercial source,99.9987 % (total),mass spectrometry,foil",99.9987,Not Specified %,1971
631.4,38.06,0.7612,None kPa,N/A,19869,['C'],A,AC calorimetry,"origin: commercial source,99.9987 % (total),mass spectrometry,foil",99.9987,Not Specified %,1971
631.42,37.84,0.7568,None kPa,N/A,19869,['C'],A,AC calorimetry,"origin: commercial source,99.9987 % (total),mass spectrometry,foil",99.9987,Not Specified %,1971
631.43,37.65,0.753,None kPa,N/A,19869,['C'],A,AC calorimetry,"origin: commercial source,99.9987 % (total),mass spectrometry,foil",99.9987,Not Specified %,1971
631.45,37.42,0.7484,None kPa,N/A,19869,['C'],A,AC calorimetry,"origin: commercial source,99.9987 % (total),mass spectrometry,foil",99.9987,Not Specified %,1971
631.47,37.2,0.744,None kPa,N/A,19869,['C'],A,AC calorimetry,"origin: commercial source,99.9987 % (total),mass spectrometry,foil",99.9987,Not Specified %,1971
631.48,37.0,0.74,None kPa,N/A,19869,['C'],A,AC calorimetry,"origin: commercial source,99.9987 % (total),mass spectrometry,foil",99.9987,Not Specified %,1971
631.51,36.79,0.7358,None kPa,N/A,19869,['C'],A,AC calorimetry,"origin: commercial source,99.9987 % (total),mass spectrometry,foil",99.9987,Not Specified %,1971
631.53,36.62,0.7324,None kPa,N/A,19869,['C'],A,AC calorimetry,"origin: commercial source,99.9987 % (total),mass spectrometry,foil",99.9987,Not Specified %,1971
631.56,36.43,0.7286,None kPa,N/A,19869,['C'],A,AC calorimetry,"origin: commercial source,99.9987 % (total),mass spectrometry,foil",99.9987,Not Specified %,1971
631.61,36.25,0.725,None kPa,N/A,19869,['C'],A,AC calorimetry,"origin: commercial source,99.9987 % (total),mass spectrometry,foil",99.9987,Not Specified %,1971
631.66,36.1,0.722,None kPa,N/A,19869,['C'],A,AC calorimetry,"origin: commercial source,99.9987 % (total),mass spectrometry,foil",99.9987,Not Specified %,1971
631.71,35.97,0.7194,None kPa,N/A,19869,['C'],A,AC calorimetry,"origin: commercial source,99.9987 % (total),mass spectrometry,foil",99.9987,Not Specified %,1971
631.77,35.84,0.7168,None kPa,N/A,19869,['C'],A,AC calorimetry,"origin: commercial source,99.9987 % (total),mass spectrometry,foil",99.9987,Not Specified %,1971
631.85,35.7,0.714,None kPa,N/A,19869,['C'],A,AC calorimetry,"origin: commercial source,99.9987 % (total),mass spectrometry,foil",99.9987,Not Specified %,1971
631.92,35.59,0.7118,None kPa,N/A,19869,['C'],A,AC calorimetry,"origin: commercial source,99.9987 % (total),mass spectrometry,foil",99.9987,Not Specified %,1971
631.99,35.49,0.7098,None kPa,N/A,19869,['C'],A,AC calorimetry,"origin: commercial source,99.9987 % (total),mass spectrometry,foil",99.9987,Not Specified %,1971
632.06,35.37,0.7074,None kPa,N/A,19869,['C'],A,AC calorimetry,"origin: commercial source,99.9987 % (total),mass spectrometry,foil",99.9987,Not Specified %,1971
632.15,35.27,0.7054,None kPa,N/A,19869,['C'],A,AC calorimetry,"origin: commercial source,99.9987 % (total),mass spectrometry,foil",99.9987,Not Specified %,1971
632.23,35.2,0.704,None kPa,N/A,19869,['C'],A,AC calorimetry,"origin: commercial source,99.9987 % (total),mass spectrometry,foil",99.9987,Not Specified %,1971
632.32,35.13,0.7026,None kPa,N/A,19869,['C'],A,AC calorimetry,"origin: commercial source,99.9987 % (total),mass spectrometry,foil",99.9987,Not Specified %,1971
632.43,35.04,0.7008,None kPa,N/A,19869,['C'],A,AC calorimetry,"origin: commercial source,99.9987 % (total),mass spectrometry,foil",99.9987,Not Specified %,1971
632.52,34.99,0.6998,None kPa,N/A,19869,['C'],A,AC calorimetry,"origin: commercial source,99.9987 % (total),mass spectrometry,foil",99.9987,Not Specified %,1971
632.61,34.92,0.6984,None kPa,N/A,19869,['C'],A,AC calorimetry,"origin: commercial source,99.9987 % (total),mass spectrometry,foil",99.9987,Not Specified %,1971
632.71,34.85,0.697,None kPa,N/A,19869,['C'],A,AC calorimetry,"origin: commercial source,99.9987 % (total),mass spectrometry,foil",99.9987,Not Specified %,1971
632.79,34.81,0.6962,None kPa,N/A,19869,['C'],A,AC calorimetry,"origin: commercial source,99.9987 % (total),mass spectrometry,foil",99.9987,Not Specified %,1971
632.87,34.75,0.695,None kPa,N/A,19869,['C'],A,AC calorimetry,"origin: commercial source,99.9987 % (total),mass spectrometry,foil",99.9987,Not Specified %,1971
632.96,34.71,0.6942,None kPa,N/A,19869,['C'],A,AC calorimetry,"origin: commercial source,99.9987 % (total),mass spectrometry,foil",99.9987,Not Specified %,1971
633.05,34.64,0.6928,None kPa,N/A,19869,['C'],A,AC calorimetry,"origin: commercial source,99.9987 % (total),mass spectrometry,foil",99.9987,Not Specified %,1971
633.16,34.59,0.6918,None kPa,N/A,19869,['C'],A,AC calorimetry,"origin: commercial source,99.9987 % (total),mass spectrometry,foil",99.9987,Not Specified %,1971
633.28,34.53,0.6906,None kPa,N/A,19869,['C'],A,AC calorimetry,"origin: commercial source,99.9987 % (total),mass spectrometry,foil",99.9987,Not Specified %,1971
633.38,34.47,0.6894,None kPa,N/A,19869,['C'],A,AC calorimetry,"origin: commercial source,99.9987 % (total),mass spectrometry,foil",99.9987,Not Specified %,1971
633.5,34.41,0.6882,None kPa,N/A,19869,['C'],A,AC calorimetry,"origin: commercial source,99.9987 % (total),mass spectrometry,foil",99.9987,Not Specified %,1971
633.59,34.36,0.6872,None kPa,N/A,19869,['C'],A,AC calorimetry,"origin: commercial source,99.9987 % (total),mass spectrometry,foil",99.9987,Not Specified %,1971
633.68,34.31,0.6862,None kPa,N/A,19869,['C'],A,AC calorimetry,"origin: commercial source,99.9987 % (total),mass spectrometry,foil",99.9987,Not Specified %,1971
633.78,34.26,0.6852,None kPa,N/A,19869,['C'],A,AC calorimetry,"origin: commercial source,99.9987 % (total),mass spectrometry,foil",99.9987,Not Specified %,1971
633.88,34.21,0.6842,None kPa,N/A,19869,['C'],A,AC calorimetry,"origin: commercial source,99.9987 % (total),mass spectrometry,foil",99.9987,Not Specified %,1971
633.99,34.15,0.683,None kPa,N/A,19869,['C'],A,AC calorimetry,"origin: commercial source,99.9987 % (total),mass spectrometry,foil",99.9987,Not Specified %,1971
629.91,38.24,0.7648,46.6628 kPa,N/A,19870,['C'],A,AC calorimetry,"origin: commercial source,99.9 % (total),mass spectrometry",99.9,Not Specified %,1971
629.98,38.28,0.7656,None kPa,N/A,19870,['C'],A,AC calorimetry,"origin: commercial source,99.9 % (total),mass spectrometry",99.9,Not Specified %,1971
630.04,38.32,0.7664,None kPa,N/A,19870,['C'],A,AC calorimetry,"origin: commercial source,99.9 % (total),mass spectrometry",99.9,Not Specified %,1971
630.1,38.35,0.767,None kPa,N/A,19870,['C'],A,AC calorimetry,"origin: commercial source,99.9 % (total),mass spectrometry",99.9,Not Specified %,1971
630.17,38.4,0.768,None kPa,N/A,19870,['C'],A,AC calorimetry,"origin: commercial source,99.9 % (total),mass spectrometry",99.9,Not Specified %,1971
630.25,38.44,0.7688,None kPa,N/A,19870,['C'],A,AC calorimetry,"origin: commercial source,99.9 % (total),mass spectrometry",99.9,Not Specified %,1971
630.31,38.48,0.7696,None kPa,N/A,19870,['C'],A,AC calorimetry,"origin: commercial source,99.9 % (total),mass spectrometry",99.9,Not Specified %,1971
630.38,38.53,0.7706,None kPa,N/A,19870,['C'],A,AC calorimetry,"origin: commercial source,99.9 % (total),mass spectrometry",99.9,Not Specified %,1971
630.46,38.59,0.7718,None kPa,N/A,19870,['C'],A,AC calorimetry,"origin: commercial source,99.9 % (total),mass spectrometry",99.9,Not Specified %,1971
630.54,38.63,0.7726,None kPa,N/A,19870,['C'],A,AC calorimetry,"origin: commercial source,99.9 % (total),mass spectrometry",99.9,Not Specified %,1971
630.62,38.67,0.7734,None kPa,N/A,19870,['C'],A,AC calorimetry,"origin: commercial source,99.9 % (total),mass spectrometry",99.9,Not Specified %,1971
630.7,38.71,0.7742,None kPa,N/A,19870,['C'],A,AC calorimetry,"origin: commercial source,99.9 % (total),mass spectrometry",99.9,Not Specified %,1971
630.78,38.74,0.7748,None kPa,N/A,19870,['C'],A,AC calorimetry,"origin: commercial source,99.9 % (total),mass spectrometry",99.9,Not Specified %,1971
630.85,38.77,0.7754,None kPa,N/A,19870,['C'],A,AC calorimetry,"origin: commercial source,99.9 % (total),mass spectrometry",99.9,Not Specified %,1971
630.91,38.8,0.776,None kPa,N/A,19870,['C'],A,AC calorimetry,"origin: commercial source,99.9 % (total),mass spectrometry",99.9,Not Specified %,1971
630.98,38.81,0.7762,None kPa,N/A,19870,['C'],A,AC calorimetry,"origin: commercial source,99.9 % (total),mass spectrometry",99.9,Not Specified %,1971
631.06,38.8,0.776,None kPa,N/A,19870,['C'],A,AC calorimetry,"origin: commercial source,99.9 % (total),mass spectrometry",99.9,Not Specified %,1971
631.14,38.76,0.7752,None kPa,N/A,19870,['C'],A,AC calorimetry,"origin: commercial source,99.9 % (total),mass spectrometry",99.9,Not Specified %,1971
631.2,38.69,0.7738,None kPa,N/A,19870,['C'],A,AC calorimetry,"origin: commercial source,99.9 % (total),mass spectrometry",99.9,Not Specified %,1971
631.25,38.61,0.7722,None kPa,N/A,19870,['C'],A,AC calorimetry,"origin: commercial source,99.9 % (total),mass spectrometry",99.9,Not Specified %,1971
631.29,38.51,0.7702,None kPa,N/A,19870,['C'],A,AC calorimetry,"origin: commercial source,99.9 % (total),mass spectrometry",99.9,Not Specified %,1971
631.34,38.41,0.7682,None kPa,N/A,19870,['C'],A,AC calorimetry,"origin: commercial source,99.9 % (total),mass spectrometry",99.9,Not Specified %,1971
631.37,38.3,0.766,None kPa,N/A,19870,['C'],A,AC calorimetry,"origin: commercial source,99.9 % (total),mass spectrometry",99.9,Not Specified %,1971
631.42,38.15,0.763,None kPa,N/A,19870,['C'],A,AC calorimetry,"origin: commercial source,99.9 % (total),mass spectrometry",99.9,Not Specified %,1971
631.46,37.96,0.7592,None kPa,N/A,19870,['C'],A,AC calorimetry,"origin: commercial source,99.9 % (total),mass spectrometry",99.9,Not Specified %,1971
631.5,37.76,0.7552,None kPa,N/A,19870,['C'],A,AC calorimetry,"origin: commercial source,99.9 % (total),mass spectrometry",99.9,Not Specified %,1971
631.54,37.55,0.751,None kPa,N/A,19870,['C'],A,AC calorimetry,"origin: commercial source,99.9 % (total),mass spectrometry",99.9,Not Specified %,1971
631.58,37.32,0.7464,None kPa,N/A,19870,['C'],A,AC calorimetry,"origin: commercial source,99.9 % (total),mass spectrometry",99.9,Not Specified %,1971
631.62,37.1,0.742,None kPa,N/A,19870,['C'],A,AC calorimetry,"origin: commercial source,99.9 % (total),mass spectrometry",99.9,Not Specified %,1971
631.65,36.93,0.7386,None kPa,N/A,19870,['C'],A,AC calorimetry,"origin: commercial source,99.9 % (total),mass spectrometry",99.9,Not Specified %,1971
631.69,36.72,0.7344,None kPa,N/A,19870,['C'],A,AC calorimetry,"origin: commercial source,99.9 % (total),mass spectrometry",99.9,Not Specified %,1971
631.73,36.49,0.7298,None kPa,N/A,19870,['C'],A,AC calorimetry,"origin: commercial source,99.9 % (total),mass spectrometry",99.9,Not Specified %,1971
631.78,36.29,0.7258,None kPa,N/A,19870,['C'],A,AC calorimetry,"origin: commercial source,99.9 % (total),mass spectrometry",99.9,Not Specified %,1971
631.83,36.13,0.7226,None kPa,N/A,19870,['C'],A,AC calorimetry,"origin: commercial source,99.9 % (total),mass spectrometry",99.9,Not Specified %,1971
631.89,35.97,0.7194,None kPa,N/A,19870,['C'],A,AC calorimetry,"origin: commercial source,99.9 % (total),mass spectrometry",99.9,Not Specified %,1971
631.95,35.82,0.7164,None kPa,N/A,19870,['C'],A,AC calorimetry,"origin: commercial source,99.9 % (total),mass spectrometry",99.9,Not Specified %,1971
632.03,35.67,0.7134,None kPa,N/A,19870,['C'],A,AC calorimetry,"origin: commercial source,99.9 % (total),mass spectrometry",99.9,Not Specified %,1971
632.11,35.53,0.7106,None kPa,N/A,19870,['C'],A,AC calorimetry,"origin: commercial source,99.9 % (total),mass spectrometry",99.9,Not Specified %,1971
632.18,35.41,0.7082,None kPa,N/A,19870,['C'],A,AC calorimetry,"origin: commercial source,99.9 % (total),mass spectrometry",99.9,Not Specified %,1971
632.26,35.3,0.706,None kPa,N/A,19870,['C'],A,AC calorimetry,"origin: commercial source,99.9 % (total),mass spectrometry",99.9,Not Specified %,1971
632.34,35.21,0.7042,None kPa,N/A,19870,['C'],A,AC calorimetry,"origin: commercial source,99.9 % (total),mass spectrometry",99.9,Not Specified %,1971
632.44,35.1,0.702,None kPa,N/A,19870,['C'],A,AC calorimetry,"origin: commercial source,99.9 % (total),mass spectrometry",99.9,Not Specified %,1971
632.54,35.02,0.7004,None kPa,N/A,19870,['C'],A,AC calorimetry,"origin: commercial source,99.9 % (total),mass spectrometry",99.9,Not Specified %,1971
632.63,34.93,0.6986,None kPa,N/A,19870,['C'],A,AC calorimetry,"origin: commercial source,99.9 % (total),mass spectrometry",99.9,Not Specified %,1971
632.72,34.86,0.6972,None kPa,N/A,19870,['C'],A,AC calorimetry,"origin: commercial source,99.9 % (total),mass spectrometry",99.9,Not Specified %,1971
632.82,34.79,0.6958,None kPa,N/A,19870,['C'],A,AC calorimetry,"origin: commercial source,99.9 % (total),mass spectrometry",99.9,Not Specified %,1971
632.93,34.72,0.6944,None kPa,N/A,19870,['C'],A,AC calorimetry,"origin: commercial source,99.9 % (total),mass spectrometry",99.9,Not Specified %,1971
633.08,34.63,0.6926,None kPa,N/A,19870,['C'],A,AC calorimetry,"origin: commercial source,99.9 % (total),mass spectrometry",99.9,Not Specified %,1971
633.18,34.58,0.6916,None kPa,N/A,19870,['C'],A,AC calorimetry,"origin: commercial source,99.9 % (total),mass spectrometry",99.9,Not Specified %,1971
633.3,34.51,0.6902,None kPa,N/A,19870,['C'],A,AC calorimetry,"origin: commercial source,99.9 % (total),mass spectrometry",99.9,Not Specified %,1971
633.39,34.46,0.6892,None kPa,N/A,19870,['C'],A,AC calorimetry,"origin: commercial source,99.9 % (total),mass spectrometry",99.9,Not Specified %,1971
633.5,34.41,0.6882,None kPa,N/A,19870,['C'],A,AC calorimetry,"origin: commercial source,99.9 % (total),mass spectrometry",99.9,Not Specified %,1971
633.6,34.36,0.6872,None kPa,N/A,19870,['C'],A,AC calorimetry,"origin: commercial source,99.9 % (total),mass spectrometry",99.9,Not Specified %,1971
633.7,34.31,0.6862,None kPa,N/A,19870,['C'],A,AC calorimetry,"origin: commercial source,99.9 % (total),mass spectrometry",99.9,Not Specified %,1971
633.8,34.25,0.685,None kPa,N/A,19870,['C'],A,AC calorimetry,"origin: commercial source,99.9 % (total),mass spectrometry",99.9,Not Specified %,1971
633.9,34.2,0.684,None kPa,N/A,19870,['C'],A,AC calorimetry,"origin: commercial source,99.9 % (total),mass spectrometry",99.9,Not Specified %,1971
633.99,34.15,0.683,None kPa,N/A,19870,['C'],A,AC calorimetry,"origin: commercial source,99.9 % (total),mass spectrometry",99.9,Not Specified %,1971
629.51,38.02,0.7604,46.6628 kPa,N/A,19871,['C'],A,AC calorimetry,"origin: commercial source,99.9987 % (total),mass spectrometry,foil",99.9987,Not Specified %,1971
629.58,38.05,0.761,None kPa,N/A,19871,['C'],A,AC calorimetry,"origin: commercial source,99.9987 % (total),mass spectrometry,foil",99.9987,Not Specified %,1971
629.65,38.09,0.7618,None kPa,N/A,19871,['C'],A,AC calorimetry,"origin: commercial source,99.9987 % (total),mass spectrometry,foil",99.9987,Not Specified %,1971
629.73,38.12,0.7624,None kPa,N/A,19871,['C'],A,AC calorimetry,"origin: commercial source,99.9987 % (total),mass spectrometry,foil",99.9987,Not Specified %,1971
629.8,38.16,0.7632,None kPa,N/A,19871,['C'],A,AC calorimetry,"origin: commercial source,99.9987 % (total),mass spectrometry,foil",99.9987,Not Specified %,1971
629.88,38.2,0.764,None kPa,N/A,19871,['C'],A,AC calorimetry,"origin: commercial source,99.9987 % (total),mass spectrometry,foil",99.9987,Not Specified %,1971
629.96,38.24,0.7648,None kPa,N/A,19871,['C'],A,AC calorimetry,"origin: commercial source,99.9987 % (total),mass spectrometry,foil",99.9987,Not Specified %,1971
630.03,38.29,0.7658,None kPa,N/A,19871,['C'],A,AC calorimetry,"origin: commercial source,99.9987 % (total),mass spectrometry,foil",99.9987,Not Specified %,1971
630.12,38.34,0.7668,None kPa,N/A,19871,['C'],A,AC calorimetry,"origin: commercial source,99.9987 % (total),mass spectrometry,foil",99.9987,Not Specified %,1971
630.19,38.4,0.768,None kPa,N/A,19871,['C'],A,AC calorimetry,"origin: commercial source,99.9987 % (total),mass spectrometry,foil",99.9987,Not Specified %,1971
630.27,38.45,0.769,None kPa,N/A,19871,['C'],A,AC calorimetry,"origin: commercial source,99.9987 % (total),mass spectrometry,foil",99.9987,Not Specified %,1971
630.35,38.51,0.7702,None kPa,N/A,19871,['C'],A,AC calorimetry,"origin: commercial source,99.9987 % (total),mass spectrometry,foil",99.9987,Not Specified %,1971
630.42,38.56,0.7712,None kPa,N/A,19871,['C'],A,AC calorimetry,"origin: commercial source,99.9987 % (total),mass spectrometry,foil",99.9987,Not Specified %,1971
630.51,38.63,0.7726,None kPa,N/A,19871,['C'],A,AC calorimetry,"origin: commercial source,99.9987 % (total),mass spectrometry,foil",99.9987,Not Specified %,1971
630.6,38.71,0.7742,None kPa,N/A,19871,['C'],A,AC calorimetry,"origin: commercial source,99.9987 % (total),mass spectrometry,foil",99.9987,Not Specified %,1971
630.67,38.78,0.7756,None kPa,N/A,19871,['C'],A,AC calorimetry,"origin: commercial source,99.9987 % (total),mass spectrometry,foil",99.9987,Not Specified %,1971
630.75,38.86,0.7772,None kPa,N/A,19871,['C'],A,AC calorimetry,"origin: commercial source,99.9987 % (total),mass spectrometry,foil",99.9987,Not Specified %,1971
630.84,38.95,0.779,None kPa,N/A,19871,['C'],A,AC calorimetry,"origin: commercial source,99.9987 % (total),mass spectrometry,foil",99.9987,Not Specified %,1971
630.92,39.06,0.7812,None kPa,N/A,19871,['C'],A,AC calorimetry,"origin: commercial source,99.9987 % (total),mass spectrometry,foil",99.9987,Not Specified %,1971
631.01,39.18,0.7836,None kPa,N/A,19871,['C'],A,AC calorimetry,"origin: commercial source,99.9987 % (total),mass spectrometry,foil",99.9987,Not Specified %,1971
631.09,39.31,0.7862,None kPa,N/A,19871,['C'],A,AC calorimetry,"origin: commercial source,99.9987 % (total),mass spectrometry,foil",99.9987,Not Specified %,1971
631.16,39.42,0.7884,None kPa,N/A,19871,['C'],A,AC calorimetry,"origin: commercial source,99.9987 % (total),mass spectrometry,foil",99.9987,Not Specified %,1971
631.21,39.54,0.7908,None kPa,N/A,19871,['C'],A,AC calorimetry,"origin: commercial source,99.9987 % (total),mass spectrometry,foil",99.9987,Not Specified %,1971
631.27,39.67,0.7934,None kPa,N/A,19871,['C'],A,AC calorimetry,"origin: commercial source,99.9987 % (total),mass spectrometry,foil",99.9987,Not Specified %,1971
631.32,39.79,0.7958,None kPa,N/A,19871,['C'],A,AC calorimetry,"origin: commercial source,99.9987 % (total),mass spectrometry,foil",99.9987,Not Specified %,1971
631.37,39.9,0.798,None kPa,N/A,19871,['C'],A,AC calorimetry,"origin: commercial source,99.9987 % (total),mass spectrometry,foil",99.9987,Not Specified %,1971
631.41,39.92,0.7984,None kPa,N/A,19871,['C'],A,AC calorimetry,"origin: commercial source,99.9987 % (total),mass spectrometry,foil",99.9987,Not Specified %,1971
631.45,39.89,0.7978,None kPa,N/A,19871,['C'],A,AC calorimetry,"origin: commercial source,99.9987 % (total),mass spectrometry,foil",99.9987,Not Specified %,1971
631.48,39.83,0.7966,None kPa,N/A,19871,['C'],A,AC calorimetry,"origin: commercial source,99.9987 % (total),mass spectrometry,foil",99.9987,Not Specified %,1971
631.5,39.7,0.794,None kPa,N/A,19871,['C'],A,AC calorimetry,"origin: commercial source,99.9987 % (total),mass spectrometry,foil",99.9987,Not Specified %,1971
631.52,39.53,0.7906,None kPa,N/A,19871,['C'],A,AC calorimetry,"origin: commercial source,99.9987 % (total),mass spectrometry,foil",99.9987,Not Specified %,1971
631.54,39.26,0.7852,None kPa,N/A,19871,['C'],A,AC calorimetry,"origin: commercial source,99.9987 % (total),mass spectrometry,foil",99.9987,Not Specified %,1971
631.55,39.03,0.7806,None kPa,N/A,19871,['C'],A,AC calorimetry,"origin: commercial source,99.9987 % (total),mass spectrometry,foil",99.9987,Not Specified %,1971
631.57,38.77,0.7754,None kPa,N/A,19871,['C'],A,AC calorimetry,"origin: commercial source,99.9987 % (total),mass spectrometry,foil",99.9987,Not Specified %,1971
631.58,38.57,0.7714,None kPa,N/A,19871,['C'],A,AC calorimetry,"origin: commercial source,99.9987 % (total),mass spectrometry,foil",99.9987,Not Specified %,1971
631.59,38.37,0.7674,None kPa,N/A,19871,['C'],A,AC calorimetry,"origin: commercial source,99.9987 % (total),mass spectrometry,foil",99.9987,Not Specified %,1971
631.6,38.15,0.763,None kPa,N/A,19871,['C'],A,AC calorimetry,"origin: commercial source,99.9987 % (total),mass spectrometry,foil",99.9987,Not Specified %,1971
631.61,37.95,0.759,None kPa,N/A,19871,['C'],A,AC calorimetry,"origin: commercial source,99.9987 % (total),mass spectrometry,foil",99.9987,Not Specified %,1971
631.63,37.68,0.7536,None kPa,N/A,19871,['C'],A,AC calorimetry,"origin: commercial source,99.9987 % (total),mass spectrometry,foil",99.9987,Not Specified %,1971
631.65,37.46,0.7492,None kPa,N/A,19871,['C'],A,AC calorimetry,"origin: commercial source,99.9987 % (total),mass spectrometry,foil",99.9987,Not Specified %,1971
631.67,37.23,0.7446,None kPa,N/A,19871,['C'],A,AC calorimetry,"origin: commercial source,99.9987 % (total),mass spectrometry,foil",99.9987,Not Specified %,1971
631.7,36.98,0.7396,None kPa,N/A,19871,['C'],A,AC calorimetry,"origin: commercial source,99.9987 % (total),mass spectrometry,foil",99.9987,Not Specified %,1971
631.72,36.78,0.7356,None kPa,N/A,19871,['C'],A,AC calorimetry,"origin: commercial source,99.9987 % (total),mass spectrometry,foil",99.9987,Not Specified %,1971
631.77,36.53,0.7306,None kPa,N/A,19871,['C'],A,AC calorimetry,"origin: commercial source,99.9987 % (total),mass spectrometry,foil",99.9987,Not Specified %,1971
631.81,36.36,0.7272,None kPa,N/A,19871,['C'],A,AC calorimetry,"origin: commercial source,99.9987 % (total),mass spectrometry,foil",99.9987,Not Specified %,1971
631.86,36.18,0.7236,None kPa,N/A,19871,['C'],A,AC calorimetry,"origin: commercial source,99.9987 % (total),mass spectrometry,foil",99.9987,Not Specified %,1971
631.91,36.03,0.7206,None kPa,N/A,19871,['C'],A,AC calorimetry,"origin: commercial source,99.9987 % (total),mass spectrometry,foil",99.9987,Not Specified %,1971
631.98,35.88,0.7176,None kPa,N/A,19871,['C'],A,AC calorimetry,"origin: commercial source,99.9987 % (total),mass spectrometry,foil",99.9987,Not Specified %,1971
632.05,35.72,0.7144,None kPa,N/A,19871,['C'],A,AC calorimetry,"origin: commercial source,99.9987 % (total),mass spectrometry,foil",99.9987,Not Specified %,1971
632.12,35.61,0.7122,None kPa,N/A,19871,['C'],A,AC calorimetry,"origin: commercial source,99.9987 % (total),mass spectrometry,foil",99.9987,Not Specified %,1971
632.19,35.49,0.7098,None kPa,N/A,19871,['C'],A,AC calorimetry,"origin: commercial source,99.9987 % (total),mass spectrometry,foil",99.9987,Not Specified %,1971
632.27,35.38,0.7076,None kPa,N/A,19871,['C'],A,AC calorimetry,"origin: commercial source,99.9987 % (total),mass spectrometry,foil",99.9987,Not Specified %,1971
632.34,35.28,0.7056,None kPa,N/A,19871,['C'],A,AC calorimetry,"origin: commercial source,99.9987 % (total),mass spectrometry,foil",99.9987,Not Specified %,1971
632.42,35.19,0.7038,None kPa,N/A,19871,['C'],A,AC calorimetry,"origin: commercial source,99.9987 % (total),mass spectrometry,foil",99.9987,Not Specified %,1971
632.52,35.08,0.7016,None kPa,N/A,19871,['C'],A,AC calorimetry,"origin: commercial source,99.9987 % (total),mass spectrometry,foil",99.9987,Not Specified %,1971
632.6,35.0,0.7,None kPa,N/A,19871,['C'],A,AC calorimetry,"origin: commercial source,99.9987 % (total),mass spectrometry,foil",99.9987,Not Specified %,1971
632.68,34.93,0.6986,None kPa,N/A,19871,['C'],A,AC calorimetry,"origin: commercial source,99.9987 % (total),mass spectrometry,foil",99.9987,Not Specified %,1971
632.78,34.85,0.697,None kPa,N/A,19871,['C'],A,AC calorimetry,"origin: commercial source,99.9987 % (total),mass spectrometry,foil",99.9987,Not Specified %,1971
632.88,34.77,0.6954,None kPa,N/A,19871,['C'],A,AC calorimetry,"origin: commercial source,99.9987 % (total),mass spectrometry,foil",99.9987,Not Specified %,1971
632.98,34.7,0.694,None kPa,N/A,19871,['C'],A,AC calorimetry,"origin: commercial source,99.9987 % (total),mass spectrometry,foil",99.9987,Not Specified %,1971
633.07,34.64,0.6928,None kPa,N/A,19871,['C'],A,AC calorimetry,"origin: commercial source,99.9987 % (total),mass spectrometry,foil",99.9987,Not Specified %,1971
633.18,34.56,0.6912,None kPa,N/A,19871,['C'],A,AC calorimetry,"origin: commercial source,99.9987 % (total),mass spectrometry,foil",99.9987,Not Specified %,1971
633.27,34.51,0.6902,None kPa,N/A,19871,['C'],A,AC calorimetry,"origin: commercial source,99.9987 % (total),mass spectrometry,foil",99.9987,Not Specified %,1971
633.39,34.45,0.689,None kPa,N/A,19871,['C'],A,AC calorimetry,"origin: commercial source,99.9987 % (total),mass spectrometry,foil",99.9987,Not Specified %,1971
633.5,34.39,0.6878,None kPa,N/A,19871,['C'],A,AC calorimetry,"origin: commercial source,99.9987 % (total),mass spectrometry,foil",99.9987,Not Specified %,1971
633.61,34.35,0.687,None kPa,N/A,19871,['C'],A,AC calorimetry,"origin: commercial source,99.9987 % (total),mass spectrometry,foil",99.9987,Not Specified %,1971
633.71,34.3,0.686,None kPa,N/A,19871,['C'],A,AC calorimetry,"origin: commercial source,99.9987 % (total),mass spectrometry,foil",99.9987,Not Specified %,1971
633.79,34.26,0.6852,None kPa,N/A,19871,['C'],A,AC calorimetry,"origin: commercial source,99.9987 % (total),mass spectrometry,foil",99.9987,Not Specified %,1971
633.89,34.23,0.6846,None kPa,N/A,19871,['C'],A,AC calorimetry,"origin: commercial source,99.9987 % (total),mass spectrometry,foil",99.9987,Not Specified %,1971
633.98,34.18,0.6836,None kPa,N/A,19871,['C'],A,AC calorimetry,"origin: commercial source,99.9987 % (total),mass spectrometry,foil",99.9987,Not Specified %,1971
634.1,34.14,0.6828,None kPa,N/A,19871,['C'],A,AC calorimetry,"origin: commercial source,99.9987 % (total),mass spectrometry,foil",99.9987,Not Specified %,1971
629.51,38.02,0.7604,None kPa,N/A,19871,['C'],A,AC calorimetry,"origin: commercial source,99.9987 % (total),mass spectrometry,foil",99.9987,Not Specified %,1971
629.58,38.05,0.761,None kPa,N/A,19871,['C'],A,AC calorimetry,"origin: commercial source,99.9987 % (total),mass spectrometry,foil",99.9987,Not Specified %,1971
629.65,38.09,0.7618,None kPa,N/A,19871,['C'],A,AC calorimetry,"origin: commercial source,99.9987 % (total),mass spectrometry,foil",99.9987,Not Specified %,1971
629.73,38.12,0.7624,None kPa,N/A,19871,['C'],A,AC calorimetry,"origin: commercial source,99.9987 % (total),mass spectrometry,foil",99.9987,Not Specified %,1971
629.8,38.16,0.7632,None kPa,N/A,19871,['C'],A,AC calorimetry,"origin: commercial source,99.9987 % (total),mass spectrometry,foil",99.9987,Not Specified %,1971
629.88,38.2,0.764,None kPa,N/A,19871,['C'],A,AC calorimetry,"origin: commercial source,99.9987 % (total),mass spectrometry,foil",99.9987,Not Specified %,1971
629.96,38.24,0.7648,None kPa,N/A,19871,['C'],A,AC calorimetry,"origin: commercial source,99.9987 % (total),mass spectrometry,foil",99.9987,Not Specified %,1971
630.04,38.29,0.7658,None kPa,N/A,19871,['C'],A,AC calorimetry,"origin: commercial source,99.9987 % (total),mass spectrometry,foil",99.9987,Not Specified %,1971
630.12,38.34,0.7668,None kPa,N/A,19871,['C'],A,AC calorimetry,"origin: commercial source,99.9987 % (total),mass spectrometry,foil",99.9987,Not Specified %,1971
630.19,38.4,0.768,None kPa,N/A,19871,['C'],A,AC calorimetry,"origin: commercial source,99.9987 % (total),mass spectrometry,foil",99.9987,Not Specified %,1971
630.27,38.45,0.769,None kPa,N/A,19871,['C'],A,AC calorimetry,"origin: commercial source,99.9987 % (total),mass spectrometry,foil",99.9987,Not Specified %,1971
630.35,38.51,0.7702,None kPa,N/A,19871,['C'],A,AC calorimetry,"origin: commercial source,99.9987 % (total),mass spectrometry,foil",99.9987,Not Specified %,1971
630.42,38.56,0.7712,None kPa,N/A,19871,['C'],A,AC calorimetry,"origin: commercial source,99.9987 % (total),mass spectrometry,foil",99.9987,Not Specified %,1971
630.51,38.63,0.7726,None kPa,N/A,19871,['C'],A,AC calorimetry,"origin: commercial source,99.9987 % (total),mass spectrometry,foil",99.9987,Not Specified %,1971
630.6,38.71,0.7742,None kPa,N/A,19871,['C'],A,AC calorimetry,"origin: commercial source,99.9987 % (total),mass spectrometry,foil",99.9987,Not Specified %,1971
630.67,38.78,0.7756,None kPa,N/A,19871,['C'],A,AC calorimetry,"origin: commercial source,99.9987 % (total),mass spectrometry,foil",99.9987,Not Specified %,1971
630.75,38.86,0.7772,None kPa,N/A,19871,['C'],A,AC calorimetry,"origin: commercial source,99.9987 % (total),mass spectrometry,foil",99.9987,Not Specified %,1971
630.84,38.94,0.7788,None kPa,N/A,19871,['C'],A,AC calorimetry,"origin: commercial source,99.9987 % (total),mass spectrometry,foil",99.9987,Not Specified %,1971
630.92,38.98,0.7796,None kPa,N/A,19871,['C'],A,AC calorimetry,"origin: commercial source,99.9987 % (total),mass spectrometry,foil",99.9987,Not Specified %,1971
631.01,39.02,0.7804,None kPa,N/A,19871,['C'],A,AC calorimetry,"origin: commercial source,99.9987 % (total),mass spectrometry,foil",99.9987,Not Specified %,1971
631.07,39.05,0.781,None kPa,N/A,19871,['C'],A,AC calorimetry,"origin: commercial source,99.9987 % (total),mass spectrometry,foil",99.9987,Not Specified %,1971
631.14,39.06,0.7812,None kPa,N/A,19871,['C'],A,AC calorimetry,"origin: commercial source,99.9987 % (total),mass spectrometry,foil",99.9987,Not Specified %,1971
631.21,39.04,0.7808,None kPa,N/A,19871,['C'],A,AC calorimetry,"origin: commercial source,99.9987 % (total),mass spectrometry,foil",99.9987,Not Specified %,1971
631.28,38.99,0.7798,None kPa,N/A,19871,['C'],A,AC calorimetry,"origin: commercial source,99.9987 % (total),mass spectrometry,foil",99.9987,Not Specified %,1971
631.34,38.93,0.7786,None kPa,N/A,19871,['C'],A,AC calorimetry,"origin: commercial source,99.9987 % (total),mass spectrometry,foil",99.9987,Not Specified %,1971
631.41,38.85,0.777,None kPa,N/A,19871,['C'],A,AC calorimetry,"origin: commercial source,99.9987 % (total),mass spectrometry,foil",99.9987,Not Specified %,1971
631.5,38.73,0.7746,None kPa,N/A,19871,['C'],A,AC calorimetry,"origin: commercial source,99.9987 % (total),mass spectrometry,foil",99.9987,Not Specified %,1971
631.56,38.58,0.7716,None kPa,N/A,19871,['C'],A,AC calorimetry,"origin: commercial source,99.9987 % (total),mass spectrometry,foil",99.9987,Not Specified %,1971
631.62,38.42,0.7684,None kPa,N/A,19871,['C'],A,AC calorimetry,"origin: commercial source,99.9987 % (total),mass spectrometry,foil",99.9987,Not Specified %,1971
631.68,38.26,0.7652,None kPa,N/A,19871,['C'],A,AC calorimetry,"origin: commercial source,99.9987 % (total),mass spectrometry,foil",99.9987,Not Specified %,1971
631.71,38.12,0.7624,None kPa,N/A,19871,['C'],A,AC calorimetry,"origin: commercial source,99.9987 % (total),mass spectrometry,foil",99.9987,Not Specified %,1971
631.76,37.93,0.7586,None kPa,N/A,19871,['C'],A,AC calorimetry,"origin: commercial source,99.9987 % (total),mass spectrometry,foil",99.9987,Not Specified %,1971
631.79,37.82,0.7564,None kPa,N/A,19871,['C'],A,AC calorimetry,"origin: commercial source,99.9987 % (total),mass spectrometry,foil",99.9987,Not Specified %,1971
631.83,37.65,0.753,None kPa,N/A,19871,['C'],A,AC calorimetry,"origin: commercial source,99.9987 % (total),mass spectrometry,foil",99.9987,Not Specified %,1971
631.88,37.42,0.7484,None kPa,N/A,19871,['C'],A,AC calorimetry,"origin: commercial source,99.9987 % (total),mass spectrometry,foil",99.9987,Not Specified %,1971
631.93,37.19,0.7438,None kPa,N/A,19871,['C'],A,AC calorimetry,"origin: commercial source,99.9987 % (total),mass spectrometry,foil",99.9987,Not Specified %,1971
631.97,36.96,0.7392,None kPa,N/A,19871,['C'],A,AC calorimetry,"origin: commercial source,99.9987 % (total),mass spectrometry,foil",99.9987,Not Specified %,1971
632.01,36.76,0.7352,None kPa,N/A,19871,['C'],A,AC calorimetry,"origin: commercial source,99.9987 % (total),mass spectrometry,foil",99.9987,Not Specified %,1971
632.06,36.57,0.7314,None kPa,N/A,19871,['C'],A,AC calorimetry,"origin: commercial source,99.9987 % (total),mass spectrometry,foil",99.9987,Not Specified %,1971
632.1,36.38,0.7276,None kPa,N/A,19871,['C'],A,AC calorimetry,"origin: commercial source,99.9987 % (total),mass spectrometry,foil",99.9987,Not Specified %,1971
632.15,36.19,0.7238,None kPa,N/A,19871,['C'],A,AC calorimetry,"origin: commercial source,99.9987 % (total),mass spectrometry,foil",99.9987,Not Specified %,1971
632.21,36.0,0.72,None kPa,N/A,19871,['C'],A,AC calorimetry,"origin: commercial source,99.9987 % (total),mass spectrometry,foil",99.9987,Not Specified %,1971
632.27,35.8,0.716,None kPa,N/A,19871,['C'],A,AC calorimetry,"origin: commercial source,99.9987 % (total),mass spectrometry,foil",99.9987,Not Specified %,1971
632.35,35.62,0.7124,None kPa,N/A,19871,['C'],A,AC calorimetry,"origin: commercial source,99.9987 % (total),mass spectrometry,foil",99.9987,Not Specified %,1971
632.43,35.48,0.7096,None kPa,N/A,19871,['C'],A,AC calorimetry,"origin: commercial source,99.9987 % (total),mass spectrometry,foil",99.9987,Not Specified %,1971
632.51,35.34,0.7068,None kPa,N/A,19871,['C'],A,AC calorimetry,"origin: commercial source,99.9987 % (total),mass spectrometry,foil",99.9987,Not Specified %,1971
632.62,35.21,0.7042,None kPa,N/A,19871,['C'],A,AC calorimetry,"origin: commercial source,99.9987 % (total),mass spectrometry,foil",99.9987,Not Specified %,1971
632.71,35.09,0.7018,None kPa,N/A,19871,['C'],A,AC calorimetry,"origin: commercial source,99.9987 % (total),mass spectrometry,foil",99.9987,Not Specified %,1971
632.82,34.97,0.6994,None kPa,N/A,19871,['C'],A,AC calorimetry,"origin: commercial source,99.9987 % (total),mass spectrometry,foil",99.9987,Not Specified %,1971
632.91,34.88,0.6976,None kPa,N/A,19871,['C'],A,AC calorimetry,"origin: commercial source,99.9987 % (total),mass spectrometry,foil",99.9987,Not Specified %,1971
633.01,34.79,0.6958,None kPa,N/A,19871,['C'],A,AC calorimetry,"origin: commercial source,99.9987 % (total),mass spectrometry,foil",99.9987,Not Specified %,1971
633.13,34.69,0.6938,None kPa,N/A,19871,['C'],A,AC calorimetry,"origin: commercial source,99.9987 % (total),mass spectrometry,foil",99.9987,Not Specified %,1971
633.24,34.61,0.6922,None kPa,N/A,19871,['C'],A,AC calorimetry,"origin: commercial source,99.9987 % (total),mass spectrometry,foil",99.9987,Not Specified %,1971
633.35,34.54,0.6908,None kPa,N/A,19871,['C'],A,AC calorimetry,"origin: commercial source,99.9987 % (total),mass spectrometry,foil",99.9987,Not Specified %,1971
633.46,34.47,0.6894,None kPa,N/A,19871,['C'],A,AC calorimetry,"origin: commercial source,99.9987 % (total),mass spectrometry,foil",99.9987,Not Specified %,1971
633.56,34.41,0.6882,None kPa,N/A,19871,['C'],A,AC calorimetry,"origin: commercial source,99.9987 % (total),mass spectrometry,foil",99.9987,Not Specified %,1971
633.66,34.36,0.6872,None kPa,N/A,19871,['C'],A,AC calorimetry,"origin: commercial source,99.9987 % (total),mass spectrometry,foil",99.9987,Not Specified %,1971
633.76,34.31,0.6862,None kPa,N/A,19871,['C'],A,AC calorimetry,"origin: commercial source,99.9987 % (total),mass spectrometry,foil",99.9987,Not Specified %,1971
633.86,34.28,0.6856,None kPa,N/A,19871,['C'],A,AC calorimetry,"origin: commercial source,99.9987 % (total),mass spectrometry,foil",99.9987,Not Specified %,1971
633.96,34.23,0.6846,None kPa,N/A,19871,['C'],A,AC calorimetry,"origin: commercial source,99.9987 % (total),mass spectrometry,foil",99.9987,Not Specified %,1971
634.04,34.19,0.6838,None kPa,N/A,19871,['C'],A,AC calorimetry,"origin: commercial source,99.9987 % (total),mass spectrometry,foil",99.9987,Not Specified %,1971
634.1,34.17,0.6834,None kPa,N/A,19871,['C'],A,AC calorimetry,"origin: commercial source,99.9987 % (total),mass spectrometry,foil",99.9987,Not Specified %,1971
629.51,37.95,0.759,None kPa,N/A,19871,['C'],A,AC calorimetry,"origin: commercial source,99.9987 % (total),mass spectrometry,foil",99.9987,Not Specified %,1971
629.58,37.97,0.7594,None kPa,N/A,19871,['C'],A,AC calorimetry,"origin: commercial source,99.9987 % (total),mass spectrometry,foil",99.9987,Not Specified %,1971
629.65,38.01,0.7602,None kPa,N/A,19871,['C'],A,AC calorimetry,"origin: commercial source,99.9987 % (total),mass spectrometry,foil",99.9987,Not Specified %,1971
629.73,38.03,0.7606,None kPa,N/A,19871,['C'],A,AC calorimetry,"origin: commercial source,99.9987 % (total),mass spectrometry,foil",99.9987,Not Specified %,1971
629.81,38.06,0.7612,None kPa,N/A,19871,['C'],A,AC calorimetry,"origin: commercial source,99.9987 % (total),mass spectrometry,foil",99.9987,Not Specified %,1971
629.88,38.08,0.7616,None kPa,N/A,19871,['C'],A,AC calorimetry,"origin: commercial source,99.9987 % (total),mass spectrometry,foil",99.9987,Not Specified %,1971
629.98,38.11,0.7622,None kPa,N/A,19871,['C'],A,AC calorimetry,"origin: commercial source,99.9987 % (total),mass spectrometry,foil",99.9987,Not Specified %,1971
630.07,38.15,0.763,None kPa,N/A,19871,['C'],A,AC calorimetry,"origin: commercial source,99.9987 % (total),mass spectrometry,foil",99.9987,Not Specified %,1971
630.17,38.18,0.7636,None kPa,N/A,19871,['C'],A,AC calorimetry,"origin: commercial source,99.9987 % (total),mass spectrometry,foil",99.9987,Not Specified %,1971
630.27,38.23,0.7646,None kPa,N/A,19871,['C'],A,AC calorimetry,"origin: commercial source,99.9987 % (total),mass spectrometry,foil",99.9987,Not Specified %,1971
630.38,38.28,0.7656,None kPa,N/A,19871,['C'],A,AC calorimetry,"origin: commercial source,99.9987 % (total),mass spectrometry,foil",99.9987,Not Specified %,1971
630.49,38.34,0.7668,None kPa,N/A,19871,['C'],A,AC calorimetry,"origin: commercial source,99.9987 % (total),mass spectrometry,foil",99.9987,Not Specified %,1971
630.62,38.4,0.768,None kPa,N/A,19871,['C'],A,AC calorimetry,"origin: commercial source,99.9987 % (total),mass spectrometry,foil",99.9987,Not Specified %,1971
630.74,38.46,0.7692,None kPa,N/A,19871,['C'],A,AC calorimetry,"origin: commercial source,99.9987 % (total),mass spectrometry,foil",99.9987,Not Specified %,1971
630.83,38.49,0.7698,None kPa,N/A,19871,['C'],A,AC calorimetry,"origin: commercial source,99.9987 % (total),mass spectrometry,foil",99.9987,Not Specified %,1971
630.93,38.53,0.7706,None kPa,N/A,19871,['C'],A,AC calorimetry,"origin: commercial source,99.9987 % (total),mass spectrometry,foil",99.9987,Not Specified %,1971
631.04,38.56,0.7712,None kPa,N/A,19871,['C'],A,AC calorimetry,"origin: commercial source,99.9987 % (total),mass spectrometry,foil",99.9987,Not Specified %,1971
631.15,38.58,0.7716,None kPa,N/A,19871,['C'],A,AC calorimetry,"origin: commercial source,99.9987 % (total),mass spectrometry,foil",99.9987,Not Specified %,1971
631.26,38.58,0.7716,None kPa,N/A,19871,['C'],A,AC calorimetry,"origin: commercial source,99.9987 % (total),mass spectrometry,foil",99.9987,Not Specified %,1971
631.38,38.54,0.7708,None kPa,N/A,19871,['C'],A,AC calorimetry,"origin: commercial source,99.9987 % (total),mass spectrometry,foil",99.9987,Not Specified %,1971
631.46,38.46,0.7692,None kPa,N/A,19871,['C'],A,AC calorimetry,"origin: commercial source,99.9987 % (total),mass spectrometry,foil",99.9987,Not Specified %,1971
631.55,38.35,0.767,None kPa,N/A,19871,['C'],A,AC calorimetry,"origin: commercial source,99.9987 % (total),mass spectrometry,foil",99.9987,Not Specified %,1971
631.64,38.22,0.7644,None kPa,N/A,19871,['C'],A,AC calorimetry,"origin: commercial source,99.9987 % (total),mass spectrometry,foil",99.9987,Not Specified %,1971
631.73,38.05,0.761,None kPa,N/A,19871,['C'],A,AC calorimetry,"origin: commercial source,99.9987 % (total),mass spectrometry,foil",99.9987,Not Specified %,1971
631.81,37.81,0.7562,None kPa,N/A,19871,['C'],A,AC calorimetry,"origin: commercial source,99.9987 % (total),mass spectrometry,foil",99.9987,Not Specified %,1971
631.88,37.6,0.752,None kPa,N/A,19871,['C'],A,AC calorimetry,"origin: commercial source,99.9987 % (total),mass spectrometry,foil",99.9987,Not Specified %,1971
631.93,37.38,0.7476,None kPa,N/A,19871,['C'],A,AC calorimetry,"origin: commercial source,99.9987 % (total),mass spectrometry,foil",99.9987,Not Specified %,1971
631.98,37.18,0.7436,None kPa,N/A,19871,['C'],A,AC calorimetry,"origin: commercial source,99.9987 % (total),mass spectrometry,foil",99.9987,Not Specified %,1971
632.03,36.97,0.7394,None kPa,N/A,19871,['C'],A,AC calorimetry,"origin: commercial source,99.9987 % (total),mass spectrometry,foil",99.9987,Not Specified %,1971
632.08,36.77,0.7354,None kPa,N/A,19871,['C'],A,AC calorimetry,"origin: commercial source,99.9987 % (total),mass spectrometry,foil",99.9987,Not Specified %,1971
632.13,36.56,0.7312,None kPa,N/A,19871,['C'],A,AC calorimetry,"origin: commercial source,99.9987 % (total),mass spectrometry,foil",99.9987,Not Specified %,1971
632.19,36.37,0.7274,None kPa,N/A,19871,['C'],A,AC calorimetry,"origin: commercial source,99.9987 % (total),mass spectrometry,foil",99.9987,Not Specified %,1971
632.24,36.19,0.7238,None kPa,N/A,19871,['C'],A,AC calorimetry,"origin: commercial source,99.9987 % (total),mass spectrometry,foil",99.9987,Not Specified %,1971
632.31,36.02,0.7204,None kPa,N/A,19871,['C'],A,AC calorimetry,"origin: commercial source,99.9987 % (total),mass spectrometry,foil",99.9987,Not Specified %,1971
632.38,35.85,0.717,None kPa,N/A,19871,['C'],A,AC calorimetry,"origin: commercial source,99.9987 % (total),mass spectrometry,foil",99.9987,Not Specified %,1971
632.45,35.72,0.7144,None kPa,N/A,19871,['C'],A,AC calorimetry,"origin: commercial source,99.9987 % (total),mass spectrometry,foil",99.9987,Not Specified %,1971
632.52,35.58,0.7116,None kPa,N/A,19871,['C'],A,AC calorimetry,"origin: commercial source,99.9987 % (total),mass spectrometry,foil",99.9987,Not Specified %,1971
632.6,35.45,0.709,None kPa,N/A,19871,['C'],A,AC calorimetry,"origin: commercial source,99.9987 % (total),mass spectrometry,foil",99.9987,Not Specified %,1971
632.67,35.33,0.7066,None kPa,N/A,19871,['C'],A,AC calorimetry,"origin: commercial source,99.9987 % (total),mass spectrometry,foil",99.9987,Not Specified %,1971
632.75,35.22,0.7044,None kPa,N/A,19871,['C'],A,AC calorimetry,"origin: commercial source,99.9987 % (total),mass spectrometry,foil",99.9987,Not Specified %,1971
632.83,35.1,0.702,None kPa,N/A,19871,['C'],A,AC calorimetry,"origin: commercial source,99.9987 % (total),mass spectrometry,foil",99.9987,Not Specified %,1971
632.91,34.99,0.6998,None kPa,N/A,19871,['C'],A,AC calorimetry,"origin: commercial source,99.9987 % (total),mass spectrometry,foil",99.9987,Not Specified %,1971
633.0,34.88,0.6976,None kPa,N/A,19871,['C'],A,AC calorimetry,"origin: commercial source,99.9987 % (total),mass spectrometry,foil",99.9987,Not Specified %,1971
633.09,34.78,0.6956,None kPa,N/A,19871,['C'],A,AC calorimetry,"origin: commercial source,99.9987 % (total),mass spectrometry,foil",99.9987,Not Specified %,1971
633.18,34.69,0.6938,None kPa,N/A,19871,['C'],A,AC calorimetry,"origin: commercial source,99.9987 % (total),mass spectrometry,foil",99.9987,Not Specified %,1971
633.28,34.61,0.6922,None kPa,N/A,19871,['C'],A,AC calorimetry,"origin: commercial source,99.9987 % (total),mass spectrometry,foil",99.9987,Not Specified %,1971
633.38,34.52,0.6904,None kPa,N/A,19871,['C'],A,AC calorimetry,"origin: commercial source,99.9987 % (total),mass spectrometry,foil",99.9987,Not Specified %,1971
633.49,34.45,0.689,None kPa,N/A,19871,['C'],A,AC calorimetry,"origin: commercial source,99.9987 % (total),mass spectrometry,foil",99.9987,Not Specified %,1971
633.59,34.39,0.6878,None kPa,N/A,19871,['C'],A,AC calorimetry,"origin: commercial source,99.9987 % (total),mass spectrometry,foil",99.9987,Not Specified %,1971
633.69,34.34,0.6868,None kPa,N/A,19871,['C'],A,AC calorimetry,"origin: commercial source,99.9987 % (total),mass spectrometry,foil",99.9987,Not Specified %,1971
633.8,34.29,0.6858,None kPa,N/A,19871,['C'],A,AC calorimetry,"origin: commercial source,99.9987 % (total),mass spectrometry,foil",99.9987,Not Specified %,1971
633.9,34.24,0.6848,None kPa,N/A,19871,['C'],A,AC calorimetry,"origin: commercial source,99.9987 % (total),mass spectrometry,foil",99.9987,Not Specified %,1971
634.0,34.21,0.6842,None kPa,N/A,19871,['C'],A,AC calorimetry,"origin: commercial source,99.9987 % (total),mass spectrometry,foil",99.9987,Not Specified %,1971
634.1,34.16,0.6832,None kPa,N/A,19871,['C'],A,AC calorimetry,"origin: commercial source,99.9987 % (total),mass spectrometry,foil",99.9987,Not Specified %,1971
629.51,37.95,0.759,None kPa,N/A,19871,['C'],A,AC calorimetry,"origin: commercial source,99.9987 % (total),mass spectrometry,foil",99.9987,Not Specified %,1971
629.58,37.97,0.7594,None kPa,N/A,19871,['C'],A,AC calorimetry,"origin: commercial source,99.9987 % (total),mass spectrometry,foil",99.9987,Not Specified %,1971
629.65,37.99,0.7598,None kPa,N/A,19871,['C'],A,AC calorimetry,"origin: commercial source,99.9987 % (total),mass spectrometry,foil",99.9987,Not Specified %,1971
629.73,38.02,0.7604,None kPa,N/A,19871,['C'],A,AC calorimetry,"origin: commercial source,99.9987 % (total),mass spectrometry,foil",99.9987,Not Specified %,1971
629.81,38.04,0.7608,None kPa,N/A,19871,['C'],A,AC calorimetry,"origin: commercial source,99.9987 % (total),mass spectrometry,foil",99.9987,Not Specified %,1971
629.88,38.06,0.7612,None kPa,N/A,19871,['C'],A,AC calorimetry,"origin: commercial source,99.9987 % (total),mass spectrometry,foil",99.9987,Not Specified %,1971
629.98,38.08,0.7616,None kPa,N/A,19871,['C'],A,AC calorimetry,"origin: commercial source,99.9987 % (total),mass spectrometry,foil",99.9987,Not Specified %,1971
630.07,38.11,0.7622,None kPa,N/A,19871,['C'],A,AC calorimetry,"origin: commercial source,99.9987 % (total),mass spectrometry,foil",99.9987,Not Specified %,1971
630.17,38.14,0.7628,None kPa,N/A,19871,['C'],A,AC calorimetry,"origin: commercial source,99.9987 % (total),mass spectrometry,foil",99.9987,Not Specified %,1971
630.27,38.16,0.7632,None kPa,N/A,19871,['C'],A,AC calorimetry,"origin: commercial source,99.9987 % (total),mass spectrometry,foil",99.9987,Not Specified %,1971
630.38,38.19,0.7638,None kPa,N/A,19871,['C'],A,AC calorimetry,"origin: commercial source,99.9987 % (total),mass spectrometry,foil",99.9987,Not Specified %,1971
630.49,38.22,0.7644,None kPa,N/A,19871,['C'],A,AC calorimetry,"origin: commercial source,99.9987 % (total),mass spectrometry,foil",99.9987,Not Specified %,1971
630.62,38.25,0.765,None kPa,N/A,19871,['C'],A,AC calorimetry,"origin: commercial source,99.9987 % (total),mass spectrometry,foil",99.9987,Not Specified %,1971
630.74,38.27,0.7654,None kPa,N/A,19871,['C'],A,AC calorimetry,"origin: commercial source,99.9987 % (total),mass spectrometry,foil",99.9987,Not Specified %,1971
630.86,38.3,0.766,None kPa,N/A,19871,['C'],A,AC calorimetry,"origin: commercial source,99.9987 % (total),mass spectrometry,foil",99.9987,Not Specified %,1971
630.96,38.31,0.7662,None kPa,N/A,19871,['C'],A,AC calorimetry,"origin: commercial source,99.9987 % (total),mass spectrometry,foil",99.9987,Not Specified %,1971
631.09,38.32,0.7664,None kPa,N/A,19871,['C'],A,AC calorimetry,"origin: commercial source,99.9987 % (total),mass spectrometry,foil",99.9987,Not Specified %,1971
631.18,38.33,0.7666,None kPa,N/A,19871,['C'],A,AC calorimetry,"origin: commercial source,99.9987 % (total),mass spectrometry,foil",99.9987,Not Specified %,1971
631.29,38.32,0.7664,None kPa,N/A,19871,['C'],A,AC calorimetry,"origin: commercial source,99.9987 % (total),mass spectrometry,foil",99.9987,Not Specified %,1971
631.39,38.3,0.766,None kPa,N/A,19871,['C'],A,AC calorimetry,"origin: commercial source,99.9987 % (total),mass spectrometry,foil",99.9987,Not Specified %,1971
631.5,38.25,0.765,None kPa,N/A,19871,['C'],A,AC calorimetry,"origin: commercial source,99.9987 % (total),mass spectrometry,foil",99.9987,Not Specified %,1971
631.58,38.18,0.7636,None kPa,N/A,19871,['C'],A,AC calorimetry,"origin: commercial source,99.9987 % (total),mass spectrometry,foil",99.9987,Not Specified %,1971
631.68,38.08,0.7616,None kPa,N/A,19871,['C'],A,AC calorimetry,"origin: commercial source,99.9987 % (total),mass spectrometry,foil",99.9987,Not Specified %,1971
631.74,38.01,0.7602,None kPa,N/A,19871,['C'],A,AC calorimetry,"origin: commercial source,99.9987 % (total),mass spectrometry,foil",99.9987,Not Specified %,1971
631.83,37.88,0.7576,None kPa,N/A,19871,['C'],A,AC calorimetry,"origin: commercial source,99.9987 % (total),mass spectrometry,foil",99.9987,Not Specified %,1971
631.92,37.72,0.7544,None kPa,N/A,19871,['C'],A,AC calorimetry,"origin: commercial source,99.9987 % (total),mass spectrometry,foil",99.9987,Not Specified %,1971
632.0,37.58,0.7516,None kPa,N/A,19871,['C'],A,AC calorimetry,"origin: commercial source,99.9987 % (total),mass spectrometry,foil",99.9987,Not Specified %,1971
632.09,37.4,0.748,None kPa,N/A,19871,['C'],A,AC calorimetry,"origin: commercial source,99.9987 % (total),mass spectrometry,foil",99.9987,Not Specified %,1971
632.17,37.22,0.7444,None kPa,N/A,19871,['C'],A,AC calorimetry,"origin: commercial source,99.9987 % (total),mass spectrometry,foil",99.9987,Not Specified %,1971
632.26,37.03,0.7406,None kPa,N/A,19871,['C'],A,AC calorimetry,"origin: commercial source,99.9987 % (total),mass spectrometry,foil",99.9987,Not Specified %,1971
632.34,36.82,0.7364,None kPa,N/A,19871,['C'],A,AC calorimetry,"origin: commercial source,99.9987 % (total),mass spectrometry,foil",99.9987,Not Specified %,1971
632.42,36.62,0.7324,None kPa,N/A,19871,['C'],A,AC calorimetry,"origin: commercial source,99.9987 % (total),mass spectrometry,foil",99.9987,Not Specified %,1971
632.5,36.4,0.728,None kPa,N/A,19871,['C'],A,AC calorimetry,"origin: commercial source,99.9987 % (total),mass spectrometry,foil",99.9987,Not Specified %,1971
632.57,36.19,0.7238,None kPa,N/A,19871,['C'],A,AC calorimetry,"origin: commercial source,99.9987 % (total),mass spectrometry,foil",99.9987,Not Specified %,1971
632.64,36.0,0.72,None kPa,N/A,19871,['C'],A,AC calorimetry,"origin: commercial source,99.9987 % (total),mass spectrometry,foil",99.9987,Not Specified %,1971
632.72,35.82,0.7164,None kPa,N/A,19871,['C'],A,AC calorimetry,"origin: commercial source,99.9987 % (total),mass spectrometry,foil",99.9987,Not Specified %,1971
632.8,35.63,0.7126,None kPa,N/A,19871,['C'],A,AC calorimetry,"origin: commercial source,99.9987 % (total),mass spectrometry,foil",99.9987,Not Specified %,1971
632.89,35.48,0.7096,None kPa,N/A,19871,['C'],A,AC calorimetry,"origin: commercial source,99.9987 % (total),mass spectrometry,foil",99.9987,Not Specified %,1971
633.0,35.31,0.7062,None kPa,N/A,19871,['C'],A,AC calorimetry,"origin: commercial source,99.9987 % (total),mass spectrometry,foil",99.9987,Not Specified %,1971
633.09,35.19,0.7038,None kPa,N/A,19871,['C'],A,AC calorimetry,"origin: commercial source,99.9987 % (total),mass spectrometry,foil",99.9987,Not Specified %,1971
633.19,35.04,0.7008,None kPa,N/A,19871,['C'],A,AC calorimetry,"origin: commercial source,99.9987 % (total),mass spectrometry,foil",99.9987,Not Specified %,1971
633.3,34.93,0.6986,None kPa,N/A,19871,['C'],A,AC calorimetry,"origin: commercial source,99.9987 % (total),mass spectrometry,foil",99.9987,Not Specified %,1971
633.41,34.84,0.6968,None kPa,N/A,19871,['C'],A,AC calorimetry,"origin: commercial source,99.9987 % (total),mass spectrometry,foil",99.9987,Not Specified %,1971
633.51,34.74,0.6948,None kPa,N/A,19871,['C'],A,AC calorimetry,"origin: commercial source,99.9987 % (total),mass spectrometry,foil",99.9987,Not Specified %,1971
633.62,34.65,0.693,None kPa,N/A,19871,['C'],A,AC calorimetry,"origin: commercial source,99.9987 % (total),mass spectrometry,foil",99.9987,Not Specified %,1971
633.73,34.57,0.6914,None kPa,N/A,19871,['C'],A,AC calorimetry,"origin: commercial source,99.9987 % (total),mass spectrometry,foil",99.9987,Not Specified %,1971
633.83,34.49,0.6898,None kPa,N/A,19871,['C'],A,AC calorimetry,"origin: commercial source,99.9987 % (total),mass spectrometry,foil",99.9987,Not Specified %,1971
633.93,34.41,0.6882,None kPa,N/A,19871,['C'],A,AC calorimetry,"origin: commercial source,99.9987 % (total),mass spectrometry,foil",99.9987,Not Specified %,1971
634.03,34.35,0.687,None kPa,N/A,19871,['C'],A,AC calorimetry,"origin: commercial source,99.9987 % (total),mass spectrometry,foil",99.9987,Not Specified %,1971
634.14,34.27,0.6854,None kPa,N/A,19871,['C'],A,AC calorimetry,"origin: commercial source,99.9987 % (total),mass spectrometry,foil",99.9987,Not Specified %,1971
629.51,37.64,0.7528,None kPa,N/A,19871,['C'],A,AC calorimetry,"origin: commercial source,99.9987 % (total),mass spectrometry,foil",99.9987,Not Specified %,1971
629.58,37.69,0.7538,None kPa,N/A,19871,['C'],A,AC calorimetry,"origin: commercial source,99.9987 % (total),mass spectrometry,foil",99.9987,Not Specified %,1971
629.66,37.72,0.7544,None kPa,N/A,19871,['C'],A,AC calorimetry,"origin: commercial source,99.9987 % (total),mass spectrometry,foil",99.9987,Not Specified %,1971
629.75,37.74,0.7548,None kPa,N/A,19871,['C'],A,AC calorimetry,"origin: commercial source,99.9987 % (total),mass spectrometry,foil",99.9987,Not Specified %,1971
629.84,37.79,0.7558,None kPa,N/A,19871,['C'],A,AC calorimetry,"origin: commercial source,99.9987 % (total),mass spectrometry,foil",99.9987,Not Specified %,1971
629.94,37.81,0.7562,None kPa,N/A,19871,['C'],A,AC calorimetry,"origin: commercial source,99.9987 % (total),mass spectrometry,foil",99.9987,Not Specified %,1971
630.05,37.84,0.7568,None kPa,N/A,19871,['C'],A,AC calorimetry,"origin: commercial source,99.9987 % (total),mass spectrometry,foil",99.9987,Not Specified %,1971
630.17,37.88,0.7576,None kPa,N/A,19871,['C'],A,AC calorimetry,"origin: commercial source,99.9987 % (total),mass spectrometry,foil",99.9987,Not Specified %,1971
630.27,37.89,0.7578,None kPa,N/A,19871,['C'],A,AC calorimetry,"origin: commercial source,99.9987 % (total),mass spectrometry,foil",99.9987,Not Specified %,1971
630.37,37.92,0.7584,None kPa,N/A,19871,['C'],A,AC calorimetry,"origin: commercial source,99.9987 % (total),mass spectrometry,foil",99.9987,Not Specified %,1971
630.48,37.94,0.7588,None kPa,N/A,19871,['C'],A,AC calorimetry,"origin: commercial source,99.9987 % (total),mass spectrometry,foil",99.9987,Not Specified %,1971
630.59,37.95,0.759,None kPa,N/A,19871,['C'],A,AC calorimetry,"origin: commercial source,99.9987 % (total),mass spectrometry,foil",99.9987,Not Specified %,1971
630.7,37.96,0.7592,None kPa,N/A,19871,['C'],A,AC calorimetry,"origin: commercial source,99.9987 % (total),mass spectrometry,foil",99.9987,Not Specified %,1971
630.83,37.98,0.7596,None kPa,N/A,19871,['C'],A,AC calorimetry,"origin: commercial source,99.9987 % (total),mass spectrometry,foil",99.9987,Not Specified %,1971
630.95,37.97,0.7594,None kPa,N/A,19871,['C'],A,AC calorimetry,"origin: commercial source,99.9987 % (total),mass spectrometry,foil",99.9987,Not Specified %,1971
631.07,37.96,0.7592,None kPa,N/A,19871,['C'],A,AC calorimetry,"origin: commercial source,99.9987 % (total),mass spectrometry,foil",99.9987,Not Specified %,1971
631.18,37.95,0.759,None kPa,N/A,19871,['C'],A,AC calorimetry,"origin: commercial source,99.9987 % (total),mass spectrometry,foil",99.9987,Not Specified %,1971
631.28,37.93,0.7586,None kPa,N/A,19871,['C'],A,AC calorimetry,"origin: commercial source,99.9987 % (total),mass spectrometry,foil",99.9987,Not Specified %,1971
631.38,37.92,0.7584,None kPa,N/A,19871,['C'],A,AC calorimetry,"origin: commercial source,99.9987 % (total),mass spectrometry,foil",99.9987,Not Specified %,1971
631.46,37.91,0.7582,None kPa,N/A,19871,['C'],A,AC calorimetry,"origin: commercial source,99.9987 % (total),mass spectrometry,foil",99.9987,Not Specified %,1971
631.57,37.88,0.7576,None kPa,N/A,19871,['C'],A,AC calorimetry,"origin: commercial source,99.9987 % (total),mass spectrometry,foil",99.9987,Not Specified %,1971
631.67,37.84,0.7568,None kPa,N/A,19871,['C'],A,AC calorimetry,"origin: commercial source,99.9987 % (total),mass spectrometry,foil",99.9987,Not Specified %,1971
631.75,37.8,0.756,None kPa,N/A,19871,['C'],A,AC calorimetry,"origin: commercial source,99.9987 % (total),mass spectrometry,foil",99.9987,Not Specified %,1971
631.87,37.71,0.7542,None kPa,N/A,19871,['C'],A,AC calorimetry,"origin: commercial source,99.9987 % (total),mass spectrometry,foil",99.9987,Not Specified %,1971
631.94,37.64,0.7528,None kPa,N/A,19871,['C'],A,AC calorimetry,"origin: commercial source,99.9987 % (total),mass spectrometry,foil",99.9987,Not Specified %,1971
632.02,37.56,0.7512,None kPa,N/A,19871,['C'],A,AC calorimetry,"origin: commercial source,99.9987 % (total),mass spectrometry,foil",99.9987,Not Specified %,1971
632.1,37.46,0.7492,None kPa,N/A,19871,['C'],A,AC calorimetry,"origin: commercial source,99.9987 % (total),mass spectrometry,foil",99.9987,Not Specified %,1971
632.18,37.34,0.7468,None kPa,N/A,19871,['C'],A,AC calorimetry,"origin: commercial source,99.9987 % (total),mass spectrometry,foil",99.9987,Not Specified %,1971
632.26,37.22,0.7444,None kPa,N/A,19871,['C'],A,AC calorimetry,"origin: commercial source,99.9987 % (total),mass spectrometry,foil",99.9987,Not Specified %,1971
632.34,37.11,0.7422,None kPa,N/A,19871,['C'],A,AC calorimetry,"origin: commercial source,99.9987 % (total),mass spectrometry,foil",99.9987,Not Specified %,1971
632.42,36.97,0.7394,None kPa,N/A,19871,['C'],A,AC calorimetry,"origin: commercial source,99.9987 % (total),mass spectrometry,foil",99.9987,Not Specified %,1971
632.5,36.85,0.737,None kPa,N/A,19871,['C'],A,AC calorimetry,"origin: commercial source,99.9987 % (total),mass spectrometry,foil",99.9987,Not Specified %,1971
632.57,36.74,0.7348,None kPa,N/A,19871,['C'],A,AC calorimetry,"origin: commercial source,99.9987 % (total),mass spectrometry,foil",99.9987,Not Specified %,1971
632.65,36.6,0.732,None kPa,N/A,19871,['C'],A,AC calorimetry,"origin: commercial source,99.9987 % (total),mass spectrometry,foil",99.9987,Not Specified %,1971
632.72,36.49,0.7298,None kPa,N/A,19871,['C'],A,AC calorimetry,"origin: commercial source,99.9987 % (total),mass spectrometry,foil",99.9987,Not Specified %,1971
632.8,36.34,0.7268,None kPa,N/A,19871,['C'],A,AC calorimetry,"origin: commercial source,99.9987 % (total),mass spectrometry,foil",99.9987,Not Specified %,1971
632.88,36.2,0.724,None kPa,N/A,19871,['C'],A,AC calorimetry,"origin: commercial source,99.9987 % (total),mass spectrometry,foil",99.9987,Not Specified %,1971
632.96,36.06,0.7212,None kPa,N/A,19871,['C'],A,AC calorimetry,"origin: commercial source,99.9987 % (total),mass spectrometry,foil",99.9987,Not Specified %,1971
633.04,35.93,0.7186,None kPa,N/A,19871,['C'],A,AC calorimetry,"origin: commercial source,99.9987 % (total),mass spectrometry,foil",99.9987,Not Specified %,1971
633.12,35.77,0.7154,None kPa,N/A,19871,['C'],A,AC calorimetry,"origin: commercial source,99.9987 % (total),mass spectrometry,foil",99.9987,Not Specified %,1971
633.22,35.62,0.7124,None kPa,N/A,19871,['C'],A,AC calorimetry,"origin: commercial source,99.9987 % (total),mass spectrometry,foil",99.9987,Not Specified %,1971
633.31,35.48,0.7096,None kPa,N/A,19871,['C'],A,AC calorimetry,"origin: commercial source,99.9987 % (total),mass spectrometry,foil",99.9987,Not Specified %,1971
633.4,35.37,0.7074,None kPa,N/A,19871,['C'],A,AC calorimetry,"origin: commercial source,99.9987 % (total),mass spectrometry,foil",99.9987,Not Specified %,1971
633.49,35.25,0.705,None kPa,N/A,19871,['C'],A,AC calorimetry,"origin: commercial source,99.9987 % (total),mass spectrometry,foil",99.9987,Not Specified %,1971
633.58,35.13,0.7026,None kPa,N/A,19871,['C'],A,AC calorimetry,"origin: commercial source,99.9987 % (total),mass spectrometry,foil",99.9987,Not Specified %,1971
633.66,35.03,0.7006,None kPa,N/A,19871,['C'],A,AC calorimetry,"origin: commercial source,99.9987 % (total),mass spectrometry,foil",99.9987,Not Specified %,1971
633.74,34.93,0.6986,None kPa,N/A,19871,['C'],A,AC calorimetry,"origin: commercial source,99.9987 % (total),mass spectrometry,foil",99.9987,Not Specified %,1971
633.84,34.81,0.6962,None kPa,N/A,19871,['C'],A,AC calorimetry,"origin: commercial source,99.9987 % (total),mass spectrometry,foil",99.9987,Not Specified %,1971
633.93,34.7,0.694,None kPa,N/A,19871,['C'],A,AC calorimetry,"origin: commercial source,99.9987 % (total),mass spectrometry,foil",99.9987,Not Specified %,1971
634.01,34.61,0.6922,None kPa,N/A,19871,['C'],A,AC calorimetry,"origin: commercial source,99.9987 % (total),mass spectrometry,foil",99.9987,Not Specified %,1971
634.09,34.52,0.6904,None kPa,N/A,19871,['C'],A,AC calorimetry,"origin: commercial source,99.9987 % (total),mass spectrometry,foil",99.9987,Not Specified %,1971
1.0,0.0070562,2.11686e-05,None kPa,N/A,22003,['C'],A,Vacuum adiabatic calorimetry,"origin: commercial source,99.998 % (total),stated by supplier",99.998,Not Specified %,1975
1.25,0.0088359,2.65077e-05,None kPa,N/A,22003,['C'],A,Vacuum adiabatic calorimetry,"origin: commercial source,99.998 % (total),stated by supplier",99.998,Not Specified %,1975
1.5,0.010626,3.1878e-05,None kPa,N/A,22003,['C'],A,Vacuum adiabatic calorimetry,"origin: commercial source,99.998 % (total),stated by supplier",99.998,Not Specified %,1975
1.75,0.012428,3.7284e-05,None kPa,N/A,22003,['C'],A,Vacuum adiabatic calorimetry,"origin: commercial source,99.998 % (total),stated by supplier",99.998,Not Specified %,1975
2.0,0.014246,4.2738e-05,None kPa,N/A,22003,['C'],A,Vacuum adiabatic calorimetry,"origin: commercial source,99.998 % (total),stated by supplier",99.998,Not Specified %,1975
2.25,0.016079,4.8237e-05,None kPa,N/A,22003,['C'],A,Vacuum adiabatic calorimetry,"origin: commercial source,99.998 % (total),stated by supplier",99.998,Not Specified %,1975
2.5,0.017932,5.3796e-05,None kPa,N/A,22003,['C'],A,Vacuum adiabatic calorimetry,"origin: commercial source,99.998 % (total),stated by supplier",99.998,Not Specified %,1975
2.75,0.019805,5.9415e-05,None kPa,N/A,22003,['C'],A,Vacuum adiabatic calorimetry,"origin: commercial source,99.998 % (total),stated by supplier",99.998,Not Specified %,1975
3.0,0.021701,6.5103e-05,None kPa,N/A,22003,['C'],A,Vacuum adiabatic calorimetry,"origin: commercial source,99.998 % (total),stated by supplier",99.998,Not Specified %,1975
3.25,0.023623,7.0869e-05,None kPa,N/A,22003,['C'],A,Vacuum adiabatic calorimetry,"origin: commercial source,99.998 % (total),stated by supplier",99.998,Not Specified %,1975
3.5,0.025571,7.6713e-05,None kPa,N/A,22003,['C'],A,Vacuum adiabatic calorimetry,"origin: commercial source,99.998 % (total),stated by supplier",99.998,Not Specified %,1975
3.75,0.027548,8.2644e-05,None kPa,N/A,22003,['C'],A,Vacuum adiabatic calorimetry,"origin: commercial source,99.998 % (total),stated by supplier",99.998,Not Specified %,1975
4.0,0.029557,8.8671e-05,None kPa,N/A,22003,['C'],A,Vacuum adiabatic calorimetry,"origin: commercial source,99.998 % (total),stated by supplier",99.998,Not Specified %,1975
1.274,0.0090089,2.70267e-05,None kPa,N/A,22004,['C'],A,Vacuum adiabatic calorimetry,"origin: commercial source,99.998 % (total),stated by supplier",99.998,Not Specified %,1975
1.605,0.011374,3.4122e-05,None kPa,N/A,22004,['C'],A,Vacuum adiabatic calorimetry,"origin: commercial source,99.998 % (total),stated by supplier",99.998,Not Specified %,1975
1.882,0.013385,4.0155e-05,None kPa,N/A,22004,['C'],A,Vacuum adiabatic calorimetry,"origin: commercial source,99.998 % (total),stated by supplier",99.998,Not Specified %,1975
2.147,0.015321,4.5963e-05,None kPa,N/A,22004,['C'],A,Vacuum adiabatic calorimetry,"origin: commercial source,99.998 % (total),stated by supplier",99.998,Not Specified %,1975
2.386,0.017084,5.1252e-05,None kPa,N/A,22004,['C'],A,Vacuum adiabatic calorimetry,"origin: commercial source,99.998 % (total),stated by supplier",99.998,Not Specified %,1975
2.583,0.018522,5.5566e-05,None kPa,N/A,22004,['C'],A,Vacuum adiabatic calorimetry,"origin: commercial source,99.998 % (total),stated by supplier",99.998,Not Specified %,1975
2.775,0.019961,5.9883e-05,None kPa,N/A,22004,['C'],A,Vacuum adiabatic calorimetry,"origin: commercial source,99.998 % (total),stated by supplier",99.998,Not Specified %,1975
2.964,0.021405,6.4215e-05,None kPa,N/A,22004,['C'],A,Vacuum adiabatic calorimetry,"origin: commercial source,99.998 % (total),stated by supplier",99.998,Not Specified %,1975
3.141,0.022757,6.8271e-05,None kPa,N/A,22004,['C'],A,Vacuum adiabatic calorimetry,"origin: commercial source,99.998 % (total),stated by supplier",99.998,Not Specified %,1975
3.298,0.023965,7.1895e-05,None kPa,N/A,22004,['C'],A,Vacuum adiabatic calorimetry,"origin: commercial source,99.998 % (total),stated by supplier",99.998,Not Specified %,1975
3.482,0.025362,7.6086e-05,None kPa,N/A,22004,['C'],A,Vacuum adiabatic calorimetry,"origin: commercial source,99.998 % (total),stated by supplier",99.998,Not Specified %,1975
3.664,0.026795,8.0385e-05,None kPa,N/A,22004,['C'],A,Vacuum adiabatic calorimetry,"origin: commercial source,99.998 % (total),stated by supplier",99.998,Not Specified %,1975
3.815,0.027946,8.3838e-05,None kPa,N/A,22004,['C'],A,Vacuum adiabatic calorimetry,"origin: commercial source,99.998 % (total),stated by supplier",99.998,Not Specified %,1975
3.955,0.029028,8.7084e-05,None kPa,N/A,22004,['C'],A,Vacuum adiabatic calorimetry,"origin: commercial source,99.998 % (total),stated by supplier",99.998,Not Specified %,1975
4.11,0.030247,9.0741e-05,None kPa,N/A,22004,['C'],A,Vacuum adiabatic calorimetry,"origin: commercial source,99.998 % (total),stated by supplier",99.998,Not Specified %,1975
1.2,0.0084921,3.43e-05,0.133322 kPa,N/A,15244,['C'],A,Low temperature calorimetry set up,19036,99.998,Not Specified %,1965
1.3,0.0092063,3.73e-05,None kPa,N/A,15244,['C'],A,Low temperature calorimetry set up,19036,99.998,Not Specified %,1965
1.4,0.0099218,4.05e-05,None kPa,N/A,15244,['C'],A,Low temperature calorimetry set up,19036,99.998,Not Specified %,1965
1.5,0.010639,4.38e-05,None kPa,N/A,15244,['C'],A,Low temperature calorimetry set up,19036,99.998,Not Specified %,1965
1.6,0.0113578,4.72e-05,None kPa,N/A,15244,['C'],A,Low temperature calorimetry set up,19036,99.998,Not Specified %,1965
1.7,0.0120784,5.07e-05,None kPa,N/A,15244,['C'],A,Low temperature calorimetry set up,19036,99.998,Not Specified %,1965
1.8,0.0128009,5.44e-05,None kPa,N/A,15244,['C'],A,Low temperature calorimetry set up,19036,99.998,Not Specified %,1965
1.9,0.0135254,5.82e-05,None kPa,N/A,15244,['C'],A,Low temperature calorimetry set up,19036,99.998,Not Specified %,1965
2.0,0.014252,6.21e-05,None kPa,N/A,15244,['C'],A,Low temperature calorimetry set up,19036,99.998,Not Specified %,1965
2.1,0.0149808,6.62e-05,None kPa,N/A,15244,['C'],A,Low temperature calorimetry set up,19036,99.998,Not Specified %,1965
2.2,0.0157119,7.04e-05,None kPa,N/A,15244,['C'],A,Low temperature calorimetry set up,19036,99.998,Not Specified %,1965
2.3,0.0164454,7.47e-05,None kPa,N/A,15244,['C'],A,Low temperature calorimetry set up,19036,99.998,Not Specified %,1965
2.4,0.0171814,7.92e-05,None kPa,N/A,15244,['C'],A,Low temperature calorimetry set up,19036,99.998,Not Specified %,1965
2.5,0.0179201,8.38e-05,None kPa,N/A,15244,['C'],A,Low temperature calorimetry set up,19036,99.998,Not Specified %,1965
2.6,0.0186615,8.86e-05,None kPa,N/A,15244,['C'],A,Low temperature calorimetry set up,19036,99.998,Not Specified %,1965
2.7,0.0194057,9.34e-05,None kPa,N/A,15244,['C'],A,Low temperature calorimetry set up,19036,99.998,Not Specified %,1965
2.8,0.0201529,9.85e-05,None kPa,N/A,15244,['C'],A,Low temperature calorimetry set up,19036,99.998,Not Specified %,1965
2.9,0.0209031,0.0001036,None kPa,N/A,15244,['C'],A,Low temperature calorimetry set up,19036,99.998,Not Specified %,1965
3.0,0.0216565,0.0001089,None kPa,N/A,15244,['C'],A,Low temperature calorimetry set up,19036,99.998,Not Specified %,1965
3.1,0.0224131,0.0001144,None kPa,N/A,15244,['C'],A,Low temperature calorimetry set up,19036,99.998,Not Specified %,1965
3.2,0.0231731,0.00012,None kPa,N/A,15244,['C'],A,Low temperature calorimetry set up,19036,99.998,Not Specified %,1965
3.3,0.0239366,0.0001257,None kPa,N/A,15244,['C'],A,Low temperature calorimetry set up,19036,99.998,Not Specified %,1965
3.4,0.0247037,0.0001316,None kPa,N/A,15244,['C'],A,Low temperature calorimetry set up,19036,99.998,Not Specified %,1965
3.5,0.0254744,0.0001377,None kPa,N/A,15244,['C'],A,Low temperature calorimetry set up,19036,99.998,Not Specified %,1965
3.6,0.026249,0.0001439,None kPa,N/A,15244,['C'],A,Low temperature calorimetry set up,19036,99.998,Not Specified %,1965
3.7,0.0270274,0.0001503,None kPa,N/A,15244,['C'],A,Low temperature calorimetry set up,19036,99.998,Not Specified %,1965
3.8,0.0278099,0.0001568,None kPa,N/A,15244,['C'],A,Low temperature calorimetry set up,19036,99.998,Not Specified %,1965
3.9,0.0285965,0.0001635,None kPa,N/A,15244,['C'],A,Low temperature calorimetry set up,19036,99.998,Not Specified %,1965
4.0,0.0293873,0.0001704,None kPa,N/A,15244,['C'],A,Low temperature calorimetry set up,19036,99.998,Not Specified %,1965
4.1,0.0301824,0.0001774,None kPa,N/A,15244,['C'],A,Low temperature calorimetry set up,19036,99.998,Not Specified %,1965
4.2,0.030982,0.0001846,None kPa,N/A,15244,['C'],A,Low temperature calorimetry set up,19036,99.998,Not Specified %,1965
4.3,0.0317861,0.000192,None kPa,N/A,15244,['C'],A,Low temperature calorimetry set up,19036,99.998,Not Specified %,1965
4.4,0.0325948,0.0001996,None kPa,N/A,15244,['C'],A,Low temperature calorimetry set up,19036,99.998,Not Specified %,1965
4.5,0.0334083,0.0002074,None kPa,N/A,15244,['C'],A,Low temperature calorimetry set up,19036,99.998,Not Specified %,1965
1.39,0.009886,0.0004943,101.325 kPa,N/A,15245,['C'],A,Low temperature calorimetry set up,19036,99.998,Not Specified %,1965
1.427,0.010158,0.0005079,None kPa,N/A,15245,['C'],A,Low temperature calorimetry set up,19036,99.998,Not Specified %,1965
1.516,0.010821,0.00054105,None kPa,N/A,15245,['C'],A,Low temperature calorimetry set up,19036,99.998,Not Specified %,1965
1.55,0.01106,0.000553,None kPa,N/A,15245,['C'],A,Low temperature calorimetry set up,19036,99.998,Not Specified %,1965
1.608,0.011503,0.00057515,None kPa,N/A,15245,['C'],A,Low temperature calorimetry set up,19036,99.998,Not Specified %,1965
1.612,0.011516,0.0005758,None kPa,N/A,15245,['C'],A,Low temperature calorimetry set up,19036,99.998,Not Specified %,1965
1.665,0.011907,0.00059535,None kPa,N/A,15245,['C'],A,Low temperature calorimetry set up,19036,99.998,Not Specified %,1965
1.719,0.012301,0.00061505,None kPa,N/A,15245,['C'],A,Low temperature calorimetry set up,19036,99.998,Not Specified %,1965
1.762,0.01263,0.0006315,None kPa,N/A,15245,['C'],A,Low temperature calorimetry set up,19036,99.998,Not Specified %,1965
1.781,0.012783,0.00063915,None kPa,N/A,15245,['C'],A,Low temperature calorimetry set up,19036,99.998,Not Specified %,1965
1.82,0.013056,0.0006528,None kPa,N/A,15245,['C'],A,Low temperature calorimetry set up,19036,99.998,Not Specified %,1965
1.851,0.013299,0.00066495,None kPa,N/A,15245,['C'],A,Low temperature calorimetry set up,19036,99.998,Not Specified %,1965
1.881,0.01353,0.0006765,None kPa,N/A,15245,['C'],A,Low temperature calorimetry set up,19036,99.998,Not Specified %,1965
1.924,0.013835,0.00069175,None kPa,N/A,15245,['C'],A,Low temperature calorimetry set up,19036,99.998,Not Specified %,1965
1.954,0.014057,0.00070285,None kPa,N/A,15245,['C'],A,Low temperature calorimetry set up,19036,99.998,Not Specified %,1965
1.991,0.014351,0.00071755,None kPa,N/A,15245,['C'],A,Low temperature calorimetry set up,19036,99.998,Not Specified %,1965
1.995,0.014361,0.00071805,None kPa,N/A,15245,['C'],A,Low temperature calorimetry set up,19036,99.998,Not Specified %,1965
2.012,0.01449,0.0007245,None kPa,N/A,15245,['C'],A,Low temperature calorimetry set up,19036,99.998,Not Specified %,1965
2.06,0.014854,0.0007427,None kPa,N/A,15245,['C'],A,Low temperature calorimetry set up,19036,99.998,Not Specified %,1965
2.093,0.015116,0.0007558,None kPa,N/A,15245,['C'],A,Low temperature calorimetry set up,19036,99.998,Not Specified %,1965
2.139,0.015464,0.0007732,None kPa,N/A,15245,['C'],A,Low temperature calorimetry set up,19036,99.998,Not Specified %,1965
2.166,0.015658,0.0007829,None kPa,N/A,15245,['C'],A,Low temperature calorimetry set up,19036,99.998,Not Specified %,1965
2.219,0.016047,0.00080235,None kPa,N/A,15245,['C'],A,Low temperature calorimetry set up,19036,99.998,Not Specified %,1965
2.249,0.016297,0.00081485,None kPa,N/A,15245,['C'],A,Low temperature calorimetry set up,19036,99.998,Not Specified %,1965
2.29,0.016591,0.00082955,None kPa,N/A,15245,['C'],A,Low temperature calorimetry set up,19036,99.998,Not Specified %,1965
2.33,0.016915,0.00084575,None kPa,N/A,15245,['C'],A,Low temperature calorimetry set up,19036,99.998,Not Specified %,1965
2.355,0.017071,0.00085355,None kPa,N/A,15245,['C'],A,Low temperature calorimetry set up,19036,99.998,Not Specified %,1965
2.393,0.017377,0.00086885,None kPa,N/A,15245,['C'],A,Low temperature calorimetry set up,19036,99.998,Not Specified %,1965
2.426,0.017658,0.0008829,None kPa,N/A,15245,['C'],A,Low temperature calorimetry set up,19036,99.998,Not Specified %,1965
2.478,0.018039,0.00090195,None kPa,N/A,15245,['C'],A,Low temperature calorimetry set up,19036,99.998,Not Specified %,1965
2.515,0.018311,0.00091555,None kPa,N/A,15245,['C'],A,Low temperature calorimetry set up,19036,99.998,Not Specified %,1965
2.547,0.018578,0.0009289,None kPa,N/A,15245,['C'],A,Low temperature calorimetry set up,19036,99.998,Not Specified %,1965
2.592,0.018915,0.00094575,None kPa,N/A,15245,['C'],A,Low temperature calorimetry set up,19036,99.998,Not Specified %,1965
2.638,0.019268,0.0009634,None kPa,N/A,15245,['C'],A,Low temperature calorimetry set up,19036,99.998,Not Specified %,1965
2.658,0.019428,0.0009714,None kPa,N/A,15245,['C'],A,Low temperature calorimetry set up,19036,99.998,Not Specified %,1965
2.709,0.019816,0.0009908,None kPa,N/A,15245,['C'],A,Low temperature calorimetry set up,19036,99.998,Not Specified %,1965
2.739,0.020046,0.0010023,None kPa,N/A,15245,['C'],A,Low temperature calorimetry set up,19036,99.998,Not Specified %,1965
2.78,0.02039,0.0010195,None kPa,N/A,15245,['C'],A,Low temperature calorimetry set up,19036,99.998,Not Specified %,1965
2.83,0.020769,0.00103845,None kPa,N/A,15245,['C'],A,Low temperature calorimetry set up,19036,99.998,Not Specified %,1965
2.87,0.021088,0.0010544,None kPa,N/A,15245,['C'],A,Low temperature calorimetry set up,19036,99.998,Not Specified %,1965
2.894,0.021285,0.00106425,None kPa,N/A,15245,['C'],A,Low temperature calorimetry set up,19036,99.998,Not Specified %,1965
2.943,0.0217,0.001085,None kPa,N/A,15245,['C'],A,Low temperature calorimetry set up,19036,99.998,Not Specified %,1965
2.98,0.021955,0.00109775,None kPa,N/A,15245,['C'],A,Low temperature calorimetry set up,19036,99.998,Not Specified %,1965
3.034,0.022416,0.0011208,None kPa,N/A,15245,['C'],A,Low temperature calorimetry set up,19036,99.998,Not Specified %,1965
3.124,0.023092,0.0011546,None kPa,N/A,15245,['C'],A,Low temperature calorimetry set up,19036,99.998,Not Specified %,1965
3.184,0.023602,0.0011801,None kPa,N/A,15245,['C'],A,Low temperature calorimetry set up,19036,99.998,Not Specified %,1965
3.24,0.024026,0.0012013,None kPa,N/A,15245,['C'],A,Low temperature calorimetry set up,19036,99.998,Not Specified %,1965
3.271,0.024299,0.00121495,None kPa,N/A,15245,['C'],A,Low temperature calorimetry set up,19036,99.998,Not Specified %,1965
3.317,0.024691,0.00123455,None kPa,N/A,15245,['C'],A,Low temperature calorimetry set up,19036,99.998,Not Specified %,1965
3.365,0.025068,0.0012534,None kPa,N/A,15245,['C'],A,Low temperature calorimetry set up,19036,99.998,Not Specified %,1965
3.406,0.025387,0.00126935,None kPa,N/A,15245,['C'],A,Low temperature calorimetry set up,19036,99.998,Not Specified %,1965
3.446,0.025771,0.00128855,None kPa,N/A,15245,['C'],A,Low temperature calorimetry set up,19036,99.998,Not Specified %,1965
3.494,0.02614,0.001307,None kPa,N/A,15245,['C'],A,Low temperature calorimetry set up,19036,99.998,Not Specified %,1965
3.542,0.026529,0.00132645,None kPa,N/A,15245,['C'],A,Low temperature calorimetry set up,19036,99.998,Not Specified %,1965
3.577,0.026855,0.00134275,None kPa,N/A,15245,['C'],A,Low temperature calorimetry set up,19036,99.998,Not Specified %,1965
3.628,0.027292,0.0013646,None kPa,N/A,15245,['C'],A,Low temperature calorimetry set up,19036,99.998,Not Specified %,1965
3.678,0.027716,0.0013858,None kPa,N/A,15245,['C'],A,Low temperature calorimetry set up,19036,99.998,Not Specified %,1965
3.706,0.028006,0.0014003,None kPa,N/A,15245,['C'],A,Low temperature calorimetry set up,19036,99.998,Not Specified %,1965
3.747,0.028278,0.0014139,None kPa,N/A,15245,['C'],A,Low temperature calorimetry set up,19036,99.998,Not Specified %,1965
3.799,0.028729,0.00143645,None kPa,N/A,15245,['C'],A,Low temperature calorimetry set up,19036,99.998,Not Specified %,1965
3.841,0.02907,0.0014535,None kPa,N/A,15245,['C'],A,Low temperature calorimetry set up,19036,99.998,Not Specified %,1965
3.875,0.029441,0.00147205,None kPa,N/A,15245,['C'],A,Low temperature calorimetry set up,19036,99.998,Not Specified %,1965
3.91,0.029719,0.00148595,None kPa,N/A,15245,['C'],A,Low temperature calorimetry set up,19036,99.998,Not Specified %,1965
3.953,0.030119,0.00150595,None kPa,N/A,15245,['C'],A,Low temperature calorimetry set up,19036,99.998,Not Specified %,1965
3.999,0.030484,0.0015242,None kPa,N/A,15245,['C'],A,Low temperature calorimetry set up,19036,99.998,Not Specified %,1965
4.033,0.030848,0.0015424,None kPa,N/A,15245,['C'],A,Low temperature calorimetry set up,19036,99.998,Not Specified %,1965
4.059,0.031016,0.0015508,None kPa,N/A,15245,['C'],A,Low temperature calorimetry set up,19036,99.998,Not Specified %,1965
4.113,0.031481,0.00157405,None kPa,N/A,15245,['C'],A,Low temperature calorimetry set up,19036,99.998,Not Specified %,1965
4.139,0.031693,0.00158465,None kPa,N/A,15245,['C'],A,Low temperature calorimetry set up,19036,99.998,Not Specified %,1965
1600.0,37.3,1.119,101.325 kPa,N/A,16642,['C'],A,Vacuum adiabatic calorimetry,"origin: commercial source,99.98 weight % (total),stated by supplier,chunk",99.98,Weight %,1966
1700.0,38.3,1.149,None kPa,N/A,16642,['C'],A,Vacuum adiabatic calorimetry,"origin: commercial source,99.98 weight % (total),stated by supplier,chunk",99.98,Weight %,1966
303.7,26.35,0.527,107.991 kPa,N/A,17756,['C'],A,Adiabatic High Temp Calorimetry,not stated,,,1968
331.2,27.11,0.5422,None kPa,N/A,17756,['C'],A,Adiabatic High Temp Calorimetry,not stated,,,1968
358.0,27.84,0.5568,None kPa,N/A,17756,['C'],A,Adiabatic High Temp Calorimetry,not stated,,,1968
386.0,28.59,0.5718,None kPa,N/A,17756,['C'],A,Adiabatic High Temp Calorimetry,not stated,,,1968
417.9,29.4,0.588,None kPa,N/A,17756,['C'],A,Adiabatic High Temp Calorimetry,not stated,,,1968
450.5,30.19,0.6038,None kPa,N/A,17756,['C'],A,Adiabatic High Temp Calorimetry,not stated,,,1968
486.3,31.05,0.621,None kPa,N/A,17756,['C'],A,Adiabatic High Temp Calorimetry,not stated,,,1968
520.1,31.83,0.6366,None kPa,N/A,17756,['C'],A,Adiabatic High Temp Calorimetry,not stated,,,1968
545.6,32.51,0.6502,None kPa,N/A,17756,['C'],A,Adiabatic High Temp Calorimetry,not stated,,,1968
571.7,33.51,0.6702,None kPa,N/A,17756,['C'],A,Adiabatic High Temp Calorimetry,not stated,,,1968
590.1,34.42,0.6884,None kPa,N/A,17756,['C'],A,Adiabatic High Temp Calorimetry,not stated,,,1968
604.5,35.41,0.7082,None kPa,N/A,17756,['C'],A,Adiabatic High Temp Calorimetry,not stated,,,1968
614.5,36.38,0.7276,None kPa,N/A,17756,['C'],A,Adiabatic High Temp Calorimetry,not stated,,,1968
623.2,37.49,0.7498,None kPa,N/A,17756,['C'],A,Adiabatic High Temp Calorimetry,not stated,,,1968
628.1,38.3,0.766,None kPa,N/A,17756,['C'],A,Adiabatic High Temp Calorimetry,not stated,,,1968
631.0,39.4,0.788,None kPa,N/A,17756,['C'],A,Adiabatic High Temp Calorimetry,not stated,,,1968
633.9,38.07,0.7614,None kPa,N/A,17756,['C'],A,Adiabatic High Temp Calorimetry,not stated,,,1968
634.3,37.06,0.7412,None kPa,N/A,17756,['C'],A,Adiabatic High Temp Calorimetry,not stated,,,1968
635.2,36.06,0.7212,None kPa,N/A,17756,['C'],A,Adiabatic High Temp Calorimetry,not stated,,,1968
637.5,34.99,0.6998,None kPa,N/A,17756,['C'],A,Adiabatic High Temp Calorimetry,not stated,,,1968
641.7,34.01,0.6802,None kPa,N/A,17756,['C'],A,Adiabatic High Temp Calorimetry,not stated,,,1968
647.1,33.09,0.6618,None kPa,N/A,17756,['C'],A,Adiabatic High Temp Calorimetry,not stated,,,1968
655.8,32.12,0.6424,None kPa,N/A,17756,['C'],A,Adiabatic High Temp Calorimetry,not stated,,,1968
667.6,31.39,0.6278,None kPa,N/A,17756,['C'],A,Adiabatic High Temp Calorimetry,not stated,,,1968
687.7,30.93,0.6186,None kPa,N/A,17756,['C'],A,Adiabatic High Temp Calorimetry,not stated,,,1968
724.4,30.71,0.6142,None kPa,N/A,17756,['C'],A,Adiabatic High Temp Calorimetry,not stated,,,1968
760.5,30.78,0.6156,None kPa,N/A,17756,['C'],A,Adiabatic High Temp Calorimetry,not stated,,,1968
802.2,30.98,0.6196,None kPa,N/A,17756,['C'],A,Adiabatic High Temp Calorimetry,not stated,,,1968
841.4,31.18,0.6236,None kPa,N/A,17756,['C'],A,Adiabatic High Temp Calorimetry,not stated,,,1968
881.2,31.4,0.628,None kPa,N/A,17756,['C'],A,Adiabatic High Temp Calorimetry,not stated,,,1968
922.3,31.64,0.6328,None kPa,N/A,17756,['C'],A,Adiabatic High Temp Calorimetry,not stated,,,1968
969.9,31.94,0.6388,None kPa,N/A,17756,['C'],A,Adiabatic High Temp Calorimetry,not stated,,,1968
1021.0,32.28,0.6456,None kPa,N/A,17756,['C'],A,Adiabatic High Temp Calorimetry,not stated,,,1968
1062.0,32.57,0.6514,None kPa,N/A,17756,['C'],A,Adiabatic High Temp Calorimetry,not stated,,,1968
1102.0,32.86,0.6572,None kPa,N/A,17756,['C'],A,Adiabatic High Temp Calorimetry,not stated,,,1968
1141.0,33.16,0.6632,None kPa,N/A,17756,['C'],A,Adiabatic High Temp Calorimetry,not stated,,,1968
1178.0,33.45,0.669,None kPa,N/A,17756,['C'],A,Adiabatic High Temp Calorimetry,not stated,,,1968
1220.0,33.8,0.676,None kPa,N/A,17756,['C'],A,Adiabatic High Temp Calorimetry,not stated,,,1968
1267.0,34.21,0.6842,None kPa,N/A,17756,['C'],A,Adiabatic High Temp Calorimetry,not stated,,,1968
1318.0,34.61,0.6922,None kPa,N/A,17756,['C'],A,Adiabatic High Temp Calorimetry,not stated,,,1968
1367.0,35.04,0.7008,None kPa,N/A,17756,['C'],A,Adiabatic High Temp Calorimetry,not stated,,,1968
1420.0,35.54,0.7108,None kPa,N/A,17756,['C'],A,Adiabatic High Temp Calorimetry,not stated,,,1968
1465.0,35.93,0.7186,None kPa,N/A,17756,['C'],A,Adiabatic High Temp Calorimetry,not stated,,,1968
1512.0,36.37,0.7274,None kPa,N/A,17756,['C'],A,Adiabatic High Temp Calorimetry,not stated,,,1968
1560.0,36.83,0.7366,None kPa,N/A,17756,['C'],A,Adiabatic High Temp Calorimetry,not stated,,,1968
1603.0,37.22,0.7444,None kPa,N/A,17756,['C'],A,Adiabatic High Temp Calorimetry,not stated,,,1968
1644.0,37.63,0.7526,None kPa,N/A,17756,['C'],A,Adiabatic High Temp Calorimetry,not stated,,,1968
1682.0,37.99,0.7598,None kPa,N/A,17756,['C'],A,Adiabatic High Temp Calorimetry,not stated,,,1968
1720.0,38.33,0.7666,None kPa,N/A,17756,['C'],A,Adiabatic High Temp Calorimetry,not stated,,,1968
1.0,0.0070562,2.11686e-05,None kPa,N/A,22003,['C'],A,Vacuum adiabatic calorimetry,"origin: commercial source,99.998 % (total),stated by supplier",99.998,Not Specified %,1975
1.25,0.0088359,2.65077e-05,None kPa,N/A,22003,['C'],A,Vacuum adiabatic calorimetry,"origin: commercial source,99.998 % (total),stated by supplier",99.998,Not Specified %,1975
1.5,0.010626,3.1878e-05,None kPa,N/A,22003,['C'],A,Vacuum adiabatic calorimetry,"origin: commercial source,99.998 % (total),stated by supplier",99.998,Not Specified %,1975
1.75,0.012428,3.7284e-05,None kPa,N/A,22003,['C'],A,Vacuum adiabatic calorimetry,"origin: commercial source,99.998 % (total),stated by supplier",99.998,Not Specified %,1975
2.0,0.014246,4.2738e-05,None kPa,N/A,22003,['C'],A,Vacuum adiabatic calorimetry,"origin: commercial source,99.998 % (total),stated by supplier",99.998,Not Specified %,1975
2.25,0.016079,4.8237e-05,None kPa,N/A,22003,['C'],A,Vacuum adiabatic calorimetry,"origin: commercial source,99.998 % (total),stated by supplier",99.998,Not Specified %,1975
2.5,0.017932,5.3796e-05,None kPa,N/A,22003,['C'],A,Vacuum adiabatic calorimetry,"origin: commercial source,99.998 % (total),stated by supplier",99.998,Not Specified %,1975
2.75,0.019805,5.9415e-05,None kPa,N/A,22003,['C'],A,Vacuum adiabatic calorimetry,"origin: commercial source,99.998 % (total),stated by supplier",99.998,Not Specified %,1975
3.0,0.021701,6.5103e-05,None kPa,N/A,22003,['C'],A,Vacuum adiabatic calorimetry,"origin: commercial source,99.998 % (total),stated by supplier",99.998,Not Specified %,1975
3.25,0.023623,7.0869e-05,None kPa,N/A,22003,['C'],A,Vacuum adiabatic calorimetry,"origin: commercial source,99.998 % (total),stated by supplier",99.998,Not Specified %,1975
3.5,0.025571,7.6713e-05,None kPa,N/A,22003,['C'],A,Vacuum adiabatic calorimetry,"origin: commercial source,99.998 % (total),stated by supplier",99.998,Not Specified %,1975
3.75,0.027548,8.2644e-05,None kPa,N/A,22003,['C'],A,Vacuum adiabatic calorimetry,"origin: commercial source,99.998 % (total),stated by supplier",99.998,Not Specified %,1975
4.0,0.029557,8.8671e-05,None kPa,N/A,22003,['C'],A,Vacuum adiabatic calorimetry,"origin: commercial source,99.998 % (total),stated by supplier",99.998,Not Specified %,1975
1.274,0.0090089,2.70267e-05,None kPa,N/A,22004,['C'],A,Vacuum adiabatic calorimetry,"origin: commercial source,99.998 % (total),stated by supplier",99.998,Not Specified %,1975
1.605,0.011374,3.4122e-05,None kPa,N/A,22004,['C'],A,Vacuum adiabatic calorimetry,"origin: commercial source,99.998 % (total),stated by supplier",99.998,Not Specified %,1975
1.882,0.013385,4.0155e-05,None kPa,N/A,22004,['C'],A,Vacuum adiabatic calorimetry,"origin: commercial source,99.998 % (total),stated by supplier",99.998,Not Specified %,1975
2.147,0.015321,4.5963e-05,None kPa,N/A,22004,['C'],A,Vacuum adiabatic calorimetry,"origin: commercial source,99.998 % (total),stated by supplier",99.998,Not Specified %,1975
2.386,0.017084,5.1252e-05,None kPa,N/A,22004,['C'],A,Vacuum adiabatic calorimetry,"origin: commercial source,99.998 % (total),stated by supplier",99.998,Not Specified %,1975
2.583,0.018522,5.5566e-05,None kPa,N/A,22004,['C'],A,Vacuum adiabatic calorimetry,"origin: commercial source,99.998 % (total),stated by supplier",99.998,Not Specified %,1975
2.775,0.019961,5.9883e-05,None kPa,N/A,22004,['C'],A,Vacuum adiabatic calorimetry,"origin: commercial source,99.998 % (total),stated by supplier",99.998,Not Specified %,1975
2.964,0.021405,6.4215e-05,None kPa,N/A,22004,['C'],A,Vacuum adiabatic calorimetry,"origin: commercial source,99.998 % (total),stated by supplier",99.998,Not Specified %,1975
3.141,0.022757,6.8271e-05,None kPa,N/A,22004,['C'],A,Vacuum adiabatic calorimetry,"origin: commercial source,99.998 % (total),stated by supplier",99.998,Not Specified %,1975
3.298,0.023965,7.1895e-05,None kPa,N/A,22004,['C'],A,Vacuum adiabatic calorimetry,"origin: commercial source,99.998 % (total),stated by supplier",99.998,Not Specified %,1975
3.482,0.025362,7.6086e-05,None kPa,N/A,22004,['C'],A,Vacuum adiabatic calorimetry,"origin: commercial source,99.998 % (total),stated by supplier",99.998,Not Specified %,1975
3.664,0.026795,8.0385e-05,None kPa,N/A,22004,['C'],A,Vacuum adiabatic calorimetry,"origin: commercial source,99.998 % (total),stated by supplier",99.998,Not Specified %,1975
3.815,0.027946,8.3838e-05,None kPa,N/A,22004,['C'],A,Vacuum adiabatic calorimetry,"origin: commercial source,99.998 % (total),stated by supplier",99.998,Not Specified %,1975
3.955,0.029028,8.7084e-05,None kPa,N/A,22004,['C'],A,Vacuum adiabatic calorimetry,"origin: commercial source,99.998 % (total),stated by supplier",99.998,Not Specified %,1975
4.11,0.030247,9.0741e-05,None kPa,N/A,22004,['C'],A,Vacuum adiabatic calorimetry,"origin: commercial source,99.998 % (total),stated by supplier",99.998,Not Specified %,1975
623.02,37.593,0.37593,None kPa,N/A,23244,['C'],A,AC calorimetry,"not stated,99.994 % (total),spectroscopy,rod",99.994,Not Specified %,1978
623.06,37.594,0.37594,None kPa,N/A,23244,['C'],A,AC calorimetry,"not stated,99.994 % (total),spectroscopy,rod",99.994,Not Specified %,1978
623.11,37.611,0.37611,None kPa,N/A,23244,['C'],A,AC calorimetry,"not stated,99.994 % (total),spectroscopy,rod",99.994,Not Specified %,1978
623.16,37.629,0.37629,None kPa,N/A,23244,['C'],A,AC calorimetry,"not stated,99.994 % (total),spectroscopy,rod",99.994,Not Specified %,1978
623.2,37.645,0.37645,None kPa,N/A,23244,['C'],A,AC calorimetry,"not stated,99.994 % (total),spectroscopy,rod",99.994,Not Specified %,1978
623.26,37.676,0.37676,None kPa,N/A,23244,['C'],A,AC calorimetry,"not stated,99.994 % (total),spectroscopy,rod",99.994,Not Specified %,1978
623.31,37.673,0.37673,None kPa,N/A,23244,['C'],A,AC calorimetry,"not stated,99.994 % (total),spectroscopy,rod",99.994,Not Specified %,1978
623.37,37.748,0.37748,None kPa,N/A,23244,['C'],A,AC calorimetry,"not stated,99.994 % (total),spectroscopy,rod",99.994,Not Specified %,1978
623.41,37.769,0.37769,None kPa,N/A,23244,['C'],A,AC calorimetry,"not stated,99.994 % (total),spectroscopy,rod",99.994,Not Specified %,1978
623.45,37.789,0.37789,None kPa,N/A,23244,['C'],A,AC calorimetry,"not stated,99.994 % (total),spectroscopy,rod",99.994,Not Specified %,1978
623.51,37.814,0.37814,None kPa,N/A,23244,['C'],A,AC calorimetry,"not stated,99.994 % (total),spectroscopy,rod",99.994,Not Specified %,1978
623.54,37.826,0.37826,None kPa,N/A,23244,['C'],A,AC calorimetry,"not stated,99.994 % (total),spectroscopy,rod",99.994,Not Specified %,1978
623.6,37.86,0.3786,None kPa,N/A,23244,['C'],A,AC calorimetry,"not stated,99.994 % (total),spectroscopy,rod",99.994,Not Specified %,1978
623.65,37.894,0.37894,None kPa,N/A,23244,['C'],A,AC calorimetry,"not stated,99.994 % (total),spectroscopy,rod",99.994,Not Specified %,1978
623.69,37.923,0.37923,None kPa,N/A,23244,['C'],A,AC calorimetry,"not stated,99.994 % (total),spectroscopy,rod",99.994,Not Specified %,1978
623.74,37.944,0.37944,None kPa,N/A,23244,['C'],A,AC calorimetry,"not stated,99.994 % (total),spectroscopy,rod",99.994,Not Specified %,1978
623.81,38.009,0.38009,None kPa,N/A,23244,['C'],A,AC calorimetry,"not stated,99.994 % (total),spectroscopy,rod",99.994,Not Specified %,1978
623.87,38.025,0.38025,None kPa,N/A,23244,['C'],A,AC calorimetry,"not stated,99.994 % (total),spectroscopy,rod",99.994,Not Specified %,1978
623.94,38.081,0.38081,None kPa,N/A,23244,['C'],A,AC calorimetry,"not stated,99.994 % (total),spectroscopy,rod",99.994,Not Specified %,1978
624.0,38.124,0.38124,None kPa,N/A,23244,['C'],A,AC calorimetry,"not stated,99.994 % (total),spectroscopy,rod",99.994,Not Specified %,1978
624.04,38.148,0.38148,None kPa,N/A,23244,['C'],A,AC calorimetry,"not stated,99.994 % (total),spectroscopy,rod",99.994,Not Specified %,1978
624.1,38.222,0.38222,None kPa,N/A,23244,['C'],A,AC calorimetry,"not stated,99.994 % (total),spectroscopy,rod",99.994,Not Specified %,1978
624.15,38.238,0.38238,None kPa,N/A,23244,['C'],A,AC calorimetry,"not stated,99.994 % (total),spectroscopy,rod",99.994,Not Specified %,1978
624.21,38.292,0.38292,None kPa,N/A,23244,['C'],A,AC calorimetry,"not stated,99.994 % (total),spectroscopy,rod",99.994,Not Specified %,1978
624.28,38.372,0.38372,None kPa,N/A,23244,['C'],A,AC calorimetry,"not stated,99.994 % (total),spectroscopy,rod",99.994,Not Specified %,1978
624.35,38.435,0.38435,None kPa,N/A,23244,['C'],A,AC calorimetry,"not stated,99.994 % (total),spectroscopy,rod",99.994,Not Specified %,1978
624.4,38.486,0.38486,None kPa,N/A,23244,['C'],A,AC calorimetry,"not stated,99.994 % (total),spectroscopy,rod",99.994,Not Specified %,1978
624.45,38.526,0.38526,None kPa,N/A,23244,['C'],A,AC calorimetry,"not stated,99.994 % (total),spectroscopy,rod",99.994,Not Specified %,1978
624.51,38.603,0.38603,None kPa,N/A,23244,['C'],A,AC calorimetry,"not stated,99.994 % (total),spectroscopy,rod",99.994,Not Specified %,1978
624.55,38.655,0.38655,None kPa,N/A,23244,['C'],A,AC calorimetry,"not stated,99.994 % (total),spectroscopy,rod",99.994,Not Specified %,1978
624.6,38.693,0.38693,None kPa,N/A,23244,['C'],A,AC calorimetry,"not stated,99.994 % (total),spectroscopy,rod",99.994,Not Specified %,1978
624.65,38.744,0.38744,None kPa,N/A,23244,['C'],A,AC calorimetry,"not stated,99.994 % (total),spectroscopy,rod",99.994,Not Specified %,1978
624.7,38.78,0.3878,None kPa,N/A,23244,['C'],A,AC calorimetry,"not stated,99.994 % (total),spectroscopy,rod",99.994,Not Specified %,1978
624.75,38.817,0.38817,None kPa,N/A,23244,['C'],A,AC calorimetry,"not stated,99.994 % (total),spectroscopy,rod",99.994,Not Specified %,1978
624.78,38.854,0.38854,None kPa,N/A,23244,['C'],A,AC calorimetry,"not stated,99.994 % (total),spectroscopy,rod",99.994,Not Specified %,1978
624.83,38.889,0.38889,None kPa,N/A,23244,['C'],A,AC calorimetry,"not stated,99.994 % (total),spectroscopy,rod",99.994,Not Specified %,1978
624.88,38.919,0.38919,None kPa,N/A,23244,['C'],A,AC calorimetry,"not stated,99.994 % (total),spectroscopy,rod",99.994,Not Specified %,1978
624.92,38.974,0.38974,None kPa,N/A,23244,['C'],A,AC calorimetry,"not stated,99.994 % (total),spectroscopy,rod",99.994,Not Specified %,1978
624.97,39.032,0.39032,None kPa,N/A,23244,['C'],A,AC calorimetry,"not stated,99.994 % (total),spectroscopy,rod",99.994,Not Specified %,1978
625.01,39.075,0.39075,None kPa,N/A,23244,['C'],A,AC calorimetry,"not stated,99.994 % (total),spectroscopy,rod",99.994,Not Specified %,1978
625.06,39.137,0.39137,None kPa,N/A,23244,['C'],A,AC calorimetry,"not stated,99.994 % (total),spectroscopy,rod",99.994,Not Specified %,1978
625.1,39.205,0.39205,None kPa,N/A,23244,['C'],A,AC calorimetry,"not stated,99.994 % (total),spectroscopy,rod",99.994,Not Specified %,1978
625.14,39.249,0.39249,None kPa,N/A,23244,['C'],A,AC calorimetry,"not stated,99.994 % (total),spectroscopy,rod",99.994,Not Specified %,1978
625.18,39.311,0.39311,None kPa,N/A,23244,['C'],A,AC calorimetry,"not stated,99.994 % (total),spectroscopy,rod",99.994,Not Specified %,1978
625.22,39.367,0.39367,None kPa,N/A,23244,['C'],A,AC calorimetry,"not stated,99.994 % (total),spectroscopy,rod",99.994,Not Specified %,1978
625.25,39.336,0.39336,None kPa,N/A,23244,['C'],A,AC calorimetry,"not stated,99.994 % (total),spectroscopy,rod",99.994,Not Specified %,1978
625.29,39.305,0.39305,None kPa,N/A,23244,['C'],A,AC calorimetry,"not stated,99.994 % (total),spectroscopy,rod",99.994,Not Specified %,1978
625.33,39.232,0.39232,None kPa,N/A,23244,['C'],A,AC calorimetry,"not stated,99.994 % (total),spectroscopy,rod",99.994,Not Specified %,1978
625.38,39.136,0.39136,None kPa,N/A,23244,['C'],A,AC calorimetry,"not stated,99.994 % (total),spectroscopy,rod",99.994,Not Specified %,1978
625.4,39.002,0.39002,None kPa,N/A,23244,['C'],A,AC calorimetry,"not stated,99.994 % (total),spectroscopy,rod",99.994,Not Specified %,1978
625.43,38.864,0.38864,None kPa,N/A,23244,['C'],A,AC calorimetry,"not stated,99.994 % (total),spectroscopy,rod",99.994,Not Specified %,1978
625.47,38.716,0.38716,None kPa,N/A,23244,['C'],A,AC calorimetry,"not stated,99.994 % (total),spectroscopy,rod",99.994,Not Specified %,1978
625.52,38.472,0.38472,None kPa,N/A,23244,['C'],A,AC calorimetry,"not stated,99.994 % (total),spectroscopy,rod",99.994,Not Specified %,1978
625.57,38.179,0.38179,None kPa,N/A,23244,['C'],A,AC calorimetry,"not stated,99.994 % (total),spectroscopy,rod",99.994,Not Specified %,1978
625.63,37.895,0.37895,None kPa,N/A,23244,['C'],A,AC calorimetry,"not stated,99.994 % (total),spectroscopy,rod",99.994,Not Specified %,1978
625.69,37.681,0.37681,None kPa,N/A,23244,['C'],A,AC calorimetry,"not stated,99.994 % (total),spectroscopy,rod",99.994,Not Specified %,1978
625.73,37.496,0.37496,None kPa,N/A,23244,['C'],A,AC calorimetry,"not stated,99.994 % (total),spectroscopy,rod",99.994,Not Specified %,1978
625.79,37.326,0.37326,None kPa,N/A,23244,['C'],A,AC calorimetry,"not stated,99.994 % (total),spectroscopy,rod",99.994,Not Specified %,1978
625.83,37.168,0.37168,None kPa,N/A,23244,['C'],A,AC calorimetry,"not stated,99.994 % (total),spectroscopy,rod",99.994,Not Specified %,1978
625.88,37.012,0.37012,None kPa,N/A,23244,['C'],A,AC calorimetry,"not stated,99.994 % (total),spectroscopy,rod",99.994,Not Specified %,1978
625.92,36.836,0.36836,None kPa,N/A,23244,['C'],A,AC calorimetry,"not stated,99.994 % (total),spectroscopy,rod",99.994,Not Specified %,1978
625.99,36.707,0.36707,None kPa,N/A,23244,['C'],A,AC calorimetry,"not stated,99.994 % (total),spectroscopy,rod",99.994,Not Specified %,1978
626.04,36.593,0.36593,None kPa,N/A,23244,['C'],A,AC calorimetry,"not stated,99.994 % (total),spectroscopy,rod",99.994,Not Specified %,1978
626.1,36.482,0.36482,None kPa,N/A,23244,['C'],A,AC calorimetry,"not stated,99.994 % (total),spectroscopy,rod",99.994,Not Specified %,1978
626.15,36.368,0.36368,None kPa,N/A,23244,['C'],A,AC calorimetry,"not stated,99.994 % (total),spectroscopy,rod",99.994,Not Specified %,1978
626.21,36.274,0.36274,None kPa,N/A,23244,['C'],A,AC calorimetry,"not stated,99.994 % (total),spectroscopy,rod",99.994,Not Specified %,1978
626.28,36.166,0.36166,None kPa,N/A,23244,['C'],A,AC calorimetry,"not stated,99.994 % (total),spectroscopy,rod",99.994,Not Specified %,1978
626.33,36.092,0.36092,None kPa,N/A,23244,['C'],A,AC calorimetry,"not stated,99.994 % (total),spectroscopy,rod",99.994,Not Specified %,1978
626.37,36.03,0.3603,None kPa,N/A,23244,['C'],A,AC calorimetry,"not stated,99.994 % (total),spectroscopy,rod",99.994,Not Specified %,1978
626.42,35.968,0.35968,None kPa,N/A,23244,['C'],A,AC calorimetry,"not stated,99.994 % (total),spectroscopy,rod",99.994,Not Specified %,1978
626.47,35.891,0.35891,None kPa,N/A,23244,['C'],A,AC calorimetry,"not stated,99.994 % (total),spectroscopy,rod",99.994,Not Specified %,1978
626.52,35.834,0.35834,None kPa,N/A,23244,['C'],A,AC calorimetry,"not stated,99.994 % (total),spectroscopy,rod",99.994,Not Specified %,1978
626.58,35.772,0.35772,None kPa,N/A,23244,['C'],A,AC calorimetry,"not stated,99.994 % (total),spectroscopy,rod",99.994,Not Specified %,1978
626.63,35.703,0.35703,None kPa,N/A,23244,['C'],A,AC calorimetry,"not stated,99.994 % (total),spectroscopy,rod",99.994,Not Specified %,1978
626.71,35.594,0.35594,None kPa,N/A,23244,['C'],A,AC calorimetry,"not stated,99.994 % (total),spectroscopy,rod",99.994,Not Specified %,1978
626.75,35.55,0.3555,None kPa,N/A,23244,['C'],A,AC calorimetry,"not stated,99.994 % (total),spectroscopy,rod",99.994,Not Specified %,1978
626.8,35.496,0.35496,None kPa,N/A,23244,['C'],A,AC calorimetry,"not stated,99.994 % (total),spectroscopy,rod",99.994,Not Specified %,1978
626.85,35.449,0.35449,None kPa,N/A,23244,['C'],A,AC calorimetry,"not stated,99.994 % (total),spectroscopy,rod",99.994,Not Specified %,1978
626.89,35.404,0.35404,None kPa,N/A,23244,['C'],A,AC calorimetry,"not stated,99.994 % (total),spectroscopy,rod",99.994,Not Specified %,1978
626.94,35.354,0.35354,None kPa,N/A,23244,['C'],A,AC calorimetry,"not stated,99.994 % (total),spectroscopy,rod",99.994,Not Specified %,1978
626.99,35.294,0.35294,None kPa,N/A,23244,['C'],A,AC calorimetry,"not stated,99.994 % (total),spectroscopy,rod",99.994,Not Specified %,1978
627.05,35.247,0.35247,None kPa,N/A,23244,['C'],A,AC calorimetry,"not stated,99.994 % (total),spectroscopy,rod",99.994,Not Specified %,1978
627.11,35.182,0.35182,None kPa,N/A,23244,['C'],A,AC calorimetry,"not stated,99.994 % (total),spectroscopy,rod",99.994,Not Specified %,1978
627.17,35.144,0.35144,None kPa,N/A,23244,['C'],A,AC calorimetry,"not stated,99.994 % (total),spectroscopy,rod",99.994,Not Specified %,1978
627.21,35.091,0.35091,None kPa,N/A,23244,['C'],A,AC calorimetry,"not stated,99.994 % (total),spectroscopy,rod",99.994,Not Specified %,1978
627.26,35.066,0.35066,None kPa,N/A,23244,['C'],A,AC calorimetry,"not stated,99.994 % (total),spectroscopy,rod",99.994,Not Specified %,1978
627.33,34.994,0.34994,None kPa,N/A,23244,['C'],A,AC calorimetry,"not stated,99.994 % (total),spectroscopy,rod",99.994,Not Specified %,1978
627.37,34.958,0.34958,None kPa,N/A,23244,['C'],A,AC calorimetry,"not stated,99.994 % (total),spectroscopy,rod",99.994,Not Specified %,1978
627.43,34.901,0.34901,None kPa,N/A,23244,['C'],A,AC calorimetry,"not stated,99.994 % (total),spectroscopy,rod",99.994,Not Specified %,1978
622.998,38.0618,1.52247,None kPa,N/A,23426,['C'],A,AC calorimetry,"not stated,99.7 weight % (total),estimated by the compiler,rod",99.7,Weight %,1979
623.195,38.1419,1.52568,None kPa,N/A,23426,['C'],A,AC calorimetry,"not stated,99.7 weight % (total),estimated by the compiler,rod",99.7,Weight %,1979
623.424,38.2184,1.52874,None kPa,N/A,23426,['C'],A,AC calorimetry,"not stated,99.7 weight % (total),estimated by the compiler,rod",99.7,Weight %,1979
623.647,38.2894,1.53158,None kPa,N/A,23426,['C'],A,AC calorimetry,"not stated,99.7 weight % (total),estimated by the compiler,rod",99.7,Weight %,1979
623.965,38.4042,1.53617,None kPa,N/A,23426,['C'],A,AC calorimetry,"not stated,99.7 weight % (total),estimated by the compiler,rod",99.7,Weight %,1979
624.28,38.5061,1.54024,None kPa,N/A,23426,['C'],A,AC calorimetry,"not stated,99.7 weight % (total),estimated by the compiler,rod",99.7,Weight %,1979
624.515,38.6045,1.54418,None kPa,N/A,23426,['C'],A,AC calorimetry,"not stated,99.7 weight % (total),estimated by the compiler,rod",99.7,Weight %,1979
624.688,38.6664,1.54666,None kPa,N/A,23426,['C'],A,AC calorimetry,"not stated,99.7 weight % (total),estimated by the compiler,rod",99.7,Weight %,1979
624.861,38.742,1.54968,None kPa,N/A,23426,['C'],A,AC calorimetry,"not stated,99.7 weight % (total),estimated by the compiler,rod",99.7,Weight %,1979
624.973,38.8049,1.5522,None kPa,N/A,23426,['C'],A,AC calorimetry,"not stated,99.7 weight % (total),estimated by the compiler,rod",99.7,Weight %,1979
625.099,38.886,1.55544,None kPa,N/A,23426,['C'],A,AC calorimetry,"not stated,99.7 weight % (total),estimated by the compiler,rod",99.7,Weight %,1979
625.206,38.9324,1.5573,None kPa,N/A,23426,['C'],A,AC calorimetry,"not stated,99.7 weight % (total),estimated by the compiler,rod",99.7,Weight %,1979
625.31,38.9032,1.55613,None kPa,N/A,23426,['C'],A,AC calorimetry,"not stated,99.7 weight % (total),estimated by the compiler,rod",99.7,Weight %,1979
625.415,38.7865,1.55146,None kPa,N/A,23426,['C'],A,AC calorimetry,"not stated,99.7 weight % (total),estimated by the compiler,rod",99.7,Weight %,1979
625.52,38.5439,1.54176,None kPa,N/A,23426,['C'],A,AC calorimetry,"not stated,99.7 weight % (total),estimated by the compiler,rod",99.7,Weight %,1979
625.542,38.4381,1.53752,None kPa,N/A,23426,['C'],A,AC calorimetry,"not stated,99.7 weight % (total),estimated by the compiler,rod",99.7,Weight %,1979
625.598,38.2429,1.52972,None kPa,N/A,23426,['C'],A,AC calorimetry,"not stated,99.7 weight % (total),estimated by the compiler,rod",99.7,Weight %,1979
625.726,37.7141,1.50856,None kPa,N/A,23426,['C'],A,AC calorimetry,"not stated,99.7 weight % (total),estimated by the compiler,rod",99.7,Weight %,1979
625.833,37.3183,1.49273,None kPa,N/A,23426,['C'],A,AC calorimetry,"not stated,99.7 weight % (total),estimated by the compiler,rod",99.7,Weight %,1979
625.942,37.052,1.48208,None kPa,N/A,23426,['C'],A,AC calorimetry,"not stated,99.7 weight % (total),estimated by the compiler,rod",99.7,Weight %,1979
626.022,36.8678,1.47471,None kPa,N/A,23426,['C'],A,AC calorimetry,"not stated,99.7 weight % (total),estimated by the compiler,rod",99.7,Weight %,1979
626.112,36.7164,1.46866,None kPa,N/A,23426,['C'],A,AC calorimetry,"not stated,99.7 weight % (total),estimated by the compiler,rod",99.7,Weight %,1979
626.213,36.5832,1.46333,None kPa,N/A,23426,['C'],A,AC calorimetry,"not stated,99.7 weight % (total),estimated by the compiler,rod",99.7,Weight %,1979
626.362,36.4336,1.45734,None kPa,N/A,23426,['C'],A,AC calorimetry,"not stated,99.7 weight % (total),estimated by the compiler,rod",99.7,Weight %,1979
626.527,36.3424,1.4537,None kPa,N/A,23426,['C'],A,AC calorimetry,"not stated,99.7 weight % (total),estimated by the compiler,rod",99.7,Weight %,1979
623.007,37.8065,1.51226,None kPa,N/A,23427,['C'],A,AC calorimetry,"not stated,99.99 mole % (total),chemical analysis",99.99,Mole %,1979
623.221,37.8684,1.51474,None kPa,N/A,23427,['C'],A,AC calorimetry,"not stated,99.99 mole % (total),chemical analysis",99.99,Mole %,1979
623.554,37.9521,1.51808,None kPa,N/A,23427,['C'],A,AC calorimetry,"not stated,99.99 mole % (total),chemical analysis",99.99,Mole %,1979
623.882,38.0541,1.52216,None kPa,N/A,23427,['C'],A,AC calorimetry,"not stated,99.99 mole % (total),chemical analysis",99.99,Mole %,1979
624.186,38.1342,1.52537,None kPa,N/A,23427,['C'],A,AC calorimetry,"not stated,99.99 mole % (total),chemical analysis",99.99,Mole %,1979
624.426,38.1979,1.52792,None kPa,N/A,23427,['C'],A,AC calorimetry,"not stated,99.99 mole % (total),chemical analysis",99.99,Mole %,1979
624.621,38.2689,1.53076,None kPa,N/A,23427,['C'],A,AC calorimetry,"not stated,99.99 mole % (total),chemical analysis",99.99,Mole %,1979
624.8,38.3308,1.53323,None kPa,N/A,23427,['C'],A,AC calorimetry,"not stated,99.99 mole % (total),chemical analysis",99.99,Mole %,1979
624.954,38.3928,1.53571,None kPa,N/A,23427,['C'],A,AC calorimetry,"not stated,99.99 mole % (total),chemical analysis",99.99,Mole %,1979
625.112,38.4328,1.53731,None kPa,N/A,23427,['C'],A,AC calorimetry,"not stated,99.99 mole % (total),chemical analysis",99.99,Mole %,1979
625.321,38.4072,1.53629,None kPa,N/A,23427,['C'],A,AC calorimetry,"not stated,99.99 mole % (total),chemical analysis",99.99,Mole %,1979
625.494,38.3123,1.53249,None kPa,N/A,23427,['C'],A,AC calorimetry,"not stated,99.99 mole % (total),chemical analysis",99.99,Mole %,1979
625.608,38.1189,1.52476,None kPa,N/A,23427,['C'],A,AC calorimetry,"not stated,99.99 mole % (total),chemical analysis",99.99,Mole %,1979
625.687,37.8308,1.51323,None kPa,N/A,23427,['C'],A,AC calorimetry,"not stated,99.99 mole % (total),chemical analysis",99.99,Mole %,1979
625.757,37.3894,1.49558,None kPa,N/A,23427,['C'],A,AC calorimetry,"not stated,99.99 mole % (total),chemical analysis",99.99,Mole %,1979
625.79,37.0831,1.48332,None kPa,N/A,23427,['C'],A,AC calorimetry,"not stated,99.99 mole % (total),chemical analysis",99.99,Mole %,1979
625.841,36.7019,1.46808,None kPa,N/A,23427,['C'],A,AC calorimetry,"not stated,99.99 mole % (total),chemical analysis",99.99,Mole %,1979
625.902,36.339,1.45356,None kPa,N/A,23427,['C'],A,AC calorimetry,"not stated,99.99 mole % (total),chemical analysis",99.99,Mole %,1979
625.984,35.9952,1.43981,None kPa,N/A,23427,['C'],A,AC calorimetry,"not stated,99.99 mole % (total),chemical analysis",99.99,Mole %,1979
626.08,35.6952,1.42781,None kPa,N/A,23427,['C'],A,AC calorimetry,"not stated,99.99 mole % (total),chemical analysis",99.99,Mole %,1979
626.184,35.4544,1.41818,None kPa,N/A,23427,['C'],A,AC calorimetry,"not stated,99.99 mole % (total),chemical analysis",99.99,Mole %,1979
626.34,35.2009,1.40804,None kPa,N/A,23427,['C'],A,AC calorimetry,"not stated,99.99 mole % (total),chemical analysis",99.99,Mole %,1979
626.529,35.0112,1.40045,None kPa,N/A,23427,['C'],A,AC calorimetry,"not stated,99.99 mole % (total),chemical analysis",99.99,Mole %,1979
626.781,34.825,1.393,None kPa,N/A,23427,['C'],A,AC calorimetry,"not stated,99.99 mole % (total),chemical analysis",99.99,Mole %,1979
623.004,37.5986,1.50394,None kPa,N/A,23428,['C'],A,AC calorimetry,"not stated,99.99 mole % (total),chemical analysis",99.99,Mole %,1979
623.368,37.8081,1.51232,None kPa,N/A,23428,['C'],A,AC calorimetry,"not stated,99.99 mole % (total),chemical analysis",99.99,Mole %,1979
623.653,37.9812,1.51925,None kPa,N/A,23428,['C'],A,AC calorimetry,"not stated,99.99 mole % (total),chemical analysis",99.99,Mole %,1979
623.936,38.1762,1.52705,None kPa,N/A,23428,['C'],A,AC calorimetry,"not stated,99.99 mole % (total),chemical analysis",99.99,Mole %,1979
624.146,38.3311,1.53324,None kPa,N/A,23428,['C'],A,AC calorimetry,"not stated,99.99 mole % (total),chemical analysis",99.99,Mole %,1979
624.529,38.672,1.54688,None kPa,N/A,23428,['C'],A,AC calorimetry,"not stated,99.99 mole % (total),chemical analysis",99.99,Mole %,1979
624.867,39.0274,1.5611,None kPa,N/A,23428,['C'],A,AC calorimetry,"not stated,99.99 mole % (total),chemical analysis",99.99,Mole %,1979
625.011,39.2134,1.56854,None kPa,N/A,23428,['C'],A,AC calorimetry,"not stated,99.99 mole % (total),chemical analysis",99.99,Mole %,1979
625.118,39.3592,1.57437,None kPa,N/A,23428,['C'],A,AC calorimetry,"not stated,99.99 mole % (total),chemical analysis",99.99,Mole %,1979
625.2,39.4704,1.57882,None kPa,N/A,23428,['C'],A,AC calorimetry,"not stated,99.99 mole % (total),chemical analysis",99.99,Mole %,1979
625.245,39.5087,1.58035,None kPa,N/A,23428,['C'],A,AC calorimetry,"not stated,99.99 mole % (total),chemical analysis",99.99,Mole %,1979
625.293,39.4868,1.57947,None kPa,N/A,23428,['C'],A,AC calorimetry,"not stated,99.99 mole % (total),chemical analysis",99.99,Mole %,1979
625.379,39.2369,1.56948,None kPa,N/A,23428,['C'],A,AC calorimetry,"not stated,99.99 mole % (total),chemical analysis",99.99,Mole %,1979
625.443,38.9597,1.55839,None kPa,N/A,23428,['C'],A,AC calorimetry,"not stated,99.99 mole % (total),chemical analysis",99.99,Mole %,1979
625.521,38.604,1.54416,None kPa,N/A,23428,['C'],A,AC calorimetry,"not stated,99.99 mole % (total),chemical analysis",99.99,Mole %,1979
625.69,37.8326,1.5133,None kPa,N/A,23428,['C'],A,AC calorimetry,"not stated,99.99 mole % (total),chemical analysis",99.99,Mole %,1979
625.847,37.2399,1.4896,None kPa,N/A,23428,['C'],A,AC calorimetry,"not stated,99.99 mole % (total),chemical analysis",99.99,Mole %,1979
625.968,36.9225,1.4769,None kPa,N/A,23428,['C'],A,AC calorimetry,"not stated,99.99 mole % (total),chemical analysis",99.99,Mole %,1979
626.157,36.5103,1.46041,None kPa,N/A,23428,['C'],A,AC calorimetry,"not stated,99.99 mole % (total),chemical analysis",99.99,Mole %,1979
626.3,36.2695,1.45078,None kPa,N/A,23428,['C'],A,AC calorimetry,"not stated,99.99 mole % (total),chemical analysis",99.99,Mole %,1979
626.461,36.0251,1.441,None kPa,N/A,23428,['C'],A,AC calorimetry,"not stated,99.99 mole % (total),chemical analysis",99.99,Mole %,1979
626.697,35.7022,1.42809,None kPa,N/A,23428,['C'],A,AC calorimetry,"not stated,99.99 mole % (total),chemical analysis",99.99,Mole %,1979
627.001,35.3757,1.41503,None kPa,N/A,23428,['C'],A,AC calorimetry,"not stated,99.99 mole % (total),chemical analysis",99.99,Mole %,1979
627.253,35.1567,1.40627,None kPa,N/A,23428,['C'],A,AC calorimetry,"not stated,99.99 mole % (total),chemical analysis",99.99,Mole %,1979
627.481,34.9815,1.39926,None kPa,N/A,23428,['C'],A,AC calorimetry,"not stated,99.99 mole % (total),chemical analysis",99.99,Mole %,1979
370.0,27.67,0.22,7.33273e-06 kPa,N/A,23893,['C'],A,Vacuum adiabatic calorimetry,"not stated,99.96 % (total),,wire",99.96,Not Specified %,1981
378.0,27.67,0.22,None kPa,N/A,23893,['C'],A,Vacuum adiabatic calorimetry,"not stated,99.96 % (total),,wire",99.96,Not Specified %,1981
384.0,27.75,0.22,None kPa,N/A,23893,['C'],A,Vacuum adiabatic calorimetry,"not stated,99.96 % (total),,wire",99.96,Not Specified %,1981
391.0,28.36,0.23,None kPa,N/A,23893,['C'],A,Vacuum adiabatic calorimetry,"not stated,99.96 % (total),,wire",99.96,Not Specified %,1981
398.0,28.15,0.23,None kPa,N/A,23893,['C'],A,Vacuum adiabatic calorimetry,"not stated,99.96 % (total),,wire",99.96,Not Specified %,1981
405.0,28.56,0.23,None kPa,N/A,23893,['C'],A,Vacuum adiabatic calorimetry,"not stated,99.96 % (total),,wire",99.96,Not Specified %,1981
412.0,28.56,0.23,None kPa,N/A,23893,['C'],A,Vacuum adiabatic calorimetry,"not stated,99.96 % (total),,wire",99.96,Not Specified %,1981
489.0,30.38,0.24,None kPa,N/A,23893,['C'],A,Vacuum adiabatic calorimetry,"not stated,99.96 % (total),,wire",99.96,Not Specified %,1981
502.0,30.9,0.25,None kPa,N/A,23893,['C'],A,Vacuum adiabatic calorimetry,"not stated,99.96 % (total),,wire",99.96,Not Specified %,1981
516.0,31.41,0.26,None kPa,N/A,23893,['C'],A,Vacuum adiabatic calorimetry,"not stated,99.96 % (total),,wire",99.96,Not Specified %,1981
530.0,31.89,0.26,None kPa,N/A,23893,['C'],A,Vacuum adiabatic calorimetry,"not stated,99.96 % (total),,wire",99.96,Not Specified %,1981
545.0,32.65,0.27,None kPa,N/A,23893,['C'],A,Vacuum adiabatic calorimetry,"not stated,99.96 % (total),,wire",99.96,Not Specified %,1981
552.0,32.9,0.28,None kPa,N/A,23893,['C'],A,Vacuum adiabatic calorimetry,"not stated,99.96 % (total),,wire",99.96,Not Specified %,1981
587.0,33.67,0.29,None kPa,N/A,23893,['C'],A,Vacuum adiabatic calorimetry,"not stated,99.96 % (total),,wire",99.96,Not Specified %,1981
594.0,34.16,0.3,None kPa,N/A,23893,['C'],A,Vacuum adiabatic calorimetry,"not stated,99.96 % (total),,wire",99.96,Not Specified %,1981
601.0,34.9,0.31,None kPa,N/A,23893,['C'],A,Vacuum adiabatic calorimetry,"not stated,99.96 % (total),,wire",99.96,Not Specified %,1981
608.0,35.39,0.32,None kPa,N/A,23893,['C'],A,Vacuum adiabatic calorimetry,"not stated,99.96 % (total),,wire",99.96,Not Specified %,1981
615.0,36.12,0.33,None kPa,N/A,23893,['C'],A,Vacuum adiabatic calorimetry,"not stated,99.96 % (total),,wire",99.96,Not Specified %,1981
622.0,36.86,0.33,None kPa,N/A,23893,['C'],A,Vacuum adiabatic calorimetry,"not stated,99.96 % (total),,wire",99.96,Not Specified %,1981
628.0,37.35,0.34,None kPa,N/A,23893,['C'],A,Vacuum adiabatic calorimetry,"not stated,99.96 % (total),,wire",99.96,Not Specified %,1981
635.0,34.06,0.31,None kPa,N/A,23893,['C'],A,Vacuum adiabatic calorimetry,"not stated,99.96 % (total),,wire",99.96,Not Specified %,1981
642.0,32.41,0.3,None kPa,N/A,23893,['C'],A,Vacuum adiabatic calorimetry,"not stated,99.96 % (total),,wire",99.96,Not Specified %,1981
648.0,31.54,0.29,None kPa,N/A,23893,['C'],A,Vacuum adiabatic calorimetry,"not stated,99.96 % (total),,wire",99.96,Not Specified %,1981
655.0,31.22,0.29,None kPa,N/A,23893,['C'],A,Vacuum adiabatic calorimetry,"not stated,99.96 % (total),,wire",99.96,Not Specified %,1981
664.0,31.7,0.3,None kPa,N/A,23893,['C'],A,Vacuum adiabatic calorimetry,"not stated,99.96 % (total),,wire",99.96,Not Specified %,1981
671.0,31.46,0.3,None kPa,N/A,23893,['C'],A,Vacuum adiabatic calorimetry,"not stated,99.96 % (total),,wire",99.96,Not Specified %,1981
678.0,30.96,0.3,None kPa,N/A,23893,['C'],A,Vacuum adiabatic calorimetry,"not stated,99.96 % (total),,wire",99.96,Not Specified %,1981
680.0,30.96,0.3,None kPa,N/A,23893,['C'],A,Vacuum adiabatic calorimetry,"not stated,99.96 % (total),,wire",99.96,Not Specified %,1981
684.0,30.96,0.3,None kPa,N/A,23893,['C'],A,Vacuum adiabatic calorimetry,"not stated,99.96 % (total),,wire",99.96,Not Specified %,1981
687.0,30.96,0.3,None kPa,N/A,23893,['C'],A,Vacuum adiabatic calorimetry,"not stated,99.96 % (total),,wire",99.96,Not Specified %,1981
694.0,30.72,0.3,None kPa,N/A,23893,['C'],A,Vacuum adiabatic calorimetry,"not stated,99.96 % (total),,wire",99.96,Not Specified %,1981
702.0,30.96,0.3,None kPa,N/A,23893,['C'],A,Vacuum adiabatic calorimetry,"not stated,99.96 % (total),,wire",99.96,Not Specified %,1981
710.0,30.96,0.3,None kPa,N/A,23893,['C'],A,Vacuum adiabatic calorimetry,"not stated,99.96 % (total),,wire",99.96,Not Specified %,1981
718.0,30.96,0.31,None kPa,N/A,23893,['C'],A,Vacuum adiabatic calorimetry,"not stated,99.96 % (total),,wire",99.96,Not Specified %,1981
726.0,30.72,0.31,None kPa,N/A,23893,['C'],A,Vacuum adiabatic calorimetry,"not stated,99.96 % (total),,wire",99.96,Not Specified %,1981
733.0,30.72,0.31,None kPa,N/A,23893,['C'],A,Vacuum adiabatic calorimetry,"not stated,99.96 % (total),,wire",99.96,Not Specified %,1981
740.0,30.72,0.31,None kPa,N/A,23893,['C'],A,Vacuum adiabatic calorimetry,"not stated,99.96 % (total),,wire",99.96,Not Specified %,1981
747.0,30.72,0.31,None kPa,N/A,23893,['C'],A,Vacuum adiabatic calorimetry,"not stated,99.96 % (total),,wire",99.96,Not Specified %,1981
760.0,30.72,0.32,None kPa,N/A,23893,['C'],A,Vacuum adiabatic calorimetry,"not stated,99.96 % (total),,wire",99.96,Not Specified %,1981
767.0,30.72,0.32,None kPa,N/A,23893,['C'],A,Vacuum adiabatic calorimetry,"not stated,99.96 % (total),,wire",99.96,Not Specified %,1981
774.0,30.72,0.32,None kPa,N/A,23893,['C'],A,Vacuum adiabatic calorimetry,"not stated,99.96 % (total),,wire",99.96,Not Specified %,1981
781.0,30.96,0.32,None kPa,N/A,23893,['C'],A,Vacuum adiabatic calorimetry,"not stated,99.96 % (total),,wire",99.96,Not Specified %,1981
787.0,30.96,0.33,None kPa,N/A,23893,['C'],A,Vacuum adiabatic calorimetry,"not stated,99.96 % (total),,wire",99.96,Not Specified %,1981
794.0,30.96,0.33,None kPa,N/A,23893,['C'],A,Vacuum adiabatic calorimetry,"not stated,99.96 % (total),,wire",99.96,Not Specified %,1981
801.0,30.96,0.33,None kPa,N/A,23893,['C'],A,Vacuum adiabatic calorimetry,"not stated,99.96 % (total),,wire",99.96,Not Specified %,1981
843.0,31.21,0.34,None kPa,N/A,23893,['C'],A,Vacuum adiabatic calorimetry,"not stated,99.96 % (total),,wire",99.96,Not Specified %,1981
849.0,31.21,0.34,None kPa,N/A,23893,['C'],A,Vacuum adiabatic calorimetry,"not stated,99.96 % (total),,wire",99.96,Not Specified %,1981
856.0,30.96,0.34,None kPa,N/A,23893,['C'],A,Vacuum adiabatic calorimetry,"not stated,99.96 % (total),,wire",99.96,Not Specified %,1981
863.0,30.96,0.35,None kPa,N/A,23893,['C'],A,Vacuum adiabatic calorimetry,"not stated,99.96 % (total),,wire",99.96,Not Specified %,1981
870.0,31.21,0.35,None kPa,N/A,23893,['C'],A,Vacuum adiabatic calorimetry,"not stated,99.96 % (total),,wire",99.96,Not Specified %,1981
897.0,31.21,0.36,None kPa,N/A,23893,['C'],A,Vacuum adiabatic calorimetry,"not stated,99.96 % (total),,wire",99.96,Not Specified %,1981
904.0,31.7,0.37,None kPa,N/A,23893,['C'],A,Vacuum adiabatic calorimetry,"not stated,99.96 % (total),,wire",99.96,Not Specified %,1981
911.0,31.7,0.37,None kPa,N/A,23893,['C'],A,Vacuum adiabatic calorimetry,"not stated,99.96 % (total),,wire",99.96,Not Specified %,1981
917.0,31.46,0.37,None kPa,N/A,23893,['C'],A,Vacuum adiabatic calorimetry,"not stated,99.96 % (total),,wire",99.96,Not Specified %,1981
923.0,31.46,0.37,None kPa,N/A,23893,['C'],A,Vacuum adiabatic calorimetry,"not stated,99.96 % (total),,wire",99.96,Not Specified %,1981
989.0,31.95,0.39,None kPa,N/A,23893,['C'],A,Vacuum adiabatic calorimetry,"not stated,99.96 % (total),,wire",99.96,Not Specified %,1981
994.0,31.95,0.39,None kPa,N/A,23893,['C'],A,Vacuum adiabatic calorimetry,"not stated,99.96 % (total),,wire",99.96,Not Specified %,1981
1000.0,32.19,0.4,None kPa,N/A,23893,['C'],A,Vacuum adiabatic calorimetry,"not stated,99.96 % (total),,wire",99.96,Not Specified %,1981
1006.0,32.44,0.4,None kPa,N/A,23893,['C'],A,Vacuum adiabatic calorimetry,"not stated,99.96 % (total),,wire",99.96,Not Specified %,1981
1013.0,32.44,0.41,None kPa,N/A,23893,['C'],A,Vacuum adiabatic calorimetry,"not stated,99.96 % (total),,wire",99.96,Not Specified %,1981
1035.0,32.44,0.41,None kPa,N/A,23893,['C'],A,Vacuum adiabatic calorimetry,"not stated,99.96 % (total),,wire",99.96,Not Specified %,1981
1092.0,32.93,0.43,None kPa,N/A,23893,['C'],A,Vacuum adiabatic calorimetry,"not stated,99.96 % (total),,wire",99.96,Not Specified %,1981
1099.0,32.68,0.43,None kPa,N/A,23893,['C'],A,Vacuum adiabatic calorimetry,"not stated,99.96 % (total),,wire",99.96,Not Specified %,1981
1105.0,32.68,0.43,None kPa,N/A,23893,['C'],A,Vacuum adiabatic calorimetry,"not stated,99.96 % (total),,wire",99.96,Not Specified %,1981
1111.0,32.93,0.44,None kPa,N/A,23893,['C'],A,Vacuum adiabatic calorimetry,"not stated,99.96 % (total),,wire",99.96,Not Specified %,1981
1118.0,33.18,0.44,None kPa,N/A,23893,['C'],A,Vacuum adiabatic calorimetry,"not stated,99.96 % (total),,wire",99.96,Not Specified %,1981
1231.0,33.52,0.48,None kPa,N/A,23893,['C'],A,Vacuum adiabatic calorimetry,"not stated,99.96 % (total),,wire",99.96,Not Specified %,1981
1239.0,33.62,0.49,None kPa,N/A,23893,['C'],A,Vacuum adiabatic calorimetry,"not stated,99.96 % (total),,wire",99.96,Not Specified %,1981
1245.0,33.62,0.49,None kPa,N/A,23893,['C'],A,Vacuum adiabatic calorimetry,"not stated,99.96 % (total),,wire",99.96,Not Specified %,1981
1300.0,33.99,1.0197,1.3e-06 kPa,N/A,24154,['C'],A,Resistive pulse heating - millisecond,"origin: commercial source,99.98 % (total),stated by supplier,wire",99.98,Not Specified %,1983
1350.0,34.72,1.0416,None kPa,N/A,24154,['C'],A,Resistive pulse heating - millisecond,"origin: commercial source,99.98 % (total),stated by supplier,wire",99.98,Not Specified %,1983
1400.0,35.45,1.0635,None kPa,N/A,24154,['C'],A,Resistive pulse heating - millisecond,"origin: commercial source,99.98 % (total),stated by supplier,wire",99.98,Not Specified %,1983
1400.0,35.57,1.0671,None kPa,N/A,24154,['C'],A,Resistive pulse heating - millisecond,"origin: commercial source,99.98 % (total),stated by supplier,wire",99.98,Not Specified %,1983
1450.0,36.06,1.0818,None kPa,N/A,24154,['C'],A,Resistive pulse heating - millisecond,"origin: commercial source,99.98 % (total),stated by supplier,wire",99.98,Not Specified %,1983
1500.0,36.52,1.0956,None kPa,N/A,24154,['C'],A,Resistive pulse heating - millisecond,"origin: commercial source,99.98 % (total),stated by supplier,wire",99.98,Not Specified %,1983
1550.0,36.96,1.1088,None kPa,N/A,24154,['C'],A,Resistive pulse heating - millisecond,"origin: commercial source,99.98 % (total),stated by supplier,wire",99.98,Not Specified %,1983
1550.0,36.74,1.1022,None kPa,N/A,24154,['C'],A,Resistive pulse heating - millisecond,"origin: commercial source,99.98 % (total),stated by supplier,wire",99.98,Not Specified %,1983
1600.0,37.25,1.1175,None kPa,N/A,24154,['C'],A,Resistive pulse heating - millisecond,"origin: commercial source,99.98 % (total),stated by supplier,wire",99.98,Not Specified %,1983
1650.0,37.75,1.1325,None kPa,N/A,24154,['C'],A,Resistive pulse heating - millisecond,"origin: commercial source,99.98 % (total),stated by supplier,wire",99.98,Not Specified %,1983
1700.0,38.25,1.1475,None kPa,N/A,24154,['C'],A,Resistive pulse heating - millisecond,"origin: commercial source,99.98 % (total),stated by supplier,wire",99.98,Not Specified %,1983
1300.0,34.8,1.044,1.3e-06 kPa,N/A,24155,['C'],A,Resistive pulse heating - millisecond,"origin: commercial source,99.98 % (total),stated by supplier,wire",99.98,Not Specified %,1983
1350.0,35.19,1.0557,None kPa,N/A,24155,['C'],A,Resistive pulse heating - millisecond,"origin: commercial source,99.98 % (total),stated by supplier,wire",99.98,Not Specified %,1983
1400.0,35.55,1.0665,None kPa,N/A,24155,['C'],A,Resistive pulse heating - millisecond,"origin: commercial source,99.98 % (total),stated by supplier,wire",99.98,Not Specified %,1983
1400.0,35.3,1.059,None kPa,N/A,24155,['C'],A,Resistive pulse heating - millisecond,"origin: commercial source,99.98 % (total),stated by supplier,wire",99.98,Not Specified %,1983
1450.0,35.79,1.0737,None kPa,N/A,24155,['C'],A,Resistive pulse heating - millisecond,"origin: commercial source,99.98 % (total),stated by supplier,wire",99.98,Not Specified %,1983
1500.0,36.26,1.0878,None kPa,N/A,24155,['C'],A,Resistive pulse heating - millisecond,"origin: commercial source,99.98 % (total),stated by supplier,wire",99.98,Not Specified %,1983
1550.0,36.71,1.1013,None kPa,N/A,24155,['C'],A,Resistive pulse heating - millisecond,"origin: commercial source,99.98 % (total),stated by supplier,wire",99.98,Not Specified %,1983
1550.0,36.74,1.1022,None kPa,N/A,24155,['C'],A,Resistive pulse heating - millisecond,"origin: commercial source,99.98 % (total),stated by supplier,wire",99.98,Not Specified %,1983
1600.0,37.42,1.1226,None kPa,N/A,24155,['C'],A,Resistive pulse heating - millisecond,"origin: commercial source,99.98 % (total),stated by supplier,wire",99.98,Not Specified %,1983
1650.0,38.1,1.143,None kPa,N/A,24155,['C'],A,Resistive pulse heating - millisecond,"origin: commercial source,99.98 % (total),stated by supplier,wire",99.98,Not Specified %,1983
1700.0,38.79,1.1637,None kPa,N/A,24155,['C'],A,Resistive pulse heating - millisecond,"origin: commercial source,99.98 % (total),stated by supplier,wire",99.98,Not Specified %,1983
1300.0,34.47,1.0341,1.3e-06 kPa,N/A,24156,['C'],A,Resistive pulse heating - millisecond,"origin: commercial source,99.98 % (total),stated by supplier,wire",99.98,Not Specified %,1983
1350.0,35.14,1.0542,None kPa,N/A,24156,['C'],A,Resistive pulse heating - millisecond,"origin: commercial source,99.98 % (total),stated by supplier,wire",99.98,Not Specified %,1983
1400.0,35.79,1.0737,None kPa,N/A,24156,['C'],A,Resistive pulse heating - millisecond,"origin: commercial source,99.98 % (total),stated by supplier,wire",99.98,Not Specified %,1983
1400.0,35.74,1.0722,None kPa,N/A,24156,['C'],A,Resistive pulse heating - millisecond,"origin: commercial source,99.98 % (total),stated by supplier,wire",99.98,Not Specified %,1983
1450.0,36.19,1.0857,None kPa,N/A,24156,['C'],A,Resistive pulse heating - millisecond,"origin: commercial source,99.98 % (total),stated by supplier,wire",99.98,Not Specified %,1983
1500.0,36.63,1.0989,None kPa,N/A,24156,['C'],A,Resistive pulse heating - millisecond,"origin: commercial source,99.98 % (total),stated by supplier,wire",99.98,Not Specified %,1983
1550.0,37.08,1.1124,None kPa,N/A,24156,['C'],A,Resistive pulse heating - millisecond,"origin: commercial source,99.98 % (total),stated by supplier,wire",99.98,Not Specified %,1983
1550.0,36.88,1.1064,None kPa,N/A,24156,['C'],A,Resistive pulse heating - millisecond,"origin: commercial source,99.98 % (total),stated by supplier,wire",99.98,Not Specified %,1983
1600.0,37.46,1.1238,None kPa,N/A,24156,['C'],A,Resistive pulse heating - millisecond,"origin: commercial source,99.98 % (total),stated by supplier,wire",99.98,Not Specified %,1983
1650.0,38.02,1.1406,None kPa,N/A,24156,['C'],A,Resistive pulse heating - millisecond,"origin: commercial source,99.98 % (total),stated by supplier,wire",99.98,Not Specified %,1983
1700.0,38.56,1.1568,None kPa,N/A,24156,['C'],A,Resistive pulse heating - millisecond,"origin: commercial source,99.98 % (total),stated by supplier,wire",99.98,Not Specified %,1983
316.9,27.4,0.548,3.54638 kPa,N/A,36801,['C'],A,Adiabatic calorimeter (non-vacuum) ,origin: commercial source,,,1964
334.3,27.5,0.55,None kPa,N/A,36801,['C'],A,Adiabatic calorimeter (non-vacuum) ,origin: commercial source,,,1964
358.9,28.1,0.562,None kPa,N/A,36801,['C'],A,Adiabatic calorimeter (non-vacuum) ,origin: commercial source,,,1964
391.6,29.0,0.58,None kPa,N/A,36801,['C'],A,Adiabatic calorimeter (non-vacuum) ,origin: commercial source,,,1964
412.5,29.2,0.584,None kPa,N/A,36801,['C'],A,Adiabatic calorimeter (non-vacuum) ,origin: commercial source,,,1964
406.8,29.4,0.588,None kPa,N/A,36801,['C'],A,Adiabatic calorimeter (non-vacuum) ,origin: commercial source,,,1964
444.7,30.2,0.604,None kPa,N/A,36801,['C'],A,Adiabatic calorimeter (non-vacuum) ,origin: commercial source,,,1964
465.8,30.6,0.612,None kPa,N/A,36801,['C'],A,Adiabatic calorimeter (non-vacuum) ,origin: commercial source,,,1964
466.6,30.8,0.616,None kPa,N/A,36801,['C'],A,Adiabatic calorimeter (non-vacuum) ,origin: commercial source,,,1964
468.5,31.0,0.62,None kPa,N/A,36801,['C'],A,Adiabatic calorimeter (non-vacuum) ,origin: commercial source,,,1964
489.6,31.3,0.626,None kPa,N/A,36801,['C'],A,Adiabatic calorimeter (non-vacuum) ,origin: commercial source,,,1964
505.1,31.6,0.632,None kPa,N/A,36801,['C'],A,Adiabatic calorimeter (non-vacuum) ,origin: commercial source,,,1964
510.2,31.8,0.636,None kPa,N/A,36801,['C'],A,Adiabatic calorimeter (non-vacuum) ,origin: commercial source,,,1964
525.0,32.3,0.646,None kPa,N/A,36801,['C'],A,Adiabatic calorimeter (non-vacuum) ,origin: commercial source,,,1964
539.7,32.4,0.648,None kPa,N/A,36801,['C'],A,Adiabatic calorimeter (non-vacuum) ,origin: commercial source,,,1964
560.3,33.2,0.664,None kPa,N/A,36801,['C'],A,Adiabatic calorimeter (non-vacuum) ,origin: commercial source,,,1964
571.7,33.4,0.668,None kPa,N/A,36801,['C'],A,Adiabatic calorimeter (non-vacuum) ,origin: commercial source,,,1964
579.2,33.9,0.678,None kPa,N/A,36801,['C'],A,Adiabatic calorimeter (non-vacuum) ,origin: commercial source,,,1964
585.6,34.2,0.684,None kPa,N/A,36801,['C'],A,Adiabatic calorimeter (non-vacuum) ,origin: commercial source,,,1964
603.3,35.1,0.702,None kPa,N/A,36801,['C'],A,Adiabatic calorimeter (non-vacuum) ,origin: commercial source,,,1964
611.4,35.6,0.712,None kPa,N/A,36801,['C'],A,Adiabatic calorimeter (non-vacuum) ,origin: commercial source,,,1964
616.6,35.8,0.716,None kPa,N/A,36801,['C'],A,Adiabatic calorimeter (non-vacuum) ,origin: commercial source,,,1964
619.2,36.2,0.724,None kPa,N/A,36801,['C'],A,Adiabatic calorimeter (non-vacuum) ,origin: commercial source,,,1964
624.4,36.6,0.732,None kPa,N/A,36801,['C'],A,Adiabatic calorimeter (non-vacuum) ,origin: commercial source,,,1964
625.2,37.3,0.746,None kPa,N/A,36801,['C'],A,Adiabatic calorimeter (non-vacuum) ,origin: commercial source,,,1964
627.2,37.9,0.758,None kPa,N/A,36801,['C'],A,Adiabatic calorimeter (non-vacuum) ,origin: commercial source,,,1964
630.2,38.2,0.764,None kPa,N/A,36801,['C'],A,Adiabatic calorimeter (non-vacuum) ,origin: commercial source,,,1964
630.3,38.7,0.774,None kPa,N/A,36801,['C'],A,Adiabatic calorimeter (non-vacuum) ,origin: commercial source,,,1964
629.6,39.4,0.788,None kPa,N/A,36801,['C'],A,Adiabatic calorimeter (non-vacuum) ,origin: commercial source,,,1964
633.6,35.7,0.714,None kPa,N/A,36801,['C'],A,Adiabatic calorimeter (non-vacuum) ,origin: commercial source,,,1964
637.2,33.7,0.674,None kPa,N/A,36801,['C'],A,Adiabatic calorimeter (non-vacuum) ,origin: commercial source,,,1964
636.1,33.5,0.67,None kPa,N/A,36801,['C'],A,Adiabatic calorimeter (non-vacuum) ,origin: commercial source,,,1964
637.2,33.3,0.666,None kPa,N/A,36801,['C'],A,Adiabatic calorimeter (non-vacuum) ,origin: commercial source,,,1964
642.4,33.0,0.66,None kPa,N/A,36801,['C'],A,Adiabatic calorimeter (non-vacuum) ,origin: commercial source,,,1964
647.9,32.4,0.648,None kPa,N/A,36801,['C'],A,Adiabatic calorimeter (non-vacuum) ,origin: commercial source,,,1964
656.5,32.2,0.644,None kPa,N/A,36801,['C'],A,Adiabatic calorimeter (non-vacuum) ,origin: commercial source,,,1964
666.1,31.8,0.636,None kPa,N/A,36801,['C'],A,Adiabatic calorimeter (non-vacuum) ,origin: commercial source,,,1964
653.2,31.7,0.634,None kPa,N/A,36801,['C'],A,Adiabatic calorimeter (non-vacuum) ,origin: commercial source,,,1964
689.3,31.3,0.626,None kPa,N/A,36801,['C'],A,Adiabatic calorimeter (non-vacuum) ,origin: commercial source,,,1964
679.9,31.4,0.628,None kPa,N/A,36801,['C'],A,Adiabatic calorimeter (non-vacuum) ,origin: commercial source,,,1964
668.8,31.4,0.628,None kPa,N/A,36801,['C'],A,Adiabatic calorimeter (non-vacuum) ,origin: commercial source,,,1964
673.2,31.2,0.624,None kPa,N/A,36801,['C'],A,Adiabatic calorimeter (non-vacuum) ,origin: commercial source,,,1964
681.9,31.1,0.622,None kPa,N/A,36801,['C'],A,Adiabatic calorimeter (non-vacuum) ,origin: commercial source,,,1964
689.4,30.7,0.614,None kPa,N/A,36801,['C'],A,Adiabatic calorimeter (non-vacuum) ,origin: commercial source,,,1964
705.9,30.7,0.614,None kPa,N/A,36801,['C'],A,Adiabatic calorimeter (non-vacuum) ,origin: commercial source,,,1964
730.6,30.9,0.618,None kPa,N/A,36801,['C'],A,Adiabatic calorimeter (non-vacuum) ,origin: commercial source,,,1964
749.9,31.0,0.62,None kPa,N/A,36801,['C'],A,Adiabatic calorimeter (non-vacuum) ,origin: commercial source,,,1964
774.9,31.2,0.624,None kPa,N/A,36801,['C'],A,Adiabatic calorimeter (non-vacuum) ,origin: commercial source,,,1964
774.9,30.9,0.618,None kPa,N/A,36801,['C'],A,Adiabatic calorimeter (non-vacuum) ,origin: commercial source,,,1964
850.8,31.7,0.634,None kPa,N/A,36801,['C'],A,Adiabatic calorimeter (non-vacuum) ,origin: commercial source,,,1964
832.8,31.5,0.63,None kPa,N/A,36801,['C'],A,Adiabatic calorimeter (non-vacuum) ,origin: commercial source,,,1964
824.7,31.6,0.632,None kPa,N/A,36801,['C'],A,Adiabatic calorimeter (non-vacuum) ,origin: commercial source,,,1964
923.6,31.4,0.628,None kPa,N/A,36801,['C'],A,Adiabatic calorimeter (non-vacuum) ,origin: commercial source,,,1964
906.2,31.6,0.632,None kPa,N/A,36801,['C'],A,Adiabatic calorimeter (non-vacuum) ,origin: commercial source,,,1964
954.5,31.8,0.636,None kPa,N/A,36801,['C'],A,Adiabatic calorimeter (non-vacuum) ,origin: commercial source,,,1964
973.8,31.6,0.632,None kPa,N/A,36801,['C'],A,Adiabatic calorimeter (non-vacuum) ,origin: commercial source,,,1964
989.1,32.1,0.642,None kPa,N/A,36801,['C'],A,Adiabatic calorimeter (non-vacuum) ,origin: commercial source,,,1964
1013.3,32.3,0.646,None kPa,N/A,36801,['C'],A,Adiabatic calorimeter (non-vacuum) ,origin: commercial source,,,1964
1034.0,32.5,0.65,None kPa,N/A,36801,['C'],A,Adiabatic calorimeter (non-vacuum) ,origin: commercial source,,,1964
1062.3,32.7,0.654,None kPa,N/A,36801,['C'],A,Adiabatic calorimeter (non-vacuum) ,origin: commercial source,,,1964
1071.9,32.6,0.652,None kPa,N/A,36801,['C'],A,Adiabatic calorimeter (non-vacuum) ,origin: commercial source,,,1964
1112.8,32.8,0.656,None kPa,N/A,36801,['C'],A,Adiabatic calorimeter (non-vacuum) ,origin: commercial source,,,1964
1141.7,33.2,0.664,None kPa,N/A,36801,['C'],A,Adiabatic calorimeter (non-vacuum) ,origin: commercial source,,,1964
1132.6,33.3,0.666,None kPa,N/A,36801,['C'],A,Adiabatic calorimeter (non-vacuum) ,origin: commercial source,,,1964
1182.7,33.6,0.672,None kPa,N/A,36801,['C'],A,Adiabatic calorimeter (non-vacuum) ,origin: commercial source,,,1964
1202.8,33.4,0.668,None kPa,N/A,36801,['C'],A,Adiabatic calorimeter (non-vacuum) ,origin: commercial source,,,1964
1232.8,34.0,0.68,None kPa,N/A,36801,['C'],A,Adiabatic calorimeter (non-vacuum) ,origin: commercial source,,,1964
1242.7,33.9,0.678,None kPa,N/A,36801,['C'],A,Adiabatic calorimeter (non-vacuum) ,origin: commercial source,,,1964
1277.4,34.6,0.692,None kPa,N/A,36801,['C'],A,Adiabatic calorimeter (non-vacuum) ,origin: commercial source,,,1964
1333.0,34.8,0.696,None kPa,N/A,36801,['C'],A,Adiabatic calorimeter (non-vacuum) ,origin: commercial source,,,1964
1313.4,35.0,0.7,None kPa,N/A,36801,['C'],A,Adiabatic calorimeter (non-vacuum) ,origin: commercial source,,,1964
1321.9,35.3,0.706,None kPa,N/A,36801,['C'],A,Adiabatic calorimeter (non-vacuum) ,origin: commercial source,,,1964
1374.0,35.4,0.708,None kPa,N/A,36801,['C'],A,Adiabatic calorimeter (non-vacuum) ,origin: commercial source,,,1964
1393.2,35.2,0.704,None kPa,N/A,36801,['C'],A,Adiabatic calorimeter (non-vacuum) ,origin: commercial source,,,1964
1405.5,35.7,0.714,None kPa,N/A,36801,['C'],A,Adiabatic calorimeter (non-vacuum) ,origin: commercial source,,,1964
1446.0,36.2,0.724,None kPa,N/A,36801,['C'],A,Adiabatic calorimeter (non-vacuum) ,origin: commercial source,,,1964
1464.7,36.1,0.722,None kPa,N/A,36801,['C'],A,Adiabatic calorimeter (non-vacuum) ,origin: commercial source,,,1964
1475.0,36.1,0.722,None kPa,N/A,36801,['C'],A,Adiabatic calorimeter (non-vacuum) ,origin: commercial source,,,1964
1505.9,36.2,0.724,None kPa,N/A,36801,['C'],A,Adiabatic calorimeter (non-vacuum) ,origin: commercial source,,,1964
1509.7,36.3,0.726,None kPa,N/A,36801,['C'],A,Adiabatic calorimeter (non-vacuum) ,origin: commercial source,,,1964
1530.2,36.4,0.728,None kPa,N/A,36801,['C'],A,Adiabatic calorimeter (non-vacuum) ,origin: commercial source,,,1964
1545.2,36.5,0.73,None kPa,N/A,36801,['C'],A,Adiabatic calorimeter (non-vacuum) ,origin: commercial source,,,1964
1576.8,37.1,0.742,None kPa,N/A,36801,['C'],A,Adiabatic calorimeter (non-vacuum) ,origin: commercial source,,,1964
1585.4,36.7,0.734,None kPa,N/A,36801,['C'],A,Adiabatic calorimeter (non-vacuum) ,origin: commercial source,,,1964
1596.1,36.9,0.738,None kPa,N/A,36801,['C'],A,Adiabatic calorimeter (non-vacuum) ,origin: commercial source,,,1964
1631.1,37.2,0.744,None kPa,N/A,36801,['C'],A,Adiabatic calorimeter (non-vacuum) ,origin: commercial source,,,1964
1651.8,37.8,0.756,None kPa,N/A,36801,['C'],A,Adiabatic calorimeter (non-vacuum) ,origin: commercial source,,,1964
1669.5,38.2,0.764,None kPa,N/A,36801,['C'],A,Adiabatic calorimeter (non-vacuum) ,origin: commercial source,,,1964
695.59,31.7934,0.317934,0.01 kPa,N/A,22850,['C'],A,Vacuum adiabatic calorimetry,"not stated,99.89 % (total),,powder",99.89,Not Specified %,1977
770.35,30.9411,0.309411,None kPa,N/A,22850,['C'],A,Vacuum adiabatic calorimetry,"not stated,99.89 % (total),,powder",99.89,Not Specified %,1977
824.08,31.1616,0.311616,None kPa,N/A,22850,['C'],A,Vacuum adiabatic calorimetry,"not stated,99.89 % (total),,powder",99.89,Not Specified %,1977
873.26,31.8787,0.318787,None kPa,N/A,22850,['C'],A,Vacuum adiabatic calorimetry,"not stated,99.89 % (total),,powder",99.89,Not Specified %,1977
897.92,31.8817,0.318817,None kPa,N/A,22850,['C'],A,Vacuum adiabatic calorimetry,"not stated,99.89 % (total),,powder",99.89,Not Specified %,1977
954.99,32.8398,0.328398,None kPa,N/A,22850,['C'],A,Vacuum adiabatic calorimetry,"not stated,99.89 % (total),,powder",99.89,Not Specified %,1977
1006.83,33.2335,0.332335,None kPa,N/A,22850,['C'],A,Vacuum adiabatic calorimetry,"not stated,99.89 % (total),,powder",99.89,Not Specified %,1977
1046.74,33.6348,0.336348,None kPa,N/A,22850,['C'],A,Vacuum adiabatic calorimetry,"not stated,99.89 % (total),,powder",99.89,Not Specified %,1977
1097.39,34.3109,0.343109,None kPa,N/A,22850,['C'],A,Vacuum adiabatic calorimetry,"not stated,99.89 % (total),,powder",99.89,Not Specified %,1977
1146.78,34.3101,0.343101,None kPa,N/A,22850,['C'],A,Vacuum adiabatic calorimetry,"not stated,99.89 % (total),,powder",99.89,Not Specified %,1977
1185.93,35.0389,0.350389,None kPa,N/A,22850,['C'],A,Vacuum adiabatic calorimetry,"not stated,99.89 % (total),,powder",99.89,Not Specified %,1977
1232.3,35.1372,0.351372,None kPa,N/A,22850,['C'],A,Vacuum adiabatic calorimetry,"not stated,99.89 % (total),,powder",99.89,Not Specified %,1977
1260.69,35.3448,0.353448,None kPa,N/A,22850,['C'],A,Vacuum adiabatic calorimetry,"not stated,99.89 % (total),,powder",99.89,Not Specified %,1977
1297.98,35.5473,0.355473,None kPa,N/A,22850,['C'],A,Vacuum adiabatic calorimetry,"not stated,99.89 % (total),,powder",99.89,Not Specified %,1977
1338.22,35.756,0.35756,None kPa,N/A,22850,['C'],A,Vacuum adiabatic calorimetry,"not stated,99.89 % (total),,powder",99.89,Not Specified %,1977
1374.94,36.387,0.36387,None kPa,N/A,22850,['C'],A,Vacuum adiabatic calorimetry,"not stated,99.89 % (total),,powder",99.89,Not Specified %,1977
1401.2,35.7778,0.357778,None kPa,N/A,22850,['C'],A,Vacuum adiabatic calorimetry,"not stated,99.89 % (total),,powder",99.89,Not Specified %,1977
1447.52,36.4033,0.364033,None kPa,N/A,22850,['C'],A,Vacuum adiabatic calorimetry,"not stated,99.89 % (total),,powder",99.89,Not Specified %,1977
1485.58,36.41,0.3641,None kPa,N/A,22850,['C'],A,Vacuum adiabatic calorimetry,"not stated,99.89 % (total),,powder",99.89,Not Specified %,1977
1507.43,35.9845,0.359845,None kPa,N/A,22850,['C'],A,Vacuum adiabatic calorimetry,"not stated,99.89 % (total),,powder",99.89,Not Specified %,1977
1657.42,41.5141,4.0,None kPa,N/A,32301,['C'],A,laser modulation calorimetry,"not stated,99.99 weight % (total),chemical analysis",99.99,Weight %,2017
1666.67,42.2034,4.0,None kPa,N/A,32301,['C'],A,laser modulation calorimetry,"not stated,99.99 weight % (total),chemical analysis",99.99,Weight %,2017
1675.15,42.5198,4.0,None kPa,N/A,32301,['C'],A,laser modulation calorimetry,"not stated,99.99 weight % (total),chemical analysis",99.99,Weight %,2017
1737.87,40.8588,4.0,None kPa,N/A,32301,['C'],A,laser modulation calorimetry,"not stated,99.99 weight % (total),chemical analysis",99.99,Weight %,2017
1751.51,40.3729,4.0,None kPa,N/A,32301,['C'],A,laser modulation calorimetry,"not stated,99.99 weight % (total),chemical analysis",99.99,Weight %,2017
1793.06,41.5028,4.0,None kPa,N/A,32301,['C'],A,laser modulation calorimetry,"not stated,99.99 weight % (total),chemical analysis",99.99,Weight %,2017
1795.92,39.2542,4.0,None kPa,N/A,32301,['C'],A,laser modulation calorimetry,"not stated,99.99 weight % (total),chemical analysis",99.99,Weight %,2017
1841.49,40.2712,4.0,None kPa,N/A,32301,['C'],A,laser modulation calorimetry,"not stated,99.99 weight % (total),chemical analysis",99.99,Weight %,2017
1856.7,40.3277,4.0,None kPa,N/A,32301,['C'],A,laser modulation calorimetry,"not stated,99.99 weight % (total),chemical analysis",99.99,Weight %,2017
1867.66,40.1582,4.0,None kPa,N/A,32301,['C'],A,laser modulation calorimetry,"not stated,99.99 weight % (total),chemical analysis",99.99,Weight %,2017
