Temperature: K,Heat capacity at constant pressure Cp: J/K/mol,Uncertainty,Pressure,Ref Temp,Data Set ID,State,Representation,Method,Description,Purity,Purity Units,Year
273.15,28.6604,0.859812,None kPa,N/A,1076,['C'],A,Drop calorimetry,not stated,,,1913
57.227,23.8619,0.0238619,None kPa,N/A,8495,['C'],A,Vacuum adiabatic calorimetry,"origin: commercial source,99.6 % (total),",99.6,Not Specified %,1955
61.134,24.1567,0.0241567,None kPa,N/A,8495,['C'],A,Vacuum adiabatic calorimetry,"origin: commercial source,99.6 % (total),",99.6,Not Specified %,1955
66.087,24.4436,0.0244436,None kPa,N/A,8495,['C'],A,Vacuum adiabatic calorimetry,"origin: commercial source,99.6 % (total),",99.6,Not Specified %,1955
70.361,24.5725,0.0245725,None kPa,N/A,8495,['C'],A,Vacuum adiabatic calorimetry,"origin: commercial source,99.6 % (total),",99.6,Not Specified %,1955
72.417,24.6304,0.0246304,None kPa,N/A,8495,['C'],A,Vacuum adiabatic calorimetry,"origin: commercial source,99.6 % (total),",99.6,Not Specified %,1955
77.827,24.9172,0.0249172,None kPa,N/A,8495,['C'],A,Vacuum adiabatic calorimetry,"origin: commercial source,99.6 % (total),",99.6,Not Specified %,1955
82.391,25.1409,0.0251409,None kPa,N/A,8495,['C'],A,Vacuum adiabatic calorimetry,"origin: commercial source,99.6 % (total),",99.6,Not Specified %,1955
86.76,25.3251,0.0253251,None kPa,N/A,8495,['C'],A,Vacuum adiabatic calorimetry,"origin: commercial source,99.6 % (total),",99.6,Not Specified %,1955
90.415,25.4119,0.0254119,None kPa,N/A,8495,['C'],A,Vacuum adiabatic calorimetry,"origin: commercial source,99.6 % (total),",99.6,Not Specified %,1955
95.739,25.4564,0.0254564,None kPa,N/A,8495,['C'],A,Vacuum adiabatic calorimetry,"origin: commercial source,99.6 % (total),",99.6,Not Specified %,1955
107.197,25.6482,0.0256482,None kPa,N/A,8495,['C'],A,Vacuum adiabatic calorimetry,"origin: commercial source,99.6 % (total),",99.6,Not Specified %,1955
119.469,25.9032,0.0259032,None kPa,N/A,8495,['C'],A,Vacuum adiabatic calorimetry,"origin: commercial source,99.6 % (total),",99.6,Not Specified %,1955
121.915,26.0163,0.0260163,None kPa,N/A,8495,['C'],A,Vacuum adiabatic calorimetry,"origin: commercial source,99.6 % (total),",99.6,Not Specified %,1955
124.363,26.0636,0.0260636,None kPa,N/A,8495,['C'],A,Vacuum adiabatic calorimetry,"origin: commercial source,99.6 % (total),",99.6,Not Specified %,1955
127.629,26.0846,0.0260846,None kPa,N/A,8495,['C'],A,Vacuum adiabatic calorimetry,"origin: commercial source,99.6 % (total),",99.6,Not Specified %,1955
129.556,26.0792,0.0260792,None kPa,N/A,8495,['C'],A,Vacuum adiabatic calorimetry,"origin: commercial source,99.6 % (total),",99.6,Not Specified %,1955
132.071,26.1081,0.0261081,None kPa,N/A,8495,['C'],A,Vacuum adiabatic calorimetry,"origin: commercial source,99.6 % (total),",99.6,Not Specified %,1955
134.422,26.1238,0.0261238,None kPa,N/A,8495,['C'],A,Vacuum adiabatic calorimetry,"origin: commercial source,99.6 % (total),",99.6,Not Specified %,1955
136.119,26.1632,0.0261632,None kPa,N/A,8495,['C'],A,Vacuum adiabatic calorimetry,"origin: commercial source,99.6 % (total),",99.6,Not Specified %,1955
139.676,26.25,0.02625,None kPa,N/A,8495,['C'],A,Vacuum adiabatic calorimetry,"origin: commercial source,99.6 % (total),",99.6,Not Specified %,1955
142.84,26.371,0.026371,None kPa,N/A,8495,['C'],A,Vacuum adiabatic calorimetry,"origin: commercial source,99.6 % (total),",99.6,Not Specified %,1955
148.419,26.5446,0.0265446,None kPa,N/A,8495,['C'],A,Vacuum adiabatic calorimetry,"origin: commercial source,99.6 % (total),",99.6,Not Specified %,1955
155.01,26.7261,0.0267261,None kPa,N/A,8495,['C'],A,Vacuum adiabatic calorimetry,"origin: commercial source,99.6 % (total),",99.6,Not Specified %,1955
169.922,27.1232,0.0271232,None kPa,N/A,8495,['C'],A,Vacuum adiabatic calorimetry,"origin: commercial source,99.6 % (total),",99.6,Not Specified %,1955
172.893,27.1625,0.0271625,None kPa,N/A,8495,['C'],A,Vacuum adiabatic calorimetry,"origin: commercial source,99.6 % (total),",99.6,Not Specified %,1955
175.631,27.3178,0.0273178,None kPa,N/A,8495,['C'],A,Vacuum adiabatic calorimetry,"origin: commercial source,99.6 % (total),",99.6,Not Specified %,1955
178.275,27.3546,0.0273546,None kPa,N/A,8495,['C'],A,Vacuum adiabatic calorimetry,"origin: commercial source,99.6 % (total),",99.6,Not Specified %,1955
182.029,27.4229,0.0274229,None kPa,N/A,8495,['C'],A,Vacuum adiabatic calorimetry,"origin: commercial source,99.6 % (total),",99.6,Not Specified %,1955
186.634,27.4648,0.0274648,None kPa,N/A,8495,['C'],A,Vacuum adiabatic calorimetry,"origin: commercial source,99.6 % (total),",99.6,Not Specified %,1955
188.89,27.4305,0.0274305,None kPa,N/A,8495,['C'],A,Vacuum adiabatic calorimetry,"origin: commercial source,99.6 % (total),",99.6,Not Specified %,1955
190.429,27.333,0.027333,None kPa,N/A,8495,['C'],A,Vacuum adiabatic calorimetry,"origin: commercial source,99.6 % (total),",99.6,Not Specified %,1955
191.315,27.2592,0.0272592,None kPa,N/A,8495,['C'],A,Vacuum adiabatic calorimetry,"origin: commercial source,99.6 % (total),",99.6,Not Specified %,1955
203.947,27.5036,0.0275036,None kPa,N/A,8495,['C'],A,Vacuum adiabatic calorimetry,"origin: commercial source,99.6 % (total),",99.6,Not Specified %,1955
218.83,27.8243,0.0278243,None kPa,N/A,8495,['C'],A,Vacuum adiabatic calorimetry,"origin: commercial source,99.6 % (total),",99.6,Not Specified %,1955
235.049,28.2213,0.0282213,None kPa,N/A,8495,['C'],A,Vacuum adiabatic calorimetry,"origin: commercial source,99.6 % (total),",99.6,Not Specified %,1955
241.248,28.4054,0.0284054,None kPa,N/A,8495,['C'],A,Vacuum adiabatic calorimetry,"origin: commercial source,99.6 % (total),",99.6,Not Specified %,1955
246.957,28.5922,0.0285922,None kPa,N/A,8495,['C'],A,Vacuum adiabatic calorimetry,"origin: commercial source,99.6 % (total),",99.6,Not Specified %,1955
23.244,18.414,0.018414,None kPa,N/A,8496,['C'],A,Vacuum adiabatic calorimetry,"origin: commercial source,99.6 % (total),",99.6,Not Specified %,1955
24.822,19.0246,0.0190246,None kPa,N/A,8496,['C'],A,Vacuum adiabatic calorimetry,"origin: commercial source,99.6 % (total),",99.6,Not Specified %,1955
27.006,19.8973,0.0198973,None kPa,N/A,8496,['C'],A,Vacuum adiabatic calorimetry,"origin: commercial source,99.6 % (total),",99.6,Not Specified %,1955
32.708,21.2544,0.0212544,None kPa,N/A,8496,['C'],A,Vacuum adiabatic calorimetry,"origin: commercial source,99.6 % (total),",99.6,Not Specified %,1955
40.637,22.5352,0.0225352,None kPa,N/A,8496,['C'],A,Vacuum adiabatic calorimetry,"origin: commercial source,99.6 % (total),",99.6,Not Specified %,1955
46.863,23.2218,0.0232218,None kPa,N/A,8496,['C'],A,Vacuum adiabatic calorimetry,"origin: commercial source,99.6 % (total),",99.6,Not Specified %,1955
57.324,24.0179,0.0240179,None kPa,N/A,8496,['C'],A,Vacuum adiabatic calorimetry,"origin: commercial source,99.6 % (total),",99.6,Not Specified %,1955
63.566,24.3362,0.0243362,None kPa,N/A,8496,['C'],A,Vacuum adiabatic calorimetry,"origin: commercial source,99.6 % (total),",99.6,Not Specified %,1955
69.113,24.5483,0.0245483,None kPa,N/A,8496,['C'],A,Vacuum adiabatic calorimetry,"origin: commercial source,99.6 % (total),",99.6,Not Specified %,1955
77.492,24.9429,0.0249429,None kPa,N/A,8496,['C'],A,Vacuum adiabatic calorimetry,"origin: commercial source,99.6 % (total),",99.6,Not Specified %,1955
83.696,25.2214,0.0252214,None kPa,N/A,8496,['C'],A,Vacuum adiabatic calorimetry,"origin: commercial source,99.6 % (total),",99.6,Not Specified %,1955
89.367,25.4203,0.0254203,None kPa,N/A,8496,['C'],A,Vacuum adiabatic calorimetry,"origin: commercial source,99.6 % (total),",99.6,Not Specified %,1955
94.097,25.5097,0.0255097,None kPa,N/A,8496,['C'],A,Vacuum adiabatic calorimetry,"origin: commercial source,99.6 % (total),",99.6,Not Specified %,1955
98.295,25.5095,0.0255095,None kPa,N/A,8496,['C'],A,Vacuum adiabatic calorimetry,"origin: commercial source,99.6 % (total),",99.6,Not Specified %,1955
102.984,25.5789,0.0255789,None kPa,N/A,8496,['C'],A,Vacuum adiabatic calorimetry,"origin: commercial source,99.6 % (total),",99.6,Not Specified %,1955
118.487,25.9002,0.0259002,None kPa,N/A,8496,['C'],A,Vacuum adiabatic calorimetry,"origin: commercial source,99.6 % (total),",99.6,Not Specified %,1955
139.214,26.3274,0.0263274,None kPa,N/A,8496,['C'],A,Vacuum adiabatic calorimetry,"origin: commercial source,99.6 % (total),",99.6,Not Specified %,1955
158.704,26.7746,0.0267746,None kPa,N/A,8496,['C'],A,Vacuum adiabatic calorimetry,"origin: commercial source,99.6 % (total),",99.6,Not Specified %,1955
179.714,27.3013,0.0273013,None kPa,N/A,8496,['C'],A,Vacuum adiabatic calorimetry,"origin: commercial source,99.6 % (total),",99.6,Not Specified %,1955
202.244,27.8977,0.0278977,None kPa,N/A,8496,['C'],A,Vacuum adiabatic calorimetry,"origin: commercial source,99.6 % (total),",99.6,Not Specified %,1955
212.192,28.1694,0.0281694,None kPa,N/A,8496,['C'],A,Vacuum adiabatic calorimetry,"origin: commercial source,99.6 % (total),",99.6,Not Specified %,1955
215.362,28.1759,0.0281759,None kPa,N/A,8496,['C'],A,Vacuum adiabatic calorimetry,"origin: commercial source,99.6 % (total),",99.6,Not Specified %,1955
218.614,28.1492,0.0281492,None kPa,N/A,8496,['C'],A,Vacuum adiabatic calorimetry,"origin: commercial source,99.6 % (total),",99.6,Not Specified %,1955
221.13,28.0562,0.0280562,None kPa,N/A,8496,['C'],A,Vacuum adiabatic calorimetry,"origin: commercial source,99.6 % (total),",99.6,Not Specified %,1955
223.482,27.92,0.02792,None kPa,N/A,8496,['C'],A,Vacuum adiabatic calorimetry,"origin: commercial source,99.6 % (total),",99.6,Not Specified %,1955
242.473,28.49,0.02849,None kPa,N/A,8496,['C'],A,Vacuum adiabatic calorimetry,"origin: commercial source,99.6 % (total),",99.6,Not Specified %,1955
259.365,29.0402,0.0290402,None kPa,N/A,8496,['C'],A,Vacuum adiabatic calorimetry,"origin: commercial source,99.6 % (total),",99.6,Not Specified %,1955
267.461,29.3418,0.0293418,None kPa,N/A,8496,['C'],A,Vacuum adiabatic calorimetry,"origin: commercial source,99.6 % (total),",99.6,Not Specified %,1955
278.267,29.7661,0.0297661,None kPa,N/A,8496,['C'],A,Vacuum adiabatic calorimetry,"origin: commercial source,99.6 % (total),",99.6,Not Specified %,1955
285.989,30.1375,0.0301375,None kPa,N/A,8496,['C'],A,Vacuum adiabatic calorimetry,"origin: commercial source,99.6 % (total),",99.6,Not Specified %,1955
294.571,30.5951,0.0305951,None kPa,N/A,8496,['C'],A,Vacuum adiabatic calorimetry,"origin: commercial source,99.6 % (total),",99.6,Not Specified %,1955
302.0,31.0893,0.0310893,None kPa,N/A,8496,['C'],A,Vacuum adiabatic calorimetry,"origin: commercial source,99.6 % (total),",99.6,Not Specified %,1955
141.818,26.3737,0.0263737,None kPa,N/A,8497,['C'],A,Vacuum adiabatic calorimetry,"origin: commercial source,99.6 % (total),",99.6,Not Specified %,1955
147.235,26.5167,0.0265167,None kPa,N/A,8497,['C'],A,Vacuum adiabatic calorimetry,"origin: commercial source,99.6 % (total),",99.6,Not Specified %,1955
152.072,26.6193,0.0266193,None kPa,N/A,8497,['C'],A,Vacuum adiabatic calorimetry,"origin: commercial source,99.6 % (total),",99.6,Not Specified %,1955
154.995,26.688,0.026688,None kPa,N/A,8497,['C'],A,Vacuum adiabatic calorimetry,"origin: commercial source,99.6 % (total),",99.6,Not Specified %,1955
161.235,26.8573,0.0268573,None kPa,N/A,8497,['C'],A,Vacuum adiabatic calorimetry,"origin: commercial source,99.6 % (total),",99.6,Not Specified %,1955
167.464,27.0153,0.0270153,None kPa,N/A,8497,['C'],A,Vacuum adiabatic calorimetry,"origin: commercial source,99.6 % (total),",99.6,Not Specified %,1955
173.484,27.1414,0.0271414,None kPa,N/A,8497,['C'],A,Vacuum adiabatic calorimetry,"origin: commercial source,99.6 % (total),",99.6,Not Specified %,1955
179.863,27.337,0.027337,None kPa,N/A,8497,['C'],A,Vacuum adiabatic calorimetry,"origin: commercial source,99.6 % (total),",99.6,Not Specified %,1955
186.022,27.4997,0.0274997,None kPa,N/A,8497,['C'],A,Vacuum adiabatic calorimetry,"origin: commercial source,99.6 % (total),",99.6,Not Specified %,1955
192.285,27.6756,0.0276756,None kPa,N/A,8497,['C'],A,Vacuum adiabatic calorimetry,"origin: commercial source,99.6 % (total),",99.6,Not Specified %,1955
198.687,27.8402,0.0278402,None kPa,N/A,8497,['C'],A,Vacuum adiabatic calorimetry,"origin: commercial source,99.6 % (total),",99.6,Not Specified %,1955
205.659,27.988,0.027988,None kPa,N/A,8497,['C'],A,Vacuum adiabatic calorimetry,"origin: commercial source,99.6 % (total),",99.6,Not Specified %,1955
212.26,28.1076,0.0281076,None kPa,N/A,8497,['C'],A,Vacuum adiabatic calorimetry,"origin: commercial source,99.6 % (total),",99.6,Not Specified %,1955
215.31,28.1941,0.0281941,None kPa,N/A,8497,['C'],A,Vacuum adiabatic calorimetry,"origin: commercial source,99.6 % (total),",99.6,Not Specified %,1955
218.549,28.1934,0.0281934,None kPa,N/A,8497,['C'],A,Vacuum adiabatic calorimetry,"origin: commercial source,99.6 % (total),",99.6,Not Specified %,1955
221.71,28.0537,0.0280537,None kPa,N/A,8497,['C'],A,Vacuum adiabatic calorimetry,"origin: commercial source,99.6 % (total),",99.6,Not Specified %,1955
225.193,28.0295,0.0280295,None kPa,N/A,8497,['C'],A,Vacuum adiabatic calorimetry,"origin: commercial source,99.6 % (total),",99.6,Not Specified %,1955
228.626,28.1282,0.0281282,None kPa,N/A,8497,['C'],A,Vacuum adiabatic calorimetry,"origin: commercial source,99.6 % (total),",99.6,Not Specified %,1955
231.689,28.1697,0.0281697,None kPa,N/A,8497,['C'],A,Vacuum adiabatic calorimetry,"origin: commercial source,99.6 % (total),",99.6,Not Specified %,1955
234.623,28.2553,0.0282553,None kPa,N/A,8497,['C'],A,Vacuum adiabatic calorimetry,"origin: commercial source,99.6 % (total),",99.6,Not Specified %,1955
237.918,28.308,0.028308,None kPa,N/A,8497,['C'],A,Vacuum adiabatic calorimetry,"origin: commercial source,99.6 % (total),",99.6,Not Specified %,1955
241.629,28.4453,0.0284453,None kPa,N/A,8497,['C'],A,Vacuum adiabatic calorimetry,"origin: commercial source,99.6 % (total),",99.6,Not Specified %,1955
25.0,18.7951,0.0187951,None kPa,N/A,8500,['C'],A,Vacuum adiabatic calorimetry,"origin: commercial source,99.6 % (total),",99.6,Not Specified %,1955
30.0,20.5114,0.0205114,None kPa,N/A,8500,['C'],A,Vacuum adiabatic calorimetry,"origin: commercial source,99.6 % (total),",99.6,Not Specified %,1955
35.0,21.5579,0.0215579,None kPa,N/A,8500,['C'],A,Vacuum adiabatic calorimetry,"origin: commercial source,99.6 % (total),",99.6,Not Specified %,1955
40.0,22.3951,0.0223951,None kPa,N/A,8500,['C'],A,Vacuum adiabatic calorimetry,"origin: commercial source,99.6 % (total),",99.6,Not Specified %,1955
45.0,22.8974,0.0228974,None kPa,N/A,8500,['C'],A,Vacuum adiabatic calorimetry,"origin: commercial source,99.6 % (total),",99.6,Not Specified %,1955
50.0,23.3579,0.0233579,None kPa,N/A,8500,['C'],A,Vacuum adiabatic calorimetry,"origin: commercial source,99.6 % (total),",99.6,Not Specified %,1955
55.0,23.7765,0.0237765,None kPa,N/A,8500,['C'],A,Vacuum adiabatic calorimetry,"origin: commercial source,99.6 % (total),",99.6,Not Specified %,1955
60.0,24.1114,0.0241114,None kPa,N/A,8500,['C'],A,Vacuum adiabatic calorimetry,"origin: commercial source,99.6 % (total),",99.6,Not Specified %,1955
70.0,24.5718,0.0245718,None kPa,N/A,8500,['C'],A,Vacuum adiabatic calorimetry,"origin: commercial source,99.6 % (total),",99.6,Not Specified %,1955
80.0,24.9904,0.0249904,None kPa,N/A,8500,['C'],A,Vacuum adiabatic calorimetry,"origin: commercial source,99.6 % (total),",99.6,Not Specified %,1955
90.0,25.3672,0.0253672,None kPa,N/A,8500,['C'],A,Vacuum adiabatic calorimetry,"origin: commercial source,99.6 % (total),",99.6,Not Specified %,1955
100.0,25.5346,0.0255346,None kPa,N/A,8500,['C'],A,Vacuum adiabatic calorimetry,"origin: commercial source,99.6 % (total),",99.6,Not Specified %,1955
110.0,25.702,0.025702,None kPa,N/A,8500,['C'],A,Vacuum adiabatic calorimetry,"origin: commercial source,99.6 % (total),",99.6,Not Specified %,1955
120.0,25.9113,0.0259113,None kPa,N/A,8500,['C'],A,Vacuum adiabatic calorimetry,"origin: commercial source,99.6 % (total),",99.6,Not Specified %,1955
130.0,26.1206,0.0261206,None kPa,N/A,8500,['C'],A,Vacuum adiabatic calorimetry,"origin: commercial source,99.6 % (total),",99.6,Not Specified %,1955
140.0,26.3718,0.0263718,None kPa,N/A,8500,['C'],A,Vacuum adiabatic calorimetry,"origin: commercial source,99.6 % (total),",99.6,Not Specified %,1955
150.0,26.5811,0.0265811,None kPa,N/A,8500,['C'],A,Vacuum adiabatic calorimetry,"origin: commercial source,99.6 % (total),",99.6,Not Specified %,1955
160.0,26.8323,0.0268323,None kPa,N/A,8500,['C'],A,Vacuum adiabatic calorimetry,"origin: commercial source,99.6 % (total),",99.6,Not Specified %,1955
170.0,26.4974,0.0264974,None kPa,N/A,8500,['C'],A,Vacuum adiabatic calorimetry,"origin: commercial source,99.6 % (total),",99.6,Not Specified %,1955
180.0,26.7067,0.0267067,None kPa,N/A,8500,['C'],A,Vacuum adiabatic calorimetry,"origin: commercial source,99.6 % (total),",99.6,Not Specified %,1955
190.0,26.8741,0.0268741,None kPa,N/A,8500,['C'],A,Vacuum adiabatic calorimetry,"origin: commercial source,99.6 % (total),",99.6,Not Specified %,1955
200.0,27.0416,0.0270416,None kPa,N/A,8500,['C'],A,Vacuum adiabatic calorimetry,"origin: commercial source,99.6 % (total),",99.6,Not Specified %,1955
210.0,27.209,0.027209,None kPa,N/A,8500,['C'],A,Vacuum adiabatic calorimetry,"origin: commercial source,99.6 % (total),",99.6,Not Specified %,1955
220.0,27.4183,0.0274183,None kPa,N/A,8500,['C'],A,Vacuum adiabatic calorimetry,"origin: commercial source,99.6 % (total),",99.6,Not Specified %,1955
230.0,27.6276,0.0276276,None kPa,N/A,8500,['C'],A,Vacuum adiabatic calorimetry,"origin: commercial source,99.6 % (total),",99.6,Not Specified %,1955
240.0,27.8369,0.0278369,None kPa,N/A,8500,['C'],A,Vacuum adiabatic calorimetry,"origin: commercial source,99.6 % (total),",99.6,Not Specified %,1955
250.0,28.0462,0.0280462,None kPa,N/A,8500,['C'],A,Vacuum adiabatic calorimetry,"origin: commercial source,99.6 % (total),",99.6,Not Specified %,1955
260.0,28.2974,0.0282974,None kPa,N/A,8500,['C'],A,Vacuum adiabatic calorimetry,"origin: commercial source,99.6 % (total),",99.6,Not Specified %,1955
270.0,28.5485,0.0285485,None kPa,N/A,8500,['C'],A,Vacuum adiabatic calorimetry,"origin: commercial source,99.6 % (total),",99.6,Not Specified %,1955
273.15,28.6741,0.0286741,None kPa,N/A,8500,['C'],A,Vacuum adiabatic calorimetry,"origin: commercial source,99.6 % (total),",99.6,Not Specified %,1955
280.0,28.8834,0.0288834,None kPa,N/A,8500,['C'],A,Vacuum adiabatic calorimetry,"origin: commercial source,99.6 % (total),",99.6,Not Specified %,1955
290.0,29.2601,0.0292601,None kPa,N/A,8500,['C'],A,Vacuum adiabatic calorimetry,"origin: commercial source,99.6 % (total),",99.6,Not Specified %,1955
298.15,29.595,0.029595,None kPa,N/A,8500,['C'],A,Vacuum adiabatic calorimetry,"origin: commercial source,99.6 % (total),",99.6,Not Specified %,1955
300.0,29.6787,0.0296787,None kPa,N/A,8500,['C'],A,Vacuum adiabatic calorimetry,"origin: commercial source,99.6 % (total),",99.6,Not Specified %,1955
310.0,30.1811,0.0301811,None kPa,N/A,8500,['C'],A,Vacuum adiabatic calorimetry,"origin: commercial source,99.6 % (total),",99.6,Not Specified %,1955
320.0,30.809,0.030809,None kPa,N/A,8500,['C'],A,Vacuum adiabatic calorimetry,"origin: commercial source,99.6 % (total),",99.6,Not Specified %,1955
330.0,31.688,0.031688,None kPa,N/A,8500,['C'],A,Vacuum adiabatic calorimetry,"origin: commercial source,99.6 % (total),",99.6,Not Specified %,1955
99.044,25.3724,0.0253724,None kPa,N/A,8501,['C'],A,Vacuum adiabatic calorimetry,"origin: commercial source,99.6 % (total),",99.6,Not Specified %,1955
103.55,25.5122,0.0255122,None kPa,N/A,8501,['C'],A,Vacuum adiabatic calorimetry,"origin: commercial source,99.6 % (total),",99.6,Not Specified %,1955
108.909,25.7064,0.0257064,None kPa,N/A,8501,['C'],A,Vacuum adiabatic calorimetry,"origin: commercial source,99.6 % (total),",99.6,Not Specified %,1955
116.912,25.911,0.025911,None kPa,N/A,8501,['C'],A,Vacuum adiabatic calorimetry,"origin: commercial source,99.6 % (total),",99.6,Not Specified %,1955
130.331,26.1947,0.0261947,None kPa,N/A,8501,['C'],A,Vacuum adiabatic calorimetry,"origin: commercial source,99.6 % (total),",99.6,Not Specified %,1955
141.005,26.4033,0.0264033,None kPa,N/A,8501,['C'],A,Vacuum adiabatic calorimetry,"origin: commercial source,99.6 % (total),",99.6,Not Specified %,1955
146.627,26.5097,0.0265097,None kPa,N/A,8501,['C'],A,Vacuum adiabatic calorimetry,"origin: commercial source,99.6 % (total),",99.6,Not Specified %,1955
151.441,26.7018,0.0267018,None kPa,N/A,8501,['C'],A,Vacuum adiabatic calorimetry,"origin: commercial source,99.6 % (total),",99.6,Not Specified %,1955
155.404,26.7999,0.0267999,None kPa,N/A,8501,['C'],A,Vacuum adiabatic calorimetry,"origin: commercial source,99.6 % (total),",99.6,Not Specified %,1955
160.173,26.8541,0.0268541,None kPa,N/A,8501,['C'],A,Vacuum adiabatic calorimetry,"origin: commercial source,99.6 % (total),",99.6,Not Specified %,1955
163.799,26.948,0.026948,None kPa,N/A,8501,['C'],A,Vacuum adiabatic calorimetry,"origin: commercial source,99.6 % (total),",99.6,Not Specified %,1955
166.597,26.9938,0.0269938,None kPa,N/A,8501,['C'],A,Vacuum adiabatic calorimetry,"origin: commercial source,99.6 % (total),",99.6,Not Specified %,1955
170.331,26.9979,0.0269979,None kPa,N/A,8501,['C'],A,Vacuum adiabatic calorimetry,"origin: commercial source,99.6 % (total),",99.6,Not Specified %,1955
174.891,27.0729,0.0270729,None kPa,N/A,8501,['C'],A,Vacuum adiabatic calorimetry,"origin: commercial source,99.6 % (total),",99.6,Not Specified %,1955
188.777,27.3545,0.0273545,None kPa,N/A,8501,['C'],A,Vacuum adiabatic calorimetry,"origin: commercial source,99.6 % (total),",99.6,Not Specified %,1955
204.296,27.6424,0.0276424,None kPa,N/A,8501,['C'],A,Vacuum adiabatic calorimetry,"origin: commercial source,99.6 % (total),",99.6,Not Specified %,1955
69.914,24.4008,0.0244008,None kPa,N/A,8502,['C'],A,Vacuum adiabatic calorimetry,"origin: commercial source,99.6 % (total),",99.6,Not Specified %,1955
76.379,24.8145,0.0248145,None kPa,N/A,8502,['C'],A,Vacuum adiabatic calorimetry,"origin: commercial source,99.6 % (total),",99.6,Not Specified %,1955
81.78,25.1265,0.0251265,None kPa,N/A,8502,['C'],A,Vacuum adiabatic calorimetry,"origin: commercial source,99.6 % (total),",99.6,Not Specified %,1955
84.984,25.2658,0.0252658,None kPa,N/A,8502,['C'],A,Vacuum adiabatic calorimetry,"origin: commercial source,99.6 % (total),",99.6,Not Specified %,1955
87.82,25.3553,0.0253553,None kPa,N/A,8502,['C'],A,Vacuum adiabatic calorimetry,"origin: commercial source,99.6 % (total),",99.6,Not Specified %,1955
91.893,25.4148,0.0254148,None kPa,N/A,8502,['C'],A,Vacuum adiabatic calorimetry,"origin: commercial source,99.6 % (total),",99.6,Not Specified %,1955
98.351,25.4975,0.0254975,None kPa,N/A,8502,['C'],A,Vacuum adiabatic calorimetry,"origin: commercial source,99.6 % (total),",99.6,Not Specified %,1955
111.591,25.8089,0.0258089,None kPa,N/A,8502,['C'],A,Vacuum adiabatic calorimetry,"origin: commercial source,99.6 % (total),",99.6,Not Specified %,1955
121.584,26.0175,0.0260175,None kPa,N/A,8502,['C'],A,Vacuum adiabatic calorimetry,"origin: commercial source,99.6 % (total),",99.6,Not Specified %,1955
131.455,26.1897,0.0261897,None kPa,N/A,8502,['C'],A,Vacuum adiabatic calorimetry,"origin: commercial source,99.6 % (total),",99.6,Not Specified %,1955
132.981,26.1299,0.0261299,None kPa,N/A,8502,['C'],A,Vacuum adiabatic calorimetry,"origin: commercial source,99.6 % (total),",99.6,Not Specified %,1955
136.724,26.1895,0.0261895,None kPa,N/A,8502,['C'],A,Vacuum adiabatic calorimetry,"origin: commercial source,99.6 % (total),",99.6,Not Specified %,1955
139.849,26.2557,0.0262557,None kPa,N/A,8502,['C'],A,Vacuum adiabatic calorimetry,"origin: commercial source,99.6 % (total),",99.6,Not Specified %,1955
142.108,26.3584,0.0263584,None kPa,N/A,8502,['C'],A,Vacuum adiabatic calorimetry,"origin: commercial source,99.6 % (total),",99.6,Not Specified %,1955
148.888,26.6204,0.0266204,None kPa,N/A,8502,['C'],A,Vacuum adiabatic calorimetry,"origin: commercial source,99.6 % (total),",99.6,Not Specified %,1955
155.137,26.8026,0.0268026,None kPa,N/A,8502,['C'],A,Vacuum adiabatic calorimetry,"origin: commercial source,99.6 % (total),",99.6,Not Specified %,1955
159.374,26.8522,0.0268522,None kPa,N/A,8502,['C'],A,Vacuum adiabatic calorimetry,"origin: commercial source,99.6 % (total),",99.6,Not Specified %,1955
161.719,26.8753,0.0268753,None kPa,N/A,8502,['C'],A,Vacuum adiabatic calorimetry,"origin: commercial source,99.6 % (total),",99.6,Not Specified %,1955
166.774,27.0543,0.0270543,None kPa,N/A,8502,['C'],A,Vacuum adiabatic calorimetry,"origin: commercial source,99.6 % (total),",99.6,Not Specified %,1955
172.447,27.2134,0.0272134,None kPa,N/A,8502,['C'],A,Vacuum adiabatic calorimetry,"origin: commercial source,99.6 % (total),",99.6,Not Specified %,1955
176.89,27.2663,0.0272663,None kPa,N/A,8502,['C'],A,Vacuum adiabatic calorimetry,"origin: commercial source,99.6 % (total),",99.6,Not Specified %,1955
179.525,27.2462,0.0272462,None kPa,N/A,8502,['C'],A,Vacuum adiabatic calorimetry,"origin: commercial source,99.6 % (total),",99.6,Not Specified %,1955
183.274,27.1863,0.0271863,None kPa,N/A,8502,['C'],A,Vacuum adiabatic calorimetry,"origin: commercial source,99.6 % (total),",99.6,Not Specified %,1955
185.291,27.1697,0.0271697,None kPa,N/A,8502,['C'],A,Vacuum adiabatic calorimetry,"origin: commercial source,99.6 % (total),",99.6,Not Specified %,1955
207.252,27.6001,0.0276001,None kPa,N/A,8502,['C'],A,Vacuum adiabatic calorimetry,"origin: commercial source,99.6 % (total),",99.6,Not Specified %,1955
57.227,23.8619,0.0238619,None kPa,N/A,8495,['C'],A,Vacuum adiabatic calorimetry,"origin: commercial source,99.6 % (total),",99.6,Not Specified %,1955
61.134,24.1567,0.0241567,None kPa,N/A,8495,['C'],A,Vacuum adiabatic calorimetry,"origin: commercial source,99.6 % (total),",99.6,Not Specified %,1955
66.087,24.4436,0.0244436,None kPa,N/A,8495,['C'],A,Vacuum adiabatic calorimetry,"origin: commercial source,99.6 % (total),",99.6,Not Specified %,1955
70.361,24.5725,0.0245725,None kPa,N/A,8495,['C'],A,Vacuum adiabatic calorimetry,"origin: commercial source,99.6 % (total),",99.6,Not Specified %,1955
72.417,24.6304,0.0246304,None kPa,N/A,8495,['C'],A,Vacuum adiabatic calorimetry,"origin: commercial source,99.6 % (total),",99.6,Not Specified %,1955
77.827,24.9172,0.0249172,None kPa,N/A,8495,['C'],A,Vacuum adiabatic calorimetry,"origin: commercial source,99.6 % (total),",99.6,Not Specified %,1955
82.391,25.1409,0.0251409,None kPa,N/A,8495,['C'],A,Vacuum adiabatic calorimetry,"origin: commercial source,99.6 % (total),",99.6,Not Specified %,1955
86.76,25.3251,0.0253251,None kPa,N/A,8495,['C'],A,Vacuum adiabatic calorimetry,"origin: commercial source,99.6 % (total),",99.6,Not Specified %,1955
90.415,25.4119,0.0254119,None kPa,N/A,8495,['C'],A,Vacuum adiabatic calorimetry,"origin: commercial source,99.6 % (total),",99.6,Not Specified %,1955
95.739,25.4564,0.0254564,None kPa,N/A,8495,['C'],A,Vacuum adiabatic calorimetry,"origin: commercial source,99.6 % (total),",99.6,Not Specified %,1955
107.197,25.6482,0.0256482,None kPa,N/A,8495,['C'],A,Vacuum adiabatic calorimetry,"origin: commercial source,99.6 % (total),",99.6,Not Specified %,1955
119.469,25.9032,0.0259032,None kPa,N/A,8495,['C'],A,Vacuum adiabatic calorimetry,"origin: commercial source,99.6 % (total),",99.6,Not Specified %,1955
121.915,26.0163,0.0260163,None kPa,N/A,8495,['C'],A,Vacuum adiabatic calorimetry,"origin: commercial source,99.6 % (total),",99.6,Not Specified %,1955
124.363,26.0636,0.0260636,None kPa,N/A,8495,['C'],A,Vacuum adiabatic calorimetry,"origin: commercial source,99.6 % (total),",99.6,Not Specified %,1955
127.629,26.0846,0.0260846,None kPa,N/A,8495,['C'],A,Vacuum adiabatic calorimetry,"origin: commercial source,99.6 % (total),",99.6,Not Specified %,1955
129.556,26.0792,0.0260792,None kPa,N/A,8495,['C'],A,Vacuum adiabatic calorimetry,"origin: commercial source,99.6 % (total),",99.6,Not Specified %,1955
132.071,26.1081,0.0261081,None kPa,N/A,8495,['C'],A,Vacuum adiabatic calorimetry,"origin: commercial source,99.6 % (total),",99.6,Not Specified %,1955
134.422,26.1238,0.0261238,None kPa,N/A,8495,['C'],A,Vacuum adiabatic calorimetry,"origin: commercial source,99.6 % (total),",99.6,Not Specified %,1955
136.119,26.1632,0.0261632,None kPa,N/A,8495,['C'],A,Vacuum adiabatic calorimetry,"origin: commercial source,99.6 % (total),",99.6,Not Specified %,1955
139.676,26.25,0.02625,None kPa,N/A,8495,['C'],A,Vacuum adiabatic calorimetry,"origin: commercial source,99.6 % (total),",99.6,Not Specified %,1955
142.84,26.371,0.026371,None kPa,N/A,8495,['C'],A,Vacuum adiabatic calorimetry,"origin: commercial source,99.6 % (total),",99.6,Not Specified %,1955
148.419,26.5446,0.0265446,None kPa,N/A,8495,['C'],A,Vacuum adiabatic calorimetry,"origin: commercial source,99.6 % (total),",99.6,Not Specified %,1955
155.01,26.7261,0.0267261,None kPa,N/A,8495,['C'],A,Vacuum adiabatic calorimetry,"origin: commercial source,99.6 % (total),",99.6,Not Specified %,1955
169.922,27.1232,0.0271232,None kPa,N/A,8495,['C'],A,Vacuum adiabatic calorimetry,"origin: commercial source,99.6 % (total),",99.6,Not Specified %,1955
172.893,27.1625,0.0271625,None kPa,N/A,8495,['C'],A,Vacuum adiabatic calorimetry,"origin: commercial source,99.6 % (total),",99.6,Not Specified %,1955
175.631,27.3178,0.0273178,None kPa,N/A,8495,['C'],A,Vacuum adiabatic calorimetry,"origin: commercial source,99.6 % (total),",99.6,Not Specified %,1955
178.275,27.3546,0.0273546,None kPa,N/A,8495,['C'],A,Vacuum adiabatic calorimetry,"origin: commercial source,99.6 % (total),",99.6,Not Specified %,1955
182.029,27.4229,0.0274229,None kPa,N/A,8495,['C'],A,Vacuum adiabatic calorimetry,"origin: commercial source,99.6 % (total),",99.6,Not Specified %,1955
186.634,27.4648,0.0274648,None kPa,N/A,8495,['C'],A,Vacuum adiabatic calorimetry,"origin: commercial source,99.6 % (total),",99.6,Not Specified %,1955
188.89,27.4305,0.0274305,None kPa,N/A,8495,['C'],A,Vacuum adiabatic calorimetry,"origin: commercial source,99.6 % (total),",99.6,Not Specified %,1955
190.429,27.333,0.027333,None kPa,N/A,8495,['C'],A,Vacuum adiabatic calorimetry,"origin: commercial source,99.6 % (total),",99.6,Not Specified %,1955
191.315,27.2592,0.0272592,None kPa,N/A,8495,['C'],A,Vacuum adiabatic calorimetry,"origin: commercial source,99.6 % (total),",99.6,Not Specified %,1955
203.947,27.5036,0.0275036,None kPa,N/A,8495,['C'],A,Vacuum adiabatic calorimetry,"origin: commercial source,99.6 % (total),",99.6,Not Specified %,1955
218.83,27.8243,0.0278243,None kPa,N/A,8495,['C'],A,Vacuum adiabatic calorimetry,"origin: commercial source,99.6 % (total),",99.6,Not Specified %,1955
235.049,28.2213,0.0282213,None kPa,N/A,8495,['C'],A,Vacuum adiabatic calorimetry,"origin: commercial source,99.6 % (total),",99.6,Not Specified %,1955
241.248,28.4054,0.0284054,None kPa,N/A,8495,['C'],A,Vacuum adiabatic calorimetry,"origin: commercial source,99.6 % (total),",99.6,Not Specified %,1955
246.957,28.5922,0.0285922,None kPa,N/A,8495,['C'],A,Vacuum adiabatic calorimetry,"origin: commercial source,99.6 % (total),",99.6,Not Specified %,1955
23.244,18.414,0.018414,None kPa,N/A,8496,['C'],A,Vacuum adiabatic calorimetry,"origin: commercial source,99.6 % (total),",99.6,Not Specified %,1955
24.822,19.0246,0.0190246,None kPa,N/A,8496,['C'],A,Vacuum adiabatic calorimetry,"origin: commercial source,99.6 % (total),",99.6,Not Specified %,1955
27.006,19.8973,0.0198973,None kPa,N/A,8496,['C'],A,Vacuum adiabatic calorimetry,"origin: commercial source,99.6 % (total),",99.6,Not Specified %,1955
32.708,21.2544,0.0212544,None kPa,N/A,8496,['C'],A,Vacuum adiabatic calorimetry,"origin: commercial source,99.6 % (total),",99.6,Not Specified %,1955
40.637,22.5352,0.0225352,None kPa,N/A,8496,['C'],A,Vacuum adiabatic calorimetry,"origin: commercial source,99.6 % (total),",99.6,Not Specified %,1955
46.863,23.2218,0.0232218,None kPa,N/A,8496,['C'],A,Vacuum adiabatic calorimetry,"origin: commercial source,99.6 % (total),",99.6,Not Specified %,1955
57.324,24.0179,0.0240179,None kPa,N/A,8496,['C'],A,Vacuum adiabatic calorimetry,"origin: commercial source,99.6 % (total),",99.6,Not Specified %,1955
63.566,24.3362,0.0243362,None kPa,N/A,8496,['C'],A,Vacuum adiabatic calorimetry,"origin: commercial source,99.6 % (total),",99.6,Not Specified %,1955
69.113,24.5483,0.0245483,None kPa,N/A,8496,['C'],A,Vacuum adiabatic calorimetry,"origin: commercial source,99.6 % (total),",99.6,Not Specified %,1955
77.492,24.9429,0.0249429,None kPa,N/A,8496,['C'],A,Vacuum adiabatic calorimetry,"origin: commercial source,99.6 % (total),",99.6,Not Specified %,1955
83.696,25.2214,0.0252214,None kPa,N/A,8496,['C'],A,Vacuum adiabatic calorimetry,"origin: commercial source,99.6 % (total),",99.6,Not Specified %,1955
89.367,25.4203,0.0254203,None kPa,N/A,8496,['C'],A,Vacuum adiabatic calorimetry,"origin: commercial source,99.6 % (total),",99.6,Not Specified %,1955
94.097,25.5097,0.0255097,None kPa,N/A,8496,['C'],A,Vacuum adiabatic calorimetry,"origin: commercial source,99.6 % (total),",99.6,Not Specified %,1955
98.295,25.5095,0.0255095,None kPa,N/A,8496,['C'],A,Vacuum adiabatic calorimetry,"origin: commercial source,99.6 % (total),",99.6,Not Specified %,1955
102.984,25.5789,0.0255789,None kPa,N/A,8496,['C'],A,Vacuum adiabatic calorimetry,"origin: commercial source,99.6 % (total),",99.6,Not Specified %,1955
118.487,25.9002,0.0259002,None kPa,N/A,8496,['C'],A,Vacuum adiabatic calorimetry,"origin: commercial source,99.6 % (total),",99.6,Not Specified %,1955
139.214,26.3274,0.0263274,None kPa,N/A,8496,['C'],A,Vacuum adiabatic calorimetry,"origin: commercial source,99.6 % (total),",99.6,Not Specified %,1955
158.704,26.7746,0.0267746,None kPa,N/A,8496,['C'],A,Vacuum adiabatic calorimetry,"origin: commercial source,99.6 % (total),",99.6,Not Specified %,1955
179.714,27.3013,0.0273013,None kPa,N/A,8496,['C'],A,Vacuum adiabatic calorimetry,"origin: commercial source,99.6 % (total),",99.6,Not Specified %,1955
202.244,27.8977,0.0278977,None kPa,N/A,8496,['C'],A,Vacuum adiabatic calorimetry,"origin: commercial source,99.6 % (total),",99.6,Not Specified %,1955
212.192,28.1694,0.0281694,None kPa,N/A,8496,['C'],A,Vacuum adiabatic calorimetry,"origin: commercial source,99.6 % (total),",99.6,Not Specified %,1955
215.362,28.1759,0.0281759,None kPa,N/A,8496,['C'],A,Vacuum adiabatic calorimetry,"origin: commercial source,99.6 % (total),",99.6,Not Specified %,1955
218.614,28.1492,0.0281492,None kPa,N/A,8496,['C'],A,Vacuum adiabatic calorimetry,"origin: commercial source,99.6 % (total),",99.6,Not Specified %,1955
221.13,28.0562,0.0280562,None kPa,N/A,8496,['C'],A,Vacuum adiabatic calorimetry,"origin: commercial source,99.6 % (total),",99.6,Not Specified %,1955
223.482,27.92,0.02792,None kPa,N/A,8496,['C'],A,Vacuum adiabatic calorimetry,"origin: commercial source,99.6 % (total),",99.6,Not Specified %,1955
242.473,28.49,0.02849,None kPa,N/A,8496,['C'],A,Vacuum adiabatic calorimetry,"origin: commercial source,99.6 % (total),",99.6,Not Specified %,1955
259.365,29.0402,0.0290402,None kPa,N/A,8496,['C'],A,Vacuum adiabatic calorimetry,"origin: commercial source,99.6 % (total),",99.6,Not Specified %,1955
267.461,29.3418,0.0293418,None kPa,N/A,8496,['C'],A,Vacuum adiabatic calorimetry,"origin: commercial source,99.6 % (total),",99.6,Not Specified %,1955
278.267,29.7661,0.0297661,None kPa,N/A,8496,['C'],A,Vacuum adiabatic calorimetry,"origin: commercial source,99.6 % (total),",99.6,Not Specified %,1955
285.989,30.1375,0.0301375,None kPa,N/A,8496,['C'],A,Vacuum adiabatic calorimetry,"origin: commercial source,99.6 % (total),",99.6,Not Specified %,1955
294.571,30.5951,0.0305951,None kPa,N/A,8496,['C'],A,Vacuum adiabatic calorimetry,"origin: commercial source,99.6 % (total),",99.6,Not Specified %,1955
302.0,31.0893,0.0310893,None kPa,N/A,8496,['C'],A,Vacuum adiabatic calorimetry,"origin: commercial source,99.6 % (total),",99.6,Not Specified %,1955
141.818,26.3737,0.0263737,None kPa,N/A,8497,['C'],A,Vacuum adiabatic calorimetry,"origin: commercial source,99.6 % (total),",99.6,Not Specified %,1955
147.235,26.5167,0.0265167,None kPa,N/A,8497,['C'],A,Vacuum adiabatic calorimetry,"origin: commercial source,99.6 % (total),",99.6,Not Specified %,1955
152.072,26.6193,0.0266193,None kPa,N/A,8497,['C'],A,Vacuum adiabatic calorimetry,"origin: commercial source,99.6 % (total),",99.6,Not Specified %,1955
154.995,26.688,0.026688,None kPa,N/A,8497,['C'],A,Vacuum adiabatic calorimetry,"origin: commercial source,99.6 % (total),",99.6,Not Specified %,1955
161.235,26.8573,0.0268573,None kPa,N/A,8497,['C'],A,Vacuum adiabatic calorimetry,"origin: commercial source,99.6 % (total),",99.6,Not Specified %,1955
167.464,27.0153,0.0270153,None kPa,N/A,8497,['C'],A,Vacuum adiabatic calorimetry,"origin: commercial source,99.6 % (total),",99.6,Not Specified %,1955
173.484,27.1414,0.0271414,None kPa,N/A,8497,['C'],A,Vacuum adiabatic calorimetry,"origin: commercial source,99.6 % (total),",99.6,Not Specified %,1955
179.863,27.337,0.027337,None kPa,N/A,8497,['C'],A,Vacuum adiabatic calorimetry,"origin: commercial source,99.6 % (total),",99.6,Not Specified %,1955
186.022,27.4997,0.0274997,None kPa,N/A,8497,['C'],A,Vacuum adiabatic calorimetry,"origin: commercial source,99.6 % (total),",99.6,Not Specified %,1955
192.285,27.6756,0.0276756,None kPa,N/A,8497,['C'],A,Vacuum adiabatic calorimetry,"origin: commercial source,99.6 % (total),",99.6,Not Specified %,1955
198.687,27.8402,0.0278402,None kPa,N/A,8497,['C'],A,Vacuum adiabatic calorimetry,"origin: commercial source,99.6 % (total),",99.6,Not Specified %,1955
205.659,27.988,0.027988,None kPa,N/A,8497,['C'],A,Vacuum adiabatic calorimetry,"origin: commercial source,99.6 % (total),",99.6,Not Specified %,1955
212.26,28.1076,0.0281076,None kPa,N/A,8497,['C'],A,Vacuum adiabatic calorimetry,"origin: commercial source,99.6 % (total),",99.6,Not Specified %,1955
215.31,28.1941,0.0281941,None kPa,N/A,8497,['C'],A,Vacuum adiabatic calorimetry,"origin: commercial source,99.6 % (total),",99.6,Not Specified %,1955
218.549,28.1934,0.0281934,None kPa,N/A,8497,['C'],A,Vacuum adiabatic calorimetry,"origin: commercial source,99.6 % (total),",99.6,Not Specified %,1955
221.71,28.0537,0.0280537,None kPa,N/A,8497,['C'],A,Vacuum adiabatic calorimetry,"origin: commercial source,99.6 % (total),",99.6,Not Specified %,1955
225.193,28.0295,0.0280295,None kPa,N/A,8497,['C'],A,Vacuum adiabatic calorimetry,"origin: commercial source,99.6 % (total),",99.6,Not Specified %,1955
228.626,28.1282,0.0281282,None kPa,N/A,8497,['C'],A,Vacuum adiabatic calorimetry,"origin: commercial source,99.6 % (total),",99.6,Not Specified %,1955
231.689,28.1697,0.0281697,None kPa,N/A,8497,['C'],A,Vacuum adiabatic calorimetry,"origin: commercial source,99.6 % (total),",99.6,Not Specified %,1955
234.623,28.2553,0.0282553,None kPa,N/A,8497,['C'],A,Vacuum adiabatic calorimetry,"origin: commercial source,99.6 % (total),",99.6,Not Specified %,1955
237.918,28.308,0.028308,None kPa,N/A,8497,['C'],A,Vacuum adiabatic calorimetry,"origin: commercial source,99.6 % (total),",99.6,Not Specified %,1955
241.629,28.4453,0.0284453,None kPa,N/A,8497,['C'],A,Vacuum adiabatic calorimetry,"origin: commercial source,99.6 % (total),",99.6,Not Specified %,1955
25.0,18.7951,0.0187951,None kPa,N/A,8500,['C'],A,Vacuum adiabatic calorimetry,"origin: commercial source,99.6 % (total),",99.6,Not Specified %,1955
30.0,20.5114,0.0205114,None kPa,N/A,8500,['C'],A,Vacuum adiabatic calorimetry,"origin: commercial source,99.6 % (total),",99.6,Not Specified %,1955
35.0,21.5579,0.0215579,None kPa,N/A,8500,['C'],A,Vacuum adiabatic calorimetry,"origin: commercial source,99.6 % (total),",99.6,Not Specified %,1955
40.0,22.3951,0.0223951,None kPa,N/A,8500,['C'],A,Vacuum adiabatic calorimetry,"origin: commercial source,99.6 % (total),",99.6,Not Specified %,1955
45.0,22.8974,0.0228974,None kPa,N/A,8500,['C'],A,Vacuum adiabatic calorimetry,"origin: commercial source,99.6 % (total),",99.6,Not Specified %,1955
50.0,23.3579,0.0233579,None kPa,N/A,8500,['C'],A,Vacuum adiabatic calorimetry,"origin: commercial source,99.6 % (total),",99.6,Not Specified %,1955
55.0,23.7765,0.0237765,None kPa,N/A,8500,['C'],A,Vacuum adiabatic calorimetry,"origin: commercial source,99.6 % (total),",99.6,Not Specified %,1955
60.0,24.1114,0.0241114,None kPa,N/A,8500,['C'],A,Vacuum adiabatic calorimetry,"origin: commercial source,99.6 % (total),",99.6,Not Specified %,1955
70.0,24.5718,0.0245718,None kPa,N/A,8500,['C'],A,Vacuum adiabatic calorimetry,"origin: commercial source,99.6 % (total),",99.6,Not Specified %,1955
80.0,24.9904,0.0249904,None kPa,N/A,8500,['C'],A,Vacuum adiabatic calorimetry,"origin: commercial source,99.6 % (total),",99.6,Not Specified %,1955
90.0,25.3672,0.0253672,None kPa,N/A,8500,['C'],A,Vacuum adiabatic calorimetry,"origin: commercial source,99.6 % (total),",99.6,Not Specified %,1955
100.0,25.5346,0.0255346,None kPa,N/A,8500,['C'],A,Vacuum adiabatic calorimetry,"origin: commercial source,99.6 % (total),",99.6,Not Specified %,1955
110.0,25.702,0.025702,None kPa,N/A,8500,['C'],A,Vacuum adiabatic calorimetry,"origin: commercial source,99.6 % (total),",99.6,Not Specified %,1955
120.0,25.9113,0.0259113,None kPa,N/A,8500,['C'],A,Vacuum adiabatic calorimetry,"origin: commercial source,99.6 % (total),",99.6,Not Specified %,1955
130.0,26.1206,0.0261206,None kPa,N/A,8500,['C'],A,Vacuum adiabatic calorimetry,"origin: commercial source,99.6 % (total),",99.6,Not Specified %,1955
140.0,26.3718,0.0263718,None kPa,N/A,8500,['C'],A,Vacuum adiabatic calorimetry,"origin: commercial source,99.6 % (total),",99.6,Not Specified %,1955
150.0,26.5811,0.0265811,None kPa,N/A,8500,['C'],A,Vacuum adiabatic calorimetry,"origin: commercial source,99.6 % (total),",99.6,Not Specified %,1955
160.0,26.8323,0.0268323,None kPa,N/A,8500,['C'],A,Vacuum adiabatic calorimetry,"origin: commercial source,99.6 % (total),",99.6,Not Specified %,1955
170.0,26.4974,0.0264974,None kPa,N/A,8500,['C'],A,Vacuum adiabatic calorimetry,"origin: commercial source,99.6 % (total),",99.6,Not Specified %,1955
180.0,26.7067,0.0267067,None kPa,N/A,8500,['C'],A,Vacuum adiabatic calorimetry,"origin: commercial source,99.6 % (total),",99.6,Not Specified %,1955
190.0,26.8741,0.0268741,None kPa,N/A,8500,['C'],A,Vacuum adiabatic calorimetry,"origin: commercial source,99.6 % (total),",99.6,Not Specified %,1955
200.0,27.0416,0.0270416,None kPa,N/A,8500,['C'],A,Vacuum adiabatic calorimetry,"origin: commercial source,99.6 % (total),",99.6,Not Specified %,1955
210.0,27.209,0.027209,None kPa,N/A,8500,['C'],A,Vacuum adiabatic calorimetry,"origin: commercial source,99.6 % (total),",99.6,Not Specified %,1955
220.0,27.4183,0.0274183,None kPa,N/A,8500,['C'],A,Vacuum adiabatic calorimetry,"origin: commercial source,99.6 % (total),",99.6,Not Specified %,1955
230.0,27.6276,0.0276276,None kPa,N/A,8500,['C'],A,Vacuum adiabatic calorimetry,"origin: commercial source,99.6 % (total),",99.6,Not Specified %,1955
240.0,27.8369,0.0278369,None kPa,N/A,8500,['C'],A,Vacuum adiabatic calorimetry,"origin: commercial source,99.6 % (total),",99.6,Not Specified %,1955
250.0,28.0462,0.0280462,None kPa,N/A,8500,['C'],A,Vacuum adiabatic calorimetry,"origin: commercial source,99.6 % (total),",99.6,Not Specified %,1955
260.0,28.2974,0.0282974,None kPa,N/A,8500,['C'],A,Vacuum adiabatic calorimetry,"origin: commercial source,99.6 % (total),",99.6,Not Specified %,1955
270.0,28.5485,0.0285485,None kPa,N/A,8500,['C'],A,Vacuum adiabatic calorimetry,"origin: commercial source,99.6 % (total),",99.6,Not Specified %,1955
273.15,28.6741,0.0286741,None kPa,N/A,8500,['C'],A,Vacuum adiabatic calorimetry,"origin: commercial source,99.6 % (total),",99.6,Not Specified %,1955
280.0,28.8834,0.0288834,None kPa,N/A,8500,['C'],A,Vacuum adiabatic calorimetry,"origin: commercial source,99.6 % (total),",99.6,Not Specified %,1955
290.0,29.2601,0.0292601,None kPa,N/A,8500,['C'],A,Vacuum adiabatic calorimetry,"origin: commercial source,99.6 % (total),",99.6,Not Specified %,1955
298.15,29.595,0.029595,None kPa,N/A,8500,['C'],A,Vacuum adiabatic calorimetry,"origin: commercial source,99.6 % (total),",99.6,Not Specified %,1955
300.0,29.6787,0.0296787,None kPa,N/A,8500,['C'],A,Vacuum adiabatic calorimetry,"origin: commercial source,99.6 % (total),",99.6,Not Specified %,1955
310.0,30.1811,0.0301811,None kPa,N/A,8500,['C'],A,Vacuum adiabatic calorimetry,"origin: commercial source,99.6 % (total),",99.6,Not Specified %,1955
320.0,30.809,0.030809,None kPa,N/A,8500,['C'],A,Vacuum adiabatic calorimetry,"origin: commercial source,99.6 % (total),",99.6,Not Specified %,1955
330.0,31.688,0.031688,None kPa,N/A,8500,['C'],A,Vacuum adiabatic calorimetry,"origin: commercial source,99.6 % (total),",99.6,Not Specified %,1955
99.044,25.3724,0.0253724,None kPa,N/A,8501,['C'],A,Vacuum adiabatic calorimetry,"origin: commercial source,99.6 % (total),",99.6,Not Specified %,1955
103.55,25.5122,0.0255122,None kPa,N/A,8501,['C'],A,Vacuum adiabatic calorimetry,"origin: commercial source,99.6 % (total),",99.6,Not Specified %,1955
108.909,25.7064,0.0257064,None kPa,N/A,8501,['C'],A,Vacuum adiabatic calorimetry,"origin: commercial source,99.6 % (total),",99.6,Not Specified %,1955
116.912,25.911,0.025911,None kPa,N/A,8501,['C'],A,Vacuum adiabatic calorimetry,"origin: commercial source,99.6 % (total),",99.6,Not Specified %,1955
130.331,26.1947,0.0261947,None kPa,N/A,8501,['C'],A,Vacuum adiabatic calorimetry,"origin: commercial source,99.6 % (total),",99.6,Not Specified %,1955
141.005,26.4033,0.0264033,None kPa,N/A,8501,['C'],A,Vacuum adiabatic calorimetry,"origin: commercial source,99.6 % (total),",99.6,Not Specified %,1955
146.627,26.5097,0.0265097,None kPa,N/A,8501,['C'],A,Vacuum adiabatic calorimetry,"origin: commercial source,99.6 % (total),",99.6,Not Specified %,1955
151.441,26.7018,0.0267018,None kPa,N/A,8501,['C'],A,Vacuum adiabatic calorimetry,"origin: commercial source,99.6 % (total),",99.6,Not Specified %,1955
155.404,26.7999,0.0267999,None kPa,N/A,8501,['C'],A,Vacuum adiabatic calorimetry,"origin: commercial source,99.6 % (total),",99.6,Not Specified %,1955
160.173,26.8541,0.0268541,None kPa,N/A,8501,['C'],A,Vacuum adiabatic calorimetry,"origin: commercial source,99.6 % (total),",99.6,Not Specified %,1955
163.799,26.948,0.026948,None kPa,N/A,8501,['C'],A,Vacuum adiabatic calorimetry,"origin: commercial source,99.6 % (total),",99.6,Not Specified %,1955
166.597,26.9938,0.0269938,None kPa,N/A,8501,['C'],A,Vacuum adiabatic calorimetry,"origin: commercial source,99.6 % (total),",99.6,Not Specified %,1955
170.331,26.9979,0.0269979,None kPa,N/A,8501,['C'],A,Vacuum adiabatic calorimetry,"origin: commercial source,99.6 % (total),",99.6,Not Specified %,1955
174.891,27.0729,0.0270729,None kPa,N/A,8501,['C'],A,Vacuum adiabatic calorimetry,"origin: commercial source,99.6 % (total),",99.6,Not Specified %,1955
188.777,27.3545,0.0273545,None kPa,N/A,8501,['C'],A,Vacuum adiabatic calorimetry,"origin: commercial source,99.6 % (total),",99.6,Not Specified %,1955
204.296,27.6424,0.0276424,None kPa,N/A,8501,['C'],A,Vacuum adiabatic calorimetry,"origin: commercial source,99.6 % (total),",99.6,Not Specified %,1955
69.914,24.4008,0.0244008,None kPa,N/A,8502,['C'],A,Vacuum adiabatic calorimetry,"origin: commercial source,99.6 % (total),",99.6,Not Specified %,1955
76.379,24.8145,0.0248145,None kPa,N/A,8502,['C'],A,Vacuum adiabatic calorimetry,"origin: commercial source,99.6 % (total),",99.6,Not Specified %,1955
81.78,25.1265,0.0251265,None kPa,N/A,8502,['C'],A,Vacuum adiabatic calorimetry,"origin: commercial source,99.6 % (total),",99.6,Not Specified %,1955
84.984,25.2658,0.0252658,None kPa,N/A,8502,['C'],A,Vacuum adiabatic calorimetry,"origin: commercial source,99.6 % (total),",99.6,Not Specified %,1955
87.82,25.3553,0.0253553,None kPa,N/A,8502,['C'],A,Vacuum adiabatic calorimetry,"origin: commercial source,99.6 % (total),",99.6,Not Specified %,1955
91.893,25.4148,0.0254148,None kPa,N/A,8502,['C'],A,Vacuum adiabatic calorimetry,"origin: commercial source,99.6 % (total),",99.6,Not Specified %,1955
98.351,25.4975,0.0254975,None kPa,N/A,8502,['C'],A,Vacuum adiabatic calorimetry,"origin: commercial source,99.6 % (total),",99.6,Not Specified %,1955
111.591,25.8089,0.0258089,None kPa,N/A,8502,['C'],A,Vacuum adiabatic calorimetry,"origin: commercial source,99.6 % (total),",99.6,Not Specified %,1955
121.584,26.0175,0.0260175,None kPa,N/A,8502,['C'],A,Vacuum adiabatic calorimetry,"origin: commercial source,99.6 % (total),",99.6,Not Specified %,1955
131.455,26.1897,0.0261897,None kPa,N/A,8502,['C'],A,Vacuum adiabatic calorimetry,"origin: commercial source,99.6 % (total),",99.6,Not Specified %,1955
132.981,26.1299,0.0261299,None kPa,N/A,8502,['C'],A,Vacuum adiabatic calorimetry,"origin: commercial source,99.6 % (total),",99.6,Not Specified %,1955
136.724,26.1895,0.0261895,None kPa,N/A,8502,['C'],A,Vacuum adiabatic calorimetry,"origin: commercial source,99.6 % (total),",99.6,Not Specified %,1955
139.849,26.2557,0.0262557,None kPa,N/A,8502,['C'],A,Vacuum adiabatic calorimetry,"origin: commercial source,99.6 % (total),",99.6,Not Specified %,1955
142.108,26.3584,0.0263584,None kPa,N/A,8502,['C'],A,Vacuum adiabatic calorimetry,"origin: commercial source,99.6 % (total),",99.6,Not Specified %,1955
148.888,26.6204,0.0266204,None kPa,N/A,8502,['C'],A,Vacuum adiabatic calorimetry,"origin: commercial source,99.6 % (total),",99.6,Not Specified %,1955
155.137,26.8026,0.0268026,None kPa,N/A,8502,['C'],A,Vacuum adiabatic calorimetry,"origin: commercial source,99.6 % (total),",99.6,Not Specified %,1955
159.374,26.8522,0.0268522,None kPa,N/A,8502,['C'],A,Vacuum adiabatic calorimetry,"origin: commercial source,99.6 % (total),",99.6,Not Specified %,1955
161.719,26.8753,0.0268753,None kPa,N/A,8502,['C'],A,Vacuum adiabatic calorimetry,"origin: commercial source,99.6 % (total),",99.6,Not Specified %,1955
166.774,27.0543,0.0270543,None kPa,N/A,8502,['C'],A,Vacuum adiabatic calorimetry,"origin: commercial source,99.6 % (total),",99.6,Not Specified %,1955
172.447,27.2134,0.0272134,None kPa,N/A,8502,['C'],A,Vacuum adiabatic calorimetry,"origin: commercial source,99.6 % (total),",99.6,Not Specified %,1955
176.89,27.2663,0.0272663,None kPa,N/A,8502,['C'],A,Vacuum adiabatic calorimetry,"origin: commercial source,99.6 % (total),",99.6,Not Specified %,1955
179.525,27.2462,0.0272462,None kPa,N/A,8502,['C'],A,Vacuum adiabatic calorimetry,"origin: commercial source,99.6 % (total),",99.6,Not Specified %,1955
183.274,27.1863,0.0271863,None kPa,N/A,8502,['C'],A,Vacuum adiabatic calorimetry,"origin: commercial source,99.6 % (total),",99.6,Not Specified %,1955
185.291,27.1697,0.0271697,None kPa,N/A,8502,['C'],A,Vacuum adiabatic calorimetry,"origin: commercial source,99.6 % (total),",99.6,Not Specified %,1955
207.252,27.6001,0.0276001,None kPa,N/A,8502,['C'],A,Vacuum adiabatic calorimetry,"origin: commercial source,99.6 % (total),",99.6,Not Specified %,1955
1.213,0.0222,0.000444,None kPa,N/A,10857,['C'],A,Vacuum adiabatic calorimetry,origin: commercial source,,,1959
1.263,0.0263,0.000526,None kPa,N/A,10857,['C'],A,Vacuum adiabatic calorimetry,origin: commercial source,,,1959
1.301,0.0294,0.000588,None kPa,N/A,10857,['C'],A,Vacuum adiabatic calorimetry,origin: commercial source,,,1959
1.319,0.0308,0.000616,None kPa,N/A,10857,['C'],A,Vacuum adiabatic calorimetry,origin: commercial source,,,1959
1.36,0.0329,0.000658,None kPa,N/A,10857,['C'],A,Vacuum adiabatic calorimetry,origin: commercial source,,,1959
1.379,0.0348,0.000696,None kPa,N/A,10857,['C'],A,Vacuum adiabatic calorimetry,origin: commercial source,,,1959
1.429,0.0383,0.000766,None kPa,N/A,10857,['C'],A,Vacuum adiabatic calorimetry,origin: commercial source,,,1959
1.451,0.0403,0.000806,None kPa,N/A,10857,['C'],A,Vacuum adiabatic calorimetry,origin: commercial source,,,1959
1.518,0.0467,0.000934,None kPa,N/A,10857,['C'],A,Vacuum adiabatic calorimetry,origin: commercial source,,,1959
1.532,0.0485,0.00097,None kPa,N/A,10857,['C'],A,Vacuum adiabatic calorimetry,origin: commercial source,,,1959
1.607,0.0562,0.001124,None kPa,N/A,10857,['C'],A,Vacuum adiabatic calorimetry,origin: commercial source,,,1959
1.629,0.0579,0.001158,None kPa,N/A,10857,['C'],A,Vacuum adiabatic calorimetry,origin: commercial source,,,1959
1.721,0.0668,0.001336,None kPa,N/A,10857,['C'],A,Vacuum adiabatic calorimetry,origin: commercial source,,,1959
1.73,0.0701,0.001402,None kPa,N/A,10857,['C'],A,Vacuum adiabatic calorimetry,origin: commercial source,,,1959
1.82,0.0795,0.00159,None kPa,N/A,10857,['C'],A,Vacuum adiabatic calorimetry,origin: commercial source,,,1959
1.837,0.0827,0.001654,None kPa,N/A,10857,['C'],A,Vacuum adiabatic calorimetry,origin: commercial source,,,1959
1.845,0.0842,0.001684,None kPa,N/A,10857,['C'],A,Vacuum adiabatic calorimetry,origin: commercial source,,,1959
1.928,0.0984,0.001968,None kPa,N/A,10857,['C'],A,Vacuum adiabatic calorimetry,origin: commercial source,,,1959
1.953,0.1026,0.002052,None kPa,N/A,10857,['C'],A,Vacuum adiabatic calorimetry,origin: commercial source,,,1959
2.048,0.1205,0.00241,None kPa,N/A,10857,['C'],A,Vacuum adiabatic calorimetry,origin: commercial source,,,1959
2.06,0.1228,0.002456,None kPa,N/A,10857,['C'],A,Vacuum adiabatic calorimetry,origin: commercial source,,,1959
2.169,0.1428,0.002856,None kPa,N/A,10857,['C'],A,Vacuum adiabatic calorimetry,origin: commercial source,,,1959
2.19,0.1478,0.002956,None kPa,N/A,10857,['C'],A,Vacuum adiabatic calorimetry,origin: commercial source,,,1959
2.242,0.1587,0.003174,None kPa,N/A,10857,['C'],A,Vacuum adiabatic calorimetry,origin: commercial source,,,1959
2.323,0.1766,0.003532,None kPa,N/A,10857,['C'],A,Vacuum adiabatic calorimetry,origin: commercial source,,,1959
2.384,0.1901,0.003802,None kPa,N/A,10857,['C'],A,Vacuum adiabatic calorimetry,origin: commercial source,,,1959
2.441,0.2081,0.004162,None kPa,N/A,10857,['C'],A,Vacuum adiabatic calorimetry,origin: commercial source,,,1959
2.478,0.2181,0.004362,None kPa,N/A,10857,['C'],A,Vacuum adiabatic calorimetry,origin: commercial source,,,1959
2.554,0.2389,0.004778,None kPa,N/A,10857,['C'],A,Vacuum adiabatic calorimetry,origin: commercial source,,,1959
2.576,0.2455,0.00491,None kPa,N/A,10857,['C'],A,Vacuum adiabatic calorimetry,origin: commercial source,,,1959
2.597,0.2532,0.005064,None kPa,N/A,10857,['C'],A,Vacuum adiabatic calorimetry,origin: commercial source,,,1959
2.704,0.2844,0.005688,None kPa,N/A,10857,['C'],A,Vacuum adiabatic calorimetry,origin: commercial source,,,1959
2.716,0.289,0.00578,None kPa,N/A,10857,['C'],A,Vacuum adiabatic calorimetry,origin: commercial source,,,1959
2.847,0.3347,0.006694,None kPa,N/A,10857,['C'],A,Vacuum adiabatic calorimetry,origin: commercial source,,,1959
2.855,0.3377,0.006754,None kPa,N/A,10857,['C'],A,Vacuum adiabatic calorimetry,origin: commercial source,,,1959
2.87,0.3417,0.006834,None kPa,N/A,10857,['C'],A,Vacuum adiabatic calorimetry,origin: commercial source,,,1959
3.015,0.3945,0.00789,None kPa,N/A,10857,['C'],A,Vacuum adiabatic calorimetry,origin: commercial source,,,1959
3.062,0.4125,0.00825,None kPa,N/A,10857,['C'],A,Vacuum adiabatic calorimetry,origin: commercial source,,,1959
3.186,0.4653,0.009306,None kPa,N/A,10857,['C'],A,Vacuum adiabatic calorimetry,origin: commercial source,,,1959
3.22,0.4787,0.009574,None kPa,N/A,10857,['C'],A,Vacuum adiabatic calorimetry,origin: commercial source,,,1959
3.379,0.5506,0.011012,None kPa,N/A,10857,['C'],A,Vacuum adiabatic calorimetry,origin: commercial source,,,1959
3.543,0.6238,0.012476,None kPa,N/A,10857,['C'],A,Vacuum adiabatic calorimetry,origin: commercial source,,,1959
3.572,0.646,0.01292,None kPa,N/A,10857,['C'],A,Vacuum adiabatic calorimetry,origin: commercial source,,,1959
3.739,0.7355,0.01471,None kPa,N/A,10857,['C'],A,Vacuum adiabatic calorimetry,origin: commercial source,,,1959
3.782,0.7526,0.015052,None kPa,N/A,10857,['C'],A,Vacuum adiabatic calorimetry,origin: commercial source,,,1959
4.019,0.8928,0.017856,None kPa,N/A,10857,['C'],A,Vacuum adiabatic calorimetry,origin: commercial source,,,1959
4.267,1.0568,0.021136,None kPa,N/A,10857,['C'],A,Vacuum adiabatic calorimetry,origin: commercial source,,,1959
0.397,0.00180728,1.80728e-05,None kPa,N/A,15267,['C'],A,Low temperature calorimetry set up,"origin: commercial source,99.9 % (total),spectroscopy",99.9,Not Specified %,1965
0.4244,0.00199175,1.99175e-05,None kPa,N/A,15267,['C'],A,Low temperature calorimetry set up,"origin: commercial source,99.9 % (total),spectroscopy",99.9,Not Specified %,1965
0.427,0.00190012,1.90012e-05,None kPa,N/A,15267,['C'],A,Low temperature calorimetry set up,"origin: commercial source,99.9 % (total),spectroscopy",99.9,Not Specified %,1965
0.4777,0.00237547,2.37547e-05,None kPa,N/A,15267,['C'],A,Low temperature calorimetry set up,"origin: commercial source,99.9 % (total),spectroscopy",99.9,Not Specified %,1965
0.4792,0.00225108,2.25108e-05,None kPa,N/A,15267,['C'],A,Low temperature calorimetry set up,"origin: commercial source,99.9 % (total),spectroscopy",99.9,Not Specified %,1965
0.4939,0.00263412,2.63412e-05,None kPa,N/A,15267,['C'],A,Low temperature calorimetry set up,"origin: commercial source,99.9 % (total),spectroscopy",99.9,Not Specified %,1965
0.5025,0.0024422,2.4422e-05,None kPa,N/A,15267,['C'],A,Low temperature calorimetry set up,"origin: commercial source,99.9 % (total),spectroscopy",99.9,Not Specified %,1965
0.5229,0.00293085,2.93085e-05,None kPa,N/A,15267,['C'],A,Low temperature calorimetry set up,"origin: commercial source,99.9 % (total),spectroscopy",99.9,Not Specified %,1965
0.5517,0.00325888,3.25888e-05,None kPa,N/A,15267,['C'],A,Low temperature calorimetry set up,"origin: commercial source,99.9 % (total),spectroscopy",99.9,Not Specified %,1965
0.5601,0.00358121,3.58121e-05,None kPa,N/A,15267,['C'],A,Low temperature calorimetry set up,"origin: commercial source,99.9 % (total),spectroscopy",99.9,Not Specified %,1965
0.5767,0.00350163,3.50163e-05,None kPa,N/A,15267,['C'],A,Low temperature calorimetry set up,"origin: commercial source,99.9 % (total),spectroscopy",99.9,Not Specified %,1965
0.5806,0.00393706,3.93706e-05,None kPa,N/A,15267,['C'],A,Low temperature calorimetry set up,"origin: commercial source,99.9 % (total),spectroscopy",99.9,Not Specified %,1965
0.5965,0.00381652,3.81652e-05,None kPa,N/A,15267,['C'],A,Low temperature calorimetry set up,"origin: commercial source,99.9 % (total),spectroscopy",99.9,Not Specified %,1965
0.6045,0.00403697,4.03697e-05,None kPa,N/A,15267,['C'],A,Low temperature calorimetry set up,"origin: commercial source,99.9 % (total),spectroscopy",99.9,Not Specified %,1965
0.6213,0.00430659,4.30659e-05,None kPa,N/A,15267,['C'],A,Low temperature calorimetry set up,"origin: commercial source,99.9 % (total),spectroscopy",99.9,Not Specified %,1965
0.6366,0.00456935,4.56935e-05,None kPa,N/A,15267,['C'],A,Low temperature calorimetry set up,"origin: commercial source,99.9 % (total),spectroscopy",99.9,Not Specified %,1965
0.644,0.00448023,4.48023e-05,None kPa,N/A,15267,['C'],A,Low temperature calorimetry set up,"origin: commercial source,99.9 % (total),spectroscopy",99.9,Not Specified %,1965
0.6643,0.00479319,4.79319e-05,None kPa,N/A,15267,['C'],A,Low temperature calorimetry set up,"origin: commercial source,99.9 % (total),spectroscopy",99.9,Not Specified %,1965
0.6912,0.00552246,5.52246e-05,None kPa,N/A,15267,['C'],A,Low temperature calorimetry set up,"origin: commercial source,99.9 % (total),spectroscopy",99.9,Not Specified %,1965
0.6965,0.00541451,5.41451e-05,None kPa,N/A,15267,['C'],A,Low temperature calorimetry set up,"origin: commercial source,99.9 % (total),spectroscopy",99.9,Not Specified %,1965
0.7265,0.0061078,6.1078e-05,None kPa,N/A,15267,['C'],A,Low temperature calorimetry set up,"origin: commercial source,99.9 % (total),spectroscopy",99.9,Not Specified %,1965
0.759,0.00695213,6.95213e-05,None kPa,N/A,15267,['C'],A,Low temperature calorimetry set up,"origin: commercial source,99.9 % (total),spectroscopy",99.9,Not Specified %,1965
0.7649,0.00677933,6.77933e-05,None kPa,N/A,15267,['C'],A,Low temperature calorimetry set up,"origin: commercial source,99.9 % (total),spectroscopy",99.9,Not Specified %,1965
0.8018,0.00754584,7.54584e-05,None kPa,N/A,15267,['C'],A,Low temperature calorimetry set up,"origin: commercial source,99.9 % (total),spectroscopy",99.9,Not Specified %,1965
0.8084,0.0076676,7.6676e-05,None kPa,N/A,15267,['C'],A,Low temperature calorimetry set up,"origin: commercial source,99.9 % (total),spectroscopy",99.9,Not Specified %,1965
0.8418,0.00869686,8.69686e-05,None kPa,N/A,15267,['C'],A,Low temperature calorimetry set up,"origin: commercial source,99.9 % (total),spectroscopy",99.9,Not Specified %,1965
0.8815,0.00977382,9.77382e-05,None kPa,N/A,15267,['C'],A,Low temperature calorimetry set up,"origin: commercial source,99.9 % (total),spectroscopy",99.9,Not Specified %,1965
0.9231,0.0109165,0.000109165,None kPa,N/A,15267,['C'],A,Low temperature calorimetry set up,"origin: commercial source,99.9 % (total),spectroscopy",99.9,Not Specified %,1965
0.9259,0.0113579,0.000113579,None kPa,N/A,15267,['C'],A,Low temperature calorimetry set up,"origin: commercial source,99.9 % (total),spectroscopy",99.9,Not Specified %,1965
0.9734,0.0126742,0.000126742,None kPa,N/A,15267,['C'],A,Low temperature calorimetry set up,"origin: commercial source,99.9 % (total),spectroscopy",99.9,Not Specified %,1965
0.9739,0.0129244,0.000129244,None kPa,N/A,15267,['C'],A,Low temperature calorimetry set up,"origin: commercial source,99.9 % (total),spectroscopy",99.9,Not Specified %,1965
1.0216,0.0147553,0.000147553,None kPa,N/A,15267,['C'],A,Low temperature calorimetry set up,"origin: commercial source,99.9 % (total),spectroscopy",99.9,Not Specified %,1965
1.0299,0.0147038,0.000147038,None kPa,N/A,15267,['C'],A,Low temperature calorimetry set up,"origin: commercial source,99.9 % (total),spectroscopy",99.9,Not Specified %,1965
1.0716,0.017169,0.00017169,None kPa,N/A,15267,['C'],A,Low temperature calorimetry set up,"origin: commercial source,99.9 % (total),spectroscopy",99.9,Not Specified %,1965
1.0888,0.0168603,0.000168603,None kPa,N/A,15267,['C'],A,Low temperature calorimetry set up,"origin: commercial source,99.9 % (total),spectroscopy",99.9,Not Specified %,1965
1.1313,0.0190376,0.000190376,None kPa,N/A,15267,['C'],A,Low temperature calorimetry set up,"origin: commercial source,99.9 % (total),spectroscopy",99.9,Not Specified %,1965
1.1522,0.0202142,0.000202142,None kPa,N/A,15267,['C'],A,Low temperature calorimetry set up,"origin: commercial source,99.9 % (total),spectroscopy",99.9,Not Specified %,1965
1.1978,0.0224028,0.000224028,None kPa,N/A,15267,['C'],A,Low temperature calorimetry set up,"origin: commercial source,99.9 % (total),spectroscopy",99.9,Not Specified %,1965
1.2229,0.0238973,0.000238973,None kPa,N/A,15267,['C'],A,Low temperature calorimetry set up,"origin: commercial source,99.9 % (total),spectroscopy",99.9,Not Specified %,1965
1.2755,0.0269897,0.000269897,None kPa,N/A,15267,['C'],A,Low temperature calorimetry set up,"origin: commercial source,99.9 % (total),spectroscopy",99.9,Not Specified %,1965
1.2985,0.0287817,0.000287817,None kPa,N/A,15267,['C'],A,Low temperature calorimetry set up,"origin: commercial source,99.9 % (total),spectroscopy",99.9,Not Specified %,1965
1.3632,0.0331482,0.000331482,None kPa,N/A,15267,['C'],A,Low temperature calorimetry set up,"origin: commercial source,99.9 % (total),spectroscopy",99.9,Not Specified %,1965
1.3725,0.0349079,0.000349079,None kPa,N/A,15267,['C'],A,Low temperature calorimetry set up,"origin: commercial source,99.9 % (total),spectroscopy",99.9,Not Specified %,1965
1.4509,0.0411902,0.000411902,None kPa,N/A,15267,['C'],A,Low temperature calorimetry set up,"origin: commercial source,99.9 % (total),spectroscopy",99.9,Not Specified %,1965
1.455,0.0407994,0.000407994,None kPa,N/A,15267,['C'],A,Low temperature calorimetry set up,"origin: commercial source,99.9 % (total),spectroscopy",99.9,Not Specified %,1965
0.4179,0.00203045,2.03045e-05,None kPa,N/A,15267,['C'],A,Low temperature calorimetry set up,"origin: commercial source,99.9 % (total),spectroscopy",99.9,Not Specified %,1965
0.4412,0.0021815,2.1815e-05,None kPa,N/A,15267,['C'],A,Low temperature calorimetry set up,"origin: commercial source,99.9 % (total),spectroscopy",99.9,Not Specified %,1965
0.4598,0.00228911,2.28911e-05,None kPa,N/A,15267,['C'],A,Low temperature calorimetry set up,"origin: commercial source,99.9 % (total),spectroscopy",99.9,Not Specified %,1965
0.4859,0.00273483,2.73483e-05,None kPa,N/A,15267,['C'],A,Low temperature calorimetry set up,"origin: commercial source,99.9 % (total),spectroscopy",99.9,Not Specified %,1965
0.5123,0.00291269,2.91269e-05,None kPa,N/A,15267,['C'],A,Low temperature calorimetry set up,"origin: commercial source,99.9 % (total),spectroscopy",99.9,Not Specified %,1965
0.5306,0.00304206,3.04206e-05,None kPa,N/A,15267,['C'],A,Low temperature calorimetry set up,"origin: commercial source,99.9 % (total),spectroscopy",99.9,Not Specified %,1965
0.5511,0.00363661,3.63661e-05,None kPa,N/A,15267,['C'],A,Low temperature calorimetry set up,"origin: commercial source,99.9 % (total),spectroscopy",99.9,Not Specified %,1965
0.5965,0.00404986,4.04986e-05,None kPa,N/A,15267,['C'],A,Low temperature calorimetry set up,"origin: commercial source,99.9 % (total),spectroscopy",99.9,Not Specified %,1965
0.6222,0.00445303,4.45303e-05,None kPa,N/A,15267,['C'],A,Low temperature calorimetry set up,"origin: commercial source,99.9 % (total),spectroscopy",99.9,Not Specified %,1965
0.6438,0.00473712,4.73712e-05,None kPa,N/A,15267,['C'],A,Low temperature calorimetry set up,"origin: commercial source,99.9 % (total),spectroscopy",99.9,Not Specified %,1965
0.674,0.00503712,5.03712e-05,None kPa,N/A,15267,['C'],A,Low temperature calorimetry set up,"origin: commercial source,99.9 % (total),spectroscopy",99.9,Not Specified %,1965
0.6811,0.00519904,5.19904e-05,None kPa,N/A,15267,['C'],A,Low temperature calorimetry set up,"origin: commercial source,99.9 % (total),spectroscopy",99.9,Not Specified %,1965
0.7013,0.00572288,5.72288e-05,None kPa,N/A,15267,['C'],A,Low temperature calorimetry set up,"origin: commercial source,99.9 % (total),spectroscopy",99.9,Not Specified %,1965
0.7067,0.00566221,5.66221e-05,None kPa,N/A,15267,['C'],A,Low temperature calorimetry set up,"origin: commercial source,99.9 % (total),spectroscopy",99.9,Not Specified %,1965
0.7384,0.00633165,6.33165e-05,None kPa,N/A,15267,['C'],A,Low temperature calorimetry set up,"origin: commercial source,99.9 % (total),spectroscopy",99.9,Not Specified %,1965
0.7667,0.00712242,7.12242e-05,None kPa,N/A,15267,['C'],A,Low temperature calorimetry set up,"origin: commercial source,99.9 % (total),spectroscopy",99.9,Not Specified %,1965
0.7755,0.00709314,7.09314e-05,None kPa,N/A,15267,['C'],A,Low temperature calorimetry set up,"origin: commercial source,99.9 % (total),spectroscopy",99.9,Not Specified %,1965
0.8046,0.00789605,7.89604e-05,None kPa,N/A,15267,['C'],A,Low temperature calorimetry set up,"origin: commercial source,99.9 % (total),spectroscopy",99.9,Not Specified %,1965
0.8113,0.00782241,7.82241e-05,None kPa,N/A,15267,['C'],A,Low temperature calorimetry set up,"origin: commercial source,99.9 % (total),spectroscopy",99.9,Not Specified %,1965
0.8486,0.00856716,8.56716e-05,None kPa,N/A,15267,['C'],A,Low temperature calorimetry set up,"origin: commercial source,99.9 % (total),spectroscopy",99.9,Not Specified %,1965
0.8511,0.00890899,8.90899e-05,None kPa,N/A,15267,['C'],A,Low temperature calorimetry set up,"origin: commercial source,99.9 % (total),spectroscopy",99.9,Not Specified %,1965
0.8955,0.010088,0.00010088,None kPa,N/A,15267,['C'],A,Low temperature calorimetry set up,"origin: commercial source,99.9 % (total),spectroscopy",99.9,Not Specified %,1965
0.9341,0.0113219,0.000113219,None kPa,N/A,15267,['C'],A,Low temperature calorimetry set up,"origin: commercial source,99.9 % (total),spectroscopy",99.9,Not Specified %,1965
0.9454,0.01167,0.0001167,None kPa,N/A,15267,['C'],A,Low temperature calorimetry set up,"origin: commercial source,99.9 % (total),spectroscopy",99.9,Not Specified %,1965
0.9815,0.0128871,0.000128871,None kPa,N/A,15267,['C'],A,Low temperature calorimetry set up,"origin: commercial source,99.9 % (total),spectroscopy",99.9,Not Specified %,1965
0.9937,0.0132436,0.000132436,None kPa,N/A,15267,['C'],A,Low temperature calorimetry set up,"origin: commercial source,99.9 % (total),spectroscopy",99.9,Not Specified %,1965
1.033,0.0149712,0.000149712,None kPa,N/A,15267,['C'],A,Low temperature calorimetry set up,"origin: commercial source,99.9 % (total),spectroscopy",99.9,Not Specified %,1965
1.048,0.0152398,0.000152398,None kPa,N/A,15267,['C'],A,Low temperature calorimetry set up,"origin: commercial source,99.9 % (total),spectroscopy",99.9,Not Specified %,1965
1.0892,0.0173531,0.000173531,None kPa,N/A,15267,['C'],A,Low temperature calorimetry set up,"origin: commercial source,99.9 % (total),spectroscopy",99.9,Not Specified %,1965
1.1194,0.018697,0.00018697,None kPa,N/A,15267,['C'],A,Low temperature calorimetry set up,"origin: commercial source,99.9 % (total),spectroscopy",99.9,Not Specified %,1965
1.1478,0.0197941,0.000197941,None kPa,N/A,15267,['C'],A,Low temperature calorimetry set up,"origin: commercial source,99.9 % (total),spectroscopy",99.9,Not Specified %,1965
1.196,0.0225882,0.000225882,None kPa,N/A,15267,['C'],A,Low temperature calorimetry set up,"origin: commercial source,99.9 % (total),spectroscopy",99.9,Not Specified %,1965
1.2424,0.0245534,0.000245534,None kPa,N/A,15267,['C'],A,Low temperature calorimetry set up,"origin: commercial source,99.9 % (total),spectroscopy",99.9,Not Specified %,1965
1.2685,0.0269512,0.000269512,None kPa,N/A,15267,['C'],A,Low temperature calorimetry set up,"origin: commercial source,99.9 % (total),spectroscopy",99.9,Not Specified %,1965
1.3475,0.0318921,0.000318921,None kPa,N/A,15267,['C'],A,Low temperature calorimetry set up,"origin: commercial source,99.9 % (total),spectroscopy",99.9,Not Specified %,1965
1.3548,0.0326302,0.000326302,None kPa,N/A,15267,['C'],A,Low temperature calorimetry set up,"origin: commercial source,99.9 % (total),spectroscopy",99.9,Not Specified %,1965
1.4373,0.0408626,0.000408626,None kPa,N/A,15267,['C'],A,Low temperature calorimetry set up,"origin: commercial source,99.9 % (total),spectroscopy",99.9,Not Specified %,1965
1.4445,0.0403752,0.000403752,None kPa,N/A,15267,['C'],A,Low temperature calorimetry set up,"origin: commercial source,99.9 % (total),spectroscopy",99.9,Not Specified %,1965
0.4,0.00184933,9.24664e-05,None kPa,N/A,15268,['C'],A,Low temperature calorimetry set up,"origin: commercial source,99.9 % (total),spectroscopy",99.9,Not Specified %,1965
0.5,0.00271123,0.000135562,None kPa,N/A,15268,['C'],A,Low temperature calorimetry set up,"origin: commercial source,99.9 % (total),spectroscopy",99.9,Not Specified %,1965
0.6,0.00401664,0.000200832,None kPa,N/A,15268,['C'],A,Low temperature calorimetry set up,"origin: commercial source,99.9 % (total),spectroscopy",99.9,Not Specified %,1965
0.7,0.0056484,5.6484e-05,None kPa,N/A,15268,['C'],A,Low temperature calorimetry set up,"origin: commercial source,99.9 % (total),spectroscopy",99.9,Not Specified %,1965
0.8,0.00778224,7.78224e-05,None kPa,N/A,15268,['C'],A,Low temperature calorimetry set up,"origin: commercial source,99.9 % (total),spectroscopy",99.9,Not Specified %,1965
0.9,0.0103763,0.000103763,None kPa,N/A,15268,['C'],A,Low temperature calorimetry set up,"origin: commercial source,99.9 % (total),spectroscopy",99.9,Not Specified %,1965
1.0,0.0137235,0.000137235,None kPa,N/A,15268,['C'],A,Low temperature calorimetry set up,"origin: commercial source,99.9 % (total),spectroscopy",99.9,Not Specified %,1965
1.1,0.0178657,0.000178657,None kPa,N/A,15268,['C'],A,Low temperature calorimetry set up,"origin: commercial source,99.9 % (total),spectroscopy",99.9,Not Specified %,1965
1.2,0.022761,0.00022761,None kPa,N/A,15268,['C'],A,Low temperature calorimetry set up,"origin: commercial source,99.9 % (total),spectroscopy",99.9,Not Specified %,1965
1.3,0.0288696,0.000288696,None kPa,N/A,15268,['C'],A,Low temperature calorimetry set up,"origin: commercial source,99.9 % (total),spectroscopy",99.9,Not Specified %,1965
1.4,0.0364845,0.000364845,None kPa,N/A,15268,['C'],A,Low temperature calorimetry set up,"origin: commercial source,99.9 % (total),spectroscopy",99.9,Not Specified %,1965
1.5,0.0468608,0.000468608,None kPa,N/A,15268,['C'],A,Low temperature calorimetry set up,"origin: commercial source,99.9 % (total),spectroscopy",99.9,Not Specified %,1965
3.0,0.373213,0.00373213,None kPa,N/A,15269,['C'],A,Vacuum adiabatic calorimetry,"origin: commercial source,99.9 % (total),spectroscopy",99.9,Not Specified %,1965
4.0,0.870272,0.00870272,None kPa,N/A,15269,['C'],A,Vacuum adiabatic calorimetry,"origin: commercial source,99.9 % (total),spectroscopy",99.9,Not Specified %,1965
5.0,1.569,0.01569,None kPa,N/A,15269,['C'],A,Vacuum adiabatic calorimetry,"origin: commercial source,99.9 % (total),spectroscopy",99.9,Not Specified %,1965
6.0,2.46438,0.0246438,None kPa,N/A,15269,['C'],A,Vacuum adiabatic calorimetry,"origin: commercial source,99.9 % (total),spectroscopy",99.9,Not Specified %,1965
7.0,3.48109,0.0348109,None kPa,N/A,15269,['C'],A,Vacuum adiabatic calorimetry,"origin: commercial source,99.9 % (total),spectroscopy",99.9,Not Specified %,1965
8.0,4.59822,0.0459822,None kPa,N/A,15269,['C'],A,Vacuum adiabatic calorimetry,"origin: commercial source,99.9 % (total),spectroscopy",99.9,Not Specified %,1965
9.0,5.74463,0.0574463,None kPa,N/A,15269,['C'],A,Vacuum adiabatic calorimetry,"origin: commercial source,99.9 % (total),spectroscopy",99.9,Not Specified %,1965
10.0,6.91197,0.0691197,None kPa,N/A,15269,['C'],A,Vacuum adiabatic calorimetry,"origin: commercial source,99.9 % (total),spectroscopy",99.9,Not Specified %,1965
12.0,9.19225,0.0919225,None kPa,N/A,15269,['C'],A,Vacuum adiabatic calorimetry,"origin: commercial source,99.9 % (total),spectroscopy",99.9,Not Specified %,1965
14.0,11.2968,0.112968,None kPa,N/A,15269,['C'],A,Vacuum adiabatic calorimetry,"origin: commercial source,99.9 % (total),spectroscopy",99.9,Not Specified %,1965
16.0,13.167,0.13167,None kPa,N/A,15269,['C'],A,Vacuum adiabatic calorimetry,"origin: commercial source,99.9 % (total),spectroscopy",99.9,Not Specified %,1965
18.0,14.7612,0.147612,None kPa,N/A,15269,['C'],A,Vacuum adiabatic calorimetry,"origin: commercial source,99.9 % (total),spectroscopy",99.9,Not Specified %,1965
20.0,16.1544,0.161544,None kPa,N/A,15269,['C'],A,Vacuum adiabatic calorimetry,"origin: commercial source,99.9 % (total),spectroscopy",99.9,Not Specified %,1965
22.0,17.2297,0.172297,None kPa,N/A,15269,['C'],A,Vacuum adiabatic calorimetry,"origin: commercial source,99.9 % (total),spectroscopy",99.9,Not Specified %,1965
24.0,18.2088,0.182088,None kPa,N/A,15269,['C'],A,Vacuum adiabatic calorimetry,"origin: commercial source,99.9 % (total),spectroscopy",99.9,Not Specified %,1965
26.0,19.0581,0.190581,None kPa,N/A,15269,['C'],A,Vacuum adiabatic calorimetry,"origin: commercial source,99.9 % (total),spectroscopy",99.9,Not Specified %,1965
20.0,16.2297,0.162339,101.325 kPa,N/A,15270,['C'],A,Adiabatic calorimeter (non-vacuum) ,"origin: commercial source,99.9 % (total),spectroscopy",99.9,Not Specified %,1965
25.0,18.7401,0.176565,None kPa,N/A,15270,['C'],A,Adiabatic calorimeter (non-vacuum) ,"origin: commercial source,99.9 % (total),spectroscopy",99.9,Not Specified %,1965
30.0,20.4305,0.180749,None kPa,N/A,15270,['C'],A,Adiabatic calorimeter (non-vacuum) ,"origin: commercial source,99.9 % (total),spectroscopy",99.9,Not Specified %,1965
35.0,21.5936,0.179075,None kPa,N/A,15270,['C'],A,Adiabatic calorimeter (non-vacuum) ,"origin: commercial source,99.9 % (total),spectroscopy",99.9,Not Specified %,1965
40.0,22.4137,0.172799,None kPa,N/A,15270,['C'],A,Adiabatic calorimeter (non-vacuum) ,"origin: commercial source,99.9 % (total),spectroscopy",99.9,Not Specified %,1965
45.0,23.0162,0.164431,None kPa,N/A,15270,['C'],A,Adiabatic calorimeter (non-vacuum) ,"origin: commercial source,99.9 % (total),spectroscopy",99.9,Not Specified %,1965
50.0,23.4806,0.15439,None kPa,N/A,15270,['C'],A,Adiabatic calorimeter (non-vacuum) ,"origin: commercial source,99.9 % (total),spectroscopy",99.9,Not Specified %,1965
55.0,23.8488,0.143093,None kPa,N/A,15270,['C'],A,Adiabatic calorimeter (non-vacuum) ,"origin: commercial source,99.9 % (total),spectroscopy",99.9,Not Specified %,1965
60.0,24.1584,0.130959,None kPa,N/A,15270,['C'],A,Adiabatic calorimeter (non-vacuum) ,"origin: commercial source,99.9 % (total),spectroscopy",99.9,Not Specified %,1965
65.0,24.4178,0.118407,None kPa,N/A,15270,['C'],A,Adiabatic calorimeter (non-vacuum) ,"origin: commercial source,99.9 % (total),spectroscopy",99.9,Not Specified %,1965
70.0,24.6396,0.105437,None kPa,N/A,15270,['C'],A,Adiabatic calorimeter (non-vacuum) ,"origin: commercial source,99.9 % (total),spectroscopy",99.9,Not Specified %,1965
75.0,24.832,0.092048,None kPa,N/A,15270,['C'],A,Adiabatic calorimeter (non-vacuum) ,"origin: commercial source,99.9 % (total),spectroscopy",99.9,Not Specified %,1965
80.0,24.9994,0.0786592,None kPa,N/A,15270,['C'],A,Adiabatic calorimeter (non-vacuum) ,"origin: commercial source,99.9 % (total),spectroscopy",99.9,Not Specified %,1965
85.0,25.15,0.064852,None kPa,N/A,15270,['C'],A,Adiabatic calorimeter (non-vacuum) ,"origin: commercial source,99.9 % (total),spectroscopy",99.9,Not Specified %,1965
90.0,25.2797,0.0506264,None kPa,N/A,15270,['C'],A,Adiabatic calorimeter (non-vacuum) ,"origin: commercial source,99.9 % (total),spectroscopy",99.9,Not Specified %,1965
95.0,25.4011,0.0506264,None kPa,N/A,15270,['C'],A,Adiabatic calorimeter (non-vacuum) ,"origin: commercial source,99.9 % (total),spectroscopy",99.9,Not Specified %,1965
100.0,25.5098,0.0510448,None kPa,N/A,15270,['C'],A,Adiabatic calorimeter (non-vacuum) ,"origin: commercial source,99.9 % (total),spectroscopy",99.9,Not Specified %,1965
110.0,25.7149,0.0514632,None kPa,N/A,15270,['C'],A,Adiabatic calorimeter (non-vacuum) ,"origin: commercial source,99.9 % (total),spectroscopy",99.9,Not Specified %,1965
120.0,25.9115,0.0518816,None kPa,N/A,15270,['C'],A,Adiabatic calorimeter (non-vacuum) ,"origin: commercial source,99.9 % (total),spectroscopy",99.9,Not Specified %,1965
130.0,26.1123,0.0523,None kPa,N/A,15270,['C'],A,Adiabatic calorimeter (non-vacuum) ,"origin: commercial source,99.9 % (total),spectroscopy",99.9,Not Specified %,1965
140.0,26.3174,0.0527184,None kPa,N/A,15270,['C'],A,Adiabatic calorimeter (non-vacuum) ,"origin: commercial source,99.9 % (total),spectroscopy",99.9,Not Specified %,1965
150.0,26.5224,0.0531368,None kPa,N/A,15270,['C'],A,Adiabatic calorimeter (non-vacuum) ,"origin: commercial source,99.9 % (total),spectroscopy",99.9,Not Specified %,1965
160.0,26.719,0.0535552,None kPa,N/A,15270,['C'],A,Adiabatic calorimeter (non-vacuum) ,"origin: commercial source,99.9 % (total),spectroscopy",99.9,Not Specified %,1965
170.0,26.9115,0.0539736,None kPa,N/A,15270,['C'],A,Adiabatic calorimeter (non-vacuum) ,"origin: commercial source,99.9 % (total),spectroscopy",99.9,Not Specified %,1965
180.0,27.0914,0.054392,None kPa,N/A,15270,['C'],A,Adiabatic calorimeter (non-vacuum) ,"origin: commercial source,99.9 % (total),spectroscopy",99.9,Not Specified %,1965
190.0,27.2671,0.054392,None kPa,N/A,15270,['C'],A,Adiabatic calorimeter (non-vacuum) ,"origin: commercial source,99.9 % (total),spectroscopy",99.9,Not Specified %,1965
200.0,27.447,0.0548104,None kPa,N/A,15270,['C'],A,Adiabatic calorimeter (non-vacuum) ,"origin: commercial source,99.9 % (total),spectroscopy",99.9,Not Specified %,1965
210.0,27.6395,0.0552288,None kPa,N/A,15270,['C'],A,Adiabatic calorimeter (non-vacuum) ,"origin: commercial source,99.9 % (total),spectroscopy",99.9,Not Specified %,1965
220.0,27.8529,0.0556472,None kPa,N/A,15270,['C'],A,Adiabatic calorimeter (non-vacuum) ,"origin: commercial source,99.9 % (total),spectroscopy",99.9,Not Specified %,1965
230.0,28.0956,0.0560656,None kPa,N/A,15270,['C'],A,Adiabatic calorimeter (non-vacuum) ,"origin: commercial source,99.9 % (total),spectroscopy",99.9,Not Specified %,1965
240.0,28.3801,0.0569024,None kPa,N/A,15270,['C'],A,Adiabatic calorimeter (non-vacuum) ,"origin: commercial source,99.9 % (total),spectroscopy",99.9,Not Specified %,1965
250.0,28.6897,0.0573208,None kPa,N/A,15270,['C'],A,Adiabatic calorimeter (non-vacuum) ,"origin: commercial source,99.9 % (total),spectroscopy",99.9,Not Specified %,1965
260.0,29.0244,0.0581576,None kPa,N/A,15270,['C'],A,Adiabatic calorimeter (non-vacuum) ,"origin: commercial source,99.9 % (total),spectroscopy",99.9,Not Specified %,1965
270.0,29.3926,0.0589944,None kPa,N/A,15270,['C'],A,Adiabatic calorimeter (non-vacuum) ,"origin: commercial source,99.9 % (total),spectroscopy",99.9,Not Specified %,1965
273.15,29.5265,0.0589944,None kPa,N/A,15270,['C'],A,Adiabatic calorimeter (non-vacuum) ,"origin: commercial source,99.9 % (total),spectroscopy",99.9,Not Specified %,1965
280.0,29.8361,0.0598312,None kPa,N/A,15270,['C'],A,Adiabatic calorimeter (non-vacuum) ,"origin: commercial source,99.9 % (total),spectroscopy",99.9,Not Specified %,1965
290.0,29.8194,0.0598312,None kPa,N/A,15270,['C'],A,Adiabatic calorimeter (non-vacuum) ,"origin: commercial source,99.9 % (total),spectroscopy",99.9,Not Specified %,1965
298.15,31.062,0.0619232,None kPa,N/A,15270,['C'],A,Adiabatic calorimeter (non-vacuum) ,"origin: commercial source,99.9 % (total),spectroscopy",99.9,Not Specified %,1965
300.0,31.1875,0.0623416,None kPa,N/A,15270,['C'],A,Adiabatic calorimeter (non-vacuum) ,"origin: commercial source,99.9 % (total),spectroscopy",99.9,Not Specified %,1965
310.0,32.1708,0.0644336,None kPa,N/A,15270,['C'],A,Adiabatic calorimeter (non-vacuum) ,"origin: commercial source,99.9 % (total),spectroscopy",99.9,Not Specified %,1965
312.64,32.4009,0.064852,None kPa,N/A,15270,['C'],A,Adiabatic calorimeter (non-vacuum) ,"origin: commercial source,99.9 % (total),spectroscopy",99.9,Not Specified %,1965
0.2002,0.0005701,8.55e-06,None kPa,N/A,14669,['C'],A,Low temperature calorimetry set up,"origin: commercial source,99.8 % (total),stated by supplier",99.8,Not Specified %,1964
0.2191,0.0006439,9.04e-06,None kPa,N/A,14669,['C'],A,Low temperature calorimetry set up,"origin: commercial source,99.8 % (total),stated by supplier",99.8,Not Specified %,1964
0.2391,0.0007282,9.5e-06,None kPa,N/A,14669,['C'],A,Low temperature calorimetry set up,"origin: commercial source,99.8 % (total),stated by supplier",99.8,Not Specified %,1964
0.2616,0.0008336,9.94e-06,None kPa,N/A,14669,['C'],A,Low temperature calorimetry set up,"origin: commercial source,99.8 % (total),stated by supplier",99.8,Not Specified %,1964
0.2936,0.0009953,1.03e-05,None kPa,N/A,14669,['C'],A,Low temperature calorimetry set up,"origin: commercial source,99.8 % (total),stated by supplier",99.8,Not Specified %,1964
0.1954,0.0005537,8.43e-06,None kPa,N/A,14669,['C'],A,Low temperature calorimetry set up,"origin: commercial source,99.8 % (total),stated by supplier",99.8,Not Specified %,1964
0.2143,0.0006223,8.89e-06,None kPa,N/A,14669,['C'],A,Low temperature calorimetry set up,"origin: commercial source,99.8 % (total),stated by supplier",99.8,Not Specified %,1964
0.2321,0.0006968,9.33e-06,None kPa,N/A,14669,['C'],A,Low temperature calorimetry set up,"origin: commercial source,99.8 % (total),stated by supplier",99.8,Not Specified %,1964
0.2548,0.0008001,9.81e-06,None kPa,N/A,14669,['C'],A,Low temperature calorimetry set up,"origin: commercial source,99.8 % (total),stated by supplier",99.8,Not Specified %,1964
0.2819,0.0009344,1.02e-05,None kPa,N/A,14669,['C'],A,Low temperature calorimetry set up,"origin: commercial source,99.8 % (total),stated by supplier",99.8,Not Specified %,1964
0.314,0.001113,1.11e-05,None kPa,N/A,14669,['C'],A,Low temperature calorimetry set up,"origin: commercial source,99.8 % (total),stated by supplier",99.8,Not Specified %,1964
0.3456,0.001309,1.3e-05,None kPa,N/A,14669,['C'],A,Low temperature calorimetry set up,"origin: commercial source,99.8 % (total),stated by supplier",99.8,Not Specified %,1964
0.3816,0.001569,1.54e-05,None kPa,N/A,14669,['C'],A,Low temperature calorimetry set up,"origin: commercial source,99.8 % (total),stated by supplier",99.8,Not Specified %,1964
0.4185,0.001868,1.83e-05,None kPa,N/A,14669,['C'],A,Low temperature calorimetry set up,"origin: commercial source,99.8 % (total),stated by supplier",99.8,Not Specified %,1964
0.4615,0.00226,2.19e-05,None kPa,N/A,14669,['C'],A,Low temperature calorimetry set up,"origin: commercial source,99.8 % (total),stated by supplier",99.8,Not Specified %,1964
0.5015,0.002693,2.59e-05,None kPa,N/A,14669,['C'],A,Low temperature calorimetry set up,"origin: commercial source,99.8 % (total),stated by supplier",99.8,Not Specified %,1964
0.5549,0.003358,3.2e-05,None kPa,N/A,14669,['C'],A,Low temperature calorimetry set up,"origin: commercial source,99.8 % (total),stated by supplier",99.8,Not Specified %,1964
0.1859,0.0005189,8.15e-06,None kPa,N/A,14669,['C'],A,Low temperature calorimetry set up,"origin: commercial source,99.8 % (total),stated by supplier",99.8,Not Specified %,1964
0.2087,0.0006064,8.83e-06,None kPa,N/A,14669,['C'],A,Low temperature calorimetry set up,"origin: commercial source,99.8 % (total),stated by supplier",99.8,Not Specified %,1964
0.2326,0.0007025,9.39e-06,None kPa,N/A,14669,['C'],A,Low temperature calorimetry set up,"origin: commercial source,99.8 % (total),stated by supplier",99.8,Not Specified %,1964
0.2548,0.0008022,9.83e-06,None kPa,N/A,14669,['C'],A,Low temperature calorimetry set up,"origin: commercial source,99.8 % (total),stated by supplier",99.8,Not Specified %,1964
0.2798,0.0009257,1.02e-05,None kPa,N/A,14669,['C'],A,Low temperature calorimetry set up,"origin: commercial source,99.8 % (total),stated by supplier",99.8,Not Specified %,1964
0.3048,0.001063,1.06e-05,None kPa,N/A,14669,['C'],A,Low temperature calorimetry set up,"origin: commercial source,99.8 % (total),stated by supplier",99.8,Not Specified %,1964
0.3285,0.001201,1.19e-05,None kPa,N/A,14669,['C'],A,Low temperature calorimetry set up,"origin: commercial source,99.8 % (total),stated by supplier",99.8,Not Specified %,1964
0.3511,0.00135,1.34e-05,None kPa,N/A,14669,['C'],A,Low temperature calorimetry set up,"origin: commercial source,99.8 % (total),stated by supplier",99.8,Not Specified %,1964
0.383,0.001582,1.56e-05,None kPa,N/A,14669,['C'],A,Low temperature calorimetry set up,"origin: commercial source,99.8 % (total),stated by supplier",99.8,Not Specified %,1964
0.4177,0.001863,1.82e-05,None kPa,N/A,14669,['C'],A,Low temperature calorimetry set up,"origin: commercial source,99.8 % (total),stated by supplier",99.8,Not Specified %,1964
0.4527,0.002172,2.11e-05,None kPa,N/A,14669,['C'],A,Low temperature calorimetry set up,"origin: commercial source,99.8 % (total),stated by supplier",99.8,Not Specified %,1964
0.4882,0.002538,2.45e-05,None kPa,N/A,14669,['C'],A,Low temperature calorimetry set up,"origin: commercial source,99.8 % (total),stated by supplier",99.8,Not Specified %,1964
0.5252,0.002979,2.85e-05,None kPa,N/A,14669,['C'],A,Low temperature calorimetry set up,"origin: commercial source,99.8 % (total),stated by supplier",99.8,Not Specified %,1964
0.5686,0.003555,3.37e-05,None kPa,N/A,14669,['C'],A,Low temperature calorimetry set up,"origin: commercial source,99.8 % (total),stated by supplier",99.8,Not Specified %,1964
0.6151,0.004229,3.98e-05,None kPa,N/A,14669,['C'],A,Low temperature calorimetry set up,"origin: commercial source,99.8 % (total),stated by supplier",99.8,Not Specified %,1964
0.6573,0.004931,4.6e-05,None kPa,N/A,14669,['C'],A,Low temperature calorimetry set up,"origin: commercial source,99.8 % (total),stated by supplier",99.8,Not Specified %,1964
0.7245,0.006264,5.76e-05,None kPa,N/A,14669,['C'],A,Low temperature calorimetry set up,"origin: commercial source,99.8 % (total),stated by supplier",99.8,Not Specified %,1964
0.7969,0.007952,7.2e-05,None kPa,N/A,14669,['C'],A,Low temperature calorimetry set up,"origin: commercial source,99.8 % (total),stated by supplier",99.8,Not Specified %,1964
0.8708,0.01002,8.94e-05,None kPa,N/A,14669,['C'],A,Low temperature calorimetry set up,"origin: commercial source,99.8 % (total),stated by supplier",99.8,Not Specified %,1964
0.4168,0.00186,1.82e-05,None kPa,N/A,14669,['C'],A,Low temperature calorimetry set up,"origin: commercial source,99.8 % (total),stated by supplier",99.8,Not Specified %,1964
0.4596,0.002255,2.19e-05,None kPa,N/A,14669,['C'],A,Low temperature calorimetry set up,"origin: commercial source,99.8 % (total),stated by supplier",99.8,Not Specified %,1964
0.5002,0.002681,2.58e-05,None kPa,N/A,14669,['C'],A,Low temperature calorimetry set up,"origin: commercial source,99.8 % (total),stated by supplier",99.8,Not Specified %,1964
0.5395,0.003121,2.98e-05,None kPa,N/A,14669,['C'],A,Low temperature calorimetry set up,"origin: commercial source,99.8 % (total),stated by supplier",99.8,Not Specified %,1964
0.5867,0.00381,3.6e-05,None kPa,N/A,14669,['C'],A,Low temperature calorimetry set up,"origin: commercial source,99.8 % (total),stated by supplier",99.8,Not Specified %,1964
0.6418,0.004724,4.42e-05,None kPa,N/A,14669,['C'],A,Low temperature calorimetry set up,"origin: commercial source,99.8 % (total),stated by supplier",99.8,Not Specified %,1964
0.7053,0.005924,5.47e-05,None kPa,N/A,14669,['C'],A,Low temperature calorimetry set up,"origin: commercial source,99.8 % (total),stated by supplier",99.8,Not Specified %,1964
0.7736,0.007457,6.79e-05,None kPa,N/A,14669,['C'],A,Low temperature calorimetry set up,"origin: commercial source,99.8 % (total),stated by supplier",99.8,Not Specified %,1964
0.8497,0.009489,8.5e-05,None kPa,N/A,14669,['C'],A,Low temperature calorimetry set up,"origin: commercial source,99.8 % (total),stated by supplier",99.8,Not Specified %,1964
0.9289,0.01187,0.000105,None kPa,N/A,14669,['C'],A,Low temperature calorimetry set up,"origin: commercial source,99.8 % (total),stated by supplier",99.8,Not Specified %,1964
1.011,0.01493,0.000129,None kPa,N/A,14669,['C'],A,Low temperature calorimetry set up,"origin: commercial source,99.8 % (total),stated by supplier",99.8,Not Specified %,1964
1.098,0.01885,0.00016,None kPa,N/A,14669,['C'],A,Low temperature calorimetry set up,"origin: commercial source,99.8 % (total),stated by supplier",99.8,Not Specified %,1964
0.6381,0.004617,4.32e-05,None kPa,N/A,14669,['C'],A,Low temperature calorimetry set up,"origin: commercial source,99.8 % (total),stated by supplier",99.8,Not Specified %,1964
0.7084,0.005947,5.49e-05,None kPa,N/A,14669,['C'],A,Low temperature calorimetry set up,"origin: commercial source,99.8 % (total),stated by supplier",99.8,Not Specified %,1964
0.7862,0.007735,7.02e-05,None kPa,N/A,14669,['C'],A,Low temperature calorimetry set up,"origin: commercial source,99.8 % (total),stated by supplier",99.8,Not Specified %,1964
0.8634,0.009845,8.8e-05,None kPa,N/A,14669,['C'],A,Low temperature calorimetry set up,"origin: commercial source,99.8 % (total),stated by supplier",99.8,Not Specified %,1964
0.9455,0.01249,0.00011,None kPa,N/A,14669,['C'],A,Low temperature calorimetry set up,"origin: commercial source,99.8 % (total),stated by supplier",99.8,Not Specified %,1964
1.041,0.01626,0.00014,None kPa,N/A,14669,['C'],A,Low temperature calorimetry set up,"origin: commercial source,99.8 % (total),stated by supplier",99.8,Not Specified %,1964
1.135,0.02071,0.000174,None kPa,N/A,14669,['C'],A,Low temperature calorimetry set up,"origin: commercial source,99.8 % (total),stated by supplier",99.8,Not Specified %,1964
1.237,0.02643,0.000217,None kPa,N/A,14669,['C'],A,Low temperature calorimetry set up,"origin: commercial source,99.8 % (total),stated by supplier",99.8,Not Specified %,1964
1.214,0.02513,0.000208,None kPa,N/A,14669,['C'],A,Low temperature calorimetry set up,"origin: commercial source,99.8 % (total),stated by supplier",99.8,Not Specified %,1964
1.167,0.02246,0.000188,None kPa,N/A,14669,['C'],A,Low temperature calorimetry set up,"origin: commercial source,99.8 % (total),stated by supplier",99.8,Not Specified %,1964
1.245,0.02688,0.000221,None kPa,N/A,14669,['C'],A,Low temperature calorimetry set up,"origin: commercial source,99.8 % (total),stated by supplier",99.8,Not Specified %,1964
1.1991,0.02407,0.0002,None kPa,N/A,14670,['C'],A,Low temperature calorimetry set up,"origin: commercial source,99.8 % (total),stated by supplier",99.8,Not Specified %,1964
1.3249,0.03222,0.00026,None kPa,N/A,14670,['C'],A,Low temperature calorimetry set up,"origin: commercial source,99.8 % (total),stated by supplier",99.8,Not Specified %,1964
1.463,0.04346,0.000339,None kPa,N/A,14670,['C'],A,Low temperature calorimetry set up,"origin: commercial source,99.8 % (total),stated by supplier",99.8,Not Specified %,1964
1.6163,0.05922,0.000445,None kPa,N/A,14670,['C'],A,Low temperature calorimetry set up,"origin: commercial source,99.8 % (total),stated by supplier",99.8,Not Specified %,1964
1.7867,0.08131,0.000584,None kPa,N/A,14670,['C'],A,Low temperature calorimetry set up,"origin: commercial source,99.8 % (total),stated by supplier",99.8,Not Specified %,1964
1.9718,0.1114,0.000762,None kPa,N/A,14670,['C'],A,Low temperature calorimetry set up,"origin: commercial source,99.8 % (total),stated by supplier",99.8,Not Specified %,1964
2.161,0.1497,0.00097,None kPa,N/A,14670,['C'],A,Low temperature calorimetry set up,"origin: commercial source,99.8 % (total),stated by supplier",99.8,Not Specified %,1964
2.366,0.2003,0.00122,None kPa,N/A,14670,['C'],A,Low temperature calorimetry set up,"origin: commercial source,99.8 % (total),stated by supplier",99.8,Not Specified %,1964
2.5961,0.2691,0.00152,None kPa,N/A,14670,['C'],A,Low temperature calorimetry set up,"origin: commercial source,99.8 % (total),stated by supplier",99.8,Not Specified %,1964
2.8521,0.3617,0.00187,None kPa,N/A,14670,['C'],A,Low temperature calorimetry set up,"origin: commercial source,99.8 % (total),stated by supplier",99.8,Not Specified %,1964
3.1428,0.4865,0.00225,None kPa,N/A,14670,['C'],A,Low temperature calorimetry set up,"origin: commercial source,99.8 % (total),stated by supplier",99.8,Not Specified %,1964
3.4535,0.6445,0.0026,None kPa,N/A,14670,['C'],A,Low temperature calorimetry set up,"origin: commercial source,99.8 % (total),stated by supplier",99.8,Not Specified %,1964
3.7762,0.8276,0.00283,None kPa,N/A,14670,['C'],A,Low temperature calorimetry set up,"origin: commercial source,99.8 % (total),stated by supplier",99.8,Not Specified %,1964
4.0713,1.009,0.00289,None kPa,N/A,14670,['C'],A,Low temperature calorimetry set up,"origin: commercial source,99.8 % (total),stated by supplier",99.8,Not Specified %,1964
1.1952,0.02383,0.000198,None kPa,N/A,14670,['C'],A,Low temperature calorimetry set up,"origin: commercial source,99.8 % (total),stated by supplier",99.8,Not Specified %,1964
1.3076,0.03099,0.000251,None kPa,N/A,14670,['C'],A,Low temperature calorimetry set up,"origin: commercial source,99.8 % (total),stated by supplier",99.8,Not Specified %,1964
1.4365,0.04112,0.000323,None kPa,N/A,14670,['C'],A,Low temperature calorimetry set up,"origin: commercial source,99.8 % (total),stated by supplier",99.8,Not Specified %,1964
1.5882,0.056,0.000424,None kPa,N/A,14670,['C'],A,Low temperature calorimetry set up,"origin: commercial source,99.8 % (total),stated by supplier",99.8,Not Specified %,1964
1.7523,0.07635,0.000554,None kPa,N/A,14670,['C'],A,Low temperature calorimetry set up,"origin: commercial source,99.8 % (total),stated by supplier",99.8,Not Specified %,1964
1.9314,0.1043,0.000721,None kPa,N/A,14670,['C'],A,Low temperature calorimetry set up,"origin: commercial source,99.8 % (total),stated by supplier",99.8,Not Specified %,1964
2.1287,0.1426,0.000933,None kPa,N/A,14670,['C'],A,Low temperature calorimetry set up,"origin: commercial source,99.8 % (total),stated by supplier",99.8,Not Specified %,1964
2.3342,0.1914,0.00118,None kPa,N/A,14670,['C'],A,Low temperature calorimetry set up,"origin: commercial source,99.8 % (total),stated by supplier",99.8,Not Specified %,1964
2.5471,0.2518,0.00145,None kPa,N/A,14670,['C'],A,Low temperature calorimetry set up,"origin: commercial source,99.8 % (total),stated by supplier",99.8,Not Specified %,1964
2.7886,0.3369,0.00178,None kPa,N/A,14670,['C'],A,Low temperature calorimetry set up,"origin: commercial source,99.8 % (total),stated by supplier",99.8,Not Specified %,1964
3.053,0.4451,0.00213,None kPa,N/A,14670,['C'],A,Low temperature calorimetry set up,"origin: commercial source,99.8 % (total),stated by supplier",99.8,Not Specified %,1964
3.3361,0.5814,0.00247,None kPa,N/A,14670,['C'],A,Low temperature calorimetry set up,"origin: commercial source,99.8 % (total),stated by supplier",99.8,Not Specified %,1964
3.6579,0.7577,0.00276,None kPa,N/A,14670,['C'],A,Low temperature calorimetry set up,"origin: commercial source,99.8 % (total),stated by supplier",99.8,Not Specified %,1964
4.0081,0.9691,0.00289,None kPa,N/A,14670,['C'],A,Low temperature calorimetry set up,"origin: commercial source,99.8 % (total),stated by supplier",99.8,Not Specified %,1964
1.5881,0.05589,0.000423,None kPa,N/A,14670,['C'],A,Low temperature calorimetry set up,"origin: commercial source,99.8 % (total),stated by supplier",99.8,Not Specified %,1964
1.7361,0.07397,0.000539,None kPa,N/A,14670,['C'],A,Low temperature calorimetry set up,"origin: commercial source,99.8 % (total),stated by supplier",99.8,Not Specified %,1964
1.9055,0.09958,0.000693,None kPa,N/A,14670,['C'],A,Low temperature calorimetry set up,"origin: commercial source,99.8 % (total),stated by supplier",99.8,Not Specified %,1964
2.091,0.1344,0.000889,None kPa,N/A,14670,['C'],A,Low temperature calorimetry set up,"origin: commercial source,99.8 % (total),stated by supplier",99.8,Not Specified %,1964
2.2887,0.1793,0.00112,None kPa,N/A,14670,['C'],A,Low temperature calorimetry set up,"origin: commercial source,99.8 % (total),stated by supplier",99.8,Not Specified %,1964
2.5015,0.2385,0.00139,None kPa,N/A,14670,['C'],A,Low temperature calorimetry set up,"origin: commercial source,99.8 % (total),stated by supplier",99.8,Not Specified %,1964
2.7254,0.313,0.00169,None kPa,N/A,14670,['C'],A,Low temperature calorimetry set up,"origin: commercial source,99.8 % (total),stated by supplier",99.8,Not Specified %,1964
2.9798,0.4125,0.00203,None kPa,N/A,14670,['C'],A,Low temperature calorimetry set up,"origin: commercial source,99.8 % (total),stated by supplier",99.8,Not Specified %,1964
3.2642,0.5437,0.00239,None kPa,N/A,14670,['C'],A,Low temperature calorimetry set up,"origin: commercial source,99.8 % (total),stated by supplier",99.8,Not Specified %,1964
3.5784,0.7116,0.0027,None kPa,N/A,14670,['C'],A,Low temperature calorimetry set up,"origin: commercial source,99.8 % (total),stated by supplier",99.8,Not Specified %,1964
3.9231,0.9147,0.00288,None kPa,N/A,14670,['C'],A,Low temperature calorimetry set up,"origin: commercial source,99.8 % (total),stated by supplier",99.8,Not Specified %,1964
0.35,0.0018419,9.2095e-05,None kPa,N/A,14739,['C'],A,Low temperature calorimetry set up,"origin: commercial source,99.90 % (total),",99.9,Not Specified %,1964
0.4,0.0022523,0.000112615,None kPa,N/A,14739,['C'],A,Low temperature calorimetry set up,"origin: commercial source,99.90 % (total),",99.9,Not Specified %,1964
0.45,0.0027228,0.00013614,None kPa,N/A,14739,['C'],A,Low temperature calorimetry set up,"origin: commercial source,99.90 % (total),",99.9,Not Specified %,1964
0.5,0.0032618,0.00016309,None kPa,N/A,14739,['C'],A,Low temperature calorimetry set up,"origin: commercial source,99.90 % (total),",99.9,Not Specified %,1964
0.55,0.0038779,0.000193895,None kPa,N/A,14739,['C'],A,Low temperature calorimetry set up,"origin: commercial source,99.90 % (total),",99.9,Not Specified %,1964
0.6,0.0045799,0.000228995,None kPa,N/A,14739,['C'],A,Low temperature calorimetry set up,"origin: commercial source,99.90 % (total),",99.9,Not Specified %,1964
0.65,0.0053771,0.000268855,None kPa,N/A,14739,['C'],A,Low temperature calorimetry set up,"origin: commercial source,99.90 % (total),",99.9,Not Specified %,1964
0.7,0.0062794,0.00031397,None kPa,N/A,14739,['C'],A,Low temperature calorimetry set up,"origin: commercial source,99.90 % (total),",99.9,Not Specified %,1964
0.75,0.0072969,0.000364845,None kPa,N/A,14739,['C'],A,Low temperature calorimetry set up,"origin: commercial source,99.90 % (total),",99.9,Not Specified %,1964
0.8,0.0084403,0.000422015,None kPa,N/A,14739,['C'],A,Low temperature calorimetry set up,"origin: commercial source,99.90 % (total),",99.9,Not Specified %,1964
0.85,0.0097211,0.000486055,None kPa,N/A,14739,['C'],A,Low temperature calorimetry set up,"origin: commercial source,99.90 % (total),",99.9,Not Specified %,1964
0.9,0.011151,0.00055755,None kPa,N/A,14739,['C'],A,Low temperature calorimetry set up,"origin: commercial source,99.90 % (total),",99.9,Not Specified %,1964
0.95,0.012743,0.00063715,None kPa,N/A,14739,['C'],A,Low temperature calorimetry set up,"origin: commercial source,99.90 % (total),",99.9,Not Specified %,1964
1.0,0.0145104,0.00072552,None kPa,N/A,14739,['C'],A,Low temperature calorimetry set up,"origin: commercial source,99.90 % (total),",99.9,Not Specified %,1964
1.05,0.0164676,0.00082338,None kPa,N/A,14739,['C'],A,Low temperature calorimetry set up,"origin: commercial source,99.90 % (total),",99.9,Not Specified %,1964
1.1,0.0186299,0.000931495,None kPa,N/A,14739,['C'],A,Low temperature calorimetry set up,"origin: commercial source,99.90 % (total),",99.9,Not Specified %,1964
1.15,0.0210137,0.00105069,None kPa,N/A,14739,['C'],A,Low temperature calorimetry set up,"origin: commercial source,99.90 % (total),",99.9,Not Specified %,1964
1.2,0.0236365,0.00118183,None kPa,N/A,14739,['C'],A,Low temperature calorimetry set up,"origin: commercial source,99.90 % (total),",99.9,Not Specified %,1964
1.25,0.0265169,0.00132585,None kPa,N/A,14739,['C'],A,Low temperature calorimetry set up,"origin: commercial source,99.90 % (total),",99.9,Not Specified %,1964
1.3,0.0296749,0.00148375,None kPa,N/A,14739,['C'],A,Low temperature calorimetry set up,"origin: commercial source,99.90 % (total),",99.9,Not Specified %,1964
1.35,0.0331322,0.00165661,None kPa,N/A,14739,['C'],A,Low temperature calorimetry set up,"origin: commercial source,99.90 % (total),",99.9,Not Specified %,1964
1.4,0.0369117,0.00184559,None kPa,N/A,14739,['C'],A,Low temperature calorimetry set up,"origin: commercial source,99.90 % (total),",99.9,Not Specified %,1964
1.45,0.0410382,0.00205191,None kPa,N/A,14739,['C'],A,Low temperature calorimetry set up,"origin: commercial source,99.90 % (total),",99.9,Not Specified %,1964
1.5,0.0455383,0.00227692,None kPa,N/A,14739,['C'],A,Low temperature calorimetry set up,"origin: commercial source,99.90 % (total),",99.9,Not Specified %,1964
1.55,0.0504406,0.00252203,None kPa,N/A,14739,['C'],A,Low temperature calorimetry set up,"origin: commercial source,99.90 % (total),",99.9,Not Specified %,1964
1.6,0.0557757,0.00278879,None kPa,N/A,14739,['C'],A,Low temperature calorimetry set up,"origin: commercial source,99.90 % (total),",99.9,Not Specified %,1964
1.65,0.0615768,0.00307884,None kPa,N/A,14739,['C'],A,Low temperature calorimetry set up,"origin: commercial source,99.90 % (total),",99.9,Not Specified %,1964
1.7,0.0678791,0.00339396,None kPa,N/A,14739,['C'],A,Low temperature calorimetry set up,"origin: commercial source,99.90 % (total),",99.9,Not Specified %,1964
1.75,0.0747208,0.00373604,None kPa,N/A,14739,['C'],A,Low temperature calorimetry set up,"origin: commercial source,99.90 % (total),",99.9,Not Specified %,1964
1.8,0.0821428,0.00410714,None kPa,N/A,14739,['C'],A,Low temperature calorimetry set up,"origin: commercial source,99.90 % (total),",99.9,Not Specified %,1964
1.85,0.090189,0.00450945,None kPa,N/A,14739,['C'],A,Low temperature calorimetry set up,"origin: commercial source,99.90 % (total),",99.9,Not Specified %,1964
1.9,0.0989064,0.00494532,None kPa,N/A,14739,['C'],A,Low temperature calorimetry set up,"origin: commercial source,99.90 % (total),",99.9,Not Specified %,1964
1.95,0.108346,0.00541729,None kPa,N/A,14739,['C'],A,Low temperature calorimetry set up,"origin: commercial source,99.90 % (total),",99.9,Not Specified %,1964
2.0,0.118561,0.00592806,None kPa,N/A,14739,['C'],A,Low temperature calorimetry set up,"origin: commercial source,99.90 % (total),",99.9,Not Specified %,1964
2.05,0.129611,0.00648054,None kPa,N/A,14739,['C'],A,Low temperature calorimetry set up,"origin: commercial source,99.90 % (total),",99.9,Not Specified %,1964
2.1,0.141557,0.00707785,None kPa,N/A,14739,['C'],A,Low temperature calorimetry set up,"origin: commercial source,99.90 % (total),",99.9,Not Specified %,1964
2.15,0.154466,0.00772331,None kPa,N/A,14739,['C'],A,Low temperature calorimetry set up,"origin: commercial source,99.90 % (total),",99.9,Not Specified %,1964
2.2,0.16841,0.00842051,None kPa,N/A,14739,['C'],A,Low temperature calorimetry set up,"origin: commercial source,99.90 % (total),",99.9,Not Specified %,1964
0.3747,0.00153588,6.14353e-06,None kPa,N/A,19417,['C'],A,Low temperature calorimetry set up,"origin: commercial source,99.9 % (total),stated by supplier",99.9,Not Specified %,1970
0.3765,0.00155748,6.22993e-06,None kPa,N/A,19417,['C'],A,Low temperature calorimetry set up,"origin: commercial source,99.9 % (total),stated by supplier",99.9,Not Specified %,1970
0.3826,0.00160485,6.41943e-06,None kPa,N/A,19417,['C'],A,Low temperature calorimetry set up,"origin: commercial source,99.9 % (total),stated by supplier",99.9,Not Specified %,1970
0.4076,0.00179323,7.17292e-06,None kPa,N/A,19417,['C'],A,Low temperature calorimetry set up,"origin: commercial source,99.9 % (total),stated by supplier",99.9,Not Specified %,1970
0.4129,0.00184507,7.38028e-06,None kPa,N/A,19417,['C'],A,Low temperature calorimetry set up,"origin: commercial source,99.9 % (total),stated by supplier",99.9,Not Specified %,1970
0.4142,0.00185435,7.4174e-06,None kPa,N/A,19417,['C'],A,Low temperature calorimetry set up,"origin: commercial source,99.9 % (total),stated by supplier",99.9,Not Specified %,1970
0.4371,0.00205123,8.20491e-06,None kPa,N/A,19417,['C'],A,Low temperature calorimetry set up,"origin: commercial source,99.9 % (total),stated by supplier",99.9,Not Specified %,1970
0.4422,0.00209573,8.38294e-06,None kPa,N/A,19417,['C'],A,Low temperature calorimetry set up,"origin: commercial source,99.9 % (total),stated by supplier",99.9,Not Specified %,1970
0.4432,0.00211072,8.44289e-06,None kPa,N/A,19417,['C'],A,Low temperature calorimetry set up,"origin: commercial source,99.9 % (total),stated by supplier",99.9,Not Specified %,1970
0.444,0.00211725,8.469e-06,None kPa,N/A,19417,['C'],A,Low temperature calorimetry set up,"origin: commercial source,99.9 % (total),stated by supplier",99.9,Not Specified %,1970
0.4692,0.00234679,9.38718e-06,None kPa,N/A,19417,['C'],A,Low temperature calorimetry set up,"origin: commercial source,99.9 % (total),stated by supplier",99.9,Not Specified %,1970
0.4728,0.00239082,9.56328e-06,None kPa,N/A,19417,['C'],A,Low temperature calorimetry set up,"origin: commercial source,99.9 % (total),stated by supplier",99.9,Not Specified %,1970
0.4731,0.00239231,9.56923e-06,None kPa,N/A,19417,['C'],A,Low temperature calorimetry set up,"origin: commercial source,99.9 % (total),stated by supplier",99.9,Not Specified %,1970
0.4734,0.00238421,9.53684e-06,None kPa,N/A,19417,['C'],A,Low temperature calorimetry set up,"origin: commercial source,99.9 % (total),stated by supplier",99.9,Not Specified %,1970
0.5002,0.00265562,1.06225e-05,None kPa,N/A,19417,['C'],A,Low temperature calorimetry set up,"origin: commercial source,99.9 % (total),stated by supplier",99.9,Not Specified %,1970
0.5053,0.00272472,1.08989e-05,None kPa,N/A,19417,['C'],A,Low temperature calorimetry set up,"origin: commercial source,99.9 % (total),stated by supplier",99.9,Not Specified %,1970
0.5062,0.00273193,1.09277e-05,None kPa,N/A,19417,['C'],A,Low temperature calorimetry set up,"origin: commercial source,99.9 % (total),stated by supplier",99.9,Not Specified %,1970
0.5119,0.00279922,1.11969e-05,None kPa,N/A,19417,['C'],A,Low temperature calorimetry set up,"origin: commercial source,99.9 % (total),stated by supplier",99.9,Not Specified %,1970
0.5342,0.00306298,1.22519e-05,None kPa,N/A,19417,['C'],A,Low temperature calorimetry set up,"origin: commercial source,99.9 % (total),stated by supplier",99.9,Not Specified %,1970
0.5433,0.00316821,1.26728e-05,None kPa,N/A,19417,['C'],A,Low temperature calorimetry set up,"origin: commercial source,99.9 % (total),stated by supplier",99.9,Not Specified %,1970
0.5469,0.00321614,1.28645e-05,None kPa,N/A,19417,['C'],A,Low temperature calorimetry set up,"origin: commercial source,99.9 % (total),stated by supplier",99.9,Not Specified %,1970
0.5718,0.00353781,1.41513e-05,None kPa,N/A,19417,['C'],A,Low temperature calorimetry set up,"origin: commercial source,99.9 % (total),stated by supplier",99.9,Not Specified %,1970
0.5856,0.00373122,1.49249e-05,None kPa,N/A,19417,['C'],A,Low temperature calorimetry set up,"origin: commercial source,99.9 % (total),stated by supplier",99.9,Not Specified %,1970
0.6017,0.00394521,1.57808e-05,None kPa,N/A,19417,['C'],A,Low temperature calorimetry set up,"origin: commercial source,99.9 % (total),stated by supplier",99.9,Not Specified %,1970
0.6029,0.00396288,1.58515e-05,None kPa,N/A,19417,['C'],A,Low temperature calorimetry set up,"origin: commercial source,99.9 % (total),stated by supplier",99.9,Not Specified %,1970
0.6407,0.00454884,1.81955e-05,None kPa,N/A,19417,['C'],A,Low temperature calorimetry set up,"origin: commercial source,99.9 % (total),stated by supplier",99.9,Not Specified %,1970
0.65,0.00471608,1.88644e-05,None kPa,N/A,19417,['C'],A,Low temperature calorimetry set up,"origin: commercial source,99.9 % (total),stated by supplier",99.9,Not Specified %,1970
0.6542,0.0047939,1.91755e-05,None kPa,N/A,19417,['C'],A,Low temperature calorimetry set up,"origin: commercial source,99.9 % (total),stated by supplier",99.9,Not Specified %,1970
0.6602,0.00486859,1.94744e-05,None kPa,N/A,19417,['C'],A,Low temperature calorimetry set up,"origin: commercial source,99.9 % (total),stated by supplier",99.9,Not Specified %,1970
0.6998,0.00559459,2.23783e-05,None kPa,N/A,19417,['C'],A,Low temperature calorimetry set up,"origin: commercial source,99.9 % (total),stated by supplier",99.9,Not Specified %,1970
0.7004,0.00558104,2.23241e-05,None kPa,N/A,19417,['C'],A,Low temperature calorimetry set up,"origin: commercial source,99.9 % (total),stated by supplier",99.9,Not Specified %,1970
0.7241,0.00606508,2.42603e-05,None kPa,N/A,19417,['C'],A,Low temperature calorimetry set up,"origin: commercial source,99.9 % (total),stated by supplier",99.9,Not Specified %,1970
0.7488,0.00655516,2.62205e-05,None kPa,N/A,19417,['C'],A,Low temperature calorimetry set up,"origin: commercial source,99.9 % (total),stated by supplier",99.9,Not Specified %,1970
0.7498,0.00659541,2.63817e-05,None kPa,N/A,19417,['C'],A,Low temperature calorimetry set up,"origin: commercial source,99.9 % (total),stated by supplier",99.9,Not Specified %,1970
0.7914,0.00753233,3.01294e-05,None kPa,N/A,19417,['C'],A,Low temperature calorimetry set up,"origin: commercial source,99.9 % (total),stated by supplier",99.9,Not Specified %,1970
0.8103,0.00799621,3.19848e-05,None kPa,N/A,19417,['C'],A,Low temperature calorimetry set up,"origin: commercial source,99.9 % (total),stated by supplier",99.9,Not Specified %,1970
0.8237,0.0083539,3.34156e-05,None kPa,N/A,19417,['C'],A,Low temperature calorimetry set up,"origin: commercial source,99.9 % (total),stated by supplier",99.9,Not Specified %,1970
0.8241,0.00835946,3.34378e-05,None kPa,N/A,19417,['C'],A,Low temperature calorimetry set up,"origin: commercial source,99.9 % (total),stated by supplier",99.9,Not Specified %,1970
0.8644,0.00943065,3.77226e-05,None kPa,N/A,19417,['C'],A,Low temperature calorimetry set up,"origin: commercial source,99.9 % (total),stated by supplier",99.9,Not Specified %,1970
0.882,0.00992746,3.97098e-05,None kPa,N/A,19417,['C'],A,Low temperature calorimetry set up,"origin: commercial source,99.9 % (total),stated by supplier",99.9,Not Specified %,1970
0.8962,0.010357,4.1428e-05,None kPa,N/A,19417,['C'],A,Low temperature calorimetry set up,"origin: commercial source,99.9 % (total),stated by supplier",99.9,Not Specified %,1970
0.9069,0.0106878,4.27513e-05,None kPa,N/A,19417,['C'],A,Low temperature calorimetry set up,"origin: commercial source,99.9 % (total),stated by supplier",99.9,Not Specified %,1970
0.9439,0.0118904,4.75616e-05,None kPa,N/A,19417,['C'],A,Low temperature calorimetry set up,"origin: commercial source,99.9 % (total),stated by supplier",99.9,Not Specified %,1970
0.9476,0.0120019,4.80076e-05,None kPa,N/A,19417,['C'],A,Low temperature calorimetry set up,"origin: commercial source,99.9 % (total),stated by supplier",99.9,Not Specified %,1970
0.9647,0.0125407,5.01628e-05,None kPa,N/A,19417,['C'],A,Low temperature calorimetry set up,"origin: commercial source,99.9 % (total),stated by supplier",99.9,Not Specified %,1970
0.9738,0.0129017,5.16067e-05,None kPa,N/A,19417,['C'],A,Low temperature calorimetry set up,"origin: commercial source,99.9 % (total),stated by supplier",99.9,Not Specified %,1970
1.0417,0.0154749,6.18994e-05,None kPa,N/A,19417,['C'],A,Low temperature calorimetry set up,"origin: commercial source,99.9 % (total),stated by supplier",99.9,Not Specified %,1970
1.0446,0.0155021,6.20086e-05,None kPa,N/A,19417,['C'],A,Low temperature calorimetry set up,"origin: commercial source,99.9 % (total),stated by supplier",99.9,Not Specified %,1970
1.046,0.0156788,6.27152e-05,None kPa,N/A,19417,['C'],A,Low temperature calorimetry set up,"origin: commercial source,99.9 % (total),stated by supplier",99.9,Not Specified %,1970
1.0475,0.0157526,6.30106e-05,None kPa,N/A,19417,['C'],A,Low temperature calorimetry set up,"origin: commercial source,99.9 % (total),stated by supplier",99.9,Not Specified %,1970
1.137,0.0197341,7.89362e-05,None kPa,N/A,19417,['C'],A,Low temperature calorimetry set up,"origin: commercial source,99.9 % (total),stated by supplier",99.9,Not Specified %,1970
1.1467,0.0201839,8.07357e-05,None kPa,N/A,19417,['C'],A,Low temperature calorimetry set up,"origin: commercial source,99.9 % (total),stated by supplier",99.9,Not Specified %,1970
1.1501,0.0203912,8.15646e-05,None kPa,N/A,19417,['C'],A,Low temperature calorimetry set up,"origin: commercial source,99.9 % (total),stated by supplier",99.9,Not Specified %,1970
1.2021,0.023072,9.22877e-05,None kPa,N/A,19417,['C'],A,Low temperature calorimetry set up,"origin: commercial source,99.9 % (total),stated by supplier",99.9,Not Specified %,1970
1.2306,0.0245941,9.83763e-05,None kPa,N/A,19417,['C'],A,Low temperature calorimetry set up,"origin: commercial source,99.9 % (total),stated by supplier",99.9,Not Specified %,1970
1.248,0.025639,0.000102556,None kPa,N/A,19417,['C'],A,Low temperature calorimetry set up,"origin: commercial source,99.9 % (total),stated by supplier",99.9,Not Specified %,1970
1.2522,0.0258611,0.000103444,None kPa,N/A,19417,['C'],A,Low temperature calorimetry set up,"origin: commercial source,99.9 % (total),stated by supplier",99.9,Not Specified %,1970
1.334,0.0309602,0.000123841,None kPa,N/A,19417,['C'],A,Low temperature calorimetry set up,"origin: commercial source,99.9 % (total),stated by supplier",99.9,Not Specified %,1970
1.3489,0.0320789,0.000128315,None kPa,N/A,19417,['C'],A,Low temperature calorimetry set up,"origin: commercial source,99.9 % (total),stated by supplier",99.9,Not Specified %,1970
1.3643,0.0332143,0.000132857,None kPa,N/A,19417,['C'],A,Low temperature calorimetry set up,"origin: commercial source,99.9 % (total),stated by supplier",99.9,Not Specified %,1970
1.369,0.0335148,0.000134059,None kPa,N/A,19417,['C'],A,Low temperature calorimetry set up,"origin: commercial source,99.9 % (total),stated by supplier",99.9,Not Specified %,1970
1.4402,0.0390017,0.000156007,None kPa,N/A,19417,['C'],A,Low temperature calorimetry set up,"origin: commercial source,99.9 % (total),stated by supplier",99.9,Not Specified %,1970
1.4866,0.0426864,0.000170746,None kPa,N/A,19417,['C'],A,Low temperature calorimetry set up,"origin: commercial source,99.9 % (total),stated by supplier",99.9,Not Specified %,1970
1.5224,0.0459014,0.000183605,None kPa,N/A,19417,['C'],A,Low temperature calorimetry set up,"origin: commercial source,99.9 % (total),stated by supplier",99.9,Not Specified %,1970
1.5339,0.0468696,0.000187478,None kPa,N/A,19417,['C'],A,Low temperature calorimetry set up,"origin: commercial source,99.9 % (total),stated by supplier",99.9,Not Specified %,1970
1.5616,0.0494879,0.000197951,None kPa,N/A,19417,['C'],A,Low temperature calorimetry set up,"origin: commercial source,99.9 % (total),stated by supplier",99.9,Not Specified %,1970
1.5833,0.0517427,0.000206971,None kPa,N/A,19417,['C'],A,Low temperature calorimetry set up,"origin: commercial source,99.9 % (total),stated by supplier",99.9,Not Specified %,1970
1.6646,0.0601835,0.000240734,None kPa,N/A,19417,['C'],A,Low temperature calorimetry set up,"origin: commercial source,99.9 % (total),stated by supplier",99.9,Not Specified %,1970
1.6797,0.0616847,0.000246739,None kPa,N/A,19417,['C'],A,Low temperature calorimetry set up,"origin: commercial source,99.9 % (total),stated by supplier",99.9,Not Specified %,1970
1.6903,0.0629529,0.000251812,None kPa,N/A,19417,['C'],A,Low temperature calorimetry set up,"origin: commercial source,99.9 % (total),stated by supplier",99.9,Not Specified %,1970
1.707,0.0648428,0.000259371,None kPa,N/A,19417,['C'],A,Low temperature calorimetry set up,"origin: commercial source,99.9 % (total),stated by supplier",99.9,Not Specified %,1970
1.7929,0.075522,0.000302089,None kPa,N/A,19417,['C'],A,Low temperature calorimetry set up,"origin: commercial source,99.9 % (total),stated by supplier",99.9,Not Specified %,1970
1.8156,0.078891,0.000315563,None kPa,N/A,19417,['C'],A,Low temperature calorimetry set up,"origin: commercial source,99.9 % (total),stated by supplier",99.9,Not Specified %,1970
1.8317,0.0806299,0.00032252,None kPa,N/A,19417,['C'],A,Low temperature calorimetry set up,"origin: commercial source,99.9 % (total),stated by supplier",99.9,Not Specified %,1970
1.8326,0.0810181,0.000324072,None kPa,N/A,19417,['C'],A,Low temperature calorimetry set up,"origin: commercial source,99.9 % (total),stated by supplier",99.9,Not Specified %,1970
1.9105,0.0924287,0.000369715,None kPa,N/A,19417,['C'],A,Low temperature calorimetry set up,"origin: commercial source,99.9 % (total),stated by supplier",99.9,Not Specified %,1970
1.9461,0.0974537,0.000389815,None kPa,N/A,19417,['C'],A,Low temperature calorimetry set up,"origin: commercial source,99.9 % (total),stated by supplier",99.9,Not Specified %,1970
1.96,0.0999378,0.000399752,None kPa,N/A,19417,['C'],A,Low temperature calorimetry set up,"origin: commercial source,99.9 % (total),stated by supplier",99.9,Not Specified %,1970
1.9874,0.104377,0.000417507,None kPa,N/A,19417,['C'],A,Low temperature calorimetry set up,"origin: commercial source,99.9 % (total),stated by supplier",99.9,Not Specified %,1970
2.0443,0.114107,0.000456428,None kPa,N/A,19417,['C'],A,Low temperature calorimetry set up,"origin: commercial source,99.9 % (total),stated by supplier",99.9,Not Specified %,1970
2.0739,0.119288,0.000477152,None kPa,N/A,19417,['C'],A,Low temperature calorimetry set up,"origin: commercial source,99.9 % (total),stated by supplier",99.9,Not Specified %,1970
2.1419,0.132159,0.000528636,None kPa,N/A,19417,['C'],A,Low temperature calorimetry set up,"origin: commercial source,99.9 % (total),stated by supplier",99.9,Not Specified %,1970
2.1672,0.137051,0.000548204,None kPa,N/A,19417,['C'],A,Low temperature calorimetry set up,"origin: commercial source,99.9 % (total),stated by supplier",99.9,Not Specified %,1970
2.2105,0.146474,0.000585894,None kPa,N/A,19417,['C'],A,Low temperature calorimetry set up,"origin: commercial source,99.9 % (total),stated by supplier",99.9,Not Specified %,1970
2.2341,0.150608,0.000602433,None kPa,N/A,19417,['C'],A,Low temperature calorimetry set up,"origin: commercial source,99.9 % (total),stated by supplier",99.9,Not Specified %,1970
2.3233,0.171472,0.000685887,None kPa,N/A,19417,['C'],A,Low temperature calorimetry set up,"origin: commercial source,99.9 % (total),stated by supplier",99.9,Not Specified %,1970
2.3438,0.17693,0.000707724,None kPa,N/A,19417,['C'],A,Low temperature calorimetry set up,"origin: commercial source,99.9 % (total),stated by supplier",99.9,Not Specified %,1970
2.3657,0.182578,0.000730313,None kPa,N/A,19417,['C'],A,Low temperature calorimetry set up,"origin: commercial source,99.9 % (total),stated by supplier",99.9,Not Specified %,1970
2.3787,0.184717,0.000738869,None kPa,N/A,19417,['C'],A,Low temperature calorimetry set up,"origin: commercial source,99.9 % (total),stated by supplier",99.9,Not Specified %,1970
2.4723,0.208344,0.000833377,None kPa,N/A,19417,['C'],A,Low temperature calorimetry set up,"origin: commercial source,99.9 % (total),stated by supplier",99.9,Not Specified %,1970
2.5027,0.218633,0.000874535,None kPa,N/A,19417,['C'],A,Low temperature calorimetry set up,"origin: commercial source,99.9 % (total),stated by supplier",99.9,Not Specified %,1970
2.5058,0.21792,0.000871678,None kPa,N/A,19417,['C'],A,Low temperature calorimetry set up,"origin: commercial source,99.9 % (total),stated by supplier",99.9,Not Specified %,1970
2.5178,0.222031,0.000888125,None kPa,N/A,19417,['C'],A,Low temperature calorimetry set up,"origin: commercial source,99.9 % (total),stated by supplier",99.9,Not Specified %,1970
2.604,0.246025,0.000984102,None kPa,N/A,19417,['C'],A,Low temperature calorimetry set up,"origin: commercial source,99.9 % (total),stated by supplier",99.9,Not Specified %,1970
2.6393,0.256985,0.00102794,None kPa,N/A,19417,['C'],A,Low temperature calorimetry set up,"origin: commercial source,99.9 % (total),stated by supplier",99.9,Not Specified %,1970
2.6549,0.261989,0.00104795,None kPa,N/A,19417,['C'],A,Low temperature calorimetry set up,"origin: commercial source,99.9 % (total),stated by supplier",99.9,Not Specified %,1970
2.6573,0.263305,0.00105322,None kPa,N/A,19417,['C'],A,Low temperature calorimetry set up,"origin: commercial source,99.9 % (total),stated by supplier",99.9,Not Specified %,1970
2.7356,0.289853,0.00115941,None kPa,N/A,19417,['C'],A,Low temperature calorimetry set up,"origin: commercial source,99.9 % (total),stated by supplier",99.9,Not Specified %,1970
2.7391,0.287479,0.00114992,None kPa,N/A,19417,['C'],A,Low temperature calorimetry set up,"origin: commercial source,99.9 % (total),stated by supplier",99.9,Not Specified %,1970
2.7643,0.297208,0.00118883,None kPa,N/A,19417,['C'],A,Low temperature calorimetry set up,"origin: commercial source,99.9 % (total),stated by supplier",99.9,Not Specified %,1970
2.8229,0.31649,0.00126596,None kPa,N/A,19417,['C'],A,Low temperature calorimetry set up,"origin: commercial source,99.9 % (total),stated by supplier",99.9,Not Specified %,1970
2.85,0.325432,0.00130173,None kPa,N/A,19417,['C'],A,Low temperature calorimetry set up,"origin: commercial source,99.9 % (total),stated by supplier",99.9,Not Specified %,1970
2.8517,0.326261,0.00130504,None kPa,N/A,19417,['C'],A,Low temperature calorimetry set up,"origin: commercial source,99.9 % (total),stated by supplier",99.9,Not Specified %,1970
2.8535,0.327321,0.00130929,None kPa,N/A,19417,['C'],A,Low temperature calorimetry set up,"origin: commercial source,99.9 % (total),stated by supplier",99.9,Not Specified %,1970
