Temperature: K,Heat capacity at constant pressure Cp: J/K/mol,Uncertainty,Pressure,Ref Temp,Data Set ID,State,Representation,Method,Description,Purity,Purity Units,Year
69.63,19.1209,0.956044,None kPa,N/A,1866,['C'],A,Low temperature calorimetry set up,origin: commercial source,,,1923
72.39,19.4138,0.970688,None kPa,N/A,1866,['C'],A,Low temperature calorimetry set up,origin: commercial source,,,1923
75.11,19.8322,0.991608,None kPa,N/A,1866,['C'],A,Low temperature calorimetry set up,origin: commercial source,,,1923
77.71,20.2087,1.01044,None kPa,N/A,1866,['C'],A,Low temperature calorimetry set up,origin: commercial source,,,1923
80.34,20.4179,1.0209,None kPa,N/A,1866,['C'],A,Low temperature calorimetry set up,origin: commercial source,,,1923
84,20.8363,1.04182,None kPa,N/A,1866,['C'],A,Low temperature calorimetry set up,origin: commercial source,,,1923
86.36,20.9618,1.04809,None kPa,N/A,1866,['C'],A,Low temperature calorimetry set up,origin: commercial source,,,1923
88.9,21.2129,1.06064,None kPa,N/A,1866,['C'],A,Low temperature calorimetry set up,origin: commercial source,,,1923
91.26,21.5476,1.07738,None kPa,N/A,1866,['C'],A,Low temperature calorimetry set up,origin: commercial source,,,1923
93.56,21.6313,1.08156,None kPa,N/A,1866,['C'],A,Low temperature calorimetry set up,origin: commercial source,,,1923
96.21,22.0078,1.10039,None kPa,N/A,1866,['C'],A,Low temperature calorimetry set up,origin: commercial source,,,1923
98.59,22.0497,1.10248,None kPa,N/A,1866,['C'],A,Low temperature calorimetry set up,origin: commercial source,,,1923
101,22.3426,1.11713,None kPa,N/A,1866,['C'],A,Low temperature calorimetry set up,origin: commercial source,,,1923
298,27.196,1.3598,None kPa,N/A,1866,['C'],A,Low temperature calorimetry set up,origin: commercial source,,,1923
15.5,2.50622,0.0501243,None kPa,N/A,2014,['C'],A,Vacuum adiabatic calorimetry,not stated,,,1924
18.2,3.15892,0.0631784,None kPa,N/A,2014,['C'],A,Vacuum adiabatic calorimetry,not stated,,,1924
22.35,4.4183,0.0883661,None kPa,N/A,2014,['C'],A,Vacuum adiabatic calorimetry,not stated,,,1924
26.8,5.753,0.11506,None kPa,N/A,2014,['C'],A,Vacuum adiabatic calorimetry,not stated,,,1924
31.5,7.0082,0.140164,None kPa,N/A,2014,['C'],A,Vacuum adiabatic calorimetry,not stated,,,1924
37.3,8.368,0.16736,None kPa,N/A,2014,['C'],A,Vacuum adiabatic calorimetry,not stated,,,1924
44.9,9.87424,0.197485,None kPa,N/A,2014,['C'],A,Vacuum adiabatic calorimetry,not stated,,,1924
52.3,11.7152,0.234304,None kPa,N/A,2014,['C'],A,Vacuum adiabatic calorimetry,not stated,,,1924
59.3,13.1378,0.262755,None kPa,N/A,2014,['C'],A,Vacuum adiabatic calorimetry,not stated,,,1924
69.5,15.3553,0.307106,None kPa,N/A,2014,['C'],A,Vacuum adiabatic calorimetry,not stated,,,1924
92.5,18.4933,0.369866,None kPa,N/A,2014,['C'],A,Vacuum adiabatic calorimetry,not stated,,,1924
102.6,19.7903,0.395806,None kPa,N/A,2014,['C'],A,Vacuum adiabatic calorimetry,not stated,,,1924
283.7,25.6479,0.512958,None kPa,N/A,2014,['C'],A,Vacuum adiabatic calorimetry,not stated,,,1924
22.4,5.31368,0.106274,None kPa,N/A,2015,['C'],A,Vacuum adiabatic calorimetry,not stated,,,1924
26.9,7.82408,0.156482,None kPa,N/A,2015,['C'],A,Vacuum adiabatic calorimetry,not stated,,,1924
32.7,10.3763,0.207526,None kPa,N/A,2015,['C'],A,Vacuum adiabatic calorimetry,not stated,,,1924
40.9,12.7194,0.254387,None kPa,N/A,2015,['C'],A,Vacuum adiabatic calorimetry,not stated,,,1924
42.5,13.4306,0.268613,None kPa,N/A,2015,['C'],A,Vacuum adiabatic calorimetry,not stated,,,1924
48,14.7695,0.29539,None kPa,N/A,2015,['C'],A,Vacuum adiabatic calorimetry,not stated,,,1924
56.7,16.987,0.339741,None kPa,N/A,2015,['C'],A,Vacuum adiabatic calorimetry,not stated,,,1924
92.5,21.7986,0.435973,None kPa,N/A,2015,['C'],A,Vacuum adiabatic calorimetry,not stated,,,1924
101.1,22.5936,0.451872,None kPa,N/A,2015,['C'],A,Vacuum adiabatic calorimetry,not stated,,,1924
286.3,26.2337,0.524674,None kPa,N/A,2015,['C'],A,Vacuum adiabatic calorimetry,not stated,,,1924
9.6,0.861904,0.0172381,None kPa,N/A,2015,['C'],A,Vacuum adiabatic calorimetry,not stated,,,1924
10.6,1.11294,0.0222589,None kPa,N/A,2015,['C'],A,Vacuum adiabatic calorimetry,not stated,,,1924
11.72,1.44766,0.0289533,None kPa,N/A,2015,['C'],A,Vacuum adiabatic calorimetry,not stated,,,1924
12.64,1.82004,0.0364008,None kPa,N/A,2015,['C'],A,Vacuum adiabatic calorimetry,not stated,,,1924
13.31,1.99577,0.0399154,None kPa,N/A,2015,['C'],A,Vacuum adiabatic calorimetry,not stated,,,1924
2.192,0.00317984,0.000635968,None kPa,N/A,7261,['C'],A,Low temperature calorimetry set up,"origin: commercial source,99.95 % (total),estimation,powder",99.95,Not Specified %,1952
2.976,0.000707096,0.000141419,None kPa,N/A,7261,['C'],A,Low temperature calorimetry set up,"origin: commercial source,99.95 % (total),estimation,powder",99.95,Not Specified %,1952
3.768,0.00997466,0.00199493,None kPa,N/A,7261,['C'],A,Low temperature calorimetry set up,"origin: commercial source,99.95 % (total),estimation,powder",99.95,Not Specified %,1952
4.717,0.00636386,0.00127277,None kPa,N/A,7261,['C'],A,Low temperature calorimetry set up,"origin: commercial source,99.95 % (total),estimation,powder",99.95,Not Specified %,1952
5.321,0.0434718,0.00869435,None kPa,N/A,7261,['C'],A,Low temperature calorimetry set up,"origin: commercial source,99.95 % (total),estimation,powder",99.95,Not Specified %,1952
6.295,0.0969433,0.0193887,None kPa,N/A,7261,['C'],A,Low temperature calorimetry set up,"origin: commercial source,99.95 % (total),estimation,powder",99.95,Not Specified %,1952
6.805,0.143319,0.0286637,None kPa,N/A,7261,['C'],A,Low temperature calorimetry set up,"origin: commercial source,99.95 % (total),estimation,powder",99.95,Not Specified %,1952
7.601,0.271588,0.0543175,None kPa,N/A,7261,['C'],A,Low temperature calorimetry set up,"origin: commercial source,99.95 % (total),estimation,powder",99.95,Not Specified %,1952
8.262,0.328155,0.0656311,None kPa,N/A,7261,['C'],A,Low temperature calorimetry set up,"origin: commercial source,99.95 % (total),estimation,powder",99.95,Not Specified %,1952
8.655,0.413739,0.0827478,None kPa,N/A,7261,['C'],A,Low temperature calorimetry set up,"origin: commercial source,99.95 % (total),estimation,powder",99.95,Not Specified %,1952
9.363,0.557752,0.11155,None kPa,N/A,7261,['C'],A,Low temperature calorimetry set up,"origin: commercial source,99.95 % (total),estimation,powder",99.95,Not Specified %,1952
10.31,0.77878,0.0077878,None kPa,N/A,7261,['C'],A,Low temperature calorimetry set up,"origin: commercial source,99.95 % (total),estimation,powder",99.95,Not Specified %,1952
11.458,1.04605,0.0104605,None kPa,N/A,7261,['C'],A,Low temperature calorimetry set up,"origin: commercial source,99.95 % (total),estimation,powder",99.95,Not Specified %,1952
12.487,1.39623,0.0139623,None kPa,N/A,7261,['C'],A,Low temperature calorimetry set up,"origin: commercial source,99.95 % (total),estimation,powder",99.95,Not Specified %,1952
13.367,1.62289,0.0162289,None kPa,N/A,7261,['C'],A,Low temperature calorimetry set up,"origin: commercial source,99.95 % (total),estimation,powder",99.95,Not Specified %,1952
14.612,1.96022,0.0196022,None kPa,N/A,7261,['C'],A,Low temperature calorimetry set up,"origin: commercial source,99.95 % (total),estimation,powder",99.95,Not Specified %,1952
15.877,2.41049,0.0241049,None kPa,N/A,7261,['C'],A,Low temperature calorimetry set up,"origin: commercial source,99.95 % (total),estimation,powder",99.95,Not Specified %,1952
16.99,2.74412,0.0274412,None kPa,N/A,7261,['C'],A,Low temperature calorimetry set up,"origin: commercial source,99.95 % (total),estimation,powder",99.95,Not Specified %,1952
17.938,3.08577,0.0308577,None kPa,N/A,7261,['C'],A,Low temperature calorimetry set up,"origin: commercial source,99.95 % (total),estimation,powder",99.95,Not Specified %,1952
18.914,3.40112,0.0340112,None kPa,N/A,7261,['C'],A,Low temperature calorimetry set up,"origin: commercial source,99.95 % (total),estimation,powder",99.95,Not Specified %,1952
19.98,3.75213,0.0375213,None kPa,N/A,7261,['C'],A,Low temperature calorimetry set up,"origin: commercial source,99.95 % (total),estimation,powder",99.95,Not Specified %,1952
20.056,3.76472,0.0376472,None kPa,N/A,7261,['C'],A,Low temperature calorimetry set up,"origin: commercial source,99.95 % (total),estimation,powder",99.95,Not Specified %,1952
22.614,4.46144,0.0446144,None kPa,N/A,7261,['C'],A,Low temperature calorimetry set up,"origin: commercial source,99.95 % (total),estimation,powder",99.95,Not Specified %,1952
24.515,5.16469,0.0516469,None kPa,N/A,7261,['C'],A,Low temperature calorimetry set up,"origin: commercial source,99.95 % (total),estimation,powder",99.95,Not Specified %,1952
28.125,6.39533,0.0639533,None kPa,N/A,7261,['C'],A,Low temperature calorimetry set up,"origin: commercial source,99.95 % (total),estimation,powder",99.95,Not Specified %,1952
57.294,12.8582,0.128582,None kPa,N/A,7261,['C'],A,Low temperature calorimetry set up,"origin: commercial source,99.95 % (total),estimation,powder",99.95,Not Specified %,1952
61.836,13.9392,0.139392,None kPa,N/A,7261,['C'],A,Low temperature calorimetry set up,"origin: commercial source,99.95 % (total),estimation,powder",99.95,Not Specified %,1952
66.54,14.9583,0.149583,None kPa,N/A,7261,['C'],A,Low temperature calorimetry set up,"origin: commercial source,99.95 % (total),estimation,powder",99.95,Not Specified %,1952
71.013,15.73,0.1573,None kPa,N/A,7261,['C'],A,Low temperature calorimetry set up,"origin: commercial source,99.95 % (total),estimation,powder",99.95,Not Specified %,1952
75.763,16.5049,0.165049,None kPa,N/A,7261,['C'],A,Low temperature calorimetry set up,"origin: commercial source,99.95 % (total),estimation,powder",99.95,Not Specified %,1952
79.558,17.0715,0.170715,None kPa,N/A,7261,['C'],A,Low temperature calorimetry set up,"origin: commercial source,99.95 % (total),estimation,powder",99.95,Not Specified %,1952
84.209,17.5078,0.175078,None kPa,N/A,7261,['C'],A,Low temperature calorimetry set up,"origin: commercial source,99.95 % (total),estimation,powder",99.95,Not Specified %,1952
88.691,18.12,0.1812,None kPa,N/A,7261,['C'],A,Low temperature calorimetry set up,"origin: commercial source,99.95 % (total),estimation,powder",99.95,Not Specified %,1952
91.208,18.4945,0.184945,None kPa,N/A,7261,['C'],A,Low temperature calorimetry set up,"origin: commercial source,99.95 % (total),estimation,powder",99.95,Not Specified %,1952
98.951,19.5104,0.195104,None kPa,N/A,7261,['C'],A,Low temperature calorimetry set up,"origin: commercial source,99.95 % (total),estimation,powder",99.95,Not Specified %,1952
102.897,19.9044,0.199044,None kPa,N/A,7261,['C'],A,Low temperature calorimetry set up,"origin: commercial source,99.95 % (total),estimation,powder",99.95,Not Specified %,1952
7,0.179912,0.0359824,None kPa,N/A,7262,['C'],A,Low temperature calorimetry set up,"origin: commercial source,99.95 % (total),estimation,powder",99.95,Not Specified %,1952
8,0.301248,0.0602496,None kPa,N/A,7262,['C'],A,Low temperature calorimetry set up,"origin: commercial source,99.95 % (total),estimation,powder",99.95,Not Specified %,1952
9,0.464424,0.0928848,None kPa,N/A,7262,['C'],A,Low temperature calorimetry set up,"origin: commercial source,99.95 % (total),estimation,powder",99.95,Not Specified %,1952
10,0.673624,0.00673624,None kPa,N/A,7262,['C'],A,Low temperature calorimetry set up,"origin: commercial source,99.95 % (total),estimation,powder",99.95,Not Specified %,1952
12,1.1757,0.011757,None kPa,N/A,7262,['C'],A,Low temperature calorimetry set up,"origin: commercial source,99.95 % (total),estimation,powder",99.95,Not Specified %,1952
15,2.08363,0.0208363,None kPa,N/A,7262,['C'],A,Low temperature calorimetry set up,"origin: commercial source,99.95 % (total),estimation,powder",99.95,Not Specified %,1952
20,3.73631,0.0373631,None kPa,N/A,7262,['C'],A,Low temperature calorimetry set up,"origin: commercial source,99.95 % (total),estimation,powder",99.95,Not Specified %,1952
25,5.31368,0.0531368,None kPa,N/A,7262,['C'],A,Low temperature calorimetry set up,"origin: commercial source,99.95 % (total),estimation,powder",99.95,Not Specified %,1952
30,6.6944,0.066944,None kPa,N/A,7262,['C'],A,Low temperature calorimetry set up,"origin: commercial source,99.95 % (total),estimation,powder",99.95,Not Specified %,1952
40,8.91192,0.0891192,None kPa,N/A,7262,['C'],A,Low temperature calorimetry set up,"origin: commercial source,99.95 % (total),estimation,powder",99.95,Not Specified %,1952
50,11.1713,0.111713,None kPa,N/A,7262,['C'],A,Low temperature calorimetry set up,"origin: commercial source,99.95 % (total),estimation,powder",99.95,Not Specified %,1952
60,13.3888,0.133888,None kPa,N/A,7262,['C'],A,Low temperature calorimetry set up,"origin: commercial source,99.95 % (total),estimation,powder",99.95,Not Specified %,1952
70,15.5226,0.155226,None kPa,N/A,7262,['C'],A,Low temperature calorimetry set up,"origin: commercial source,99.95 % (total),estimation,powder",99.95,Not Specified %,1952
80,16.9034,0.169034,None kPa,N/A,7262,['C'],A,Low temperature calorimetry set up,"origin: commercial source,99.95 % (total),estimation,powder",99.95,Not Specified %,1952
90,18.2004,0.182004,None kPa,N/A,7262,['C'],A,Low temperature calorimetry set up,"origin: commercial source,99.95 % (total),estimation,powder",99.95,Not Specified %,1952
100,19.4556,0.194556,None kPa,N/A,7262,['C'],A,Low temperature calorimetry set up,"origin: commercial source,99.95 % (total),estimation,powder",99.95,Not Specified %,1952
0.4374,1.93E-05,5.79E-07,None kPa,N/A,11833,['C'],A,Vacuum adiabatic calorimetry,"origin: commercial source,99.999 % (total),",99.999,Not Specified %,1961
0.4449,2.05E-05,6.14E-07,None kPa,N/A,11833,['C'],A,Vacuum adiabatic calorimetry,"origin: commercial source,99.999 % (total),",99.999,Not Specified %,1961
0.5021,3.13E-05,9.38E-07,None kPa,N/A,11833,['C'],A,Vacuum adiabatic calorimetry,"origin: commercial source,99.999 % (total),",99.999,Not Specified %,1961
0.5084,3.25E-05,9.76E-07,None kPa,N/A,11833,['C'],A,Vacuum adiabatic calorimetry,"origin: commercial source,99.999 % (total),",99.999,Not Specified %,1961
0.5727,5.09E-05,1.53E-06,None kPa,N/A,11833,['C'],A,Vacuum adiabatic calorimetry,"origin: commercial source,99.999 % (total),",99.999,Not Specified %,1961
0.6274,6.94E-05,2.08E-06,None kPa,N/A,11833,['C'],A,Vacuum adiabatic calorimetry,"origin: commercial source,99.999 % (total),",99.999,Not Specified %,1961
0.6678,9.38E-05,2.81E-06,None kPa,N/A,11833,['C'],A,Vacuum adiabatic calorimetry,"origin: commercial source,99.999 % (total),",99.999,Not Specified %,1961
0.6874,9.90E-05,2.97E-06,None kPa,N/A,11833,['C'],A,Vacuum adiabatic calorimetry,"origin: commercial source,99.999 % (total),",99.999,Not Specified %,1961
0.7117,0.00011686,3.51E-06,None kPa,N/A,11833,['C'],A,Vacuum adiabatic calorimetry,"origin: commercial source,99.999 % (total),",99.999,Not Specified %,1961
0.7407,0.00013896,4.17E-06,None kPa,N/A,11833,['C'],A,Vacuum adiabatic calorimetry,"origin: commercial source,99.999 % (total),",99.999,Not Specified %,1961
0.7712,0.00016581,4.97E-06,None kPa,N/A,11833,['C'],A,Vacuum adiabatic calorimetry,"origin: commercial source,99.999 % (total),",99.999,Not Specified %,1961
0.8047,0.00019876,5.96E-06,None kPa,N/A,11833,['C'],A,Vacuum adiabatic calorimetry,"origin: commercial source,99.999 % (total),",99.999,Not Specified %,1961
0.8326,0.00023396,7.02E-06,None kPa,N/A,11833,['C'],A,Vacuum adiabatic calorimetry,"origin: commercial source,99.999 % (total),",99.999,Not Specified %,1961
0.8804,0.00029669,8.90E-06,None kPa,N/A,11833,['C'],A,Vacuum adiabatic calorimetry,"origin: commercial source,99.999 % (total),",99.999,Not Specified %,1961
0.9217,0.00036131,1.08E-05,None kPa,N/A,11833,['C'],A,Vacuum adiabatic calorimetry,"origin: commercial source,99.999 % (total),",99.999,Not Specified %,1961
0.963,0.00043913,1.32E-05,None kPa,N/A,11833,['C'],A,Vacuum adiabatic calorimetry,"origin: commercial source,99.999 % (total),",99.999,Not Specified %,1961
1.049,0.00062416,1.87E-05,None kPa,N/A,11833,['C'],A,Vacuum adiabatic calorimetry,"origin: commercial source,99.999 % (total),",99.999,Not Specified %,1961
1.1307,0.00084237,2.53E-05,None kPa,N/A,11833,['C'],A,Vacuum adiabatic calorimetry,"origin: commercial source,99.999 % (total),",99.999,Not Specified %,1961
1.2069,0.00108621,3.26E-05,None kPa,N/A,11833,['C'],A,Vacuum adiabatic calorimetry,"origin: commercial source,99.999 % (total),",99.999,Not Specified %,1961
1.2985,0.00143354,4.30E-05,None kPa,N/A,11833,['C'],A,Vacuum adiabatic calorimetry,"origin: commercial source,99.999 % (total),",99.999,Not Specified %,1961
1.4172,0.00195857,5.88E-05,None kPa,N/A,11833,['C'],A,Vacuum adiabatic calorimetry,"origin: commercial source,99.999 % (total),",99.999,Not Specified %,1961
1.5744,0.0028103,8.43E-05,None kPa,N/A,11833,['C'],A,Vacuum adiabatic calorimetry,"origin: commercial source,99.999 % (total),",99.999,Not Specified %,1961
1.7272,0.00378257,0.000113477,None kPa,N/A,11833,['C'],A,Vacuum adiabatic calorimetry,"origin: commercial source,99.999 % (total),",99.999,Not Specified %,1961
1.8961,0.00506259,0.000151878,None kPa,N/A,11833,['C'],A,Vacuum adiabatic calorimetry,"origin: commercial source,99.999 % (total),",99.999,Not Specified %,1961
2.028,0.00620568,0.000124114,None kPa,N/A,11833,['C'],A,Vacuum adiabatic calorimetry,"origin: commercial source,99.999 % (total),",99.999,Not Specified %,1961
2.138,0.0072692,0.000145384,None kPa,N/A,11833,['C'],A,Vacuum adiabatic calorimetry,"origin: commercial source,99.999 % (total),",99.999,Not Specified %,1961
2.404,0.00995256,0.000199051,None kPa,N/A,11833,['C'],A,Vacuum adiabatic calorimetry,"origin: commercial source,99.999 % (total),",99.999,Not Specified %,1961
2.655,0.013275,0.0002655,None kPa,N/A,11833,['C'],A,Vacuum adiabatic calorimetry,"origin: commercial source,99.999 % (total),",99.999,Not Specified %,1961
2.837,0.0160291,0.000320581,None kPa,N/A,11833,['C'],A,Vacuum adiabatic calorimetry,"origin: commercial source,99.999 % (total),",99.999,Not Specified %,1961
3.007,0.0190343,0.000380686,None kPa,N/A,11833,['C'],A,Vacuum adiabatic calorimetry,"origin: commercial source,99.999 % (total),",99.999,Not Specified %,1961
3.153,0.0217557,0.000435114,None kPa,N/A,11833,['C'],A,Vacuum adiabatic calorimetry,"origin: commercial source,99.999 % (total),",99.999,Not Specified %,1961
3.28,0.0242392,0.000484784,None kPa,N/A,11833,['C'],A,Vacuum adiabatic calorimetry,"origin: commercial source,99.999 % (total),",99.999,Not Specified %,1961
3.393,0.0264993,0.000529987,None kPa,N/A,11833,['C'],A,Vacuum adiabatic calorimetry,"origin: commercial source,99.999 % (total),",99.999,Not Specified %,1961
3.495,0.0288687,0.000577374,None kPa,N/A,11833,['C'],A,Vacuum adiabatic calorimetry,"origin: commercial source,99.999 % (total),",99.999,Not Specified %,1961
3.589,0.0316191,0.000632382,None kPa,N/A,11833,['C'],A,Vacuum adiabatic calorimetry,"origin: commercial source,99.999 % (total),",99.999,Not Specified %,1961
3.729,0.0238656,0.000477312,None kPa,N/A,11833,['C'],A,Vacuum adiabatic calorimetry,"origin: commercial source,99.999 % (total),",99.999,Not Specified %,1961
3.839,0.0263739,0.000527479,None kPa,N/A,11833,['C'],A,Vacuum adiabatic calorimetry,"origin: commercial source,99.999 % (total),",99.999,Not Specified %,1961
4.154,0.033772,0.00067544,None kPa,N/A,11833,['C'],A,Vacuum adiabatic calorimetry,"origin: commercial source,99.999 % (total),",99.999,Not Specified %,1961
4.389,0.0394571,0.000789142,None kPa,N/A,11833,['C'],A,Vacuum adiabatic calorimetry,"origin: commercial source,99.999 % (total),",99.999,Not Specified %,1961
0.4026,0.0007368,2.21E-05,None kPa,N/A,11834,['C'],A,Vacuum adiabatic calorimetry,"origin: commercial source,99.999 % (total),",99.999,Not Specified %,1961
0.4237,0.0007966,2.39E-05,None kPa,N/A,11834,['C'],A,Vacuum adiabatic calorimetry,"origin: commercial source,99.999 % (total),",99.999,Not Specified %,1961
0.4374,0.0008004,2.40E-05,None kPa,N/A,11834,['C'],A,Vacuum adiabatic calorimetry,"origin: commercial source,99.999 % (total),",99.999,Not Specified %,1961
0.4847,0.0009403,2.82E-05,None kPa,N/A,11834,['C'],A,Vacuum adiabatic calorimetry,"origin: commercial source,99.999 % (total),",99.999,Not Specified %,1961
0.6042,0.0011299,3.39E-05,None kPa,N/A,11834,['C'],A,Vacuum adiabatic calorimetry,"origin: commercial source,99.999 % (total),",99.999,Not Specified %,1961
0.7062,0.0012853,3.86E-05,None kPa,N/A,11834,['C'],A,Vacuum adiabatic calorimetry,"origin: commercial source,99.999 % (total),",99.999,Not Specified %,1961
0.7319,0.0014052,4.22E-05,None kPa,N/A,11834,['C'],A,Vacuum adiabatic calorimetry,"origin: commercial source,99.999 % (total),",99.999,Not Specified %,1961
0.7575,0.0014317,4.30E-05,None kPa,N/A,11834,['C'],A,Vacuum adiabatic calorimetry,"origin: commercial source,99.999 % (total),",99.999,Not Specified %,1961
0.7975,0.0015551,4.67E-05,None kPa,N/A,11834,['C'],A,Vacuum adiabatic calorimetry,"origin: commercial source,99.999 % (total),",99.999,Not Specified %,1961
0.8303,0.0016523,4.96E-05,None kPa,N/A,11834,['C'],A,Vacuum adiabatic calorimetry,"origin: commercial source,99.999 % (total),",99.999,Not Specified %,1961
0.9067,0.0018225,5.47E-05,None kPa,N/A,11834,['C'],A,Vacuum adiabatic calorimetry,"origin: commercial source,99.999 % (total),",99.999,Not Specified %,1961
0.9778,0.0020045,6.01E-05,None kPa,N/A,11834,['C'],A,Vacuum adiabatic calorimetry,"origin: commercial source,99.999 % (total),",99.999,Not Specified %,1961
1.0329,0.0021071,6.32E-05,None kPa,N/A,11834,['C'],A,Vacuum adiabatic calorimetry,"origin: commercial source,99.999 % (total),",99.999,Not Specified %,1961
1.1502,0.0024269,7.28E-05,None kPa,N/A,11834,['C'],A,Vacuum adiabatic calorimetry,"origin: commercial source,99.999 % (total),",99.999,Not Specified %,1961
1.2391,0.0027136,8.14E-05,None kPa,N/A,11834,['C'],A,Vacuum adiabatic calorimetry,"origin: commercial source,99.999 % (total),",99.999,Not Specified %,1961
1.3461,0.0030153,9.05E-05,None kPa,N/A,11834,['C'],A,Vacuum adiabatic calorimetry,"origin: commercial source,99.999 % (total),",99.999,Not Specified %,1961
1.5163,0.0035633,0.000106899,None kPa,N/A,11834,['C'],A,Vacuum adiabatic calorimetry,"origin: commercial source,99.999 % (total),",99.999,Not Specified %,1961
1.819,0.0048204,0.000144611,None kPa,N/A,11834,['C'],A,Vacuum adiabatic calorimetry,"origin: commercial source,99.999 % (total),",99.999,Not Specified %,1961
2.161,0.0065262,0.000195787,None kPa,N/A,11834,['C'],A,Vacuum adiabatic calorimetry,"origin: commercial source,99.999 % (total),",99.999,Not Specified %,1961
2.377,0.0078203,0.00023461,None kPa,N/A,11834,['C'],A,Vacuum adiabatic calorimetry,"origin: commercial source,99.999 % (total),",99.999,Not Specified %,1961
2.555,0.0090958,0.000272874,None kPa,N/A,11834,['C'],A,Vacuum adiabatic calorimetry,"origin: commercial source,99.999 % (total),",99.999,Not Specified %,1961
2.903,0.0120475,0.000361424,None kPa,N/A,11834,['C'],A,Vacuum adiabatic calorimetry,"origin: commercial source,99.999 % (total),",99.999,Not Specified %,1961
3.17,0.0149307,0.000447921,None kPa,N/A,11834,['C'],A,Vacuum adiabatic calorimetry,"origin: commercial source,99.999 % (total),",99.999,Not Specified %,1961
3.387,0.0186962,0.000560887,None kPa,N/A,11834,['C'],A,Vacuum adiabatic calorimetry,"origin: commercial source,99.999 % (total),",99.999,Not Specified %,1961
3.574,0.0205148,0.000615443,None kPa,N/A,11834,['C'],A,Vacuum adiabatic calorimetry,"origin: commercial source,99.999 % (total),",99.999,Not Specified %,1961
3.874,0.0259171,0.000777512,None kPa,N/A,11834,['C'],A,Vacuum adiabatic calorimetry,"origin: commercial source,99.999 % (total),",99.999,Not Specified %,1961
0.4061,1.62E-05,4.87E-07,None kPa,N/A,11835,['C'],A,Vacuum adiabatic calorimetry,"origin: commercial source,99.999 % (total),",99.999,Not Specified %,1961
0.406,1.57E-05,4.70E-07,None kPa,N/A,11835,['C'],A,Vacuum adiabatic calorimetry,"origin: commercial source,99.999 % (total),",99.999,Not Specified %,1961
0.4233,1.88E-05,5.65E-07,None kPa,N/A,11835,['C'],A,Vacuum adiabatic calorimetry,"origin: commercial source,99.999 % (total),",99.999,Not Specified %,1961
0.4798,2.81E-05,8.42E-07,None kPa,N/A,11835,['C'],A,Vacuum adiabatic calorimetry,"origin: commercial source,99.999 % (total),",99.999,Not Specified %,1961
0.535,3.95E-05,1.18E-06,None kPa,N/A,11835,['C'],A,Vacuum adiabatic calorimetry,"origin: commercial source,99.999 % (total),",99.999,Not Specified %,1961
0.6112,6.66E-05,2.00E-06,None kPa,N/A,11835,['C'],A,Vacuum adiabatic calorimetry,"origin: commercial source,99.999 % (total),",99.999,Not Specified %,1961
0.7021,0.0001125,3.37E-06,None kPa,N/A,11835,['C'],A,Vacuum adiabatic calorimetry,"origin: commercial source,99.999 % (total),",99.999,Not Specified %,1961
0.7393,0.000133,3.99E-06,None kPa,N/A,11835,['C'],A,Vacuum adiabatic calorimetry,"origin: commercial source,99.999 % (total),",99.999,Not Specified %,1961
0.9189,0.0003758,1.13E-05,None kPa,N/A,11835,['C'],A,Vacuum adiabatic calorimetry,"origin: commercial source,99.999 % (total),",99.999,Not Specified %,1961
0.9923,0.0005081,1.52E-05,None kPa,N/A,11835,['C'],A,Vacuum adiabatic calorimetry,"origin: commercial source,99.999 % (total),",99.999,Not Specified %,1961
1.0404,0.0006128,1.84E-05,None kPa,N/A,11835,['C'],A,Vacuum adiabatic calorimetry,"origin: commercial source,99.999 % (total),",99.999,Not Specified %,1961
1.1078,0.0007777,2.33E-05,None kPa,N/A,11835,['C'],A,Vacuum adiabatic calorimetry,"origin: commercial source,99.999 % (total),",99.999,Not Specified %,1961
1.2193,0.0011522,3.46E-05,None kPa,N/A,11835,['C'],A,Vacuum adiabatic calorimetry,"origin: commercial source,99.999 % (total),",99.999,Not Specified %,1961
1.3571,0.0016828,5.05E-05,None kPa,N/A,11835,['C'],A,Vacuum adiabatic calorimetry,"origin: commercial source,99.999 % (total),",99.999,Not Specified %,1961
1.4954,0.0023433,7.03E-05,None kPa,N/A,11835,['C'],A,Vacuum adiabatic calorimetry,"origin: commercial source,99.999 % (total),",99.999,Not Specified %,1961
1.6616,0.0033398,0.000100194,None kPa,N/A,11835,['C'],A,Vacuum adiabatic calorimetry,"origin: commercial source,99.999 % (total),",99.999,Not Specified %,1961
1.9302,0.0052694,0.000158083,None kPa,N/A,11835,['C'],A,Vacuum adiabatic calorimetry,"origin: commercial source,99.999 % (total),",99.999,Not Specified %,1961
2.221,0.0080844,0.000161689,None kPa,N/A,11835,['C'],A,Vacuum adiabatic calorimetry,"origin: commercial source,99.999 % (total),",99.999,Not Specified %,1961
2.511,0.0113748,0.000227497,None kPa,N/A,11835,['C'],A,Vacuum adiabatic calorimetry,"origin: commercial source,99.999 % (total),",99.999,Not Specified %,1961
2.744,0.0145706,0.000291413,None kPa,N/A,11835,['C'],A,Vacuum adiabatic calorimetry,"origin: commercial source,99.999 % (total),",99.999,Not Specified %,1961
2.938,0.0175986,0.000351972,None kPa,N/A,11835,['C'],A,Vacuum adiabatic calorimetry,"origin: commercial source,99.999 % (total),",99.999,Not Specified %,1961
3.101,0.0204976,0.000409952,None kPa,N/A,11835,['C'],A,Vacuum adiabatic calorimetry,"origin: commercial source,99.999 % (total),",99.999,Not Specified %,1961
3.244,0.0233568,0.000467136,None kPa,N/A,11835,['C'],A,Vacuum adiabatic calorimetry,"origin: commercial source,99.999 % (total),",99.999,Not Specified %,1961
3.365,0.0260115,0.000520229,None kPa,N/A,11835,['C'],A,Vacuum adiabatic calorimetry,"origin: commercial source,99.999 % (total),",99.999,Not Specified %,1961
3.477,0.0286853,0.000573705,None kPa,N/A,11835,['C'],A,Vacuum adiabatic calorimetry,"origin: commercial source,99.999 % (total),",99.999,Not Specified %,1961
3.579,0.0310657,0.000621314,None kPa,N/A,11835,['C'],A,Vacuum adiabatic calorimetry,"origin: commercial source,99.999 % (total),",99.999,Not Specified %,1961
3.644,0.0328324,0.000656649,None kPa,N/A,11835,['C'],A,Vacuum adiabatic calorimetry,"origin: commercial source,99.999 % (total),",99.999,Not Specified %,1961
3.719,0.0246198,0.000492396,None kPa,N/A,11835,['C'],A,Vacuum adiabatic calorimetry,"origin: commercial source,99.999 % (total),",99.999,Not Specified %,1961
3.668,0.0332688,0.000665375,None kPa,N/A,11835,['C'],A,Vacuum adiabatic calorimetry,"origin: commercial source,99.999 % (total),",99.999,Not Specified %,1961
3.678,0.0339112,0.000678223,None kPa,N/A,11835,['C'],A,Vacuum adiabatic calorimetry,"origin: commercial source,99.999 % (total),",99.999,Not Specified %,1961
3.695,0.0340679,0.000681358,None kPa,N/A,11835,['C'],A,Vacuum adiabatic calorimetry,"origin: commercial source,99.999 % (total),",99.999,Not Specified %,1961
3.706,0.0262755,0.000525511,None kPa,N/A,11835,['C'],A,Vacuum adiabatic calorimetry,"origin: commercial source,99.999 % (total),",99.999,Not Specified %,1961
3.722,0.0238208,0.000476416,None kPa,N/A,11835,['C'],A,Vacuum adiabatic calorimetry,"origin: commercial source,99.999 % (total),",99.999,Not Specified %,1961
3.737,0.0250005,0.000500011,None kPa,N/A,11835,['C'],A,Vacuum adiabatic calorimetry,"origin: commercial source,99.999 % (total),",99.999,Not Specified %,1961
3.749,0.0248559,0.000497117,None kPa,N/A,11835,['C'],A,Vacuum adiabatic calorimetry,"origin: commercial source,99.999 % (total),",99.999,Not Specified %,1961
3.765,0.0247737,0.000495474,None kPa,N/A,11835,['C'],A,Vacuum adiabatic calorimetry,"origin: commercial source,99.999 % (total),",99.999,Not Specified %,1961
3.857,0.0268833,0.000537666,None kPa,N/A,11835,['C'],A,Vacuum adiabatic calorimetry,"origin: commercial source,99.999 % (total),",99.999,Not Specified %,1961
3.986,0.0301342,0.000602683,None kPa,N/A,11835,['C'],A,Vacuum adiabatic calorimetry,"origin: commercial source,99.999 % (total),",99.999,Not Specified %,1961
4.148,0.0338477,0.000676954,None kPa,N/A,11835,['C'],A,Vacuum adiabatic calorimetry,"origin: commercial source,99.999 % (total),",99.999,Not Specified %,1961
0.6482,0.0012316,3.69E-05,None kPa,N/A,11836,['C'],A,Vacuum adiabatic calorimetry,"origin: commercial source,99.999 % (total),",99.999,Not Specified %,1961
0.734,0.001446,4.34E-05,None kPa,N/A,11836,['C'],A,Vacuum adiabatic calorimetry,"origin: commercial source,99.999 % (total),",99.999,Not Specified %,1961
0.8374,0.0016832,5.05E-05,None kPa,N/A,11836,['C'],A,Vacuum adiabatic calorimetry,"origin: commercial source,99.999 % (total),",99.999,Not Specified %,1961
0.9474,0.0019516,5.85E-05,None kPa,N/A,11836,['C'],A,Vacuum adiabatic calorimetry,"origin: commercial source,99.999 % (total),",99.999,Not Specified %,1961
1.0129,0.0021068,4.21E-05,None kPa,N/A,11836,['C'],A,Vacuum adiabatic calorimetry,"origin: commercial source,99.999 % (total),",99.999,Not Specified %,1961
1.0189,0.0021499,4.30E-05,None kPa,N/A,11836,['C'],A,Vacuum adiabatic calorimetry,"origin: commercial source,99.999 % (total),",99.999,Not Specified %,1961
1.1748,0.0025376,5.08E-05,None kPa,N/A,11836,['C'],A,Vacuum adiabatic calorimetry,"origin: commercial source,99.999 % (total),",99.999,Not Specified %,1961
1.3582,0.0030831,6.17E-05,None kPa,N/A,11836,['C'],A,Vacuum adiabatic calorimetry,"origin: commercial source,99.999 % (total),",99.999,Not Specified %,1961
1.5166,0.0036095,7.22E-05,None kPa,N/A,11836,['C'],A,Vacuum adiabatic calorimetry,"origin: commercial source,99.999 % (total),",99.999,Not Specified %,1961
1.6965,0.0042921,8.58E-05,None kPa,N/A,11836,['C'],A,Vacuum adiabatic calorimetry,"origin: commercial source,99.999 % (total),",99.999,Not Specified %,1961
1.9983,0.0057351,0.000114702,None kPa,N/A,11836,['C'],A,Vacuum adiabatic calorimetry,"origin: commercial source,99.999 % (total),",99.999,Not Specified %,1961
2.596,0.0095273,0.000190546,None kPa,N/A,11836,['C'],A,Vacuum adiabatic calorimetry,"origin: commercial source,99.999 % (total),",99.999,Not Specified %,1961
3.036,0.0134495,0.00026899,None kPa,N/A,11836,['C'],A,Vacuum adiabatic calorimetry,"origin: commercial source,99.999 % (total),",99.999,Not Specified %,1961
3.383,0.0180314,0.000360628,None kPa,N/A,11836,['C'],A,Vacuum adiabatic calorimetry,"origin: commercial source,99.999 % (total),",99.999,Not Specified %,1961
3.665,0.0227597,0.000455193,None kPa,N/A,11836,['C'],A,Vacuum adiabatic calorimetry,"origin: commercial source,99.999 % (total),",99.999,Not Specified %,1961
3.878,0.0266806,0.000533613,None kPa,N/A,11836,['C'],A,Vacuum adiabatic calorimetry,"origin: commercial source,99.999 % (total),",99.999,Not Specified %,1961
4.069,0.0319417,0.000638833,None kPa,N/A,11836,['C'],A,Vacuum adiabatic calorimetry,"origin: commercial source,99.999 % (total),",99.999,Not Specified %,1961
4.24,0.0354464,0.000708928,None kPa,N/A,11836,['C'],A,Vacuum adiabatic calorimetry,"origin: commercial source,99.999 % (total),",99.999,Not Specified %,1961
12.52,1.86188,0.093094,None kPa,N/A,3699,['C'],A,Low temperature calorimetry set up,"not stated,99.95 weight % (total),estimated by the compiler,sheet",99.95,Weight %,1932
13.264,1.91292,0.0956462,None kPa,N/A,3699,['C'],A,Low temperature calorimetry set up,"not stated,99.95 weight % (total),estimated by the compiler,sheet",99.95,Weight %,1932
13.818,2.13551,0.106776,None kPa,N/A,3699,['C'],A,Low temperature calorimetry set up,"not stated,99.95 weight % (total),estimated by the compiler,sheet",99.95,Weight %,1932
14.564,2.4673,0.123365,None kPa,N/A,3699,['C'],A,Low temperature calorimetry set up,"not stated,99.95 weight % (total),estimated by the compiler,sheet",99.95,Weight %,1932
15.154,2.66312,0.133156,None kPa,N/A,3699,['C'],A,Low temperature calorimetry set up,"not stated,99.95 weight % (total),estimated by the compiler,sheet",99.95,Weight %,1932
16.02,3.10202,0.155101,None kPa,N/A,3699,['C'],A,Low temperature calorimetry set up,"not stated,99.95 weight % (total),estimated by the compiler,sheet",99.95,Weight %,1932
16.95,3.40787,0.170393,None kPa,N/A,3699,['C'],A,Low temperature calorimetry set up,"not stated,99.95 weight % (total),estimated by the compiler,sheet",99.95,Weight %,1932
17.924,3.78108,0.189054,None kPa,N/A,3699,['C'],A,Low temperature calorimetry set up,"not stated,99.95 weight % (total),estimated by the compiler,sheet",99.95,Weight %,1932
18.628,4.1225,0.206125,None kPa,N/A,3699,['C'],A,Low temperature calorimetry set up,"not stated,99.95 weight % (total),estimated by the compiler,sheet",99.95,Weight %,1932
19.304,4.23002,0.211501,None kPa,N/A,3699,['C'],A,Low temperature calorimetry set up,"not stated,99.95 weight % (total),estimated by the compiler,sheet",99.95,Weight %,1932
19.71,4.52458,0.226229,None kPa,N/A,3699,['C'],A,Low temperature calorimetry set up,"not stated,99.95 weight % (total),estimated by the compiler,sheet",99.95,Weight %,1932
20.17,5.04256,0.252128,None kPa,N/A,3699,['C'],A,Low temperature calorimetry set up,"not stated,99.95 weight % (total),estimated by the compiler,sheet",99.95,Weight %,1932
3.652,0.0370284,0.00259199,None kPa,N/A,3699,['C'],A,Low temperature calorimetry set up,"not stated,99.95 weight % (total),estimated by the compiler,sheet",99.95,Weight %,1932
4.553,0.0487436,0.00341205,None kPa,N/A,3699,['C'],A,Low temperature calorimetry set up,"not stated,99.95 weight % (total),estimated by the compiler,sheet",99.95,Weight %,1932
3.084,0.0261082,0.00182757,None kPa,N/A,3699,['C'],A,Low temperature calorimetry set up,"not stated,99.95 weight % (total),estimated by the compiler,sheet",99.95,Weight %,1932
3.91,0.0309198,0.00216438,None kPa,N/A,3699,['C'],A,Low temperature calorimetry set up,"not stated,99.95 weight % (total),estimated by the compiler,sheet",99.95,Weight %,1932
4.755,0.0534715,0.00374301,None kPa,N/A,3699,['C'],A,Low temperature calorimetry set up,"not stated,99.95 weight % (total),estimated by the compiler,sheet",99.95,Weight %,1932
5.52,0.0853954,0.00426977,None kPa,N/A,3699,['C'],A,Low temperature calorimetry set up,"not stated,99.95 weight % (total),estimated by the compiler,sheet",99.95,Weight %,1932
6.232,0.0580321,0.0029016,None kPa,N/A,3699,['C'],A,Low temperature calorimetry set up,"not stated,99.95 weight % (total),estimated by the compiler,sheet",99.95,Weight %,1932
6.458,0.226187,0.0113094,None kPa,N/A,3699,['C'],A,Low temperature calorimetry set up,"not stated,99.95 weight % (total),estimated by the compiler,sheet",99.95,Weight %,1932
7.002,0.170916,0.00854582,None kPa,N/A,3699,['C'],A,Low temperature calorimetry set up,"not stated,99.95 weight % (total),estimated by the compiler,sheet",99.95,Weight %,1932
7.206,0.205602,0.0102801,None kPa,N/A,3699,['C'],A,Low temperature calorimetry set up,"not stated,99.95 weight % (total),estimated by the compiler,sheet",99.95,Weight %,1932
7.726,0.362125,0.0181063,None kPa,N/A,3699,['C'],A,Low temperature calorimetry set up,"not stated,99.95 weight % (total),estimated by the compiler,sheet",99.95,Weight %,1932
8.676,0.720485,0.0360242,None kPa,N/A,3699,['C'],A,Low temperature calorimetry set up,"not stated,99.95 weight % (total),estimated by the compiler,sheet",99.95,Weight %,1932
9.742,0.915459,0.045773,None kPa,N/A,3699,['C'],A,Low temperature calorimetry set up,"not stated,99.95 weight % (total),estimated by the compiler,sheet",99.95,Weight %,1932
10.492,1.12006,0.0560028,None kPa,N/A,3699,['C'],A,Low temperature calorimetry set up,"not stated,99.95 weight % (total),estimated by the compiler,sheet",99.95,Weight %,1932
11.48,1.23888,0.0619441,None kPa,N/A,3699,['C'],A,Low temperature calorimetry set up,"not stated,99.95 weight % (total),estimated by the compiler,sheet",99.95,Weight %,1932
12.25,1.61502,0.0807512,None kPa,N/A,3699,['C'],A,Low temperature calorimetry set up,"not stated,99.95 weight % (total),estimated by the compiler,sheet",99.95,Weight %,1932
13.46,2.11166,0.105583,None kPa,N/A,3699,['C'],A,Low temperature calorimetry set up,"not stated,99.95 weight % (total),estimated by the compiler,sheet",99.95,Weight %,1932
15.3,2.9652,0.14826,None kPa,N/A,3699,['C'],A,Low temperature calorimetry set up,"not stated,99.95 weight % (total),estimated by the compiler,sheet",99.95,Weight %,1932
17.174,3.85095,0.192548,None kPa,N/A,3699,['C'],A,Low temperature calorimetry set up,"not stated,99.95 weight % (total),estimated by the compiler,sheet",99.95,Weight %,1932
2.2,0.007845,0.00054915,None kPa,N/A,3699,['C'],A,Low temperature calorimetry set up,"not stated,99.95 weight % (total),estimated by the compiler,sheet",99.95,Weight %,1932
2.292,0.00802491,0.000561744,None kPa,N/A,3699,['C'],A,Low temperature calorimetry set up,"not stated,99.95 weight % (total),estimated by the compiler,sheet",99.95,Weight %,1932
2.453,0.00894958,0.00062647,None kPa,N/A,3699,['C'],A,Low temperature calorimetry set up,"not stated,99.95 weight % (total),estimated by the compiler,sheet",99.95,Weight %,1932
2.65,0.0142089,0.00099462,None kPa,N/A,3699,['C'],A,Low temperature calorimetry set up,"not stated,99.95 weight % (total),estimated by the compiler,sheet",99.95,Weight %,1932
2.992,0.0180456,0.00126319,None kPa,N/A,3699,['C'],A,Low temperature calorimetry set up,"not stated,99.95 weight % (total),estimated by the compiler,sheet",99.95,Weight %,1932
3.295,0.0224513,0.00157159,None kPa,N/A,3699,['C'],A,Low temperature calorimetry set up,"not stated,99.95 weight % (total),estimated by the compiler,sheet",99.95,Weight %,1932
3.598,0.0286144,0.00200301,None kPa,N/A,3699,['C'],A,Low temperature calorimetry set up,"not stated,99.95 weight % (total),estimated by the compiler,sheet",99.95,Weight %,1932
3.895,0.025581,0.00179067,None kPa,N/A,3699,['C'],A,Low temperature calorimetry set up,"not stated,99.95 weight % (total),estimated by the compiler,sheet",99.95,Weight %,1932
4.175,0.0320494,0.00224346,None kPa,N/A,3699,['C'],A,Low temperature calorimetry set up,"not stated,99.95 weight % (total),estimated by the compiler,sheet",99.95,Weight %,1932
1.373,0.00229283,0.000160498,None kPa,N/A,3699,['C'],A,Low temperature calorimetry set up,"not stated,99.95 weight % (total),estimated by the compiler,sheet",99.95,Weight %,1932
1.511,0.00228865,0.000160205,None kPa,N/A,3699,['C'],A,Low temperature calorimetry set up,"not stated,99.95 weight % (total),estimated by the compiler,sheet",99.95,Weight %,1932
1.51,0.00150624,0.000105437,None kPa,N/A,3699,['C'],A,Low temperature calorimetry set up,"not stated,99.95 weight % (total),estimated by the compiler,sheet",99.95,Weight %,1932
2.11,0.00674461,0.000472123,None kPa,N/A,3699,['C'],A,Low temperature calorimetry set up,"not stated,99.95 weight % (total),estimated by the compiler,sheet",99.95,Weight %,1932
2.064,0.00627182,0.000439027,None kPa,N/A,3699,['C'],A,Low temperature calorimetry set up,"not stated,99.95 weight % (total),estimated by the compiler,sheet",99.95,Weight %,1932
2.537,0.0110583,0.000774082,None kPa,N/A,3699,['C'],A,Low temperature calorimetry set up,"not stated,99.95 weight % (total),estimated by the compiler,sheet",99.95,Weight %,1932
3.073,0.0193133,0.00135193,None kPa,N/A,3699,['C'],A,Low temperature calorimetry set up,"not stated,99.95 weight % (total),estimated by the compiler,sheet",99.95,Weight %,1932
3.279,0.023217,0.00162519,None kPa,N/A,3699,['C'],A,Low temperature calorimetry set up,"not stated,99.95 weight % (total),estimated by the compiler,sheet",99.95,Weight %,1932
3.486,0.027242,0.00190694,None kPa,N/A,3699,['C'],A,Low temperature calorimetry set up,"not stated,99.95 weight % (total),estimated by the compiler,sheet",99.95,Weight %,1932
3.687,0.0272378,0.00190665,None kPa,N/A,3699,['C'],A,Low temperature calorimetry set up,"not stated,99.95 weight % (total),estimated by the compiler,sheet",99.95,Weight %,1932
3.853,0.0245015,0.00171511,None kPa,N/A,3699,['C'],A,Low temperature calorimetry set up,"not stated,99.95 weight % (total),estimated by the compiler,sheet",99.95,Weight %,1932
3.786,0.0410074,0.00287052,None kPa,N/A,3699,['C'],A,Low temperature calorimetry set up,"not stated,99.95 weight % (total),estimated by the compiler,sheet",99.95,Weight %,1932
4.113,0.0320536,0.00224375,None kPa,N/A,3699,['C'],A,Low temperature calorimetry set up,"not stated,99.95 weight % (total),estimated by the compiler,sheet",99.95,Weight %,1932
4.42,0.0400911,0.00280638,None kPa,N/A,3699,['C'],A,Low temperature calorimetry set up,"not stated,99.95 weight % (total),estimated by the compiler,sheet",99.95,Weight %,1932
1.143,0.00107947,5.40E-05,None kPa,N/A,5008,['C'],A,Low temperature calorimetry set up,"origin: commercial source,99.992 % (total),stated by supplier",99.992,Not Specified %,1938
1.145,0.00102508,5.13E-05,None kPa,N/A,5008,['C'],A,Low temperature calorimetry set up,"origin: commercial source,99.992 % (total),stated by supplier",99.992,Not Specified %,1938
1.335,0.00174473,8.72E-05,None kPa,N/A,5008,['C'],A,Low temperature calorimetry set up,"origin: commercial source,99.992 % (total),stated by supplier",99.992,Not Specified %,1938
1.541,0.00290788,0.000145394,None kPa,N/A,5008,['C'],A,Low temperature calorimetry set up,"origin: commercial source,99.992 % (total),stated by supplier",99.992,Not Specified %,1938
1.544,0.00267776,0.000133888,None kPa,N/A,5008,['C'],A,Low temperature calorimetry set up,"origin: commercial source,99.992 % (total),stated by supplier",99.992,Not Specified %,1938
1.753,0.0040794,0.00020397,None kPa,N/A,5008,['C'],A,Low temperature calorimetry set up,"origin: commercial source,99.992 % (total),stated by supplier",99.992,Not Specified %,1938
1.92,0.00552288,0.000276144,None kPa,N/A,5008,['C'],A,Low temperature calorimetry set up,"origin: commercial source,99.992 % (total),stated by supplier",99.992,Not Specified %,1938
1.927,0.0054392,0.00027196,None kPa,N/A,5008,['C'],A,Low temperature calorimetry set up,"origin: commercial source,99.992 % (total),stated by supplier",99.992,Not Specified %,1938
2.015,0.00640152,0.000320076,None kPa,N/A,5008,['C'],A,Low temperature calorimetry set up,"origin: commercial source,99.992 % (total),stated by supplier",99.992,Not Specified %,1938
2.027,0.00631784,0.000315892,None kPa,N/A,5008,['C'],A,Low temperature calorimetry set up,"origin: commercial source,99.992 % (total),stated by supplier",99.992,Not Specified %,1938
2.111,0.00698728,0.000349364,None kPa,N/A,5008,['C'],A,Low temperature calorimetry set up,"origin: commercial source,99.992 % (total),stated by supplier",99.992,Not Specified %,1938
2.125,0.00728016,0.000364008,None kPa,N/A,5008,['C'],A,Low temperature calorimetry set up,"origin: commercial source,99.992 % (total),stated by supplier",99.992,Not Specified %,1938
2.215,0.00811696,0.000405848,None kPa,N/A,5008,['C'],A,Low temperature calorimetry set up,"origin: commercial source,99.992 % (total),stated by supplier",99.992,Not Specified %,1938
2.273,0.00874456,0.000437228,None kPa,N/A,5008,['C'],A,Low temperature calorimetry set up,"origin: commercial source,99.992 % (total),stated by supplier",99.992,Not Specified %,1938
2.456,0.0111713,0.000558564,None kPa,N/A,5008,['C'],A,Low temperature calorimetry set up,"origin: commercial source,99.992 % (total),stated by supplier",99.992,Not Specified %,1938
2.474,0.0107529,0.000537644,None kPa,N/A,5008,['C'],A,Low temperature calorimetry set up,"origin: commercial source,99.992 % (total),stated by supplier",99.992,Not Specified %,1938
2.484,0.0106692,0.00053346,None kPa,N/A,5008,['C'],A,Low temperature calorimetry set up,"origin: commercial source,99.992 % (total),stated by supplier",99.992,Not Specified %,1938
2.55,0.0118826,0.000594128,None kPa,N/A,5008,['C'],A,Low temperature calorimetry set up,"origin: commercial source,99.992 % (total),stated by supplier",99.992,Not Specified %,1938
2.562,0.012552,0.0006276,None kPa,N/A,5008,['C'],A,Low temperature calorimetry set up,"origin: commercial source,99.992 % (total),stated by supplier",99.992,Not Specified %,1938
2.717,0.0135143,0.000675716,None kPa,N/A,5008,['C'],A,Low temperature calorimetry set up,"origin: commercial source,99.992 % (total),stated by supplier",99.992,Not Specified %,1938
2.73,0.0141838,0.000709188,None kPa,N/A,5008,['C'],A,Low temperature calorimetry set up,"origin: commercial source,99.992 % (total),stated by supplier",99.992,Not Specified %,1938
2.837,0.0156482,0.000782408,None kPa,N/A,5008,['C'],A,Low temperature calorimetry set up,"origin: commercial source,99.992 % (total),stated by supplier",99.992,Not Specified %,1938
2.881,0.0162758,0.000813788,None kPa,N/A,5008,['C'],A,Low temperature calorimetry set up,"origin: commercial source,99.992 % (total),stated by supplier",99.992,Not Specified %,1938
3.215,0.0216731,0.00108366,None kPa,N/A,5008,['C'],A,Low temperature calorimetry set up,"origin: commercial source,99.992 % (total),stated by supplier",99.992,Not Specified %,1938
3.27,0.0223844,0.00111922,None kPa,N/A,5008,['C'],A,Low temperature calorimetry set up,"origin: commercial source,99.992 % (total),stated by supplier",99.992,Not Specified %,1938
3.6,0.0319658,0.00159829,None kPa,N/A,5008,['C'],A,Low temperature calorimetry set up,"origin: commercial source,99.992 % (total),stated by supplier",99.992,Not Specified %,1938
3.633,0.0328026,0.00164013,None kPa,N/A,5008,['C'],A,Low temperature calorimetry set up,"origin: commercial source,99.992 % (total),stated by supplier",99.992,Not Specified %,1938
3.775,0.0249366,0.00124683,None kPa,N/A,5008,['C'],A,Low temperature calorimetry set up,"origin: commercial source,99.992 % (total),stated by supplier",99.992,Not Specified %,1938
3.794,0.0251458,0.00125729,None kPa,N/A,5008,['C'],A,Low temperature calorimetry set up,"origin: commercial source,99.992 % (total),stated by supplier",99.992,Not Specified %,1938
1.537,0.00366937,0.000183468,None kPa,N/A,5009,['C'],A,Low temperature calorimetry set up,"origin: commercial source,99.992 % (total),stated by supplier",99.992,Not Specified %,1938
1.548,0.00374886,0.000187443,None kPa,N/A,5009,['C'],A,Low temperature calorimetry set up,"origin: commercial source,99.992 % (total),stated by supplier",99.992,Not Specified %,1938
1.068,0.00243927,0.000121964,None kPa,N/A,5009,['C'],A,Low temperature calorimetry set up,"origin: commercial source,99.992 % (total),stated by supplier",99.992,Not Specified %,1938
1.067,0.00244346,0.000122173,None kPa,N/A,5009,['C'],A,Low temperature calorimetry set up,"origin: commercial source,99.992 % (total),stated by supplier",99.992,Not Specified %,1938
1.273,0.00287441,0.00014372,None kPa,N/A,5009,['C'],A,Low temperature calorimetry set up,"origin: commercial source,99.992 % (total),stated by supplier",99.992,Not Specified %,1938
1.28,0.00307942,0.000153971,None kPa,N/A,5009,['C'],A,Low temperature calorimetry set up,"origin: commercial source,99.992 % (total),stated by supplier",99.992,Not Specified %,1938
1.305,0.0028242,0.00014121,None kPa,N/A,5009,['C'],A,Low temperature calorimetry set up,"origin: commercial source,99.992 % (total),stated by supplier",99.992,Not Specified %,1938
1.307,0.00284512,0.000142256,None kPa,N/A,5009,['C'],A,Low temperature calorimetry set up,"origin: commercial source,99.992 % (total),stated by supplier",99.992,Not Specified %,1938
1.425,0.00330536,0.000165268,None kPa,N/A,5009,['C'],A,Low temperature calorimetry set up,"origin: commercial source,99.992 % (total),stated by supplier",99.992,Not Specified %,1938
1.43,0.00325515,0.000162758,None kPa,N/A,5009,['C'],A,Low temperature calorimetry set up,"origin: commercial source,99.992 % (total),stated by supplier",99.992,Not Specified %,1938
1.524,0.00411706,0.000205853,None kPa,N/A,5009,['C'],A,Low temperature calorimetry set up,"origin: commercial source,99.992 % (total),stated by supplier",99.992,Not Specified %,1938
1.528,0.00381999,0.000191,None kPa,N/A,5009,['C'],A,Low temperature calorimetry set up,"origin: commercial source,99.992 % (total),stated by supplier",99.992,Not Specified %,1938
1.81,0.00505427,0.000252714,None kPa,N/A,5009,['C'],A,Low temperature calorimetry set up,"origin: commercial source,99.992 % (total),stated by supplier",99.992,Not Specified %,1938
1.811,0.00496641,0.00024832,None kPa,N/A,5009,['C'],A,Low temperature calorimetry set up,"origin: commercial source,99.992 % (total),stated by supplier",99.992,Not Specified %,1938
1.985,0.00639734,0.000319867,None kPa,N/A,5009,['C'],A,Low temperature calorimetry set up,"origin: commercial source,99.992 % (total),stated by supplier",99.992,Not Specified %,1938
1.998,0.00585342,0.000292671,None kPa,N/A,5009,['C'],A,Low temperature calorimetry set up,"origin: commercial source,99.992 % (total),stated by supplier",99.992,Not Specified %,1938
2.077,0.00636386,0.000318193,None kPa,N/A,5009,['C'],A,Low temperature calorimetry set up,"origin: commercial source,99.992 % (total),stated by supplier",99.992,Not Specified %,1938
2.094,0.00643499,0.00032175,None kPa,N/A,5009,['C'],A,Low temperature calorimetry set up,"origin: commercial source,99.992 % (total),stated by supplier",99.992,Not Specified %,1938
2.23,0.00717974,0.000358987,None kPa,N/A,5009,['C'],A,Low temperature calorimetry set up,"origin: commercial source,99.992 % (total),stated by supplier",99.992,Not Specified %,1938
2.238,0.00717974,0.000358987,None kPa,N/A,5009,['C'],A,Low temperature calorimetry set up,"origin: commercial source,99.992 % (total),stated by supplier",99.992,Not Specified %,1938
2.521,0.00945584,0.000472792,None kPa,N/A,5009,['C'],A,Low temperature calorimetry set up,"origin: commercial source,99.992 % (total),stated by supplier",99.992,Not Specified %,1938
2.525,0.00924664,0.000462332,None kPa,N/A,5009,['C'],A,Low temperature calorimetry set up,"origin: commercial source,99.992 % (total),stated by supplier",99.992,Not Specified %,1938
2.76,0.011255,0.000562748,None kPa,N/A,5009,['C'],A,Low temperature calorimetry set up,"origin: commercial source,99.992 % (total),stated by supplier",99.992,Not Specified %,1938
2.78,0.011255,0.000562748,None kPa,N/A,5009,['C'],A,Low temperature calorimetry set up,"origin: commercial source,99.992 % (total),stated by supplier",99.992,Not Specified %,1938
2.794,0.0111294,0.000556472,None kPa,N/A,5009,['C'],A,Low temperature calorimetry set up,"origin: commercial source,99.992 % (total),stated by supplier",99.992,Not Specified %,1938
3.076,0.0128867,0.000644336,None kPa,N/A,5009,['C'],A,Low temperature calorimetry set up,"origin: commercial source,99.992 % (total),stated by supplier",99.992,Not Specified %,1938
3.108,0.0144348,0.00072174,None kPa,N/A,5009,['C'],A,Low temperature calorimetry set up,"origin: commercial source,99.992 % (total),stated by supplier",99.992,Not Specified %,1938
3.363,0.0176146,0.000880732,None kPa,N/A,5009,['C'],A,Low temperature calorimetry set up,"origin: commercial source,99.992 % (total),stated by supplier",99.992,Not Specified %,1938
3.383,0.0187862,0.000939308,None kPa,N/A,5009,['C'],A,Low temperature calorimetry set up,"origin: commercial source,99.992 % (total),stated by supplier",99.992,Not Specified %,1938
3.595,0.0212547,0.00106274,None kPa,N/A,5009,['C'],A,Low temperature calorimetry set up,"origin: commercial source,99.992 % (total),stated by supplier",99.992,Not Specified %,1938
3.635,0.0225099,0.0011255,None kPa,N/A,5009,['C'],A,Low temperature calorimetry set up,"origin: commercial source,99.992 % (total),stated by supplier",99.992,Not Specified %,1938
3.768,0.025355,0.00126775,None kPa,N/A,5009,['C'],A,Low temperature calorimetry set up,"origin: commercial source,99.992 % (total),stated by supplier",99.992,Not Specified %,1938
2.781,0.0110876,0.00055438,None kPa,N/A,5010,['C'],A,Low temperature calorimetry set up,"origin: commercial source,99.992 % (total),stated by supplier",99.992,Not Specified %,1938
2.904,0.0117989,0.000589944,None kPa,N/A,5010,['C'],A,Low temperature calorimetry set up,"origin: commercial source,99.992 % (total),stated by supplier",99.992,Not Specified %,1938
2.951,0.0123846,0.000619232,None kPa,N/A,5010,['C'],A,Low temperature calorimetry set up,"origin: commercial source,99.992 % (total),stated by supplier",99.992,Not Specified %,1938
3.382,0.0181586,0.000907928,None kPa,N/A,5010,['C'],A,Low temperature calorimetry set up,"origin: commercial source,99.992 % (total),stated by supplier",99.992,Not Specified %,1938
3.402,0.018033,0.000901652,None kPa,N/A,5010,['C'],A,Low temperature calorimetry set up,"origin: commercial source,99.992 % (total),stated by supplier",99.992,Not Specified %,1938
3.628,0.0218405,0.00109202,None kPa,N/A,5010,['C'],A,Low temperature calorimetry set up,"origin: commercial source,99.992 % (total),stated by supplier",99.992,Not Specified %,1938
3.691,0.0228446,0.00114223,None kPa,N/A,5010,['C'],A,Low temperature calorimetry set up,"origin: commercial source,99.992 % (total),stated by supplier",99.992,Not Specified %,1938
3.747,0.0241835,0.00120918,None kPa,N/A,5010,['C'],A,Low temperature calorimetry set up,"origin: commercial source,99.992 % (total),stated by supplier",99.992,Not Specified %,1938
3.784,0.0252295,0.00126148,None kPa,N/A,5010,['C'],A,Low temperature calorimetry set up,"origin: commercial source,99.992 % (total),stated by supplier",99.992,Not Specified %,1938
3.848,0.0262755,0.00131378,None kPa,N/A,5010,['C'],A,Low temperature calorimetry set up,"origin: commercial source,99.992 % (total),stated by supplier",99.992,Not Specified %,1938
3.94,0.0278654,0.00139327,None kPa,N/A,5010,['C'],A,Low temperature calorimetry set up,"origin: commercial source,99.992 % (total),stated by supplier",99.992,Not Specified %,1938
1.559,0.00273328,8.20E-05,None kPa,N/A,8712,['C'],A,Vacuum adiabatic calorimetry,not stated,,,1955
1.75,0.00373564,0.000112069,None kPa,N/A,8712,['C'],A,Vacuum adiabatic calorimetry,not stated,,,1955
1.856,0.00449161,0.000134748,None kPa,N/A,8712,['C'],A,Vacuum adiabatic calorimetry,not stated,,,1955
1.95,0.00540974,0.000162292,None kPa,N/A,8712,['C'],A,Vacuum adiabatic calorimetry,not stated,,,1955
2.235,0.00815503,0.000244651,None kPa,N/A,8712,['C'],A,Vacuum adiabatic calorimetry,not stated,,,1955
2.344,0.00900116,0.000270035,None kPa,N/A,8712,['C'],A,Vacuum adiabatic calorimetry,not stated,,,1955
2.351,0.0093358,0.000280074,None kPa,N/A,8712,['C'],A,Vacuum adiabatic calorimetry,not stated,,,1955
2.449,0.0103947,0.000311842,None kPa,N/A,8712,['C'],A,Vacuum adiabatic calorimetry,not stated,,,1955
2.461,0.0107546,0.000322637,None kPa,N/A,8712,['C'],A,Vacuum adiabatic calorimetry,not stated,,,1955
2.551,0.0114092,0.000342277,None kPa,N/A,8712,['C'],A,Vacuum adiabatic calorimetry,not stated,,,1955
2.634,0.0121693,0.000365079,None kPa,N/A,8712,['C'],A,Vacuum adiabatic calorimetry,not stated,,,1955
2.743,0.0139848,0.000419542,None kPa,N/A,8712,['C'],A,Vacuum adiabatic calorimetry,not stated,,,1955
2.857,0.0153657,0.000460972,None kPa,N/A,8712,['C'],A,Vacuum adiabatic calorimetry,not stated,,,1955
2.956,0.0173303,0.000519908,None kPa,N/A,8712,['C'],A,Vacuum adiabatic calorimetry,not stated,,,1955
3.065,0.0195289,0.000585865,None kPa,N/A,8712,['C'],A,Vacuum adiabatic calorimetry,not stated,,,1955
3.067,0.0184957,0.000554874,None kPa,N/A,8712,['C'],A,Vacuum adiabatic calorimetry,not stated,,,1955
3.163,0.0208011,0.000624031,None kPa,N/A,8712,['C'],A,Vacuum adiabatic calorimetry,not stated,,,1955
3.272,0.0230795,0.000692385,None kPa,N/A,8712,['C'],A,Vacuum adiabatic calorimetry,not stated,,,1955
3.375,0.0253329,0.000759986,None kPa,N/A,8712,['C'],A,Vacuum adiabatic calorimetry,not stated,,,1955
3.49,0.0275198,0.000825591,None kPa,N/A,8712,['C'],A,Vacuum adiabatic calorimetry,not stated,,,1955
3.582,0.0300092,0.000900275,None kPa,N/A,8712,['C'],A,Vacuum adiabatic calorimetry,not stated,,,1955
3.689,0.0330611,0.000991834,None kPa,N/A,8712,['C'],A,Vacuum adiabatic calorimetry,not stated,,,1955
3.71,0.033978,0.00101934,None kPa,N/A,8712,['C'],A,Vacuum adiabatic calorimetry,not stated,,,1955
3.711,0.0307346,0.000922036,None kPa,N/A,8712,['C'],A,Vacuum adiabatic calorimetry,not stated,,,1955
3.717,0.0288877,0.000866632,None kPa,N/A,8712,['C'],A,Vacuum adiabatic calorimetry,not stated,,,1955
3.717,0.0322981,0.000968943,None kPa,N/A,8712,['C'],A,Vacuum adiabatic calorimetry,not stated,,,1955
3.718,0.0255404,0.000766212,None kPa,N/A,8712,['C'],A,Vacuum adiabatic calorimetry,not stated,,,1955
3.72,0.0275068,0.000825206,None kPa,N/A,8712,['C'],A,Vacuum adiabatic calorimetry,not stated,,,1955
3.723,0.024455,0.000733648,None kPa,N/A,8712,['C'],A,Vacuum adiabatic calorimetry,not stated,,,1955
3.734,0.024764,0.000742919,None kPa,N/A,8712,['C'],A,Vacuum adiabatic calorimetry,not stated,,,1955
3.748,0.024337,0.000730112,None kPa,N/A,8712,['C'],A,Vacuum adiabatic calorimetry,not stated,,,1955
3.75,0.0251773,0.000755317,None kPa,N/A,8712,['C'],A,Vacuum adiabatic calorimetry,not stated,,,1955
3.773,0.0238872,0.000716615,None kPa,N/A,8712,['C'],A,Vacuum adiabatic calorimetry,not stated,,,1955
3.826,0.0278795,0.000836382,None kPa,N/A,8712,['C'],A,Vacuum adiabatic calorimetry,not stated,,,1955
3.856,0.0272737,0.00081821,None kPa,N/A,8712,['C'],A,Vacuum adiabatic calorimetry,not stated,,,1955
3.926,0.0298749,0.000896246,None kPa,N/A,8712,['C'],A,Vacuum adiabatic calorimetry,not stated,,,1955
3.959,0.0302456,0.000907367,None kPa,N/A,8712,['C'],A,Vacuum adiabatic calorimetry,not stated,,,1955
3.972,0.0309016,0.000927045,None kPa,N/A,8712,['C'],A,Vacuum adiabatic calorimetry,not stated,,,1955
4.021,0.0324537,0.000973608,None kPa,N/A,8712,['C'],A,Vacuum adiabatic calorimetry,not stated,,,1955
4.079,0.03377,0.0010131,None kPa,N/A,8712,['C'],A,Vacuum adiabatic calorimetry,not stated,,,1955
4.118,0.0351182,0.00105355,None kPa,N/A,8712,['C'],A,Vacuum adiabatic calorimetry,not stated,,,1955
1.13,0.00233,4.66E-05,None kPa,N/A,9011,['C'],A,Vacuum adiabatic calorimetry,"origin: commercial source,99.999 % (total),stated by supplier,rod",99.999,Not Specified %,1956
1.164,0.00246,4.92E-05,None kPa,N/A,9011,['C'],A,Vacuum adiabatic calorimetry,"origin: commercial source,99.999 % (total),stated by supplier,rod",99.999,Not Specified %,1956
1.2,0.00258,5.16E-05,None kPa,N/A,9011,['C'],A,Vacuum adiabatic calorimetry,"origin: commercial source,99.999 % (total),stated by supplier,rod",99.999,Not Specified %,1956
1.235,0.00265,5.30E-05,None kPa,N/A,9011,['C'],A,Vacuum adiabatic calorimetry,"origin: commercial source,99.999 % (total),stated by supplier,rod",99.999,Not Specified %,1956
1.27,0.00274,5.48E-05,None kPa,N/A,9011,['C'],A,Vacuum adiabatic calorimetry,"origin: commercial source,99.999 % (total),stated by supplier,rod",99.999,Not Specified %,1956
1.306,0.00285,5.70E-05,None kPa,N/A,9011,['C'],A,Vacuum adiabatic calorimetry,"origin: commercial source,99.999 % (total),stated by supplier,rod",99.999,Not Specified %,1956
1.404,0.0031,3.10E-05,None kPa,N/A,9012,['C'],A,Vacuum adiabatic calorimetry,"origin: commercial source,99.999 % (total),stated by supplier,rod",99.999,Not Specified %,1956
1.497,0.00347,3.47E-05,None kPa,N/A,9012,['C'],A,Vacuum adiabatic calorimetry,"origin: commercial source,99.999 % (total),stated by supplier,rod",99.999,Not Specified %,1956
1.476,0.00342,3.42E-05,None kPa,N/A,9012,['C'],A,Vacuum adiabatic calorimetry,"origin: commercial source,99.999 % (total),stated by supplier,rod",99.999,Not Specified %,1956
1.59,0.00344,3.44E-05,None kPa,N/A,9012,['C'],A,Vacuum adiabatic calorimetry,"origin: commercial source,99.999 % (total),stated by supplier,rod",99.999,Not Specified %,1956
1.686,0.00423,4.23E-05,None kPa,N/A,9012,['C'],A,Vacuum adiabatic calorimetry,"origin: commercial source,99.999 % (total),stated by supplier,rod",99.999,Not Specified %,1956
1.763,0.0045,4.50E-05,None kPa,N/A,9012,['C'],A,Vacuum adiabatic calorimetry,"origin: commercial source,99.999 % (total),stated by supplier,rod",99.999,Not Specified %,1956
1.857,0.00494,4.94E-05,None kPa,N/A,9012,['C'],A,Vacuum adiabatic calorimetry,"origin: commercial source,99.999 % (total),stated by supplier,rod",99.999,Not Specified %,1956
1.965,0.00538,5.38E-05,None kPa,N/A,9012,['C'],A,Vacuum adiabatic calorimetry,"origin: commercial source,99.999 % (total),stated by supplier,rod",99.999,Not Specified %,1956
2.073,0.00586,5.86E-05,None kPa,N/A,9012,['C'],A,Vacuum adiabatic calorimetry,"origin: commercial source,99.999 % (total),stated by supplier,rod",99.999,Not Specified %,1956
1.98,0.00537,5.37E-05,None kPa,N/A,9012,['C'],A,Vacuum adiabatic calorimetry,"origin: commercial source,99.999 % (total),stated by supplier,rod",99.999,Not Specified %,1956
2.069,0.00582,5.82E-05,None kPa,N/A,9012,['C'],A,Vacuum adiabatic calorimetry,"origin: commercial source,99.999 % (total),stated by supplier,rod",99.999,Not Specified %,1956
2.166,0.00628,6.28E-05,None kPa,N/A,9012,['C'],A,Vacuum adiabatic calorimetry,"origin: commercial source,99.999 % (total),stated by supplier,rod",99.999,Not Specified %,1956
2.266,0.00712,7.12E-05,None kPa,N/A,9012,['C'],A,Vacuum adiabatic calorimetry,"origin: commercial source,99.999 % (total),stated by supplier,rod",99.999,Not Specified %,1956
2.373,0.00778,7.78E-05,None kPa,N/A,9012,['C'],A,Vacuum adiabatic calorimetry,"origin: commercial source,99.999 % (total),stated by supplier,rod",99.999,Not Specified %,1956
2.476,0.00836,8.36E-05,None kPa,N/A,9012,['C'],A,Vacuum adiabatic calorimetry,"origin: commercial source,99.999 % (total),stated by supplier,rod",99.999,Not Specified %,1956
2.57,0.00916,9.16E-05,None kPa,N/A,9012,['C'],A,Vacuum adiabatic calorimetry,"origin: commercial source,99.999 % (total),stated by supplier,rod",99.999,Not Specified %,1956
2.681,0.01001,0.0001001,None kPa,N/A,9012,['C'],A,Vacuum adiabatic calorimetry,"origin: commercial source,99.999 % (total),stated by supplier,rod",99.999,Not Specified %,1956
2.767,0.01054,0.0001054,None kPa,N/A,9012,['C'],A,Vacuum adiabatic calorimetry,"origin: commercial source,99.999 % (total),stated by supplier,rod",99.999,Not Specified %,1956
2.886,0.01167,0.0001167,None kPa,N/A,9012,['C'],A,Vacuum adiabatic calorimetry,"origin: commercial source,99.999 % (total),stated by supplier,rod",99.999,Not Specified %,1956
2.985,0.01261,0.0001261,None kPa,N/A,9012,['C'],A,Vacuum adiabatic calorimetry,"origin: commercial source,99.999 % (total),stated by supplier,rod",99.999,Not Specified %,1956
3.082,0.0137,0.000137,None kPa,N/A,9012,['C'],A,Vacuum adiabatic calorimetry,"origin: commercial source,99.999 % (total),stated by supplier,rod",99.999,Not Specified %,1956
3.184,0.01476,0.0001476,None kPa,N/A,9012,['C'],A,Vacuum adiabatic calorimetry,"origin: commercial source,99.999 % (total),stated by supplier,rod",99.999,Not Specified %,1956
3.277,0.0161,0.000161,None kPa,N/A,9012,['C'],A,Vacuum adiabatic calorimetry,"origin: commercial source,99.999 % (total),stated by supplier,rod",99.999,Not Specified %,1956
3.388,0.0177,0.000177,None kPa,N/A,9012,['C'],A,Vacuum adiabatic calorimetry,"origin: commercial source,99.999 % (total),stated by supplier,rod",99.999,Not Specified %,1956
3.473,0.0189,0.000189,None kPa,N/A,9012,['C'],A,Vacuum adiabatic calorimetry,"origin: commercial source,99.999 % (total),stated by supplier,rod",99.999,Not Specified %,1956
3.584,0.0209,0.000209,None kPa,N/A,9012,['C'],A,Vacuum adiabatic calorimetry,"origin: commercial source,99.999 % (total),stated by supplier,rod",99.999,Not Specified %,1956
3.689,0.0227,0.000227,None kPa,N/A,9012,['C'],A,Vacuum adiabatic calorimetry,"origin: commercial source,99.999 % (total),stated by supplier,rod",99.999,Not Specified %,1956
3.787,0.025,0.00025,None kPa,N/A,9012,['C'],A,Vacuum adiabatic calorimetry,"origin: commercial source,99.999 % (total),stated by supplier,rod",99.999,Not Specified %,1956
3.884,0.0274,0.000274,None kPa,N/A,9012,['C'],A,Vacuum adiabatic calorimetry,"origin: commercial source,99.999 % (total),stated by supplier,rod",99.999,Not Specified %,1956
3.985,0.0296,0.000296,None kPa,N/A,9012,['C'],A,Vacuum adiabatic calorimetry,"origin: commercial source,99.999 % (total),stated by supplier,rod",99.999,Not Specified %,1956
1.122,0.00081,1.62E-05,None kPa,N/A,9013,['C'],A,Vacuum adiabatic calorimetry,"origin: commercial source,99.999 % (total),stated by supplier,rod",99.999,Not Specified %,1956
1.148,0.000903,1.81E-05,None kPa,N/A,9013,['C'],A,Vacuum adiabatic calorimetry,"origin: commercial source,99.999 % (total),stated by supplier,rod",99.999,Not Specified %,1956
1.177,0.000939,1.88E-05,None kPa,N/A,9013,['C'],A,Vacuum adiabatic calorimetry,"origin: commercial source,99.999 % (total),stated by supplier,rod",99.999,Not Specified %,1956
1.208,0.001052,2.10E-05,None kPa,N/A,9013,['C'],A,Vacuum adiabatic calorimetry,"origin: commercial source,99.999 % (total),stated by supplier,rod",99.999,Not Specified %,1956
1.229,0.001128,2.26E-05,None kPa,N/A,9013,['C'],A,Vacuum adiabatic calorimetry,"origin: commercial source,99.999 % (total),stated by supplier,rod",99.999,Not Specified %,1956
1.263,0.001211,2.42E-05,None kPa,N/A,9013,['C'],A,Vacuum adiabatic calorimetry,"origin: commercial source,99.999 % (total),stated by supplier,rod",99.999,Not Specified %,1956
1.289,0.001351,2.70E-05,None kPa,N/A,9013,['C'],A,Vacuum adiabatic calorimetry,"origin: commercial source,99.999 % (total),stated by supplier,rod",99.999,Not Specified %,1956
1.313,0.001395,2.79E-05,None kPa,N/A,9013,['C'],A,Vacuum adiabatic calorimetry,"origin: commercial source,99.999 % (total),stated by supplier,rod",99.999,Not Specified %,1956
1.368,0.00164,3.28E-05,None kPa,N/A,9013,['C'],A,Vacuum adiabatic calorimetry,"origin: commercial source,99.999 % (total),stated by supplier,rod",99.999,Not Specified %,1956
1.401,0.00177,1.77E-05,None kPa,N/A,9014,['C'],A,Vacuum adiabatic calorimetry,"origin: commercial source,99.999 % (total),stated by supplier,rod",99.999,Not Specified %,1956
1.519,0.00238,2.38E-05,None kPa,N/A,9014,['C'],A,Vacuum adiabatic calorimetry,"origin: commercial source,99.999 % (total),stated by supplier,rod",99.999,Not Specified %,1956
1.6,0.0028,2.80E-05,None kPa,N/A,9014,['C'],A,Vacuum adiabatic calorimetry,"origin: commercial source,99.999 % (total),stated by supplier,rod",99.999,Not Specified %,1956
1.689,0.00337,3.37E-05,None kPa,N/A,9014,['C'],A,Vacuum adiabatic calorimetry,"origin: commercial source,99.999 % (total),stated by supplier,rod",99.999,Not Specified %,1956
1.787,0.00404,4.04E-05,None kPa,N/A,9014,['C'],A,Vacuum adiabatic calorimetry,"origin: commercial source,99.999 % (total),stated by supplier,rod",99.999,Not Specified %,1956
1.882,0.00474,4.74E-05,None kPa,N/A,9014,['C'],A,Vacuum adiabatic calorimetry,"origin: commercial source,99.999 % (total),stated by supplier,rod",99.999,Not Specified %,1956
1.969,0.00538,5.38E-05,None kPa,N/A,9014,['C'],A,Vacuum adiabatic calorimetry,"origin: commercial source,99.999 % (total),stated by supplier,rod",99.999,Not Specified %,1956
1.992,0.00546,5.46E-05,None kPa,N/A,9014,['C'],A,Vacuum adiabatic calorimetry,"origin: commercial source,99.999 % (total),stated by supplier,rod",99.999,Not Specified %,1956
2.081,0.00625,6.25E-05,None kPa,N/A,9014,['C'],A,Vacuum adiabatic calorimetry,"origin: commercial source,99.999 % (total),stated by supplier,rod",99.999,Not Specified %,1956
2.277,0.0083,8.30E-05,None kPa,N/A,9014,['C'],A,Vacuum adiabatic calorimetry,"origin: commercial source,99.999 % (total),stated by supplier,rod",99.999,Not Specified %,1956
2.375,0.00926,9.26E-05,None kPa,N/A,9014,['C'],A,Vacuum adiabatic calorimetry,"origin: commercial source,99.999 % (total),stated by supplier,rod",99.999,Not Specified %,1956
2.472,0.01044,0.0001044,None kPa,N/A,9014,['C'],A,Vacuum adiabatic calorimetry,"origin: commercial source,99.999 % (total),stated by supplier,rod",99.999,Not Specified %,1956
2.573,0.01169,0.0001169,None kPa,N/A,9014,['C'],A,Vacuum adiabatic calorimetry,"origin: commercial source,99.999 % (total),stated by supplier,rod",99.999,Not Specified %,1956
2.691,0.01307,0.0001307,None kPa,N/A,9014,['C'],A,Vacuum adiabatic calorimetry,"origin: commercial source,99.999 % (total),stated by supplier,rod",99.999,Not Specified %,1956
2.764,0.01423,0.0001423,None kPa,N/A,9014,['C'],A,Vacuum adiabatic calorimetry,"origin: commercial source,99.999 % (total),stated by supplier,rod",99.999,Not Specified %,1956
2.878,0.0158,0.000158,None kPa,N/A,9014,['C'],A,Vacuum adiabatic calorimetry,"origin: commercial source,99.999 % (total),stated by supplier,rod",99.999,Not Specified %,1956
2.982,0.0174,0.000174,None kPa,N/A,9014,['C'],A,Vacuum adiabatic calorimetry,"origin: commercial source,99.999 % (total),stated by supplier,rod",99.999,Not Specified %,1956
3.084,0.0192,0.000192,None kPa,N/A,9014,['C'],A,Vacuum adiabatic calorimetry,"origin: commercial source,99.999 % (total),stated by supplier,rod",99.999,Not Specified %,1956
3.18,0.0208,0.000208,None kPa,N/A,9014,['C'],A,Vacuum adiabatic calorimetry,"origin: commercial source,99.999 % (total),stated by supplier,rod",99.999,Not Specified %,1956
3.273,0.0228,0.000228,None kPa,N/A,9014,['C'],A,Vacuum adiabatic calorimetry,"origin: commercial source,99.999 % (total),stated by supplier,rod",99.999,Not Specified %,1956
3.375,0.0251,0.000251,None kPa,N/A,9014,['C'],A,Vacuum adiabatic calorimetry,"origin: commercial source,99.999 % (total),stated by supplier,rod",99.999,Not Specified %,1956
3.469,0.0272,0.000272,None kPa,N/A,9014,['C'],A,Vacuum adiabatic calorimetry,"origin: commercial source,99.999 % (total),stated by supplier,rod",99.999,Not Specified %,1956
3.575,0.0299,0.000299,None kPa,N/A,9014,['C'],A,Vacuum adiabatic calorimetry,"origin: commercial source,99.999 % (total),stated by supplier,rod",99.999,Not Specified %,1956
3.686,0.033,0.00033,None kPa,N/A,9014,['C'],A,Vacuum adiabatic calorimetry,"origin: commercial source,99.999 % (total),stated by supplier,rod",99.999,Not Specified %,1956
3.706,0.0333,0.000333,None kPa,N/A,9014,['C'],A,Vacuum adiabatic calorimetry,"origin: commercial source,99.999 % (total),stated by supplier,rod",99.999,Not Specified %,1956
3.718,0.0334,0.000334,None kPa,N/A,9014,['C'],A,Vacuum adiabatic calorimetry,"origin: commercial source,99.999 % (total),stated by supplier,rod",99.999,Not Specified %,1956
3.73,0.0299,0.000299,None kPa,N/A,9014,['C'],A,Vacuum adiabatic calorimetry,"origin: commercial source,99.999 % (total),stated by supplier,rod",99.999,Not Specified %,1956
3.741,0.0246,0.000246,None kPa,N/A,9014,['C'],A,Vacuum adiabatic calorimetry,"origin: commercial source,99.999 % (total),stated by supplier,rod",99.999,Not Specified %,1956
3.754,0.0239,0.000239,None kPa,N/A,9014,['C'],A,Vacuum adiabatic calorimetry,"origin: commercial source,99.999 % (total),stated by supplier,rod",99.999,Not Specified %,1956
3.766,0.0241,0.000241,None kPa,N/A,9014,['C'],A,Vacuum adiabatic calorimetry,"origin: commercial source,99.999 % (total),stated by supplier,rod",99.999,Not Specified %,1956
3.779,0.0246,0.000246,None kPa,N/A,9014,['C'],A,Vacuum adiabatic calorimetry,"origin: commercial source,99.999 % (total),stated by supplier,rod",99.999,Not Specified %,1956
3.805,0.0252,0.000252,None kPa,N/A,9014,['C'],A,Vacuum adiabatic calorimetry,"origin: commercial source,99.999 % (total),stated by supplier,rod",99.999,Not Specified %,1956
4.005,0.0297,0.000297,None kPa,N/A,9014,['C'],A,Vacuum adiabatic calorimetry,"origin: commercial source,99.999 % (total),stated by supplier,rod",99.999,Not Specified %,1956
4.113,0.0324,0.000324,None kPa,N/A,9014,['C'],A,Vacuum adiabatic calorimetry,"origin: commercial source,99.999 % (total),stated by supplier,rod",99.999,Not Specified %,1956
4.191,0.0343,0.000343,None kPa,N/A,9014,['C'],A,Vacuum adiabatic calorimetry,"origin: commercial source,99.999 % (total),stated by supplier,rod",99.999,Not Specified %,1956
4.343,0.0382,0.000382,None kPa,N/A,9014,['C'],A,Vacuum adiabatic calorimetry,"origin: commercial source,99.999 % (total),stated by supplier,rod",99.999,Not Specified %,1956
3.69,0.0342,0.00171,None kPa,N/A,10567,['C'],A,Unguarded Axial Heat Flow,"not stated,99.998 % (total),,wire",99.998,Not Specified %,1958
0.217,2.90E-06,1.45E-07,None kPa,N/A,10568,['C'],A,Unguarded Axial Heat Flow,"not stated,99.998 % (total),,wire",99.998,Not Specified %,1958
0.221,3.05E-06,1.53E-07,None kPa,N/A,10568,['C'],A,Unguarded Axial Heat Flow,"not stated,99.998 % (total),,wire",99.998,Not Specified %,1958
0.227,3.24E-06,1.62E-07,None kPa,N/A,10568,['C'],A,Unguarded Axial Heat Flow,"not stated,99.998 % (total),,wire",99.998,Not Specified %,1958
0.241,3.75E-06,1.88E-07,None kPa,N/A,10568,['C'],A,Unguarded Axial Heat Flow,"not stated,99.998 % (total),,wire",99.998,Not Specified %,1958
0.246,3.82E-06,1.91E-07,None kPa,N/A,10568,['C'],A,Unguarded Axial Heat Flow,"not stated,99.998 % (total),,wire",99.998,Not Specified %,1958
0.256,4.61E-06,2.31E-07,None kPa,N/A,10568,['C'],A,Unguarded Axial Heat Flow,"not stated,99.998 % (total),,wire",99.998,Not Specified %,1958
0.275,5.58E-06,2.79E-07,None kPa,N/A,10568,['C'],A,Unguarded Axial Heat Flow,"not stated,99.998 % (total),,wire",99.998,Not Specified %,1958
0.302,7.55E-06,3.78E-07,None kPa,N/A,10568,['C'],A,Unguarded Axial Heat Flow,"not stated,99.998 % (total),,wire",99.998,Not Specified %,1958
0.311,7.51E-06,3.76E-07,None kPa,N/A,10568,['C'],A,Unguarded Axial Heat Flow,"not stated,99.998 % (total),,wire",99.998,Not Specified %,1958
0.335,9.71E-06,4.86E-07,None kPa,N/A,10568,['C'],A,Unguarded Axial Heat Flow,"not stated,99.998 % (total),,wire",99.998,Not Specified %,1958
0.376,1.29E-05,6.45E-07,None kPa,N/A,10568,['C'],A,Unguarded Axial Heat Flow,"not stated,99.998 % (total),,wire",99.998,Not Specified %,1958
0.383,1.35E-05,6.75E-07,None kPa,N/A,10568,['C'],A,Unguarded Axial Heat Flow,"not stated,99.998 % (total),,wire",99.998,Not Specified %,1958
0.419,1.81E-05,9.05E-07,None kPa,N/A,10568,['C'],A,Unguarded Axial Heat Flow,"not stated,99.998 % (total),,wire",99.998,Not Specified %,1958
0.477,2.59E-05,1.30E-06,None kPa,N/A,10568,['C'],A,Unguarded Axial Heat Flow,"not stated,99.998 % (total),,wire",99.998,Not Specified %,1958
0.48,2.71E-05,1.36E-06,None kPa,N/A,10568,['C'],A,Unguarded Axial Heat Flow,"not stated,99.998 % (total),,wire",99.998,Not Specified %,1958
0.486,2.81E-05,1.41E-06,None kPa,N/A,10568,['C'],A,Unguarded Axial Heat Flow,"not stated,99.998 % (total),,wire",99.998,Not Specified %,1958
0.508,3.39E-05,1.70E-06,None kPa,N/A,10568,['C'],A,Unguarded Axial Heat Flow,"not stated,99.998 % (total),,wire",99.998,Not Specified %,1958
0.558,5.54E-05,2.77E-06,None kPa,N/A,10568,['C'],A,Unguarded Axial Heat Flow,"not stated,99.998 % (total),,wire",99.998,Not Specified %,1958
0.643,7.66E-05,3.83E-06,None kPa,N/A,10568,['C'],A,Unguarded Axial Heat Flow,"not stated,99.998 % (total),,wire",99.998,Not Specified %,1958
0.712,0.00012,6.00E-06,None kPa,N/A,10568,['C'],A,Unguarded Axial Heat Flow,"not stated,99.998 % (total),,wire",99.998,Not Specified %,1958
0.719,0.000128,6.40E-06,None kPa,N/A,10568,['C'],A,Unguarded Axial Heat Flow,"not stated,99.998 % (total),,wire",99.998,Not Specified %,1958
0.731,0.000135,6.75E-06,None kPa,N/A,10568,['C'],A,Unguarded Axial Heat Flow,"not stated,99.998 % (total),,wire",99.998,Not Specified %,1958
0.752,0.000143,7.15E-06,None kPa,N/A,10568,['C'],A,Unguarded Axial Heat Flow,"not stated,99.998 % (total),,wire",99.998,Not Specified %,1958
0.761,0.000156,7.80E-06,None kPa,N/A,10568,['C'],A,Unguarded Axial Heat Flow,"not stated,99.998 % (total),,wire",99.998,Not Specified %,1958
0.776,0.000161,8.05E-06,None kPa,N/A,10568,['C'],A,Unguarded Axial Heat Flow,"not stated,99.998 % (total),,wire",99.998,Not Specified %,1958
0.849,0.000324,1.62E-05,None kPa,N/A,10568,['C'],A,Unguarded Axial Heat Flow,"not stated,99.998 % (total),,wire",99.998,Not Specified %,1958
0.936,0.000392,1.96E-05,None kPa,N/A,10568,['C'],A,Unguarded Axial Heat Flow,"not stated,99.998 % (total),,wire",99.998,Not Specified %,1958
1.04,0.000598,2.99E-05,None kPa,N/A,10568,['C'],A,Unguarded Axial Heat Flow,"not stated,99.998 % (total),,wire",99.998,Not Specified %,1958
1.13,0.00106,5.30E-05,None kPa,N/A,10568,['C'],A,Unguarded Axial Heat Flow,"not stated,99.998 % (total),,wire",99.998,Not Specified %,1958
1.14,0.00117,5.85E-05,None kPa,N/A,10568,['C'],A,Unguarded Axial Heat Flow,"not stated,99.998 % (total),,wire",99.998,Not Specified %,1958
1.24,0.0011,5.50E-05,None kPa,N/A,10568,['C'],A,Unguarded Axial Heat Flow,"not stated,99.998 % (total),,wire",99.998,Not Specified %,1958
1.7,0.00352,0.000176,None kPa,N/A,10568,['C'],A,Unguarded Axial Heat Flow,"not stated,99.998 % (total),,wire",99.998,Not Specified %,1958
1.72,0.00401,0.0002005,None kPa,N/A,10568,['C'],A,Unguarded Axial Heat Flow,"not stated,99.998 % (total),,wire",99.998,Not Specified %,1958
1.85,0.00498,0.000249,None kPa,N/A,10568,['C'],A,Unguarded Axial Heat Flow,"not stated,99.998 % (total),,wire",99.998,Not Specified %,1958
1.94,0.00559,0.0002795,None kPa,N/A,10568,['C'],A,Unguarded Axial Heat Flow,"not stated,99.998 % (total),,wire",99.998,Not Specified %,1958
2.06,0.00715,0.0003575,None kPa,N/A,10568,['C'],A,Unguarded Axial Heat Flow,"not stated,99.998 % (total),,wire",99.998,Not Specified %,1958
2.34,0.00915,0.0004575,None kPa,N/A,10568,['C'],A,Unguarded Axial Heat Flow,"not stated,99.998 % (total),,wire",99.998,Not Specified %,1958
2.38,0.00915,0.0004575,None kPa,N/A,10568,['C'],A,Unguarded Axial Heat Flow,"not stated,99.998 % (total),,wire",99.998,Not Specified %,1958
2.62,0.0126,0.00063,None kPa,N/A,10568,['C'],A,Unguarded Axial Heat Flow,"not stated,99.998 % (total),,wire",99.998,Not Specified %,1958
2.9,0.016,0.0008,None kPa,N/A,10568,['C'],A,Unguarded Axial Heat Flow,"not stated,99.998 % (total),,wire",99.998,Not Specified %,1958
3.03,0.0198,0.00099,None kPa,N/A,10568,['C'],A,Unguarded Axial Heat Flow,"not stated,99.998 % (total),,wire",99.998,Not Specified %,1958
3.45,0.0296,0.00148,None kPa,N/A,10568,['C'],A,Unguarded Axial Heat Flow,"not stated,99.998 % (total),,wire",99.998,Not Specified %,1958
3.56,0.0317,0.001585,None kPa,N/A,10568,['C'],A,Unguarded Axial Heat Flow,"not stated,99.998 % (total),,wire",99.998,Not Specified %,1958
3.63,0.0312,0.00156,None kPa,N/A,10568,['C'],A,Unguarded Axial Heat Flow,"not stated,99.998 % (total),,wire",99.998,Not Specified %,1958
3.73,0.0292,0.00146,None kPa,N/A,10568,['C'],A,Unguarded Axial Heat Flow,"not stated,99.998 % (total),,wire",99.998,Not Specified %,1958
3.16,0.0171,0.000855,None kPa,N/A,10569,['C'],A,Unguarded Axial Heat Flow,"not stated,99.998 % (total),,wire",99.998,Not Specified %,1958
3.36,0.0194,0.00097,None kPa,N/A,10569,['C'],A,Unguarded Axial Heat Flow,"not stated,99.998 % (total),,wire",99.998,Not Specified %,1958
3.52,0.0217,0.001085,None kPa,N/A,10569,['C'],A,Unguarded Axial Heat Flow,"not stated,99.998 % (total),,wire",99.998,Not Specified %,1958
3.74,0.026,0.0013,None kPa,N/A,10569,['C'],A,Unguarded Axial Heat Flow,"not stated,99.998 % (total),,wire",99.998,Not Specified %,1958
4.03,0.0275,0.001375,None kPa,N/A,10569,['C'],A,Unguarded Axial Heat Flow,"not stated,99.998 % (total),,wire",99.998,Not Specified %,1958
4.21,0.0359,0.001795,None kPa,N/A,10569,['C'],A,Unguarded Axial Heat Flow,"not stated,99.998 % (total),,wire",99.998,Not Specified %,1958
4.27,0.0346,0.00173,None kPa,N/A,10569,['C'],A,Unguarded Axial Heat Flow,"not stated,99.998 % (total),,wire",99.998,Not Specified %,1958
4.28,0.0378,0.00189,None kPa,N/A,10569,['C'],A,Unguarded Axial Heat Flow,"not stated,99.998 % (total),,wire",99.998,Not Specified %,1958
4.33,0.0363,0.001815,None kPa,N/A,10569,['C'],A,Unguarded Axial Heat Flow,"not stated,99.998 % (total),,wire",99.998,Not Specified %,1958
0.154,8.46E-07,4.23E-08,None kPa,N/A,10570,['C'],A,Unguarded Axial Heat Flow,"not stated,99.998 % (total),,wire",99.998,Not Specified %,1958
0.228,2.49E-06,1.25E-07,None kPa,N/A,10570,['C'],A,Unguarded Axial Heat Flow,"not stated,99.998 % (total),,wire",99.998,Not Specified %,1958
0.265,3.94E-06,1.97E-07,None kPa,N/A,10570,['C'],A,Unguarded Axial Heat Flow,"not stated,99.998 % (total),,wire",99.998,Not Specified %,1958
0.284,5.23E-06,2.62E-07,None kPa,N/A,10570,['C'],A,Unguarded Axial Heat Flow,"not stated,99.998 % (total),,wire",99.998,Not Specified %,1958
0.305,5.34E-06,2.67E-07,None kPa,N/A,10570,['C'],A,Unguarded Axial Heat Flow,"not stated,99.998 % (total),,wire",99.998,Not Specified %,1958
0.308,6.21E-06,3.11E-07,None kPa,N/A,10570,['C'],A,Unguarded Axial Heat Flow,"not stated,99.998 % (total),,wire",99.998,Not Specified %,1958
0.311,6.51E-06,3.26E-07,None kPa,N/A,10570,['C'],A,Unguarded Axial Heat Flow,"not stated,99.998 % (total),,wire",99.998,Not Specified %,1958
0.339,7.94E-06,3.97E-07,None kPa,N/A,10570,['C'],A,Unguarded Axial Heat Flow,"not stated,99.998 % (total),,wire",99.998,Not Specified %,1958
0.358,9.76E-06,4.88E-07,None kPa,N/A,10570,['C'],A,Unguarded Axial Heat Flow,"not stated,99.998 % (total),,wire",99.998,Not Specified %,1958
0.365,1.02E-05,5.10E-07,None kPa,N/A,10570,['C'],A,Unguarded Axial Heat Flow,"not stated,99.998 % (total),,wire",99.998,Not Specified %,1958
0.389,1.29E-05,6.45E-07,None kPa,N/A,10570,['C'],A,Unguarded Axial Heat Flow,"not stated,99.998 % (total),,wire",99.998,Not Specified %,1958
0.394,1.45E-05,7.25E-07,None kPa,N/A,10570,['C'],A,Unguarded Axial Heat Flow,"not stated,99.998 % (total),,wire",99.998,Not Specified %,1958
0.395,1.24E-05,6.20E-07,None kPa,N/A,10570,['C'],A,Unguarded Axial Heat Flow,"not stated,99.998 % (total),,wire",99.998,Not Specified %,1958
0.401,1.40E-05,7.00E-07,None kPa,N/A,10570,['C'],A,Unguarded Axial Heat Flow,"not stated,99.998 % (total),,wire",99.998,Not Specified %,1958
0.418,1.73E-05,8.65E-07,None kPa,N/A,10570,['C'],A,Unguarded Axial Heat Flow,"not stated,99.998 % (total),,wire",99.998,Not Specified %,1958
0.436,1.93E-05,9.65E-07,None kPa,N/A,10570,['C'],A,Unguarded Axial Heat Flow,"not stated,99.998 % (total),,wire",99.998,Not Specified %,1958
0.451,1.82E-05,9.10E-07,None kPa,N/A,10570,['C'],A,Unguarded Axial Heat Flow,"not stated,99.998 % (total),,wire",99.998,Not Specified %,1958
0.46,2.28E-05,1.14E-06,None kPa,N/A,10570,['C'],A,Unguarded Axial Heat Flow,"not stated,99.998 % (total),,wire",99.998,Not Specified %,1958
0.496,2.91E-05,1.46E-06,None kPa,N/A,10570,['C'],A,Unguarded Axial Heat Flow,"not stated,99.998 % (total),,wire",99.998,Not Specified %,1958
0.497,2.75E-05,1.38E-06,None kPa,N/A,10570,['C'],A,Unguarded Axial Heat Flow,"not stated,99.998 % (total),,wire",99.998,Not Specified %,1958
0.537,3.68E-05,1.84E-06,None kPa,N/A,10570,['C'],A,Unguarded Axial Heat Flow,"not stated,99.998 % (total),,wire",99.998,Not Specified %,1958
0.539,4.06E-05,2.03E-06,None kPa,N/A,10570,['C'],A,Unguarded Axial Heat Flow,"not stated,99.998 % (total),,wire",99.998,Not Specified %,1958
0.547,3.89E-05,1.95E-06,None kPa,N/A,10570,['C'],A,Unguarded Axial Heat Flow,"not stated,99.998 % (total),,wire",99.998,Not Specified %,1958
0.551,5.07E-05,2.54E-06,None kPa,N/A,10570,['C'],A,Unguarded Axial Heat Flow,"not stated,99.998 % (total),,wire",99.998,Not Specified %,1958
0.552,4.16E-05,2.08E-06,None kPa,N/A,10570,['C'],A,Unguarded Axial Heat Flow,"not stated,99.998 % (total),,wire",99.998,Not Specified %,1958
0.561,3.97E-05,1.99E-06,None kPa,N/A,10570,['C'],A,Unguarded Axial Heat Flow,"not stated,99.998 % (total),,wire",99.998,Not Specified %,1958
0.569,4.77E-05,2.39E-06,None kPa,N/A,10570,['C'],A,Unguarded Axial Heat Flow,"not stated,99.998 % (total),,wire",99.998,Not Specified %,1958
0.586,6.48E-05,3.24E-06,None kPa,N/A,10570,['C'],A,Unguarded Axial Heat Flow,"not stated,99.998 % (total),,wire",99.998,Not Specified %,1958
0.597,5.99E-05,3.00E-06,None kPa,N/A,10570,['C'],A,Unguarded Axial Heat Flow,"not stated,99.998 % (total),,wire",99.998,Not Specified %,1958
0.608,7.19E-05,3.60E-06,None kPa,N/A,10570,['C'],A,Unguarded Axial Heat Flow,"not stated,99.998 % (total),,wire",99.998,Not Specified %,1958
0.609,8.01E-05,4.01E-06,None kPa,N/A,10570,['C'],A,Unguarded Axial Heat Flow,"not stated,99.998 % (total),,wire",99.998,Not Specified %,1958
0.643,0.000103,5.15E-06,None kPa,N/A,10570,['C'],A,Unguarded Axial Heat Flow,"not stated,99.998 % (total),,wire",99.998,Not Specified %,1958
0.644,8.95E-05,4.48E-06,None kPa,N/A,10570,['C'],A,Unguarded Axial Heat Flow,"not stated,99.998 % (total),,wire",99.998,Not Specified %,1958
0.681,0.000126,6.30E-06,None kPa,N/A,10570,['C'],A,Unguarded Axial Heat Flow,"not stated,99.998 % (total),,wire",99.998,Not Specified %,1958
0.691,0.000104,5.20E-06,None kPa,N/A,10570,['C'],A,Unguarded Axial Heat Flow,"not stated,99.998 % (total),,wire",99.998,Not Specified %,1958
0.707,0.000152,7.60E-06,None kPa,N/A,10570,['C'],A,Unguarded Axial Heat Flow,"not stated,99.998 % (total),,wire",99.998,Not Specified %,1958
0.732,0.000148,7.40E-06,None kPa,N/A,10570,['C'],A,Unguarded Axial Heat Flow,"not stated,99.998 % (total),,wire",99.998,Not Specified %,1958
0.773,0.000183,9.15E-06,None kPa,N/A,10570,['C'],A,Unguarded Axial Heat Flow,"not stated,99.998 % (total),,wire",99.998,Not Specified %,1958
0.783,0.00019,9.50E-06,None kPa,N/A,10570,['C'],A,Unguarded Axial Heat Flow,"not stated,99.998 % (total),,wire",99.998,Not Specified %,1958
0.794,0.00018,9.00E-06,None kPa,N/A,10570,['C'],A,Unguarded Axial Heat Flow,"not stated,99.998 % (total),,wire",99.998,Not Specified %,1958
0.802,0.000191,9.55E-06,None kPa,N/A,10570,['C'],A,Unguarded Axial Heat Flow,"not stated,99.998 % (total),,wire",99.998,Not Specified %,1958
0.814,0.000235,1.18E-05,None kPa,N/A,10570,['C'],A,Unguarded Axial Heat Flow,"not stated,99.998 % (total),,wire",99.998,Not Specified %,1958
0.831,0.000242,1.21E-05,None kPa,N/A,10570,['C'],A,Unguarded Axial Heat Flow,"not stated,99.998 % (total),,wire",99.998,Not Specified %,1958
0.898,0.00026,1.30E-05,None kPa,N/A,10570,['C'],A,Unguarded Axial Heat Flow,"not stated,99.998 % (total),,wire",99.998,Not Specified %,1958
0.902,0.000278,1.39E-05,None kPa,N/A,10570,['C'],A,Unguarded Axial Heat Flow,"not stated,99.998 % (total),,wire",99.998,Not Specified %,1958
0.934,0.000333,1.67E-05,None kPa,N/A,10570,['C'],A,Unguarded Axial Heat Flow,"not stated,99.998 % (total),,wire",99.998,Not Specified %,1958
0.958,0.000395,1.98E-05,None kPa,N/A,10570,['C'],A,Unguarded Axial Heat Flow,"not stated,99.998 % (total),,wire",99.998,Not Specified %,1958
0.974,0.000458,2.29E-05,None kPa,N/A,10570,['C'],A,Unguarded Axial Heat Flow,"not stated,99.998 % (total),,wire",99.998,Not Specified %,1958
1.01,0.000392,1.96E-05,None kPa,N/A,10570,['C'],A,Unguarded Axial Heat Flow,"not stated,99.998 % (total),,wire",99.998,Not Specified %,1958
1.05,0.00062,3.10E-05,None kPa,N/A,10570,['C'],A,Unguarded Axial Heat Flow,"not stated,99.998 % (total),,wire",99.998,Not Specified %,1958
1.09,0.000729,3.65E-05,None kPa,N/A,10570,['C'],A,Unguarded Axial Heat Flow,"not stated,99.998 % (total),,wire",99.998,Not Specified %,1958
1.12,0.000645,3.23E-05,None kPa,N/A,10570,['C'],A,Unguarded Axial Heat Flow,"not stated,99.998 % (total),,wire",99.998,Not Specified %,1958
1.13,0.000895,4.48E-05,None kPa,N/A,10570,['C'],A,Unguarded Axial Heat Flow,"not stated,99.998 % (total),,wire",99.998,Not Specified %,1958
1.29,0.00108,5.40E-05,None kPa,N/A,10570,['C'],A,Unguarded Axial Heat Flow,"not stated,99.998 % (total),,wire",99.998,Not Specified %,1958
1.43,0.00208,0.000104,None kPa,N/A,10570,['C'],A,Unguarded Axial Heat Flow,"not stated,99.998 % (total),,wire",99.998,Not Specified %,1958
0.392,1.17E-05,5.85E-07,None kPa,N/A,10571,['C'],A,Unguarded Axial Heat Flow,"not stated,99.998 % (total),,wire",99.998,Not Specified %,1958
0.417,1.46E-05,7.30E-07,None kPa,N/A,10571,['C'],A,Unguarded Axial Heat Flow,"not stated,99.998 % (total),,wire",99.998,Not Specified %,1958
0.453,2.16E-05,1.08E-06,None kPa,N/A,10571,['C'],A,Unguarded Axial Heat Flow,"not stated,99.998 % (total),,wire",99.998,Not Specified %,1958
0.496,3.04E-05,1.52E-06,None kPa,N/A,10571,['C'],A,Unguarded Axial Heat Flow,"not stated,99.998 % (total),,wire",99.998,Not Specified %,1958
0.509,3.56E-05,1.78E-06,None kPa,N/A,10571,['C'],A,Unguarded Axial Heat Flow,"not stated,99.998 % (total),,wire",99.998,Not Specified %,1958
0.521,3.74E-05,1.87E-06,None kPa,N/A,10571,['C'],A,Unguarded Axial Heat Flow,"not stated,99.998 % (total),,wire",99.998,Not Specified %,1958
0.582,6.25E-05,3.13E-06,None kPa,N/A,10571,['C'],A,Unguarded Axial Heat Flow,"not stated,99.998 % (total),,wire",99.998,Not Specified %,1958
0.651,9.66E-05,4.83E-06,None kPa,N/A,10571,['C'],A,Unguarded Axial Heat Flow,"not stated,99.998 % (total),,wire",99.998,Not Specified %,1958
0.691,0.00012,6.00E-06,None kPa,N/A,10571,['C'],A,Unguarded Axial Heat Flow,"not stated,99.998 % (total),,wire",99.998,Not Specified %,1958
2.04,0.00638,0.000319,None kPa,N/A,10571,['C'],A,Unguarded Axial Heat Flow,"not stated,99.998 % (total),,wire",99.998,Not Specified %,1958
2.67,0.0139,0.000695,None kPa,N/A,10571,['C'],A,Unguarded Axial Heat Flow,"not stated,99.998 % (total),,wire",99.998,Not Specified %,1958
0.4374,1.93E-05,5.79E-07,None kPa,N/A,11833,['C'],A,Vacuum adiabatic calorimetry,"origin: commercial source,99.999 % (total),",99.999,Not Specified %,1961
0.4449,2.05E-05,6.14E-07,None kPa,N/A,11833,['C'],A,Vacuum adiabatic calorimetry,"origin: commercial source,99.999 % (total),",99.999,Not Specified %,1961
0.5021,3.13E-05,9.38E-07,None kPa,N/A,11833,['C'],A,Vacuum adiabatic calorimetry,"origin: commercial source,99.999 % (total),",99.999,Not Specified %,1961
0.5084,3.25E-05,9.76E-07,None kPa,N/A,11833,['C'],A,Vacuum adiabatic calorimetry,"origin: commercial source,99.999 % (total),",99.999,Not Specified %,1961
0.5727,5.09E-05,1.53E-06,None kPa,N/A,11833,['C'],A,Vacuum adiabatic calorimetry,"origin: commercial source,99.999 % (total),",99.999,Not Specified %,1961
0.6274,6.94E-05,2.08E-06,None kPa,N/A,11833,['C'],A,Vacuum adiabatic calorimetry,"origin: commercial source,99.999 % (total),",99.999,Not Specified %,1961
0.6678,9.38E-05,2.81E-06,None kPa,N/A,11833,['C'],A,Vacuum adiabatic calorimetry,"origin: commercial source,99.999 % (total),",99.999,Not Specified %,1961
0.6874,9.90E-05,2.97E-06,None kPa,N/A,11833,['C'],A,Vacuum adiabatic calorimetry,"origin: commercial source,99.999 % (total),",99.999,Not Specified %,1961
0.7117,0.00011686,3.51E-06,None kPa,N/A,11833,['C'],A,Vacuum adiabatic calorimetry,"origin: commercial source,99.999 % (total),",99.999,Not Specified %,1961
0.7407,0.00013896,4.17E-06,None kPa,N/A,11833,['C'],A,Vacuum adiabatic calorimetry,"origin: commercial source,99.999 % (total),",99.999,Not Specified %,1961
0.7712,0.00016581,4.97E-06,None kPa,N/A,11833,['C'],A,Vacuum adiabatic calorimetry,"origin: commercial source,99.999 % (total),",99.999,Not Specified %,1961
0.8047,0.00019876,5.96E-06,None kPa,N/A,11833,['C'],A,Vacuum adiabatic calorimetry,"origin: commercial source,99.999 % (total),",99.999,Not Specified %,1961
0.8326,0.00023396,7.02E-06,None kPa,N/A,11833,['C'],A,Vacuum adiabatic calorimetry,"origin: commercial source,99.999 % (total),",99.999,Not Specified %,1961
0.8804,0.00029669,8.90E-06,None kPa,N/A,11833,['C'],A,Vacuum adiabatic calorimetry,"origin: commercial source,99.999 % (total),",99.999,Not Specified %,1961
0.9217,0.00036131,1.08E-05,None kPa,N/A,11833,['C'],A,Vacuum adiabatic calorimetry,"origin: commercial source,99.999 % (total),",99.999,Not Specified %,1961
0.963,0.00043913,1.32E-05,None kPa,N/A,11833,['C'],A,Vacuum adiabatic calorimetry,"origin: commercial source,99.999 % (total),",99.999,Not Specified %,1961
1.049,0.00062416,1.87E-05,None kPa,N/A,11833,['C'],A,Vacuum adiabatic calorimetry,"origin: commercial source,99.999 % (total),",99.999,Not Specified %,1961
1.1307,0.00084237,2.53E-05,None kPa,N/A,11833,['C'],A,Vacuum adiabatic calorimetry,"origin: commercial source,99.999 % (total),",99.999,Not Specified %,1961
1.2069,0.00108621,3.26E-05,None kPa,N/A,11833,['C'],A,Vacuum adiabatic calorimetry,"origin: commercial source,99.999 % (total),",99.999,Not Specified %,1961
1.2985,0.00143354,4.30E-05,None kPa,N/A,11833,['C'],A,Vacuum adiabatic calorimetry,"origin: commercial source,99.999 % (total),",99.999,Not Specified %,1961
1.4172,0.00195857,5.88E-05,None kPa,N/A,11833,['C'],A,Vacuum adiabatic calorimetry,"origin: commercial source,99.999 % (total),",99.999,Not Specified %,1961
1.5744,0.0028103,8.43E-05,None kPa,N/A,11833,['C'],A,Vacuum adiabatic calorimetry,"origin: commercial source,99.999 % (total),",99.999,Not Specified %,1961
1.7272,0.00378257,0.000113477,None kPa,N/A,11833,['C'],A,Vacuum adiabatic calorimetry,"origin: commercial source,99.999 % (total),",99.999,Not Specified %,1961
1.8961,0.00506259,0.000151878,None kPa,N/A,11833,['C'],A,Vacuum adiabatic calorimetry,"origin: commercial source,99.999 % (total),",99.999,Not Specified %,1961
2.028,0.00620568,0.000124114,None kPa,N/A,11833,['C'],A,Vacuum adiabatic calorimetry,"origin: commercial source,99.999 % (total),",99.999,Not Specified %,1961
2.138,0.0072692,0.000145384,None kPa,N/A,11833,['C'],A,Vacuum adiabatic calorimetry,"origin: commercial source,99.999 % (total),",99.999,Not Specified %,1961
2.404,0.00995256,0.000199051,None kPa,N/A,11833,['C'],A,Vacuum adiabatic calorimetry,"origin: commercial source,99.999 % (total),",99.999,Not Specified %,1961
2.655,0.013275,0.0002655,None kPa,N/A,11833,['C'],A,Vacuum adiabatic calorimetry,"origin: commercial source,99.999 % (total),",99.999,Not Specified %,1961
2.837,0.0160291,0.000320581,None kPa,N/A,11833,['C'],A,Vacuum adiabatic calorimetry,"origin: commercial source,99.999 % (total),",99.999,Not Specified %,1961
3.007,0.0190343,0.000380686,None kPa,N/A,11833,['C'],A,Vacuum adiabatic calorimetry,"origin: commercial source,99.999 % (total),",99.999,Not Specified %,1961
3.153,0.0217557,0.000435114,None kPa,N/A,11833,['C'],A,Vacuum adiabatic calorimetry,"origin: commercial source,99.999 % (total),",99.999,Not Specified %,1961
3.28,0.0242392,0.000484784,None kPa,N/A,11833,['C'],A,Vacuum adiabatic calorimetry,"origin: commercial source,99.999 % (total),",99.999,Not Specified %,1961
3.393,0.0264993,0.000529987,None kPa,N/A,11833,['C'],A,Vacuum adiabatic calorimetry,"origin: commercial source,99.999 % (total),",99.999,Not Specified %,1961
3.495,0.0288687,0.000577374,None kPa,N/A,11833,['C'],A,Vacuum adiabatic calorimetry,"origin: commercial source,99.999 % (total),",99.999,Not Specified %,1961
3.589,0.0316191,0.000632382,None kPa,N/A,11833,['C'],A,Vacuum adiabatic calorimetry,"origin: commercial source,99.999 % (total),",99.999,Not Specified %,1961
3.729,0.0238656,0.000477312,None kPa,N/A,11833,['C'],A,Vacuum adiabatic calorimetry,"origin: commercial source,99.999 % (total),",99.999,Not Specified %,1961
3.839,0.0263739,0.000527479,None kPa,N/A,11833,['C'],A,Vacuum adiabatic calorimetry,"origin: commercial source,99.999 % (total),",99.999,Not Specified %,1961
4.154,0.033772,0.00067544,None kPa,N/A,11833,['C'],A,Vacuum adiabatic calorimetry,"origin: commercial source,99.999 % (total),",99.999,Not Specified %,1961
4.389,0.0394571,0.000789142,None kPa,N/A,11833,['C'],A,Vacuum adiabatic calorimetry,"origin: commercial source,99.999 % (total),",99.999,Not Specified %,1961
0.4026,0.0007368,2.21E-05,None kPa,N/A,11834,['C'],A,Vacuum adiabatic calorimetry,"origin: commercial source,99.999 % (total),",99.999,Not Specified %,1961
0.4237,0.0007966,2.39E-05,None kPa,N/A,11834,['C'],A,Vacuum adiabatic calorimetry,"origin: commercial source,99.999 % (total),",99.999,Not Specified %,1961
0.4374,0.0008004,2.40E-05,None kPa,N/A,11834,['C'],A,Vacuum adiabatic calorimetry,"origin: commercial source,99.999 % (total),",99.999,Not Specified %,1961
0.4847,0.0009403,2.82E-05,None kPa,N/A,11834,['C'],A,Vacuum adiabatic calorimetry,"origin: commercial source,99.999 % (total),",99.999,Not Specified %,1961
0.6042,0.0011299,3.39E-05,None kPa,N/A,11834,['C'],A,Vacuum adiabatic calorimetry,"origin: commercial source,99.999 % (total),",99.999,Not Specified %,1961
0.7062,0.0012853,3.86E-05,None kPa,N/A,11834,['C'],A,Vacuum adiabatic calorimetry,"origin: commercial source,99.999 % (total),",99.999,Not Specified %,1961
0.7319,0.0014052,4.22E-05,None kPa,N/A,11834,['C'],A,Vacuum adiabatic calorimetry,"origin: commercial source,99.999 % (total),",99.999,Not Specified %,1961
0.7575,0.0014317,4.30E-05,None kPa,N/A,11834,['C'],A,Vacuum adiabatic calorimetry,"origin: commercial source,99.999 % (total),",99.999,Not Specified %,1961
0.7975,0.0015551,4.67E-05,None kPa,N/A,11834,['C'],A,Vacuum adiabatic calorimetry,"origin: commercial source,99.999 % (total),",99.999,Not Specified %,1961
0.8303,0.0016523,4.96E-05,None kPa,N/A,11834,['C'],A,Vacuum adiabatic calorimetry,"origin: commercial source,99.999 % (total),",99.999,Not Specified %,1961
0.9067,0.0018225,5.47E-05,None kPa,N/A,11834,['C'],A,Vacuum adiabatic calorimetry,"origin: commercial source,99.999 % (total),",99.999,Not Specified %,1961
0.9778,0.0020045,6.01E-05,None kPa,N/A,11834,['C'],A,Vacuum adiabatic calorimetry,"origin: commercial source,99.999 % (total),",99.999,Not Specified %,1961
1.0329,0.0021071,6.32E-05,None kPa,N/A,11834,['C'],A,Vacuum adiabatic calorimetry,"origin: commercial source,99.999 % (total),",99.999,Not Specified %,1961
1.1502,0.0024269,7.28E-05,None kPa,N/A,11834,['C'],A,Vacuum adiabatic calorimetry,"origin: commercial source,99.999 % (total),",99.999,Not Specified %,1961
1.2391,0.0027136,8.14E-05,None kPa,N/A,11834,['C'],A,Vacuum adiabatic calorimetry,"origin: commercial source,99.999 % (total),",99.999,Not Specified %,1961
1.3461,0.0030153,9.05E-05,None kPa,N/A,11834,['C'],A,Vacuum adiabatic calorimetry,"origin: commercial source,99.999 % (total),",99.999,Not Specified %,1961
1.5163,0.0035633,0.000106899,None kPa,N/A,11834,['C'],A,Vacuum adiabatic calorimetry,"origin: commercial source,99.999 % (total),",99.999,Not Specified %,1961
1.819,0.0048204,0.000144611,None kPa,N/A,11834,['C'],A,Vacuum adiabatic calorimetry,"origin: commercial source,99.999 % (total),",99.999,Not Specified %,1961
2.161,0.0065262,0.000195787,None kPa,N/A,11834,['C'],A,Vacuum adiabatic calorimetry,"origin: commercial source,99.999 % (total),",99.999,Not Specified %,1961
2.377,0.0078203,0.00023461,None kPa,N/A,11834,['C'],A,Vacuum adiabatic calorimetry,"origin: commercial source,99.999 % (total),",99.999,Not Specified %,1961
2.555,0.0090958,0.000272874,None kPa,N/A,11834,['C'],A,Vacuum adiabatic calorimetry,"origin: commercial source,99.999 % (total),",99.999,Not Specified %,1961
2.903,0.0120475,0.000361424,None kPa,N/A,11834,['C'],A,Vacuum adiabatic calorimetry,"origin: commercial source,99.999 % (total),",99.999,Not Specified %,1961
3.17,0.0149307,0.000447921,None kPa,N/A,11834,['C'],A,Vacuum adiabatic calorimetry,"origin: commercial source,99.999 % (total),",99.999,Not Specified %,1961
3.387,0.0186962,0.000560887,None kPa,N/A,11834,['C'],A,Vacuum adiabatic calorimetry,"origin: commercial source,99.999 % (total),",99.999,Not Specified %,1961
3.574,0.0205148,0.000615443,None kPa,N/A,11834,['C'],A,Vacuum adiabatic calorimetry,"origin: commercial source,99.999 % (total),",99.999,Not Specified %,1961
3.874,0.0259171,0.000777512,None kPa,N/A,11834,['C'],A,Vacuum adiabatic calorimetry,"origin: commercial source,99.999 % (total),",99.999,Not Specified %,1961
0.4061,1.62E-05,4.87E-07,None kPa,N/A,11835,['C'],A,Vacuum adiabatic calorimetry,"origin: commercial source,99.999 % (total),",99.999,Not Specified %,1961
0.406,1.57E-05,4.70E-07,None kPa,N/A,11835,['C'],A,Vacuum adiabatic calorimetry,"origin: commercial source,99.999 % (total),",99.999,Not Specified %,1961
0.4233,1.88E-05,5.65E-07,None kPa,N/A,11835,['C'],A,Vacuum adiabatic calorimetry,"origin: commercial source,99.999 % (total),",99.999,Not Specified %,1961
0.4798,2.81E-05,8.42E-07,None kPa,N/A,11835,['C'],A,Vacuum adiabatic calorimetry,"origin: commercial source,99.999 % (total),",99.999,Not Specified %,1961
0.535,3.95E-05,1.18E-06,None kPa,N/A,11835,['C'],A,Vacuum adiabatic calorimetry,"origin: commercial source,99.999 % (total),",99.999,Not Specified %,1961
0.6112,6.66E-05,2.00E-06,None kPa,N/A,11835,['C'],A,Vacuum adiabatic calorimetry,"origin: commercial source,99.999 % (total),",99.999,Not Specified %,1961
0.7021,0.0001125,3.37E-06,None kPa,N/A,11835,['C'],A,Vacuum adiabatic calorimetry,"origin: commercial source,99.999 % (total),",99.999,Not Specified %,1961
0.7393,0.000133,3.99E-06,None kPa,N/A,11835,['C'],A,Vacuum adiabatic calorimetry,"origin: commercial source,99.999 % (total),",99.999,Not Specified %,1961
0.9189,0.0003758,1.13E-05,None kPa,N/A,11835,['C'],A,Vacuum adiabatic calorimetry,"origin: commercial source,99.999 % (total),",99.999,Not Specified %,1961
0.9923,0.0005081,1.52E-05,None kPa,N/A,11835,['C'],A,Vacuum adiabatic calorimetry,"origin: commercial source,99.999 % (total),",99.999,Not Specified %,1961
1.0404,0.0006128,1.84E-05,None kPa,N/A,11835,['C'],A,Vacuum adiabatic calorimetry,"origin: commercial source,99.999 % (total),",99.999,Not Specified %,1961
1.1078,0.0007777,2.33E-05,None kPa,N/A,11835,['C'],A,Vacuum adiabatic calorimetry,"origin: commercial source,99.999 % (total),",99.999,Not Specified %,1961
1.2193,0.0011522,3.46E-05,None kPa,N/A,11835,['C'],A,Vacuum adiabatic calorimetry,"origin: commercial source,99.999 % (total),",99.999,Not Specified %,1961
1.3571,0.0016828,5.05E-05,None kPa,N/A,11835,['C'],A,Vacuum adiabatic calorimetry,"origin: commercial source,99.999 % (total),",99.999,Not Specified %,1961
1.4954,0.0023433,7.03E-05,None kPa,N/A,11835,['C'],A,Vacuum adiabatic calorimetry,"origin: commercial source,99.999 % (total),",99.999,Not Specified %,1961
1.6616,0.0033398,0.000100194,None kPa,N/A,11835,['C'],A,Vacuum adiabatic calorimetry,"origin: commercial source,99.999 % (total),",99.999,Not Specified %,1961
1.9302,0.0052694,0.000158083,None kPa,N/A,11835,['C'],A,Vacuum adiabatic calorimetry,"origin: commercial source,99.999 % (total),",99.999,Not Specified %,1961
2.221,0.0080844,0.000161689,None kPa,N/A,11835,['C'],A,Vacuum adiabatic calorimetry,"origin: commercial source,99.999 % (total),",99.999,Not Specified %,1961
2.511,0.0113748,0.000227497,None kPa,N/A,11835,['C'],A,Vacuum adiabatic calorimetry,"origin: commercial source,99.999 % (total),",99.999,Not Specified %,1961
2.744,0.0145706,0.000291413,None kPa,N/A,11835,['C'],A,Vacuum adiabatic calorimetry,"origin: commercial source,99.999 % (total),",99.999,Not Specified %,1961
2.938,0.0175986,0.000351972,None kPa,N/A,11835,['C'],A,Vacuum adiabatic calorimetry,"origin: commercial source,99.999 % (total),",99.999,Not Specified %,1961
3.101,0.0204976,0.000409952,None kPa,N/A,11835,['C'],A,Vacuum adiabatic calorimetry,"origin: commercial source,99.999 % (total),",99.999,Not Specified %,1961
3.244,0.0233568,0.000467136,None kPa,N/A,11835,['C'],A,Vacuum adiabatic calorimetry,"origin: commercial source,99.999 % (total),",99.999,Not Specified %,1961
3.365,0.0260115,0.000520229,None kPa,N/A,11835,['C'],A,Vacuum adiabatic calorimetry,"origin: commercial source,99.999 % (total),",99.999,Not Specified %,1961
3.477,0.0286853,0.000573705,None kPa,N/A,11835,['C'],A,Vacuum adiabatic calorimetry,"origin: commercial source,99.999 % (total),",99.999,Not Specified %,1961
3.579,0.0310657,0.000621314,None kPa,N/A,11835,['C'],A,Vacuum adiabatic calorimetry,"origin: commercial source,99.999 % (total),",99.999,Not Specified %,1961
3.644,0.0328324,0.000656649,None kPa,N/A,11835,['C'],A,Vacuum adiabatic calorimetry,"origin: commercial source,99.999 % (total),",99.999,Not Specified %,1961
3.719,0.0246198,0.000492396,None kPa,N/A,11835,['C'],A,Vacuum adiabatic calorimetry,"origin: commercial source,99.999 % (total),",99.999,Not Specified %,1961
3.668,0.0332688,0.000665375,None kPa,N/A,11835,['C'],A,Vacuum adiabatic calorimetry,"origin: commercial source,99.999 % (total),",99.999,Not Specified %,1961
3.678,0.0339112,0.000678223,None kPa,N/A,11835,['C'],A,Vacuum adiabatic calorimetry,"origin: commercial source,99.999 % (total),",99.999,Not Specified %,1961
3.695,0.0340679,0.000681358,None kPa,N/A,11835,['C'],A,Vacuum adiabatic calorimetry,"origin: commercial source,99.999 % (total),",99.999,Not Specified %,1961
3.706,0.0262755,0.000525511,None kPa,N/A,11835,['C'],A,Vacuum adiabatic calorimetry,"origin: commercial source,99.999 % (total),",99.999,Not Specified %,1961
3.722,0.0238208,0.000476416,None kPa,N/A,11835,['C'],A,Vacuum adiabatic calorimetry,"origin: commercial source,99.999 % (total),",99.999,Not Specified %,1961
3.737,0.0250005,0.000500011,None kPa,N/A,11835,['C'],A,Vacuum adiabatic calorimetry,"origin: commercial source,99.999 % (total),",99.999,Not Specified %,1961
3.749,0.0248559,0.000497117,None kPa,N/A,11835,['C'],A,Vacuum adiabatic calorimetry,"origin: commercial source,99.999 % (total),",99.999,Not Specified %,1961
3.765,0.0247737,0.000495474,None kPa,N/A,11835,['C'],A,Vacuum adiabatic calorimetry,"origin: commercial source,99.999 % (total),",99.999,Not Specified %,1961
3.857,0.0268833,0.000537666,None kPa,N/A,11835,['C'],A,Vacuum adiabatic calorimetry,"origin: commercial source,99.999 % (total),",99.999,Not Specified %,1961
3.986,0.0301342,0.000602683,None kPa,N/A,11835,['C'],A,Vacuum adiabatic calorimetry,"origin: commercial source,99.999 % (total),",99.999,Not Specified %,1961
4.148,0.0338477,0.000676954,None kPa,N/A,11835,['C'],A,Vacuum adiabatic calorimetry,"origin: commercial source,99.999 % (total),",99.999,Not Specified %,1961
0.6482,0.0012316,3.69E-05,None kPa,N/A,11836,['C'],A,Vacuum adiabatic calorimetry,"origin: commercial source,99.999 % (total),",99.999,Not Specified %,1961
0.734,0.001446,4.34E-05,None kPa,N/A,11836,['C'],A,Vacuum adiabatic calorimetry,"origin: commercial source,99.999 % (total),",99.999,Not Specified %,1961
0.8374,0.0016832,5.05E-05,None kPa,N/A,11836,['C'],A,Vacuum adiabatic calorimetry,"origin: commercial source,99.999 % (total),",99.999,Not Specified %,1961
0.9474,0.0019516,5.85E-05,None kPa,N/A,11836,['C'],A,Vacuum adiabatic calorimetry,"origin: commercial source,99.999 % (total),",99.999,Not Specified %,1961
1.0129,0.0021068,4.21E-05,None kPa,N/A,11836,['C'],A,Vacuum adiabatic calorimetry,"origin: commercial source,99.999 % (total),",99.999,Not Specified %,1961
1.0189,0.0021499,4.30E-05,None kPa,N/A,11836,['C'],A,Vacuum adiabatic calorimetry,"origin: commercial source,99.999 % (total),",99.999,Not Specified %,1961
1.1748,0.0025376,5.08E-05,None kPa,N/A,11836,['C'],A,Vacuum adiabatic calorimetry,"origin: commercial source,99.999 % (total),",99.999,Not Specified %,1961
1.3582,0.0030831,6.17E-05,None kPa,N/A,11836,['C'],A,Vacuum adiabatic calorimetry,"origin: commercial source,99.999 % (total),",99.999,Not Specified %,1961
1.5166,0.0036095,7.22E-05,None kPa,N/A,11836,['C'],A,Vacuum adiabatic calorimetry,"origin: commercial source,99.999 % (total),",99.999,Not Specified %,1961
1.6965,0.0042921,8.58E-05,None kPa,N/A,11836,['C'],A,Vacuum adiabatic calorimetry,"origin: commercial source,99.999 % (total),",99.999,Not Specified %,1961
1.9983,0.0057351,0.000114702,None kPa,N/A,11836,['C'],A,Vacuum adiabatic calorimetry,"origin: commercial source,99.999 % (total),",99.999,Not Specified %,1961
2.596,0.0095273,0.000190546,None kPa,N/A,11836,['C'],A,Vacuum adiabatic calorimetry,"origin: commercial source,99.999 % (total),",99.999,Not Specified %,1961
3.036,0.0134495,0.00026899,None kPa,N/A,11836,['C'],A,Vacuum adiabatic calorimetry,"origin: commercial source,99.999 % (total),",99.999,Not Specified %,1961
3.383,0.0180314,0.000360628,None kPa,N/A,11836,['C'],A,Vacuum adiabatic calorimetry,"origin: commercial source,99.999 % (total),",99.999,Not Specified %,1961
3.665,0.0227597,0.000455193,None kPa,N/A,11836,['C'],A,Vacuum adiabatic calorimetry,"origin: commercial source,99.999 % (total),",99.999,Not Specified %,1961
3.878,0.0266806,0.000533613,None kPa,N/A,11836,['C'],A,Vacuum adiabatic calorimetry,"origin: commercial source,99.999 % (total),",99.999,Not Specified %,1961
4.069,0.0319417,0.000638833,None kPa,N/A,11836,['C'],A,Vacuum adiabatic calorimetry,"origin: commercial source,99.999 % (total),",99.999,Not Specified %,1961
4.24,0.0354464,0.000708928,None kPa,N/A,11836,['C'],A,Vacuum adiabatic calorimetry,"origin: commercial source,99.999 % (total),",99.999,Not Specified %,1961
0.1456,1.59E-06,4.76E-08,None kPa,N/A,15626,['C'],A,Low temperature calorimetry set up,"origin: commercial source,99.9999 % (total),stated by supplier",99.9999,Not Specified %,1965
0.1519,1.46E-06,4.38E-08,None kPa,N/A,15626,['C'],A,Low temperature calorimetry set up,"origin: commercial source,99.9999 % (total),stated by supplier",99.9999,Not Specified %,1965
0.1569,1.57E-06,4.70E-08,None kPa,N/A,15626,['C'],A,Low temperature calorimetry set up,"origin: commercial source,99.9999 % (total),stated by supplier",99.9999,Not Specified %,1965
0.1667,1.87E-06,5.61E-08,None kPa,N/A,15626,['C'],A,Low temperature calorimetry set up,"origin: commercial source,99.9999 % (total),stated by supplier",99.9999,Not Specified %,1965
0.1676,1.90E-06,5.71E-08,None kPa,N/A,15626,['C'],A,Low temperature calorimetry set up,"origin: commercial source,99.9999 % (total),stated by supplier",99.9999,Not Specified %,1965
0.172,1.92E-06,5.76E-08,None kPa,N/A,15626,['C'],A,Low temperature calorimetry set up,"origin: commercial source,99.9999 % (total),stated by supplier",99.9999,Not Specified %,1965
0.2305,4.00E-06,1.20E-07,None kPa,N/A,15626,['C'],A,Low temperature calorimetry set up,"origin: commercial source,99.9999 % (total),stated by supplier",99.9999,Not Specified %,1965
0.238,4.48E-06,1.34E-07,None kPa,N/A,15626,['C'],A,Low temperature calorimetry set up,"origin: commercial source,99.9999 % (total),stated by supplier",99.9999,Not Specified %,1965
0.2384,4.43E-06,1.33E-07,None kPa,N/A,15626,['C'],A,Low temperature calorimetry set up,"origin: commercial source,99.9999 % (total),stated by supplier",99.9999,Not Specified %,1965
0.2523,4.63E-06,1.39E-07,None kPa,N/A,15626,['C'],A,Low temperature calorimetry set up,"origin: commercial source,99.9999 % (total),stated by supplier",99.9999,Not Specified %,1965
0.2539,4.95E-06,1.49E-07,None kPa,N/A,15626,['C'],A,Low temperature calorimetry set up,"origin: commercial source,99.9999 % (total),stated by supplier",99.9999,Not Specified %,1965
0.254,5.04E-06,1.51E-07,None kPa,N/A,15626,['C'],A,Low temperature calorimetry set up,"origin: commercial source,99.9999 % (total),stated by supplier",99.9999,Not Specified %,1965
0.2572,5.06E-06,1.52E-07,None kPa,N/A,15626,['C'],A,Low temperature calorimetry set up,"origin: commercial source,99.9999 % (total),stated by supplier",99.9999,Not Specified %,1965
0.2575,5.05E-06,1.52E-07,None kPa,N/A,15626,['C'],A,Low temperature calorimetry set up,"origin: commercial source,99.9999 % (total),stated by supplier",99.9999,Not Specified %,1965
0.2818,6.60E-06,1.98E-07,None kPa,N/A,15626,['C'],A,Low temperature calorimetry set up,"origin: commercial source,99.9999 % (total),stated by supplier",99.9999,Not Specified %,1965
0.2875,6.94E-06,2.08E-07,None kPa,N/A,15626,['C'],A,Low temperature calorimetry set up,"origin: commercial source,99.9999 % (total),stated by supplier",99.9999,Not Specified %,1965
0.2884,7.20E-06,2.16E-07,None kPa,N/A,15626,['C'],A,Low temperature calorimetry set up,"origin: commercial source,99.9999 % (total),stated by supplier",99.9999,Not Specified %,1965
0.2894,7.02E-06,2.11E-07,None kPa,N/A,15626,['C'],A,Low temperature calorimetry set up,"origin: commercial source,99.9999 % (total),stated by supplier",99.9999,Not Specified %,1965
0.2914,7.28E-06,2.18E-07,None kPa,N/A,15626,['C'],A,Low temperature calorimetry set up,"origin: commercial source,99.9999 % (total),stated by supplier",99.9999,Not Specified %,1965
0.2981,7.63E-06,2.29E-07,None kPa,N/A,15626,['C'],A,Low temperature calorimetry set up,"origin: commercial source,99.9999 % (total),stated by supplier",99.9999,Not Specified %,1965
0.3024,8.00E-06,2.40E-07,None kPa,N/A,15626,['C'],A,Low temperature calorimetry set up,"origin: commercial source,99.9999 % (total),stated by supplier",99.9999,Not Specified %,1965
0.3067,8.14E-06,2.44E-07,None kPa,N/A,15626,['C'],A,Low temperature calorimetry set up,"origin: commercial source,99.9999 % (total),stated by supplier",99.9999,Not Specified %,1965
0.3128,8.93E-06,2.68E-07,None kPa,N/A,15626,['C'],A,Low temperature calorimetry set up,"origin: commercial source,99.9999 % (total),stated by supplier",99.9999,Not Specified %,1965
0.3178,9.19E-06,2.76E-07,None kPa,N/A,15626,['C'],A,Low temperature calorimetry set up,"origin: commercial source,99.9999 % (total),stated by supplier",99.9999,Not Specified %,1965
0.3195,9.50E-06,2.85E-07,None kPa,N/A,15626,['C'],A,Low temperature calorimetry set up,"origin: commercial source,99.9999 % (total),stated by supplier",99.9999,Not Specified %,1965
0.32,9.46E-06,2.84E-07,None kPa,N/A,15626,['C'],A,Low temperature calorimetry set up,"origin: commercial source,99.9999 % (total),stated by supplier",99.9999,Not Specified %,1965
0.3333,1.03E-05,3.09E-07,None kPa,N/A,15626,['C'],A,Low temperature calorimetry set up,"origin: commercial source,99.9999 % (total),stated by supplier",99.9999,Not Specified %,1965
0.3382,1.06E-05,3.17E-07,None kPa,N/A,15626,['C'],A,Low temperature calorimetry set up,"origin: commercial source,99.9999 % (total),stated by supplier",99.9999,Not Specified %,1965
0.3402,1.12E-05,3.35E-07,None kPa,N/A,15626,['C'],A,Low temperature calorimetry set up,"origin: commercial source,99.9999 % (total),stated by supplier",99.9999,Not Specified %,1965
0.3537,1.22E-05,3.65E-07,None kPa,N/A,15626,['C'],A,Low temperature calorimetry set up,"origin: commercial source,99.9999 % (total),stated by supplier",99.9999,Not Specified %,1965
0.3635,1.33E-05,4.00E-07,None kPa,N/A,15626,['C'],A,Low temperature calorimetry set up,"origin: commercial source,99.9999 % (total),stated by supplier",99.9999,Not Specified %,1965
0.3577,1.28E-05,3.85E-07,None kPa,N/A,15626,['C'],A,Low temperature calorimetry set up,"origin: commercial source,99.9999 % (total),stated by supplier",99.9999,Not Specified %,1965
0.3672,1.36E-05,4.08E-07,None kPa,N/A,15626,['C'],A,Low temperature calorimetry set up,"origin: commercial source,99.9999 % (total),stated by supplier",99.9999,Not Specified %,1965
0.3703,1.39E-05,4.18E-07,None kPa,N/A,15626,['C'],A,Low temperature calorimetry set up,"origin: commercial source,99.9999 % (total),stated by supplier",99.9999,Not Specified %,1965
0.1558,1.65E-06,4.94E-08,None kPa,N/A,15626,['C'],A,Low temperature calorimetry set up,"origin: commercial source,99.9999 % (total),stated by supplier",99.9999,Not Specified %,1965
0.1601,1.67E-06,5.02E-08,None kPa,N/A,15626,['C'],A,Low temperature calorimetry set up,"origin: commercial source,99.9999 % (total),stated by supplier",99.9999,Not Specified %,1965
0.1616,1.80E-06,5.40E-08,None kPa,N/A,15626,['C'],A,Low temperature calorimetry set up,"origin: commercial source,99.9999 % (total),stated by supplier",99.9999,Not Specified %,1965
0.1725,2.07E-06,6.22E-08,None kPa,N/A,15626,['C'],A,Low temperature calorimetry set up,"origin: commercial source,99.9999 % (total),stated by supplier",99.9999,Not Specified %,1965
0.177,2.14E-06,6.42E-08,None kPa,N/A,15626,['C'],A,Low temperature calorimetry set up,"origin: commercial source,99.9999 % (total),stated by supplier",99.9999,Not Specified %,1965
0.2009,2.93E-06,8.78E-08,None kPa,N/A,15626,['C'],A,Low temperature calorimetry set up,"origin: commercial source,99.9999 % (total),stated by supplier",99.9999,Not Specified %,1965
0.2014,2.89E-06,8.68E-08,None kPa,N/A,15626,['C'],A,Low temperature calorimetry set up,"origin: commercial source,99.9999 % (total),stated by supplier",99.9999,Not Specified %,1965
0.2174,3.51E-06,1.05E-07,None kPa,N/A,15626,['C'],A,Low temperature calorimetry set up,"origin: commercial source,99.9999 % (total),stated by supplier",99.9999,Not Specified %,1965
0.2279,3.91E-06,1.17E-07,None kPa,N/A,15626,['C'],A,Low temperature calorimetry set up,"origin: commercial source,99.9999 % (total),stated by supplier",99.9999,Not Specified %,1965
0.2288,4.01E-06,1.20E-07,None kPa,N/A,15626,['C'],A,Low temperature calorimetry set up,"origin: commercial source,99.9999 % (total),stated by supplier",99.9999,Not Specified %,1965
0.2333,4.13E-06,1.24E-07,None kPa,N/A,15626,['C'],A,Low temperature calorimetry set up,"origin: commercial source,99.9999 % (total),stated by supplier",99.9999,Not Specified %,1965
0.2338,4.06E-06,1.22E-07,None kPa,N/A,15626,['C'],A,Low temperature calorimetry set up,"origin: commercial source,99.9999 % (total),stated by supplier",99.9999,Not Specified %,1965
0.234,4.18E-06,1.25E-07,None kPa,N/A,15626,['C'],A,Low temperature calorimetry set up,"origin: commercial source,99.9999 % (total),stated by supplier",99.9999,Not Specified %,1965
0.2345,4.06E-06,1.22E-07,None kPa,N/A,15626,['C'],A,Low temperature calorimetry set up,"origin: commercial source,99.9999 % (total),stated by supplier",99.9999,Not Specified %,1965
0.2525,4.97E-06,1.49E-07,None kPa,N/A,15626,['C'],A,Low temperature calorimetry set up,"origin: commercial source,99.9999 % (total),stated by supplier",99.9999,Not Specified %,1965
0.2564,5.30E-06,1.59E-07,None kPa,N/A,15626,['C'],A,Low temperature calorimetry set up,"origin: commercial source,99.9999 % (total),stated by supplier",99.9999,Not Specified %,1965
0.2667,5.72E-06,1.72E-07,None kPa,N/A,15626,['C'],A,Low temperature calorimetry set up,"origin: commercial source,99.9999 % (total),stated by supplier",99.9999,Not Specified %,1965
0.2831,6.73E-06,2.02E-07,None kPa,N/A,15626,['C'],A,Low temperature calorimetry set up,"origin: commercial source,99.9999 % (total),stated by supplier",99.9999,Not Specified %,1965
0.284,6.77E-06,2.03E-07,None kPa,N/A,15626,['C'],A,Low temperature calorimetry set up,"origin: commercial source,99.9999 % (total),stated by supplier",99.9999,Not Specified %,1965
0.3021,8.10E-06,2.43E-07,None kPa,N/A,15626,['C'],A,Low temperature calorimetry set up,"origin: commercial source,99.9999 % (total),stated by supplier",99.9999,Not Specified %,1965
0.3082,8.56E-06,2.57E-07,None kPa,N/A,15626,['C'],A,Low temperature calorimetry set up,"origin: commercial source,99.9999 % (total),stated by supplier",99.9999,Not Specified %,1965
0.3242,9.73E-06,2.92E-07,None kPa,N/A,15626,['C'],A,Low temperature calorimetry set up,"origin: commercial source,99.9999 % (total),stated by supplier",99.9999,Not Specified %,1965
0.3287,1.01E-05,3.03E-07,None kPa,N/A,15626,['C'],A,Low temperature calorimetry set up,"origin: commercial source,99.9999 % (total),stated by supplier",99.9999,Not Specified %,1965
0.3367,1.08E-05,3.23E-07,None kPa,N/A,15626,['C'],A,Low temperature calorimetry set up,"origin: commercial source,99.9999 % (total),stated by supplier",99.9999,Not Specified %,1965
0.3543,1.23E-05,3.69E-07,None kPa,N/A,15626,['C'],A,Low temperature calorimetry set up,"origin: commercial source,99.9999 % (total),stated by supplier",99.9999,Not Specified %,1965
0.3636,1.33E-05,3.99E-07,None kPa,N/A,15626,['C'],A,Low temperature calorimetry set up,"origin: commercial source,99.9999 % (total),stated by supplier",99.9999,Not Specified %,1965
0.3736,1.43E-05,4.30E-07,None kPa,N/A,15626,['C'],A,Low temperature calorimetry set up,"origin: commercial source,99.9999 % (total),stated by supplier",99.9999,Not Specified %,1965
0.3881,1.59E-05,4.77E-07,None kPa,N/A,15626,['C'],A,Low temperature calorimetry set up,"origin: commercial source,99.9999 % (total),stated by supplier",99.9999,Not Specified %,1965
0.39,1.62E-05,4.86E-07,None kPa,N/A,15626,['C'],A,Low temperature calorimetry set up,"origin: commercial source,99.9999 % (total),stated by supplier",99.9999,Not Specified %,1965
0.4058,1.81E-05,5.42E-07,None kPa,N/A,15626,['C'],A,Low temperature calorimetry set up,"origin: commercial source,99.9999 % (total),stated by supplier",99.9999,Not Specified %,1965
0.4112,1.89E-05,5.68E-07,None kPa,N/A,15626,['C'],A,Low temperature calorimetry set up,"origin: commercial source,99.9999 % (total),stated by supplier",99.9999,Not Specified %,1965
0.4419,2.33E-05,6.98E-07,None kPa,N/A,15626,['C'],A,Low temperature calorimetry set up,"origin: commercial source,99.9999 % (total),stated by supplier",99.9999,Not Specified %,1965
0.4434,2.34E-05,7.02E-07,None kPa,N/A,15626,['C'],A,Low temperature calorimetry set up,"origin: commercial source,99.9999 % (total),stated by supplier",99.9999,Not Specified %,1965
0.4554,2.55E-05,7.66E-07,None kPa,N/A,15626,['C'],A,Low temperature calorimetry set up,"origin: commercial source,99.9999 % (total),stated by supplier",99.9999,Not Specified %,1965
0.4837,3.03E-05,9.10E-07,None kPa,N/A,15626,['C'],A,Low temperature calorimetry set up,"origin: commercial source,99.9999 % (total),stated by supplier",99.9999,Not Specified %,1965
0.515,3.70E-05,1.11E-06,None kPa,N/A,15626,['C'],A,Low temperature calorimetry set up,"origin: commercial source,99.9999 % (total),stated by supplier",99.9999,Not Specified %,1965
0.5383,4.30E-05,1.29E-06,None kPa,N/A,15626,['C'],A,Low temperature calorimetry set up,"origin: commercial source,99.9999 % (total),stated by supplier",99.9999,Not Specified %,1965
0.5749,5.46E-05,1.64E-06,None kPa,N/A,15626,['C'],A,Low temperature calorimetry set up,"origin: commercial source,99.9999 % (total),stated by supplier",99.9999,Not Specified %,1965
0.5826,5.66E-05,1.70E-06,None kPa,N/A,15626,['C'],A,Low temperature calorimetry set up,"origin: commercial source,99.9999 % (total),stated by supplier",99.9999,Not Specified %,1965
0.617,7.00E-05,2.10E-06,None kPa,N/A,15626,['C'],A,Low temperature calorimetry set up,"origin: commercial source,99.9999 % (total),stated by supplier",99.9999,Not Specified %,1965
0.6557,7.99E-05,2.40E-06,None kPa,N/A,15626,['C'],A,Low temperature calorimetry set up,"origin: commercial source,99.9999 % (total),stated by supplier",99.9999,Not Specified %,1965
0.7016,0.000115,3.45E-06,None kPa,N/A,15626,['C'],A,Low temperature calorimetry set up,"origin: commercial source,99.9999 % (total),stated by supplier",99.9999,Not Specified %,1965
0.7879,0.0001887,5.66E-06,None kPa,N/A,15626,['C'],A,Low temperature calorimetry set up,"origin: commercial source,99.9999 % (total),stated by supplier",99.9999,Not Specified %,1965
0.8596,0.0002714,8.14E-06,None kPa,N/A,15626,['C'],A,Low temperature calorimetry set up,"origin: commercial source,99.9999 % (total),stated by supplier",99.9999,Not Specified %,1965
0.9203,0.0003642,1.09E-05,None kPa,N/A,15626,['C'],A,Low temperature calorimetry set up,"origin: commercial source,99.9999 % (total),stated by supplier",99.9999,Not Specified %,1965
0.9564,0.0004271,1.28E-05,None kPa,N/A,15626,['C'],A,Low temperature calorimetry set up,"origin: commercial source,99.9999 % (total),stated by supplier",99.9999,Not Specified %,1965
1.061,0.0006489,1.95E-05,None kPa,N/A,15626,['C'],A,Low temperature calorimetry set up,"origin: commercial source,99.9999 % (total),stated by supplier",99.9999,Not Specified %,1965
0.09269,0.0001615,4.85E-06,None kPa,N/A,15627,['C'],A,Low temperature calorimetry set up,"origin: commercial source,99.9999 % (total),stated by supplier",99.9999,Not Specified %,1965
0.09474,0.0001645,4.94E-06,None kPa,N/A,15627,['C'],A,Low temperature calorimetry set up,"origin: commercial source,99.9999 % (total),stated by supplier",99.9999,Not Specified %,1965
0.09517,0.0001658,4.97E-06,None kPa,N/A,15627,['C'],A,Low temperature calorimetry set up,"origin: commercial source,99.9999 % (total),stated by supplier",99.9999,Not Specified %,1965
0.10373,0.0001754,5.26E-06,None kPa,N/A,15627,['C'],A,Low temperature calorimetry set up,"origin: commercial source,99.9999 % (total),stated by supplier",99.9999,Not Specified %,1965
0.1047,0.0001756,5.27E-06,None kPa,N/A,15627,['C'],A,Low temperature calorimetry set up,"origin: commercial source,99.9999 % (total),stated by supplier",99.9999,Not Specified %,1965
0.11136,0.0001887,5.66E-06,None kPa,N/A,15627,['C'],A,Low temperature calorimetry set up,"origin: commercial source,99.9999 % (total),stated by supplier",99.9999,Not Specified %,1965
0.11165,0.0001887,5.66E-06,None kPa,N/A,15627,['C'],A,Low temperature calorimetry set up,"origin: commercial source,99.9999 % (total),stated by supplier",99.9999,Not Specified %,1965
0.11734,0.0002043,6.13E-06,None kPa,N/A,15627,['C'],A,Low temperature calorimetry set up,"origin: commercial source,99.9999 % (total),stated by supplier",99.9999,Not Specified %,1965
0.11868,0.0002085,6.26E-06,None kPa,N/A,15627,['C'],A,Low temperature calorimetry set up,"origin: commercial source,99.9999 % (total),stated by supplier",99.9999,Not Specified %,1965
0.1217,0.0002162,6.49E-06,None kPa,N/A,15627,['C'],A,Low temperature calorimetry set up,"origin: commercial source,99.9999 % (total),stated by supplier",99.9999,Not Specified %,1965
0.1286,0.0002318,6.95E-06,None kPa,N/A,15627,['C'],A,Low temperature calorimetry set up,"origin: commercial source,99.9999 % (total),stated by supplier",99.9999,Not Specified %,1965
0.1315,0.0002369,7.11E-06,None kPa,N/A,15627,['C'],A,Low temperature calorimetry set up,"origin: commercial source,99.9999 % (total),stated by supplier",99.9999,Not Specified %,1965
0.1342,0.0002367,7.10E-06,None kPa,N/A,15627,['C'],A,Low temperature calorimetry set up,"origin: commercial source,99.9999 % (total),stated by supplier",99.9999,Not Specified %,1965
0.141,0.0002488,7.46E-06,None kPa,N/A,15627,['C'],A,Low temperature calorimetry set up,"origin: commercial source,99.9999 % (total),stated by supplier",99.9999,Not Specified %,1965
0.1453,0.0002555,7.67E-06,None kPa,N/A,15627,['C'],A,Low temperature calorimetry set up,"origin: commercial source,99.9999 % (total),stated by supplier",99.9999,Not Specified %,1965
0.148,0.0002597,7.79E-06,None kPa,N/A,15627,['C'],A,Low temperature calorimetry set up,"origin: commercial source,99.9999 % (total),stated by supplier",99.9999,Not Specified %,1965
0.1485,0.0002602,7.81E-06,None kPa,N/A,15627,['C'],A,Low temperature calorimetry set up,"origin: commercial source,99.9999 % (total),stated by supplier",99.9999,Not Specified %,1965
0.1603,0.0002797,8.39E-06,None kPa,N/A,15627,['C'],A,Low temperature calorimetry set up,"origin: commercial source,99.9999 % (total),stated by supplier",99.9999,Not Specified %,1965
0.1625,0.0002847,8.54E-06,None kPa,N/A,15627,['C'],A,Low temperature calorimetry set up,"origin: commercial source,99.9999 % (total),stated by supplier",99.9999,Not Specified %,1965
0.1652,0.00029,8.70E-06,None kPa,N/A,15627,['C'],A,Low temperature calorimetry set up,"origin: commercial source,99.9999 % (total),stated by supplier",99.9999,Not Specified %,1965
0.178,0.0003141,9.42E-06,None kPa,N/A,15627,['C'],A,Low temperature calorimetry set up,"origin: commercial source,99.9999 % (total),stated by supplier",99.9999,Not Specified %,1965
0.1821,0.0003204,9.61E-06,None kPa,N/A,15627,['C'],A,Low temperature calorimetry set up,"origin: commercial source,99.9999 % (total),stated by supplier",99.9999,Not Specified %,1965
0.1865,0.0003297,9.89E-06,None kPa,N/A,15627,['C'],A,Low temperature calorimetry set up,"origin: commercial source,99.9999 % (total),stated by supplier",99.9999,Not Specified %,1965
0.1966,0.0003493,1.05E-05,None kPa,N/A,15627,['C'],A,Low temperature calorimetry set up,"origin: commercial source,99.9999 % (total),stated by supplier",99.9999,Not Specified %,1965
0.2003,0.0003529,1.06E-05,None kPa,N/A,15627,['C'],A,Low temperature calorimetry set up,"origin: commercial source,99.9999 % (total),stated by supplier",99.9999,Not Specified %,1965
0.2051,0.0003646,1.09E-05,None kPa,N/A,15627,['C'],A,Low temperature calorimetry set up,"origin: commercial source,99.9999 % (total),stated by supplier",99.9999,Not Specified %,1965
0.2182,0.0003888,1.17E-05,None kPa,N/A,15627,['C'],A,Low temperature calorimetry set up,"origin: commercial source,99.9999 % (total),stated by supplier",99.9999,Not Specified %,1965
0.2204,0.0003913,1.17E-05,None kPa,N/A,15627,['C'],A,Low temperature calorimetry set up,"origin: commercial source,99.9999 % (total),stated by supplier",99.9999,Not Specified %,1965
0.2301,0.0004088,1.23E-05,None kPa,N/A,15627,['C'],A,Low temperature calorimetry set up,"origin: commercial source,99.9999 % (total),stated by supplier",99.9999,Not Specified %,1965
0.2402,0.0004266,1.28E-05,None kPa,N/A,15627,['C'],A,Low temperature calorimetry set up,"origin: commercial source,99.9999 % (total),stated by supplier",99.9999,Not Specified %,1965
0.2438,0.0004313,1.29E-05,None kPa,N/A,15627,['C'],A,Low temperature calorimetry set up,"origin: commercial source,99.9999 % (total),stated by supplier",99.9999,Not Specified %,1965
0.2594,0.0004616,1.38E-05,None kPa,N/A,15627,['C'],A,Low temperature calorimetry set up,"origin: commercial source,99.9999 % (total),stated by supplier",99.9999,Not Specified %,1965
0.2652,0.0004737,1.42E-05,None kPa,N/A,15627,['C'],A,Low temperature calorimetry set up,"origin: commercial source,99.9999 % (total),stated by supplier",99.9999,Not Specified %,1965
0.2888,0.0005148,1.54E-05,None kPa,N/A,15627,['C'],A,Low temperature calorimetry set up,"origin: commercial source,99.9999 % (total),stated by supplier",99.9999,Not Specified %,1965
0.2925,0.0005209,1.56E-05,None kPa,N/A,15627,['C'],A,Low temperature calorimetry set up,"origin: commercial source,99.9999 % (total),stated by supplier",99.9999,Not Specified %,1965
0.2978,0.0005301,1.59E-05,None kPa,N/A,15627,['C'],A,Low temperature calorimetry set up,"origin: commercial source,99.9999 % (total),stated by supplier",99.9999,Not Specified %,1965
0.3198,0.0005727,1.72E-05,None kPa,N/A,15627,['C'],A,Low temperature calorimetry set up,"origin: commercial source,99.9999 % (total),stated by supplier",99.9999,Not Specified %,1965
0.3592,0.0006647,1.99E-05,None kPa,N/A,15627,['C'],A,Low temperature calorimetry set up,"origin: commercial source,99.9999 % (total),stated by supplier",99.9999,Not Specified %,1965
0.355,0.0006362,1.91E-05,None kPa,N/A,15627,['C'],A,Low temperature calorimetry set up,"origin: commercial source,99.9999 % (total),stated by supplier",99.9999,Not Specified %,1965
0.3948,0.0007158,2.15E-05,None kPa,N/A,15627,['C'],A,Low temperature calorimetry set up,"origin: commercial source,99.9999 % (total),stated by supplier",99.9999,Not Specified %,1965
0.3973,0.0007153,2.15E-05,None kPa,N/A,15627,['C'],A,Low temperature calorimetry set up,"origin: commercial source,99.9999 % (total),stated by supplier",99.9999,Not Specified %,1965
0.4339,0.0007928,2.38E-05,None kPa,N/A,15627,['C'],A,Low temperature calorimetry set up,"origin: commercial source,99.9999 % (total),stated by supplier",99.9999,Not Specified %,1965
0.4408,0.0007998,2.40E-05,None kPa,N/A,15627,['C'],A,Low temperature calorimetry set up,"origin: commercial source,99.9999 % (total),stated by supplier",99.9999,Not Specified %,1965
0.4886,0.0008998,2.70E-05,None kPa,N/A,15627,['C'],A,Low temperature calorimetry set up,"origin: commercial source,99.9999 % (total),stated by supplier",99.9999,Not Specified %,1965
0.5137,0.0009439,2.83E-05,None kPa,N/A,15627,['C'],A,Low temperature calorimetry set up,"origin: commercial source,99.9999 % (total),stated by supplier",99.9999,Not Specified %,1965
0.5264,0.0009734,2.92E-05,None kPa,N/A,15627,['C'],A,Low temperature calorimetry set up,"origin: commercial source,99.9999 % (total),stated by supplier",99.9999,Not Specified %,1965
0.5423,0.001003,3.01E-05,None kPa,N/A,15627,['C'],A,Low temperature calorimetry set up,"origin: commercial source,99.9999 % (total),stated by supplier",99.9999,Not Specified %,1965
0.5681,0.001057,3.17E-05,None kPa,N/A,15627,['C'],A,Low temperature calorimetry set up,"origin: commercial source,99.9999 % (total),stated by supplier",99.9999,Not Specified %,1965
0.626,0.00118,3.54E-05,None kPa,N/A,15627,['C'],A,Low temperature calorimetry set up,"origin: commercial source,99.9999 % (total),stated by supplier",99.9999,Not Specified %,1965
0.6374,0.001204,3.61E-05,None kPa,N/A,15627,['C'],A,Low temperature calorimetry set up,"origin: commercial source,99.9999 % (total),stated by supplier",99.9999,Not Specified %,1965
0.6923,0.001319,3.96E-05,None kPa,N/A,15627,['C'],A,Low temperature calorimetry set up,"origin: commercial source,99.9999 % (total),stated by supplier",99.9999,Not Specified %,1965
0.6932,0.001325,3.98E-05,None kPa,N/A,15627,['C'],A,Low temperature calorimetry set up,"origin: commercial source,99.9999 % (total),stated by supplier",99.9999,Not Specified %,1965
0.7637,0.001473,4.42E-05,None kPa,N/A,15627,['C'],A,Low temperature calorimetry set up,"origin: commercial source,99.9999 % (total),stated by supplier",99.9999,Not Specified %,1965
0.8199,0.001597,4.79E-05,None kPa,N/A,15627,['C'],A,Low temperature calorimetry set up,"origin: commercial source,99.9999 % (total),stated by supplier",99.9999,Not Specified %,1965
0.8393,0.001643,4.93E-05,None kPa,N/A,15627,['C'],A,Low temperature calorimetry set up,"origin: commercial source,99.9999 % (total),stated by supplier",99.9999,Not Specified %,1965
0.8941,0.001774,5.32E-05,None kPa,N/A,15627,['C'],A,Low temperature calorimetry set up,"origin: commercial source,99.9999 % (total),stated by supplier",99.9999,Not Specified %,1965
0.9341,0.001862,5.59E-05,None kPa,N/A,15627,['C'],A,Low temperature calorimetry set up,"origin: commercial source,99.9999 % (total),stated by supplier",99.9999,Not Specified %,1965
0.9637,0.001944,5.83E-05,None kPa,N/A,15627,['C'],A,Low temperature calorimetry set up,"origin: commercial source,99.9999 % (total),stated by supplier",99.9999,Not Specified %,1965
1.032,0.002107,6.32E-05,None kPa,N/A,15627,['C'],A,Low temperature calorimetry set up,"origin: commercial source,99.9999 % (total),stated by supplier",99.9999,Not Specified %,1965
1.037,0.00211,6.33E-05,None kPa,N/A,15627,['C'],A,Low temperature calorimetry set up,"origin: commercial source,99.9999 % (total),stated by supplier",99.9999,Not Specified %,1965
1.126,0.002338,7.01E-05,None kPa,N/A,15627,['C'],A,Low temperature calorimetry set up,"origin: commercial source,99.9999 % (total),stated by supplier",99.9999,Not Specified %,1965
1,0.002012,1.01E-05,None kPa,N/A,18388,['C'],A,Vacuum adiabatic calorimetry,"not stated,99.999 % (total),stated by supplier",99.999,Not Specified %,1969
1.5,0.00351,1.76E-05,None kPa,N/A,18388,['C'],A,Vacuum adiabatic calorimetry,"not stated,99.999 % (total),stated by supplier",99.999,Not Specified %,1969
2,0.00562,2.81E-05,None kPa,N/A,18388,['C'],A,Vacuum adiabatic calorimetry,"not stated,99.999 % (total),stated by supplier",99.999,Not Specified %,1969
2.5,0.008632,4.32E-05,None kPa,N/A,18388,['C'],A,Vacuum adiabatic calorimetry,"not stated,99.999 % (total),stated by supplier",99.999,Not Specified %,1969
3,0.01299,6.50E-05,None kPa,N/A,18388,['C'],A,Vacuum adiabatic calorimetry,"not stated,99.999 % (total),stated by supplier",99.999,Not Specified %,1969
3.5,0.01946,9.73E-05,None kPa,N/A,18388,['C'],A,Vacuum adiabatic calorimetry,"not stated,99.999 % (total),stated by supplier",99.999,Not Specified %,1969
3.8,0.02487,0.00012435,None kPa,N/A,18388,['C'],A,Vacuum adiabatic calorimetry,"not stated,99.999 % (total),stated by supplier",99.999,Not Specified %,1969
4,0.02935,0.00014675,None kPa,N/A,18388,['C'],A,Vacuum adiabatic calorimetry,"not stated,99.999 % (total),stated by supplier",99.999,Not Specified %,1969
4.2,0.03471,0.00017355,None kPa,N/A,18388,['C'],A,Vacuum adiabatic calorimetry,"not stated,99.999 % (total),stated by supplier",99.999,Not Specified %,1969
4,0.02917,0.00014585,None kPa,N/A,18389,['C'],A,Vacuum adiabatic calorimetry,"not stated,99.999 % (total),stated by supplier",99.999,Not Specified %,1969
4.2,0.03444,0.0001722,None kPa,N/A,18389,['C'],A,Vacuum adiabatic calorimetry,"not stated,99.999 % (total),stated by supplier",99.999,Not Specified %,1969
5,0.06688,0.0003344,None kPa,N/A,18389,['C'],A,Vacuum adiabatic calorimetry,"not stated,99.999 % (total),stated by supplier",99.999,Not Specified %,1969
6,0.1415,0.0007075,None kPa,N/A,18389,['C'],A,Vacuum adiabatic calorimetry,"not stated,99.999 % (total),stated by supplier",99.999,Not Specified %,1969
7,0.2639,0.0013195,None kPa,N/A,18389,['C'],A,Vacuum adiabatic calorimetry,"not stated,99.999 % (total),stated by supplier",99.999,Not Specified %,1969
8,0.4388,0.002194,None kPa,N/A,18389,['C'],A,Vacuum adiabatic calorimetry,"not stated,99.999 % (total),stated by supplier",99.999,Not Specified %,1969
9,0.6634,0.003317,None kPa,N/A,18389,['C'],A,Vacuum adiabatic calorimetry,"not stated,99.999 % (total),stated by supplier",99.999,Not Specified %,1969
10,0.9297,0.0046485,None kPa,N/A,18389,['C'],A,Vacuum adiabatic calorimetry,"not stated,99.999 % (total),stated by supplier",99.999,Not Specified %,1969
11,1.229,0.006145,None kPa,N/A,18389,['C'],A,Vacuum adiabatic calorimetry,"not stated,99.999 % (total),stated by supplier",99.999,Not Specified %,1969
12,1.553,0.007765,None kPa,N/A,18389,['C'],A,Vacuum adiabatic calorimetry,"not stated,99.999 % (total),stated by supplier",99.999,Not Specified %,1969
13,1.896,0.00948,None kPa,N/A,18389,['C'],A,Vacuum adiabatic calorimetry,"not stated,99.999 % (total),stated by supplier",99.999,Not Specified %,1969
14,2.257,0.011285,None kPa,N/A,18389,['C'],A,Vacuum adiabatic calorimetry,"not stated,99.999 % (total),stated by supplier",99.999,Not Specified %,1969
15,2.629,0.013145,None kPa,N/A,18389,['C'],A,Vacuum adiabatic calorimetry,"not stated,99.999 % (total),stated by supplier",99.999,Not Specified %,1969
16,3.013,0.015065,None kPa,N/A,18389,['C'],A,Vacuum adiabatic calorimetry,"not stated,99.999 % (total),stated by supplier",99.999,Not Specified %,1969
17,3.407,0.017035,None kPa,N/A,18389,['C'],A,Vacuum adiabatic calorimetry,"not stated,99.999 % (total),stated by supplier",99.999,Not Specified %,1969
18,3.81,0.01905,None kPa,N/A,18389,['C'],A,Vacuum adiabatic calorimetry,"not stated,99.999 % (total),stated by supplier",99.999,Not Specified %,1969
19,4.215,0.021075,None kPa,N/A,18389,['C'],A,Vacuum adiabatic calorimetry,"not stated,99.999 % (total),stated by supplier",99.999,Not Specified %,1969
20,4.623,0.023115,None kPa,N/A,18389,['C'],A,Vacuum adiabatic calorimetry,"not stated,99.999 % (total),stated by supplier",99.999,Not Specified %,1969
21,5.031,0.025155,None kPa,N/A,18389,['C'],A,Vacuum adiabatic calorimetry,"not stated,99.999 % (total),stated by supplier",99.999,Not Specified %,1969
22,5.441,0.027205,None kPa,N/A,18389,['C'],A,Vacuum adiabatic calorimetry,"not stated,99.999 % (total),stated by supplier",99.999,Not Specified %,1969
23,5.851,0.029255,None kPa,N/A,18389,['C'],A,Vacuum adiabatic calorimetry,"not stated,99.999 % (total),stated by supplier",99.999,Not Specified %,1969
24,6.262,0.03131,None kPa,N/A,18389,['C'],A,Vacuum adiabatic calorimetry,"not stated,99.999 % (total),stated by supplier",99.999,Not Specified %,1969
25,6.673,0.033365,None kPa,N/A,18389,['C'],A,Vacuum adiabatic calorimetry,"not stated,99.999 % (total),stated by supplier",99.999,Not Specified %,1969
26,7.082,0.03541,None kPa,N/A,18389,['C'],A,Vacuum adiabatic calorimetry,"not stated,99.999 % (total),stated by supplier",99.999,Not Specified %,1969
27,7.489,0.037445,None kPa,N/A,18389,['C'],A,Vacuum adiabatic calorimetry,"not stated,99.999 % (total),stated by supplier",99.999,Not Specified %,1969
28,7.891,0.039455,None kPa,N/A,18389,['C'],A,Vacuum adiabatic calorimetry,"not stated,99.999 % (total),stated by supplier",99.999,Not Specified %,1969
29,8.289,0.041445,None kPa,N/A,18389,['C'],A,Vacuum adiabatic calorimetry,"not stated,99.999 % (total),stated by supplier",99.999,Not Specified %,1969
30,8.686,0.04343,None kPa,N/A,18389,['C'],A,Vacuum adiabatic calorimetry,"not stated,99.999 % (total),stated by supplier",99.999,Not Specified %,1969
0.8,0.000191,3.82E-06,None kPa,N/A,12639,['C'],A,Low temperature calorimetry set up,"not stated,99.990 % (total),",99.99,Not Specified %,1961
0.832,0.00023,4.60E-06,None kPa,N/A,12639,['C'],A,Low temperature calorimetry set up,"not stated,99.990 % (total),",99.99,Not Specified %,1961
0.875,0.000277,5.54E-06,None kPa,N/A,12639,['C'],A,Low temperature calorimetry set up,"not stated,99.990 % (total),",99.99,Not Specified %,1961
0.893,0.000304,6.08E-06,None kPa,N/A,12639,['C'],A,Low temperature calorimetry set up,"not stated,99.990 % (total),",99.99,Not Specified %,1961
0.928,0.000343,6.86E-06,None kPa,N/A,12639,['C'],A,Low temperature calorimetry set up,"not stated,99.990 % (total),",99.99,Not Specified %,1961
0.958,0.000368,7.36E-06,None kPa,N/A,12639,['C'],A,Low temperature calorimetry set up,"not stated,99.990 % (total),",99.99,Not Specified %,1961
0.98,0.0004,8.00E-06,None kPa,N/A,12639,['C'],A,Low temperature calorimetry set up,"not stated,99.990 % (total),",99.99,Not Specified %,1961
1.003,0.000461,9.22E-06,None kPa,N/A,12639,['C'],A,Low temperature calorimetry set up,"not stated,99.990 % (total),",99.99,Not Specified %,1961
1.025,0.000513,1.03E-05,None kPa,N/A,12639,['C'],A,Low temperature calorimetry set up,"not stated,99.990 % (total),",99.99,Not Specified %,1961
1.048,0.00052,1.04E-05,None kPa,N/A,12639,['C'],A,Low temperature calorimetry set up,"not stated,99.990 % (total),",99.99,Not Specified %,1961
1.07,0.000597,1.19E-05,None kPa,N/A,12639,['C'],A,Low temperature calorimetry set up,"not stated,99.990 % (total),",99.99,Not Specified %,1961
1.093,0.00067,1.34E-05,None kPa,N/A,12639,['C'],A,Low temperature calorimetry set up,"not stated,99.990 % (total),",99.99,Not Specified %,1961
1.114,0.000736,1.47E-05,None kPa,N/A,12639,['C'],A,Low temperature calorimetry set up,"not stated,99.990 % (total),",99.99,Not Specified %,1961
1.156,0.000853,1.71E-05,None kPa,N/A,12639,['C'],A,Low temperature calorimetry set up,"not stated,99.990 % (total),",99.99,Not Specified %,1961
1.178,0.000961,1.92E-05,None kPa,N/A,12639,['C'],A,Low temperature calorimetry set up,"not stated,99.990 % (total),",99.99,Not Specified %,1961
1.21,0.001056,2.11E-05,None kPa,N/A,12639,['C'],A,Low temperature calorimetry set up,"not stated,99.990 % (total),",99.99,Not Specified %,1961
1.236,0.00119,2.38E-05,None kPa,N/A,12639,['C'],A,Low temperature calorimetry set up,"not stated,99.990 % (total),",99.99,Not Specified %,1961
1.255,0.001259,2.52E-05,None kPa,N/A,12639,['C'],A,Low temperature calorimetry set up,"not stated,99.990 % (total),",99.99,Not Specified %,1961
1.308,0.001419,2.84E-05,None kPa,N/A,12639,['C'],A,Low temperature calorimetry set up,"not stated,99.990 % (total),",99.99,Not Specified %,1961
1.405,0.00184,3.68E-05,None kPa,N/A,12639,['C'],A,Low temperature calorimetry set up,"not stated,99.990 % (total),",99.99,Not Specified %,1961
1.57,0.0026,5.20E-05,None kPa,N/A,12639,['C'],A,Low temperature calorimetry set up,"not stated,99.990 % (total),",99.99,Not Specified %,1961
1.65,0.00325,6.50E-05,None kPa,N/A,12639,['C'],A,Low temperature calorimetry set up,"not stated,99.990 % (total),",99.99,Not Specified %,1961
1.741,0.00385,7.70E-05,None kPa,N/A,12639,['C'],A,Low temperature calorimetry set up,"not stated,99.990 % (total),",99.99,Not Specified %,1961
1.845,0.00449,8.98E-05,None kPa,N/A,12639,['C'],A,Low temperature calorimetry set up,"not stated,99.990 % (total),",99.99,Not Specified %,1961
1.937,0.00534,0.0001068,None kPa,N/A,12639,['C'],A,Low temperature calorimetry set up,"not stated,99.990 % (total),",99.99,Not Specified %,1961
2.057,0.00619,0.0001238,None kPa,N/A,12639,['C'],A,Low temperature calorimetry set up,"not stated,99.990 % (total),",99.99,Not Specified %,1961
0.604,0.001104,2.21E-05,None kPa,N/A,12640,['C'],A,Low temperature calorimetry set up,"not stated,99.990 % (total),",99.99,Not Specified %,1961
0.632,0.001142,2.28E-05,None kPa,N/A,12640,['C'],A,Low temperature calorimetry set up,"not stated,99.990 % (total),",99.99,Not Specified %,1961
0.655,0.00122,2.44E-05,None kPa,N/A,12640,['C'],A,Low temperature calorimetry set up,"not stated,99.990 % (total),",99.99,Not Specified %,1961
0.673,0.00126,2.52E-05,None kPa,N/A,12640,['C'],A,Low temperature calorimetry set up,"not stated,99.990 % (total),",99.99,Not Specified %,1961
0.692,0.001286,2.57E-05,None kPa,N/A,12640,['C'],A,Low temperature calorimetry set up,"not stated,99.990 % (total),",99.99,Not Specified %,1961
0.71,0.001335,2.67E-05,None kPa,N/A,12640,['C'],A,Low temperature calorimetry set up,"not stated,99.990 % (total),",99.99,Not Specified %,1961
0.727,0.001375,2.75E-05,None kPa,N/A,12640,['C'],A,Low temperature calorimetry set up,"not stated,99.990 % (total),",99.99,Not Specified %,1961
0.742,0.001378,2.76E-05,None kPa,N/A,12640,['C'],A,Low temperature calorimetry set up,"not stated,99.990 % (total),",99.99,Not Specified %,1961
0.757,0.00143,2.86E-05,None kPa,N/A,12640,['C'],A,Low temperature calorimetry set up,"not stated,99.990 % (total),",99.99,Not Specified %,1961
0.769,0.00145,2.90E-05,None kPa,N/A,12640,['C'],A,Low temperature calorimetry set up,"not stated,99.990 % (total),",99.99,Not Specified %,1961
0.783,0.00152,3.04E-05,None kPa,N/A,12640,['C'],A,Low temperature calorimetry set up,"not stated,99.990 % (total),",99.99,Not Specified %,1961
0.798,0.00152,3.04E-05,None kPa,N/A,12640,['C'],A,Low temperature calorimetry set up,"not stated,99.990 % (total),",99.99,Not Specified %,1961
0.817,0.00154,3.08E-05,None kPa,N/A,12640,['C'],A,Low temperature calorimetry set up,"not stated,99.990 % (total),",99.99,Not Specified %,1961
0.84,0.0016,3.20E-05,None kPa,N/A,12640,['C'],A,Low temperature calorimetry set up,"not stated,99.990 % (total),",99.99,Not Specified %,1961
0.865,0.00167,3.34E-05,None kPa,N/A,12640,['C'],A,Low temperature calorimetry set up,"not stated,99.990 % (total),",99.99,Not Specified %,1961
0.881,0.00168,3.36E-05,None kPa,N/A,12640,['C'],A,Low temperature calorimetry set up,"not stated,99.990 % (total),",99.99,Not Specified %,1961
0.912,0.00176,3.52E-05,None kPa,N/A,12640,['C'],A,Low temperature calorimetry set up,"not stated,99.990 % (total),",99.99,Not Specified %,1961
0.93,0.00178,3.56E-05,None kPa,N/A,12640,['C'],A,Low temperature calorimetry set up,"not stated,99.990 % (total),",99.99,Not Specified %,1961
0.966,0.00188,3.76E-05,None kPa,N/A,12640,['C'],A,Low temperature calorimetry set up,"not stated,99.990 % (total),",99.99,Not Specified %,1961
0.989,0.00194,3.88E-05,None kPa,N/A,12640,['C'],A,Low temperature calorimetry set up,"not stated,99.990 % (total),",99.99,Not Specified %,1961
1.021,0.00205,4.10E-05,None kPa,N/A,12640,['C'],A,Low temperature calorimetry set up,"not stated,99.990 % (total),",99.99,Not Specified %,1961
1.057,0.00215,4.30E-05,None kPa,N/A,12640,['C'],A,Low temperature calorimetry set up,"not stated,99.990 % (total),",99.99,Not Specified %,1961
1.079,0.00221,4.42E-05,None kPa,N/A,12640,['C'],A,Low temperature calorimetry set up,"not stated,99.990 % (total),",99.99,Not Specified %,1961
1.118,0.0023,4.60E-05,None kPa,N/A,12640,['C'],A,Low temperature calorimetry set up,"not stated,99.990 % (total),",99.99,Not Specified %,1961
1.183,0.00249,4.98E-05,None kPa,N/A,12640,['C'],A,Low temperature calorimetry set up,"not stated,99.990 % (total),",99.99,Not Specified %,1961
1.245,0.00264,5.28E-05,None kPa,N/A,12640,['C'],A,Low temperature calorimetry set up,"not stated,99.990 % (total),",99.99,Not Specified %,1961
1.47,0.00339,6.78E-05,None kPa,N/A,12640,['C'],A,Low temperature calorimetry set up,"not stated,99.990 % (total),",99.99,Not Specified %,1961
1.653,0.00407,8.14E-05,None kPa,N/A,12640,['C'],A,Low temperature calorimetry set up,"not stated,99.990 % (total),",99.99,Not Specified %,1961
1.2,0.002603,2.60E-05,None kPa,N/A,12875,['C'],A,Low temperature calorimetry set up,"not stated,99.99 % (total),,ingot",99.99,Not Specified %,1962
1.3,0.002903,2.90E-05,None kPa,N/A,12875,['C'],A,Low temperature calorimetry set up,"not stated,99.99 % (total),,ingot",99.99,Not Specified %,1962
1.4,0.003223,3.22E-05,None kPa,N/A,12875,['C'],A,Low temperature calorimetry set up,"not stated,99.99 % (total),,ingot",99.99,Not Specified %,1962
1.5,0.003565,3.57E-05,None kPa,N/A,12875,['C'],A,Low temperature calorimetry set up,"not stated,99.99 % (total),,ingot",99.99,Not Specified %,1962
1.6,0.003929,3.93E-05,None kPa,N/A,12875,['C'],A,Low temperature calorimetry set up,"not stated,99.99 % (total),,ingot",99.99,Not Specified %,1962
1.7,0.004319,4.32E-05,None kPa,N/A,12875,['C'],A,Low temperature calorimetry set up,"not stated,99.99 % (total),,ingot",99.99,Not Specified %,1962
1.8,0.004734,4.73E-05,None kPa,N/A,12875,['C'],A,Low temperature calorimetry set up,"not stated,99.99 % (total),,ingot",99.99,Not Specified %,1962
1.9,0.005177,5.18E-05,None kPa,N/A,12875,['C'],A,Low temperature calorimetry set up,"not stated,99.99 % (total),,ingot",99.99,Not Specified %,1962
2,0.00565,5.65E-05,None kPa,N/A,12875,['C'],A,Low temperature calorimetry set up,"not stated,99.99 % (total),,ingot",99.99,Not Specified %,1962
2.1,0.006153,6.15E-05,None kPa,N/A,12875,['C'],A,Low temperature calorimetry set up,"not stated,99.99 % (total),,ingot",99.99,Not Specified %,1962
2.2,0.006688,6.69E-05,None kPa,N/A,12875,['C'],A,Low temperature calorimetry set up,"not stated,99.99 % (total),,ingot",99.99,Not Specified %,1962
332.53,27.7249,0.554497,None kPa,N/A,17806,['C'],A,DSC,"origin: commercial source,99.999 % (total),stated by supplier,chunk",99.999,Not Specified %,1968
336.01,27.701,0.55402,None kPa,N/A,17806,['C'],A,DSC,"origin: commercial source,99.999 % (total),stated by supplier,chunk",99.999,Not Specified %,1968
341.15,27.7608,0.555217,None kPa,N/A,17806,['C'],A,DSC,"origin: commercial source,99.999 % (total),stated by supplier,chunk",99.999,Not Specified %,1968
345.88,27.6491,0.552983,None kPa,N/A,17806,['C'],A,DSC,"origin: commercial source,99.999 % (total),stated by supplier,chunk",99.999,Not Specified %,1968
346.5,27.9424,0.558849,None kPa,N/A,17806,['C'],A,DSC,"origin: commercial source,99.999 % (total),stated by supplier,chunk",99.999,Not Specified %,1968
351.6,27.76,0.5552,None kPa,N/A,17806,['C'],A,DSC,"origin: commercial source,99.999 % (total),stated by supplier,chunk",99.999,Not Specified %,1968
355.03,27.9483,0.558966,None kPa,N/A,17806,['C'],A,DSC,"origin: commercial source,99.999 % (total),stated by supplier,chunk",99.999,Not Specified %,1968
355.68,27.8684,0.557367,None kPa,N/A,17806,['C'],A,DSC,"origin: commercial source,99.999 % (total),stated by supplier,chunk",99.999,Not Specified %,1968
360.68,27.8525,0.557049,None kPa,N/A,17806,['C'],A,DSC,"origin: commercial source,99.999 % (total),stated by supplier,chunk",99.999,Not Specified %,1968
365.39,28.0215,0.56043,None kPa,N/A,17806,['C'],A,DSC,"origin: commercial source,99.999 % (total),stated by supplier,chunk",99.999,Not Specified %,1968
370.03,27.9838,0.559677,None kPa,N/A,17806,['C'],A,DSC,"origin: commercial source,99.999 % (total),stated by supplier,chunk",99.999,Not Specified %,1968
374.41,28.2868,0.565735,None kPa,N/A,17806,['C'],A,DSC,"origin: commercial source,99.999 % (total),stated by supplier,chunk",99.999,Not Specified %,1968
379.21,28.4048,0.568095,None kPa,N/A,17806,['C'],A,DSC,"origin: commercial source,99.999 % (total),stated by supplier,chunk",99.999,Not Specified %,1968
379.51,28.1236,0.562472,None kPa,N/A,17806,['C'],A,DSC,"origin: commercial source,99.999 % (total),stated by supplier,chunk",99.999,Not Specified %,1968
383.56,28.4951,0.569903,None kPa,N/A,17806,['C'],A,DSC,"origin: commercial source,99.999 % (total),stated by supplier,chunk",99.999,Not Specified %,1968
383.99,28.3822,0.567643,None kPa,N/A,17806,['C'],A,DSC,"origin: commercial source,99.999 % (total),stated by supplier,chunk",99.999,Not Specified %,1968
388.38,28.5048,0.570095,None kPa,N/A,17806,['C'],A,DSC,"origin: commercial source,99.999 % (total),stated by supplier,chunk",99.999,Not Specified %,1968
392.56,28.4579,0.569158,None kPa,N/A,17806,['C'],A,DSC,"origin: commercial source,99.999 % (total),stated by supplier,chunk",99.999,Not Specified %,1968
397.12,28.716,0.574321,None kPa,N/A,17806,['C'],A,DSC,"origin: commercial source,99.999 % (total),stated by supplier,chunk",99.999,Not Specified %,1968
406.35,28.829,0.57658,None kPa,N/A,17806,['C'],A,DSC,"origin: commercial source,99.999 % (total),stated by supplier,chunk",99.999,Not Specified %,1968
411.45,28.8755,0.577509,None kPa,N/A,17806,['C'],A,DSC,"origin: commercial source,99.999 % (total),stated by supplier,chunk",99.999,Not Specified %,1968
412.17,29.0043,0.580086,None kPa,N/A,17806,['C'],A,DSC,"origin: commercial source,99.999 % (total),stated by supplier,chunk",99.999,Not Specified %,1968
416.24,29.0232,0.580463,None kPa,N/A,17806,['C'],A,DSC,"origin: commercial source,99.999 % (total),stated by supplier,chunk",99.999,Not Specified %,1968
420.55,29.3127,0.586254,None kPa,N/A,17806,['C'],A,DSC,"origin: commercial source,99.999 % (total),stated by supplier,chunk",99.999,Not Specified %,1968
430.71,29.337,0.586739,None kPa,N/A,17806,['C'],A,DSC,"origin: commercial source,99.999 % (total),stated by supplier,chunk",99.999,Not Specified %,1968
435.52,29.2633,0.585266,None kPa,N/A,17806,['C'],A,DSC,"origin: commercial source,99.999 % (total),stated by supplier,chunk",99.999,Not Specified %,1968
438.78,29.4252,0.588505,None kPa,N/A,17806,['C'],A,DSC,"origin: commercial source,99.999 % (total),stated by supplier,chunk",99.999,Not Specified %,1968
444.75,29.4177,0.588354,None kPa,N/A,17806,['C'],A,DSC,"origin: commercial source,99.999 % (total),stated by supplier,chunk",99.999,Not Specified %,1968
450.12,29.7097,0.594195,None kPa,N/A,17806,['C'],A,DSC,"origin: commercial source,99.999 % (total),stated by supplier,chunk",99.999,Not Specified %,1968
450.42,29.5583,0.591166,None kPa,N/A,17806,['C'],A,DSC,"origin: commercial source,99.999 % (total),stated by supplier,chunk",99.999,Not Specified %,1968
455.66,29.5951,0.591902,None kPa,N/A,17806,['C'],A,DSC,"origin: commercial source,99.999 % (total),stated by supplier,chunk",99.999,Not Specified %,1968
460.24,29.734,0.59468,None kPa,N/A,17806,['C'],A,DSC,"origin: commercial source,99.999 % (total),stated by supplier,chunk",99.999,Not Specified %,1968
463.8,29.8541,0.597082,None kPa,N/A,17806,['C'],A,DSC,"origin: commercial source,99.999 % (total),stated by supplier,chunk",99.999,Not Specified %,1968
469.34,30.2269,0.604538,None kPa,N/A,17806,['C'],A,DSC,"origin: commercial source,99.999 % (total),stated by supplier,chunk",99.999,Not Specified %,1968
472.76,30.1775,0.60355,None kPa,N/A,17806,['C'],A,DSC,"origin: commercial source,99.999 % (total),stated by supplier,chunk",99.999,Not Specified %,1968
479.34,30.4139,0.608278,None kPa,N/A,17806,['C'],A,DSC,"origin: commercial source,99.999 % (total),stated by supplier,chunk",99.999,Not Specified %,1968
479.41,30.3407,0.606814,None kPa,N/A,17806,['C'],A,DSC,"origin: commercial source,99.999 % (total),stated by supplier,chunk",99.999,Not Specified %,1968
484.21,30.4729,0.609458,None kPa,N/A,17806,['C'],A,DSC,"origin: commercial source,99.999 % (total),stated by supplier,chunk",99.999,Not Specified %,1968
488.71,30.5942,0.611885,None kPa,N/A,17806,['C'],A,DSC,"origin: commercial source,99.999 % (total),stated by supplier,chunk",99.999,Not Specified %,1968
489.45,30.521,0.610421,None kPa,N/A,17806,['C'],A,DSC,"origin: commercial source,99.999 % (total),stated by supplier,chunk",99.999,Not Specified %,1968
493.08,30.657,0.61314,None kPa,N/A,17806,['C'],A,DSC,"origin: commercial source,99.999 % (total),stated by supplier,chunk",99.999,Not Specified %,1968
497.98,30.8072,0.616144,None kPa,N/A,17806,['C'],A,DSC,"origin: commercial source,99.999 % (total),stated by supplier,chunk",99.999,Not Specified %,1968
503.59,30.8147,0.616295,None kPa,N/A,17806,['C'],A,DSC,"origin: commercial source,99.999 % (total),stated by supplier,chunk",99.999,Not Specified %,1968
327.89,27.5939,0.551878,None kPa,N/A,17807,['C'],A,DSC,"origin: commercial source,99.999 % (total),stated by supplier,powder",99.999,Not Specified %,1968
335.46,27.6102,0.552204,None kPa,N/A,17807,['C'],A,DSC,"origin: commercial source,99.999 % (total),stated by supplier,powder",99.999,Not Specified %,1968
335.84,27.8044,0.556087,None kPa,N/A,17807,['C'],A,DSC,"origin: commercial source,99.999 % (total),stated by supplier,powder",99.999,Not Specified %,1968
346.29,27.8571,0.557141,None kPa,N/A,17807,['C'],A,DSC,"origin: commercial source,99.999 % (total),stated by supplier,powder",99.999,Not Specified %,1968
352.12,27.7931,0.555861,None kPa,N/A,17807,['C'],A,DSC,"origin: commercial source,99.999 % (total),stated by supplier,powder",99.999,Not Specified %,1968
355.63,28.0449,0.560899,None kPa,N/A,17807,['C'],A,DSC,"origin: commercial source,99.999 % (total),stated by supplier,powder",99.999,Not Specified %,1968
357.02,27.9303,0.558606,None kPa,N/A,17807,['C'],A,DSC,"origin: commercial source,99.999 % (total),stated by supplier,powder",99.999,Not Specified %,1968
365.16,28.1583,0.563166,None kPa,N/A,17807,['C'],A,DSC,"origin: commercial source,99.999 % (total),stated by supplier,powder",99.999,Not Specified %,1968
369.21,28.0483,0.560966,None kPa,N/A,17807,['C'],A,DSC,"origin: commercial source,99.999 % (total),stated by supplier,powder",99.999,Not Specified %,1968
374.37,28.1198,0.562397,None kPa,N/A,17807,['C'],A,DSC,"origin: commercial source,99.999 % (total),stated by supplier,powder",99.999,Not Specified %,1968
374.39,28.4177,0.568355,None kPa,N/A,17807,['C'],A,DSC,"origin: commercial source,99.999 % (total),stated by supplier,powder",99.999,Not Specified %,1968
383.84,28.5817,0.571635,None kPa,N/A,17807,['C'],A,DSC,"origin: commercial source,99.999 % (total),stated by supplier,powder",99.999,Not Specified %,1968
388.57,28.5884,0.571769,None kPa,N/A,17807,['C'],A,DSC,"origin: commercial source,99.999 % (total),stated by supplier,powder",99.999,Not Specified %,1968
389.99,28.629,0.57258,None kPa,N/A,17807,['C'],A,DSC,"origin: commercial source,99.999 % (total),stated by supplier,powder",99.999,Not Specified %,1968
392.13,28.7378,0.574756,None kPa,N/A,17807,['C'],A,DSC,"origin: commercial source,99.999 % (total),stated by supplier,powder",99.999,Not Specified %,1968
396.76,28.624,0.57248,None kPa,N/A,17807,['C'],A,DSC,"origin: commercial source,99.999 % (total),stated by supplier,powder",99.999,Not Specified %,1968
399.99,28.7499,0.574999,None kPa,N/A,17807,['C'],A,DSC,"origin: commercial source,99.999 % (total),stated by supplier,powder",99.999,Not Specified %,1968
400.95,28.6261,0.572522,None kPa,N/A,17807,['C'],A,DSC,"origin: commercial source,99.999 % (total),stated by supplier,powder",99.999,Not Specified %,1968
406.29,28.7077,0.574154,None kPa,N/A,17807,['C'],A,DSC,"origin: commercial source,99.999 % (total),stated by supplier,powder",99.999,Not Specified %,1968
411.14,29.0449,0.580898,None kPa,N/A,17807,['C'],A,DSC,"origin: commercial source,99.999 % (total),stated by supplier,powder",99.999,Not Specified %,1968
415.81,28.9102,0.578204,None kPa,N/A,17807,['C'],A,DSC,"origin: commercial source,99.999 % (total),stated by supplier,powder",99.999,Not Specified %,1968
419.87,29.1725,0.58345,None kPa,N/A,17807,['C'],A,DSC,"origin: commercial source,99.999 % (total),stated by supplier,powder",99.999,Not Specified %,1968
420.21,29.042,0.58084,None kPa,N/A,17807,['C'],A,DSC,"origin: commercial source,99.999 % (total),stated by supplier,powder",99.999,Not Specified %,1968
426.28,29.1227,0.582455,None kPa,N/A,17807,['C'],A,DSC,"origin: commercial source,99.999 % (total),stated by supplier,powder",99.999,Not Specified %,1968
429.66,29.2353,0.584706,None kPa,N/A,17807,['C'],A,DSC,"origin: commercial source,99.999 % (total),stated by supplier,powder",99.999,Not Specified %,1968
430.29,29.1516,0.583032,None kPa,N/A,17807,['C'],A,DSC,"origin: commercial source,99.999 % (total),stated by supplier,powder",99.999,Not Specified %,1968
435.06,29.0905,0.58181,None kPa,N/A,17807,['C'],A,DSC,"origin: commercial source,99.999 % (total),stated by supplier,powder",99.999,Not Specified %,1968
440.37,29.1847,0.583693,None kPa,N/A,17807,['C'],A,DSC,"origin: commercial source,99.999 % (total),stated by supplier,powder",99.999,Not Specified %,1968
441.95,29.4323,0.588647,None kPa,N/A,17807,['C'],A,DSC,"origin: commercial source,99.999 % (total),stated by supplier,powder",99.999,Not Specified %,1968
444.88,29.1842,0.583685,None kPa,N/A,17807,['C'],A,DSC,"origin: commercial source,99.999 % (total),stated by supplier,powder",99.999,Not Specified %,1968
455.27,29.4211,0.588421,None kPa,N/A,17807,['C'],A,DSC,"origin: commercial source,99.999 % (total),stated by supplier,powder",99.999,Not Specified %,1968
459.83,29.8779,0.597559,None kPa,N/A,17807,['C'],A,DSC,"origin: commercial source,99.999 % (total),stated by supplier,powder",99.999,Not Specified %,1968
460.15,29.4202,0.588404,None kPa,N/A,17807,['C'],A,DSC,"origin: commercial source,99.999 % (total),stated by supplier,powder",99.999,Not Specified %,1968
464.62,29.5704,0.591408,None kPa,N/A,17807,['C'],A,DSC,"origin: commercial source,99.999 % (total),stated by supplier,powder",99.999,Not Specified %,1968
469.16,30.1361,0.602722,None kPa,N/A,17807,['C'],A,DSC,"origin: commercial source,99.999 % (total),stated by supplier,powder",99.999,Not Specified %,1968
473.03,30.0474,0.600948,None kPa,N/A,17807,['C'],A,DSC,"origin: commercial source,99.999 % (total),stated by supplier,powder",99.999,Not Specified %,1968
478.86,29.965,0.599299,None kPa,N/A,17807,['C'],A,DSC,"origin: commercial source,99.999 % (total),stated by supplier,powder",99.999,Not Specified %,1968
483.9,30.2194,0.604387,None kPa,N/A,17807,['C'],A,DSC,"origin: commercial source,99.999 % (total),stated by supplier,powder",99.999,Not Specified %,1968
489.36,30.1984,0.603969,None kPa,N/A,17807,['C'],A,DSC,"origin: commercial source,99.999 % (total),stated by supplier,powder",99.999,Not Specified %,1968
489.47,30.3445,0.606889,None kPa,N/A,17807,['C'],A,DSC,"origin: commercial source,99.999 % (total),stated by supplier,powder",99.999,Not Specified %,1968
493.63,30.6131,0.612261,None kPa,N/A,17807,['C'],A,DSC,"origin: commercial source,99.999 % (total),stated by supplier,powder",99.999,Not Specified %,1968
498.08,30.9813,0.619625,None kPa,N/A,17807,['C'],A,DSC,"origin: commercial source,99.999 % (total),stated by supplier,powder",99.999,Not Specified %,1968
498.56,30.8574,0.617148,None kPa,N/A,17807,['C'],A,DSC,"origin: commercial source,99.999 % (total),stated by supplier,powder",99.999,Not Specified %,1968
503.32,30.9905,0.619809,None kPa,N/A,17807,['C'],A,DSC,"origin: commercial source,99.999 % (total),stated by supplier,powder",99.999,Not Specified %,1968
1,0.002012,1.01E-05,None kPa,N/A,18388,['C'],A,Vacuum adiabatic calorimetry,"not stated,99.999 % (total),stated by supplier",99.999,Not Specified %,1969
1.5,0.00351,1.76E-05,None kPa,N/A,18388,['C'],A,Vacuum adiabatic calorimetry,"not stated,99.999 % (total),stated by supplier",99.999,Not Specified %,1969
2,0.00562,2.81E-05,None kPa,N/A,18388,['C'],A,Vacuum adiabatic calorimetry,"not stated,99.999 % (total),stated by supplier",99.999,Not Specified %,1969
2.5,0.008632,4.32E-05,None kPa,N/A,18388,['C'],A,Vacuum adiabatic calorimetry,"not stated,99.999 % (total),stated by supplier",99.999,Not Specified %,1969
3,0.01299,6.50E-05,None kPa,N/A,18388,['C'],A,Vacuum adiabatic calorimetry,"not stated,99.999 % (total),stated by supplier",99.999,Not Specified %,1969
3.5,0.01946,9.73E-05,None kPa,N/A,18388,['C'],A,Vacuum adiabatic calorimetry,"not stated,99.999 % (total),stated by supplier",99.999,Not Specified %,1969
3.8,0.02487,0.00012435,None kPa,N/A,18388,['C'],A,Vacuum adiabatic calorimetry,"not stated,99.999 % (total),stated by supplier",99.999,Not Specified %,1969
4,0.02935,0.00014675,None kPa,N/A,18388,['C'],A,Vacuum adiabatic calorimetry,"not stated,99.999 % (total),stated by supplier",99.999,Not Specified %,1969
4.2,0.03471,0.00017355,None kPa,N/A,18388,['C'],A,Vacuum adiabatic calorimetry,"not stated,99.999 % (total),stated by supplier",99.999,Not Specified %,1969
4,0.02917,0.00014585,None kPa,N/A,18389,['C'],A,Vacuum adiabatic calorimetry,"not stated,99.999 % (total),stated by supplier",99.999,Not Specified %,1969
4.2,0.03444,0.0001722,None kPa,N/A,18389,['C'],A,Vacuum adiabatic calorimetry,"not stated,99.999 % (total),stated by supplier",99.999,Not Specified %,1969
5,0.06688,0.0003344,None kPa,N/A,18389,['C'],A,Vacuum adiabatic calorimetry,"not stated,99.999 % (total),stated by supplier",99.999,Not Specified %,1969
6,0.1415,0.0007075,None kPa,N/A,18389,['C'],A,Vacuum adiabatic calorimetry,"not stated,99.999 % (total),stated by supplier",99.999,Not Specified %,1969
7,0.2639,0.0013195,None kPa,N/A,18389,['C'],A,Vacuum adiabatic calorimetry,"not stated,99.999 % (total),stated by supplier",99.999,Not Specified %,1969
8,0.4388,0.002194,None kPa,N/A,18389,['C'],A,Vacuum adiabatic calorimetry,"not stated,99.999 % (total),stated by supplier",99.999,Not Specified %,1969
9,0.6634,0.003317,None kPa,N/A,18389,['C'],A,Vacuum adiabatic calorimetry,"not stated,99.999 % (total),stated by supplier",99.999,Not Specified %,1969
10,0.9297,0.0046485,None kPa,N/A,18389,['C'],A,Vacuum adiabatic calorimetry,"not stated,99.999 % (total),stated by supplier",99.999,Not Specified %,1969
11,1.229,0.006145,None kPa,N/A,18389,['C'],A,Vacuum adiabatic calorimetry,"not stated,99.999 % (total),stated by supplier",99.999,Not Specified %,1969
12,1.553,0.007765,None kPa,N/A,18389,['C'],A,Vacuum adiabatic calorimetry,"not stated,99.999 % (total),stated by supplier",99.999,Not Specified %,1969
13,1.896,0.00948,None kPa,N/A,18389,['C'],A,Vacuum adiabatic calorimetry,"not stated,99.999 % (total),stated by supplier",99.999,Not Specified %,1969
14,2.257,0.011285,None kPa,N/A,18389,['C'],A,Vacuum adiabatic calorimetry,"not stated,99.999 % (total),stated by supplier",99.999,Not Specified %,1969
15,2.629,0.013145,None kPa,N/A,18389,['C'],A,Vacuum adiabatic calorimetry,"not stated,99.999 % (total),stated by supplier",99.999,Not Specified %,1969
16,3.013,0.015065,None kPa,N/A,18389,['C'],A,Vacuum adiabatic calorimetry,"not stated,99.999 % (total),stated by supplier",99.999,Not Specified %,1969
17,3.407,0.017035,None kPa,N/A,18389,['C'],A,Vacuum adiabatic calorimetry,"not stated,99.999 % (total),stated by supplier",99.999,Not Specified %,1969
18,3.81,0.01905,None kPa,N/A,18389,['C'],A,Vacuum adiabatic calorimetry,"not stated,99.999 % (total),stated by supplier",99.999,Not Specified %,1969
19,4.215,0.021075,None kPa,N/A,18389,['C'],A,Vacuum adiabatic calorimetry,"not stated,99.999 % (total),stated by supplier",99.999,Not Specified %,1969
20,4.623,0.023115,None kPa,N/A,18389,['C'],A,Vacuum adiabatic calorimetry,"not stated,99.999 % (total),stated by supplier",99.999,Not Specified %,1969
21,5.031,0.025155,None kPa,N/A,18389,['C'],A,Vacuum adiabatic calorimetry,"not stated,99.999 % (total),stated by supplier",99.999,Not Specified %,1969
22,5.441,0.027205,None kPa,N/A,18389,['C'],A,Vacuum adiabatic calorimetry,"not stated,99.999 % (total),stated by supplier",99.999,Not Specified %,1969
23,5.851,0.029255,None kPa,N/A,18389,['C'],A,Vacuum adiabatic calorimetry,"not stated,99.999 % (total),stated by supplier",99.999,Not Specified %,1969
24,6.262,0.03131,None kPa,N/A,18389,['C'],A,Vacuum adiabatic calorimetry,"not stated,99.999 % (total),stated by supplier",99.999,Not Specified %,1969
25,6.673,0.033365,None kPa,N/A,18389,['C'],A,Vacuum adiabatic calorimetry,"not stated,99.999 % (total),stated by supplier",99.999,Not Specified %,1969
26,7.082,0.03541,None kPa,N/A,18389,['C'],A,Vacuum adiabatic calorimetry,"not stated,99.999 % (total),stated by supplier",99.999,Not Specified %,1969
27,7.489,0.037445,None kPa,N/A,18389,['C'],A,Vacuum adiabatic calorimetry,"not stated,99.999 % (total),stated by supplier",99.999,Not Specified %,1969
28,7.891,0.039455,None kPa,N/A,18389,['C'],A,Vacuum adiabatic calorimetry,"not stated,99.999 % (total),stated by supplier",99.999,Not Specified %,1969
29,8.289,0.041445,None kPa,N/A,18389,['C'],A,Vacuum adiabatic calorimetry,"not stated,99.999 % (total),stated by supplier",99.999,Not Specified %,1969
30,8.686,0.04343,None kPa,N/A,18389,['C'],A,Vacuum adiabatic calorimetry,"not stated,99.999 % (total),stated by supplier",99.999,Not Specified %,1969
182.875,25.2335,0.252335,None kPa,N/A,20588,['C'],A,Vacuum adiabatic calorimetry,"origin: commercial source,99.999 weight % (total),stated by supplier",99.999,Weight %,1972
188.791,25.3853,0.253853,None kPa,N/A,20588,['C'],A,Vacuum adiabatic calorimetry,"origin: commercial source,99.999 weight % (total),stated by supplier",99.999,Weight %,1972
193.306,25.5098,0.255098,None kPa,N/A,20588,['C'],A,Vacuum adiabatic calorimetry,"origin: commercial source,99.999 weight % (total),stated by supplier",99.999,Weight %,1972
198.91,25.523,0.25523,None kPa,N/A,20588,['C'],A,Vacuum adiabatic calorimetry,"origin: commercial source,99.999 weight % (total),stated by supplier",99.999,Weight %,1972
203.114,25.6612,0.256612,None kPa,N/A,20588,['C'],A,Vacuum adiabatic calorimetry,"origin: commercial source,99.999 weight % (total),stated by supplier",99.999,Weight %,1972
208.952,25.7037,0.257037,None kPa,N/A,20588,['C'],A,Vacuum adiabatic calorimetry,"origin: commercial source,99.999 weight % (total),stated by supplier",99.999,Weight %,1972
213.389,25.8458,0.258458,None kPa,N/A,20588,['C'],A,Vacuum adiabatic calorimetry,"origin: commercial source,99.999 weight % (total),stated by supplier",99.999,Weight %,1972
218.838,25.8707,0.258707,None kPa,N/A,20588,['C'],A,Vacuum adiabatic calorimetry,"origin: commercial source,99.999 weight % (total),stated by supplier",99.999,Weight %,1972
227.556,26.0086,0.260086,None kPa,N/A,20588,['C'],A,Vacuum adiabatic calorimetry,"origin: commercial source,99.999 weight % (total),stated by supplier",99.999,Weight %,1972
232.849,26.1194,0.261194,None kPa,N/A,20588,['C'],A,Vacuum adiabatic calorimetry,"origin: commercial source,99.999 weight % (total),stated by supplier",99.999,Weight %,1972
237.753,26.1736,0.261736,None kPa,N/A,20588,['C'],A,Vacuum adiabatic calorimetry,"origin: commercial source,99.999 weight % (total),stated by supplier",99.999,Weight %,1972
242.813,26.2669,0.262669,None kPa,N/A,20588,['C'],A,Vacuum adiabatic calorimetry,"origin: commercial source,99.999 weight % (total),stated by supplier",99.999,Weight %,1972
247.95,26.3446,0.263446,None kPa,N/A,20588,['C'],A,Vacuum adiabatic calorimetry,"origin: commercial source,99.999 weight % (total),stated by supplier",99.999,Weight %,1972
252.776,26.4008,0.264008,None kPa,N/A,20588,['C'],A,Vacuum adiabatic calorimetry,"origin: commercial source,99.999 weight % (total),stated by supplier",99.999,Weight %,1972
257.914,26.4823,0.264823,None kPa,N/A,20588,['C'],A,Vacuum adiabatic calorimetry,"origin: commercial source,99.999 weight % (total),stated by supplier",99.999,Weight %,1972
262.818,26.5346,0.265346,None kPa,N/A,20588,['C'],A,Vacuum adiabatic calorimetry,"origin: commercial source,99.999 weight % (total),stated by supplier",99.999,Weight %,1972
268.578,26.5907,0.265907,None kPa,N/A,20588,['C'],A,Vacuum adiabatic calorimetry,"origin: commercial source,99.999 weight % (total),stated by supplier",99.999,Weight %,1972
278.697,26.7207,0.267207,None kPa,N/A,20588,['C'],A,Vacuum adiabatic calorimetry,"origin: commercial source,99.999 weight % (total),stated by supplier",99.999,Weight %,1972
283.835,26.8569,0.268569,None kPa,N/A,20588,['C'],A,Vacuum adiabatic calorimetry,"origin: commercial source,99.999 weight % (total),stated by supplier",99.999,Weight %,1972
288.817,26.9228,0.269228,None kPa,N/A,20588,['C'],A,Vacuum adiabatic calorimetry,"origin: commercial source,99.999 weight % (total),stated by supplier",99.999,Weight %,1972
294.421,26.9907,0.269907,None kPa,N/A,20588,['C'],A,Vacuum adiabatic calorimetry,"origin: commercial source,99.999 weight % (total),stated by supplier",99.999,Weight %,1972
300.649,27.2087,0.272087,None kPa,N/A,20588,['C'],A,Vacuum adiabatic calorimetry,"origin: commercial source,99.999 weight % (total),stated by supplier",99.999,Weight %,1972
321.043,27.4335,0.274335,None kPa,N/A,20588,['C'],A,Vacuum adiabatic calorimetry,"origin: commercial source,99.999 weight % (total),stated by supplier",99.999,Weight %,1972
330.306,27.624,0.27624,None kPa,N/A,20588,['C'],A,Vacuum adiabatic calorimetry,"origin: commercial source,99.999 weight % (total),stated by supplier",99.999,Weight %,1972
335.989,27.6977,0.276977,None kPa,N/A,20588,['C'],A,Vacuum adiabatic calorimetry,"origin: commercial source,99.999 weight % (total),stated by supplier",99.999,Weight %,1972
340.893,27.8768,0.278768,None kPa,N/A,20588,['C'],A,Vacuum adiabatic calorimetry,"origin: commercial source,99.999 weight % (total),stated by supplier",99.999,Weight %,1972
346.341,27.8978,0.278978,None kPa,N/A,20588,['C'],A,Vacuum adiabatic calorimetry,"origin: commercial source,99.999 weight % (total),stated by supplier",99.999,Weight %,1972
350.856,27.958,0.27958,None kPa,N/A,20588,['C'],A,Vacuum adiabatic calorimetry,"origin: commercial source,99.999 weight % (total),stated by supplier",99.999,Weight %,1972
356.383,27.9966,0.279966,None kPa,N/A,20588,['C'],A,Vacuum adiabatic calorimetry,"origin: commercial source,99.999 weight % (total),stated by supplier",99.999,Weight %,1972
361.131,27.9943,0.279943,None kPa,N/A,20588,['C'],A,Vacuum adiabatic calorimetry,"origin: commercial source,99.999 weight % (total),stated by supplier",99.999,Weight %,1972
366.269,28.0875,0.280875,None kPa,N/A,20588,['C'],A,Vacuum adiabatic calorimetry,"origin: commercial source,99.999 weight % (total),stated by supplier",99.999,Weight %,1972
371.017,28.2354,0.282354,None kPa,N/A,20588,['C'],A,Vacuum adiabatic calorimetry,"origin: commercial source,99.999 weight % (total),stated by supplier",99.999,Weight %,1972
380.825,28.3537,0.283537,None kPa,N/A,20588,['C'],A,Vacuum adiabatic calorimetry,"origin: commercial source,99.999 weight % (total),stated by supplier",99.999,Weight %,1972
386.352,28.4216,0.284216,None kPa,N/A,20588,['C'],A,Vacuum adiabatic calorimetry,"origin: commercial source,99.999 weight % (total),stated by supplier",99.999,Weight %,1972
389.933,28.5208,0.285208,None kPa,N/A,20588,['C'],A,Vacuum adiabatic calorimetry,"origin: commercial source,99.999 weight % (total),stated by supplier",99.999,Weight %,1972
396.471,28.6373,0.286373,None kPa,N/A,20588,['C'],A,Vacuum adiabatic calorimetry,"origin: commercial source,99.999 weight % (total),stated by supplier",99.999,Weight %,1972
401.375,28.6975,0.286975,None kPa,N/A,20588,['C'],A,Vacuum adiabatic calorimetry,"origin: commercial source,99.999 weight % (total),stated by supplier",99.999,Weight %,1972
406.902,28.7907,0.287907,None kPa,N/A,20588,['C'],A,Vacuum adiabatic calorimetry,"origin: commercial source,99.999 weight % (total),stated by supplier",99.999,Weight %,1972
412.117,28.8937,0.288937,None kPa,N/A,20588,['C'],A,Vacuum adiabatic calorimetry,"origin: commercial source,99.999 weight % (total),stated by supplier",99.999,Weight %,1972
417.41,28.9967,0.289967,None kPa,N/A,20588,['C'],A,Vacuum adiabatic calorimetry,"origin: commercial source,99.999 weight % (total),stated by supplier",99.999,Weight %,1972
423.171,29.0821,0.290821,None kPa,N/A,20588,['C'],A,Vacuum adiabatic calorimetry,"origin: commercial source,99.999 weight % (total),stated by supplier",99.999,Weight %,1972
433.679,29.294,0.29294,None kPa,N/A,20588,['C'],A,Vacuum adiabatic calorimetry,"origin: commercial source,99.999 weight % (total),stated by supplier",99.999,Weight %,1972
438.972,29.4574,0.294574,None kPa,N/A,20588,['C'],A,Vacuum adiabatic calorimetry,"origin: commercial source,99.999 weight % (total),stated by supplier",99.999,Weight %,1972
444.188,29.5136,0.295136,None kPa,N/A,20588,['C'],A,Vacuum adiabatic calorimetry,"origin: commercial source,99.999 weight % (total),stated by supplier",99.999,Weight %,1972
449.715,29.6205,0.296205,None kPa,N/A,20588,['C'],A,Vacuum adiabatic calorimetry,"origin: commercial source,99.999 weight % (total),stated by supplier",99.999,Weight %,1972
455.086,29.7157,0.297157,None kPa,N/A,20588,['C'],A,Vacuum adiabatic calorimetry,"origin: commercial source,99.999 weight % (total),stated by supplier",99.999,Weight %,1972
460.612,29.8226,0.298226,None kPa,N/A,20588,['C'],A,Vacuum adiabatic calorimetry,"origin: commercial source,99.999 weight % (total),stated by supplier",99.999,Weight %,1972
465.828,29.9529,0.299529,None kPa,N/A,20588,['C'],A,Vacuum adiabatic calorimetry,"origin: commercial source,99.999 weight % (total),stated by supplier",99.999,Weight %,1972
472.133,30.0675,0.300675,None kPa,N/A,20588,['C'],A,Vacuum adiabatic calorimetry,"origin: commercial source,99.999 weight % (total),stated by supplier",99.999,Weight %,1972
477.115,30.1725,0.301725,None kPa,N/A,20588,['C'],A,Vacuum adiabatic calorimetry,"origin: commercial source,99.999 weight % (total),stated by supplier",99.999,Weight %,1972
487.078,30.3317,0.303317,None kPa,N/A,20588,['C'],A,Vacuum adiabatic calorimetry,"origin: commercial source,99.999 weight % (total),stated by supplier",99.999,Weight %,1972
492.216,30.5499,0.305499,None kPa,N/A,20588,['C'],A,Vacuum adiabatic calorimetry,"origin: commercial source,99.999 weight % (total),stated by supplier",99.999,Weight %,1972
496.964,30.6958,0.306958,None kPa,N/A,20588,['C'],A,Vacuum adiabatic calorimetry,"origin: commercial source,99.999 weight % (total),stated by supplier",99.999,Weight %,1972
502.102,31.0545,0.310545,None kPa,N/A,20588,['C'],A,Vacuum adiabatic calorimetry,"origin: commercial source,99.999 weight % (total),stated by supplier",99.999,Weight %,1972
502.647,30.8476,0.308476,None kPa,N/A,20588,['C'],A,Vacuum adiabatic calorimetry,"origin: commercial source,99.999 weight % (total),stated by supplier",99.999,Weight %,1972
505.449,31.142,0.31142,None kPa,N/A,20588,['C'],A,Vacuum adiabatic calorimetry,"origin: commercial source,99.999 weight % (total),stated by supplier",99.999,Weight %,1972
505.76,30.9956,0.309956,None kPa,N/A,20588,['C'],A,Vacuum adiabatic calorimetry,"origin: commercial source,99.999 weight % (total),stated by supplier",99.999,Weight %,1972
79.8,15.8992,0.079496,None kPa,N/A,36769,['C'],A,Adiabatic calorimeter (non-vacuum) ,not stated,,,1914
87.3,17.0289,0.0851444,None kPa,N/A,36769,['C'],A,Adiabatic calorimeter (non-vacuum) ,not stated,,,1914
94.8,17.9912,0.089956,None kPa,N/A,36769,['C'],A,Adiabatic calorimeter (non-vacuum) ,not stated,,,1914
194.9,23.6814,0.118407,None kPa,N/A,36769,['C'],A,Adiabatic calorimeter (non-vacuum) ,not stated,,,1914
197.2,23.8906,0.119453,None kPa,N/A,36769,['C'],A,Adiabatic calorimeter (non-vacuum) ,not stated,,,1914
205.2,24.058,0.12029,None kPa,N/A,36769,['C'],A,Adiabatic calorimeter (non-vacuum) ,not stated,,,1914
248.4,24.5601,0.1228,None kPa,N/A,36769,['C'],A,Adiabatic calorimeter (non-vacuum) ,not stated,,,1914
256.4,24.6019,0.12301,None kPa,N/A,36769,['C'],A,Adiabatic calorimeter (non-vacuum) ,not stated,,,1914
264.3,24.6438,0.123219,None kPa,N/A,36769,['C'],A,Adiabatic calorimeter (non-vacuum) ,not stated,,,1914
273,24.6856,0.123428,None kPa,N/A,36769,['C'],A,Adiabatic calorimeter (non-vacuum) ,not stated,,,1914
288.1,24.7274,0.123637,None kPa,N/A,36769,['C'],A,Adiabatic calorimeter (non-vacuum) ,not stated,,,1914
79.8,19.4138,,None kPa,N/A,36770,['C'],A,Adiabatic calorimeter (non-vacuum) ,not stated,,,1914
87.3,20.3761,,None kPa,N/A,36770,['C'],A,Adiabatic calorimeter (non-vacuum) ,not stated,,,1914
94.8,21.2129,,None kPa,N/A,36770,['C'],A,Adiabatic calorimeter (non-vacuum) ,not stated,,,1914
194.9,25.9408,,None kPa,N/A,36770,['C'],A,Adiabatic calorimeter (non-vacuum) ,not stated,,,1914
197.2,26.0663,,None kPa,N/A,36770,['C'],A,Adiabatic calorimeter (non-vacuum) ,not stated,,,1914
205.2,26.15,,None kPa,N/A,36770,['C'],A,Adiabatic calorimeter (non-vacuum) ,not stated,,,1914
248.4,26.6102,,None kPa,N/A,36770,['C'],A,Adiabatic calorimeter (non-vacuum) ,not stated,,,1914
256.4,26.6521,,None kPa,N/A,36770,['C'],A,Adiabatic calorimeter (non-vacuum) ,not stated,,,1914
264.3,26.6939,,None kPa,N/A,36770,['C'],A,Adiabatic calorimeter (non-vacuum) ,not stated,,,1914
273,26.7358,,None kPa,N/A,36770,['C'],A,Adiabatic calorimeter (non-vacuum) ,not stated,,,1914
288.1,26.7776,,None kPa,N/A,36770,['C'],A,Adiabatic calorimeter (non-vacuum) ,not stated,,,1914
