c:\Users\xander\Documents\github_repositories\NIST-alloy-data-API\code_examples\python\alloys-api-python-examples\cpcsv\Ta_CP_data.csvTemperature: K,Heat capacity at constant pressure Cp: J/K/mol,Uncertainty,Pressure,Ref Temp,Data Set ID,State,Representation,Method,Description,Purity,Purity Units,Year
57.56,12.971,0.064855,None kPa,N/A,5354,['C'],A,Vacuum adiabatic calorimetry,origin: commercial source,,,1940
84.53,18.275,0.091375,None kPa,N/A,5354,['C'],A,Vacuum adiabatic calorimetry,origin: commercial source,,,1940
123.67,21.725,0.108625,None kPa,N/A,5354,['C'],A,Vacuum adiabatic calorimetry,origin: commercial source,,,1940
143.95,22.662,0.11331,None kPa,N/A,5354,['C'],A,Vacuum adiabatic calorimetry,origin: commercial source,,,1940
164.24,23.298,0.11649,None kPa,N/A,5354,['C'],A,Vacuum adiabatic calorimetry,origin: commercial source,,,1940
184.83,23.854,0.11927,None kPa,N/A,5354,['C'],A,Vacuum adiabatic calorimetry,origin: commercial source,,,1940
204.2,24.207,0.121035,None kPa,N/A,5354,['C'],A,Vacuum adiabatic calorimetry,origin: commercial source,,,1940
219.54,24.407,0.122035,None kPa,N/A,5354,['C'],A,Vacuum adiabatic calorimetry,origin: commercial source,,,1940
235.06,24.728,0.12364,None kPa,N/A,5354,['C'],A,Vacuum adiabatic calorimetry,origin: commercial source,,,1940
255.29,24.921,0.124605,None kPa,N/A,5354,['C'],A,Vacuum adiabatic calorimetry,origin: commercial source,,,1940
275.22,25.124,0.12562,None kPa,N/A,5354,['C'],A,Vacuum adiabatic calorimetry,origin: commercial source,,,1940
294.22,25.186,0.12593,None kPa,N/A,5354,['C'],A,Vacuum adiabatic calorimetry,origin: commercial source,,,1940
61.32,14.077,0.070385,None kPa,N/A,5355,['C'],A,Vacuum adiabatic calorimetry,origin: commercial source,,,1940
93.21,19.32,0.0966,None kPa,N/A,5355,['C'],A,Vacuum adiabatic calorimetry,origin: commercial source,,,1940
134.24,22.234,0.11117,None kPa,N/A,5355,['C'],A,Vacuum adiabatic calorimetry,origin: commercial source,,,1940
154.34,22.98,0.1149,None kPa,N/A,5355,['C'],A,Vacuum adiabatic calorimetry,origin: commercial source,,,1940
174.56,23.606,0.11803,None kPa,N/A,5355,['C'],A,Vacuum adiabatic calorimetry,origin: commercial source,,,1940
195.34,24.041,0.120205,None kPa,N/A,5355,['C'],A,Vacuum adiabatic calorimetry,origin: commercial source,,,1940
215.14,24.415,0.122075,None kPa,N/A,5355,['C'],A,Vacuum adiabatic calorimetry,origin: commercial source,,,1940
224.92,24.531,0.122655,None kPa,N/A,5355,['C'],A,Vacuum adiabatic calorimetry,origin: commercial source,,,1940
245.45,24.805,0.124025,None kPa,N/A,5355,['C'],A,Vacuum adiabatic calorimetry,origin: commercial source,,,1940
265.5,25.038,0.12519,None kPa,N/A,5355,['C'],A,Vacuum adiabatic calorimetry,origin: commercial source,,,1940
285.24,25.211,0.126055,None kPa,N/A,5355,['C'],A,Vacuum adiabatic calorimetry,origin: commercial source,,,1940
53.0,11.76,0.0588,None kPa,N/A,5356,['C'],A,Vacuum adiabatic calorimetry,origin: commercial source,,,1940
55.0,12.34,0.0617,None kPa,N/A,5356,['C'],A,Vacuum adiabatic calorimetry,origin: commercial source,,,1940
60.0,13.64,0.0682,None kPa,N/A,5356,['C'],A,Vacuum adiabatic calorimetry,origin: commercial source,,,1940
65.0,14.81,0.07405,None kPa,N/A,5356,['C'],A,Vacuum adiabatic calorimetry,origin: commercial source,,,1940
70.0,15.9,0.0795,None kPa,N/A,5356,['C'],A,Vacuum adiabatic calorimetry,origin: commercial source,,,1940
75.0,16.86,0.0843,None kPa,N/A,5356,['C'],A,Vacuum adiabatic calorimetry,origin: commercial source,,,1940
80.0,17.65,0.08825,None kPa,N/A,5356,['C'],A,Vacuum adiabatic calorimetry,origin: commercial source,,,1940
85.0,18.41,0.09205,None kPa,N/A,5356,['C'],A,Vacuum adiabatic calorimetry,origin: commercial source,,,1940
90.0,19.03,0.09515,None kPa,N/A,5356,['C'],A,Vacuum adiabatic calorimetry,origin: commercial source,,,1940
95.0,19.58,0.0979,None kPa,N/A,5356,['C'],A,Vacuum adiabatic calorimetry,origin: commercial source,,,1940
100.0,20.0,0.1,None kPa,N/A,5356,['C'],A,Vacuum adiabatic calorimetry,origin: commercial source,,,1940
105.0,20.37,0.10185,None kPa,N/A,5356,['C'],A,Vacuum adiabatic calorimetry,origin: commercial source,,,1940
110.0,20.79,0.10395,None kPa,N/A,5356,['C'],A,Vacuum adiabatic calorimetry,origin: commercial source,,,1940
115.0,21.17,0.10585,None kPa,N/A,5356,['C'],A,Vacuum adiabatic calorimetry,origin: commercial source,,,1940
120.0,21.5,0.1075,None kPa,N/A,5356,['C'],A,Vacuum adiabatic calorimetry,origin: commercial source,,,1940
125.0,21.79,0.10895,None kPa,N/A,5356,['C'],A,Vacuum adiabatic calorimetry,origin: commercial source,,,1940
130.0,22.05,0.11025,None kPa,N/A,5356,['C'],A,Vacuum adiabatic calorimetry,origin: commercial source,,,1940
135.0,22.3,0.1115,None kPa,N/A,5356,['C'],A,Vacuum adiabatic calorimetry,origin: commercial source,,,1940
140.0,22.55,0.11275,None kPa,N/A,5356,['C'],A,Vacuum adiabatic calorimetry,origin: commercial source,,,1940
145.0,22.76,0.1138,None kPa,N/A,5356,['C'],A,Vacuum adiabatic calorimetry,origin: commercial source,,,1940
150.0,22.92,0.1146,None kPa,N/A,5356,['C'],A,Vacuum adiabatic calorimetry,origin: commercial source,,,1940
155.0,23.09,0.11545,None kPa,N/A,5356,['C'],A,Vacuum adiabatic calorimetry,origin: commercial source,,,1940
160.0,23.22,0.1161,None kPa,N/A,5356,['C'],A,Vacuum adiabatic calorimetry,origin: commercial source,,,1940
165.0,23.34,0.1167,None kPa,N/A,5356,['C'],A,Vacuum adiabatic calorimetry,origin: commercial source,,,1940
170.0,23.51,0.11755,None kPa,N/A,5356,['C'],A,Vacuum adiabatic calorimetry,origin: commercial source,,,1940
175.0,23.64,0.1182,None kPa,N/A,5356,['C'],A,Vacuum adiabatic calorimetry,origin: commercial source,,,1940
180.0,23.76,0.1188,None kPa,N/A,5356,['C'],A,Vacuum adiabatic calorimetry,origin: commercial source,,,1940
185.0,23.84,0.1192,None kPa,N/A,5356,['C'],A,Vacuum adiabatic calorimetry,origin: commercial source,,,1940
190.0,23.97,0.11985,None kPa,N/A,5356,['C'],A,Vacuum adiabatic calorimetry,origin: commercial source,,,1940
195.0,24.1,0.1205,None kPa,N/A,5356,['C'],A,Vacuum adiabatic calorimetry,origin: commercial source,,,1940
200.0,24.18,0.1209,None kPa,N/A,5356,['C'],A,Vacuum adiabatic calorimetry,origin: commercial source,,,1940
205.0,24.26,0.1213,None kPa,N/A,5356,['C'],A,Vacuum adiabatic calorimetry,origin: commercial source,,,1940
210.0,24.35,0.12175,None kPa,N/A,5356,['C'],A,Vacuum adiabatic calorimetry,origin: commercial source,,,1940
215.0,24.43,0.12215,None kPa,N/A,5356,['C'],A,Vacuum adiabatic calorimetry,origin: commercial source,,,1940
220.0,24.51,0.12255,None kPa,N/A,5356,['C'],A,Vacuum adiabatic calorimetry,origin: commercial source,,,1940
225.0,24.6,0.123,None kPa,N/A,5356,['C'],A,Vacuum adiabatic calorimetry,origin: commercial source,,,1940
230.0,24.64,0.1232,None kPa,N/A,5356,['C'],A,Vacuum adiabatic calorimetry,origin: commercial source,,,1940
235.0,24.72,0.1236,None kPa,N/A,5356,['C'],A,Vacuum adiabatic calorimetry,origin: commercial source,,,1940
240.0,24.77,0.12385,None kPa,N/A,5356,['C'],A,Vacuum adiabatic calorimetry,origin: commercial source,,,1940
245.0,24.85,0.12425,None kPa,N/A,5356,['C'],A,Vacuum adiabatic calorimetry,origin: commercial source,,,1940
250.0,24.89,0.12445,None kPa,N/A,5356,['C'],A,Vacuum adiabatic calorimetry,origin: commercial source,,,1940
255.0,24.93,0.12465,None kPa,N/A,5356,['C'],A,Vacuum adiabatic calorimetry,origin: commercial source,,,1940
260.0,25.02,0.1251,None kPa,N/A,5356,['C'],A,Vacuum adiabatic calorimetry,origin: commercial source,,,1940
265.0,25.06,0.1253,None kPa,N/A,5356,['C'],A,Vacuum adiabatic calorimetry,origin: commercial source,,,1940
270.0,25.14,0.1257,None kPa,N/A,5356,['C'],A,Vacuum adiabatic calorimetry,origin: commercial source,,,1940
275.0,25.18,0.1259,None kPa,N/A,5356,['C'],A,Vacuum adiabatic calorimetry,origin: commercial source,,,1940
280.0,25.23,0.12615,None kPa,N/A,5356,['C'],A,Vacuum adiabatic calorimetry,origin: commercial source,,,1940
285.0,25.23,0.12615,None kPa,N/A,5356,['C'],A,Vacuum adiabatic calorimetry,origin: commercial source,,,1940
290.0,25.27,0.12635,None kPa,N/A,5356,['C'],A,Vacuum adiabatic calorimetry,origin: commercial source,,,1940
295.0,25.27,0.12635,None kPa,N/A,5356,['C'],A,Vacuum adiabatic calorimetry,origin: commercial source,,,1940
80.0,17.61,0.08805,None kPa,N/A,5357,['C'],A,Vacuum adiabatic calorimetry,origin: commercial source,,,1940
85.0,18.32,0.0916,None kPa,N/A,5357,['C'],A,Vacuum adiabatic calorimetry,origin: commercial source,,,1940
90.0,18.95,0.09475,None kPa,N/A,5357,['C'],A,Vacuum adiabatic calorimetry,origin: commercial source,,,1940
95.0,19.49,0.09745,None kPa,N/A,5357,['C'],A,Vacuum adiabatic calorimetry,origin: commercial source,,,1940
100.0,19.95,0.09975,None kPa,N/A,5357,['C'],A,Vacuum adiabatic calorimetry,origin: commercial source,,,1940
105.0,20.33,0.10165,None kPa,N/A,5357,['C'],A,Vacuum adiabatic calorimetry,origin: commercial source,,,1940
110.0,20.75,0.10375,None kPa,N/A,5357,['C'],A,Vacuum adiabatic calorimetry,origin: commercial source,,,1940
115.0,21.13,0.10565,None kPa,N/A,5357,['C'],A,Vacuum adiabatic calorimetry,origin: commercial source,,,1940
120.0,21.46,0.1073,None kPa,N/A,5357,['C'],A,Vacuum adiabatic calorimetry,origin: commercial source,,,1940
125.0,21.75,0.10875,None kPa,N/A,5357,['C'],A,Vacuum adiabatic calorimetry,origin: commercial source,,,1940
130.0,22.05,0.11025,None kPa,N/A,5357,['C'],A,Vacuum adiabatic calorimetry,origin: commercial source,,,1940
135.0,22.3,0.1115,None kPa,N/A,5357,['C'],A,Vacuum adiabatic calorimetry,origin: commercial source,,,1940
140.0,22.51,0.11255,None kPa,N/A,5357,['C'],A,Vacuum adiabatic calorimetry,origin: commercial source,,,1940
145.0,22.67,0.11335,None kPa,N/A,5357,['C'],A,Vacuum adiabatic calorimetry,origin: commercial source,,,1940
150.0,22.84,0.1142,None kPa,N/A,5357,['C'],A,Vacuum adiabatic calorimetry,origin: commercial source,,,1940
155.0,23.01,0.11505,None kPa,N/A,5357,['C'],A,Vacuum adiabatic calorimetry,origin: commercial source,,,1940
160.0,23.13,0.11565,None kPa,N/A,5357,['C'],A,Vacuum adiabatic calorimetry,origin: commercial source,,,1940
165.0,23.3,0.1165,None kPa,N/A,5357,['C'],A,Vacuum adiabatic calorimetry,origin: commercial source,,,1940
170.0,23.47,0.11735,None kPa,N/A,5357,['C'],A,Vacuum adiabatic calorimetry,origin: commercial source,,,1940
175.0,23.64,0.1182,None kPa,N/A,5357,['C'],A,Vacuum adiabatic calorimetry,origin: commercial source,,,1940
180.0,23.72,0.1186,None kPa,N/A,5357,['C'],A,Vacuum adiabatic calorimetry,origin: commercial source,,,1940
185.0,23.84,0.1192,None kPa,N/A,5357,['C'],A,Vacuum adiabatic calorimetry,origin: commercial source,,,1940
190.0,23.93,0.11965,None kPa,N/A,5357,['C'],A,Vacuum adiabatic calorimetry,origin: commercial source,,,1940
195.0,24.01,0.12005,None kPa,N/A,5357,['C'],A,Vacuum adiabatic calorimetry,origin: commercial source,,,1940
200.0,24.1,0.1205,None kPa,N/A,5357,['C'],A,Vacuum adiabatic calorimetry,origin: commercial source,,,1940
205.0,24.18,0.1209,None kPa,N/A,5357,['C'],A,Vacuum adiabatic calorimetry,origin: commercial source,,,1940
210.0,24.26,0.1213,None kPa,N/A,5357,['C'],A,Vacuum adiabatic calorimetry,origin: commercial source,,,1940
215.0,24.35,0.12175,None kPa,N/A,5357,['C'],A,Vacuum adiabatic calorimetry,origin: commercial source,,,1940
220.0,24.43,0.12215,None kPa,N/A,5357,['C'],A,Vacuum adiabatic calorimetry,origin: commercial source,,,1940
225.0,24.51,0.12255,None kPa,N/A,5357,['C'],A,Vacuum adiabatic calorimetry,origin: commercial source,,,1940
230.0,24.6,0.123,None kPa,N/A,5357,['C'],A,Vacuum adiabatic calorimetry,origin: commercial source,,,1940
235.0,24.68,0.1234,None kPa,N/A,5357,['C'],A,Vacuum adiabatic calorimetry,origin: commercial source,,,1940
240.0,24.72,0.1236,None kPa,N/A,5357,['C'],A,Vacuum adiabatic calorimetry,origin: commercial source,,,1940
245.0,24.77,0.12385,None kPa,N/A,5357,['C'],A,Vacuum adiabatic calorimetry,origin: commercial source,,,1940
250.0,24.85,0.12425,None kPa,N/A,5357,['C'],A,Vacuum adiabatic calorimetry,origin: commercial source,,,1940
255.0,24.89,0.12445,None kPa,N/A,5357,['C'],A,Vacuum adiabatic calorimetry,origin: commercial source,,,1940
260.0,24.93,0.12465,None kPa,N/A,5357,['C'],A,Vacuum adiabatic calorimetry,origin: commercial source,,,1940
265.0,24.97,0.12485,None kPa,N/A,5357,['C'],A,Vacuum adiabatic calorimetry,origin: commercial source,,,1940
270.0,25.02,0.1251,None kPa,N/A,5357,['C'],A,Vacuum adiabatic calorimetry,origin: commercial source,,,1940
275.0,25.1,0.1255,None kPa,N/A,5357,['C'],A,Vacuum adiabatic calorimetry,origin: commercial source,,,1940
280.0,25.18,0.1259,None kPa,N/A,5357,['C'],A,Vacuum adiabatic calorimetry,origin: commercial source,,,1940
285.0,25.23,0.12615,None kPa,N/A,5357,['C'],A,Vacuum adiabatic calorimetry,origin: commercial source,,,1940
290.0,25.27,0.12635,None kPa,N/A,5357,['C'],A,Vacuum adiabatic calorimetry,origin: commercial source,,,1940
295.0,25.31,0.12655,None kPa,N/A,5357,['C'],A,Vacuum adiabatic calorimetry,origin: commercial source,,,1940
53.0,11.34,0.0567,None kPa,N/A,5358,['C'],A,Vacuum adiabatic calorimetry,"origin: commercial source,99.85 weight % (total),stated by supplier,powder",99.85,Weight %,1940
55.0,11.88,0.0594,None kPa,N/A,5358,['C'],A,Vacuum adiabatic calorimetry,"origin: commercial source,99.85 weight % (total),stated by supplier,powder",99.85,Weight %,1940
60.0,13.14,0.0657,None kPa,N/A,5358,['C'],A,Vacuum adiabatic calorimetry,"origin: commercial source,99.85 weight % (total),stated by supplier,powder",99.85,Weight %,1940
65.0,14.39,0.07195,None kPa,N/A,5358,['C'],A,Vacuum adiabatic calorimetry,"origin: commercial source,99.85 weight % (total),stated by supplier,powder",99.85,Weight %,1940
70.0,15.56,0.0778,None kPa,N/A,5358,['C'],A,Vacuum adiabatic calorimetry,"origin: commercial source,99.85 weight % (total),stated by supplier,powder",99.85,Weight %,1940
75.0,16.57,0.08285,None kPa,N/A,5358,['C'],A,Vacuum adiabatic calorimetry,"origin: commercial source,99.85 weight % (total),stated by supplier,powder",99.85,Weight %,1940
80.0,17.4,0.087,None kPa,N/A,5358,['C'],A,Vacuum adiabatic calorimetry,"origin: commercial source,99.85 weight % (total),stated by supplier,powder",99.85,Weight %,1940
85.0,18.11,0.09055,None kPa,N/A,5358,['C'],A,Vacuum adiabatic calorimetry,"origin: commercial source,99.85 weight % (total),stated by supplier,powder",99.85,Weight %,1940
90.0,18.74,0.0937,None kPa,N/A,5358,['C'],A,Vacuum adiabatic calorimetry,"origin: commercial source,99.85 weight % (total),stated by supplier,powder",99.85,Weight %,1940
95.0,19.33,0.09665,None kPa,N/A,5358,['C'],A,Vacuum adiabatic calorimetry,"origin: commercial source,99.85 weight % (total),stated by supplier,powder",99.85,Weight %,1940
100.0,19.87,0.09935,None kPa,N/A,5358,['C'],A,Vacuum adiabatic calorimetry,"origin: commercial source,99.85 weight % (total),stated by supplier,powder",99.85,Weight %,1940
105.0,20.37,0.10185,None kPa,N/A,5358,['C'],A,Vacuum adiabatic calorimetry,"origin: commercial source,99.85 weight % (total),stated by supplier,powder",99.85,Weight %,1940
110.0,20.83,0.10415,None kPa,N/A,5358,['C'],A,Vacuum adiabatic calorimetry,"origin: commercial source,99.85 weight % (total),stated by supplier,powder",99.85,Weight %,1940
115.0,21.25,0.10625,None kPa,N/A,5358,['C'],A,Vacuum adiabatic calorimetry,"origin: commercial source,99.85 weight % (total),stated by supplier,powder",99.85,Weight %,1940
120.0,21.67,0.10835,None kPa,N/A,5358,['C'],A,Vacuum adiabatic calorimetry,"origin: commercial source,99.85 weight % (total),stated by supplier,powder",99.85,Weight %,1940
125.0,22.05,0.11025,None kPa,N/A,5358,['C'],A,Vacuum adiabatic calorimetry,"origin: commercial source,99.85 weight % (total),stated by supplier,powder",99.85,Weight %,1940
130.0,22.42,0.1121,None kPa,N/A,5358,['C'],A,Vacuum adiabatic calorimetry,"origin: commercial source,99.85 weight % (total),stated by supplier,powder",99.85,Weight %,1940
135.0,22.76,0.1138,None kPa,N/A,5358,['C'],A,Vacuum adiabatic calorimetry,"origin: commercial source,99.85 weight % (total),stated by supplier,powder",99.85,Weight %,1940
140.0,23.09,0.11545,None kPa,N/A,5358,['C'],A,Vacuum adiabatic calorimetry,"origin: commercial source,99.85 weight % (total),stated by supplier,powder",99.85,Weight %,1940
145.0,23.38,0.1169,None kPa,N/A,5358,['C'],A,Vacuum adiabatic calorimetry,"origin: commercial source,99.85 weight % (total),stated by supplier,powder",99.85,Weight %,1940
150.0,23.68,0.1184,None kPa,N/A,5358,['C'],A,Vacuum adiabatic calorimetry,"origin: commercial source,99.85 weight % (total),stated by supplier,powder",99.85,Weight %,1940
155.0,24.01,0.12005,None kPa,N/A,5358,['C'],A,Vacuum adiabatic calorimetry,"origin: commercial source,99.85 weight % (total),stated by supplier,powder",99.85,Weight %,1940
160.0,24.35,0.12175,None kPa,N/A,5358,['C'],A,Vacuum adiabatic calorimetry,"origin: commercial source,99.85 weight % (total),stated by supplier,powder",99.85,Weight %,1940
165.0,24.68,0.1234,None kPa,N/A,5358,['C'],A,Vacuum adiabatic calorimetry,"origin: commercial source,99.85 weight % (total),stated by supplier,powder",99.85,Weight %,1940
170.0,25.02,0.1251,None kPa,N/A,5358,['C'],A,Vacuum adiabatic calorimetry,"origin: commercial source,99.85 weight % (total),stated by supplier,powder",99.85,Weight %,1940
175.0,25.35,0.12675,None kPa,N/A,5358,['C'],A,Vacuum adiabatic calorimetry,"origin: commercial source,99.85 weight % (total),stated by supplier,powder",99.85,Weight %,1940
180.0,25.64,0.1282,None kPa,N/A,5358,['C'],A,Vacuum adiabatic calorimetry,"origin: commercial source,99.85 weight % (total),stated by supplier,powder",99.85,Weight %,1940
185.0,25.98,0.1299,None kPa,N/A,5358,['C'],A,Vacuum adiabatic calorimetry,"origin: commercial source,99.85 weight % (total),stated by supplier,powder",99.85,Weight %,1940
190.0,26.35,0.13175,None kPa,N/A,5358,['C'],A,Vacuum adiabatic calorimetry,"origin: commercial source,99.85 weight % (total),stated by supplier,powder",99.85,Weight %,1940
195.0,26.73,0.13365,None kPa,N/A,5358,['C'],A,Vacuum adiabatic calorimetry,"origin: commercial source,99.85 weight % (total),stated by supplier,powder",99.85,Weight %,1940
200.0,27.11,0.13555,None kPa,N/A,5358,['C'],A,Vacuum adiabatic calorimetry,"origin: commercial source,99.85 weight % (total),stated by supplier,powder",99.85,Weight %,1940
205.0,27.48,0.1374,None kPa,N/A,5358,['C'],A,Vacuum adiabatic calorimetry,"origin: commercial source,99.85 weight % (total),stated by supplier,powder",99.85,Weight %,1940
210.0,27.9,0.1395,None kPa,N/A,5358,['C'],A,Vacuum adiabatic calorimetry,"origin: commercial source,99.85 weight % (total),stated by supplier,powder",99.85,Weight %,1940
215.0,28.28,0.1414,None kPa,N/A,5358,['C'],A,Vacuum adiabatic calorimetry,"origin: commercial source,99.85 weight % (total),stated by supplier,powder",99.85,Weight %,1940
220.0,28.7,0.1435,None kPa,N/A,5358,['C'],A,Vacuum adiabatic calorimetry,"origin: commercial source,99.85 weight % (total),stated by supplier,powder",99.85,Weight %,1940
225.0,29.12,0.1456,None kPa,N/A,5358,['C'],A,Vacuum adiabatic calorimetry,"origin: commercial source,99.85 weight % (total),stated by supplier,powder",99.85,Weight %,1940
230.0,29.45,0.14725,None kPa,N/A,5358,['C'],A,Vacuum adiabatic calorimetry,"origin: commercial source,99.85 weight % (total),stated by supplier,powder",99.85,Weight %,1940
235.0,29.83,0.14915,None kPa,N/A,5358,['C'],A,Vacuum adiabatic calorimetry,"origin: commercial source,99.85 weight % (total),stated by supplier,powder",99.85,Weight %,1940
240.0,30.2,0.151,None kPa,N/A,5358,['C'],A,Vacuum adiabatic calorimetry,"origin: commercial source,99.85 weight % (total),stated by supplier,powder",99.85,Weight %,1940
245.0,30.54,0.1527,None kPa,N/A,5358,['C'],A,Vacuum adiabatic calorimetry,"origin: commercial source,99.85 weight % (total),stated by supplier,powder",99.85,Weight %,1940
250.0,30.91,0.15455,None kPa,N/A,5358,['C'],A,Vacuum adiabatic calorimetry,"origin: commercial source,99.85 weight % (total),stated by supplier,powder",99.85,Weight %,1940
255.0,31.29,0.15645,None kPa,N/A,5358,['C'],A,Vacuum adiabatic calorimetry,"origin: commercial source,99.85 weight % (total),stated by supplier,powder",99.85,Weight %,1940
260.0,31.63,0.15815,None kPa,N/A,5358,['C'],A,Vacuum adiabatic calorimetry,"origin: commercial source,99.85 weight % (total),stated by supplier,powder",99.85,Weight %,1940
265.0,31.96,0.1598,None kPa,N/A,5358,['C'],A,Vacuum adiabatic calorimetry,"origin: commercial source,99.85 weight % (total),stated by supplier,powder",99.85,Weight %,1940
270.0,32.3,0.1615,None kPa,N/A,5358,['C'],A,Vacuum adiabatic calorimetry,"origin: commercial source,99.85 weight % (total),stated by supplier,powder",99.85,Weight %,1940
275.0,32.55,0.16275,None kPa,N/A,5358,['C'],A,Vacuum adiabatic calorimetry,"origin: commercial source,99.85 weight % (total),stated by supplier,powder",99.85,Weight %,1940
280.0,32.21,0.16105,None kPa,N/A,5358,['C'],A,Vacuum adiabatic calorimetry,"origin: commercial source,99.85 weight % (total),stated by supplier,powder",99.85,Weight %,1940
285.0,31.75,0.15875,None kPa,N/A,5358,['C'],A,Vacuum adiabatic calorimetry,"origin: commercial source,99.85 weight % (total),stated by supplier,powder",99.85,Weight %,1940
290.0,31.29,0.15645,None kPa,N/A,5358,['C'],A,Vacuum adiabatic calorimetry,"origin: commercial source,99.85 weight % (total),stated by supplier,powder",99.85,Weight %,1940
295.0,30.83,0.15415,None kPa,N/A,5358,['C'],A,Vacuum adiabatic calorimetry,"origin: commercial source,99.85 weight % (total),stated by supplier,powder",99.85,Weight %,1940
300.0,30.37,0.15185,None kPa,N/A,5358,['C'],A,Vacuum adiabatic calorimetry,"origin: commercial source,99.85 weight % (total),stated by supplier,powder",99.85,Weight %,1940
310.0,29.79,0.14895,None kPa,N/A,5358,['C'],A,Vacuum adiabatic calorimetry,"origin: commercial source,99.85 weight % (total),stated by supplier,powder",99.85,Weight %,1940
320.0,29.7,0.1485,None kPa,N/A,5358,['C'],A,Vacuum adiabatic calorimetry,"origin: commercial source,99.85 weight % (total),stated by supplier,powder",99.85,Weight %,1940
74.92,16.874,0.08437,None kPa,N/A,5359,['C'],A,Vacuum adiabatic calorimetry,"origin: commercial source,99.85 weight % (total),stated by supplier,powder",99.85,Weight %,1940
123.55,21.876,0.10938,None kPa,N/A,5359,['C'],A,Vacuum adiabatic calorimetry,"origin: commercial source,99.85 weight % (total),stated by supplier,powder",99.85,Weight %,1940
163.79,24.606,0.12303,None kPa,N/A,5359,['C'],A,Vacuum adiabatic calorimetry,"origin: commercial source,99.85 weight % (total),stated by supplier,powder",99.85,Weight %,1940
194.75,26.899,0.134495,None kPa,N/A,5359,['C'],A,Vacuum adiabatic calorimetry,"origin: commercial source,99.85 weight % (total),stated by supplier,powder",99.85,Weight %,1940
204.1,27.398,0.13699,None kPa,N/A,5359,['C'],A,Vacuum adiabatic calorimetry,"origin: commercial source,99.85 weight % (total),stated by supplier,powder",99.85,Weight %,1940
214.72,28.31,0.14155,None kPa,N/A,5359,['C'],A,Vacuum adiabatic calorimetry,"origin: commercial source,99.85 weight % (total),stated by supplier,powder",99.85,Weight %,1940
224.98,29.091,0.145455,None kPa,N/A,5359,['C'],A,Vacuum adiabatic calorimetry,"origin: commercial source,99.85 weight % (total),stated by supplier,powder",99.85,Weight %,1940
228.46,29.455,0.147275,None kPa,N/A,5359,['C'],A,Vacuum adiabatic calorimetry,"origin: commercial source,99.85 weight % (total),stated by supplier,powder",99.85,Weight %,1940
232.86,29.719,0.148595,None kPa,N/A,5359,['C'],A,Vacuum adiabatic calorimetry,"origin: commercial source,99.85 weight % (total),stated by supplier,powder",99.85,Weight %,1940
235.3,29.932,0.14966,None kPa,N/A,5359,['C'],A,Vacuum adiabatic calorimetry,"origin: commercial source,99.85 weight % (total),stated by supplier,powder",99.85,Weight %,1940
244.83,30.491,0.152455,None kPa,N/A,5359,['C'],A,Vacuum adiabatic calorimetry,"origin: commercial source,99.85 weight % (total),stated by supplier,powder",99.85,Weight %,1940
255.27,31.443,0.157215,None kPa,N/A,5359,['C'],A,Vacuum adiabatic calorimetry,"origin: commercial source,99.85 weight % (total),stated by supplier,powder",99.85,Weight %,1940
265.35,32.033,0.160165,None kPa,N/A,5359,['C'],A,Vacuum adiabatic calorimetry,"origin: commercial source,99.85 weight % (total),stated by supplier,powder",99.85,Weight %,1940
270.3,32.247,0.161235,None kPa,N/A,5359,['C'],A,Vacuum adiabatic calorimetry,"origin: commercial source,99.85 weight % (total),stated by supplier,powder",99.85,Weight %,1940
274.82,32.522,0.16261,None kPa,N/A,5359,['C'],A,Vacuum adiabatic calorimetry,"origin: commercial source,99.85 weight % (total),stated by supplier,powder",99.85,Weight %,1940
279.71,32.253,0.161265,None kPa,N/A,5359,['C'],A,Vacuum adiabatic calorimetry,"origin: commercial source,99.85 weight % (total),stated by supplier,powder",99.85,Weight %,1940
284.73,32.044,0.16022,None kPa,N/A,5359,['C'],A,Vacuum adiabatic calorimetry,"origin: commercial source,99.85 weight % (total),stated by supplier,powder",99.85,Weight %,1940
285.28,31.582,0.15791,None kPa,N/A,5359,['C'],A,Vacuum adiabatic calorimetry,"origin: commercial source,99.85 weight % (total),stated by supplier,powder",99.85,Weight %,1940
289.5,31.332,0.15666,None kPa,N/A,5359,['C'],A,Vacuum adiabatic calorimetry,"origin: commercial source,99.85 weight % (total),stated by supplier,powder",99.85,Weight %,1940
294.09,30.741,0.153705,None kPa,N/A,5359,['C'],A,Vacuum adiabatic calorimetry,"origin: commercial source,99.85 weight % (total),stated by supplier,powder",99.85,Weight %,1940
298.99,30.694,0.15347,None kPa,N/A,5359,['C'],A,Vacuum adiabatic calorimetry,"origin: commercial source,99.85 weight % (total),stated by supplier,powder",99.85,Weight %,1940
302.9,30.263,0.151315,None kPa,N/A,5359,['C'],A,Vacuum adiabatic calorimetry,"origin: commercial source,99.85 weight % (total),stated by supplier,powder",99.85,Weight %,1940
306.64,29.813,0.149065,None kPa,N/A,5359,['C'],A,Vacuum adiabatic calorimetry,"origin: commercial source,99.85 weight % (total),stated by supplier,powder",99.85,Weight %,1940
310.61,29.553,0.147765,None kPa,N/A,5359,['C'],A,Vacuum adiabatic calorimetry,"origin: commercial source,99.85 weight % (total),stated by supplier,powder",99.85,Weight %,1940
314.58,29.898,0.14949,None kPa,N/A,5359,['C'],A,Vacuum adiabatic calorimetry,"origin: commercial source,99.85 weight % (total),stated by supplier,powder",99.85,Weight %,1940
322.65,29.792,0.14896,None kPa,N/A,5359,['C'],A,Vacuum adiabatic calorimetry,"origin: commercial source,99.85 weight % (total),stated by supplier,powder",99.85,Weight %,1940
10.12,0.20669,0.00310034,None kPa,N/A,8482,['C'],A,Vacuum adiabatic calorimetry,"origin: commercial source,98.7 % (total),estimated by the compiler,rod",98.7,Not Specified %,1955
11.59,0.295809,0.00443713,None kPa,N/A,8482,['C'],A,Vacuum adiabatic calorimetry,"origin: commercial source,98.7 % (total),estimated by the compiler,rod",98.7,Not Specified %,1955
11.6,0.285349,0.00428023,None kPa,N/A,8482,['C'],A,Vacuum adiabatic calorimetry,"origin: commercial source,98.7 % (total),estimated by the compiler,rod",98.7,Not Specified %,1955
13.4,0.44978,0.0067467,None kPa,N/A,8482,['C'],A,Vacuum adiabatic calorimetry,"origin: commercial source,98.7 % (total),estimated by the compiler,rod",98.7,Not Specified %,1955
13.66,0.43681,0.00655214,None kPa,N/A,8482,['C'],A,Vacuum adiabatic calorimetry,"origin: commercial source,98.7 % (total),estimated by the compiler,rod",98.7,Not Specified %,1955
13.81,0.485762,0.00728644,None kPa,N/A,8482,['C'],A,Vacuum adiabatic calorimetry,"origin: commercial source,98.7 % (total),estimated by the compiler,rod",98.7,Not Specified %,1955
15.86,0.705422,0.0105813,None kPa,N/A,8482,['C'],A,Vacuum adiabatic calorimetry,"origin: commercial source,98.7 % (total),estimated by the compiler,rod",98.7,Not Specified %,1955
16.37,0.777806,0.0116671,None kPa,N/A,8482,['C'],A,Vacuum adiabatic calorimetry,"origin: commercial source,98.7 % (total),estimated by the compiler,rod",98.7,Not Specified %,1955
18.21,1.03303,0.0154954,None kPa,N/A,8482,['C'],A,Vacuum adiabatic calorimetry,"origin: commercial source,98.7 % (total),estimated by the compiler,rod",98.7,Not Specified %,1955
18.61,1.10499,0.0165749,None kPa,N/A,8482,['C'],A,Vacuum adiabatic calorimetry,"origin: commercial source,98.7 % (total),estimated by the compiler,rod",98.7,Not Specified %,1955
18.84,1.14851,0.0172276,None kPa,N/A,8482,['C'],A,Vacuum adiabatic calorimetry,"origin: commercial source,98.7 % (total),estimated by the compiler,rod",98.7,Not Specified %,1955
20.92,1.52632,0.0122106,None kPa,N/A,8482,['C'],A,Vacuum adiabatic calorimetry,"origin: commercial source,98.7 % (total),estimated by the compiler,rod",98.7,Not Specified %,1955
21.27,1.62381,0.0129905,None kPa,N/A,8482,['C'],A,Vacuum adiabatic calorimetry,"origin: commercial source,98.7 % (total),estimated by the compiler,rod",98.7,Not Specified %,1955
24.67,2.47233,0.0197786,None kPa,N/A,8482,['C'],A,Vacuum adiabatic calorimetry,"origin: commercial source,98.7 % (total),estimated by the compiler,rod",98.7,Not Specified %,1955
26.63,3.04302,0.0243442,None kPa,N/A,8482,['C'],A,Vacuum adiabatic calorimetry,"origin: commercial source,98.7 % (total),estimated by the compiler,rod",98.7,Not Specified %,1955
30.47,4.30534,0.0344427,None kPa,N/A,8482,['C'],A,Vacuum adiabatic calorimetry,"origin: commercial source,98.7 % (total),estimated by the compiler,rod",98.7,Not Specified %,1955
34.12,5.51033,0.0440826,None kPa,N/A,8482,['C'],A,Vacuum adiabatic calorimetry,"origin: commercial source,98.7 % (total),estimated by the compiler,rod",98.7,Not Specified %,1955
38.4,7.03749,0.0562999,None kPa,N/A,8482,['C'],A,Vacuum adiabatic calorimetry,"origin: commercial source,98.7 % (total),estimated by the compiler,rod",98.7,Not Specified %,1955
42.54,8.4726,0.0677808,None kPa,N/A,8482,['C'],A,Vacuum adiabatic calorimetry,"origin: commercial source,98.7 % (total),estimated by the compiler,rod",98.7,Not Specified %,1955
46.73,9.85332,0.0788266,None kPa,N/A,8482,['C'],A,Vacuum adiabatic calorimetry,"origin: commercial source,98.7 % (total),estimated by the compiler,rod",98.7,Not Specified %,1955
51.32,11.2633,0.0901066,None kPa,N/A,8482,['C'],A,Vacuum adiabatic calorimetry,"origin: commercial source,98.7 % (total),estimated by the compiler,rod",98.7,Not Specified %,1955
55.04,12.2884,0.0983073,None kPa,N/A,8482,['C'],A,Vacuum adiabatic calorimetry,"origin: commercial source,98.7 % (total),estimated by the compiler,rod",98.7,Not Specified %,1955
59.49,13.4432,0.107546,None kPa,N/A,8482,['C'],A,Vacuum adiabatic calorimetry,"origin: commercial source,98.7 % (total),estimated by the compiler,rod",98.7,Not Specified %,1955
64.06,14.4097,0.115278,None kPa,N/A,8482,['C'],A,Vacuum adiabatic calorimetry,"origin: commercial source,98.7 % (total),estimated by the compiler,rod",98.7,Not Specified %,1955
67.88,15.2381,0.121905,None kPa,N/A,8482,['C'],A,Vacuum adiabatic calorimetry,"origin: commercial source,98.7 % (total),estimated by the compiler,rod",98.7,Not Specified %,1955
68.35,15.2883,0.122307,None kPa,N/A,8482,['C'],A,Vacuum adiabatic calorimetry,"origin: commercial source,98.7 % (total),estimated by the compiler,rod",98.7,Not Specified %,1955
71.36,15.8574,0.126859,None kPa,N/A,8482,['C'],A,Vacuum adiabatic calorimetry,"origin: commercial source,98.7 % (total),estimated by the compiler,rod",98.7,Not Specified %,1955
74.87,16.5519,0.132415,None kPa,N/A,8482,['C'],A,Vacuum adiabatic calorimetry,"origin: commercial source,98.7 % (total),estimated by the compiler,rod",98.7,Not Specified %,1955
79.32,17.1084,0.136867,None kPa,N/A,8482,['C'],A,Vacuum adiabatic calorimetry,"origin: commercial source,98.7 % (total),estimated by the compiler,rod",98.7,Not Specified %,1955
83.57,17.8197,0.053459,None kPa,N/A,8482,['C'],A,Vacuum adiabatic calorimetry,"origin: commercial source,98.7 % (total),estimated by the compiler,rod",98.7,Not Specified %,1955
88.14,18.2171,0.0546514,None kPa,N/A,8482,['C'],A,Vacuum adiabatic calorimetry,"origin: commercial source,98.7 % (total),estimated by the compiler,rod",98.7,Not Specified %,1955
92.1,18.7736,0.0563208,None kPa,N/A,8482,['C'],A,Vacuum adiabatic calorimetry,"origin: commercial source,98.7 % (total),estimated by the compiler,rod",98.7,Not Specified %,1955
96.81,19.2171,0.0576513,None kPa,N/A,8482,['C'],A,Vacuum adiabatic calorimetry,"origin: commercial source,98.7 % (total),estimated by the compiler,rod",98.7,Not Specified %,1955
101.57,19.6397,0.0589191,None kPa,N/A,8482,['C'],A,Vacuum adiabatic calorimetry,"origin: commercial source,98.7 % (total),estimated by the compiler,rod",98.7,Not Specified %,1955
106.66,20.1418,0.0604253,None kPa,N/A,8482,['C'],A,Vacuum adiabatic calorimetry,"origin: commercial source,98.7 % (total),estimated by the compiler,rod",98.7,Not Specified %,1955
111.71,20.5142,0.0615425,None kPa,N/A,8482,['C'],A,Vacuum adiabatic calorimetry,"origin: commercial source,98.7 % (total),estimated by the compiler,rod",98.7,Not Specified %,1955
116.99,20.8572,0.0625717,None kPa,N/A,8482,['C'],A,Vacuum adiabatic calorimetry,"origin: commercial source,98.7 % (total),estimated by the compiler,rod",98.7,Not Specified %,1955
122.04,21.4012,0.0642035,None kPa,N/A,8482,['C'],A,Vacuum adiabatic calorimetry,"origin: commercial source,98.7 % (total),estimated by the compiler,rod",98.7,Not Specified %,1955
127.08,21.5392,0.0646177,None kPa,N/A,8482,['C'],A,Vacuum adiabatic calorimetry,"origin: commercial source,98.7 % (total),estimated by the compiler,rod",98.7,Not Specified %,1955
133.36,21.9451,0.0658352,None kPa,N/A,8482,['C'],A,Vacuum adiabatic calorimetry,"origin: commercial source,98.7 % (total),estimated by the compiler,rod",98.7,Not Specified %,1955
138.52,22.238,0.0667139,None kPa,N/A,8482,['C'],A,Vacuum adiabatic calorimetry,"origin: commercial source,98.7 % (total),estimated by the compiler,rod",98.7,Not Specified %,1955
144.07,22.443,0.0673289,None kPa,N/A,8482,['C'],A,Vacuum adiabatic calorimetry,"origin: commercial source,98.7 % (total),estimated by the compiler,rod",98.7,Not Specified %,1955
149.33,22.761,0.0682829,None kPa,N/A,8482,['C'],A,Vacuum adiabatic calorimetry,"origin: commercial source,98.7 % (total),estimated by the compiler,rod",98.7,Not Specified %,1955
155.06,22.8446,0.0685339,None kPa,N/A,8482,['C'],A,Vacuum adiabatic calorimetry,"origin: commercial source,98.7 % (total),estimated by the compiler,rod",98.7,Not Specified %,1955
160.49,23.104,0.0693121,None kPa,N/A,8482,['C'],A,Vacuum adiabatic calorimetry,"origin: commercial source,98.7 % (total),estimated by the compiler,rod",98.7,Not Specified %,1955
166.6,23.3091,0.0699272,None kPa,N/A,8482,['C'],A,Vacuum adiabatic calorimetry,"origin: commercial source,98.7 % (total),estimated by the compiler,rod",98.7,Not Specified %,1955
172.12,23.3174,0.0699523,None kPa,N/A,8482,['C'],A,Vacuum adiabatic calorimetry,"origin: commercial source,98.7 % (total),estimated by the compiler,rod",98.7,Not Specified %,1955
177.57,23.3676,0.0701029,None kPa,N/A,8482,['C'],A,Vacuum adiabatic calorimetry,"origin: commercial source,98.7 % (total),estimated by the compiler,rod",98.7,Not Specified %,1955
183.69,23.6898,0.0710694,None kPa,N/A,8482,['C'],A,Vacuum adiabatic calorimetry,"origin: commercial source,98.7 % (total),estimated by the compiler,rod",98.7,Not Specified %,1955
189.18,23.7568,0.0712703,None kPa,N/A,8482,['C'],A,Vacuum adiabatic calorimetry,"origin: commercial source,98.7 % (total),estimated by the compiler,rod",98.7,Not Specified %,1955
195.55,23.8614,0.0715841,None kPa,N/A,8482,['C'],A,Vacuum adiabatic calorimetry,"origin: commercial source,98.7 % (total),estimated by the compiler,rod",98.7,Not Specified %,1955
197.71,23.9325,0.0717974,None kPa,N/A,8482,['C'],A,Vacuum adiabatic calorimetry,"origin: commercial source,98.7 % (total),estimated by the compiler,rod",98.7,Not Specified %,1955
201.64,23.9869,0.0719606,None kPa,N/A,8482,['C'],A,Vacuum adiabatic calorimetry,"origin: commercial source,98.7 % (total),estimated by the compiler,rod",98.7,Not Specified %,1955
203.22,23.9994,0.0719983,None kPa,N/A,8482,['C'],A,Vacuum adiabatic calorimetry,"origin: commercial source,98.7 % (total),estimated by the compiler,rod",98.7,Not Specified %,1955
207.12,24.1459,0.0724376,None kPa,N/A,8482,['C'],A,Vacuum adiabatic calorimetry,"origin: commercial source,98.7 % (total),estimated by the compiler,rod",98.7,Not Specified %,1955
209.39,24.1124,0.0723372,None kPa,N/A,8482,['C'],A,Vacuum adiabatic calorimetry,"origin: commercial source,98.7 % (total),estimated by the compiler,rod",98.7,Not Specified %,1955
213.21,24.2421,0.0727263,None kPa,N/A,8482,['C'],A,Vacuum adiabatic calorimetry,"origin: commercial source,98.7 % (total),estimated by the compiler,rod",98.7,Not Specified %,1955
215.04,24.3341,0.0730024,None kPa,N/A,8482,['C'],A,Vacuum adiabatic calorimetry,"origin: commercial source,98.7 % (total),estimated by the compiler,rod",98.7,Not Specified %,1955
218.68,24.3969,0.0731907,None kPa,N/A,8482,['C'],A,Vacuum adiabatic calorimetry,"origin: commercial source,98.7 % (total),estimated by the compiler,rod",98.7,Not Specified %,1955
221.23,24.4387,0.0733162,None kPa,N/A,8482,['C'],A,Vacuum adiabatic calorimetry,"origin: commercial source,98.7 % (total),estimated by the compiler,rod",98.7,Not Specified %,1955
221.29,24.4262,0.0732786,None kPa,N/A,8482,['C'],A,Vacuum adiabatic calorimetry,"origin: commercial source,98.7 % (total),estimated by the compiler,rod",98.7,Not Specified %,1955
224.77,24.4848,0.0734543,None kPa,N/A,8482,['C'],A,Vacuum adiabatic calorimetry,"origin: commercial source,98.7 % (total),estimated by the compiler,rod",98.7,Not Specified %,1955
226.83,24.5643,0.0736928,None kPa,N/A,8482,['C'],A,Vacuum adiabatic calorimetry,"origin: commercial source,98.7 % (total),estimated by the compiler,rod",98.7,Not Specified %,1955
226.85,24.5894,0.0737681,None kPa,N/A,8482,['C'],A,Vacuum adiabatic calorimetry,"origin: commercial source,98.7 % (total),estimated by the compiler,rod",98.7,Not Specified %,1955
230.61,24.6354,0.0739062,None kPa,N/A,8482,['C'],A,Vacuum adiabatic calorimetry,"origin: commercial source,98.7 % (total),estimated by the compiler,rod",98.7,Not Specified %,1955
233.04,24.6187,0.073856,None kPa,N/A,8482,['C'],A,Vacuum adiabatic calorimetry,"origin: commercial source,98.7 % (total),estimated by the compiler,rod",98.7,Not Specified %,1955
233.12,24.6396,0.0739187,None kPa,N/A,8482,['C'],A,Vacuum adiabatic calorimetry,"origin: commercial source,98.7 % (total),estimated by the compiler,rod",98.7,Not Specified %,1955
236.27,24.7023,0.074107,None kPa,N/A,8482,['C'],A,Vacuum adiabatic calorimetry,"origin: commercial source,98.7 % (total),estimated by the compiler,rod",98.7,Not Specified %,1955
238.69,24.7233,0.0741698,None kPa,N/A,8482,['C'],A,Vacuum adiabatic calorimetry,"origin: commercial source,98.7 % (total),estimated by the compiler,rod",98.7,Not Specified %,1955
241.9,24.7316,0.0741949,None kPa,N/A,8482,['C'],A,Vacuum adiabatic calorimetry,"origin: commercial source,98.7 % (total),estimated by the compiler,rod",98.7,Not Specified %,1955
245.17,24.8488,0.0745463,None kPa,N/A,8482,['C'],A,Vacuum adiabatic calorimetry,"origin: commercial source,98.7 % (total),estimated by the compiler,rod",98.7,Not Specified %,1955
245.46,24.7693,0.0743078,None kPa,N/A,8482,['C'],A,Vacuum adiabatic calorimetry,"origin: commercial source,98.7 % (total),estimated by the compiler,rod",98.7,Not Specified %,1955
250.97,24.8781,0.0746342,None kPa,N/A,8482,['C'],A,Vacuum adiabatic calorimetry,"origin: commercial source,98.7 % (total),estimated by the compiler,rod",98.7,Not Specified %,1955
251.21,24.8446,0.0745338,None kPa,N/A,8482,['C'],A,Vacuum adiabatic calorimetry,"origin: commercial source,98.7 % (total),estimated by the compiler,rod",98.7,Not Specified %,1955
257.61,24.991,0.0749731,None kPa,N/A,8482,['C'],A,Vacuum adiabatic calorimetry,"origin: commercial source,98.7 % (total),estimated by the compiler,rod",98.7,Not Specified %,1955
257.98,24.9868,0.0749605,None kPa,N/A,8482,['C'],A,Vacuum adiabatic calorimetry,"origin: commercial source,98.7 % (total),estimated by the compiler,rod",98.7,Not Specified %,1955
264.4,25.1166,0.0753497,None kPa,N/A,8482,['C'],A,Vacuum adiabatic calorimetry,"origin: commercial source,98.7 % (total),estimated by the compiler,rod",98.7,Not Specified %,1955
270.1,25.1207,0.0753622,None kPa,N/A,8482,['C'],A,Vacuum adiabatic calorimetry,"origin: commercial source,98.7 % (total),estimated by the compiler,rod",98.7,Not Specified %,1955
274.2,25.2044,0.0756132,None kPa,N/A,8482,['C'],A,Vacuum adiabatic calorimetry,"origin: commercial source,98.7 % (total),estimated by the compiler,rod",98.7,Not Specified %,1955
20.0,1.48072,0.0148072,None kPa,N/A,8961,['C'],A,Calculated from Debye's and Electronic Coefficient,"origin: commercial source,99.98 %",99.98,Not Specified %,1955
1.74,0.00716301,0.00021489,None kPa,N/A,8980,['C'],A,Low temperature calorimetry set up,"origin: commercial source,99.94 weight % (total),spectroscopy",99.94,Weight %,1955
1.774,0.00730108,0.000219032,None kPa,N/A,8980,['C'],A,Low temperature calorimetry set up,"origin: commercial source,99.94 weight % (total),spectroscopy",99.94,Weight %,1955
1.789,0.00818809,0.000245643,None kPa,N/A,8980,['C'],A,Low temperature calorimetry set up,"origin: commercial source,99.94 weight % (total),spectroscopy",99.94,Weight %,1955
1.802,0.00752702,0.00022581,None kPa,N/A,8980,['C'],A,Low temperature calorimetry set up,"origin: commercial source,99.94 weight % (total),spectroscopy",99.94,Weight %,1955
1.808,0.00800818,0.000240245,None kPa,N/A,8980,['C'],A,Low temperature calorimetry set up,"origin: commercial source,99.94 weight % (total),spectroscopy",99.94,Weight %,1955
1.827,0.00821738,0.000246521,None kPa,N/A,8980,['C'],A,Low temperature calorimetry set up,"origin: commercial source,99.94 weight % (total),spectroscopy",99.94,Weight %,1955
1.84,0.00851862,0.000255559,None kPa,N/A,8980,['C'],A,Low temperature calorimetry set up,"origin: commercial source,99.94 weight % (total),spectroscopy",99.94,Weight %,1955
1.86,0.00905418,0.000271625,None kPa,N/A,8980,['C'],A,Low temperature calorimetry set up,"origin: commercial source,99.94 weight % (total),spectroscopy",99.94,Weight %,1955
1.9,0.00940563,0.000282169,None kPa,N/A,8980,['C'],A,Low temperature calorimetry set up,"origin: commercial source,99.94 weight % (total),spectroscopy",99.94,Weight %,1955
1.905,0.0095437,0.000286311,None kPa,N/A,8980,['C'],A,Low temperature calorimetry set up,"origin: commercial source,99.94 weight % (total),spectroscopy",99.94,Weight %,1955
1.933,0.00969851,0.000290955,None kPa,N/A,8980,['C'],A,Low temperature calorimetry set up,"origin: commercial source,99.94 weight % (total),spectroscopy",99.94,Weight %,1955
1.952,0.010255,0.00030765,None kPa,N/A,8980,['C'],A,Low temperature calorimetry set up,"origin: commercial source,99.94 weight % (total),spectroscopy",99.94,Weight %,1955
1.973,0.0106274,0.000318821,None kPa,N/A,8980,['C'],A,Low temperature calorimetry set up,"origin: commercial source,99.94 weight % (total),spectroscopy",99.94,Weight %,1955
1.988,0.0105939,0.000317817,None kPa,N/A,8980,['C'],A,Low temperature calorimetry set up,"origin: commercial source,99.94 weight % (total),spectroscopy",99.94,Weight %,1955
2.009,0.0110207,0.00033062,None kPa,N/A,8980,['C'],A,Low temperature calorimetry set up,"origin: commercial source,99.94 weight % (total),spectroscopy",99.94,Weight %,1955
2.027,0.011255,0.000337649,None kPa,N/A,8980,['C'],A,Low temperature calorimetry set up,"origin: commercial source,99.94 weight % (total),spectroscopy",99.94,Weight %,1955
2.053,0.0116943,0.000350828,None kPa,N/A,8980,['C'],A,Low temperature calorimetry set up,"origin: commercial source,99.94 weight % (total),spectroscopy",99.94,Weight %,1955
2.069,0.0120248,0.000360744,None kPa,N/A,8980,['C'],A,Low temperature calorimetry set up,"origin: commercial source,99.94 weight % (total),spectroscopy",99.94,Weight %,1955
2.092,0.0123554,0.000370661,None kPa,N/A,8980,['C'],A,Low temperature calorimetry set up,"origin: commercial source,99.94 weight % (total),spectroscopy",99.94,Weight %,1955
2.107,0.0128198,0.000384593,None kPa,N/A,8980,['C'],A,Low temperature calorimetry set up,"origin: commercial source,99.94 weight % (total),spectroscopy",99.94,Weight %,1955
2.129,0.0132591,0.000397773,None kPa,N/A,8980,['C'],A,Low temperature calorimetry set up,"origin: commercial source,99.94 weight % (total),spectroscopy",99.94,Weight %,1955
2.137,0.0129578,0.000388735,None kPa,N/A,8980,['C'],A,Low temperature calorimetry set up,"origin: commercial source,99.94 weight % (total),spectroscopy",99.94,Weight %,1955
2.143,0.0132884,0.000398652,None kPa,N/A,8980,['C'],A,Low temperature calorimetry set up,"origin: commercial source,99.94 weight % (total),spectroscopy",99.94,Weight %,1955
2.172,0.0140708,0.000422124,None kPa,N/A,8980,['C'],A,Low temperature calorimetry set up,"origin: commercial source,99.94 weight % (total),spectroscopy",99.94,Weight %,1955
2.193,0.0139871,0.000419613,None kPa,N/A,8980,['C'],A,Low temperature calorimetry set up,"origin: commercial source,99.94 weight % (total),spectroscopy",99.94,Weight %,1955
2.219,0.0145896,0.000437688,None kPa,N/A,8980,['C'],A,Low temperature calorimetry set up,"origin: commercial source,99.94 weight % (total),spectroscopy",99.94,Weight %,1955
2.233,0.0148783,0.000446349,None kPa,N/A,8980,['C'],A,Low temperature calorimetry set up,"origin: commercial source,99.94 weight % (total),spectroscopy",99.94,Weight %,1955
2.246,0.0154431,0.000463294,None kPa,N/A,8980,['C'],A,Low temperature calorimetry set up,"origin: commercial source,99.94 weight % (total),spectroscopy",99.94,Weight %,1955
2.252,0.0150498,0.000451495,None kPa,N/A,8980,['C'],A,Low temperature calorimetry set up,"origin: commercial source,99.94 weight % (total),spectroscopy",99.94,Weight %,1955
2.269,0.0158699,0.000476097,None kPa,N/A,8980,['C'],A,Low temperature calorimetry set up,"origin: commercial source,99.94 weight % (total),spectroscopy",99.94,Weight %,1955
2.324,0.0168029,0.000504088,None kPa,N/A,8980,['C'],A,Low temperature calorimetry set up,"origin: commercial source,99.94 weight % (total),spectroscopy",99.94,Weight %,1955
2.349,0.0176021,0.000528063,None kPa,N/A,8980,['C'],A,Low temperature calorimetry set up,"origin: commercial source,99.94 weight % (total),spectroscopy",99.94,Weight %,1955
2.379,0.0178908,0.000536724,None kPa,N/A,8980,['C'],A,Low temperature calorimetry set up,"origin: commercial source,99.94 weight % (total),spectroscopy",99.94,Weight %,1955
2.39,0.0182715,0.000548146,None kPa,N/A,8980,['C'],A,Low temperature calorimetry set up,"origin: commercial source,99.94 weight % (total),spectroscopy",99.94,Weight %,1955
2.407,0.0183343,0.000550029,None kPa,N/A,8980,['C'],A,Low temperature calorimetry set up,"origin: commercial source,99.94 weight % (total),spectroscopy",99.94,Weight %,1955
2.427,0.0189284,0.000567852,None kPa,N/A,8980,['C'],A,Low temperature calorimetry set up,"origin: commercial source,99.94 weight % (total),spectroscopy",99.94,Weight %,1955
2.44,0.0191711,0.000575133,None kPa,N/A,8980,['C'],A,Low temperature calorimetry set up,"origin: commercial source,99.94 weight % (total),spectroscopy",99.94,Weight %,1955
2.548,0.0217526,0.000652578,None kPa,N/A,8980,['C'],A,Low temperature calorimetry set up,"origin: commercial source,99.94 weight % (total),spectroscopy",99.94,Weight %,1955
2.579,0.0225099,0.000675298,None kPa,N/A,8980,['C'],A,Low temperature calorimetry set up,"origin: commercial source,99.94 weight % (total),spectroscopy",99.94,Weight %,1955
2.611,0.0231919,0.000695757,None kPa,N/A,8980,['C'],A,Low temperature calorimetry set up,"origin: commercial source,99.94 weight % (total),spectroscopy",99.94,Weight %,1955
2.643,0.023648,0.000709439,None kPa,N/A,8980,['C'],A,Low temperature calorimetry set up,"origin: commercial source,99.94 weight % (total),spectroscopy",99.94,Weight %,1955
2.679,0.0245266,0.000735798,None kPa,N/A,8980,['C'],A,Low temperature calorimetry set up,"origin: commercial source,99.94 weight % (total),spectroscopy",99.94,Weight %,1955
2.712,0.025581,0.000767429,None kPa,N/A,8980,['C'],A,Low temperature calorimetry set up,"origin: commercial source,99.94 weight % (total),spectroscopy",99.94,Weight %,1955
2.746,0.0251124,0.000753371,None kPa,N/A,8980,['C'],A,Low temperature calorimetry set up,"origin: commercial source,99.94 weight % (total),spectroscopy",99.94,Weight %,1955
2.794,0.0269659,0.000808976,None kPa,N/A,8980,['C'],A,Low temperature calorimetry set up,"origin: commercial source,99.94 weight % (total),spectroscopy",99.94,Weight %,1955
2.837,0.0289868,0.000869603,None kPa,N/A,8980,['C'],A,Low temperature calorimetry set up,"origin: commercial source,99.94 weight % (total),spectroscopy",99.94,Weight %,1955
2.896,0.0301374,0.000904121,None kPa,N/A,8980,['C'],A,Low temperature calorimetry set up,"origin: commercial source,99.94 weight % (total),spectroscopy",99.94,Weight %,1955
2.942,0.0313131,0.000939392,None kPa,N/A,8980,['C'],A,Low temperature calorimetry set up,"origin: commercial source,99.94 weight % (total),spectroscopy",99.94,Weight %,1955
3.002,0.0319197,0.000957592,None kPa,N/A,8980,['C'],A,Low temperature calorimetry set up,"origin: commercial source,99.94 weight % (total),spectroscopy",99.94,Weight %,1955
3.074,0.0343967,0.0010319,None kPa,N/A,8980,['C'],A,Low temperature calorimetry set up,"origin: commercial source,99.94 weight % (total),spectroscopy",99.94,Weight %,1955
3.122,0.0366602,0.00109981,None kPa,N/A,8980,['C'],A,Low temperature calorimetry set up,"origin: commercial source,99.94 weight % (total),spectroscopy",99.94,Weight %,1955
3.18,0.0369405,0.00110822,None kPa,N/A,8980,['C'],A,Low temperature calorimetry set up,"origin: commercial source,99.94 weight % (total),spectroscopy",99.94,Weight %,1955
3.239,0.0389112,0.00116734,None kPa,N/A,8980,['C'],A,Low temperature calorimetry set up,"origin: commercial source,99.94 weight % (total),spectroscopy",99.94,Weight %,1955
3.263,0.0397564,0.00119269,None kPa,N/A,8980,['C'],A,Low temperature calorimetry set up,"origin: commercial source,99.94 weight % (total),spectroscopy",99.94,Weight %,1955
3.342,0.0424383,0.00127315,None kPa,N/A,8980,['C'],A,Low temperature calorimetry set up,"origin: commercial source,99.94 weight % (total),spectroscopy",99.94,Weight %,1955
3.4,0.0444006,0.00133202,None kPa,N/A,8980,['C'],A,Low temperature calorimetry set up,"origin: commercial source,99.94 weight % (total),spectroscopy",99.94,Weight %,1955
3.431,0.0451621,0.00135486,None kPa,N/A,8980,['C'],A,Low temperature calorimetry set up,"origin: commercial source,99.94 weight % (total),spectroscopy",99.94,Weight %,1955
3.491,0.0482875,0.00144863,None kPa,N/A,8980,['C'],A,Low temperature calorimetry set up,"origin: commercial source,99.94 weight % (total),spectroscopy",99.94,Weight %,1955
3.501,0.0478273,0.00143482,None kPa,N/A,8980,['C'],A,Low temperature calorimetry set up,"origin: commercial source,99.94 weight % (total),spectroscopy",99.94,Weight %,1955
3.564,0.0489779,0.00146934,None kPa,N/A,8980,['C'],A,Low temperature calorimetry set up,"origin: commercial source,99.94 weight % (total),spectroscopy",99.94,Weight %,1955
3.622,0.0515343,0.00154603,None kPa,N/A,8980,['C'],A,Low temperature calorimetry set up,"origin: commercial source,99.94 weight % (total),spectroscopy",99.94,Weight %,1955
3.713,0.0557267,0.0016718,None kPa,N/A,8980,['C'],A,Low temperature calorimetry set up,"origin: commercial source,99.94 weight % (total),spectroscopy",99.94,Weight %,1955
3.737,0.0554464,0.00166339,None kPa,N/A,8980,['C'],A,Low temperature calorimetry set up,"origin: commercial source,99.94 weight % (total),spectroscopy",99.94,Weight %,1955
3.775,0.0565091,0.00169527,None kPa,N/A,8980,['C'],A,Low temperature calorimetry set up,"origin: commercial source,99.94 weight % (total),spectroscopy",99.94,Weight %,1955
3.84,0.0595718,0.00178715,None kPa,N/A,8980,['C'],A,Low temperature calorimetry set up,"origin: commercial source,99.94 weight % (total),spectroscopy",99.94,Weight %,1955
3.841,0.0599902,0.00179971,None kPa,N/A,8980,['C'],A,Low temperature calorimetry set up,"origin: commercial source,99.94 weight % (total),spectroscopy",99.94,Weight %,1955
3.864,0.059622,0.00178866,None kPa,N/A,8980,['C'],A,Low temperature calorimetry set up,"origin: commercial source,99.94 weight % (total),spectroscopy",99.94,Weight %,1955
3.92,0.0627809,0.00188343,None kPa,N/A,8980,['C'],A,Low temperature calorimetry set up,"origin: commercial source,99.94 weight % (total),spectroscopy",99.94,Weight %,1955
3.939,0.0637056,0.00191117,None kPa,N/A,8980,['C'],A,Low temperature calorimetry set up,"origin: commercial source,99.94 weight % (total),spectroscopy",99.94,Weight %,1955
3.941,0.0664461,0.00199338,None kPa,N/A,8980,['C'],A,Low temperature calorimetry set up,"origin: commercial source,99.94 weight % (total),spectroscopy",99.94,Weight %,1955
3.951,0.066944,0.00200832,None kPa,N/A,8980,['C'],A,Low temperature calorimetry set up,"origin: commercial source,99.94 weight % (total),spectroscopy",99.94,Weight %,1955
4.003,0.0665674,0.00199702,None kPa,N/A,8980,['C'],A,Low temperature calorimetry set up,"origin: commercial source,99.94 weight % (total),spectroscopy",99.94,Weight %,1955
4.019,0.0676553,0.00202966,None kPa,N/A,8980,['C'],A,Low temperature calorimetry set up,"origin: commercial source,99.94 weight % (total),spectroscopy",99.94,Weight %,1955
4.045,0.0666386,0.00199916,None kPa,N/A,8980,['C'],A,Low temperature calorimetry set up,"origin: commercial source,99.94 weight % (total),spectroscopy",99.94,Weight %,1955
4.067,0.0654754,0.00196426,None kPa,N/A,8980,['C'],A,Low temperature calorimetry set up,"origin: commercial source,99.94 weight % (total),spectroscopy",99.94,Weight %,1955
4.072,0.0642997,0.00192899,None kPa,N/A,8980,['C'],A,Low temperature calorimetry set up,"origin: commercial source,99.94 weight % (total),spectroscopy",99.94,Weight %,1955
4.116,0.0617684,0.00185305,None kPa,N/A,8980,['C'],A,Low temperature calorimetry set up,"origin: commercial source,99.94 weight % (total),spectroscopy",99.94,Weight %,1955
4.125,0.0637056,0.00191117,None kPa,N/A,8980,['C'],A,Low temperature calorimetry set up,"origin: commercial source,99.94 weight % (total),spectroscopy",99.94,Weight %,1955
4.163,0.0598814,0.00179644,None kPa,N/A,8980,['C'],A,Low temperature calorimetry set up,"origin: commercial source,99.94 weight % (total),spectroscopy",99.94,Weight %,1955
4.184,0.0585593,0.00175678,None kPa,N/A,8980,['C'],A,Low temperature calorimetry set up,"origin: commercial source,99.94 weight % (total),spectroscopy",99.94,Weight %,1955
4.246,0.0550322,0.00165096,None kPa,N/A,8980,['C'],A,Low temperature calorimetry set up,"origin: commercial source,99.94 weight % (total),spectroscopy",99.94,Weight %,1955
4.246,0.0517979,0.00155394,None kPa,N/A,8980,['C'],A,Low temperature calorimetry set up,"origin: commercial source,99.94 weight % (total),spectroscopy",99.94,Weight %,1955
4.249,0.0542581,0.00162774,None kPa,N/A,8980,['C'],A,Low temperature calorimetry set up,"origin: commercial source,99.94 weight % (total),spectroscopy",99.94,Weight %,1955
4.275,0.0537853,0.00161356,None kPa,N/A,8980,['C'],A,Low temperature calorimetry set up,"origin: commercial source,99.94 weight % (total),spectroscopy",99.94,Weight %,1955
4.294,0.0500532,0.0015016,None kPa,N/A,8980,['C'],A,Low temperature calorimetry set up,"origin: commercial source,99.94 weight % (total),spectroscopy",99.94,Weight %,1955
4.297,0.0494047,0.00148214,None kPa,N/A,8980,['C'],A,Low temperature calorimetry set up,"origin: commercial source,99.94 weight % (total),spectroscopy",99.94,Weight %,1955
4.302,0.0505218,0.00151565,None kPa,N/A,8980,['C'],A,Low temperature calorimetry set up,"origin: commercial source,99.94 weight % (total),spectroscopy",99.94,Weight %,1955
4.32,0.0488942,0.00146683,None kPa,N/A,8980,['C'],A,Low temperature calorimetry set up,"origin: commercial source,99.94 weight % (total),spectroscopy",99.94,Weight %,1955
4.334,0.0476641,0.00142992,None kPa,N/A,8980,['C'],A,Low temperature calorimetry set up,"origin: commercial source,99.94 weight % (total),spectroscopy",99.94,Weight %,1955
4.361,0.04607,0.0013821,None kPa,N/A,8980,['C'],A,Low temperature calorimetry set up,"origin: commercial source,99.94 weight % (total),spectroscopy",99.94,Weight %,1955
4.403,0.0418149,0.00125445,None kPa,N/A,8980,['C'],A,Low temperature calorimetry set up,"origin: commercial source,99.94 weight % (total),spectroscopy",99.94,Weight %,1955
4.421,0.0426935,0.00128081,None kPa,N/A,8980,['C'],A,Low temperature calorimetry set up,"origin: commercial source,99.94 weight % (total),spectroscopy",99.94,Weight %,1955
4.432,0.0392334,0.001177,None kPa,N/A,8980,['C'],A,Low temperature calorimetry set up,"origin: commercial source,99.94 weight % (total),spectroscopy",99.94,Weight %,1955
4.444,0.0401162,0.00120349,None kPa,N/A,8980,['C'],A,Low temperature calorimetry set up,"origin: commercial source,99.94 weight % (total),spectroscopy",99.94,Weight %,1955
4.455,0.0398819,0.00119646,None kPa,N/A,8980,['C'],A,Low temperature calorimetry set up,"origin: commercial source,99.94 weight % (total),spectroscopy",99.94,Weight %,1955
4.463,0.0389112,0.00116734,None kPa,N/A,8980,['C'],A,Low temperature calorimetry set up,"origin: commercial source,99.94 weight % (total),spectroscopy",99.94,Weight %,1955
4.466,0.0380075,0.00114022,None kPa,N/A,8980,['C'],A,Low temperature calorimetry set up,"origin: commercial source,99.94 weight % (total),spectroscopy",99.94,Weight %,1955
4.486,0.0388861,0.00116658,None kPa,N/A,8980,['C'],A,Low temperature calorimetry set up,"origin: commercial source,99.94 weight % (total),spectroscopy",99.94,Weight %,1955
4.507,0.0391622,0.00117487,None kPa,N/A,8980,['C'],A,Low temperature calorimetry set up,"origin: commercial source,99.94 weight % (total),spectroscopy",99.94,Weight %,1955
4.524,0.0387438,0.00116232,None kPa,N/A,8980,['C'],A,Low temperature calorimetry set up,"origin: commercial source,99.94 weight % (total),spectroscopy",99.94,Weight %,1955
4.53,0.0394175,0.00118252,None kPa,N/A,8980,['C'],A,Low temperature calorimetry set up,"origin: commercial source,99.94 weight % (total),spectroscopy",99.94,Weight %,1955
4.546,0.038589,0.00115767,None kPa,N/A,8980,['C'],A,Low temperature calorimetry set up,"origin: commercial source,99.94 weight % (total),spectroscopy",99.94,Weight %,1955
4.597,0.0398526,0.00119558,None kPa,N/A,8980,['C'],A,Low temperature calorimetry set up,"origin: commercial source,99.94 weight % (total),spectroscopy",99.94,Weight %,1955
4.623,0.0404593,0.00121378,None kPa,N/A,8980,['C'],A,Low temperature calorimetry set up,"origin: commercial source,99.94 weight % (total),spectroscopy",99.94,Weight %,1955
4.623,0.039999,0.00119997,None kPa,N/A,8980,['C'],A,Low temperature calorimetry set up,"origin: commercial source,99.94 weight % (total),spectroscopy",99.94,Weight %,1955
4.639,0.0403463,0.00121039,None kPa,N/A,8980,['C'],A,Low temperature calorimetry set up,"origin: commercial source,99.94 weight % (total),spectroscopy",99.94,Weight %,1955
4.645,0.0424885,0.00127466,None kPa,N/A,8980,['C'],A,Low temperature calorimetry set up,"origin: commercial source,99.94 weight % (total),spectroscopy",99.94,Weight %,1955
4.668,0.042409,0.00127227,None kPa,N/A,8980,['C'],A,Low temperature calorimetry set up,"origin: commercial source,99.94 weight % (total),spectroscopy",99.94,Weight %,1955
4.685,0.0412333,0.001237,None kPa,N/A,8980,['C'],A,Low temperature calorimetry set up,"origin: commercial source,99.94 weight % (total),spectroscopy",99.94,Weight %,1955
4.72,0.0415095,0.00124528,None kPa,N/A,8980,['C'],A,Low temperature calorimetry set up,"origin: commercial source,99.94 weight % (total),spectroscopy",99.94,Weight %,1955
4.763,0.0434927,0.00130478,None kPa,N/A,8980,['C'],A,Low temperature calorimetry set up,"origin: commercial source,99.94 weight % (total),spectroscopy",99.94,Weight %,1955
4.79,0.0434006,0.00130202,None kPa,N/A,8980,['C'],A,Low temperature calorimetry set up,"origin: commercial source,99.94 weight % (total),spectroscopy",99.94,Weight %,1955
4.841,0.0445638,0.00133691,None kPa,N/A,8980,['C'],A,Low temperature calorimetry set up,"origin: commercial source,99.94 weight % (total),spectroscopy",99.94,Weight %,1955
4.963,0.0459361,0.00137808,None kPa,N/A,8980,['C'],A,Low temperature calorimetry set up,"origin: commercial source,99.94 weight % (total),spectroscopy",99.94,Weight %,1955
1.738,0.00592036,0.000177611,None kPa,N/A,8981,['C'],A,Low temperature calorimetry set up,"origin: commercial source,99.94 weight % (total),spectroscopy",99.94,Weight %,1955
1.752,0.006276,0.00018828,None kPa,N/A,8981,['C'],A,Low temperature calorimetry set up,"origin: commercial source,99.94 weight % (total),spectroscopy",99.94,Weight %,1955
1.785,0.0066693,0.000200079,None kPa,N/A,8981,['C'],A,Low temperature calorimetry set up,"origin: commercial source,99.94 weight % (total),spectroscopy",99.94,Weight %,1955
1.808,0.00707514,0.000212254,None kPa,N/A,8981,['C'],A,Low temperature calorimetry set up,"origin: commercial source,99.94 weight % (total),spectroscopy",99.94,Weight %,1955
1.836,0.00743497,0.000223049,None kPa,N/A,8981,['C'],A,Low temperature calorimetry set up,"origin: commercial source,99.94 weight % (total),spectroscopy",99.94,Weight %,1955
1.856,0.00775714,0.000232714,None kPa,N/A,8981,['C'],A,Low temperature calorimetry set up,"origin: commercial source,99.94 weight % (total),spectroscopy",99.94,Weight %,1955
1.896,0.0085521,0.000256563,None kPa,N/A,8981,['C'],A,Low temperature calorimetry set up,"origin: commercial source,99.94 weight % (total),spectroscopy",99.94,Weight %,1955
1.937,0.00924664,0.000277399,None kPa,N/A,8981,['C'],A,Low temperature calorimetry set up,"origin: commercial source,99.94 weight % (total),spectroscopy",99.94,Weight %,1955
1.958,0.00938471,0.000281541,None kPa,N/A,8981,['C'],A,Low temperature calorimetry set up,"origin: commercial source,99.94 weight % (total),spectroscopy",99.94,Weight %,1955
1.996,0.0102257,0.000306771,None kPa,N/A,8981,['C'],A,Low temperature calorimetry set up,"origin: commercial source,99.94 weight % (total),spectroscopy",99.94,Weight %,1955
2.023,0.0101253,0.000303758,None kPa,N/A,8981,['C'],A,Low temperature calorimetry set up,"origin: commercial source,99.94 weight % (total),spectroscopy",99.94,Weight %,1955
2.037,0.010506,0.000315181,None kPa,N/A,8981,['C'],A,Low temperature calorimetry set up,"origin: commercial source,99.94 weight % (total),spectroscopy",99.94,Weight %,1955
2.053,0.0107864,0.000323591,None kPa,N/A,8981,['C'],A,Low temperature calorimetry set up,"origin: commercial source,99.94 weight % (total),spectroscopy",99.94,Weight %,1955
2.072,0.0110458,0.000331373,None kPa,N/A,8981,['C'],A,Low temperature calorimetry set up,"origin: commercial source,99.94 weight % (total),spectroscopy",99.94,Weight %,1955
2.105,0.0114516,0.000343548,None kPa,N/A,8981,['C'],A,Low temperature calorimetry set up,"origin: commercial source,99.94 weight % (total),spectroscopy",99.94,Weight %,1955
2.134,0.0121252,0.000363757,None kPa,N/A,8981,['C'],A,Low temperature calorimetry set up,"origin: commercial source,99.94 weight % (total),spectroscopy",99.94,Weight %,1955
2.16,0.012983,0.000389489,None kPa,N/A,8981,['C'],A,Low temperature calorimetry set up,"origin: commercial source,99.94 weight % (total),spectroscopy",99.94,Weight %,1955
2.189,0.0128407,0.000385221,None kPa,N/A,8981,['C'],A,Low temperature calorimetry set up,"origin: commercial source,99.94 weight % (total),spectroscopy",99.94,Weight %,1955
2.223,0.0137654,0.000412961,None kPa,N/A,8981,['C'],A,Low temperature calorimetry set up,"origin: commercial source,99.94 weight % (total),spectroscopy",99.94,Weight %,1955
2.264,0.014393,0.000431789,None kPa,N/A,8981,['C'],A,Low temperature calorimetry set up,"origin: commercial source,99.94 weight % (total),spectroscopy",99.94,Weight %,1955
2.29,0.0151168,0.000453504,None kPa,N/A,8981,['C'],A,Low temperature calorimetry set up,"origin: commercial source,99.94 weight % (total),spectroscopy",99.94,Weight %,1955
2.308,0.0152088,0.000456265,None kPa,N/A,8981,['C'],A,Low temperature calorimetry set up,"origin: commercial source,99.94 weight % (total),spectroscopy",99.94,Weight %,1955
2.327,0.0157653,0.000472959,None kPa,N/A,8981,['C'],A,Low temperature calorimetry set up,"origin: commercial source,99.94 weight % (total),spectroscopy",99.94,Weight %,1955
2.342,0.0160289,0.000480867,None kPa,N/A,8981,['C'],A,Low temperature calorimetry set up,"origin: commercial source,99.94 weight % (total),spectroscopy",99.94,Weight %,1955
2.394,0.0170582,0.000511745,None kPa,N/A,8981,['C'],A,Low temperature calorimetry set up,"origin: commercial source,99.94 weight % (total),spectroscopy",99.94,Weight %,1955
2.454,0.0183385,0.000550154,None kPa,N/A,8981,['C'],A,Low temperature calorimetry set up,"origin: commercial source,99.94 weight % (total),spectroscopy",99.94,Weight %,1955
2.506,0.0195058,0.000585174,None kPa,N/A,8981,['C'],A,Low temperature calorimetry set up,"origin: commercial source,99.94 weight % (total),spectroscopy",99.94,Weight %,1955
2.569,0.0208698,0.000626094,None kPa,N/A,8981,['C'],A,Low temperature calorimetry set up,"origin: commercial source,99.94 weight % (total),spectroscopy",99.94,Weight %,1955
2.632,0.0222505,0.000667515,None kPa,N/A,8981,['C'],A,Low temperature calorimetry set up,"origin: commercial source,99.94 weight % (total),spectroscopy",99.94,Weight %,1955
2.654,0.0235015,0.000705046,None kPa,N/A,8981,['C'],A,Low temperature calorimetry set up,"origin: commercial source,99.94 weight % (total),spectroscopy",99.94,Weight %,1955
2.682,0.0233091,0.000699272,None kPa,N/A,8981,['C'],A,Low temperature calorimetry set up,"origin: commercial source,99.94 weight % (total),spectroscopy",99.94,Weight %,1955
2.708,0.0234388,0.000703163,None kPa,N/A,8981,['C'],A,Low temperature calorimetry set up,"origin: commercial source,99.94 weight % (total),spectroscopy",99.94,Weight %,1955
2.71,0.0238279,0.000714836,None kPa,N/A,8981,['C'],A,Low temperature calorimetry set up,"origin: commercial source,99.94 weight % (total),spectroscopy",99.94,Weight %,1955
2.731,0.0239785,0.000719355,None kPa,N/A,8981,['C'],A,Low temperature calorimetry set up,"origin: commercial source,99.94 weight % (total),spectroscopy",99.94,Weight %,1955
2.765,0.0252714,0.000758141,None kPa,N/A,8981,['C'],A,Low temperature calorimetry set up,"origin: commercial source,99.94 weight % (total),spectroscopy",99.94,Weight %,1955
2.767,0.0258613,0.000775839,None kPa,N/A,8981,['C'],A,Low temperature calorimetry set up,"origin: commercial source,99.94 weight % (total),spectroscopy",99.94,Weight %,1955
2.803,0.0260077,0.000780232,None kPa,N/A,8981,['C'],A,Low temperature calorimetry set up,"origin: commercial source,99.94 weight % (total),spectroscopy",99.94,Weight %,1955
2.837,0.0271542,0.000814625,None kPa,N/A,8981,['C'],A,Low temperature calorimetry set up,"origin: commercial source,99.94 weight % (total),spectroscopy",99.94,Weight %,1955
2.879,0.0280495,0.000841486,None kPa,N/A,8981,['C'],A,Low temperature calorimetry set up,"origin: commercial source,99.94 weight % (total),spectroscopy",99.94,Weight %,1955
2.91,0.0290244,0.000870732,None kPa,N/A,8981,['C'],A,Low temperature calorimetry set up,"origin: commercial source,99.94 weight % (total),spectroscopy",99.94,Weight %,1955
2.955,0.030016,0.00090048,None kPa,N/A,8981,['C'],A,Low temperature calorimetry set up,"origin: commercial source,99.94 weight % (total),spectroscopy",99.94,Weight %,1955
3.034,0.0322419,0.000967257,None kPa,N/A,8981,['C'],A,Low temperature calorimetry set up,"origin: commercial source,99.94 weight % (total),spectroscopy",99.94,Weight %,1955
3.056,0.0336812,0.00101044,None kPa,N/A,8981,['C'],A,Low temperature calorimetry set up,"origin: commercial source,99.94 weight % (total),spectroscopy",99.94,Weight %,1955
3.064,0.0332795,0.000998386,None kPa,N/A,8981,['C'],A,Low temperature calorimetry set up,"origin: commercial source,99.94 weight % (total),spectroscopy",99.94,Weight %,1955
3.107,0.034246,0.00102738,None kPa,N/A,8981,['C'],A,Low temperature calorimetry set up,"origin: commercial source,99.94 weight % (total),spectroscopy",99.94,Weight %,1955
3.182,0.03761,0.0011283,None kPa,N/A,8981,['C'],A,Low temperature calorimetry set up,"origin: commercial source,99.94 weight % (total),spectroscopy",99.94,Weight %,1955
3.249,0.0385095,0.00115529,None kPa,N/A,8981,['C'],A,Low temperature calorimetry set up,"origin: commercial source,99.94 weight % (total),spectroscopy",99.94,Weight %,1955
3.249,0.0378736,0.00113621,None kPa,N/A,8981,['C'],A,Low temperature calorimetry set up,"origin: commercial source,99.94 weight % (total),spectroscopy",99.94,Weight %,1955
3.297,0.0408317,0.00122495,None kPa,N/A,8981,['C'],A,Low temperature calorimetry set up,"origin: commercial source,99.94 weight % (total),spectroscopy",99.94,Weight %,1955
3.334,0.0404676,0.00121403,None kPa,N/A,8981,['C'],A,Low temperature calorimetry set up,"origin: commercial source,99.94 weight % (total),spectroscopy",99.94,Weight %,1955
3.397,0.0428358,0.00128507,None kPa,N/A,8981,['C'],A,Low temperature calorimetry set up,"origin: commercial source,99.94 weight % (total),spectroscopy",99.94,Weight %,1955
3.511,0.0470323,0.00141097,None kPa,N/A,8981,['C'],A,Low temperature calorimetry set up,"origin: commercial source,99.94 weight % (total),spectroscopy",99.94,Weight %,1955
3.535,0.0476181,0.00142854,None kPa,N/A,8981,['C'],A,Low temperature calorimetry set up,"origin: commercial source,99.94 weight % (total),spectroscopy",99.94,Weight %,1955
3.686,0.0523126,0.00156938,None kPa,N/A,8981,['C'],A,Low temperature calorimetry set up,"origin: commercial source,99.94 weight % (total),spectroscopy",99.94,Weight %,1955
3.689,0.0531284,0.00159385,None kPa,N/A,8981,['C'],A,Low temperature calorimetry set up,"origin: commercial source,99.94 weight % (total),spectroscopy",99.94,Weight %,1955
3.749,0.0550824,0.00165247,None kPa,N/A,8981,['C'],A,Low temperature calorimetry set up,"origin: commercial source,99.94 weight % (total),spectroscopy",99.94,Weight %,1955
3.751,0.0557727,0.00167318,None kPa,N/A,8981,['C'],A,Low temperature calorimetry set up,"origin: commercial source,99.94 weight % (total),spectroscopy",99.94,Weight %,1955
3.794,0.0563041,0.00168912,None kPa,N/A,8981,['C'],A,Low temperature calorimetry set up,"origin: commercial source,99.94 weight % (total),spectroscopy",99.94,Weight %,1955
3.812,0.0562999,0.001689,None kPa,N/A,8981,['C'],A,Low temperature calorimetry set up,"origin: commercial source,99.94 weight % (total),spectroscopy",99.94,Weight %,1955
3.926,0.0616345,0.00184904,None kPa,N/A,8981,['C'],A,Low temperature calorimetry set up,"origin: commercial source,99.94 weight % (total),spectroscopy",99.94,Weight %,1955
3.948,0.0634043,0.00190213,None kPa,N/A,8981,['C'],A,Low temperature calorimetry set up,"origin: commercial source,99.94 weight % (total),spectroscopy",99.94,Weight %,1955
4.029,0.0666553,0.00199966,None kPa,N/A,8981,['C'],A,Low temperature calorimetry set up,"origin: commercial source,99.94 weight % (total),spectroscopy",99.94,Weight %,1955
4.037,0.0656219,0.00196866,None kPa,N/A,8981,['C'],A,Low temperature calorimetry set up,"origin: commercial source,99.94 weight % (total),spectroscopy",99.94,Weight %,1955
4.043,0.0675172,0.00202552,None kPa,N/A,8981,['C'],A,Low temperature calorimetry set up,"origin: commercial source,99.94 weight % (total),spectroscopy",99.94,Weight %,1955
4.126,0.0693623,0.00208087,None kPa,N/A,8981,['C'],A,Low temperature calorimetry set up,"origin: commercial source,99.94 weight % (total),spectroscopy",99.94,Weight %,1955
4.158,0.0707891,0.00212367,None kPa,N/A,8981,['C'],A,Low temperature calorimetry set up,"origin: commercial source,99.94 weight % (total),spectroscopy",99.94,Weight %,1955
4.169,0.0719815,0.00215945,None kPa,N/A,8981,['C'],A,Low temperature calorimetry set up,"origin: commercial source,99.94 weight % (total),spectroscopy",99.94,Weight %,1955
4.234,0.0731656,0.00219497,None kPa,N/A,8981,['C'],A,Low temperature calorimetry set up,"origin: commercial source,99.94 weight % (total),spectroscopy",99.94,Weight %,1955
4.296,0.0777094,0.00233128,None kPa,N/A,8981,['C'],A,Low temperature calorimetry set up,"origin: commercial source,99.94 weight % (total),spectroscopy",99.94,Weight %,1955
4.319,0.0692996,0.00207899,None kPa,N/A,8981,['C'],A,Low temperature calorimetry set up,"origin: commercial source,99.94 weight % (total),spectroscopy",99.94,Weight %,1955
4.329,0.0760777,0.00228233,None kPa,N/A,8981,['C'],A,Low temperature calorimetry set up,"origin: commercial source,99.94 weight % (total),spectroscopy",99.94,Weight %,1955
4.348,0.0737932,0.0022138,None kPa,N/A,8981,['C'],A,Low temperature calorimetry set up,"origin: commercial source,99.94 weight % (total),spectroscopy",99.94,Weight %,1955
4.505,0.0390618,0.00117185,None kPa,N/A,8981,['C'],A,Low temperature calorimetry set up,"origin: commercial source,99.94 weight % (total),spectroscopy",99.94,Weight %,1955
4.55,0.0388819,0.00116646,None kPa,N/A,8981,['C'],A,Low temperature calorimetry set up,"origin: commercial source,99.94 weight % (total),spectroscopy",99.94,Weight %,1955
4.584,0.040363,0.00121089,None kPa,N/A,8981,['C'],A,Low temperature calorimetry set up,"origin: commercial source,99.94 weight % (total),spectroscopy",99.94,Weight %,1955
4.602,0.0401497,0.00120449,None kPa,N/A,8981,['C'],A,Low temperature calorimetry set up,"origin: commercial source,99.94 weight % (total),spectroscopy",99.94,Weight %,1955
4.656,0.0405095,0.00121528,None kPa,N/A,8981,['C'],A,Low temperature calorimetry set up,"origin: commercial source,99.94 weight % (total),spectroscopy",99.94,Weight %,1955
4.725,0.040794,0.00122382,None kPa,N/A,8981,['C'],A,Low temperature calorimetry set up,"origin: commercial source,99.94 weight % (total),spectroscopy",99.94,Weight %,1955
4.741,0.0416726,0.00125018,None kPa,N/A,8981,['C'],A,Low temperature calorimetry set up,"origin: commercial source,99.94 weight % (total),spectroscopy",99.94,Weight %,1955
4.832,0.0441663,0.00132499,None kPa,N/A,8981,['C'],A,Low temperature calorimetry set up,"origin: commercial source,99.94 weight % (total),spectroscopy",99.94,Weight %,1955
4.852,0.0426977,0.00128093,None kPa,N/A,8981,['C'],A,Low temperature calorimetry set up,"origin: commercial source,99.94 weight % (total),spectroscopy",99.94,Weight %,1955
4.862,0.0447772,0.00134332,None kPa,N/A,8981,['C'],A,Low temperature calorimetry set up,"origin: commercial source,99.94 weight % (total),spectroscopy",99.94,Weight %,1955
4.966,0.0467688,0.00140306,None kPa,N/A,8981,['C'],A,Low temperature calorimetry set up,"origin: commercial source,99.94 weight % (total),spectroscopy",99.94,Weight %,1955
1.752,0.0131336,0.000394007,None kPa,N/A,8982,['C'],A,Low temperature calorimetry set up,"origin: commercial source,99.94 weight % (total),spectroscopy",99.94,Weight %,1955
1.772,0.0129578,0.000388735,None kPa,N/A,8982,['C'],A,Low temperature calorimetry set up,"origin: commercial source,99.94 weight % (total),spectroscopy",99.94,Weight %,1955
1.809,0.0128532,0.000385597,None kPa,N/A,8982,['C'],A,Low temperature calorimetry set up,"origin: commercial source,99.94 weight % (total),spectroscopy",99.94,Weight %,1955
1.829,0.0132968,0.000398903,None kPa,N/A,8982,['C'],A,Low temperature calorimetry set up,"origin: commercial source,99.94 weight % (total),spectroscopy",99.94,Weight %,1955
1.839,0.0132968,0.000398903,None kPa,N/A,8982,['C'],A,Low temperature calorimetry set up,"origin: commercial source,99.94 weight % (total),spectroscopy",99.94,Weight %,1955
1.866,0.0136691,0.000410074,None kPa,N/A,8982,['C'],A,Low temperature calorimetry set up,"origin: commercial source,99.94 weight % (total),spectroscopy",99.94,Weight %,1955
1.872,0.0134516,0.000403547,None kPa,N/A,8982,['C'],A,Low temperature calorimetry set up,"origin: commercial source,99.94 weight % (total),spectroscopy",99.94,Weight %,1955
1.881,0.0132298,0.000396894,None kPa,N/A,8982,['C'],A,Low temperature calorimetry set up,"origin: commercial source,99.94 weight % (total),spectroscopy",99.94,Weight %,1955
1.908,0.0135938,0.000407814,None kPa,N/A,8982,['C'],A,Low temperature calorimetry set up,"origin: commercial source,99.94 weight % (total),spectroscopy",99.94,Weight %,1955
1.932,0.0134892,0.000404676,None kPa,N/A,8982,['C'],A,Low temperature calorimetry set up,"origin: commercial source,99.94 weight % (total),spectroscopy",99.94,Weight %,1955
1.947,0.0137361,0.000412082,None kPa,N/A,8982,['C'],A,Low temperature calorimetry set up,"origin: commercial source,99.94 weight % (total),spectroscopy",99.94,Weight %,1955
1.952,0.0136859,0.000410576,None kPa,N/A,8982,['C'],A,Low temperature calorimetry set up,"origin: commercial source,99.94 weight % (total),spectroscopy",99.94,Weight %,1955
1.998,0.0143971,0.000431914,None kPa,N/A,8982,['C'],A,Low temperature calorimetry set up,"origin: commercial source,99.94 weight % (total),spectroscopy",99.94,Weight %,1955
1.998,0.0138909,0.000416726,None kPa,N/A,8982,['C'],A,Low temperature calorimetry set up,"origin: commercial source,99.94 weight % (total),spectroscopy",99.94,Weight %,1955
2.025,0.0139704,0.000419111,None kPa,N/A,8982,['C'],A,Low temperature calorimetry set up,"origin: commercial source,99.94 weight % (total),spectroscopy",99.94,Weight %,1955
2.032,0.014167,0.000425011,None kPa,N/A,8982,['C'],A,Low temperature calorimetry set up,"origin: commercial source,99.94 weight % (total),spectroscopy",99.94,Weight %,1955
2.102,0.0145143,0.000435429,None kPa,N/A,8982,['C'],A,Low temperature calorimetry set up,"origin: commercial source,99.94 weight % (total),spectroscopy",99.94,Weight %,1955
2.148,0.0145352,0.000436056,None kPa,N/A,8982,['C'],A,Low temperature calorimetry set up,"origin: commercial source,99.94 weight % (total),spectroscopy",99.94,Weight %,1955
2.198,0.0149704,0.000449111,None kPa,N/A,8982,['C'],A,Low temperature calorimetry set up,"origin: commercial source,99.94 weight % (total),spectroscopy",99.94,Weight %,1955
2.241,0.0151586,0.000454759,None kPa,N/A,8982,['C'],A,Low temperature calorimetry set up,"origin: commercial source,99.94 weight % (total),spectroscopy",99.94,Weight %,1955
2.245,0.0153762,0.000461286,None kPa,N/A,8982,['C'],A,Low temperature calorimetry set up,"origin: commercial source,99.94 weight % (total),spectroscopy",99.94,Weight %,1955
2.336,0.0158155,0.000474466,None kPa,N/A,8982,['C'],A,Low temperature calorimetry set up,"origin: commercial source,99.94 weight % (total),spectroscopy",99.94,Weight %,1955
2.351,0.0156858,0.000470574,None kPa,N/A,8982,['C'],A,Low temperature calorimetry set up,"origin: commercial source,99.94 weight % (total),spectroscopy",99.94,Weight %,1955
2.392,0.0163678,0.000491034,None kPa,N/A,8982,['C'],A,Low temperature calorimetry set up,"origin: commercial source,99.94 weight % (total),spectroscopy",99.94,Weight %,1955
2.43,0.0165435,0.000496306,None kPa,N/A,8982,['C'],A,Low temperature calorimetry set up,"origin: commercial source,99.94 weight % (total),spectroscopy",99.94,Weight %,1955
2.472,0.0167695,0.000503084,None kPa,N/A,8982,['C'],A,Low temperature calorimetry set up,"origin: commercial source,99.94 weight % (total),spectroscopy",99.94,Weight %,1955
2.51,0.017213,0.000516389,None kPa,N/A,8982,['C'],A,Low temperature calorimetry set up,"origin: commercial source,99.94 weight % (total),spectroscopy",99.94,Weight %,1955
2.517,0.0173678,0.000521034,None kPa,N/A,8982,['C'],A,Low temperature calorimetry set up,"origin: commercial source,99.94 weight % (total),spectroscopy",99.94,Weight %,1955
2.551,0.0174222,0.000522665,None kPa,N/A,8982,['C'],A,Low temperature calorimetry set up,"origin: commercial source,99.94 weight % (total),spectroscopy",99.94,Weight %,1955
2.555,0.0175519,0.000526556,None kPa,N/A,8982,['C'],A,Low temperature calorimetry set up,"origin: commercial source,99.94 weight % (total),spectroscopy",99.94,Weight %,1955
2.591,0.0177276,0.000531828,None kPa,N/A,8982,['C'],A,Low temperature calorimetry set up,"origin: commercial source,99.94 weight % (total),spectroscopy",99.94,Weight %,1955
2.616,0.0181125,0.000543376,None kPa,N/A,8982,['C'],A,Low temperature calorimetry set up,"origin: commercial source,99.94 weight % (total),spectroscopy",99.94,Weight %,1955
2.627,0.0180038,0.000540113,None kPa,N/A,8982,['C'],A,Low temperature calorimetry set up,"origin: commercial source,99.94 weight % (total),spectroscopy",99.94,Weight %,1955
2.657,0.0183887,0.00055166,None kPa,N/A,8982,['C'],A,Low temperature calorimetry set up,"origin: commercial source,99.94 weight % (total),spectroscopy",99.94,Weight %,1955
2.689,0.0186774,0.000560321,None kPa,N/A,8982,['C'],A,Low temperature calorimetry set up,"origin: commercial source,99.94 weight % (total),spectroscopy",99.94,Weight %,1955
2.728,0.0189744,0.000569233,None kPa,N/A,8982,['C'],A,Low temperature calorimetry set up,"origin: commercial source,99.94 weight % (total),spectroscopy",99.94,Weight %,1955
2.76,0.0187694,0.000563083,None kPa,N/A,8982,['C'],A,Low temperature calorimetry set up,"origin: commercial source,99.94 weight % (total),spectroscopy",99.94,Weight %,1955
2.767,0.019146,0.00057438,None kPa,N/A,8982,['C'],A,Low temperature calorimetry set up,"origin: commercial source,99.94 weight % (total),spectroscopy",99.94,Weight %,1955
2.797,0.0193552,0.000580656,None kPa,N/A,8982,['C'],A,Low temperature calorimetry set up,"origin: commercial source,99.94 weight % (total),spectroscopy",99.94,Weight %,1955
2.803,0.0199912,0.000599735,None kPa,N/A,8982,['C'],A,Low temperature calorimetry set up,"origin: commercial source,99.94 weight % (total),spectroscopy",99.94,Weight %,1955
2.827,0.0198698,0.000596094,None kPa,N/A,8982,['C'],A,Low temperature calorimetry set up,"origin: commercial source,99.94 weight % (total),spectroscopy",99.94,Weight %,1955
2.832,0.0196146,0.000588438,None kPa,N/A,8982,['C'],A,Low temperature calorimetry set up,"origin: commercial source,99.94 weight % (total),spectroscopy",99.94,Weight %,1955
2.864,0.0205225,0.000615676,None kPa,N/A,8982,['C'],A,Low temperature calorimetry set up,"origin: commercial source,99.94 weight % (total),spectroscopy",99.94,Weight %,1955
2.878,0.0202966,0.000608898,None kPa,N/A,8982,['C'],A,Low temperature calorimetry set up,"origin: commercial source,99.94 weight % (total),spectroscopy",99.94,Weight %,1955
2.902,0.0202004,0.000606011,None kPa,N/A,8982,['C'],A,Low temperature calorimetry set up,"origin: commercial source,99.94 weight % (total),spectroscopy",99.94,Weight %,1955
2.908,0.0205811,0.000617433,None kPa,N/A,8982,['C'],A,Low temperature calorimetry set up,"origin: commercial source,99.94 weight % (total),spectroscopy",99.94,Weight %,1955
2.92,0.0205434,0.000616303,None kPa,N/A,8982,['C'],A,Low temperature calorimetry set up,"origin: commercial source,99.94 weight % (total),spectroscopy",99.94,Weight %,1955
2.933,0.0204472,0.000613416,None kPa,N/A,8982,['C'],A,Low temperature calorimetry set up,"origin: commercial source,99.94 weight % (total),spectroscopy",99.94,Weight %,1955
2.975,0.0210539,0.000631617,None kPa,N/A,8982,['C'],A,Low temperature calorimetry set up,"origin: commercial source,99.94 weight % (total),spectroscopy",99.94,Weight %,1955
2.99,0.0208572,0.000625717,None kPa,N/A,8982,['C'],A,Low temperature calorimetry set up,"origin: commercial source,99.94 weight % (total),spectroscopy",99.94,Weight %,1955
3.023,0.0211878,0.000635633,None kPa,N/A,8982,['C'],A,Low temperature calorimetry set up,"origin: commercial source,99.94 weight % (total),spectroscopy",99.94,Weight %,1955
3.037,0.0214179,0.000642537,None kPa,N/A,8982,['C'],A,Low temperature calorimetry set up,"origin: commercial source,99.94 weight % (total),spectroscopy",99.94,Weight %,1955
3.102,0.0220873,0.00066262,None kPa,N/A,8982,['C'],A,Low temperature calorimetry set up,"origin: commercial source,99.94 weight % (total),spectroscopy",99.94,Weight %,1955
3.105,0.0222589,0.000667766,None kPa,N/A,8982,['C'],A,Low temperature calorimetry set up,"origin: commercial source,99.94 weight % (total),spectroscopy",99.94,Weight %,1955
3.139,0.0225894,0.000677682,None kPa,N/A,8982,['C'],A,Low temperature calorimetry set up,"origin: commercial source,99.94 weight % (total),spectroscopy",99.94,Weight %,1955
3.171,0.022966,0.000688979,None kPa,N/A,8982,['C'],A,Low temperature calorimetry set up,"origin: commercial source,99.94 weight % (total),spectroscopy",99.94,Weight %,1955
3.212,0.0232798,0.000698393,None kPa,N/A,8982,['C'],A,Low temperature calorimetry set up,"origin: commercial source,99.94 weight % (total),spectroscopy",99.94,Weight %,1955
3.255,0.0233635,0.000700904,None kPa,N/A,8982,['C'],A,Low temperature calorimetry set up,"origin: commercial source,99.94 weight % (total),spectroscopy",99.94,Weight %,1955
3.272,0.0235224,0.000705673,None kPa,N/A,8982,['C'],A,Low temperature calorimetry set up,"origin: commercial source,99.94 weight % (total),spectroscopy",99.94,Weight %,1955
3.338,0.0247023,0.00074107,None kPa,N/A,8982,['C'],A,Low temperature calorimetry set up,"origin: commercial source,99.94 weight % (total),spectroscopy",99.94,Weight %,1955
3.353,0.0242463,0.000727388,None kPa,N/A,8982,['C'],A,Low temperature calorimetry set up,"origin: commercial source,99.94 weight % (total),spectroscopy",99.94,Weight %,1955
3.394,0.0244011,0.000732033,None kPa,N/A,8982,['C'],A,Low temperature calorimetry set up,"origin: commercial source,99.94 weight % (total),spectroscopy",99.94,Weight %,1955
3.409,0.0251919,0.000755756,None kPa,N/A,8982,['C'],A,Low temperature calorimetry set up,"origin: commercial source,99.94 weight % (total),spectroscopy",99.94,Weight %,1955
3.439,0.0257776,0.000773329,None kPa,N/A,8982,['C'],A,Low temperature calorimetry set up,"origin: commercial source,99.94 weight % (total),spectroscopy",99.94,Weight %,1955
3.478,0.0257776,0.000773329,None kPa,N/A,8982,['C'],A,Low temperature calorimetry set up,"origin: commercial source,99.94 weight % (total),spectroscopy",99.94,Weight %,1955
3.499,0.0263718,0.000791153,None kPa,N/A,8982,['C'],A,Low temperature calorimetry set up,"origin: commercial source,99.94 weight % (total),spectroscopy",99.94,Weight %,1955
3.547,0.0267525,0.000802575,None kPa,N/A,8982,['C'],A,Low temperature calorimetry set up,"origin: commercial source,99.94 weight % (total),spectroscopy",99.94,Weight %,1955
3.564,0.027037,0.00081111,None kPa,N/A,8982,['C'],A,Low temperature calorimetry set up,"origin: commercial source,99.94 weight % (total),spectroscopy",99.94,Weight %,1955
3.65,0.0287776,0.000863327,None kPa,N/A,8982,['C'],A,Low temperature calorimetry set up,"origin: commercial source,99.94 weight % (total),spectroscopy",99.94,Weight %,1955
3.657,0.0280119,0.000840356,None kPa,N/A,8982,['C'],A,Low temperature calorimetry set up,"origin: commercial source,99.94 weight % (total),spectroscopy",99.94,Weight %,1955
3.673,0.0282378,0.000847135,None kPa,N/A,8982,['C'],A,Low temperature calorimetry set up,"origin: commercial source,99.94 weight % (total),spectroscopy",99.94,Weight %,1955
3.715,0.028447,0.00085341,None kPa,N/A,8982,['C'],A,Low temperature calorimetry set up,"origin: commercial source,99.94 weight % (total),spectroscopy",99.94,Weight %,1955
3.768,0.0286688,0.000860063,None kPa,N/A,8982,['C'],A,Low temperature calorimetry set up,"origin: commercial source,99.94 weight % (total),spectroscopy",99.94,Weight %,1955
3.773,0.0296269,0.000888807,None kPa,N/A,8982,['C'],A,Low temperature calorimetry set up,"origin: commercial source,99.94 weight % (total),spectroscopy",99.94,Weight %,1955
3.788,0.0292169,0.000876506,None kPa,N/A,8982,['C'],A,Low temperature calorimetry set up,"origin: commercial source,99.94 weight % (total),spectroscopy",99.94,Weight %,1955
3.796,0.0294679,0.000884037,None kPa,N/A,8982,['C'],A,Low temperature calorimetry set up,"origin: commercial source,99.94 weight % (total),spectroscopy",99.94,Weight %,1955
3.867,0.0308444,0.000925333,None kPa,N/A,8982,['C'],A,Low temperature calorimetry set up,"origin: commercial source,99.94 weight % (total),spectroscopy",99.94,Weight %,1955
3.934,0.0313047,0.000939141,None kPa,N/A,8982,['C'],A,Low temperature calorimetry set up,"origin: commercial source,99.94 weight % (total),spectroscopy",99.94,Weight %,1955
3.959,0.0314177,0.00094253,None kPa,N/A,8982,['C'],A,Low temperature calorimetry set up,"origin: commercial source,99.94 weight % (total),spectroscopy",99.94,Weight %,1955
3.969,0.0312754,0.000938262,None kPa,N/A,8982,['C'],A,Low temperature calorimetry set up,"origin: commercial source,99.94 weight % (total),spectroscopy",99.94,Weight %,1955
4.064,0.032836,0.000985081,None kPa,N/A,8982,['C'],A,Low temperature calorimetry set up,"origin: commercial source,99.94 weight % (total),spectroscopy",99.94,Weight %,1955
4.083,0.0328109,0.000984328,None kPa,N/A,8982,['C'],A,Low temperature calorimetry set up,"origin: commercial source,99.94 weight % (total),spectroscopy",99.94,Weight %,1955
4.163,0.0341875,0.00102562,None kPa,N/A,8982,['C'],A,Low temperature calorimetry set up,"origin: commercial source,99.94 weight % (total),spectroscopy",99.94,Weight %,1955
4.199,0.0345975,0.00103792,None kPa,N/A,8982,['C'],A,Low temperature calorimetry set up,"origin: commercial source,99.94 weight % (total),spectroscopy",99.94,Weight %,1955
4.281,0.0354761,0.00106428,None kPa,N/A,8982,['C'],A,Low temperature calorimetry set up,"origin: commercial source,99.94 weight % (total),spectroscopy",99.94,Weight %,1955
4.284,0.0358527,0.00107558,None kPa,N/A,8982,['C'],A,Low temperature calorimetry set up,"origin: commercial source,99.94 weight % (total),spectroscopy",99.94,Weight %,1955
4.328,0.0364552,0.00109366,None kPa,N/A,8982,['C'],A,Low temperature calorimetry set up,"origin: commercial source,99.94 weight % (total),spectroscopy",99.94,Weight %,1955
4.382,0.0368401,0.0011052,None kPa,N/A,8982,['C'],A,Low temperature calorimetry set up,"origin: commercial source,99.94 weight % (total),spectroscopy",99.94,Weight %,1955
4.453,0.038384,0.00115152,None kPa,N/A,8982,['C'],A,Low temperature calorimetry set up,"origin: commercial source,99.94 weight % (total),spectroscopy",99.94,Weight %,1955
4.466,0.0379656,0.00113897,None kPa,N/A,8982,['C'],A,Low temperature calorimetry set up,"origin: commercial source,99.94 weight % (total),spectroscopy",99.94,Weight %,1955
4.471,0.0388233,0.0011647,None kPa,N/A,8982,['C'],A,Low temperature calorimetry set up,"origin: commercial source,99.94 weight % (total),spectroscopy",99.94,Weight %,1955
4.499,0.039133,0.00117399,None kPa,N/A,8982,['C'],A,Low temperature calorimetry set up,"origin: commercial source,99.94 weight % (total),spectroscopy",99.94,Weight %,1955
4.516,0.0388945,0.00116683,None kPa,N/A,8982,['C'],A,Low temperature calorimetry set up,"origin: commercial source,99.94 weight % (total),spectroscopy",99.94,Weight %,1955
4.521,0.0394049,0.00118215,None kPa,N/A,8982,['C'],A,Low temperature calorimetry set up,"origin: commercial source,99.94 weight % (total),spectroscopy",99.94,Weight %,1955
4.529,0.0385095,0.00115529,None kPa,N/A,8982,['C'],A,Low temperature calorimetry set up,"origin: commercial source,99.94 weight % (total),spectroscopy",99.94,Weight %,1955
4.55,0.0401162,0.00120349,None kPa,N/A,8982,['C'],A,Low temperature calorimetry set up,"origin: commercial source,99.94 weight % (total),spectroscopy",99.94,Weight %,1955
4.555,0.0394468,0.0011834,None kPa,N/A,8982,['C'],A,Low temperature calorimetry set up,"origin: commercial source,99.94 weight % (total),spectroscopy",99.94,Weight %,1955
4.578,0.0396518,0.00118955,None kPa,N/A,8982,['C'],A,Low temperature calorimetry set up,"origin: commercial source,99.94 weight % (total),spectroscopy",99.94,Weight %,1955
4.593,0.0410199,0.0012306,None kPa,N/A,8982,['C'],A,Low temperature calorimetry set up,"origin: commercial source,99.94 weight % (total),spectroscopy",99.94,Weight %,1955
4.603,0.0404258,0.00121277,None kPa,N/A,8982,['C'],A,Low temperature calorimetry set up,"origin: commercial source,99.94 weight % (total),spectroscopy",99.94,Weight %,1955
4.618,0.0402417,0.00120725,None kPa,N/A,8982,['C'],A,Low temperature calorimetry set up,"origin: commercial source,99.94 weight % (total),spectroscopy",99.94,Weight %,1955
4.648,0.0414132,0.0012424,None kPa,N/A,8982,['C'],A,Low temperature calorimetry set up,"origin: commercial source,99.94 weight % (total),spectroscopy",99.94,Weight %,1955
4.652,0.0420492,0.00126148,None kPa,N/A,8982,['C'],A,Low temperature calorimetry set up,"origin: commercial source,99.94 weight % (total),spectroscopy",99.94,Weight %,1955
4.678,0.0411455,0.00123436,None kPa,N/A,8982,['C'],A,Low temperature calorimetry set up,"origin: commercial source,99.94 weight % (total),spectroscopy",99.94,Weight %,1955
4.703,0.0413798,0.00124139,None kPa,N/A,8982,['C'],A,Low temperature calorimetry set up,"origin: commercial source,99.94 weight % (total),spectroscopy",99.94,Weight %,1955
4.709,0.0426433,0.0012793,None kPa,N/A,8982,['C'],A,Low temperature calorimetry set up,"origin: commercial source,99.94 weight % (total),spectroscopy",99.94,Weight %,1955
4.733,0.042635,0.00127905,None kPa,N/A,8982,['C'],A,Low temperature calorimetry set up,"origin: commercial source,99.94 weight % (total),spectroscopy",99.94,Weight %,1955
4.759,0.0435178,0.00130553,None kPa,N/A,8982,['C'],A,Low temperature calorimetry set up,"origin: commercial source,99.94 weight % (total),spectroscopy",99.94,Weight %,1955
4.791,0.0432835,0.0012985,None kPa,N/A,8982,['C'],A,Low temperature calorimetry set up,"origin: commercial source,99.94 weight % (total),spectroscopy",99.94,Weight %,1955
4.83,0.0437395,0.00131219,None kPa,N/A,8982,['C'],A,Low temperature calorimetry set up,"origin: commercial source,99.94 weight % (total),spectroscopy",99.94,Weight %,1955
4.956,0.04566,0.0013698,None kPa,N/A,8982,['C'],A,Low temperature calorimetry set up,"origin: commercial source,99.94 weight % (total),spectroscopy",99.94,Weight %,1955
1.741,0.011757,0.000352711,None kPa,N/A,8983,['C'],A,Low temperature calorimetry set up,"origin: commercial source,99.94 weight % (total),spectroscopy",99.94,Weight %,1955
1.753,0.0123846,0.000371539,None kPa,N/A,8983,['C'],A,Low temperature calorimetry set up,"origin: commercial source,99.94 weight % (total),spectroscopy",99.94,Weight %,1955
1.767,0.0122047,0.000366142,None kPa,N/A,8983,['C'],A,Low temperature calorimetry set up,"origin: commercial source,99.94 weight % (total),spectroscopy",99.94,Weight %,1955
1.783,0.012121,0.000363631,None kPa,N/A,8983,['C'],A,Low temperature calorimetry set up,"origin: commercial source,99.94 weight % (total),spectroscopy",99.94,Weight %,1955
1.792,0.012075,0.000362251,None kPa,N/A,8983,['C'],A,Low temperature calorimetry set up,"origin: commercial source,99.94 weight % (total),spectroscopy",99.94,Weight %,1955
1.796,0.0118198,0.000354594,None kPa,N/A,8983,['C'],A,Low temperature calorimetry set up,"origin: commercial source,99.94 weight % (total),spectroscopy",99.94,Weight %,1955
1.799,0.0123051,0.000369154,None kPa,N/A,8983,['C'],A,Low temperature calorimetry set up,"origin: commercial source,99.94 weight % (total),spectroscopy",99.94,Weight %,1955
1.837,0.0121671,0.000365012,None kPa,N/A,8983,['C'],A,Low temperature calorimetry set up,"origin: commercial source,99.94 weight % (total),spectroscopy",99.94,Weight %,1955
1.847,0.0124683,0.00037405,None kPa,N/A,8983,['C'],A,Low temperature calorimetry set up,"origin: commercial source,99.94 weight % (total),spectroscopy",99.94,Weight %,1955
1.854,0.0116692,0.000350075,None kPa,N/A,8983,['C'],A,Low temperature calorimetry set up,"origin: commercial source,99.94 weight % (total),spectroscopy",99.94,Weight %,1955
1.856,0.0126566,0.000379698,None kPa,N/A,8983,['C'],A,Low temperature calorimetry set up,"origin: commercial source,99.94 weight % (total),spectroscopy",99.94,Weight %,1955
1.865,0.0124641,0.000373924,None kPa,N/A,8983,['C'],A,Low temperature calorimetry set up,"origin: commercial source,99.94 weight % (total),spectroscopy",99.94,Weight %,1955
1.87,0.0128867,0.000386602,None kPa,N/A,8983,['C'],A,Low temperature calorimetry set up,"origin: commercial source,99.94 weight % (total),spectroscopy",99.94,Weight %,1955
1.875,0.0125897,0.00037769,None kPa,N/A,8983,['C'],A,Low temperature calorimetry set up,"origin: commercial source,99.94 weight % (total),spectroscopy",99.94,Weight %,1955
1.885,0.0129035,0.000387104,None kPa,N/A,8983,['C'],A,Low temperature calorimetry set up,"origin: commercial source,99.94 weight % (total),spectroscopy",99.94,Weight %,1955
1.89,0.0125646,0.000376937,None kPa,N/A,8983,['C'],A,Low temperature calorimetry set up,"origin: commercial source,99.94 weight % (total),spectroscopy",99.94,Weight %,1955
1.896,0.0132089,0.000396267,None kPa,N/A,8983,['C'],A,Low temperature calorimetry set up,"origin: commercial source,99.94 weight % (total),spectroscopy",99.94,Weight %,1955
1.913,0.0122842,0.000368527,None kPa,N/A,8983,['C'],A,Low temperature calorimetry set up,"origin: commercial source,99.94 weight % (total),spectroscopy",99.94,Weight %,1955
1.917,0.0131629,0.000394886,None kPa,N/A,8983,['C'],A,Low temperature calorimetry set up,"origin: commercial source,99.94 weight % (total),spectroscopy",99.94,Weight %,1955
1.919,0.012916,0.00038748,None kPa,N/A,8983,['C'],A,Low temperature calorimetry set up,"origin: commercial source,99.94 weight % (total),spectroscopy",99.94,Weight %,1955
1.929,0.0127403,0.000382208,None kPa,N/A,8983,['C'],A,Low temperature calorimetry set up,"origin: commercial source,99.94 weight % (total),spectroscopy",99.94,Weight %,1955
1.942,0.0129453,0.000388359,None kPa,N/A,8983,['C'],A,Low temperature calorimetry set up,"origin: commercial source,99.94 weight % (total),spectroscopy",99.94,Weight %,1955
1.943,0.0131294,0.000393882,None kPa,N/A,8983,['C'],A,Low temperature calorimetry set up,"origin: commercial source,99.94 weight % (total),spectroscopy",99.94,Weight %,1955
1.945,0.0122675,0.000368025,None kPa,N/A,8983,['C'],A,Low temperature calorimetry set up,"origin: commercial source,99.94 weight % (total),spectroscopy",99.94,Weight %,1955
1.969,0.0127319,0.000381957,None kPa,N/A,8983,['C'],A,Low temperature calorimetry set up,"origin: commercial source,99.94 weight % (total),spectroscopy",99.94,Weight %,1955
1.979,0.013506,0.000405179,None kPa,N/A,8983,['C'],A,Low temperature calorimetry set up,"origin: commercial source,99.94 weight % (total),spectroscopy",99.94,Weight %,1955
1.997,0.0131545,0.000394635,None kPa,N/A,8983,['C'],A,Low temperature calorimetry set up,"origin: commercial source,99.94 weight % (total),spectroscopy",99.94,Weight %,1955
1.998,0.0138156,0.000414467,None kPa,N/A,8983,['C'],A,Low temperature calorimetry set up,"origin: commercial source,99.94 weight % (total),spectroscopy",99.94,Weight %,1955
2.001,0.0134306,0.000402919,None kPa,N/A,8983,['C'],A,Low temperature calorimetry set up,"origin: commercial source,99.94 weight % (total),spectroscopy",99.94,Weight %,1955
2.02,0.0134014,0.000402041,None kPa,N/A,8983,['C'],A,Low temperature calorimetry set up,"origin: commercial source,99.94 weight % (total),spectroscopy",99.94,Weight %,1955
2.023,0.0138783,0.00041635,None kPa,N/A,8983,['C'],A,Low temperature calorimetry set up,"origin: commercial source,99.94 weight % (total),spectroscopy",99.94,Weight %,1955
2.029,0.0131838,0.000395514,None kPa,N/A,8983,['C'],A,Low temperature calorimetry set up,"origin: commercial source,99.94 weight % (total),spectroscopy",99.94,Weight %,1955
2.039,0.0134097,0.000402292,None kPa,N/A,8983,['C'],A,Low temperature calorimetry set up,"origin: commercial source,99.94 weight % (total),spectroscopy",99.94,Weight %,1955
2.067,0.0138825,0.000416475,None kPa,N/A,8983,['C'],A,Low temperature calorimetry set up,"origin: commercial source,99.94 weight % (total),spectroscopy",99.94,Weight %,1955
2.081,0.0138574,0.000415722,None kPa,N/A,8983,['C'],A,Low temperature calorimetry set up,"origin: commercial source,99.94 weight % (total),spectroscopy",99.94,Weight %,1955
2.096,0.013849,0.000415471,None kPa,N/A,8983,['C'],A,Low temperature calorimetry set up,"origin: commercial source,99.94 weight % (total),spectroscopy",99.94,Weight %,1955
2.116,0.0145101,0.000435303,None kPa,N/A,8983,['C'],A,Low temperature calorimetry set up,"origin: commercial source,99.94 weight % (total),spectroscopy",99.94,Weight %,1955
2.12,0.0142925,0.000428776,None kPa,N/A,8983,['C'],A,Low temperature calorimetry set up,"origin: commercial source,99.94 weight % (total),spectroscopy",99.94,Weight %,1955
2.147,0.014121,0.00042363,None kPa,N/A,8983,['C'],A,Low temperature calorimetry set up,"origin: commercial source,99.94 weight % (total),spectroscopy",99.94,Weight %,1955
2.167,0.0146147,0.000438441,None kPa,N/A,8983,['C'],A,Low temperature calorimetry set up,"origin: commercial source,99.94 weight % (total),spectroscopy",99.94,Weight %,1955
2.183,0.0144474,0.000433421,None kPa,N/A,8983,['C'],A,Low temperature calorimetry set up,"origin: commercial source,99.94 weight % (total),spectroscopy",99.94,Weight %,1955
2.192,0.0146105,0.000438316,None kPa,N/A,8983,['C'],A,Low temperature calorimetry set up,"origin: commercial source,99.94 weight % (total),spectroscopy",99.94,Weight %,1955
2.218,0.0151001,0.000453002,None kPa,N/A,8983,['C'],A,Low temperature calorimetry set up,"origin: commercial source,99.94 weight % (total),spectroscopy",99.94,Weight %,1955
2.259,0.0159494,0.000478482,None kPa,N/A,8983,['C'],A,Low temperature calorimetry set up,"origin: commercial source,99.94 weight % (total),spectroscopy",99.94,Weight %,1955
2.259,0.0152465,0.000457395,None kPa,N/A,8983,['C'],A,Low temperature calorimetry set up,"origin: commercial source,99.94 weight % (total),spectroscopy",99.94,Weight %,1955
2.261,0.0150666,0.000451998,None kPa,N/A,8983,['C'],A,Low temperature calorimetry set up,"origin: commercial source,99.94 weight % (total),spectroscopy",99.94,Weight %,1955
2.293,0.0156565,0.000469696,None kPa,N/A,8983,['C'],A,Low temperature calorimetry set up,"origin: commercial source,99.94 weight % (total),spectroscopy",99.94,Weight %,1955
2.327,0.0157528,0.000472583,None kPa,N/A,8983,['C'],A,Low temperature calorimetry set up,"origin: commercial source,99.94 weight % (total),spectroscopy",99.94,Weight %,1955
2.345,0.0165101,0.000495302,None kPa,N/A,8983,['C'],A,Low temperature calorimetry set up,"origin: commercial source,99.94 weight % (total),spectroscopy",99.94,Weight %,1955
2.38,0.0163636,0.000490909,None kPa,N/A,8983,['C'],A,Low temperature calorimetry set up,"origin: commercial source,99.94 weight % (total),spectroscopy",99.94,Weight %,1955
2.389,0.0162674,0.000488022,None kPa,N/A,8983,['C'],A,Low temperature calorimetry set up,"origin: commercial source,99.94 weight % (total),spectroscopy",99.94,Weight %,1955
2.409,0.0170372,0.000511117,None kPa,N/A,8983,['C'],A,Low temperature calorimetry set up,"origin: commercial source,99.94 weight % (total),spectroscopy",99.94,Weight %,1955
2.421,0.0165603,0.000496808,None kPa,N/A,8983,['C'],A,Low temperature calorimetry set up,"origin: commercial source,99.94 weight % (total),spectroscopy",99.94,Weight %,1955
2.44,0.0162423,0.000487269,None kPa,N/A,8983,['C'],A,Low temperature calorimetry set up,"origin: commercial source,99.94 weight % (total),spectroscopy",99.94,Weight %,1955
2.462,0.0166691,0.000500072,None kPa,N/A,8983,['C'],A,Low temperature calorimetry set up,"origin: commercial source,99.94 weight % (total),spectroscopy",99.94,Weight %,1955
2.476,0.0167695,0.000503084,None kPa,N/A,8983,['C'],A,Low temperature calorimetry set up,"origin: commercial source,99.94 weight % (total),spectroscopy",99.94,Weight %,1955
2.504,0.0167737,0.00050321,None kPa,N/A,8983,['C'],A,Low temperature calorimetry set up,"origin: commercial source,99.94 weight % (total),spectroscopy",99.94,Weight %,1955
2.524,0.0171084,0.000513251,None kPa,N/A,8983,['C'],A,Low temperature calorimetry set up,"origin: commercial source,99.94 weight % (total),spectroscopy",99.94,Weight %,1955
2.546,0.0169996,0.000509988,None kPa,N/A,8983,['C'],A,Low temperature calorimetry set up,"origin: commercial source,99.94 weight % (total),spectroscopy",99.94,Weight %,1955
2.547,0.0178155,0.000534464,None kPa,N/A,8983,['C'],A,Low temperature calorimetry set up,"origin: commercial source,99.94 weight % (total),spectroscopy",99.94,Weight %,1955
2.59,0.0175602,0.000526807,None kPa,N/A,8983,['C'],A,Low temperature calorimetry set up,"origin: commercial source,99.94 weight % (total),spectroscopy",99.94,Weight %,1955
2.602,0.0177987,0.000533962,None kPa,N/A,8983,['C'],A,Low temperature calorimetry set up,"origin: commercial source,99.94 weight % (total),spectroscopy",99.94,Weight %,1955
2.613,0.0182213,0.00054664,None kPa,N/A,8983,['C'],A,Low temperature calorimetry set up,"origin: commercial source,99.94 weight % (total),spectroscopy",99.94,Weight %,1955
2.632,0.0178406,0.000535217,None kPa,N/A,8983,['C'],A,Low temperature calorimetry set up,"origin: commercial source,99.94 weight % (total),spectroscopy",99.94,Weight %,1955
2.658,0.0182004,0.000546012,None kPa,N/A,8983,['C'],A,Low temperature calorimetry set up,"origin: commercial source,99.94 weight % (total),spectroscopy",99.94,Weight %,1955
2.701,0.0184556,0.000553669,None kPa,N/A,8983,['C'],A,Low temperature calorimetry set up,"origin: commercial source,99.94 weight % (total),spectroscopy",99.94,Weight %,1955
2.717,0.0189912,0.000569735,None kPa,N/A,8983,['C'],A,Low temperature calorimetry set up,"origin: commercial source,99.94 weight % (total),spectroscopy",99.94,Weight %,1955
2.749,0.018874,0.000566221,None kPa,N/A,8983,['C'],A,Low temperature calorimetry set up,"origin: commercial source,99.94 weight % (total),spectroscopy",99.94,Weight %,1955
2.807,0.0197066,0.000591199,None kPa,N/A,8983,['C'],A,Low temperature calorimetry set up,"origin: commercial source,99.94 weight % (total),spectroscopy",99.94,Weight %,1955
2.932,0.0206982,0.000620947,None kPa,N/A,8983,['C'],A,Low temperature calorimetry set up,"origin: commercial source,99.94 weight % (total),spectroscopy",99.94,Weight %,1955
3.383,0.0251291,0.000753873,None kPa,N/A,8983,['C'],A,Low temperature calorimetry set up,"origin: commercial source,99.94 weight % (total),spectroscopy",99.94,Weight %,1955
3.471,0.0256647,0.00076994,None kPa,N/A,8983,['C'],A,Low temperature calorimetry set up,"origin: commercial source,99.94 weight % (total),spectroscopy",99.94,Weight %,1955
3.57,0.0264554,0.000793663,None kPa,N/A,8983,['C'],A,Low temperature calorimetry set up,"origin: commercial source,99.94 weight % (total),spectroscopy",99.94,Weight %,1955
3.665,0.0277106,0.000831319,None kPa,N/A,8983,['C'],A,Low temperature calorimetry set up,"origin: commercial source,99.94 weight % (total),spectroscopy",99.94,Weight %,1955
3.677,0.0272504,0.000817512,None kPa,N/A,8983,['C'],A,Low temperature calorimetry set up,"origin: commercial source,99.94 weight % (total),spectroscopy",99.94,Weight %,1955
3.797,0.0286562,0.000859686,None kPa,N/A,8983,['C'],A,Low temperature calorimetry set up,"origin: commercial source,99.94 weight % (total),spectroscopy",99.94,Weight %,1955
3.817,0.0292754,0.000878263,None kPa,N/A,8983,['C'],A,Low temperature calorimetry set up,"origin: commercial source,99.94 weight % (total),spectroscopy",99.94,Weight %,1955
3.932,0.0309449,0.000928346,None kPa,N/A,8983,['C'],A,Low temperature calorimetry set up,"origin: commercial source,99.94 weight % (total),spectroscopy",99.94,Weight %,1955
4.065,0.0315264,0.000945793,None kPa,N/A,8983,['C'],A,Low temperature calorimetry set up,"origin: commercial source,99.94 weight % (total),spectroscopy",99.94,Weight %,1955
4.092,0.032995,0.000989851,None kPa,N/A,8983,['C'],A,Low temperature calorimetry set up,"origin: commercial source,99.94 weight % (total),spectroscopy",99.94,Weight %,1955
4.247,0.0345682,0.00103705,None kPa,N/A,8983,['C'],A,Low temperature calorimetry set up,"origin: commercial source,99.94 weight % (total),spectroscopy",99.94,Weight %,1955
4.257,0.0356477,0.00106943,None kPa,N/A,8983,['C'],A,Low temperature calorimetry set up,"origin: commercial source,99.94 weight % (total),spectroscopy",99.94,Weight %,1955
4.271,0.0354803,0.00106441,None kPa,N/A,8983,['C'],A,Low temperature calorimetry set up,"origin: commercial source,99.94 weight % (total),spectroscopy",99.94,Weight %,1955
4.396,0.0384133,0.0011524,None kPa,N/A,8983,['C'],A,Low temperature calorimetry set up,"origin: commercial source,99.94 weight % (total),spectroscopy",99.94,Weight %,1955
4.49,0.0388401,0.0011652,None kPa,N/A,8983,['C'],A,Low temperature calorimetry set up,"origin: commercial source,99.94 weight % (total),spectroscopy",99.94,Weight %,1955
4.495,0.0398819,0.00119646,None kPa,N/A,8983,['C'],A,Low temperature calorimetry set up,"origin: commercial source,99.94 weight % (total),spectroscopy",99.94,Weight %,1955
4.5,0.0392878,0.00117863,None kPa,N/A,8983,['C'],A,Low temperature calorimetry set up,"origin: commercial source,99.94 weight % (total),spectroscopy",99.94,Weight %,1955
4.519,0.0394468,0.0011834,None kPa,N/A,8983,['C'],A,Low temperature calorimetry set up,"origin: commercial source,99.94 weight % (total),spectroscopy",99.94,Weight %,1955
4.552,0.0396894,0.00119068,None kPa,N/A,8983,['C'],A,Low temperature calorimetry set up,"origin: commercial source,99.94 weight % (total),spectroscopy",99.94,Weight %,1955
4.553,0.0401162,0.00120349,None kPa,N/A,8983,['C'],A,Low temperature calorimetry set up,"origin: commercial source,99.94 weight % (total),spectroscopy",99.94,Weight %,1955
4.601,0.0401287,0.00120386,None kPa,N/A,8983,['C'],A,Low temperature calorimetry set up,"origin: commercial source,99.94 weight % (total),spectroscopy",99.94,Weight %,1955
4.627,0.0404551,0.00121365,None kPa,N/A,8983,['C'],A,Low temperature calorimetry set up,"origin: commercial source,99.94 weight % (total),spectroscopy",99.94,Weight %,1955
4.699,0.0407689,0.00122307,None kPa,N/A,8983,['C'],A,Low temperature calorimetry set up,"origin: commercial source,99.94 weight % (total),spectroscopy",99.94,Weight %,1955
4.728,0.0417061,0.00125118,None kPa,N/A,8983,['C'],A,Low temperature calorimetry set up,"origin: commercial source,99.94 weight % (total),spectroscopy",99.94,Weight %,1955
4.731,0.0425262,0.00127579,None kPa,N/A,8983,['C'],A,Low temperature calorimetry set up,"origin: commercial source,99.94 weight % (total),spectroscopy",99.94,Weight %,1955
4.76,0.0427145,0.00128143,None kPa,N/A,8983,['C'],A,Low temperature calorimetry set up,"origin: commercial source,99.94 weight % (total),spectroscopy",99.94,Weight %,1955
4.813,0.0441245,0.00132373,None kPa,N/A,8983,['C'],A,Low temperature calorimetry set up,"origin: commercial source,99.94 weight % (total),spectroscopy",99.94,Weight %,1955
4.826,0.0425471,0.00127641,None kPa,N/A,8983,['C'],A,Low temperature calorimetry set up,"origin: commercial source,99.94 weight % (total),spectroscopy",99.94,Weight %,1955
4.835,0.0447102,0.00134131,None kPa,N/A,8983,['C'],A,Low temperature calorimetry set up,"origin: commercial source,99.94 weight % (total),spectroscopy",99.94,Weight %,1955
4.864,0.0447562,0.00134269,None kPa,N/A,8983,['C'],A,Low temperature calorimetry set up,"origin: commercial source,99.94 weight % (total),spectroscopy",99.94,Weight %,1955
4.939,0.046275,0.00138825,None kPa,N/A,8983,['C'],A,Low temperature calorimetry set up,"origin: commercial source,99.94 weight % (total),spectroscopy",99.94,Weight %,1955
1.2,0.00723832,0.000144766,None kPa,N/A,9341,['C'],A,not stated,12099,99.9,Not Specified %,1956
1.3,0.00790776,0.000158155,None kPa,N/A,9341,['C'],A,not stated,12099,99.9,Not Specified %,1956
1.4,0.0085772,0.000171544,None kPa,N/A,9341,['C'],A,not stated,12099,99.9,Not Specified %,1956
1.5,0.00924664,0.000184933,None kPa,N/A,9341,['C'],A,not stated,12099,99.9,Not Specified %,1956
1.6,0.00991608,0.000198322,None kPa,N/A,9341,['C'],A,not stated,12099,99.9,Not Specified %,1956
1.7,0.0106274,0.000212547,None kPa,N/A,9341,['C'],A,not stated,12099,99.9,Not Specified %,1956
1.8,0.0112968,0.000225936,None kPa,N/A,9341,['C'],A,not stated,12099,99.9,Not Specified %,1956
1.9,0.0120499,0.000240998,None kPa,N/A,9341,['C'],A,not stated,12099,99.9,Not Specified %,1956
2.0,0.0127612,0.000255224,None kPa,N/A,9341,['C'],A,not stated,12099,99.9,Not Specified %,1956
2.1,0.0135143,0.000270286,None kPa,N/A,9341,['C'],A,not stated,12099,99.9,Not Specified %,1956
2.2,0.0143093,0.000286186,None kPa,N/A,9341,['C'],A,not stated,12099,99.9,Not Specified %,1956
2.3,0.0150624,0.000301248,None kPa,N/A,9341,['C'],A,not stated,12099,99.9,Not Specified %,1956
2.4,0.0158992,0.000317984,None kPa,N/A,9341,['C'],A,not stated,12099,99.9,Not Specified %,1956
2.5,0.0166942,0.000333883,None kPa,N/A,9341,['C'],A,not stated,12099,99.9,Not Specified %,1956
2.6,0.017531,0.000350619,None kPa,N/A,9341,['C'],A,not stated,12099,99.9,Not Specified %,1956
2.7,0.0184096,0.000368192,None kPa,N/A,9341,['C'],A,not stated,12099,99.9,Not Specified %,1956
2.8,0.0192882,0.000385765,None kPa,N/A,9341,['C'],A,not stated,12099,99.9,Not Specified %,1956
2.9,0.0202087,0.000404174,None kPa,N/A,9341,['C'],A,not stated,12099,99.9,Not Specified %,1956
3.0,0.0211292,0.000422584,None kPa,N/A,9341,['C'],A,not stated,12099,99.9,Not Specified %,1956
3.1,0.0220915,0.00044183,None kPa,N/A,9341,['C'],A,not stated,12099,99.9,Not Specified %,1956
3.2,0.0230538,0.000461077,None kPa,N/A,9341,['C'],A,not stated,12099,99.9,Not Specified %,1956
3.3,0.024058,0.00048116,None kPa,N/A,9341,['C'],A,not stated,12099,99.9,Not Specified %,1956
3.4,0.025104,0.00050208,None kPa,N/A,9341,['C'],A,not stated,12099,99.9,Not Specified %,1956
3.5,0.02615,0.000523,None kPa,N/A,9341,['C'],A,not stated,12099,99.9,Not Specified %,1956
3.6,0.0272378,0.000544757,None kPa,N/A,9341,['C'],A,not stated,12099,99.9,Not Specified %,1956
3.7,0.0283675,0.00056735,None kPa,N/A,9341,['C'],A,not stated,12099,99.9,Not Specified %,1956
3.8,0.0294972,0.000589944,None kPa,N/A,9341,['C'],A,not stated,12099,99.9,Not Specified %,1956
3.9,0.0306687,0.000613374,None kPa,N/A,9341,['C'],A,not stated,12099,99.9,Not Specified %,1956
4.0,0.0318821,0.000637642,None kPa,N/A,9341,['C'],A,not stated,12099,99.9,Not Specified %,1956
20.0,1.48063,0.0296127,None kPa,N/A,9341,['C'],A,not stated,12099,99.9,Not Specified %,1956
12.0,0.31,0.006,None kPa,N/A,10511,['C'],A,Vacuum adiabatic calorimetry,"origin: commercial source,99.9 % (total),stated by supplier,foil",99.9,Not Specified %,1958
14.0,0.481,0.009,None kPa,N/A,10511,['C'],A,Vacuum adiabatic calorimetry,"origin: commercial source,99.9 % (total),stated by supplier,foil",99.9,Not Specified %,1958
15.0,0.598,0.011,None kPa,N/A,10511,['C'],A,Vacuum adiabatic calorimetry,"origin: commercial source,99.9 % (total),stated by supplier,foil",99.9,Not Specified %,1958
16.0,0.732,0.013,None kPa,N/A,10511,['C'],A,Vacuum adiabatic calorimetry,"origin: commercial source,99.9 % (total),stated by supplier,foil",99.9,Not Specified %,1958
18.0,1.046,0.018,None kPa,N/A,10511,['C'],A,Vacuum adiabatic calorimetry,"origin: commercial source,99.9 % (total),stated by supplier,foil",99.9,Not Specified %,1958
20.0,1.414,0.023,None kPa,N/A,10511,['C'],A,Vacuum adiabatic calorimetry,"origin: commercial source,99.9 % (total),stated by supplier,foil",99.9,Not Specified %,1958
22.0,1.854,0.028,None kPa,N/A,10511,['C'],A,Vacuum adiabatic calorimetry,"origin: commercial source,99.9 % (total),stated by supplier,foil",99.9,Not Specified %,1958
24.0,2.36,0.034,None kPa,N/A,10511,['C'],A,Vacuum adiabatic calorimetry,"origin: commercial source,99.9 % (total),stated by supplier,foil",99.9,Not Specified %,1958
25.0,2.64,0.037,None kPa,N/A,10511,['C'],A,Vacuum adiabatic calorimetry,"origin: commercial source,99.9 % (total),stated by supplier,foil",99.9,Not Specified %,1958
26.0,2.941,0.039,None kPa,N/A,10511,['C'],A,Vacuum adiabatic calorimetry,"origin: commercial source,99.9 % (total),stated by supplier,foil",99.9,Not Specified %,1958
28.0,3.586,0.045,None kPa,N/A,10511,['C'],A,Vacuum adiabatic calorimetry,"origin: commercial source,99.9 % (total),stated by supplier,foil",99.9,Not Specified %,1958
30.0,4.209,0.048,None kPa,N/A,10511,['C'],A,Vacuum adiabatic calorimetry,"origin: commercial source,99.9 % (total),stated by supplier,foil",99.9,Not Specified %,1958
35.0,5.904,0.054,None kPa,N/A,10511,['C'],A,Vacuum adiabatic calorimetry,"origin: commercial source,99.9 % (total),stated by supplier,foil",99.9,Not Specified %,1958
40.0,7.632,0.051,None kPa,N/A,10511,['C'],A,Vacuum adiabatic calorimetry,"origin: commercial source,99.9 % (total),stated by supplier,foil",99.9,Not Specified %,1958
45.0,9.322,0.041,None kPa,N/A,10511,['C'],A,Vacuum adiabatic calorimetry,"origin: commercial source,99.9 % (total),stated by supplier,foil",99.9,Not Specified %,1958
50.0,10.845,0.022,None kPa,N/A,10511,['C'],A,Vacuum adiabatic calorimetry,"origin: commercial source,99.9 % (total),stated by supplier,foil",99.9,Not Specified %,1958
55.0,12.284,0.025,None kPa,N/A,10511,['C'],A,Vacuum adiabatic calorimetry,"origin: commercial source,99.9 % (total),stated by supplier,foil",99.9,Not Specified %,1958
60.0,13.577,0.027,None kPa,N/A,10511,['C'],A,Vacuum adiabatic calorimetry,"origin: commercial source,99.9 % (total),stated by supplier,foil",99.9,Not Specified %,1958
65.0,14.728,0.029,None kPa,N/A,10511,['C'],A,Vacuum adiabatic calorimetry,"origin: commercial source,99.9 % (total),stated by supplier,foil",99.9,Not Specified %,1958
70.0,15.711,0.031,None kPa,N/A,10511,['C'],A,Vacuum adiabatic calorimetry,"origin: commercial source,99.9 % (total),stated by supplier,foil",99.9,Not Specified %,1958
75.0,16.619,0.033,None kPa,N/A,10511,['C'],A,Vacuum adiabatic calorimetry,"origin: commercial source,99.9 % (total),stated by supplier,foil",99.9,Not Specified %,1958
80.0,17.447,0.035,None kPa,N/A,10511,['C'],A,Vacuum adiabatic calorimetry,"origin: commercial source,99.9 % (total),stated by supplier,foil",99.9,Not Specified %,1958
85.0,18.192,0.036,None kPa,N/A,10511,['C'],A,Vacuum adiabatic calorimetry,"origin: commercial source,99.9 % (total),stated by supplier,foil",99.9,Not Specified %,1958
90.0,18.824,0.038,None kPa,N/A,10511,['C'],A,Vacuum adiabatic calorimetry,"origin: commercial source,99.9 % (total),stated by supplier,foil",99.9,Not Specified %,1958
95.0,19.343,0.039,None kPa,N/A,10511,['C'],A,Vacuum adiabatic calorimetry,"origin: commercial source,99.9 % (total),stated by supplier,foil",99.9,Not Specified %,1958
100.0,19.82,0.04,None kPa,N/A,10511,['C'],A,Vacuum adiabatic calorimetry,"origin: commercial source,99.9 % (total),stated by supplier,foil",99.9,Not Specified %,1958
105.0,20.255,0.041,None kPa,N/A,10511,['C'],A,Vacuum adiabatic calorimetry,"origin: commercial source,99.9 % (total),stated by supplier,foil",99.9,Not Specified %,1958
110.0,20.673,0.041,None kPa,N/A,10511,['C'],A,Vacuum adiabatic calorimetry,"origin: commercial source,99.9 % (total),stated by supplier,foil",99.9,Not Specified %,1958
115.0,21.029,0.042,None kPa,N/A,10511,['C'],A,Vacuum adiabatic calorimetry,"origin: commercial source,99.9 % (total),stated by supplier,foil",99.9,Not Specified %,1958
120.0,21.364,0.043,None kPa,N/A,10511,['C'],A,Vacuum adiabatic calorimetry,"origin: commercial source,99.9 % (total),stated by supplier,foil",99.9,Not Specified %,1958
125.0,21.661,0.043,None kPa,N/A,10511,['C'],A,Vacuum adiabatic calorimetry,"origin: commercial source,99.9 % (total),stated by supplier,foil",99.9,Not Specified %,1958
130.0,21.933,0.044,None kPa,N/A,10511,['C'],A,Vacuum adiabatic calorimetry,"origin: commercial source,99.9 % (total),stated by supplier,foil",99.9,Not Specified %,1958
135.0,22.184,0.044,None kPa,N/A,10511,['C'],A,Vacuum adiabatic calorimetry,"origin: commercial source,99.9 % (total),stated by supplier,foil",99.9,Not Specified %,1958
140.0,22.426,0.045,None kPa,N/A,10511,['C'],A,Vacuum adiabatic calorimetry,"origin: commercial source,99.9 % (total),stated by supplier,foil",99.9,Not Specified %,1958
145.0,22.61,0.045,None kPa,N/A,10511,['C'],A,Vacuum adiabatic calorimetry,"origin: commercial source,99.9 % (total),stated by supplier,foil",99.9,Not Specified %,1958
150.0,22.799,0.046,None kPa,N/A,10511,['C'],A,Vacuum adiabatic calorimetry,"origin: commercial source,99.9 % (total),stated by supplier,foil",99.9,Not Specified %,1958
155.0,22.979,0.046,None kPa,N/A,10511,['C'],A,Vacuum adiabatic calorimetry,"origin: commercial source,99.9 % (total),stated by supplier,foil",99.9,Not Specified %,1958
160.0,23.15,0.046,None kPa,N/A,10511,['C'],A,Vacuum adiabatic calorimetry,"origin: commercial source,99.9 % (total),stated by supplier,foil",99.9,Not Specified %,1958
165.0,23.301,0.047,None kPa,N/A,10511,['C'],A,Vacuum adiabatic calorimetry,"origin: commercial source,99.9 % (total),stated by supplier,foil",99.9,Not Specified %,1958
170.0,23.443,0.047,None kPa,N/A,10511,['C'],A,Vacuum adiabatic calorimetry,"origin: commercial source,99.9 % (total),stated by supplier,foil",99.9,Not Specified %,1958
175.0,23.568,0.047,None kPa,N/A,10511,['C'],A,Vacuum adiabatic calorimetry,"origin: commercial source,99.9 % (total),stated by supplier,foil",99.9,Not Specified %,1958
180.0,23.686,0.047,None kPa,N/A,10511,['C'],A,Vacuum adiabatic calorimetry,"origin: commercial source,99.9 % (total),stated by supplier,foil",99.9,Not Specified %,1958
185.0,23.803,0.048,None kPa,N/A,10511,['C'],A,Vacuum adiabatic calorimetry,"origin: commercial source,99.9 % (total),stated by supplier,foil",99.9,Not Specified %,1958
190.0,23.912,0.048,None kPa,N/A,10511,['C'],A,Vacuum adiabatic calorimetry,"origin: commercial source,99.9 % (total),stated by supplier,foil",99.9,Not Specified %,1958
195.0,24.012,0.048,None kPa,N/A,10511,['C'],A,Vacuum adiabatic calorimetry,"origin: commercial source,99.9 % (total),stated by supplier,foil",99.9,Not Specified %,1958
200.0,24.104,0.048,None kPa,N/A,10511,['C'],A,Vacuum adiabatic calorimetry,"origin: commercial source,99.9 % (total),stated by supplier,foil",99.9,Not Specified %,1958
205.0,24.196,0.048,None kPa,N/A,10511,['C'],A,Vacuum adiabatic calorimetry,"origin: commercial source,99.9 % (total),stated by supplier,foil",99.9,Not Specified %,1958
210.0,24.284,0.049,None kPa,N/A,10511,['C'],A,Vacuum adiabatic calorimetry,"origin: commercial source,99.9 % (total),stated by supplier,foil",99.9,Not Specified %,1958
215.0,24.359,0.049,None kPa,N/A,10511,['C'],A,Vacuum adiabatic calorimetry,"origin: commercial source,99.9 % (total),stated by supplier,foil",99.9,Not Specified %,1958
220.0,24.43,0.049,None kPa,N/A,10511,['C'],A,Vacuum adiabatic calorimetry,"origin: commercial source,99.9 % (total),stated by supplier,foil",99.9,Not Specified %,1958
225.0,24.497,0.049,None kPa,N/A,10511,['C'],A,Vacuum adiabatic calorimetry,"origin: commercial source,99.9 % (total),stated by supplier,foil",99.9,Not Specified %,1958
230.0,24.568,0.049,None kPa,N/A,10511,['C'],A,Vacuum adiabatic calorimetry,"origin: commercial source,99.9 % (total),stated by supplier,foil",99.9,Not Specified %,1958
235.0,24.635,0.049,None kPa,N/A,10511,['C'],A,Vacuum adiabatic calorimetry,"origin: commercial source,99.9 % (total),stated by supplier,foil",99.9,Not Specified %,1958
240.0,24.698,0.049,None kPa,N/A,10511,['C'],A,Vacuum adiabatic calorimetry,"origin: commercial source,99.9 % (total),stated by supplier,foil",99.9,Not Specified %,1958
245.0,24.757,0.05,None kPa,N/A,10511,['C'],A,Vacuum adiabatic calorimetry,"origin: commercial source,99.9 % (total),stated by supplier,foil",99.9,Not Specified %,1958
250.0,24.815,0.05,None kPa,N/A,10511,['C'],A,Vacuum adiabatic calorimetry,"origin: commercial source,99.9 % (total),stated by supplier,foil",99.9,Not Specified %,1958
255.0,24.866,0.05,None kPa,N/A,10511,['C'],A,Vacuum adiabatic calorimetry,"origin: commercial source,99.9 % (total),stated by supplier,foil",99.9,Not Specified %,1958
260.0,24.916,0.05,None kPa,N/A,10511,['C'],A,Vacuum adiabatic calorimetry,"origin: commercial source,99.9 % (total),stated by supplier,foil",99.9,Not Specified %,1958
265.0,24.966,0.05,None kPa,N/A,10511,['C'],A,Vacuum adiabatic calorimetry,"origin: commercial source,99.9 % (total),stated by supplier,foil",99.9,Not Specified %,1958
270.0,25.02,0.05,None kPa,N/A,10511,['C'],A,Vacuum adiabatic calorimetry,"origin: commercial source,99.9 % (total),stated by supplier,foil",99.9,Not Specified %,1958
273.16,25.05,0.05,None kPa,N/A,10511,['C'],A,Vacuum adiabatic calorimetry,"origin: commercial source,99.9 % (total),stated by supplier,foil",99.9,Not Specified %,1958
275.0,25.071,0.05,None kPa,N/A,10511,['C'],A,Vacuum adiabatic calorimetry,"origin: commercial source,99.9 % (total),stated by supplier,foil",99.9,Not Specified %,1958
280.0,25.125,0.05,None kPa,N/A,10511,['C'],A,Vacuum adiabatic calorimetry,"origin: commercial source,99.9 % (total),stated by supplier,foil",99.9,Not Specified %,1958
285.0,25.175,0.05,None kPa,N/A,10511,['C'],A,Vacuum adiabatic calorimetry,"origin: commercial source,99.9 % (total),stated by supplier,foil",99.9,Not Specified %,1958
290.0,25.225,0.05,None kPa,N/A,10511,['C'],A,Vacuum adiabatic calorimetry,"origin: commercial source,99.9 % (total),stated by supplier,foil",99.9,Not Specified %,1958
295.0,25.267,0.076,None kPa,N/A,10511,['C'],A,Vacuum adiabatic calorimetry,"origin: commercial source,99.9 % (total),stated by supplier,foil",99.9,Not Specified %,1958
298.16,25.292,0.076,None kPa,N/A,10511,['C'],A,Vacuum adiabatic calorimetry,"origin: commercial source,99.9 % (total),stated by supplier,foil",99.9,Not Specified %,1958
300.0,25.309,0.076,None kPa,N/A,10511,['C'],A,Vacuum adiabatic calorimetry,"origin: commercial source,99.9 % (total),stated by supplier,foil",99.9,Not Specified %,1958
305.0,25.347,0.076,None kPa,N/A,10511,['C'],A,Vacuum adiabatic calorimetry,"origin: commercial source,99.9 % (total),stated by supplier,foil",99.9,Not Specified %,1958
310.0,25.384,0.076,None kPa,N/A,10511,['C'],A,Vacuum adiabatic calorimetry,"origin: commercial source,99.9 % (total),stated by supplier,foil",99.9,Not Specified %,1958
315.0,25.418,0.076,None kPa,N/A,10511,['C'],A,Vacuum adiabatic calorimetry,"origin: commercial source,99.9 % (total),stated by supplier,foil",99.9,Not Specified %,1958
320.0,25.455,0.076,None kPa,N/A,10511,['C'],A,Vacuum adiabatic calorimetry,"origin: commercial source,99.9 % (total),stated by supplier,foil",99.9,Not Specified %,1958
325.0,25.489,0.076,None kPa,N/A,10511,['C'],A,Vacuum adiabatic calorimetry,"origin: commercial source,99.9 % (total),stated by supplier,foil",99.9,Not Specified %,1958
330.0,25.522,0.077,None kPa,N/A,10511,['C'],A,Vacuum adiabatic calorimetry,"origin: commercial source,99.9 % (total),stated by supplier,foil",99.9,Not Specified %,1958
335.0,25.56,0.077,None kPa,N/A,10511,['C'],A,Vacuum adiabatic calorimetry,"origin: commercial source,99.9 % (total),stated by supplier,foil",99.9,Not Specified %,1958
340.0,25.594,0.077,None kPa,N/A,10511,['C'],A,Vacuum adiabatic calorimetry,"origin: commercial source,99.9 % (total),stated by supplier,foil",99.9,Not Specified %,1958
345.0,25.631,0.077,None kPa,N/A,10511,['C'],A,Vacuum adiabatic calorimetry,"origin: commercial source,99.9 % (total),stated by supplier,foil",99.9,Not Specified %,1958
350.0,25.669,0.077,None kPa,N/A,10511,['C'],A,Vacuum adiabatic calorimetry,"origin: commercial source,99.9 % (total),stated by supplier,foil",99.9,Not Specified %,1958
355.0,25.706,0.077,None kPa,N/A,10511,['C'],A,Vacuum adiabatic calorimetry,"origin: commercial source,99.9 % (total),stated by supplier,foil",99.9,Not Specified %,1958
360.0,25.74,0.077,None kPa,N/A,10511,['C'],A,Vacuum adiabatic calorimetry,"origin: commercial source,99.9 % (total),stated by supplier,foil",99.9,Not Specified %,1958
365.0,25.773,0.077,None kPa,N/A,10511,['C'],A,Vacuum adiabatic calorimetry,"origin: commercial source,99.9 % (total),stated by supplier,foil",99.9,Not Specified %,1958
370.0,25.803,0.077,None kPa,N/A,10511,['C'],A,Vacuum adiabatic calorimetry,"origin: commercial source,99.9 % (total),stated by supplier,foil",99.9,Not Specified %,1958
375.0,25.828,0.077,None kPa,N/A,10511,['C'],A,Vacuum adiabatic calorimetry,"origin: commercial source,99.9 % (total),stated by supplier,foil",99.9,Not Specified %,1958
380.0,25.853,0.078,None kPa,N/A,10511,['C'],A,Vacuum adiabatic calorimetry,"origin: commercial source,99.9 % (total),stated by supplier,foil",99.9,Not Specified %,1958
385.0,25.878,0.078,None kPa,N/A,10511,['C'],A,Vacuum adiabatic calorimetry,"origin: commercial source,99.9 % (total),stated by supplier,foil",99.9,Not Specified %,1958
390.0,25.903,0.078,None kPa,N/A,10511,['C'],A,Vacuum adiabatic calorimetry,"origin: commercial source,99.9 % (total),stated by supplier,foil",99.9,Not Specified %,1958
395.0,25.928,0.078,None kPa,N/A,10511,['C'],A,Vacuum adiabatic calorimetry,"origin: commercial source,99.9 % (total),stated by supplier,foil",99.9,Not Specified %,1958
400.0,25.953,0.078,None kPa,N/A,10511,['C'],A,Vacuum adiabatic calorimetry,"origin: commercial source,99.9 % (total),stated by supplier,foil",99.9,Not Specified %,1958
405.0,25.978,0.078,None kPa,N/A,10511,['C'],A,Vacuum adiabatic calorimetry,"origin: commercial source,99.9 % (total),stated by supplier,foil",99.9,Not Specified %,1958
410.0,26.008,0.078,None kPa,N/A,10511,['C'],A,Vacuum adiabatic calorimetry,"origin: commercial source,99.9 % (total),stated by supplier,foil",99.9,Not Specified %,1958
415.0,26.033,0.078,None kPa,N/A,10511,['C'],A,Vacuum adiabatic calorimetry,"origin: commercial source,99.9 % (total),stated by supplier,foil",99.9,Not Specified %,1958
420.0,26.062,0.078,None kPa,N/A,10511,['C'],A,Vacuum adiabatic calorimetry,"origin: commercial source,99.9 % (total),stated by supplier,foil",99.9,Not Specified %,1958
425.0,26.091,0.078,None kPa,N/A,10511,['C'],A,Vacuum adiabatic calorimetry,"origin: commercial source,99.9 % (total),stated by supplier,foil",99.9,Not Specified %,1958
430.0,26.125,0.078,None kPa,N/A,10511,['C'],A,Vacuum adiabatic calorimetry,"origin: commercial source,99.9 % (total),stated by supplier,foil",99.9,Not Specified %,1958
435.0,26.158,0.078,None kPa,N/A,10511,['C'],A,Vacuum adiabatic calorimetry,"origin: commercial source,99.9 % (total),stated by supplier,foil",99.9,Not Specified %,1958
440.0,26.188,0.079,None kPa,N/A,10511,['C'],A,Vacuum adiabatic calorimetry,"origin: commercial source,99.9 % (total),stated by supplier,foil",99.9,Not Specified %,1958
445.0,26.217,0.079,None kPa,N/A,10511,['C'],A,Vacuum adiabatic calorimetry,"origin: commercial source,99.9 % (total),stated by supplier,foil",99.9,Not Specified %,1958
450.0,26.25,0.079,None kPa,N/A,10511,['C'],A,Vacuum adiabatic calorimetry,"origin: commercial source,99.9 % (total),stated by supplier,foil",99.9,Not Specified %,1958
455.0,26.284,0.079,None kPa,N/A,10511,['C'],A,Vacuum adiabatic calorimetry,"origin: commercial source,99.9 % (total),stated by supplier,foil",99.9,Not Specified %,1958
460.0,26.313,0.079,None kPa,N/A,10511,['C'],A,Vacuum adiabatic calorimetry,"origin: commercial source,99.9 % (total),stated by supplier,foil",99.9,Not Specified %,1958
465.0,26.342,0.079,None kPa,N/A,10511,['C'],A,Vacuum adiabatic calorimetry,"origin: commercial source,99.9 % (total),stated by supplier,foil",99.9,Not Specified %,1958
470.0,26.376,0.079,None kPa,N/A,10511,['C'],A,Vacuum adiabatic calorimetry,"origin: commercial source,99.9 % (total),stated by supplier,foil",99.9,Not Specified %,1958
475.0,26.405,0.079,None kPa,N/A,10511,['C'],A,Vacuum adiabatic calorimetry,"origin: commercial source,99.9 % (total),stated by supplier,foil",99.9,Not Specified %,1958
480.0,26.435,0.079,None kPa,N/A,10511,['C'],A,Vacuum adiabatic calorimetry,"origin: commercial source,99.9 % (total),stated by supplier,foil",99.9,Not Specified %,1958
485.0,26.468,0.079,None kPa,N/A,10511,['C'],A,Vacuum adiabatic calorimetry,"origin: commercial source,99.9 % (total),stated by supplier,foil",99.9,Not Specified %,1958
490.0,26.501,0.08,None kPa,N/A,10511,['C'],A,Vacuum adiabatic calorimetry,"origin: commercial source,99.9 % (total),stated by supplier,foil",99.9,Not Specified %,1958
495.0,26.531,0.08,None kPa,N/A,10511,['C'],A,Vacuum adiabatic calorimetry,"origin: commercial source,99.9 % (total),stated by supplier,foil",99.9,Not Specified %,1958
500.0,26.56,0.08,None kPa,N/A,10511,['C'],A,Vacuum adiabatic calorimetry,"origin: commercial source,99.9 % (total),stated by supplier,foil",99.9,Not Specified %,1958
505.0,26.589,0.08,None kPa,N/A,10511,['C'],A,Vacuum adiabatic calorimetry,"origin: commercial source,99.9 % (total),stated by supplier,foil",99.9,Not Specified %,1958
510.0,26.619,0.08,None kPa,N/A,10511,['C'],A,Vacuum adiabatic calorimetry,"origin: commercial source,99.9 % (total),stated by supplier,foil",99.9,Not Specified %,1958
515.0,26.644,0.08,None kPa,N/A,10511,['C'],A,Vacuum adiabatic calorimetry,"origin: commercial source,99.9 % (total),stated by supplier,foil",99.9,Not Specified %,1958
520.0,26.673,0.08,None kPa,N/A,10511,['C'],A,Vacuum adiabatic calorimetry,"origin: commercial source,99.9 % (total),stated by supplier,foil",99.9,Not Specified %,1958
525.0,26.702,0.08,None kPa,N/A,10511,['C'],A,Vacuum adiabatic calorimetry,"origin: commercial source,99.9 % (total),stated by supplier,foil",99.9,Not Specified %,1958
530.0,26.736,0.08,None kPa,N/A,10511,['C'],A,Vacuum adiabatic calorimetry,"origin: commercial source,99.9 % (total),stated by supplier,foil",99.9,Not Specified %,1958
535.0,26.765,0.08,None kPa,N/A,10511,['C'],A,Vacuum adiabatic calorimetry,"origin: commercial source,99.9 % (total),stated by supplier,foil",99.9,Not Specified %,1958
540.0,26.794,0.08,None kPa,N/A,10511,['C'],A,Vacuum adiabatic calorimetry,"origin: commercial source,99.9 % (total),stated by supplier,foil",99.9,Not Specified %,1958
543.16,26.811,0.08,None kPa,N/A,10511,['C'],A,Vacuum adiabatic calorimetry,"origin: commercial source,99.9 % (total),stated by supplier,foil",99.9,Not Specified %,1958
1.5,0.0100416,0.00100416,None kPa,N/A,13935,['C'],A,Low temperature calorimetry set up,not stated,,,1963
2.0,0.0138072,0.00138072,None kPa,N/A,13935,['C'],A,Low temperature calorimetry set up,not stated,,,1963
2.5,0.0179912,0.00179912,None kPa,N/A,13935,['C'],A,Low temperature calorimetry set up,not stated,,,1963
3.0,0.0225936,0.00225936,None kPa,N/A,13935,['C'],A,Low temperature calorimetry set up,not stated,,,1963
3.5,0.0280328,0.00280328,None kPa,N/A,13935,['C'],A,Low temperature calorimetry set up,not stated,,,1963
4.0,0.0338904,0.00338904,None kPa,N/A,13935,['C'],A,Low temperature calorimetry set up,not stated,,,1963
4.5,0.0410032,0.00410032,None kPa,N/A,13935,['C'],A,Low temperature calorimetry set up,not stated,,,1963
5.0,0.0485344,0.00485344,None kPa,N/A,13935,['C'],A,Low temperature calorimetry set up,not stated,,,1963
5.5,0.0573208,0.00573208,None kPa,N/A,13935,['C'],A,Low temperature calorimetry set up,not stated,,,1963
6.0,0.0673624,0.00673624,None kPa,N/A,13935,['C'],A,Low temperature calorimetry set up,not stated,,,1963
6.5,0.0786592,0.00786592,None kPa,N/A,13935,['C'],A,Low temperature calorimetry set up,not stated,,,1963
7.0,0.0912112,0.00912112,None kPa,N/A,13935,['C'],A,Low temperature calorimetry set up,not stated,,,1963
7.5,0.105437,0.0105437,None kPa,N/A,13935,['C'],A,Low temperature calorimetry set up,not stated,,,1963
8.0,0.120918,0.0120918,None kPa,N/A,13935,['C'],A,Low temperature calorimetry set up,not stated,,,1963
8.5,0.138072,0.0138072,None kPa,N/A,13935,['C'],A,Low temperature calorimetry set up,not stated,,,1963
9.0,0.157318,0.0157318,None kPa,N/A,13935,['C'],A,Low temperature calorimetry set up,not stated,,,1963
9.5,0.17782,0.017782,None kPa,N/A,13935,['C'],A,Low temperature calorimetry set up,not stated,,,1963
10.0,0.200832,0.0200832,None kPa,N/A,13935,['C'],A,Low temperature calorimetry set up,not stated,,,1963
10.5,0.225936,0.0225936,None kPa,N/A,13935,['C'],A,Low temperature calorimetry set up,not stated,,,1963
11.0,0.252714,0.0252714,None kPa,N/A,13935,['C'],A,Low temperature calorimetry set up,not stated,,,1963
11.5,0.282002,0.0282002,None kPa,N/A,13935,['C'],A,Low temperature calorimetry set up,not stated,,,1963
12.0,0.3138,0.03138,None kPa,N/A,13935,['C'],A,Low temperature calorimetry set up,not stated,,,1963
12.5,0.348109,0.0348109,None kPa,N/A,13935,['C'],A,Low temperature calorimetry set up,not stated,,,1963
13.0,0.384928,0.0384928,None kPa,N/A,13935,['C'],A,Low temperature calorimetry set up,not stated,,,1963
13.5,0.424258,0.0424258,None kPa,N/A,13935,['C'],A,Low temperature calorimetry set up,not stated,,,1963
14.0,0.466934,0.0466934,None kPa,N/A,13935,['C'],A,Low temperature calorimetry set up,not stated,,,1963
14.5,0.512122,0.0512122,None kPa,N/A,13935,['C'],A,Low temperature calorimetry set up,not stated,,,1963
15.0,0.560238,0.0560238,None kPa,N/A,13935,['C'],A,Low temperature calorimetry set up,not stated,,,1963
15.5,0.611282,0.0611282,None kPa,N/A,13935,['C'],A,Low temperature calorimetry set up,not stated,,,1963
16.0,0.666093,0.0666093,None kPa,N/A,13935,['C'],A,Low temperature calorimetry set up,not stated,,,1963
16.5,0.723832,0.0723832,None kPa,N/A,13935,['C'],A,Low temperature calorimetry set up,not stated,,,1963
17.0,0.784918,0.0784918,None kPa,N/A,13935,['C'],A,Low temperature calorimetry set up,not stated,,,1963
17.5,0.84977,0.084977,None kPa,N/A,13935,['C'],A,Low temperature calorimetry set up,not stated,,,1963
18.0,0.918388,0.0918388,None kPa,N/A,13935,['C'],A,Low temperature calorimetry set up,not stated,,,1963
18.5,0.990353,0.0990353,None kPa,N/A,13935,['C'],A,Low temperature calorimetry set up,not stated,,,1963
19.0,1.06608,0.106608,None kPa,N/A,13935,['C'],A,Low temperature calorimetry set up,not stated,,,1963
19.5,1.146,0.1146,None kPa,N/A,13935,['C'],A,Low temperature calorimetry set up,not stated,,,1963
20.0,1.2301,0.12301,None kPa,N/A,13935,['C'],A,Low temperature calorimetry set up,not stated,,,1963
273.15,25.2044,0.504088,None kPa,N/A,4129,['C'],A,Drop calorimetry,origin: commercial source,,,1934
373.15,25.5266,0.510532,None kPa,N/A,4129,['C'],A,Drop calorimetry,origin: commercial source,,,1934
473.15,25.8529,0.517059,None kPa,N/A,4129,['C'],A,Drop calorimetry,origin: commercial source,,,1934
573.15,26.1793,0.523586,None kPa,N/A,4129,['C'],A,Drop calorimetry,origin: commercial source,,,1934
673.15,26.5224,0.530448,None kPa,N/A,4129,['C'],A,Drop calorimetry,origin: commercial source,,,1934
773.15,26.8613,0.537226,None kPa,N/A,4129,['C'],A,Drop calorimetry,origin: commercial source,,,1934
873.15,27.2044,0.544087,None kPa,N/A,4129,['C'],A,Drop calorimetry,origin: commercial source,,,1934
973.15,27.56,0.5512,None kPa,N/A,4129,['C'],A,Drop calorimetry,origin: commercial source,,,1934
1073.15,27.9156,0.558313,None kPa,N/A,4129,['C'],A,Drop calorimetry,origin: commercial source,,,1934
1173.15,28.2713,0.565426,None kPa,N/A,4129,['C'],A,Drop calorimetry,origin: commercial source,,,1934
1273.15,28.6353,0.572706,None kPa,N/A,4129,['C'],A,Drop calorimetry,origin: commercial source,,,1934
1373.15,29.0077,0.580153,None kPa,N/A,4129,['C'],A,Drop calorimetry,origin: commercial source,,,1934
1473.15,29.3884,0.587768,None kPa,N/A,4129,['C'],A,Drop calorimetry,origin: commercial source,,,1934
1573.15,29.7692,0.595383,None kPa,N/A,4129,['C'],A,Drop calorimetry,origin: commercial source,,,1934
1673.15,30.1541,0.603082,None kPa,N/A,4129,['C'],A,Drop calorimetry,origin: commercial source,,,1934
57.56,12.971,0.064855,None kPa,N/A,5354,['C'],A,Vacuum adiabatic calorimetry,origin: commercial source,,,1940
84.53,18.275,0.091375,None kPa,N/A,5354,['C'],A,Vacuum adiabatic calorimetry,origin: commercial source,,,1940
123.67,21.725,0.108625,None kPa,N/A,5354,['C'],A,Vacuum adiabatic calorimetry,origin: commercial source,,,1940
143.95,22.662,0.11331,None kPa,N/A,5354,['C'],A,Vacuum adiabatic calorimetry,origin: commercial source,,,1940
164.24,23.298,0.11649,None kPa,N/A,5354,['C'],A,Vacuum adiabatic calorimetry,origin: commercial source,,,1940
184.83,23.854,0.11927,None kPa,N/A,5354,['C'],A,Vacuum adiabatic calorimetry,origin: commercial source,,,1940
204.2,24.207,0.121035,None kPa,N/A,5354,['C'],A,Vacuum adiabatic calorimetry,origin: commercial source,,,1940
219.54,24.407,0.122035,None kPa,N/A,5354,['C'],A,Vacuum adiabatic calorimetry,origin: commercial source,,,1940
235.06,24.728,0.12364,None kPa,N/A,5354,['C'],A,Vacuum adiabatic calorimetry,origin: commercial source,,,1940
255.29,24.921,0.124605,None kPa,N/A,5354,['C'],A,Vacuum adiabatic calorimetry,origin: commercial source,,,1940
275.22,25.124,0.12562,None kPa,N/A,5354,['C'],A,Vacuum adiabatic calorimetry,origin: commercial source,,,1940
294.22,25.186,0.12593,None kPa,N/A,5354,['C'],A,Vacuum adiabatic calorimetry,origin: commercial source,,,1940
61.32,14.077,0.070385,None kPa,N/A,5355,['C'],A,Vacuum adiabatic calorimetry,origin: commercial source,,,1940
93.21,19.32,0.0966,None kPa,N/A,5355,['C'],A,Vacuum adiabatic calorimetry,origin: commercial source,,,1940
134.24,22.234,0.11117,None kPa,N/A,5355,['C'],A,Vacuum adiabatic calorimetry,origin: commercial source,,,1940
154.34,22.98,0.1149,None kPa,N/A,5355,['C'],A,Vacuum adiabatic calorimetry,origin: commercial source,,,1940
174.56,23.606,0.11803,None kPa,N/A,5355,['C'],A,Vacuum adiabatic calorimetry,origin: commercial source,,,1940
195.34,24.041,0.120205,None kPa,N/A,5355,['C'],A,Vacuum adiabatic calorimetry,origin: commercial source,,,1940
215.14,24.415,0.122075,None kPa,N/A,5355,['C'],A,Vacuum adiabatic calorimetry,origin: commercial source,,,1940
224.92,24.531,0.122655,None kPa,N/A,5355,['C'],A,Vacuum adiabatic calorimetry,origin: commercial source,,,1940
245.45,24.805,0.124025,None kPa,N/A,5355,['C'],A,Vacuum adiabatic calorimetry,origin: commercial source,,,1940
265.5,25.038,0.12519,None kPa,N/A,5355,['C'],A,Vacuum adiabatic calorimetry,origin: commercial source,,,1940
285.24,25.211,0.126055,None kPa,N/A,5355,['C'],A,Vacuum adiabatic calorimetry,origin: commercial source,,,1940
53.0,11.76,0.0588,None kPa,N/A,5356,['C'],A,Vacuum adiabatic calorimetry,origin: commercial source,,,1940
55.0,12.34,0.0617,None kPa,N/A,5356,['C'],A,Vacuum adiabatic calorimetry,origin: commercial source,,,1940
60.0,13.64,0.0682,None kPa,N/A,5356,['C'],A,Vacuum adiabatic calorimetry,origin: commercial source,,,1940
65.0,14.81,0.07405,None kPa,N/A,5356,['C'],A,Vacuum adiabatic calorimetry,origin: commercial source,,,1940
70.0,15.9,0.0795,None kPa,N/A,5356,['C'],A,Vacuum adiabatic calorimetry,origin: commercial source,,,1940
75.0,16.86,0.0843,None kPa,N/A,5356,['C'],A,Vacuum adiabatic calorimetry,origin: commercial source,,,1940
80.0,17.65,0.08825,None kPa,N/A,5356,['C'],A,Vacuum adiabatic calorimetry,origin: commercial source,,,1940
85.0,18.41,0.09205,None kPa,N/A,5356,['C'],A,Vacuum adiabatic calorimetry,origin: commercial source,,,1940
90.0,19.03,0.09515,None kPa,N/A,5356,['C'],A,Vacuum adiabatic calorimetry,origin: commercial source,,,1940
95.0,19.58,0.0979,None kPa,N/A,5356,['C'],A,Vacuum adiabatic calorimetry,origin: commercial source,,,1940
100.0,20.0,0.1,None kPa,N/A,5356,['C'],A,Vacuum adiabatic calorimetry,origin: commercial source,,,1940
105.0,20.37,0.10185,None kPa,N/A,5356,['C'],A,Vacuum adiabatic calorimetry,origin: commercial source,,,1940
110.0,20.79,0.10395,None kPa,N/A,5356,['C'],A,Vacuum adiabatic calorimetry,origin: commercial source,,,1940
115.0,21.17,0.10585,None kPa,N/A,5356,['C'],A,Vacuum adiabatic calorimetry,origin: commercial source,,,1940
120.0,21.5,0.1075,None kPa,N/A,5356,['C'],A,Vacuum adiabatic calorimetry,origin: commercial source,,,1940
125.0,21.79,0.10895,None kPa,N/A,5356,['C'],A,Vacuum adiabatic calorimetry,origin: commercial source,,,1940
130.0,22.05,0.11025,None kPa,N/A,5356,['C'],A,Vacuum adiabatic calorimetry,origin: commercial source,,,1940
135.0,22.3,0.1115,None kPa,N/A,5356,['C'],A,Vacuum adiabatic calorimetry,origin: commercial source,,,1940
140.0,22.55,0.11275,None kPa,N/A,5356,['C'],A,Vacuum adiabatic calorimetry,origin: commercial source,,,1940
145.0,22.76,0.1138,None kPa,N/A,5356,['C'],A,Vacuum adiabatic calorimetry,origin: commercial source,,,1940
150.0,22.92,0.1146,None kPa,N/A,5356,['C'],A,Vacuum adiabatic calorimetry,origin: commercial source,,,1940
155.0,23.09,0.11545,None kPa,N/A,5356,['C'],A,Vacuum adiabatic calorimetry,origin: commercial source,,,1940
160.0,23.22,0.1161,None kPa,N/A,5356,['C'],A,Vacuum adiabatic calorimetry,origin: commercial source,,,1940
165.0,23.34,0.1167,None kPa,N/A,5356,['C'],A,Vacuum adiabatic calorimetry,origin: commercial source,,,1940
170.0,23.51,0.11755,None kPa,N/A,5356,['C'],A,Vacuum adiabatic calorimetry,origin: commercial source,,,1940
175.0,23.64,0.1182,None kPa,N/A,5356,['C'],A,Vacuum adiabatic calorimetry,origin: commercial source,,,1940
180.0,23.76,0.1188,None kPa,N/A,5356,['C'],A,Vacuum adiabatic calorimetry,origin: commercial source,,,1940
185.0,23.84,0.1192,None kPa,N/A,5356,['C'],A,Vacuum adiabatic calorimetry,origin: commercial source,,,1940
190.0,23.97,0.11985,None kPa,N/A,5356,['C'],A,Vacuum adiabatic calorimetry,origin: commercial source,,,1940
195.0,24.1,0.1205,None kPa,N/A,5356,['C'],A,Vacuum adiabatic calorimetry,origin: commercial source,,,1940
200.0,24.18,0.1209,None kPa,N/A,5356,['C'],A,Vacuum adiabatic calorimetry,origin: commercial source,,,1940
205.0,24.26,0.1213,None kPa,N/A,5356,['C'],A,Vacuum adiabatic calorimetry,origin: commercial source,,,1940
210.0,24.35,0.12175,None kPa,N/A,5356,['C'],A,Vacuum adiabatic calorimetry,origin: commercial source,,,1940
215.0,24.43,0.12215,None kPa,N/A,5356,['C'],A,Vacuum adiabatic calorimetry,origin: commercial source,,,1940
220.0,24.51,0.12255,None kPa,N/A,5356,['C'],A,Vacuum adiabatic calorimetry,origin: commercial source,,,1940
225.0,24.6,0.123,None kPa,N/A,5356,['C'],A,Vacuum adiabatic calorimetry,origin: commercial source,,,1940
230.0,24.64,0.1232,None kPa,N/A,5356,['C'],A,Vacuum adiabatic calorimetry,origin: commercial source,,,1940
235.0,24.72,0.1236,None kPa,N/A,5356,['C'],A,Vacuum adiabatic calorimetry,origin: commercial source,,,1940
240.0,24.77,0.12385,None kPa,N/A,5356,['C'],A,Vacuum adiabatic calorimetry,origin: commercial source,,,1940
245.0,24.85,0.12425,None kPa,N/A,5356,['C'],A,Vacuum adiabatic calorimetry,origin: commercial source,,,1940
250.0,24.89,0.12445,None kPa,N/A,5356,['C'],A,Vacuum adiabatic calorimetry,origin: commercial source,,,1940
255.0,24.93,0.12465,None kPa,N/A,5356,['C'],A,Vacuum adiabatic calorimetry,origin: commercial source,,,1940
260.0,25.02,0.1251,None kPa,N/A,5356,['C'],A,Vacuum adiabatic calorimetry,origin: commercial source,,,1940
265.0,25.06,0.1253,None kPa,N/A,5356,['C'],A,Vacuum adiabatic calorimetry,origin: commercial source,,,1940
270.0,25.14,0.1257,None kPa,N/A,5356,['C'],A,Vacuum adiabatic calorimetry,origin: commercial source,,,1940
275.0,25.18,0.1259,None kPa,N/A,5356,['C'],A,Vacuum adiabatic calorimetry,origin: commercial source,,,1940
280.0,25.23,0.12615,None kPa,N/A,5356,['C'],A,Vacuum adiabatic calorimetry,origin: commercial source,,,1940
285.0,25.23,0.12615,None kPa,N/A,5356,['C'],A,Vacuum adiabatic calorimetry,origin: commercial source,,,1940
290.0,25.27,0.12635,None kPa,N/A,5356,['C'],A,Vacuum adiabatic calorimetry,origin: commercial source,,,1940
295.0,25.27,0.12635,None kPa,N/A,5356,['C'],A,Vacuum adiabatic calorimetry,origin: commercial source,,,1940
80.0,17.61,0.08805,None kPa,N/A,5357,['C'],A,Vacuum adiabatic calorimetry,origin: commercial source,,,1940
85.0,18.32,0.0916,None kPa,N/A,5357,['C'],A,Vacuum adiabatic calorimetry,origin: commercial source,,,1940
90.0,18.95,0.09475,None kPa,N/A,5357,['C'],A,Vacuum adiabatic calorimetry,origin: commercial source,,,1940
95.0,19.49,0.09745,None kPa,N/A,5357,['C'],A,Vacuum adiabatic calorimetry,origin: commercial source,,,1940
100.0,19.95,0.09975,None kPa,N/A,5357,['C'],A,Vacuum adiabatic calorimetry,origin: commercial source,,,1940
105.0,20.33,0.10165,None kPa,N/A,5357,['C'],A,Vacuum adiabatic calorimetry,origin: commercial source,,,1940
110.0,20.75,0.10375,None kPa,N/A,5357,['C'],A,Vacuum adiabatic calorimetry,origin: commercial source,,,1940
115.0,21.13,0.10565,None kPa,N/A,5357,['C'],A,Vacuum adiabatic calorimetry,origin: commercial source,,,1940
120.0,21.46,0.1073,None kPa,N/A,5357,['C'],A,Vacuum adiabatic calorimetry,origin: commercial source,,,1940
125.0,21.75,0.10875,None kPa,N/A,5357,['C'],A,Vacuum adiabatic calorimetry,origin: commercial source,,,1940
130.0,22.05,0.11025,None kPa,N/A,5357,['C'],A,Vacuum adiabatic calorimetry,origin: commercial source,,,1940
135.0,22.3,0.1115,None kPa,N/A,5357,['C'],A,Vacuum adiabatic calorimetry,origin: commercial source,,,1940
140.0,22.51,0.11255,None kPa,N/A,5357,['C'],A,Vacuum adiabatic calorimetry,origin: commercial source,,,1940
145.0,22.67,0.11335,None kPa,N/A,5357,['C'],A,Vacuum adiabatic calorimetry,origin: commercial source,,,1940
150.0,22.84,0.1142,None kPa,N/A,5357,['C'],A,Vacuum adiabatic calorimetry,origin: commercial source,,,1940
155.0,23.01,0.11505,None kPa,N/A,5357,['C'],A,Vacuum adiabatic calorimetry,origin: commercial source,,,1940
160.0,23.13,0.11565,None kPa,N/A,5357,['C'],A,Vacuum adiabatic calorimetry,origin: commercial source,,,1940
165.0,23.3,0.1165,None kPa,N/A,5357,['C'],A,Vacuum adiabatic calorimetry,origin: commercial source,,,1940
170.0,23.47,0.11735,None kPa,N/A,5357,['C'],A,Vacuum adiabatic calorimetry,origin: commercial source,,,1940
175.0,23.64,0.1182,None kPa,N/A,5357,['C'],A,Vacuum adiabatic calorimetry,origin: commercial source,,,1940
180.0,23.72,0.1186,None kPa,N/A,5357,['C'],A,Vacuum adiabatic calorimetry,origin: commercial source,,,1940
185.0,23.84,0.1192,None kPa,N/A,5357,['C'],A,Vacuum adiabatic calorimetry,origin: commercial source,,,1940
190.0,23.93,0.11965,None kPa,N/A,5357,['C'],A,Vacuum adiabatic calorimetry,origin: commercial source,,,1940
195.0,24.01,0.12005,None kPa,N/A,5357,['C'],A,Vacuum adiabatic calorimetry,origin: commercial source,,,1940
200.0,24.1,0.1205,None kPa,N/A,5357,['C'],A,Vacuum adiabatic calorimetry,origin: commercial source,,,1940
205.0,24.18,0.1209,None kPa,N/A,5357,['C'],A,Vacuum adiabatic calorimetry,origin: commercial source,,,1940
210.0,24.26,0.1213,None kPa,N/A,5357,['C'],A,Vacuum adiabatic calorimetry,origin: commercial source,,,1940
215.0,24.35,0.12175,None kPa,N/A,5357,['C'],A,Vacuum adiabatic calorimetry,origin: commercial source,,,1940
220.0,24.43,0.12215,None kPa,N/A,5357,['C'],A,Vacuum adiabatic calorimetry,origin: commercial source,,,1940
225.0,24.51,0.12255,None kPa,N/A,5357,['C'],A,Vacuum adiabatic calorimetry,origin: commercial source,,,1940
230.0,24.6,0.123,None kPa,N/A,5357,['C'],A,Vacuum adiabatic calorimetry,origin: commercial source,,,1940
235.0,24.68,0.1234,None kPa,N/A,5357,['C'],A,Vacuum adiabatic calorimetry,origin: commercial source,,,1940
240.0,24.72,0.1236,None kPa,N/A,5357,['C'],A,Vacuum adiabatic calorimetry,origin: commercial source,,,1940
245.0,24.77,0.12385,None kPa,N/A,5357,['C'],A,Vacuum adiabatic calorimetry,origin: commercial source,,,1940
250.0,24.85,0.12425,None kPa,N/A,5357,['C'],A,Vacuum adiabatic calorimetry,origin: commercial source,,,1940
255.0,24.89,0.12445,None kPa,N/A,5357,['C'],A,Vacuum adiabatic calorimetry,origin: commercial source,,,1940
260.0,24.93,0.12465,None kPa,N/A,5357,['C'],A,Vacuum adiabatic calorimetry,origin: commercial source,,,1940
265.0,24.97,0.12485,None kPa,N/A,5357,['C'],A,Vacuum adiabatic calorimetry,origin: commercial source,,,1940
270.0,25.02,0.1251,None kPa,N/A,5357,['C'],A,Vacuum adiabatic calorimetry,origin: commercial source,,,1940
275.0,25.1,0.1255,None kPa,N/A,5357,['C'],A,Vacuum adiabatic calorimetry,origin: commercial source,,,1940
280.0,25.18,0.1259,None kPa,N/A,5357,['C'],A,Vacuum adiabatic calorimetry,origin: commercial source,,,1940
285.0,25.23,0.12615,None kPa,N/A,5357,['C'],A,Vacuum adiabatic calorimetry,origin: commercial source,,,1940
290.0,25.27,0.12635,None kPa,N/A,5357,['C'],A,Vacuum adiabatic calorimetry,origin: commercial source,,,1940
295.0,25.31,0.12655,None kPa,N/A,5357,['C'],A,Vacuum adiabatic calorimetry,origin: commercial source,,,1940
53.0,11.34,0.0567,None kPa,N/A,5358,['C'],A,Vacuum adiabatic calorimetry,"origin: commercial source,99.85 weight % (total),stated by supplier,powder",99.85,Weight %,1940
55.0,11.88,0.0594,None kPa,N/A,5358,['C'],A,Vacuum adiabatic calorimetry,"origin: commercial source,99.85 weight % (total),stated by supplier,powder",99.85,Weight %,1940
60.0,13.14,0.0657,None kPa,N/A,5358,['C'],A,Vacuum adiabatic calorimetry,"origin: commercial source,99.85 weight % (total),stated by supplier,powder",99.85,Weight %,1940
65.0,14.39,0.07195,None kPa,N/A,5358,['C'],A,Vacuum adiabatic calorimetry,"origin: commercial source,99.85 weight % (total),stated by supplier,powder",99.85,Weight %,1940
70.0,15.56,0.0778,None kPa,N/A,5358,['C'],A,Vacuum adiabatic calorimetry,"origin: commercial source,99.85 weight % (total),stated by supplier,powder",99.85,Weight %,1940
75.0,16.57,0.08285,None kPa,N/A,5358,['C'],A,Vacuum adiabatic calorimetry,"origin: commercial source,99.85 weight % (total),stated by supplier,powder",99.85,Weight %,1940
80.0,17.4,0.087,None kPa,N/A,5358,['C'],A,Vacuum adiabatic calorimetry,"origin: commercial source,99.85 weight % (total),stated by supplier,powder",99.85,Weight %,1940
85.0,18.11,0.09055,None kPa,N/A,5358,['C'],A,Vacuum adiabatic calorimetry,"origin: commercial source,99.85 weight % (total),stated by supplier,powder",99.85,Weight %,1940
90.0,18.74,0.0937,None kPa,N/A,5358,['C'],A,Vacuum adiabatic calorimetry,"origin: commercial source,99.85 weight % (total),stated by supplier,powder",99.85,Weight %,1940
95.0,19.33,0.09665,None kPa,N/A,5358,['C'],A,Vacuum adiabatic calorimetry,"origin: commercial source,99.85 weight % (total),stated by supplier,powder",99.85,Weight %,1940
100.0,19.87,0.09935,None kPa,N/A,5358,['C'],A,Vacuum adiabatic calorimetry,"origin: commercial source,99.85 weight % (total),stated by supplier,powder",99.85,Weight %,1940
105.0,20.37,0.10185,None kPa,N/A,5358,['C'],A,Vacuum adiabatic calorimetry,"origin: commercial source,99.85 weight % (total),stated by supplier,powder",99.85,Weight %,1940
110.0,20.83,0.10415,None kPa,N/A,5358,['C'],A,Vacuum adiabatic calorimetry,"origin: commercial source,99.85 weight % (total),stated by supplier,powder",99.85,Weight %,1940
115.0,21.25,0.10625,None kPa,N/A,5358,['C'],A,Vacuum adiabatic calorimetry,"origin: commercial source,99.85 weight % (total),stated by supplier,powder",99.85,Weight %,1940
120.0,21.67,0.10835,None kPa,N/A,5358,['C'],A,Vacuum adiabatic calorimetry,"origin: commercial source,99.85 weight % (total),stated by supplier,powder",99.85,Weight %,1940
125.0,22.05,0.11025,None kPa,N/A,5358,['C'],A,Vacuum adiabatic calorimetry,"origin: commercial source,99.85 weight % (total),stated by supplier,powder",99.85,Weight %,1940
130.0,22.42,0.1121,None kPa,N/A,5358,['C'],A,Vacuum adiabatic calorimetry,"origin: commercial source,99.85 weight % (total),stated by supplier,powder",99.85,Weight %,1940
135.0,22.76,0.1138,None kPa,N/A,5358,['C'],A,Vacuum adiabatic calorimetry,"origin: commercial source,99.85 weight % (total),stated by supplier,powder",99.85,Weight %,1940
140.0,23.09,0.11545,None kPa,N/A,5358,['C'],A,Vacuum adiabatic calorimetry,"origin: commercial source,99.85 weight % (total),stated by supplier,powder",99.85,Weight %,1940
145.0,23.38,0.1169,None kPa,N/A,5358,['C'],A,Vacuum adiabatic calorimetry,"origin: commercial source,99.85 weight % (total),stated by supplier,powder",99.85,Weight %,1940
150.0,23.68,0.1184,None kPa,N/A,5358,['C'],A,Vacuum adiabatic calorimetry,"origin: commercial source,99.85 weight % (total),stated by supplier,powder",99.85,Weight %,1940
155.0,24.01,0.12005,None kPa,N/A,5358,['C'],A,Vacuum adiabatic calorimetry,"origin: commercial source,99.85 weight % (total),stated by supplier,powder",99.85,Weight %,1940
160.0,24.35,0.12175,None kPa,N/A,5358,['C'],A,Vacuum adiabatic calorimetry,"origin: commercial source,99.85 weight % (total),stated by supplier,powder",99.85,Weight %,1940
165.0,24.68,0.1234,None kPa,N/A,5358,['C'],A,Vacuum adiabatic calorimetry,"origin: commercial source,99.85 weight % (total),stated by supplier,powder",99.85,Weight %,1940
170.0,25.02,0.1251,None kPa,N/A,5358,['C'],A,Vacuum adiabatic calorimetry,"origin: commercial source,99.85 weight % (total),stated by supplier,powder",99.85,Weight %,1940
175.0,25.35,0.12675,None kPa,N/A,5358,['C'],A,Vacuum adiabatic calorimetry,"origin: commercial source,99.85 weight % (total),stated by supplier,powder",99.85,Weight %,1940
180.0,25.64,0.1282,None kPa,N/A,5358,['C'],A,Vacuum adiabatic calorimetry,"origin: commercial source,99.85 weight % (total),stated by supplier,powder",99.85,Weight %,1940
185.0,25.98,0.1299,None kPa,N/A,5358,['C'],A,Vacuum adiabatic calorimetry,"origin: commercial source,99.85 weight % (total),stated by supplier,powder",99.85,Weight %,1940
190.0,26.35,0.13175,None kPa,N/A,5358,['C'],A,Vacuum adiabatic calorimetry,"origin: commercial source,99.85 weight % (total),stated by supplier,powder",99.85,Weight %,1940
195.0,26.73,0.13365,None kPa,N/A,5358,['C'],A,Vacuum adiabatic calorimetry,"origin: commercial source,99.85 weight % (total),stated by supplier,powder",99.85,Weight %,1940
200.0,27.11,0.13555,None kPa,N/A,5358,['C'],A,Vacuum adiabatic calorimetry,"origin: commercial source,99.85 weight % (total),stated by supplier,powder",99.85,Weight %,1940
205.0,27.48,0.1374,None kPa,N/A,5358,['C'],A,Vacuum adiabatic calorimetry,"origin: commercial source,99.85 weight % (total),stated by supplier,powder",99.85,Weight %,1940
210.0,27.9,0.1395,None kPa,N/A,5358,['C'],A,Vacuum adiabatic calorimetry,"origin: commercial source,99.85 weight % (total),stated by supplier,powder",99.85,Weight %,1940
215.0,28.28,0.1414,None kPa,N/A,5358,['C'],A,Vacuum adiabatic calorimetry,"origin: commercial source,99.85 weight % (total),stated by supplier,powder",99.85,Weight %,1940
220.0,28.7,0.1435,None kPa,N/A,5358,['C'],A,Vacuum adiabatic calorimetry,"origin: commercial source,99.85 weight % (total),stated by supplier,powder",99.85,Weight %,1940
225.0,29.12,0.1456,None kPa,N/A,5358,['C'],A,Vacuum adiabatic calorimetry,"origin: commercial source,99.85 weight % (total),stated by supplier,powder",99.85,Weight %,1940
230.0,29.45,0.14725,None kPa,N/A,5358,['C'],A,Vacuum adiabatic calorimetry,"origin: commercial source,99.85 weight % (total),stated by supplier,powder",99.85,Weight %,1940
235.0,29.83,0.14915,None kPa,N/A,5358,['C'],A,Vacuum adiabatic calorimetry,"origin: commercial source,99.85 weight % (total),stated by supplier,powder",99.85,Weight %,1940
240.0,30.2,0.151,None kPa,N/A,5358,['C'],A,Vacuum adiabatic calorimetry,"origin: commercial source,99.85 weight % (total),stated by supplier,powder",99.85,Weight %,1940
245.0,30.54,0.1527,None kPa,N/A,5358,['C'],A,Vacuum adiabatic calorimetry,"origin: commercial source,99.85 weight % (total),stated by supplier,powder",99.85,Weight %,1940
250.0,30.91,0.15455,None kPa,N/A,5358,['C'],A,Vacuum adiabatic calorimetry,"origin: commercial source,99.85 weight % (total),stated by supplier,powder",99.85,Weight %,1940
255.0,31.29,0.15645,None kPa,N/A,5358,['C'],A,Vacuum adiabatic calorimetry,"origin: commercial source,99.85 weight % (total),stated by supplier,powder",99.85,Weight %,1940
260.0,31.63,0.15815,None kPa,N/A,5358,['C'],A,Vacuum adiabatic calorimetry,"origin: commercial source,99.85 weight % (total),stated by supplier,powder",99.85,Weight %,1940
265.0,31.96,0.1598,None kPa,N/A,5358,['C'],A,Vacuum adiabatic calorimetry,"origin: commercial source,99.85 weight % (total),stated by supplier,powder",99.85,Weight %,1940
270.0,32.3,0.1615,None kPa,N/A,5358,['C'],A,Vacuum adiabatic calorimetry,"origin: commercial source,99.85 weight % (total),stated by supplier,powder",99.85,Weight %,1940
275.0,32.55,0.16275,None kPa,N/A,5358,['C'],A,Vacuum adiabatic calorimetry,"origin: commercial source,99.85 weight % (total),stated by supplier,powder",99.85,Weight %,1940
280.0,32.21,0.16105,None kPa,N/A,5358,['C'],A,Vacuum adiabatic calorimetry,"origin: commercial source,99.85 weight % (total),stated by supplier,powder",99.85,Weight %,1940
285.0,31.75,0.15875,None kPa,N/A,5358,['C'],A,Vacuum adiabatic calorimetry,"origin: commercial source,99.85 weight % (total),stated by supplier,powder",99.85,Weight %,1940
290.0,31.29,0.15645,None kPa,N/A,5358,['C'],A,Vacuum adiabatic calorimetry,"origin: commercial source,99.85 weight % (total),stated by supplier,powder",99.85,Weight %,1940
295.0,30.83,0.15415,None kPa,N/A,5358,['C'],A,Vacuum adiabatic calorimetry,"origin: commercial source,99.85 weight % (total),stated by supplier,powder",99.85,Weight %,1940
300.0,30.37,0.15185,None kPa,N/A,5358,['C'],A,Vacuum adiabatic calorimetry,"origin: commercial source,99.85 weight % (total),stated by supplier,powder",99.85,Weight %,1940
310.0,29.79,0.14895,None kPa,N/A,5358,['C'],A,Vacuum adiabatic calorimetry,"origin: commercial source,99.85 weight % (total),stated by supplier,powder",99.85,Weight %,1940
320.0,29.7,0.1485,None kPa,N/A,5358,['C'],A,Vacuum adiabatic calorimetry,"origin: commercial source,99.85 weight % (total),stated by supplier,powder",99.85,Weight %,1940
74.92,16.874,0.08437,None kPa,N/A,5359,['C'],A,Vacuum adiabatic calorimetry,"origin: commercial source,99.85 weight % (total),stated by supplier,powder",99.85,Weight %,1940
123.55,21.876,0.10938,None kPa,N/A,5359,['C'],A,Vacuum adiabatic calorimetry,"origin: commercial source,99.85 weight % (total),stated by supplier,powder",99.85,Weight %,1940
163.79,24.606,0.12303,None kPa,N/A,5359,['C'],A,Vacuum adiabatic calorimetry,"origin: commercial source,99.85 weight % (total),stated by supplier,powder",99.85,Weight %,1940
194.75,26.899,0.134495,None kPa,N/A,5359,['C'],A,Vacuum adiabatic calorimetry,"origin: commercial source,99.85 weight % (total),stated by supplier,powder",99.85,Weight %,1940
204.1,27.398,0.13699,None kPa,N/A,5359,['C'],A,Vacuum adiabatic calorimetry,"origin: commercial source,99.85 weight % (total),stated by supplier,powder",99.85,Weight %,1940
214.72,28.31,0.14155,None kPa,N/A,5359,['C'],A,Vacuum adiabatic calorimetry,"origin: commercial source,99.85 weight % (total),stated by supplier,powder",99.85,Weight %,1940
224.98,29.091,0.145455,None kPa,N/A,5359,['C'],A,Vacuum adiabatic calorimetry,"origin: commercial source,99.85 weight % (total),stated by supplier,powder",99.85,Weight %,1940
228.46,29.455,0.147275,None kPa,N/A,5359,['C'],A,Vacuum adiabatic calorimetry,"origin: commercial source,99.85 weight % (total),stated by supplier,powder",99.85,Weight %,1940
232.86,29.719,0.148595,None kPa,N/A,5359,['C'],A,Vacuum adiabatic calorimetry,"origin: commercial source,99.85 weight % (total),stated by supplier,powder",99.85,Weight %,1940
235.3,29.932,0.14966,None kPa,N/A,5359,['C'],A,Vacuum adiabatic calorimetry,"origin: commercial source,99.85 weight % (total),stated by supplier,powder",99.85,Weight %,1940
244.83,30.491,0.152455,None kPa,N/A,5359,['C'],A,Vacuum adiabatic calorimetry,"origin: commercial source,99.85 weight % (total),stated by supplier,powder",99.85,Weight %,1940
255.27,31.443,0.157215,None kPa,N/A,5359,['C'],A,Vacuum adiabatic calorimetry,"origin: commercial source,99.85 weight % (total),stated by supplier,powder",99.85,Weight %,1940
265.35,32.033,0.160165,None kPa,N/A,5359,['C'],A,Vacuum adiabatic calorimetry,"origin: commercial source,99.85 weight % (total),stated by supplier,powder",99.85,Weight %,1940
270.3,32.247,0.161235,None kPa,N/A,5359,['C'],A,Vacuum adiabatic calorimetry,"origin: commercial source,99.85 weight % (total),stated by supplier,powder",99.85,Weight %,1940
274.82,32.522,0.16261,None kPa,N/A,5359,['C'],A,Vacuum adiabatic calorimetry,"origin: commercial source,99.85 weight % (total),stated by supplier,powder",99.85,Weight %,1940
279.71,32.253,0.161265,None kPa,N/A,5359,['C'],A,Vacuum adiabatic calorimetry,"origin: commercial source,99.85 weight % (total),stated by supplier,powder",99.85,Weight %,1940
284.73,32.044,0.16022,None kPa,N/A,5359,['C'],A,Vacuum adiabatic calorimetry,"origin: commercial source,99.85 weight % (total),stated by supplier,powder",99.85,Weight %,1940
285.28,31.582,0.15791,None kPa,N/A,5359,['C'],A,Vacuum adiabatic calorimetry,"origin: commercial source,99.85 weight % (total),stated by supplier,powder",99.85,Weight %,1940
289.5,31.332,0.15666,None kPa,N/A,5359,['C'],A,Vacuum adiabatic calorimetry,"origin: commercial source,99.85 weight % (total),stated by supplier,powder",99.85,Weight %,1940
294.09,30.741,0.153705,None kPa,N/A,5359,['C'],A,Vacuum adiabatic calorimetry,"origin: commercial source,99.85 weight % (total),stated by supplier,powder",99.85,Weight %,1940
298.99,30.694,0.15347,None kPa,N/A,5359,['C'],A,Vacuum adiabatic calorimetry,"origin: commercial source,99.85 weight % (total),stated by supplier,powder",99.85,Weight %,1940
302.9,30.263,0.151315,None kPa,N/A,5359,['C'],A,Vacuum adiabatic calorimetry,"origin: commercial source,99.85 weight % (total),stated by supplier,powder",99.85,Weight %,1940
306.64,29.813,0.149065,None kPa,N/A,5359,['C'],A,Vacuum adiabatic calorimetry,"origin: commercial source,99.85 weight % (total),stated by supplier,powder",99.85,Weight %,1940
310.61,29.553,0.147765,None kPa,N/A,5359,['C'],A,Vacuum adiabatic calorimetry,"origin: commercial source,99.85 weight % (total),stated by supplier,powder",99.85,Weight %,1940
314.58,29.898,0.14949,None kPa,N/A,5359,['C'],A,Vacuum adiabatic calorimetry,"origin: commercial source,99.85 weight % (total),stated by supplier,powder",99.85,Weight %,1940
322.65,29.792,0.14896,None kPa,N/A,5359,['C'],A,Vacuum adiabatic calorimetry,"origin: commercial source,99.85 weight % (total),stated by supplier,powder",99.85,Weight %,1940
1.396,0.00322168,0.000161084,None kPa,N/A,5499,['C'],A,Low temperature calorimetry set up,"origin: commercial source,99.9 % (total),spectroscopy",99.9,Not Specified %,1941
1.432,0.00359824,0.000179912,None kPa,N/A,5499,['C'],A,Low temperature calorimetry set up,"origin: commercial source,99.9 % (total),spectroscopy",99.9,Not Specified %,1941
1.467,0.00389112,0.000194556,None kPa,N/A,5499,['C'],A,Low temperature calorimetry set up,"origin: commercial source,99.9 % (total),spectroscopy",99.9,Not Specified %,1941
1.502,0.00401664,0.000200832,None kPa,N/A,5499,['C'],A,Low temperature calorimetry set up,"origin: commercial source,99.9 % (total),spectroscopy",99.9,Not Specified %,1941
1.621,0.00531368,0.000265684,None kPa,N/A,5499,['C'],A,Low temperature calorimetry set up,"origin: commercial source,99.9 % (total),spectroscopy",99.9,Not Specified %,1941
1.671,0.00665256,0.000332628,None kPa,N/A,5499,['C'],A,Low temperature calorimetry set up,"origin: commercial source,99.9 % (total),spectroscopy",99.9,Not Specified %,1941
1.717,0.00757304,0.000378652,None kPa,N/A,5499,['C'],A,Low temperature calorimetry set up,"origin: commercial source,99.9 % (total),spectroscopy",99.9,Not Specified %,1941
1.712,0.00736384,0.000368192,None kPa,N/A,5499,['C'],A,Low temperature calorimetry set up,"origin: commercial source,99.9 % (total),spectroscopy",99.9,Not Specified %,1941
1.783,0.00786592,0.000393296,None kPa,N/A,5499,['C'],A,Low temperature calorimetry set up,"origin: commercial source,99.9 % (total),spectroscopy",99.9,Not Specified %,1941
1.891,0.0085772,0.00042886,None kPa,N/A,5499,['C'],A,Low temperature calorimetry set up,"origin: commercial source,99.9 % (total),spectroscopy",99.9,Not Specified %,1941
1.971,0.0101671,0.000508356,None kPa,N/A,5499,['C'],A,Low temperature calorimetry set up,"origin: commercial source,99.9 % (total),spectroscopy",99.9,Not Specified %,1941
2.046,0.0123428,0.00061714,None kPa,N/A,5499,['C'],A,Low temperature calorimetry set up,"origin: commercial source,99.9 % (total),spectroscopy",99.9,Not Specified %,1941
2.182,0.0141838,0.000709188,None kPa,N/A,5499,['C'],A,Low temperature calorimetry set up,"origin: commercial source,99.9 % (total),spectroscopy",99.9,Not Specified %,1941
2.237,0.0152298,0.000761488,None kPa,N/A,5499,['C'],A,Low temperature calorimetry set up,"origin: commercial source,99.9 % (total),spectroscopy",99.9,Not Specified %,1941
2.342,0.0185351,0.000926756,None kPa,N/A,5499,['C'],A,Low temperature calorimetry set up,"origin: commercial source,99.9 % (total),spectroscopy",99.9,Not Specified %,1941
2.406,0.0204179,0.0010209,None kPa,N/A,5499,['C'],A,Low temperature calorimetry set up,"origin: commercial source,99.9 % (total),spectroscopy",99.9,Not Specified %,1941
2.746,0.0253969,0.00126984,None kPa,N/A,5499,['C'],A,Low temperature calorimetry set up,"origin: commercial source,99.9 % (total),spectroscopy",99.9,Not Specified %,1941
3.039,0.0341833,0.00170916,None kPa,N/A,5499,['C'],A,Low temperature calorimetry set up,"origin: commercial source,99.9 % (total),spectroscopy",99.9,Not Specified %,1941
3.652,0.05753,0.0028765,None kPa,N/A,5499,['C'],A,Low temperature calorimetry set up,"origin: commercial source,99.9 % (total),spectroscopy",99.9,Not Specified %,1941
4.017,0.0437228,0.00218614,None kPa,N/A,5499,['C'],A,Low temperature calorimetry set up,"origin: commercial source,99.9 % (total),spectroscopy",99.9,Not Specified %,1941
3.435,0.0447688,0.00223844,None kPa,N/A,5500,['C'],A,Low temperature calorimetry set up,"origin: commercial source,99.9 % (total),spectroscopy",99.9,Not Specified %,1941
3.5,0.0454801,0.002274,None kPa,N/A,5500,['C'],A,Low temperature calorimetry set up,"origin: commercial source,99.9 % (total),spectroscopy",99.9,Not Specified %,1941
3.575,0.0476139,0.0023807,None kPa,N/A,5500,['C'],A,Low temperature calorimetry set up,"origin: commercial source,99.9 % (total),spectroscopy",99.9,Not Specified %,1941
3.634,0.0506264,0.00253132,None kPa,N/A,5500,['C'],A,Low temperature calorimetry set up,"origin: commercial source,99.9 % (total),spectroscopy",99.9,Not Specified %,1941
3.798,0.0570279,0.0028514,None kPa,N/A,5500,['C'],A,Low temperature calorimetry set up,"origin: commercial source,99.9 % (total),spectroscopy",99.9,Not Specified %,1941
3.849,0.0572371,0.00286186,None kPa,N/A,5500,['C'],A,Low temperature calorimetry set up,"origin: commercial source,99.9 % (total),spectroscopy",99.9,Not Specified %,1941
4.031,0.0539736,0.00269868,None kPa,N/A,5500,['C'],A,Low temperature calorimetry set up,"origin: commercial source,99.9 % (total),spectroscopy",99.9,Not Specified %,1941
4.14,0.0402919,0.0020146,None kPa,N/A,5500,['C'],A,Low temperature calorimetry set up,"origin: commercial source,99.9 % (total),spectroscopy",99.9,Not Specified %,1941
4.213,0.0377815,0.00188908,None kPa,N/A,5500,['C'],A,Low temperature calorimetry set up,"origin: commercial source,99.9 % (total),spectroscopy",99.9,Not Specified %,1941
4.252,0.0351038,0.00175519,None kPa,N/A,5500,['C'],A,Low temperature calorimetry set up,"origin: commercial source,99.9 % (total),spectroscopy",99.9,Not Specified %,1941
4.213,0.0372376,0.00186188,None kPa,N/A,5500,['C'],A,Low temperature calorimetry set up,"origin: commercial source,99.9 % (total),spectroscopy",99.9,Not Specified %,1941
4.234,0.0382836,0.00191418,None kPa,N/A,5500,['C'],A,Low temperature calorimetry set up,"origin: commercial source,99.9 % (total),spectroscopy",99.9,Not Specified %,1941
3.96,0.0653541,0.0032677,None kPa,N/A,5500,['C'],A,Low temperature calorimetry set up,"origin: commercial source,99.9 % (total),spectroscopy",99.9,Not Specified %,1941
4.024,0.0610864,0.00305432,None kPa,N/A,5500,['C'],A,Low temperature calorimetry set up,"origin: commercial source,99.9 % (total),spectroscopy",99.9,Not Specified %,1941
4.213,0.0379489,0.00189744,None kPa,N/A,5500,['C'],A,Low temperature calorimetry set up,"origin: commercial source,99.9 % (total),spectroscopy",99.9,Not Specified %,1941
3.247,0.0382418,0.00191209,None kPa,N/A,5501,['C'],A,Low temperature calorimetry set up,"origin: commercial source,99.9 % (total),spectroscopy",99.9,Not Specified %,1941
3.32,0.0392878,0.00196439,None kPa,N/A,5501,['C'],A,Low temperature calorimetry set up,"origin: commercial source,99.9 % (total),spectroscopy",99.9,Not Specified %,1941
3.375,0.0424258,0.00212129,None kPa,N/A,5501,['C'],A,Low temperature calorimetry set up,"origin: commercial source,99.9 % (total),spectroscopy",99.9,Not Specified %,1941
3.427,0.0451035,0.00225518,None kPa,N/A,5501,['C'],A,Low temperature calorimetry set up,"origin: commercial source,99.9 % (total),spectroscopy",99.9,Not Specified %,1941
3.48,0.044727,0.00223635,None kPa,N/A,5501,['C'],A,Low temperature calorimetry set up,"origin: commercial source,99.9 % (total),spectroscopy",99.9,Not Specified %,1941
3.675,0.0508774,0.00254387,None kPa,N/A,5501,['C'],A,Low temperature calorimetry set up,"origin: commercial source,99.9 % (total),spectroscopy",99.9,Not Specified %,1941
3.78,0.0541828,0.00270914,None kPa,N/A,5501,['C'],A,Low temperature calorimetry set up,"origin: commercial source,99.9 % (total),spectroscopy",99.9,Not Specified %,1941
3.906,0.0601241,0.0030062,None kPa,N/A,5501,['C'],A,Low temperature calorimetry set up,"origin: commercial source,99.9 % (total),spectroscopy",99.9,Not Specified %,1941
3.941,0.0608354,0.00304177,None kPa,N/A,5501,['C'],A,Low temperature calorimetry set up,"origin: commercial source,99.9 % (total),spectroscopy",99.9,Not Specified %,1941
3.98,0.0667766,0.00333883,None kPa,N/A,5501,['C'],A,Low temperature calorimetry set up,"origin: commercial source,99.9 % (total),spectroscopy",99.9,Not Specified %,1941
4.007,0.0620487,0.00310244,None kPa,N/A,5501,['C'],A,Low temperature calorimetry set up,"origin: commercial source,99.9 % (total),spectroscopy",99.9,Not Specified %,1941
4.086,0.0396643,0.00198322,None kPa,N/A,5501,['C'],A,Low temperature calorimetry set up,"origin: commercial source,99.9 % (total),spectroscopy",99.9,Not Specified %,1941
4.114,0.0396643,0.00198322,None kPa,N/A,5501,['C'],A,Low temperature calorimetry set up,"origin: commercial source,99.9 % (total),spectroscopy",99.9,Not Specified %,1941
4.163,0.0328026,0.00164013,None kPa,N/A,5501,['C'],A,Low temperature calorimetry set up,"origin: commercial source,99.9 % (total),spectroscopy",99.9,Not Specified %,1941
4.194,0.0358569,0.00179284,None kPa,N/A,5501,['C'],A,Low temperature calorimetry set up,"origin: commercial source,99.9 % (total),spectroscopy",99.9,Not Specified %,1941
4.244,0.0369447,0.00184724,None kPa,N/A,5501,['C'],A,Low temperature calorimetry set up,"origin: commercial source,99.9 % (total),spectroscopy",99.9,Not Specified %,1941
4.27,0.0374886,0.00187443,None kPa,N/A,5501,['C'],A,Low temperature calorimetry set up,"origin: commercial source,99.9 % (total),spectroscopy",99.9,Not Specified %,1941
4.278,0.0383673,0.00191836,None kPa,N/A,5501,['C'],A,Low temperature calorimetry set up,"origin: commercial source,99.9 % (total),spectroscopy",99.9,Not Specified %,1941
4.303,0.0386183,0.00193092,None kPa,N/A,5501,['C'],A,Low temperature calorimetry set up,"origin: commercial source,99.9 % (total),spectroscopy",99.9,Not Specified %,1941
1.264,0.00832616,0.000416308,None kPa,N/A,5502,['C'],A,Low temperature calorimetry set up,"origin: commercial source,99.9 % (total),spectroscopy",99.9,Not Specified %,1941
1.346,0.00907928,0.000453964,None kPa,N/A,5502,['C'],A,Low temperature calorimetry set up,"origin: commercial source,99.9 % (total),spectroscopy",99.9,Not Specified %,1941
1.426,0.00916296,0.000458148,None kPa,N/A,5502,['C'],A,Low temperature calorimetry set up,"origin: commercial source,99.9 % (total),spectroscopy",99.9,Not Specified %,1941
1.662,0.0098324,0.00049162,None kPa,N/A,5502,['C'],A,Low temperature calorimetry set up,"origin: commercial source,99.9 % (total),spectroscopy",99.9,Not Specified %,1941
1.76,0.00979056,0.000489528,None kPa,N/A,5502,['C'],A,Low temperature calorimetry set up,"origin: commercial source,99.9 % (total),spectroscopy",99.9,Not Specified %,1941
2.58,0.0183259,0.000916296,None kPa,N/A,5502,['C'],A,Low temperature calorimetry set up,"origin: commercial source,99.9 % (total),spectroscopy",99.9,Not Specified %,1941
1.796,0.011506,0.0005753,None kPa,N/A,5502,['C'],A,Low temperature calorimetry set up,"origin: commercial source,99.9 % (total),spectroscopy",99.9,Not Specified %,1941
1.852,0.0113386,0.000566932,None kPa,N/A,5502,['C'],A,Low temperature calorimetry set up,"origin: commercial source,99.9 % (total),spectroscopy",99.9,Not Specified %,1941
2.096,0.0130122,0.000650612,None kPa,N/A,5502,['C'],A,Low temperature calorimetry set up,"origin: commercial source,99.9 % (total),spectroscopy",99.9,Not Specified %,1941
2.242,0.0148532,0.00074266,None kPa,N/A,5502,['C'],A,Low temperature calorimetry set up,"origin: commercial source,99.9 % (total),spectroscopy",99.9,Not Specified %,1941
2.288,0.0156063,0.000780316,None kPa,N/A,5502,['C'],A,Low temperature calorimetry set up,"origin: commercial source,99.9 % (total),spectroscopy",99.9,Not Specified %,1941
2.336,0.0152298,0.000761488,None kPa,N/A,5502,['C'],A,Low temperature calorimetry set up,"origin: commercial source,99.9 % (total),spectroscopy",99.9,Not Specified %,1941
2.37,0.0153553,0.000767764,None kPa,N/A,5502,['C'],A,Low temperature calorimetry set up,"origin: commercial source,99.9 % (total),spectroscopy",99.9,Not Specified %,1941
2.507,0.0169452,0.00084726,None kPa,N/A,5502,['C'],A,Low temperature calorimetry set up,"origin: commercial source,99.9 % (total),spectroscopy",99.9,Not Specified %,1941
2.665,0.0174054,0.000870272,None kPa,N/A,5502,['C'],A,Low temperature calorimetry set up,"origin: commercial source,99.9 % (total),spectroscopy",99.9,Not Specified %,1941
2.982,0.0210874,0.00105437,None kPa,N/A,5502,['C'],A,Low temperature calorimetry set up,"origin: commercial source,99.9 % (total),spectroscopy",99.9,Not Specified %,1941
3.022,0.0208363,0.00104182,None kPa,N/A,5502,['C'],A,Low temperature calorimetry set up,"origin: commercial source,99.9 % (total),spectroscopy",99.9,Not Specified %,1941
3.254,0.0231375,0.00115688,None kPa,N/A,5502,['C'],A,Low temperature calorimetry set up,"origin: commercial source,99.9 % (total),spectroscopy",99.9,Not Specified %,1941
3.392,0.0231794,0.00115897,None kPa,N/A,5502,['C'],A,Low temperature calorimetry set up,"origin: commercial source,99.9 % (total),spectroscopy",99.9,Not Specified %,1941
1.086,0.00414216,0.000207108,None kPa,N/A,5503,['C'],A,Low temperature calorimetry set up,"origin: commercial source,99.9 % (total),spectroscopy",99.9,Not Specified %,1941
1.16,0.00389112,0.000194556,None kPa,N/A,5503,['C'],A,Low temperature calorimetry set up,"origin: commercial source,99.9 % (total),spectroscopy",99.9,Not Specified %,1941
1.196,0.00414216,0.000207108,None kPa,N/A,5503,['C'],A,Low temperature calorimetry set up,"origin: commercial source,99.9 % (total),spectroscopy",99.9,Not Specified %,1941
1.496,0.00523,0.0002615,None kPa,N/A,5503,['C'],A,Low temperature calorimetry set up,"origin: commercial source,99.9 % (total),spectroscopy",99.9,Not Specified %,1941
1.62,0.00631784,0.000315892,None kPa,N/A,5503,['C'],A,Low temperature calorimetry set up,"origin: commercial source,99.9 % (total),spectroscopy",99.9,Not Specified %,1941
1.694,0.007322,0.0003661,None kPa,N/A,5503,['C'],A,Low temperature calorimetry set up,"origin: commercial source,99.9 % (total),spectroscopy",99.9,Not Specified %,1941
1.75,0.00786592,0.000393296,None kPa,N/A,5503,['C'],A,Low temperature calorimetry set up,"origin: commercial source,99.9 % (total),spectroscopy",99.9,Not Specified %,1941
1.87,0.00970688,0.000485344,None kPa,N/A,5503,['C'],A,Low temperature calorimetry set up,"origin: commercial source,99.9 % (total),spectroscopy",99.9,Not Specified %,1941
1.979,0.0114223,0.000571116,None kPa,N/A,5503,['C'],A,Low temperature calorimetry set up,"origin: commercial source,99.9 % (total),spectroscopy",99.9,Not Specified %,1941
2.13,0.0144348,0.00072174,None kPa,N/A,5503,['C'],A,Low temperature calorimetry set up,"origin: commercial source,99.9 % (total),spectroscopy",99.9,Not Specified %,1941
2.171,0.0158155,0.000790776,None kPa,N/A,5503,['C'],A,Low temperature calorimetry set up,"origin: commercial source,99.9 % (total),spectroscopy",99.9,Not Specified %,1941
2.235,0.0170707,0.000853536,None kPa,N/A,5503,['C'],A,Low temperature calorimetry set up,"origin: commercial source,99.9 % (total),spectroscopy",99.9,Not Specified %,1941
2.276,0.0187862,0.000939308,None kPa,N/A,5503,['C'],A,Low temperature calorimetry set up,"origin: commercial source,99.9 % (total),spectroscopy",99.9,Not Specified %,1941
3.28,0.0412124,0.00206062,None kPa,N/A,5503,['C'],A,Low temperature calorimetry set up,"origin: commercial source,99.9 % (total),spectroscopy",99.9,Not Specified %,1941
3.244,0.0429697,0.00214848,None kPa,N/A,5503,['C'],A,Low temperature calorimetry set up,"origin: commercial source,99.9 % (total),spectroscopy",99.9,Not Specified %,1941
3.25,0.0424676,0.00212338,None kPa,N/A,5503,['C'],A,Low temperature calorimetry set up,"origin: commercial source,99.9 % (total),spectroscopy",99.9,Not Specified %,1941
3.284,0.0433881,0.0021694,None kPa,N/A,5503,['C'],A,Low temperature calorimetry set up,"origin: commercial source,99.9 % (total),spectroscopy",99.9,Not Specified %,1941
3.333,0.0451035,0.00225518,None kPa,N/A,5503,['C'],A,Low temperature calorimetry set up,"origin: commercial source,99.9 % (total),spectroscopy",99.9,Not Specified %,1941
3.384,0.0475721,0.0023786,None kPa,N/A,5503,['C'],A,Low temperature calorimetry set up,"origin: commercial source,99.9 % (total),spectroscopy",99.9,Not Specified %,1941
3.514,0.0501243,0.00250622,None kPa,N/A,5503,['C'],A,Low temperature calorimetry set up,"origin: commercial source,99.9 % (total),spectroscopy",99.9,Not Specified %,1941
3.544,0.0510866,0.00255433,None kPa,N/A,5503,['C'],A,Low temperature calorimetry set up,"origin: commercial source,99.9 % (total),spectroscopy",99.9,Not Specified %,1941
3.58,0.0520071,0.00260036,None kPa,N/A,5503,['C'],A,Low temperature calorimetry set up,"origin: commercial source,99.9 % (total),spectroscopy",99.9,Not Specified %,1941
3.622,0.0535134,0.00267567,None kPa,N/A,5503,['C'],A,Low temperature calorimetry set up,"origin: commercial source,99.9 % (total),spectroscopy",99.9,Not Specified %,1941
3.73,0.037907,0.00189535,None kPa,N/A,5503,['C'],A,Low temperature calorimetry set up,"origin: commercial source,99.9 % (total),spectroscopy",99.9,Not Specified %,1941
3.846,0.0298738,0.00149369,None kPa,N/A,5503,['C'],A,Low temperature calorimetry set up,"origin: commercial source,99.9 % (total),spectroscopy",99.9,Not Specified %,1941
3.925,0.0316729,0.00158364,None kPa,N/A,5503,['C'],A,Low temperature calorimetry set up,"origin: commercial source,99.9 % (total),spectroscopy",99.9,Not Specified %,1941
3.979,0.0327189,0.00163594,None kPa,N/A,5503,['C'],A,Low temperature calorimetry set up,"origin: commercial source,99.9 % (total),spectroscopy",99.9,Not Specified %,1941
3.994,0.0327189,0.00163594,None kPa,N/A,5503,['C'],A,Low temperature calorimetry set up,"origin: commercial source,99.9 % (total),spectroscopy",99.9,Not Specified %,1941
4.017,0.0324678,0.00162339,None kPa,N/A,5503,['C'],A,Low temperature calorimetry set up,"origin: commercial source,99.9 % (total),spectroscopy",99.9,Not Specified %,1941
4.052,0.0335138,0.00167569,None kPa,N/A,5503,['C'],A,Low temperature calorimetry set up,"origin: commercial source,99.9 % (total),spectroscopy",99.9,Not Specified %,1941
2.938,0.0343925,0.00171962,None kPa,N/A,5503,['C'],A,Low temperature calorimetry set up,"origin: commercial source,99.9 % (total),spectroscopy",99.9,Not Specified %,1941
2.975,0.034769,0.00173845,None kPa,N/A,5503,['C'],A,Low temperature calorimetry set up,"origin: commercial source,99.9 % (total),spectroscopy",99.9,Not Specified %,1941
3.11,0.0376978,0.00188489,None kPa,N/A,5503,['C'],A,Low temperature calorimetry set up,"origin: commercial source,99.9 % (total),spectroscopy",99.9,Not Specified %,1941
3.27,0.0400409,0.00200204,None kPa,N/A,5503,['C'],A,Low temperature calorimetry set up,"origin: commercial source,99.9 % (total),spectroscopy",99.9,Not Specified %,1941
1.14,0.00347272,0.000173636,None kPa,N/A,5504,['C'],A,Low temperature calorimetry set up,"origin: commercial source,99.9 % (total),spectroscopy",99.9,Not Specified %,1941
1.216,0.00447688,0.000223844,None kPa,N/A,5504,['C'],A,Low temperature calorimetry set up,"origin: commercial source,99.9 % (total),spectroscopy",99.9,Not Specified %,1941
1.412,0.00652704,0.000326352,None kPa,N/A,5504,['C'],A,Low temperature calorimetry set up,"origin: commercial source,99.9 % (total),spectroscopy",99.9,Not Specified %,1941
1.477,0.007322,0.0003661,None kPa,N/A,5504,['C'],A,Low temperature calorimetry set up,"origin: commercial source,99.9 % (total),spectroscopy",99.9,Not Specified %,1941
1.551,0.00811696,0.000405848,None kPa,N/A,5504,['C'],A,Low temperature calorimetry set up,"origin: commercial source,99.9 % (total),spectroscopy",99.9,Not Specified %,1941
1.628,0.00903744,0.000451872,None kPa,N/A,5504,['C'],A,Low temperature calorimetry set up,"origin: commercial source,99.9 % (total),spectroscopy",99.9,Not Specified %,1941
1.706,0.012301,0.000615048,None kPa,N/A,5504,['C'],A,Low temperature calorimetry set up,"origin: commercial source,99.9 % (total),spectroscopy",99.9,Not Specified %,1941
1.795,0.0123428,0.00061714,None kPa,N/A,5504,['C'],A,Low temperature calorimetry set up,"origin: commercial source,99.9 % (total),spectroscopy",99.9,Not Specified %,1941
1.878,0.0161921,0.000809604,None kPa,N/A,5504,['C'],A,Low temperature calorimetry set up,"origin: commercial source,99.9 % (total),spectroscopy",99.9,Not Specified %,1941
1.966,0.0151042,0.000755212,None kPa,N/A,5504,['C'],A,Low temperature calorimetry set up,"origin: commercial source,99.9 % (total),spectroscopy",99.9,Not Specified %,1941
2.055,0.0170707,0.000853536,None kPa,N/A,5504,['C'],A,Low temperature calorimetry set up,"origin: commercial source,99.9 % (total),spectroscopy",99.9,Not Specified %,1941
2.112,0.018033,0.000901652,None kPa,N/A,5504,['C'],A,Low temperature calorimetry set up,"origin: commercial source,99.9 % (total),spectroscopy",99.9,Not Specified %,1941
2.21,0.019874,0.0009937,None kPa,N/A,5504,['C'],A,Low temperature calorimetry set up,"origin: commercial source,99.9 % (total),spectroscopy",99.9,Not Specified %,1941
2.256,0.0213802,0.00106901,None kPa,N/A,5504,['C'],A,Low temperature calorimetry set up,"origin: commercial source,99.9 % (total),spectroscopy",99.9,Not Specified %,1941
2.346,0.0231375,0.00115688,None kPa,N/A,5504,['C'],A,Low temperature calorimetry set up,"origin: commercial source,99.9 % (total),spectroscopy",99.9,Not Specified %,1941
2.41,0.0245601,0.001228,None kPa,N/A,5504,['C'],A,Low temperature calorimetry set up,"origin: commercial source,99.9 % (total),spectroscopy",99.9,Not Specified %,1941
2.471,0.0258153,0.00129076,None kPa,N/A,5504,['C'],A,Low temperature calorimetry set up,"origin: commercial source,99.9 % (total),spectroscopy",99.9,Not Specified %,1941
2.521,0.0267358,0.00133679,None kPa,N/A,5504,['C'],A,Low temperature calorimetry set up,"origin: commercial source,99.9 % (total),spectroscopy",99.9,Not Specified %,1941
2.554,0.0274052,0.00137026,None kPa,N/A,5504,['C'],A,Low temperature calorimetry set up,"origin: commercial source,99.9 % (total),spectroscopy",99.9,Not Specified %,1941
2.621,0.0288696,0.00144348,None kPa,N/A,5504,['C'],A,Low temperature calorimetry set up,"origin: commercial source,99.9 % (total),spectroscopy",99.9,Not Specified %,1941
2.684,0.0303758,0.00151879,None kPa,N/A,5504,['C'],A,Low temperature calorimetry set up,"origin: commercial source,99.9 % (total),spectroscopy",99.9,Not Specified %,1941
2.744,0.0315892,0.00157946,None kPa,N/A,5504,['C'],A,Low temperature calorimetry set up,"origin: commercial source,99.9 % (total),spectroscopy",99.9,Not Specified %,1941
2.805,0.0336812,0.00168406,None kPa,N/A,5504,['C'],A,Low temperature calorimetry set up,"origin: commercial source,99.9 % (total),spectroscopy",99.9,Not Specified %,1941
2.862,0.0350201,0.001751,None kPa,N/A,5504,['C'],A,Low temperature calorimetry set up,"origin: commercial source,99.9 % (total),spectroscopy",99.9,Not Specified %,1941
2.991,0.0392878,0.00196439,None kPa,N/A,5504,['C'],A,Low temperature calorimetry set up,"origin: commercial source,99.9 % (total),spectroscopy",99.9,Not Specified %,1941
3.018,0.038953,0.00194765,None kPa,N/A,5504,['C'],A,Low temperature calorimetry set up,"origin: commercial source,99.9 % (total),spectroscopy",99.9,Not Specified %,1941
3.042,0.040543,0.00202715,None kPa,N/A,5504,['C'],A,Low temperature calorimetry set up,"origin: commercial source,99.9 % (total),spectroscopy",99.9,Not Specified %,1941
3.076,0.0411287,0.00205644,None kPa,N/A,5504,['C'],A,Low temperature calorimetry set up,"origin: commercial source,99.9 % (total),spectroscopy",99.9,Not Specified %,1941
3.097,0.0419655,0.00209828,None kPa,N/A,5504,['C'],A,Low temperature calorimetry set up,"origin: commercial source,99.9 % (total),spectroscopy",99.9,Not Specified %,1941
3.132,0.0430534,0.00215267,None kPa,N/A,5504,['C'],A,Low temperature calorimetry set up,"origin: commercial source,99.9 % (total),spectroscopy",99.9,Not Specified %,1941
3.184,0.040543,0.00202715,None kPa,N/A,5504,['C'],A,Low temperature calorimetry set up,"origin: commercial source,99.9 % (total),spectroscopy",99.9,Not Specified %,1941
3.232,0.0465261,0.0023263,None kPa,N/A,5504,['C'],A,Low temperature calorimetry set up,"origin: commercial source,99.9 % (total),spectroscopy",99.9,Not Specified %,1941
3.279,0.0466098,0.00233049,None kPa,N/A,5504,['C'],A,Low temperature calorimetry set up,"origin: commercial source,99.9 % (total),spectroscopy",99.9,Not Specified %,1941
3.468,0.045773,0.00228865,None kPa,N/A,5504,['C'],A,Low temperature calorimetry set up,"origin: commercial source,99.9 % (total),spectroscopy",99.9,Not Specified %,1941
3.613,0.0279491,0.00139746,None kPa,N/A,5504,['C'],A,Low temperature calorimetry set up,"origin: commercial source,99.9 % (total),spectroscopy",99.9,Not Specified %,1941
3.541,0.027447,0.00137235,None kPa,N/A,5504,['C'],A,Low temperature calorimetry set up,"origin: commercial source,99.9 % (total),spectroscopy",99.9,Not Specified %,1941
3.588,0.0276562,0.00138281,None kPa,N/A,5504,['C'],A,Low temperature calorimetry set up,"origin: commercial source,99.9 % (total),spectroscopy",99.9,Not Specified %,1941
3.628,0.0281583,0.00140792,None kPa,N/A,5504,['C'],A,Low temperature calorimetry set up,"origin: commercial source,99.9 % (total),spectroscopy",99.9,Not Specified %,1941
3.02,0.033472,0.0016736,None kPa,N/A,5527,['C'],A,Not Stated,not stated,,,1941
3.05,0.0343088,0.00171544,None kPa,N/A,5527,['C'],A,Not Stated,not stated,,,1941
3.19,0.0359824,0.00179912,None kPa,N/A,5527,['C'],A,Not Stated,not stated,,,1941
3.21,0.0364008,0.00182004,None kPa,N/A,5527,['C'],A,Not Stated,not stated,,,1941
3.25,0.0372376,0.00186188,None kPa,N/A,5527,['C'],A,Not Stated,not stated,,,1941
3.36,0.0389112,0.00194556,None kPa,N/A,5527,['C'],A,Not Stated,not stated,,,1941
3.59,0.0422584,0.00211292,None kPa,N/A,5527,['C'],A,Not Stated,not stated,,,1941
3.61,0.0426768,0.00213384,None kPa,N/A,5527,['C'],A,Not Stated,not stated,,,1941
3.85,0.0447688,0.00223844,None kPa,N/A,5527,['C'],A,Not Stated,not stated,,,1941
4.02,0.0451872,0.00225936,None kPa,N/A,5527,['C'],A,Not Stated,not stated,,,1941
4.1,0.018828,0.0009414,None kPa,N/A,5527,['C'],A,Not Stated,not stated,,,1941
4.23,0.0150624,0.00075312,None kPa,N/A,5527,['C'],A,Not Stated,not stated,,,1941
4.27,0.0163176,0.00081588,None kPa,N/A,5527,['C'],A,Not Stated,not stated,,,1941
4.5,0.0246856,0.00123428,None kPa,N/A,5527,['C'],A,Not Stated,not stated,,,1941
4.6,0.0309616,0.00154808,None kPa,N/A,5527,['C'],A,Not Stated,not stated,,,1941
4.69,0.0301248,0.00150624,None kPa,N/A,5527,['C'],A,Not Stated,not stated,,,1941
4.93,0.0364008,0.00182004,None kPa,N/A,5527,['C'],A,Not Stated,not stated,,,1941
5.06,0.0422584,0.00211292,None kPa,N/A,5527,['C'],A,Not Stated,not stated,,,1941
5.1,0.0410032,0.00205016,None kPa,N/A,5527,['C'],A,Not Stated,not stated,,,1941
20.0,1.48072,0.0148072,None kPa,N/A,8961,['C'],A,Calculated from Debye's and Electronic Coefficient,"origin: commercial source,99.98 %",99.98,Not Specified %,1955
1.255,0.00238488,2.38488e-05,None kPa,N/A,10532,['C'],A,Vacuum adiabatic calorimetry,"origin: commercial source,99.9 % (total),stated by supplier,rod",99.9,Not Specified %,1958
1.38,0.00238488,2.38488e-05,None kPa,N/A,10532,['C'],A,Vacuum adiabatic calorimetry,"origin: commercial source,99.9 % (total),stated by supplier,rod",99.9,Not Specified %,1958
1.379,0.00267776,2.67776e-05,None kPa,N/A,10532,['C'],A,Vacuum adiabatic calorimetry,"origin: commercial source,99.9 % (total),stated by supplier,rod",99.9,Not Specified %,1958
1.448,0.00301248,3.01248e-05,None kPa,N/A,10532,['C'],A,Vacuum adiabatic calorimetry,"origin: commercial source,99.9 % (total),stated by supplier,rod",99.9,Not Specified %,1958
1.65,0.00497896,4.97896e-05,None kPa,N/A,10532,['C'],A,Vacuum adiabatic calorimetry,"origin: commercial source,99.9 % (total),stated by supplier,rod",99.9,Not Specified %,1958
1.676,0.00535552,5.35552e-05,None kPa,N/A,10532,['C'],A,Vacuum adiabatic calorimetry,"origin: commercial source,99.9 % (total),stated by supplier,rod",99.9,Not Specified %,1958
1.875,0.00803328,8.03328e-05,None kPa,N/A,10532,['C'],A,Vacuum adiabatic calorimetry,"origin: commercial source,99.9 % (total),stated by supplier,rod",99.9,Not Specified %,1958
1.884,0.00803328,8.03328e-05,None kPa,N/A,10532,['C'],A,Vacuum adiabatic calorimetry,"origin: commercial source,99.9 % (total),stated by supplier,rod",99.9,Not Specified %,1958
2.055,0.0100834,0.000100834,None kPa,N/A,10532,['C'],A,Vacuum adiabatic calorimetry,"origin: commercial source,99.9 % (total),stated by supplier,rod",99.9,Not Specified %,1958
2.068,0.0112131,0.000112131,None kPa,N/A,10532,['C'],A,Vacuum adiabatic calorimetry,"origin: commercial source,99.9 % (total),stated by supplier,rod",99.9,Not Specified %,1958
2.209,0.0135562,0.000135562,None kPa,N/A,10532,['C'],A,Vacuum adiabatic calorimetry,"origin: commercial source,99.9 % (total),stated by supplier,rod",99.9,Not Specified %,1958
2.253,0.0146022,0.000146022,None kPa,N/A,10532,['C'],A,Vacuum adiabatic calorimetry,"origin: commercial source,99.9 % (total),stated by supplier,rod",99.9,Not Specified %,1958
2.404,0.0183259,0.000183259,None kPa,N/A,10532,['C'],A,Vacuum adiabatic calorimetry,"origin: commercial source,99.9 % (total),stated by supplier,rod",99.9,Not Specified %,1958
2.872,0.0284512,0.000284512,None kPa,N/A,10532,['C'],A,Vacuum adiabatic calorimetry,"origin: commercial source,99.9 % (total),stated by supplier,rod",99.9,Not Specified %,1958
3.2,0.0380326,0.000380326,None kPa,N/A,10532,['C'],A,Vacuum adiabatic calorimetry,"origin: commercial source,99.9 % (total),stated by supplier,rod",99.9,Not Specified %,1958
3.442,0.045229,0.00045229,None kPa,N/A,10532,['C'],A,Vacuum adiabatic calorimetry,"origin: commercial source,99.9 % (total),stated by supplier,rod",99.9,Not Specified %,1958
3.726,0.0543083,0.000543083,None kPa,N/A,10532,['C'],A,Vacuum adiabatic calorimetry,"origin: commercial source,99.9 % (total),stated by supplier,rod",99.9,Not Specified %,1958
3.959,0.0623416,0.000623416,None kPa,N/A,10532,['C'],A,Vacuum adiabatic calorimetry,"origin: commercial source,99.9 % (total),stated by supplier,rod",99.9,Not Specified %,1958
4.109,0.0674879,0.000674879,None kPa,N/A,10532,['C'],A,Vacuum adiabatic calorimetry,"origin: commercial source,99.9 % (total),stated by supplier,rod",99.9,Not Specified %,1958
4.256,0.0728853,0.000728853,None kPa,N/A,10532,['C'],A,Vacuum adiabatic calorimetry,"origin: commercial source,99.9 % (total),stated by supplier,rod",99.9,Not Specified %,1958
4.441,0.049413,0.00049413,None kPa,N/A,10532,['C'],A,Vacuum adiabatic calorimetry,"origin: commercial source,99.9 % (total),stated by supplier,rod",99.9,Not Specified %,1958
4.683,0.0403338,0.000403338,None kPa,N/A,10532,['C'],A,Vacuum adiabatic calorimetry,"origin: commercial source,99.9 % (total),stated by supplier,rod",99.9,Not Specified %,1958
4.926,0.0436391,0.000436391,None kPa,N/A,10532,['C'],A,Vacuum adiabatic calorimetry,"origin: commercial source,99.9 % (total),stated by supplier,rod",99.9,Not Specified %,1958
5.168,0.0467353,0.000467353,None kPa,N/A,10532,['C'],A,Vacuum adiabatic calorimetry,"origin: commercial source,99.9 % (total),stated by supplier,rod",99.9,Not Specified %,1958
5.702,0.0556472,0.000556472,None kPa,N/A,10532,['C'],A,Vacuum adiabatic calorimetry,"origin: commercial source,99.9 % (total),stated by supplier,rod",99.9,Not Specified %,1958
6.266,0.0664001,0.000664001,None kPa,N/A,10532,['C'],A,Vacuum adiabatic calorimetry,"origin: commercial source,99.9 % (total),stated by supplier,rod",99.9,Not Specified %,1958
6.732,0.0768601,0.000768601,None kPa,N/A,10532,['C'],A,Vacuum adiabatic calorimetry,"origin: commercial source,99.9 % (total),stated by supplier,rod",99.9,Not Specified %,1958
7.365,0.0949768,0.000949768,None kPa,N/A,10532,['C'],A,Vacuum adiabatic calorimetry,"origin: commercial source,99.9 % (total),stated by supplier,rod",99.9,Not Specified %,1958
8.063,0.11937,0.0011937,None kPa,N/A,10532,['C'],A,Vacuum adiabatic calorimetry,"origin: commercial source,99.9 % (total),stated by supplier,rod",99.9,Not Specified %,1958
8.698,0.145812,0.00145812,None kPa,N/A,10532,['C'],A,Vacuum adiabatic calorimetry,"origin: commercial source,99.9 % (total),stated by supplier,rod",99.9,Not Specified %,1958
8.915,0.156858,0.00156858,None kPa,N/A,10532,['C'],A,Vacuum adiabatic calorimetry,"origin: commercial source,99.9 % (total),stated by supplier,rod",99.9,Not Specified %,1958
9.365,0.17987,0.0017987,None kPa,N/A,10532,['C'],A,Vacuum adiabatic calorimetry,"origin: commercial source,99.9 % (total),stated by supplier,rod",99.9,Not Specified %,1958
9.487,0.182548,0.00182548,None kPa,N/A,10532,['C'],A,Vacuum adiabatic calorimetry,"origin: commercial source,99.9 % (total),stated by supplier,rod",99.9,Not Specified %,1958
9.899,0.206146,0.00206146,None kPa,N/A,10532,['C'],A,Vacuum adiabatic calorimetry,"origin: commercial source,99.9 % (total),stated by supplier,rod",99.9,Not Specified %,1958
10.447,0.23648,0.0023648,None kPa,N/A,10532,['C'],A,Vacuum adiabatic calorimetry,"origin: commercial source,99.9 % (total),stated by supplier,rod",99.9,Not Specified %,1958
10.49,0.240245,0.00240245,None kPa,N/A,10532,['C'],A,Vacuum adiabatic calorimetry,"origin: commercial source,99.9 % (total),stated by supplier,rod",99.9,Not Specified %,1958
11.152,0.283048,0.00283048,None kPa,N/A,10532,['C'],A,Vacuum adiabatic calorimetry,"origin: commercial source,99.9 % (total),stated by supplier,rod",99.9,Not Specified %,1958
11.577,0.31267,0.0031267,None kPa,N/A,10532,['C'],A,Vacuum adiabatic calorimetry,"origin: commercial source,99.9 % (total),stated by supplier,rod",99.9,Not Specified %,1958
11.7,0.324009,0.00324009,None kPa,N/A,10532,['C'],A,Vacuum adiabatic calorimetry,"origin: commercial source,99.9 % (total),stated by supplier,rod",99.9,Not Specified %,1958
18.988,1.29244,0.0129244,None kPa,N/A,10532,['C'],A,Vacuum adiabatic calorimetry,"origin: commercial source,99.9 % (total),stated by supplier,rod",99.9,Not Specified %,1958
19.386,1.36566,0.0136566,None kPa,N/A,10532,['C'],A,Vacuum adiabatic calorimetry,"origin: commercial source,99.9 % (total),stated by supplier,rod",99.9,Not Specified %,1958
20.611,1.6167,0.016167,None kPa,N/A,10532,['C'],A,Vacuum adiabatic calorimetry,"origin: commercial source,99.9 % (total),stated by supplier,rod",99.9,Not Specified %,1958
21.941,1.94347,0.0194347,None kPa,N/A,10532,['C'],A,Vacuum adiabatic calorimetry,"origin: commercial source,99.9 % (total),stated by supplier,rod",99.9,Not Specified %,1958
1.421,0.00853536,8.53536e-05,None kPa,N/A,10532,['C'],A,Vacuum adiabatic calorimetry,"origin: commercial source,99.9 % (total),stated by supplier,rod",99.9,Not Specified %,1958
1.545,0.00928848,9.28848e-05,None kPa,N/A,10532,['C'],A,Vacuum adiabatic calorimetry,"origin: commercial source,99.9 % (total),stated by supplier,rod",99.9,Not Specified %,1958
1.714,0.0103763,0.000103763,None kPa,N/A,10532,['C'],A,Vacuum adiabatic calorimetry,"origin: commercial source,99.9 % (total),stated by supplier,rod",99.9,Not Specified %,1958
1.966,0.0117152,0.000117152,None kPa,N/A,10532,['C'],A,Vacuum adiabatic calorimetry,"origin: commercial source,99.9 % (total),stated by supplier,rod",99.9,Not Specified %,1958
2.274,0.0148114,0.000148114,None kPa,N/A,10532,['C'],A,Vacuum adiabatic calorimetry,"origin: commercial source,99.9 % (total),stated by supplier,rod",99.9,Not Specified %,1958
2.655,0.0176146,0.000176146,None kPa,N/A,10532,['C'],A,Vacuum adiabatic calorimetry,"origin: commercial source,99.9 % (total),stated by supplier,rod",99.9,Not Specified %,1958
3.126,0.0212966,0.000212966,None kPa,N/A,10532,['C'],A,Vacuum adiabatic calorimetry,"origin: commercial source,99.9 % (total),stated by supplier,rod",99.9,Not Specified %,1958
3.5,0.0252714,0.000252714,None kPa,N/A,10532,['C'],A,Vacuum adiabatic calorimetry,"origin: commercial source,99.9 % (total),stated by supplier,rod",99.9,Not Specified %,1958
3.851,0.0289951,0.000289951,None kPa,N/A,10532,['C'],A,Vacuum adiabatic calorimetry,"origin: commercial source,99.9 % (total),stated by supplier,rod",99.9,Not Specified %,1958
4.269,0.0346854,0.000346854,None kPa,N/A,10532,['C'],A,Vacuum adiabatic calorimetry,"origin: commercial source,99.9 % (total),stated by supplier,rod",99.9,Not Specified %,1958
4.685,0.0393296,0.000393296,None kPa,N/A,10532,['C'],A,Vacuum adiabatic calorimetry,"origin: commercial source,99.9 % (total),stated by supplier,rod",99.9,Not Specified %,1958
5.025,0.0443086,0.000443086,None kPa,N/A,10532,['C'],A,Vacuum adiabatic calorimetry,"origin: commercial source,99.9 % (total),stated by supplier,rod",99.9,Not Specified %,1958
5.392,0.0497478,0.000497478,None kPa,N/A,10532,['C'],A,Vacuum adiabatic calorimetry,"origin: commercial source,99.9 % (total),stated by supplier,rod",99.9,Not Specified %,1958
1.553,0.00422584,4.22584e-05,None kPa,N/A,10532,['C'],A,Vacuum adiabatic calorimetry,"origin: commercial source,99.9 % (total),stated by supplier,rod",99.9,Not Specified %,1958
1.755,0.0064852,6.4852e-05,None kPa,N/A,10532,['C'],A,Vacuum adiabatic calorimetry,"origin: commercial source,99.9 % (total),stated by supplier,rod",99.9,Not Specified %,1958
1.96,0.00937216,9.37216e-05,None kPa,N/A,10532,['C'],A,Vacuum adiabatic calorimetry,"origin: commercial source,99.9 % (total),stated by supplier,rod",99.9,Not Specified %,1958
2.185,0.013347,0.00013347,None kPa,N/A,10532,['C'],A,Vacuum adiabatic calorimetry,"origin: commercial source,99.9 % (total),stated by supplier,rod",99.9,Not Specified %,1958
2.409,0.018033,0.00018033,None kPa,N/A,10532,['C'],A,Vacuum adiabatic calorimetry,"origin: commercial source,99.9 % (total),stated by supplier,rod",99.9,Not Specified %,1958
2.62,0.0223844,0.000223844,None kPa,N/A,10532,['C'],A,Vacuum adiabatic calorimetry,"origin: commercial source,99.9 % (total),stated by supplier,rod",99.9,Not Specified %,1958
2.842,0.0276144,0.000276144,None kPa,N/A,10532,['C'],A,Vacuum adiabatic calorimetry,"origin: commercial source,99.9 % (total),stated by supplier,rod",99.9,Not Specified %,1958
3.067,0.0336394,0.000336394,None kPa,N/A,10532,['C'],A,Vacuum adiabatic calorimetry,"origin: commercial source,99.9 % (total),stated by supplier,rod",99.9,Not Specified %,1958
3.242,0.0393296,0.000393296,None kPa,N/A,10532,['C'],A,Vacuum adiabatic calorimetry,"origin: commercial source,99.9 % (total),stated by supplier,rod",99.9,Not Specified %,1958
3.403,0.058576,0.00058576,None kPa,N/A,10532,['C'],A,Vacuum adiabatic calorimetry,"origin: commercial source,99.9 % (total),stated by supplier,rod",99.9,Not Specified %,1958
3.539,0.140415,0.00140415,None kPa,N/A,10532,['C'],A,Vacuum adiabatic calorimetry,"origin: commercial source,99.9 % (total),stated by supplier,rod",99.9,Not Specified %,1958
3.824,0.0435136,0.000435136,None kPa,N/A,10532,['C'],A,Vacuum adiabatic calorimetry,"origin: commercial source,99.9 % (total),stated by supplier,rod",99.9,Not Specified %,1958
4.232,0.0341414,0.000341414,None kPa,N/A,10532,['C'],A,Vacuum adiabatic calorimetry,"origin: commercial source,99.9 % (total),stated by supplier,rod",99.9,Not Specified %,1958
4.519,0.0372794,0.000372794,None kPa,N/A,10532,['C'],A,Vacuum adiabatic calorimetry,"origin: commercial source,99.9 % (total),stated by supplier,rod",99.9,Not Specified %,1958
1.334,0.00435136,4.35136e-05,None kPa,N/A,10532,['C'],A,Vacuum adiabatic calorimetry,"origin: commercial source,99.9 % (total),stated by supplier,rod",99.9,Not Specified %,1958
1.5,0.00598312,5.98312e-05,None kPa,N/A,10532,['C'],A,Vacuum adiabatic calorimetry,"origin: commercial source,99.9 % (total),stated by supplier,rod",99.9,Not Specified %,1958
1.648,0.00757304,7.57304e-05,None kPa,N/A,10532,['C'],A,Vacuum adiabatic calorimetry,"origin: commercial source,99.9 % (total),stated by supplier,rod",99.9,Not Specified %,1958
1.796,0.009414,9.414e-05,None kPa,N/A,10532,['C'],A,Vacuum adiabatic calorimetry,"origin: commercial source,99.9 % (total),stated by supplier,rod",99.9,Not Specified %,1958
1.954,0.0118826,0.000118826,None kPa,N/A,10532,['C'],A,Vacuum adiabatic calorimetry,"origin: commercial source,99.9 % (total),stated by supplier,rod",99.9,Not Specified %,1958
2.123,0.0150206,0.000150206,None kPa,N/A,10532,['C'],A,Vacuum adiabatic calorimetry,"origin: commercial source,99.9 % (total),stated by supplier,rod",99.9,Not Specified %,1958
2.299,0.0191209,0.000191209,None kPa,N/A,10532,['C'],A,Vacuum adiabatic calorimetry,"origin: commercial source,99.9 % (total),stated by supplier,rod",99.9,Not Specified %,1958
2.446,0.0229283,0.000229283,None kPa,N/A,10532,['C'],A,Vacuum adiabatic calorimetry,"origin: commercial source,99.9 % (total),stated by supplier,rod",99.9,Not Specified %,1958
2.586,0.0297901,0.000297901,None kPa,N/A,10532,['C'],A,Vacuum adiabatic calorimetry,"origin: commercial source,99.9 % (total),stated by supplier,rod",99.9,Not Specified %,1958
2.707,0.0636386,0.000636386,None kPa,N/A,10532,['C'],A,Vacuum adiabatic calorimetry,"origin: commercial source,99.9 % (total),stated by supplier,rod",99.9,Not Specified %,1958
2.844,0.0590362,0.000590362,None kPa,N/A,10532,['C'],A,Vacuum adiabatic calorimetry,"origin: commercial source,99.9 % (total),stated by supplier,rod",99.9,Not Specified %,1958
3.033,0.0212966,0.000212966,None kPa,N/A,10532,['C'],A,Vacuum adiabatic calorimetry,"origin: commercial source,99.9 % (total),stated by supplier,rod",99.9,Not Specified %,1958
3.254,0.0234304,0.000234304,None kPa,N/A,10532,['C'],A,Vacuum adiabatic calorimetry,"origin: commercial source,99.9 % (total),stated by supplier,rod",99.9,Not Specified %,1958
1.583,0.0102926,0.000102926,None kPa,N/A,10532,['C'],A,Vacuum adiabatic calorimetry,"origin: commercial source,99.9 % (total),stated by supplier,rod",99.9,Not Specified %,1958
1.875,0.0145185,0.000145185,None kPa,N/A,10532,['C'],A,Vacuum adiabatic calorimetry,"origin: commercial source,99.9 % (total),stated by supplier,rod",99.9,Not Specified %,1958
2.144,0.020669,0.00020669,None kPa,N/A,10532,['C'],A,Vacuum adiabatic calorimetry,"origin: commercial source,99.9 % (total),stated by supplier,rod",99.9,Not Specified %,1958
2.285,0.0302922,0.000302922,None kPa,N/A,10532,['C'],A,Vacuum adiabatic calorimetry,"origin: commercial source,99.9 % (total),stated by supplier,rod",99.9,Not Specified %,1958
2.335,0.0476976,0.000476976,None kPa,N/A,10532,['C'],A,Vacuum adiabatic calorimetry,"origin: commercial source,99.9 % (total),stated by supplier,rod",99.9,Not Specified %,1958
1325.3,28.3424,0.56484,1.33322e-07 kPa,N/A,13887,['C'],A,AC Heated Filament,"origin: commercial source,99.85 % (total),estimated by the compiler,wire",99.85,Not Specified %,1963
1386.6,28.6353,0.573208,None kPa,N/A,13887,['C'],A,AC Heated Filament,"origin: commercial source,99.85 % (total),estimated by the compiler,wire",99.85,Not Specified %,1963
1440.7,28.8278,0.577392,None kPa,N/A,13887,['C'],A,AC Heated Filament,"origin: commercial source,99.85 % (total),estimated by the compiler,wire",99.85,Not Specified %,1963
1496.7,28.9156,0.577392,None kPa,N/A,13887,['C'],A,AC Heated Filament,"origin: commercial source,99.85 % (total),estimated by the compiler,wire",99.85,Not Specified %,1963
1562.0,28.9073,0.577392,None kPa,N/A,13887,['C'],A,AC Heated Filament,"origin: commercial source,99.85 % (total),estimated by the compiler,wire",99.85,Not Specified %,1963
1593.5,29.1541,0.581576,None kPa,N/A,13887,['C'],A,AC Heated Filament,"origin: commercial source,99.85 % (total),estimated by the compiler,wire",99.85,Not Specified %,1963
1657.5,29.2503,0.58576,None kPa,N/A,13887,['C'],A,AC Heated Filament,"origin: commercial source,99.85 % (total),estimated by the compiler,wire",99.85,Not Specified %,1963
1675.8,29.4679,0.589944,None kPa,N/A,13887,['C'],A,AC Heated Filament,"origin: commercial source,99.85 % (total),estimated by the compiler,wire",99.85,Not Specified %,1963
1742.3,29.6813,0.594128,None kPa,N/A,13887,['C'],A,AC Heated Filament,"origin: commercial source,99.85 % (total),estimated by the compiler,wire",99.85,Not Specified %,1963
1762.2,29.7357,0.594128,None kPa,N/A,13887,['C'],A,AC Heated Filament,"origin: commercial source,99.85 % (total),estimated by the compiler,wire",99.85,Not Specified %,1963
1821.9,29.8403,0.598312,None kPa,N/A,13887,['C'],A,AC Heated Filament,"origin: commercial source,99.85 % (total),estimated by the compiler,wire",99.85,Not Specified %,1963
1827.7,30.1164,0.602496,None kPa,N/A,13887,['C'],A,AC Heated Filament,"origin: commercial source,99.85 % (total),estimated by the compiler,wire",99.85,Not Specified %,1963
1896.1,30.5683,0.610864,None kPa,N/A,13887,['C'],A,AC Heated Filament,"origin: commercial source,99.85 % (total),estimated by the compiler,wire",99.85,Not Specified %,1963
1896.4,30.3173,0.60668,None kPa,N/A,13887,['C'],A,AC Heated Filament,"origin: commercial source,99.85 % (total),estimated by the compiler,wire",99.85,Not Specified %,1963
1967.3,30.7189,0.615048,None kPa,N/A,13887,['C'],A,AC Heated Filament,"origin: commercial source,99.85 % (total),estimated by the compiler,wire",99.85,Not Specified %,1963
1967.6,30.606,0.610864,None kPa,N/A,13887,['C'],A,AC Heated Filament,"origin: commercial source,99.85 % (total),estimated by the compiler,wire",99.85,Not Specified %,1963
2033.1,30.8612,0.635968,None kPa,N/A,13887,['C'],A,AC Heated Filament,"origin: commercial source,99.85 % (total),estimated by the compiler,wire",99.85,Not Specified %,1963
2097.6,31.3298,0.677808,None kPa,N/A,13887,['C'],A,AC Heated Filament,"origin: commercial source,99.85 % (total),estimated by the compiler,wire",99.85,Not Specified %,1963
2209.4,31.8068,0.748936,None kPa,N/A,13887,['C'],A,AC Heated Filament,"origin: commercial source,99.85 % (total),estimated by the compiler,wire",99.85,Not Specified %,1963
2263.0,32.0996,0.782408,None kPa,N/A,13887,['C'],A,AC Heated Filament,"origin: commercial source,99.85 % (total),estimated by the compiler,wire",99.85,Not Specified %,1963
2314.9,32.3842,0.81588,None kPa,N/A,13887,['C'],A,AC Heated Filament,"origin: commercial source,99.85 % (total),estimated by the compiler,wire",99.85,Not Specified %,1963
1.5,0.0100416,0.00100416,None kPa,N/A,13935,['C'],A,Low temperature calorimetry set up,not stated,,,1963
2.0,0.0138072,0.00138072,None kPa,N/A,13935,['C'],A,Low temperature calorimetry set up,not stated,,,1963
2.5,0.0179912,0.00179912,None kPa,N/A,13935,['C'],A,Low temperature calorimetry set up,not stated,,,1963
3.0,0.0225936,0.00225936,None kPa,N/A,13935,['C'],A,Low temperature calorimetry set up,not stated,,,1963
3.5,0.0280328,0.00280328,None kPa,N/A,13935,['C'],A,Low temperature calorimetry set up,not stated,,,1963
4.0,0.0338904,0.00338904,None kPa,N/A,13935,['C'],A,Low temperature calorimetry set up,not stated,,,1963
4.5,0.0410032,0.00410032,None kPa,N/A,13935,['C'],A,Low temperature calorimetry set up,not stated,,,1963
5.0,0.0485344,0.00485344,None kPa,N/A,13935,['C'],A,Low temperature calorimetry set up,not stated,,,1963
5.5,0.0573208,0.00573208,None kPa,N/A,13935,['C'],A,Low temperature calorimetry set up,not stated,,,1963
6.0,0.0673624,0.00673624,None kPa,N/A,13935,['C'],A,Low temperature calorimetry set up,not stated,,,1963
6.5,0.0786592,0.00786592,None kPa,N/A,13935,['C'],A,Low temperature calorimetry set up,not stated,,,1963
7.0,0.0912112,0.00912112,None kPa,N/A,13935,['C'],A,Low temperature calorimetry set up,not stated,,,1963
7.5,0.105437,0.0105437,None kPa,N/A,13935,['C'],A,Low temperature calorimetry set up,not stated,,,1963
8.0,0.120918,0.0120918,None kPa,N/A,13935,['C'],A,Low temperature calorimetry set up,not stated,,,1963
8.5,0.138072,0.0138072,None kPa,N/A,13935,['C'],A,Low temperature calorimetry set up,not stated,,,1963
9.0,0.157318,0.0157318,None kPa,N/A,13935,['C'],A,Low temperature calorimetry set up,not stated,,,1963
9.5,0.17782,0.017782,None kPa,N/A,13935,['C'],A,Low temperature calorimetry set up,not stated,,,1963
10.0,0.200832,0.0200832,None kPa,N/A,13935,['C'],A,Low temperature calorimetry set up,not stated,,,1963
10.5,0.225936,0.0225936,None kPa,N/A,13935,['C'],A,Low temperature calorimetry set up,not stated,,,1963
11.0,0.252714,0.0252714,None kPa,N/A,13935,['C'],A,Low temperature calorimetry set up,not stated,,,1963
11.5,0.282002,0.0282002,None kPa,N/A,13935,['C'],A,Low temperature calorimetry set up,not stated,,,1963
12.0,0.3138,0.03138,None kPa,N/A,13935,['C'],A,Low temperature calorimetry set up,not stated,,,1963
12.5,0.348109,0.0348109,None kPa,N/A,13935,['C'],A,Low temperature calorimetry set up,not stated,,,1963
13.0,0.384928,0.0384928,None kPa,N/A,13935,['C'],A,Low temperature calorimetry set up,not stated,,,1963
13.5,0.424258,0.0424258,None kPa,N/A,13935,['C'],A,Low temperature calorimetry set up,not stated,,,1963
14.0,0.466934,0.0466934,None kPa,N/A,13935,['C'],A,Low temperature calorimetry set up,not stated,,,1963
14.5,0.512122,0.0512122,None kPa,N/A,13935,['C'],A,Low temperature calorimetry set up,not stated,,,1963
15.0,0.560238,0.0560238,None kPa,N/A,13935,['C'],A,Low temperature calorimetry set up,not stated,,,1963
15.5,0.611282,0.0611282,None kPa,N/A,13935,['C'],A,Low temperature calorimetry set up,not stated,,,1963
16.0,0.666093,0.0666093,None kPa,N/A,13935,['C'],A,Low temperature calorimetry set up,not stated,,,1963
16.5,0.723832,0.0723832,None kPa,N/A,13935,['C'],A,Low temperature calorimetry set up,not stated,,,1963
17.0,0.784918,0.0784918,None kPa,N/A,13935,['C'],A,Low temperature calorimetry set up,not stated,,,1963
17.5,0.84977,0.084977,None kPa,N/A,13935,['C'],A,Low temperature calorimetry set up,not stated,,,1963
18.0,0.918388,0.0918388,None kPa,N/A,13935,['C'],A,Low temperature calorimetry set up,not stated,,,1963
18.5,0.990353,0.0990353,None kPa,N/A,13935,['C'],A,Low temperature calorimetry set up,not stated,,,1963
19.0,1.06608,0.106608,None kPa,N/A,13935,['C'],A,Low temperature calorimetry set up,not stated,,,1963
19.5,1.146,0.1146,None kPa,N/A,13935,['C'],A,Low temperature calorimetry set up,not stated,,,1963
20.0,1.2301,0.12301,None kPa,N/A,13935,['C'],A,Low temperature calorimetry set up,not stated,,,1963
1900.0,30.76,0.58,1.33322e-05 kPa,N/A,19074,['C'],A,Resistive pulse heating - millisecond,"origin: commercial source,99.9 weight % (total),stated by supplier,rod",99.9,Weight %,1970
1900.0,30.68,0.58,None kPa,N/A,19074,['C'],A,Resistive pulse heating - millisecond,"origin: commercial source,99.9 weight % (total),stated by supplier,rod",99.9,Weight %,1970
1900.0,30.75,0.58,None kPa,N/A,19074,['C'],A,Resistive pulse heating - millisecond,"origin: commercial source,99.9 weight % (total),stated by supplier,rod",99.9,Weight %,1970
1950.0,30.89,0.6,None kPa,N/A,19074,['C'],A,Resistive pulse heating - millisecond,"origin: commercial source,99.9 weight % (total),stated by supplier,rod",99.9,Weight %,1970
1950.0,30.94,0.6,None kPa,N/A,19074,['C'],A,Resistive pulse heating - millisecond,"origin: commercial source,99.9 weight % (total),stated by supplier,rod",99.9,Weight %,1970
2000.0,31.15,0.62,None kPa,N/A,19074,['C'],A,Resistive pulse heating - millisecond,"origin: commercial source,99.9 weight % (total),stated by supplier,rod",99.9,Weight %,1970
2000.0,31.12,0.62,None kPa,N/A,19074,['C'],A,Resistive pulse heating - millisecond,"origin: commercial source,99.9 weight % (total),stated by supplier,rod",99.9,Weight %,1970
2000.0,31.13,0.62,None kPa,N/A,19074,['C'],A,Resistive pulse heating - millisecond,"origin: commercial source,99.9 weight % (total),stated by supplier,rod",99.9,Weight %,1970
2050.0,31.37,0.64,None kPa,N/A,19074,['C'],A,Resistive pulse heating - millisecond,"origin: commercial source,99.9 weight % (total),stated by supplier,rod",99.9,Weight %,1970
2050.0,31.35,0.64,None kPa,N/A,19074,['C'],A,Resistive pulse heating - millisecond,"origin: commercial source,99.9 weight % (total),stated by supplier,rod",99.9,Weight %,1970
2050.0,31.36,0.64,None kPa,N/A,19074,['C'],A,Resistive pulse heating - millisecond,"origin: commercial source,99.9 weight % (total),stated by supplier,rod",99.9,Weight %,1970
2100.0,31.62,0.66,None kPa,N/A,19074,['C'],A,Resistive pulse heating - millisecond,"origin: commercial source,99.9 weight % (total),stated by supplier,rod",99.9,Weight %,1970
2100.0,31.63,0.66,None kPa,N/A,19074,['C'],A,Resistive pulse heating - millisecond,"origin: commercial source,99.9 weight % (total),stated by supplier,rod",99.9,Weight %,1970
2100.0,31.61,0.66,None kPa,N/A,19074,['C'],A,Resistive pulse heating - millisecond,"origin: commercial source,99.9 weight % (total),stated by supplier,rod",99.9,Weight %,1970
2150.0,31.89,0.69,None kPa,N/A,19074,['C'],A,Resistive pulse heating - millisecond,"origin: commercial source,99.9 weight % (total),stated by supplier,rod",99.9,Weight %,1970
2150.0,31.89,0.69,None kPa,N/A,19074,['C'],A,Resistive pulse heating - millisecond,"origin: commercial source,99.9 weight % (total),stated by supplier,rod",99.9,Weight %,1970
2150.0,31.92,0.69,None kPa,N/A,19074,['C'],A,Resistive pulse heating - millisecond,"origin: commercial source,99.9 weight % (total),stated by supplier,rod",99.9,Weight %,1970
2200.0,32.19,0.71,None kPa,N/A,19074,['C'],A,Resistive pulse heating - millisecond,"origin: commercial source,99.9 weight % (total),stated by supplier,rod",99.9,Weight %,1970
2200.0,32.22,0.71,None kPa,N/A,19074,['C'],A,Resistive pulse heating - millisecond,"origin: commercial source,99.9 weight % (total),stated by supplier,rod",99.9,Weight %,1970
2200.0,32.21,0.71,None kPa,N/A,19074,['C'],A,Resistive pulse heating - millisecond,"origin: commercial source,99.9 weight % (total),stated by supplier,rod",99.9,Weight %,1970
2250.0,32.53,0.73,None kPa,N/A,19074,['C'],A,Resistive pulse heating - millisecond,"origin: commercial source,99.9 weight % (total),stated by supplier,rod",99.9,Weight %,1970
2250.0,32.56,0.73,None kPa,N/A,19074,['C'],A,Resistive pulse heating - millisecond,"origin: commercial source,99.9 weight % (total),stated by supplier,rod",99.9,Weight %,1970
2250.0,32.57,0.73,None kPa,N/A,19074,['C'],A,Resistive pulse heating - millisecond,"origin: commercial source,99.9 weight % (total),stated by supplier,rod",99.9,Weight %,1970
2100.0,31.65,0.66,None kPa,N/A,19074,['C'],A,Resistive pulse heating - millisecond,"origin: commercial source,99.9 weight % (total),stated by supplier,rod",99.9,Weight %,1970
2100.0,31.81,0.67,None kPa,N/A,19074,['C'],A,Resistive pulse heating - millisecond,"origin: commercial source,99.9 weight % (total),stated by supplier,rod",99.9,Weight %,1970
2100.0,31.74,0.67,None kPa,N/A,19074,['C'],A,Resistive pulse heating - millisecond,"origin: commercial source,99.9 weight % (total),stated by supplier,rod",99.9,Weight %,1970
2150.0,31.92,0.69,None kPa,N/A,19074,['C'],A,Resistive pulse heating - millisecond,"origin: commercial source,99.9 weight % (total),stated by supplier,rod",99.9,Weight %,1970
2150.0,32.03,0.69,None kPa,N/A,19074,['C'],A,Resistive pulse heating - millisecond,"origin: commercial source,99.9 weight % (total),stated by supplier,rod",99.9,Weight %,1970
2150.0,31.98,0.69,None kPa,N/A,19074,['C'],A,Resistive pulse heating - millisecond,"origin: commercial source,99.9 weight % (total),stated by supplier,rod",99.9,Weight %,1970
2200.0,32.2,0.71,None kPa,N/A,19074,['C'],A,Resistive pulse heating - millisecond,"origin: commercial source,99.9 weight % (total),stated by supplier,rod",99.9,Weight %,1970
2200.0,32.26,0.71,None kPa,N/A,19074,['C'],A,Resistive pulse heating - millisecond,"origin: commercial source,99.9 weight % (total),stated by supplier,rod",99.9,Weight %,1970
2200.0,32.23,0.71,None kPa,N/A,19074,['C'],A,Resistive pulse heating - millisecond,"origin: commercial source,99.9 weight % (total),stated by supplier,rod",99.9,Weight %,1970
2250.0,32.51,0.73,None kPa,N/A,19074,['C'],A,Resistive pulse heating - millisecond,"origin: commercial source,99.9 weight % (total),stated by supplier,rod",99.9,Weight %,1970
2250.0,32.49,0.73,None kPa,N/A,19074,['C'],A,Resistive pulse heating - millisecond,"origin: commercial source,99.9 weight % (total),stated by supplier,rod",99.9,Weight %,1970
2250.0,32.52,0.73,None kPa,N/A,19074,['C'],A,Resistive pulse heating - millisecond,"origin: commercial source,99.9 weight % (total),stated by supplier,rod",99.9,Weight %,1970
2250.0,32.5,0.73,None kPa,N/A,19074,['C'],A,Resistive pulse heating - millisecond,"origin: commercial source,99.9 weight % (total),stated by supplier,rod",99.9,Weight %,1970
2300.0,32.79,0.75,None kPa,N/A,19074,['C'],A,Resistive pulse heating - millisecond,"origin: commercial source,99.9 weight % (total),stated by supplier,rod",99.9,Weight %,1970
2300.0,32.78,0.75,None kPa,N/A,19074,['C'],A,Resistive pulse heating - millisecond,"origin: commercial source,99.9 weight % (total),stated by supplier,rod",99.9,Weight %,1970
2300.0,32.78,0.75,None kPa,N/A,19074,['C'],A,Resistive pulse heating - millisecond,"origin: commercial source,99.9 weight % (total),stated by supplier,rod",99.9,Weight %,1970
2350.0,33.11,0.78,None kPa,N/A,19074,['C'],A,Resistive pulse heating - millisecond,"origin: commercial source,99.9 weight % (total),stated by supplier,rod",99.9,Weight %,1970
2350.0,33.08,0.78,None kPa,N/A,19074,['C'],A,Resistive pulse heating - millisecond,"origin: commercial source,99.9 weight % (total),stated by supplier,rod",99.9,Weight %,1970
2350.0,33.09,0.78,None kPa,N/A,19074,['C'],A,Resistive pulse heating - millisecond,"origin: commercial source,99.9 weight % (total),stated by supplier,rod",99.9,Weight %,1970
2400.0,33.44,0.8,None kPa,N/A,19074,['C'],A,Resistive pulse heating - millisecond,"origin: commercial source,99.9 weight % (total),stated by supplier,rod",99.9,Weight %,1970
2400.0,33.4,0.8,None kPa,N/A,19074,['C'],A,Resistive pulse heating - millisecond,"origin: commercial source,99.9 weight % (total),stated by supplier,rod",99.9,Weight %,1970
2400.0,33.42,0.8,None kPa,N/A,19074,['C'],A,Resistive pulse heating - millisecond,"origin: commercial source,99.9 weight % (total),stated by supplier,rod",99.9,Weight %,1970
2450.0,33.77,0.83,None kPa,N/A,19074,['C'],A,Resistive pulse heating - millisecond,"origin: commercial source,99.9 weight % (total),stated by supplier,rod",99.9,Weight %,1970
2450.0,33.78,0.83,None kPa,N/A,19074,['C'],A,Resistive pulse heating - millisecond,"origin: commercial source,99.9 weight % (total),stated by supplier,rod",99.9,Weight %,1970
2450.0,33.76,0.83,None kPa,N/A,19074,['C'],A,Resistive pulse heating - millisecond,"origin: commercial source,99.9 weight % (total),stated by supplier,rod",99.9,Weight %,1970
2500.0,34.15,0.85,None kPa,N/A,19074,['C'],A,Resistive pulse heating - millisecond,"origin: commercial source,99.9 weight % (total),stated by supplier,rod",99.9,Weight %,1970
2500.0,34.16,0.85,None kPa,N/A,19074,['C'],A,Resistive pulse heating - millisecond,"origin: commercial source,99.9 weight % (total),stated by supplier,rod",99.9,Weight %,1970
2500.0,34.17,0.85,None kPa,N/A,19074,['C'],A,Resistive pulse heating - millisecond,"origin: commercial source,99.9 weight % (total),stated by supplier,rod",99.9,Weight %,1970
2550.0,34.53,0.88,None kPa,N/A,19074,['C'],A,Resistive pulse heating - millisecond,"origin: commercial source,99.9 weight % (total),stated by supplier,rod",99.9,Weight %,1970
2550.0,34.61,0.88,None kPa,N/A,19074,['C'],A,Resistive pulse heating - millisecond,"origin: commercial source,99.9 weight % (total),stated by supplier,rod",99.9,Weight %,1970
2550.0,34.59,0.88,None kPa,N/A,19074,['C'],A,Resistive pulse heating - millisecond,"origin: commercial source,99.9 weight % (total),stated by supplier,rod",99.9,Weight %,1970
2600.0,34.95,0.91,None kPa,N/A,19074,['C'],A,Resistive pulse heating - millisecond,"origin: commercial source,99.9 weight % (total),stated by supplier,rod",99.9,Weight %,1970
2600.0,35.12,0.91,None kPa,N/A,19074,['C'],A,Resistive pulse heating - millisecond,"origin: commercial source,99.9 weight % (total),stated by supplier,rod",99.9,Weight %,1970
2600.0,35.06,0.91,None kPa,N/A,19074,['C'],A,Resistive pulse heating - millisecond,"origin: commercial source,99.9 weight % (total),stated by supplier,rod",99.9,Weight %,1970
2350.0,33.2,0.78,None kPa,N/A,19074,['C'],A,Resistive pulse heating - millisecond,"origin: commercial source,99.9 weight % (total),stated by supplier,rod",99.9,Weight %,1970
2350.0,33.13,0.78,None kPa,N/A,19074,['C'],A,Resistive pulse heating - millisecond,"origin: commercial source,99.9 weight % (total),stated by supplier,rod",99.9,Weight %,1970
2350.0,33.13,0.78,None kPa,N/A,19074,['C'],A,Resistive pulse heating - millisecond,"origin: commercial source,99.9 weight % (total),stated by supplier,rod",99.9,Weight %,1970
2400.0,33.48,0.8,None kPa,N/A,19074,['C'],A,Resistive pulse heating - millisecond,"origin: commercial source,99.9 weight % (total),stated by supplier,rod",99.9,Weight %,1970
2400.0,33.52,0.8,None kPa,N/A,19074,['C'],A,Resistive pulse heating - millisecond,"origin: commercial source,99.9 weight % (total),stated by supplier,rod",99.9,Weight %,1970
2400.0,33.46,0.8,None kPa,N/A,19074,['C'],A,Resistive pulse heating - millisecond,"origin: commercial source,99.9 weight % (total),stated by supplier,rod",99.9,Weight %,1970
2450.0,33.85,0.83,None kPa,N/A,19074,['C'],A,Resistive pulse heating - millisecond,"origin: commercial source,99.9 weight % (total),stated by supplier,rod",99.9,Weight %,1970
2450.0,33.84,0.83,None kPa,N/A,19074,['C'],A,Resistive pulse heating - millisecond,"origin: commercial source,99.9 weight % (total),stated by supplier,rod",99.9,Weight %,1970
2450.0,33.81,0.83,None kPa,N/A,19074,['C'],A,Resistive pulse heating - millisecond,"origin: commercial source,99.9 weight % (total),stated by supplier,rod",99.9,Weight %,1970
2500.0,34.21,0.86,None kPa,N/A,19074,['C'],A,Resistive pulse heating - millisecond,"origin: commercial source,99.9 weight % (total),stated by supplier,rod",99.9,Weight %,1970
2500.0,34.2,0.85,None kPa,N/A,19074,['C'],A,Resistive pulse heating - millisecond,"origin: commercial source,99.9 weight % (total),stated by supplier,rod",99.9,Weight %,1970
2500.0,34.17,0.85,None kPa,N/A,19074,['C'],A,Resistive pulse heating - millisecond,"origin: commercial source,99.9 weight % (total),stated by supplier,rod",99.9,Weight %,1970
2550.0,34.56,0.88,None kPa,N/A,19074,['C'],A,Resistive pulse heating - millisecond,"origin: commercial source,99.9 weight % (total),stated by supplier,rod",99.9,Weight %,1970
2550.0,34.59,0.88,None kPa,N/A,19074,['C'],A,Resistive pulse heating - millisecond,"origin: commercial source,99.9 weight % (total),stated by supplier,rod",99.9,Weight %,1970
2550.0,34.55,0.88,None kPa,N/A,19074,['C'],A,Resistive pulse heating - millisecond,"origin: commercial source,99.9 weight % (total),stated by supplier,rod",99.9,Weight %,1970
2600.0,34.95,0.91,None kPa,N/A,19074,['C'],A,Resistive pulse heating - millisecond,"origin: commercial source,99.9 weight % (total),stated by supplier,rod",99.9,Weight %,1970
2600.0,34.99,0.91,None kPa,N/A,19074,['C'],A,Resistive pulse heating - millisecond,"origin: commercial source,99.9 weight % (total),stated by supplier,rod",99.9,Weight %,1970
2600.0,34.96,0.91,None kPa,N/A,19074,['C'],A,Resistive pulse heating - millisecond,"origin: commercial source,99.9 weight % (total),stated by supplier,rod",99.9,Weight %,1970
2650.0,35.36,0.94,None kPa,N/A,19074,['C'],A,Resistive pulse heating - millisecond,"origin: commercial source,99.9 weight % (total),stated by supplier,rod",99.9,Weight %,1970
2650.0,35.41,0.94,None kPa,N/A,19074,['C'],A,Resistive pulse heating - millisecond,"origin: commercial source,99.9 weight % (total),stated by supplier,rod",99.9,Weight %,1970
2650.0,35.4,0.94,None kPa,N/A,19074,['C'],A,Resistive pulse heating - millisecond,"origin: commercial source,99.9 weight % (total),stated by supplier,rod",99.9,Weight %,1970
2700.0,35.8,0.97,None kPa,N/A,19074,['C'],A,Resistive pulse heating - millisecond,"origin: commercial source,99.9 weight % (total),stated by supplier,rod",99.9,Weight %,1970
2700.0,35.86,0.97,None kPa,N/A,19074,['C'],A,Resistive pulse heating - millisecond,"origin: commercial source,99.9 weight % (total),stated by supplier,rod",99.9,Weight %,1970
2750.0,36.27,1.0,None kPa,N/A,19074,['C'],A,Resistive pulse heating - millisecond,"origin: commercial source,99.9 weight % (total),stated by supplier,rod",99.9,Weight %,1970
2750.0,36.35,1.0,None kPa,N/A,19074,['C'],A,Resistive pulse heating - millisecond,"origin: commercial source,99.9 weight % (total),stated by supplier,rod",99.9,Weight %,1970
2750.0,36.36,1.0,None kPa,N/A,19074,['C'],A,Resistive pulse heating - millisecond,"origin: commercial source,99.9 weight % (total),stated by supplier,rod",99.9,Weight %,1970
2800.0,36.79,1.03,None kPa,N/A,19074,['C'],A,Resistive pulse heating - millisecond,"origin: commercial source,99.9 weight % (total),stated by supplier,rod",99.9,Weight %,1970
2800.0,36.88,1.03,None kPa,N/A,19074,['C'],A,Resistive pulse heating - millisecond,"origin: commercial source,99.9 weight % (total),stated by supplier,rod",99.9,Weight %,1970
2800.0,36.91,1.03,None kPa,N/A,19074,['C'],A,Resistive pulse heating - millisecond,"origin: commercial source,99.9 weight % (total),stated by supplier,rod",99.9,Weight %,1970
2850.0,37.36,1.06,None kPa,N/A,19074,['C'],A,Resistive pulse heating - millisecond,"origin: commercial source,99.9 weight % (total),stated by supplier,rod",99.9,Weight %,1970
2850.0,37.47,1.07,None kPa,N/A,19074,['C'],A,Resistive pulse heating - millisecond,"origin: commercial source,99.9 weight % (total),stated by supplier,rod",99.9,Weight %,1970
2850.0,37.5,1.07,None kPa,N/A,19074,['C'],A,Resistive pulse heating - millisecond,"origin: commercial source,99.9 weight % (total),stated by supplier,rod",99.9,Weight %,1970
2900.0,37.99,1.1,None kPa,N/A,19074,['C'],A,Resistive pulse heating - millisecond,"origin: commercial source,99.9 weight % (total),stated by supplier,rod",99.9,Weight %,1970
2900.0,38.16,1.11,None kPa,N/A,19074,['C'],A,Resistive pulse heating - millisecond,"origin: commercial source,99.9 weight % (total),stated by supplier,rod",99.9,Weight %,1970
2900.0,38.13,1.11,None kPa,N/A,19074,['C'],A,Resistive pulse heating - millisecond,"origin: commercial source,99.9 weight % (total),stated by supplier,rod",99.9,Weight %,1970
2950.0,38.69,1.14,None kPa,N/A,19074,['C'],A,Resistive pulse heating - millisecond,"origin: commercial source,99.9 weight % (total),stated by supplier,rod",99.9,Weight %,1970
2950.0,38.87,1.15,None kPa,N/A,19074,['C'],A,Resistive pulse heating - millisecond,"origin: commercial source,99.9 weight % (total),stated by supplier,rod",99.9,Weight %,1970
2950.0,38.9,1.15,None kPa,N/A,19074,['C'],A,Resistive pulse heating - millisecond,"origin: commercial source,99.9 weight % (total),stated by supplier,rod",99.9,Weight %,1970
3000.0,39.49,1.18,None kPa,N/A,19074,['C'],A,Resistive pulse heating - millisecond,"origin: commercial source,99.9 weight % (total),stated by supplier,rod",99.9,Weight %,1970
3000.0,39.73,1.19,None kPa,N/A,19074,['C'],A,Resistive pulse heating - millisecond,"origin: commercial source,99.9 weight % (total),stated by supplier,rod",99.9,Weight %,1970
3000.0,39.73,1.19,None kPa,N/A,19074,['C'],A,Resistive pulse heating - millisecond,"origin: commercial source,99.9 weight % (total),stated by supplier,rod",99.9,Weight %,1970
1900.0,30.73,0.58,1.33322e-05 kPa,N/A,19075,['C'],A,Resistive pulse heating - millisecond,"origin: commercial source,99.9 weight % (total),stated by supplier,rod",99.9,Weight %,1970
1950.0,30.99,0.6,None kPa,N/A,19075,['C'],A,Resistive pulse heating - millisecond,"origin: commercial source,99.9 weight % (total),stated by supplier,rod",99.9,Weight %,1970
1950.0,30.93,0.6,None kPa,N/A,19075,['C'],A,Resistive pulse heating - millisecond,"origin: commercial source,99.9 weight % (total),stated by supplier,rod",99.9,Weight %,1970
2000.0,31.17,0.62,None kPa,N/A,19075,['C'],A,Resistive pulse heating - millisecond,"origin: commercial source,99.9 weight % (total),stated by supplier,rod",99.9,Weight %,1970
2000.0,31.15,0.62,None kPa,N/A,19075,['C'],A,Resistive pulse heating - millisecond,"origin: commercial source,99.9 weight % (total),stated by supplier,rod",99.9,Weight %,1970
2000.0,31.16,0.62,None kPa,N/A,19075,['C'],A,Resistive pulse heating - millisecond,"origin: commercial source,99.9 weight % (total),stated by supplier,rod",99.9,Weight %,1970
2050.0,31.42,0.64,None kPa,N/A,19075,['C'],A,Resistive pulse heating - millisecond,"origin: commercial source,99.9 weight % (total),stated by supplier,rod",99.9,Weight %,1970
2050.0,31.38,0.64,None kPa,N/A,19075,['C'],A,Resistive pulse heating - millisecond,"origin: commercial source,99.9 weight % (total),stated by supplier,rod",99.9,Weight %,1970
2050.0,31.39,0.64,None kPa,N/A,19075,['C'],A,Resistive pulse heating - millisecond,"origin: commercial source,99.9 weight % (total),stated by supplier,rod",99.9,Weight %,1970
2100.0,31.62,0.66,None kPa,N/A,19075,['C'],A,Resistive pulse heating - millisecond,"origin: commercial source,99.9 weight % (total),stated by supplier,rod",99.9,Weight %,1970
2100.0,31.66,0.66,None kPa,N/A,19075,['C'],A,Resistive pulse heating - millisecond,"origin: commercial source,99.9 weight % (total),stated by supplier,rod",99.9,Weight %,1970
2100.0,31.69,0.67,None kPa,N/A,19075,['C'],A,Resistive pulse heating - millisecond,"origin: commercial source,99.9 weight % (total),stated by supplier,rod",99.9,Weight %,1970
2150.0,31.91,0.69,None kPa,N/A,19075,['C'],A,Resistive pulse heating - millisecond,"origin: commercial source,99.9 weight % (total),stated by supplier,rod",99.9,Weight %,1970
2150.0,31.97,0.69,None kPa,N/A,19075,['C'],A,Resistive pulse heating - millisecond,"origin: commercial source,99.9 weight % (total),stated by supplier,rod",99.9,Weight %,1970
2150.0,31.95,0.69,None kPa,N/A,19075,['C'],A,Resistive pulse heating - millisecond,"origin: commercial source,99.9 weight % (total),stated by supplier,rod",99.9,Weight %,1970
2200.0,32.23,0.71,None kPa,N/A,19075,['C'],A,Resistive pulse heating - millisecond,"origin: commercial source,99.9 weight % (total),stated by supplier,rod",99.9,Weight %,1970
2200.0,32.25,0.71,None kPa,N/A,19075,['C'],A,Resistive pulse heating - millisecond,"origin: commercial source,99.9 weight % (total),stated by supplier,rod",99.9,Weight %,1970
2250.0,32.59,0.73,None kPa,N/A,19075,['C'],A,Resistive pulse heating - millisecond,"origin: commercial source,99.9 weight % (total),stated by supplier,rod",99.9,Weight %,1970
2250.0,32.58,0.73,None kPa,N/A,19075,['C'],A,Resistive pulse heating - millisecond,"origin: commercial source,99.9 weight % (total),stated by supplier,rod",99.9,Weight %,1970
2100.0,31.8,0.67,None kPa,N/A,19075,['C'],A,Resistive pulse heating - millisecond,"origin: commercial source,99.9 weight % (total),stated by supplier,rod",99.9,Weight %,1970
2100.0,31.75,0.67,None kPa,N/A,19075,['C'],A,Resistive pulse heating - millisecond,"origin: commercial source,99.9 weight % (total),stated by supplier,rod",99.9,Weight %,1970
2100.0,31.77,0.67,None kPa,N/A,19075,['C'],A,Resistive pulse heating - millisecond,"origin: commercial source,99.9 weight % (total),stated by supplier,rod",99.9,Weight %,1970
2150.0,32.02,0.69,None kPa,N/A,19075,['C'],A,Resistive pulse heating - millisecond,"origin: commercial source,99.9 weight % (total),stated by supplier,rod",99.9,Weight %,1970
2150.0,32.0,0.69,None kPa,N/A,19075,['C'],A,Resistive pulse heating - millisecond,"origin: commercial source,99.9 weight % (total),stated by supplier,rod",99.9,Weight %,1970
2150.0,31.99,0.69,None kPa,N/A,19075,['C'],A,Resistive pulse heating - millisecond,"origin: commercial source,99.9 weight % (total),stated by supplier,rod",99.9,Weight %,1970
2200.0,32.25,0.71,None kPa,N/A,19075,['C'],A,Resistive pulse heating - millisecond,"origin: commercial source,99.9 weight % (total),stated by supplier,rod",99.9,Weight %,1970
2200.0,32.27,0.71,None kPa,N/A,19075,['C'],A,Resistive pulse heating - millisecond,"origin: commercial source,99.9 weight % (total),stated by supplier,rod",99.9,Weight %,1970
2200.0,32.24,0.71,None kPa,N/A,19075,['C'],A,Resistive pulse heating - millisecond,"origin: commercial source,99.9 weight % (total),stated by supplier,rod",99.9,Weight %,1970
2250.0,32.53,0.73,None kPa,N/A,19075,['C'],A,Resistive pulse heating - millisecond,"origin: commercial source,99.9 weight % (total),stated by supplier,rod",99.9,Weight %,1970
2250.0,32.52,0.73,None kPa,N/A,19075,['C'],A,Resistive pulse heating - millisecond,"origin: commercial source,99.9 weight % (total),stated by supplier,rod",99.9,Weight %,1970
2300.0,32.81,0.75,None kPa,N/A,19075,['C'],A,Resistive pulse heating - millisecond,"origin: commercial source,99.9 weight % (total),stated by supplier,rod",99.9,Weight %,1970
2300.0,32.81,0.75,None kPa,N/A,19075,['C'],A,Resistive pulse heating - millisecond,"origin: commercial source,99.9 weight % (total),stated by supplier,rod",99.9,Weight %,1970
2350.0,33.11,0.78,None kPa,N/A,19075,['C'],A,Resistive pulse heating - millisecond,"origin: commercial source,99.9 weight % (total),stated by supplier,rod",99.9,Weight %,1970
2350.0,33.12,0.78,None kPa,N/A,19075,['C'],A,Resistive pulse heating - millisecond,"origin: commercial source,99.9 weight % (total),stated by supplier,rod",99.9,Weight %,1970
2400.0,33.44,0.8,None kPa,N/A,19075,['C'],A,Resistive pulse heating - millisecond,"origin: commercial source,99.9 weight % (total),stated by supplier,rod",99.9,Weight %,1970
2400.0,33.45,0.8,None kPa,N/A,19075,['C'],A,Resistive pulse heating - millisecond,"origin: commercial source,99.9 weight % (total),stated by supplier,rod",99.9,Weight %,1970
2400.0,33.47,0.8,None kPa,N/A,19075,['C'],A,Resistive pulse heating - millisecond,"origin: commercial source,99.9 weight % (total),stated by supplier,rod",99.9,Weight %,1970
2450.0,33.8,0.83,None kPa,N/A,19075,['C'],A,Resistive pulse heating - millisecond,"origin: commercial source,99.9 weight % (total),stated by supplier,rod",99.9,Weight %,1970
2450.0,33.81,0.83,None kPa,N/A,19075,['C'],A,Resistive pulse heating - millisecond,"origin: commercial source,99.9 weight % (total),stated by supplier,rod",99.9,Weight %,1970
2450.0,33.83,0.83,None kPa,N/A,19075,['C'],A,Resistive pulse heating - millisecond,"origin: commercial source,99.9 weight % (total),stated by supplier,rod",99.9,Weight %,1970
2500.0,34.21,0.86,None kPa,N/A,19075,['C'],A,Resistive pulse heating - millisecond,"origin: commercial source,99.9 weight % (total),stated by supplier,rod",99.9,Weight %,1970
2500.0,34.19,0.85,None kPa,N/A,19075,['C'],A,Resistive pulse heating - millisecond,"origin: commercial source,99.9 weight % (total),stated by supplier,rod",99.9,Weight %,1970
2500.0,34.22,0.86,None kPa,N/A,19075,['C'],A,Resistive pulse heating - millisecond,"origin: commercial source,99.9 weight % (total),stated by supplier,rod",99.9,Weight %,1970
2550.0,34.62,0.88,None kPa,N/A,19075,['C'],A,Resistive pulse heating - millisecond,"origin: commercial source,99.9 weight % (total),stated by supplier,rod",99.9,Weight %,1970
2550.0,34.64,0.88,None kPa,N/A,19075,['C'],A,Resistive pulse heating - millisecond,"origin: commercial source,99.9 weight % (total),stated by supplier,rod",99.9,Weight %,1970
2550.0,34.65,0.88,None kPa,N/A,19075,['C'],A,Resistive pulse heating - millisecond,"origin: commercial source,99.9 weight % (total),stated by supplier,rod",99.9,Weight %,1970
2600.0,35.09,0.91,None kPa,N/A,19075,['C'],A,Resistive pulse heating - millisecond,"origin: commercial source,99.9 weight % (total),stated by supplier,rod",99.9,Weight %,1970
2600.0,35.11,0.91,None kPa,N/A,19075,['C'],A,Resistive pulse heating - millisecond,"origin: commercial source,99.9 weight % (total),stated by supplier,rod",99.9,Weight %,1970
2600.0,35.11,0.91,None kPa,N/A,19075,['C'],A,Resistive pulse heating - millisecond,"origin: commercial source,99.9 weight % (total),stated by supplier,rod",99.9,Weight %,1970
2350.0,33.2,0.78,None kPa,N/A,19075,['C'],A,Resistive pulse heating - millisecond,"origin: commercial source,99.9 weight % (total),stated by supplier,rod",99.9,Weight %,1970
2350.0,33.24,0.78,None kPa,N/A,19075,['C'],A,Resistive pulse heating - millisecond,"origin: commercial source,99.9 weight % (total),stated by supplier,rod",99.9,Weight %,1970
2350.0,33.22,0.78,None kPa,N/A,19075,['C'],A,Resistive pulse heating - millisecond,"origin: commercial source,99.9 weight % (total),stated by supplier,rod",99.9,Weight %,1970
2400.0,33.51,0.8,None kPa,N/A,19075,['C'],A,Resistive pulse heating - millisecond,"origin: commercial source,99.9 weight % (total),stated by supplier,rod",99.9,Weight %,1970
2400.0,33.56,0.81,None kPa,N/A,19075,['C'],A,Resistive pulse heating - millisecond,"origin: commercial source,99.9 weight % (total),stated by supplier,rod",99.9,Weight %,1970
2400.0,33.54,0.81,None kPa,N/A,19075,['C'],A,Resistive pulse heating - millisecond,"origin: commercial source,99.9 weight % (total),stated by supplier,rod",99.9,Weight %,1970
2450.0,33.9,0.83,None kPa,N/A,19075,['C'],A,Resistive pulse heating - millisecond,"origin: commercial source,99.9 weight % (total),stated by supplier,rod",99.9,Weight %,1970
2450.0,33.84,0.83,None kPa,N/A,19075,['C'],A,Resistive pulse heating - millisecond,"origin: commercial source,99.9 weight % (total),stated by supplier,rod",99.9,Weight %,1970
2450.0,33.89,0.83,None kPa,N/A,19075,['C'],A,Resistive pulse heating - millisecond,"origin: commercial source,99.9 weight % (total),stated by supplier,rod",99.9,Weight %,1970
2500.0,34.25,0.86,None kPa,N/A,19075,['C'],A,Resistive pulse heating - millisecond,"origin: commercial source,99.9 weight % (total),stated by supplier,rod",99.9,Weight %,1970
2500.0,34.19,0.85,None kPa,N/A,19075,['C'],A,Resistive pulse heating - millisecond,"origin: commercial source,99.9 weight % (total),stated by supplier,rod",99.9,Weight %,1970
2500.0,34.24,0.86,None kPa,N/A,19075,['C'],A,Resistive pulse heating - millisecond,"origin: commercial source,99.9 weight % (total),stated by supplier,rod",99.9,Weight %,1970
2550.0,34.62,0.88,None kPa,N/A,19075,['C'],A,Resistive pulse heating - millisecond,"origin: commercial source,99.9 weight % (total),stated by supplier,rod",99.9,Weight %,1970
2550.0,34.57,0.88,None kPa,N/A,19075,['C'],A,Resistive pulse heating - millisecond,"origin: commercial source,99.9 weight % (total),stated by supplier,rod",99.9,Weight %,1970
2550.0,34.61,0.88,None kPa,N/A,19075,['C'],A,Resistive pulse heating - millisecond,"origin: commercial source,99.9 weight % (total),stated by supplier,rod",99.9,Weight %,1970
2600.0,34.97,0.91,None kPa,N/A,19075,['C'],A,Resistive pulse heating - millisecond,"origin: commercial source,99.9 weight % (total),stated by supplier,rod",99.9,Weight %,1970
2600.0,35.0,0.91,None kPa,N/A,19075,['C'],A,Resistive pulse heating - millisecond,"origin: commercial source,99.9 weight % (total),stated by supplier,rod",99.9,Weight %,1970
2600.0,35.0,0.91,None kPa,N/A,19075,['C'],A,Resistive pulse heating - millisecond,"origin: commercial source,99.9 weight % (total),stated by supplier,rod",99.9,Weight %,1970
2650.0,35.41,0.94,None kPa,N/A,19075,['C'],A,Resistive pulse heating - millisecond,"origin: commercial source,99.9 weight % (total),stated by supplier,rod",99.9,Weight %,1970
2650.0,35.42,0.94,None kPa,N/A,19075,['C'],A,Resistive pulse heating - millisecond,"origin: commercial source,99.9 weight % (total),stated by supplier,rod",99.9,Weight %,1970
2650.0,35.42,0.94,None kPa,N/A,19075,['C'],A,Resistive pulse heating - millisecond,"origin: commercial source,99.9 weight % (total),stated by supplier,rod",99.9,Weight %,1970
2700.0,35.87,0.97,None kPa,N/A,19075,['C'],A,Resistive pulse heating - millisecond,"origin: commercial source,99.9 weight % (total),stated by supplier,rod",99.9,Weight %,1970
2700.0,35.86,0.97,None kPa,N/A,19075,['C'],A,Resistive pulse heating - millisecond,"origin: commercial source,99.9 weight % (total),stated by supplier,rod",99.9,Weight %,1970
2750.0,36.37,1.0,None kPa,N/A,19075,['C'],A,Resistive pulse heating - millisecond,"origin: commercial source,99.9 weight % (total),stated by supplier,rod",99.9,Weight %,1970
2750.0,36.34,1.0,None kPa,N/A,19075,['C'],A,Resistive pulse heating - millisecond,"origin: commercial source,99.9 weight % (total),stated by supplier,rod",99.9,Weight %,1970
2800.0,36.9,1.03,None kPa,N/A,19075,['C'],A,Resistive pulse heating - millisecond,"origin: commercial source,99.9 weight % (total),stated by supplier,rod",99.9,Weight %,1970
2800.0,36.87,1.03,None kPa,N/A,19075,['C'],A,Resistive pulse heating - millisecond,"origin: commercial source,99.9 weight % (total),stated by supplier,rod",99.9,Weight %,1970
2850.0,37.46,1.07,None kPa,N/A,19075,['C'],A,Resistive pulse heating - millisecond,"origin: commercial source,99.9 weight % (total),stated by supplier,rod",99.9,Weight %,1970
2850.0,37.48,1.07,None kPa,N/A,19075,['C'],A,Resistive pulse heating - millisecond,"origin: commercial source,99.9 weight % (total),stated by supplier,rod",99.9,Weight %,1970
2850.0,37.45,1.07,None kPa,N/A,19075,['C'],A,Resistive pulse heating - millisecond,"origin: commercial source,99.9 weight % (total),stated by supplier,rod",99.9,Weight %,1970
2900.0,38.11,1.11,None kPa,N/A,19075,['C'],A,Resistive pulse heating - millisecond,"origin: commercial source,99.9 weight % (total),stated by supplier,rod",99.9,Weight %,1970
2900.0,38.1,1.1,None kPa,N/A,19075,['C'],A,Resistive pulse heating - millisecond,"origin: commercial source,99.9 weight % (total),stated by supplier,rod",99.9,Weight %,1970
2950.0,38.85,1.15,None kPa,N/A,19075,['C'],A,Resistive pulse heating - millisecond,"origin: commercial source,99.9 weight % (total),stated by supplier,rod",99.9,Weight %,1970
2950.0,38.81,1.14,None kPa,N/A,19075,['C'],A,Resistive pulse heating - millisecond,"origin: commercial source,99.9 weight % (total),stated by supplier,rod",99.9,Weight %,1970
2950.0,38.83,1.15,None kPa,N/A,19075,['C'],A,Resistive pulse heating - millisecond,"origin: commercial source,99.9 weight % (total),stated by supplier,rod",99.9,Weight %,1970
3000.0,39.57,1.19,None kPa,N/A,19075,['C'],A,Resistive pulse heating - millisecond,"origin: commercial source,99.9 weight % (total),stated by supplier,rod",99.9,Weight %,1970
3000.0,39.7,1.19,None kPa,N/A,19075,['C'],A,Resistive pulse heating - millisecond,"origin: commercial source,99.9 weight % (total),stated by supplier,rod",99.9,Weight %,1970
3000.0,39.66,1.19,None kPa,N/A,19075,['C'],A,Resistive pulse heating - millisecond,"origin: commercial source,99.9 weight % (total),stated by supplier,rod",99.9,Weight %,1970
1100.0,27.9073,2.79073,None kPa,N/A,21038,['C'],A,Modulated Laser Heating,"not stated,99.8 % (total),,rod",99.8,Not Specified %,1973
1200.0,28.242,2.8242,None kPa,N/A,21038,['C'],A,Modulated Laser Heating,"not stated,99.8 % (total),,rod",99.8,Not Specified %,1973
1300.0,28.5349,2.85349,None kPa,N/A,21038,['C'],A,Modulated Laser Heating,"not stated,99.8 % (total),,rod",99.8,Not Specified %,1973
1400.0,28.8696,2.88696,None kPa,N/A,21038,['C'],A,Modulated Laser Heating,"not stated,99.8 % (total),,rod",99.8,Not Specified %,1973
1500.0,29.2043,2.92043,None kPa,N/A,21038,['C'],A,Modulated Laser Heating,"not stated,99.8 % (total),,rod",99.8,Not Specified %,1973
1600.0,29.539,2.9539,None kPa,N/A,21038,['C'],A,Modulated Laser Heating,"not stated,99.8 % (total),,rod",99.8,Not Specified %,1973
1700.0,29.8738,2.98738,None kPa,N/A,21038,['C'],A,Modulated Laser Heating,"not stated,99.8 % (total),,rod",99.8,Not Specified %,1973
1800.0,30.2085,3.02085,None kPa,N/A,21038,['C'],A,Modulated Laser Heating,"not stated,99.8 % (total),,rod",99.8,Not Specified %,1973
1900.0,30.5432,3.05432,None kPa,N/A,21038,['C'],A,Modulated Laser Heating,"not stated,99.8 % (total),,rod",99.8,Not Specified %,1973
2000.0,30.8361,3.08361,None kPa,N/A,21038,['C'],A,Modulated Laser Heating,"not stated,99.8 % (total),,rod",99.8,Not Specified %,1973
2100.0,31.1708,3.11708,None kPa,N/A,21038,['C'],A,Modulated Laser Heating,"not stated,99.8 % (total),,rod",99.8,Not Specified %,1973
2200.0,31.5055,3.15055,None kPa,N/A,21038,['C'],A,Modulated Laser Heating,"not stated,99.8 % (total),,rod",99.8,Not Specified %,1973
2300.0,31.8402,3.18402,None kPa,N/A,21038,['C'],A,Modulated Laser Heating,"not stated,99.8 % (total),,rod",99.8,Not Specified %,1973
2400.0,32.175,3.2175,None kPa,N/A,21038,['C'],A,Modulated Laser Heating,"not stated,99.8 % (total),,rod",99.8,Not Specified %,1973
1500.0,29.4972,,None kPa,N/A,21039,['C'],A,Modulated Laser Heating,"not stated,99.9 weight % (total),,wire",99.9,Weight %,1973
1600.0,29.8319,,None kPa,N/A,21039,['C'],A,Modulated Laser Heating,"not stated,99.9 weight % (total),,wire",99.9,Weight %,1973
1700.0,30.2503,,None kPa,N/A,21039,['C'],A,Modulated Laser Heating,"not stated,99.9 weight % (total),,wire",99.9,Weight %,1973
1800.0,30.585,,None kPa,N/A,21039,['C'],A,Modulated Laser Heating,"not stated,99.9 weight % (total),,wire",99.9,Weight %,1973
1900.0,30.9198,,None kPa,N/A,21039,['C'],A,Modulated Laser Heating,"not stated,99.9 weight % (total),,wire",99.9,Weight %,1973
2000.0,31.3382,,None kPa,N/A,21039,['C'],A,Modulated Laser Heating,"not stated,99.9 weight % (total),,wire",99.9,Weight %,1973
2100.0,31.6729,,None kPa,N/A,21039,['C'],A,Modulated Laser Heating,"not stated,99.9 weight % (total),,wire",99.9,Weight %,1973
2200.0,32.0494,,None kPa,N/A,21039,['C'],A,Modulated Laser Heating,"not stated,99.9 weight % (total),,wire",99.9,Weight %,1973
2300.0,32.426,,None kPa,N/A,21039,['C'],A,Modulated Laser Heating,"not stated,99.9 weight % (total),,wire",99.9,Weight %,1973
2400.0,32.7607,,None kPa,N/A,21039,['C'],A,Modulated Laser Heating,"not stated,99.9 weight % (total),,wire",99.9,Weight %,1973
2500.0,33.1373,,None kPa,N/A,21039,['C'],A,Modulated Laser Heating,"not stated,99.9 weight % (total),,wire",99.9,Weight %,1973
2600.0,33.5138,,None kPa,N/A,21039,['C'],A,Modulated Laser Heating,"not stated,99.9 weight % (total),,wire",99.9,Weight %,1973
2700.0,33.8486,,None kPa,N/A,21039,['C'],A,Modulated Laser Heating,"not stated,99.9 weight % (total),,wire",99.9,Weight %,1973
2800.0,34.1833,,None kPa,N/A,21039,['C'],A,Modulated Laser Heating,"not stated,99.9 weight % (total),,wire",99.9,Weight %,1973
2900.0,34.518,,None kPa,N/A,21039,['C'],A,Modulated Laser Heating,"not stated,99.9 weight % (total),,wire",99.9,Weight %,1973
600.0,22.5936,1.12968,None kPa,N/A,16679,['C'],A,Resistive pulse heating - millisecond,not stated,,,1967
700.0,22.7191,1.13596,None kPa,N/A,16679,['C'],A,Resistive pulse heating - millisecond,not stated,,,1967
800.0,22.8028,1.14014,None kPa,N/A,16679,['C'],A,Resistive pulse heating - millisecond,not stated,,,1967
900.0,23.012,1.1506,None kPa,N/A,16679,['C'],A,Resistive pulse heating - millisecond,not stated,,,1967
1000.0,24.2672,1.21336,None kPa,N/A,16679,['C'],A,Resistive pulse heating - millisecond,not stated,,,1967
1100.0,25.104,1.2552,None kPa,N/A,16679,['C'],A,Resistive pulse heating - millisecond,not stated,,,1967
1200.0,25.1458,1.25729,None kPa,N/A,16679,['C'],A,Resistive pulse heating - millisecond,not stated,,,1967
1300.0,25.7316,1.28658,None kPa,N/A,16679,['C'],A,Resistive pulse heating - millisecond,not stated,,,1967
1400.0,26.4429,1.32214,None kPa,N/A,16679,['C'],A,Resistive pulse heating - millisecond,not stated,,,1967
1500.0,26.3592,1.31796,None kPa,N/A,16679,['C'],A,Resistive pulse heating - millisecond,not stated,,,1967
1600.0,27.196,1.3598,None kPa,N/A,16679,['C'],A,Resistive pulse heating - millisecond,not stated,,,1967
1700.0,28.0328,1.40164,None kPa,N/A,16679,['C'],A,Resistive pulse heating - millisecond,not stated,,,1967
1800.0,28.8696,1.44348,None kPa,N/A,16679,['C'],A,Resistive pulse heating - millisecond,not stated,,,1967
1900.0,29.4972,1.47486,None kPa,N/A,16679,['C'],A,Resistive pulse heating - millisecond,not stated,,,1967
2000.0,30.1248,1.50624,None kPa,N/A,16679,['C'],A,Resistive pulse heating - millisecond,not stated,,,1967
2100.0,30.9616,1.54808,None kPa,N/A,16679,['C'],A,Resistive pulse heating - millisecond,not stated,,,1967
2200.0,31.7984,1.58992,None kPa,N/A,16679,['C'],A,Resistive pulse heating - millisecond,not stated,,,1967
2300.0,31.7984,1.58992,None kPa,N/A,16679,['C'],A,Resistive pulse heating - millisecond,not stated,,,1967
2400.0,33.472,1.6736,None kPa,N/A,16679,['C'],A,Resistive pulse heating - millisecond,not stated,,,1967
2500.0,33.8904,1.69452,None kPa,N/A,16679,['C'],A,Resistive pulse heating - millisecond,not stated,,,1967
2600.0,34.7272,1.73636,None kPa,N/A,16679,['C'],A,Resistive pulse heating - millisecond,not stated,,,1967
2700.0,35.564,1.7782,None kPa,N/A,16679,['C'],A,Resistive pulse heating - millisecond,not stated,,,1967
2800.0,36.8192,1.84096,None kPa,N/A,16679,['C'],A,Resistive pulse heating - millisecond,not stated,,,1967
2900.0,37.656,1.8828,None kPa,N/A,16679,['C'],A,Resistive pulse heating - millisecond,not stated,,,1967
3000.0,38.4928,1.92464,None kPa,N/A,16679,['C'],A,Resistive pulse heating - millisecond,not stated,,,1967
3100.0,41.84,2.092,None kPa,N/A,16679,['C'],A,Resistive pulse heating - millisecond,not stated,,,1967
2.0,0.01268,0.00014,None kPa,N/A,19192,['C'],A,Vacuum adiabatic calorimetry,"origin: commercial source,99.9 weight % (total),stated by supplier",99.9,Weight %,1970
2.75,0.01864,0.00019,None kPa,N/A,19192,['C'],A,Vacuum adiabatic calorimetry,"origin: commercial source,99.9 weight % (total),stated by supplier",99.9,Weight %,1970
3.5,0.02575,0.00023,None kPa,N/A,19192,['C'],A,Vacuum adiabatic calorimetry,"origin: commercial source,99.9 weight % (total),stated by supplier",99.9,Weight %,1970
4.25,0.0343,0.00028,None kPa,N/A,19192,['C'],A,Vacuum adiabatic calorimetry,"origin: commercial source,99.9 weight % (total),stated by supplier",99.9,Weight %,1970
5.0,0.04462,0.00034,None kPa,N/A,19192,['C'],A,Vacuum adiabatic calorimetry,"origin: commercial source,99.9 weight % (total),stated by supplier",99.9,Weight %,1970
5.75,0.05701,0.00039,None kPa,N/A,19192,['C'],A,Vacuum adiabatic calorimetry,"origin: commercial source,99.9 weight % (total),stated by supplier",99.9,Weight %,1970
6.5,0.07179,0.00045,None kPa,N/A,19192,['C'],A,Vacuum adiabatic calorimetry,"origin: commercial source,99.9 weight % (total),stated by supplier",99.9,Weight %,1970
7.25,0.08926,0.0005,None kPa,N/A,19192,['C'],A,Vacuum adiabatic calorimetry,"origin: commercial source,99.9 weight % (total),stated by supplier",99.9,Weight %,1970
8.0,0.10974,0.00056,None kPa,N/A,19192,['C'],A,Vacuum adiabatic calorimetry,"origin: commercial source,99.9 weight % (total),stated by supplier",99.9,Weight %,1970
8.75,0.13354,0.00063,None kPa,N/A,19192,['C'],A,Vacuum adiabatic calorimetry,"origin: commercial source,99.9 weight % (total),stated by supplier",99.9,Weight %,1970
9.5,0.16098,0.0007,None kPa,N/A,19192,['C'],A,Vacuum adiabatic calorimetry,"origin: commercial source,99.9 weight % (total),stated by supplier",99.9,Weight %,1970
10.25,0.19235,0.00077,None kPa,N/A,19192,['C'],A,Vacuum adiabatic calorimetry,"origin: commercial source,99.9 weight % (total),stated by supplier",99.9,Weight %,1970
11.0,0.22798,0.00084,None kPa,N/A,19192,['C'],A,Vacuum adiabatic calorimetry,"origin: commercial source,99.9 weight % (total),stated by supplier",99.9,Weight %,1970
11.75,0.26817,0.00092,None kPa,N/A,19192,['C'],A,Vacuum adiabatic calorimetry,"origin: commercial source,99.9 weight % (total),stated by supplier",99.9,Weight %,1970
12.5,0.31323,0.001,None kPa,N/A,19192,['C'],A,Vacuum adiabatic calorimetry,"origin: commercial source,99.9 weight % (total),stated by supplier",99.9,Weight %,1970
13.25,0.36348,0.00108,None kPa,N/A,19192,['C'],A,Vacuum adiabatic calorimetry,"origin: commercial source,99.9 weight % (total),stated by supplier",99.9,Weight %,1970
14.0,0.41923,0.00117,None kPa,N/A,19192,['C'],A,Vacuum adiabatic calorimetry,"origin: commercial source,99.9 weight % (total),stated by supplier",99.9,Weight %,1970
14.75,0.48079,0.00127,None kPa,N/A,19192,['C'],A,Vacuum adiabatic calorimetry,"origin: commercial source,99.9 weight % (total),stated by supplier",99.9,Weight %,1970
15.0,0.50266,0.0013,None kPa,N/A,19192,['C'],A,Vacuum adiabatic calorimetry,"origin: commercial source,99.9 weight % (total),stated by supplier",99.9,Weight %,1970
1100.0,27.9073,2.79073,None kPa,N/A,21038,['C'],A,Modulated Laser Heating,"not stated,99.8 % (total),,rod",99.8,Not Specified %,1973
1200.0,28.242,2.8242,None kPa,N/A,21038,['C'],A,Modulated Laser Heating,"not stated,99.8 % (total),,rod",99.8,Not Specified %,1973
1300.0,28.5349,2.85349,None kPa,N/A,21038,['C'],A,Modulated Laser Heating,"not stated,99.8 % (total),,rod",99.8,Not Specified %,1973
1400.0,28.8696,2.88696,None kPa,N/A,21038,['C'],A,Modulated Laser Heating,"not stated,99.8 % (total),,rod",99.8,Not Specified %,1973
1500.0,29.2043,2.92043,None kPa,N/A,21038,['C'],A,Modulated Laser Heating,"not stated,99.8 % (total),,rod",99.8,Not Specified %,1973
1600.0,29.539,2.9539,None kPa,N/A,21038,['C'],A,Modulated Laser Heating,"not stated,99.8 % (total),,rod",99.8,Not Specified %,1973
1700.0,29.8738,2.98738,None kPa,N/A,21038,['C'],A,Modulated Laser Heating,"not stated,99.8 % (total),,rod",99.8,Not Specified %,1973
1800.0,30.2085,3.02085,None kPa,N/A,21038,['C'],A,Modulated Laser Heating,"not stated,99.8 % (total),,rod",99.8,Not Specified %,1973
1900.0,30.5432,3.05432,None kPa,N/A,21038,['C'],A,Modulated Laser Heating,"not stated,99.8 % (total),,rod",99.8,Not Specified %,1973
2000.0,30.8361,3.08361,None kPa,N/A,21038,['C'],A,Modulated Laser Heating,"not stated,99.8 % (total),,rod",99.8,Not Specified %,1973
2100.0,31.1708,3.11708,None kPa,N/A,21038,['C'],A,Modulated Laser Heating,"not stated,99.8 % (total),,rod",99.8,Not Specified %,1973
2200.0,31.5055,3.15055,None kPa,N/A,21038,['C'],A,Modulated Laser Heating,"not stated,99.8 % (total),,rod",99.8,Not Specified %,1973
2300.0,31.8402,3.18402,None kPa,N/A,21038,['C'],A,Modulated Laser Heating,"not stated,99.8 % (total),,rod",99.8,Not Specified %,1973
2400.0,32.175,3.2175,None kPa,N/A,21038,['C'],A,Modulated Laser Heating,"not stated,99.8 % (total),,rod",99.8,Not Specified %,1973
1500.0,29.4972,,None kPa,N/A,21039,['C'],A,Modulated Laser Heating,"not stated,99.9 weight % (total),,wire",99.9,Weight %,1973
1600.0,29.8319,,None kPa,N/A,21039,['C'],A,Modulated Laser Heating,"not stated,99.9 weight % (total),,wire",99.9,Weight %,1973
1700.0,30.2503,,None kPa,N/A,21039,['C'],A,Modulated Laser Heating,"not stated,99.9 weight % (total),,wire",99.9,Weight %,1973
1800.0,30.585,,None kPa,N/A,21039,['C'],A,Modulated Laser Heating,"not stated,99.9 weight % (total),,wire",99.9,Weight %,1973
1900.0,30.9198,,None kPa,N/A,21039,['C'],A,Modulated Laser Heating,"not stated,99.9 weight % (total),,wire",99.9,Weight %,1973
2000.0,31.3382,,None kPa,N/A,21039,['C'],A,Modulated Laser Heating,"not stated,99.9 weight % (total),,wire",99.9,Weight %,1973
2100.0,31.6729,,None kPa,N/A,21039,['C'],A,Modulated Laser Heating,"not stated,99.9 weight % (total),,wire",99.9,Weight %,1973
2200.0,32.0494,,None kPa,N/A,21039,['C'],A,Modulated Laser Heating,"not stated,99.9 weight % (total),,wire",99.9,Weight %,1973
2300.0,32.426,,None kPa,N/A,21039,['C'],A,Modulated Laser Heating,"not stated,99.9 weight % (total),,wire",99.9,Weight %,1973
2400.0,32.7607,,None kPa,N/A,21039,['C'],A,Modulated Laser Heating,"not stated,99.9 weight % (total),,wire",99.9,Weight %,1973
2500.0,33.1373,,None kPa,N/A,21039,['C'],A,Modulated Laser Heating,"not stated,99.9 weight % (total),,wire",99.9,Weight %,1973
2600.0,33.5138,,None kPa,N/A,21039,['C'],A,Modulated Laser Heating,"not stated,99.9 weight % (total),,wire",99.9,Weight %,1973
2700.0,33.8486,,None kPa,N/A,21039,['C'],A,Modulated Laser Heating,"not stated,99.9 weight % (total),,wire",99.9,Weight %,1973
2800.0,34.1833,,None kPa,N/A,21039,['C'],A,Modulated Laser Heating,"not stated,99.9 weight % (total),,wire",99.9,Weight %,1973
2900.0,34.518,,None kPa,N/A,21039,['C'],A,Modulated Laser Heating,"not stated,99.9 weight % (total),,wire",99.9,Weight %,1973
1200.0,27.8,1.946,None kPa,N/A,21172,['C'],A,modulation method,not stated,,,1973
1300.0,28.05,1.9635,None kPa,N/A,21172,['C'],A,modulation method,not stated,,,1973
1400.0,28.35,1.9845,None kPa,N/A,21172,['C'],A,modulation method,not stated,,,1973
1500.0,28.65,2.0055,None kPa,N/A,21172,['C'],A,modulation method,not stated,,,1973
1600.0,28.9,2.023,None kPa,N/A,21172,['C'],A,modulation method,not stated,,,1973
1700.0,29.15,2.0405,None kPa,N/A,21172,['C'],A,modulation method,not stated,,,1973
1800.0,29.45,2.0615,None kPa,N/A,21172,['C'],A,modulation method,not stated,,,1973
1900.0,29.75,2.0825,None kPa,N/A,21172,['C'],A,modulation method,not stated,,,1973
2000.0,30.1,2.107,None kPa,N/A,21172,['C'],A,modulation method,not stated,,,1973
2100.0,30.4,2.128,None kPa,N/A,21172,['C'],A,modulation method,not stated,,,1973
2200.0,30.75,2.1525,None kPa,N/A,21172,['C'],A,modulation method,not stated,,,1973
2300.0,31.1,2.177,None kPa,N/A,21172,['C'],A,modulation method,not stated,,,1973
2400.0,31.5,2.205,None kPa,N/A,21172,['C'],A,modulation method,not stated,,,1973
2500.0,31.95,2.2365,None kPa,N/A,21172,['C'],A,modulation method,not stated,,,1973
2600.0,32.5,2.275,None kPa,N/A,21172,['C'],A,modulation method,not stated,,,1973
2700.0,33.15,2.3205,None kPa,N/A,21172,['C'],A,modulation method,not stated,,,1973
2800.0,33.95,2.3765,None kPa,N/A,21172,['C'],A,modulation method,not stated,,,1973
2900.0,34.95,2.4465,None kPa,N/A,21172,['C'],A,modulation method,not stated,,,1973
2300.0,32.0,2.56,None kPa,N/A,22879,['C'],A,Resistive pulse heating - microsecond,not stated,,,1977
2400.0,32.7,2.616,None kPa,N/A,22879,['C'],A,Resistive pulse heating - microsecond,not stated,,,1977
2500.0,33.6,2.688,None kPa,N/A,22879,['C'],A,Resistive pulse heating - microsecond,not stated,,,1977
2600.0,34.4,2.752,None kPa,N/A,22879,['C'],A,Resistive pulse heating - microsecond,not stated,,,1977
2700.0,35.3,2.824,None kPa,N/A,22879,['C'],A,Resistive pulse heating - microsecond,not stated,,,1977
2800.0,36.2,2.896,None kPa,N/A,22879,['C'],A,Resistive pulse heating - microsecond,not stated,,,1977
2900.0,37.3,2.984,None kPa,N/A,22879,['C'],A,Resistive pulse heating - microsecond,not stated,,,1977
3000.0,40.1,3.208,None kPa,N/A,22879,['C'],A,Resistive pulse heating - microsecond,not stated,,,1977
3100.0,47.5,3.8,None kPa,N/A,22879,['C'],A,Resistive pulse heating - microsecond,not stated,,,1977
3200.0,69.0,5.52,None kPa,N/A,22879,['C'],A,Resistive pulse heating - microsecond,not stated,,,1977
4.12,0.07102,0.0021306,None kPa,N/A,22932,['C'],A,Low temperature calorimetry set up,origin: commercial source,,,1977
4.26,0.07557,0.0022671,None kPa,N/A,22932,['C'],A,Low temperature calorimetry set up,origin: commercial source,,,1977
80.0,17.97,0.36,None kPa,N/A,23731,['C'],A,Laser flash calorimetry,not stated,,,1980
84.0,18.54,0.37,None kPa,N/A,23731,['C'],A,Laser flash calorimetry,not stated,,,1980
88.0,18.56,0.37,None kPa,N/A,23731,['C'],A,Laser flash calorimetry,not stated,,,1980
92.0,19.02,0.38,None kPa,N/A,23731,['C'],A,Laser flash calorimetry,not stated,,,1980
93.0,19.27,0.39,None kPa,N/A,23731,['C'],A,Laser flash calorimetry,not stated,,,1980
95.0,19.53,0.39,None kPa,N/A,23731,['C'],A,Laser flash calorimetry,not stated,,,1980
96.0,19.68,0.39,None kPa,N/A,23731,['C'],A,Laser flash calorimetry,not stated,,,1980
100.0,19.97,0.4,None kPa,N/A,23731,['C'],A,Laser flash calorimetry,not stated,,,1980
101.0,20.2,0.4,None kPa,N/A,23731,['C'],A,Laser flash calorimetry,not stated,,,1980
105.0,20.29,0.41,None kPa,N/A,23731,['C'],A,Laser flash calorimetry,not stated,,,1980
107.0,20.9,0.42,None kPa,N/A,23731,['C'],A,Laser flash calorimetry,not stated,,,1980
108.0,20.71,0.41,None kPa,N/A,23731,['C'],A,Laser flash calorimetry,not stated,,,1980
108.0,20.83,0.42,None kPa,N/A,23731,['C'],A,Laser flash calorimetry,not stated,,,1980
111.0,21.05,0.42,None kPa,N/A,23731,['C'],A,Laser flash calorimetry,not stated,,,1980
116.0,21.19,0.42,None kPa,N/A,23731,['C'],A,Laser flash calorimetry,not stated,,,1980
118.0,21.31,0.43,None kPa,N/A,23731,['C'],A,Laser flash calorimetry,not stated,,,1980
119.0,21.41,0.43,None kPa,N/A,23731,['C'],A,Laser flash calorimetry,not stated,,,1980
120.0,21.51,0.43,None kPa,N/A,23731,['C'],A,Laser flash calorimetry,not stated,,,1980
120.0,21.63,0.43,None kPa,N/A,23731,['C'],A,Laser flash calorimetry,not stated,,,1980
122.0,21.74,0.43,None kPa,N/A,23731,['C'],A,Laser flash calorimetry,not stated,,,1980
126.0,21.89,0.44,None kPa,N/A,23731,['C'],A,Laser flash calorimetry,not stated,,,1980
128.0,22.05,0.44,None kPa,N/A,23731,['C'],A,Laser flash calorimetry,not stated,,,1980
129.0,22.17,0.44,None kPa,N/A,23731,['C'],A,Laser flash calorimetry,not stated,,,1980
129.0,21.8,0.44,None kPa,N/A,23731,['C'],A,Laser flash calorimetry,not stated,,,1980
132.0,22.29,0.45,None kPa,N/A,23731,['C'],A,Laser flash calorimetry,not stated,,,1980
134.0,22.43,0.45,None kPa,N/A,23731,['C'],A,Laser flash calorimetry,not stated,,,1980
136.0,22.2,0.44,None kPa,N/A,23731,['C'],A,Laser flash calorimetry,not stated,,,1980
137.0,22.5,0.45,None kPa,N/A,23731,['C'],A,Laser flash calorimetry,not stated,,,1980
142.0,22.6,0.45,None kPa,N/A,23731,['C'],A,Laser flash calorimetry,not stated,,,1980
145.0,22.69,0.45,None kPa,N/A,23731,['C'],A,Laser flash calorimetry,not stated,,,1980
154.0,23.08,0.46,None kPa,N/A,23731,['C'],A,Laser flash calorimetry,not stated,,,1980
160.0,23.18,0.46,None kPa,N/A,23731,['C'],A,Laser flash calorimetry,not stated,,,1980
169.0,23.53,0.47,None kPa,N/A,23731,['C'],A,Laser flash calorimetry,not stated,,,1980
172.0,23.6,0.47,None kPa,N/A,23731,['C'],A,Laser flash calorimetry,not stated,,,1980
175.0,23.7,0.47,None kPa,N/A,23731,['C'],A,Laser flash calorimetry,not stated,,,1980
177.0,23.78,0.48,None kPa,N/A,23731,['C'],A,Laser flash calorimetry,not stated,,,1980
180.0,23.86,0.48,None kPa,N/A,23731,['C'],A,Laser flash calorimetry,not stated,,,1980
189.0,24.05,0.48,None kPa,N/A,23731,['C'],A,Laser flash calorimetry,not stated,,,1980
197.0,24.17,0.48,None kPa,N/A,23731,['C'],A,Laser flash calorimetry,not stated,,,1980
201.0,24.24,0.48,None kPa,N/A,23731,['C'],A,Laser flash calorimetry,not stated,,,1980
205.0,24.21,0.48,None kPa,N/A,23731,['C'],A,Laser flash calorimetry,not stated,,,1980
209.0,24.28,0.49,None kPa,N/A,23731,['C'],A,Laser flash calorimetry,not stated,,,1980
211.0,24.43,0.49,None kPa,N/A,23731,['C'],A,Laser flash calorimetry,not stated,,,1980
215.0,24.38,0.49,None kPa,N/A,23731,['C'],A,Laser flash calorimetry,not stated,,,1980
219.0,24.55,0.49,None kPa,N/A,23731,['C'],A,Laser flash calorimetry,not stated,,,1980
222.0,24.46,0.49,None kPa,N/A,23731,['C'],A,Laser flash calorimetry,not stated,,,1980
229.0,24.56,0.49,None kPa,N/A,23731,['C'],A,Laser flash calorimetry,not stated,,,1980
238.0,24.67,0.49,None kPa,N/A,23731,['C'],A,Laser flash calorimetry,not stated,,,1980
246.0,24.84,0.5,None kPa,N/A,23731,['C'],A,Laser flash calorimetry,not stated,,,1980
252.0,24.85,0.5,None kPa,N/A,23731,['C'],A,Laser flash calorimetry,not stated,,,1980
256.0,24.9,0.5,None kPa,N/A,23731,['C'],A,Laser flash calorimetry,not stated,,,1980
265.0,25.04,0.5,None kPa,N/A,23731,['C'],A,Laser flash calorimetry,not stated,,,1980
270.0,25.01,0.5,None kPa,N/A,23731,['C'],A,Laser flash calorimetry,not stated,,,1980
273.0,25.07,0.5,None kPa,N/A,23731,['C'],A,Laser flash calorimetry,not stated,,,1980
280.0,25.13,0.5,None kPa,N/A,23731,['C'],A,Laser flash calorimetry,not stated,,,1980
288.0,25.07,0.5,None kPa,N/A,23731,['C'],A,Laser flash calorimetry,not stated,,,1980
290.0,25.14,0.5,None kPa,N/A,23731,['C'],A,Laser flash calorimetry,not stated,,,1980
294.0,25.08,0.5,None kPa,N/A,23731,['C'],A,Laser flash calorimetry,not stated,,,1980
297.0,25.16,0.5,None kPa,N/A,23731,['C'],A,Laser flash calorimetry,not stated,,,1980
302.0,25.11,0.5,None kPa,N/A,23731,['C'],A,Laser flash calorimetry,not stated,,,1980
303.0,25.24,0.5,None kPa,N/A,23731,['C'],A,Laser flash calorimetry,not stated,,,1980
309.0,25.15,0.5,None kPa,N/A,23731,['C'],A,Laser flash calorimetry,not stated,,,1980
309.0,25.25,0.5,None kPa,N/A,23731,['C'],A,Laser flash calorimetry,not stated,,,1980
326.0,25.35,0.51,None kPa,N/A,23731,['C'],A,Laser flash calorimetry,not stated,,,1980
506.0,26.4,0.53,None kPa,N/A,23731,['C'],A,Laser flash calorimetry,not stated,,,1980
541.0,26.66,0.53,None kPa,N/A,23731,['C'],A,Laser flash calorimetry,not stated,,,1980
553.0,26.69,0.53,None kPa,N/A,23731,['C'],A,Laser flash calorimetry,not stated,,,1980
556.0,26.6,0.53,None kPa,N/A,23731,['C'],A,Laser flash calorimetry,not stated,,,1980
569.0,26.61,0.53,None kPa,N/A,23731,['C'],A,Laser flash calorimetry,not stated,,,1980
570.0,26.8,0.54,None kPa,N/A,23731,['C'],A,Laser flash calorimetry,not stated,,,1980
585.0,26.82,0.54,None kPa,N/A,23731,['C'],A,Laser flash calorimetry,not stated,,,1980
596.0,26.77,0.54,None kPa,N/A,23731,['C'],A,Laser flash calorimetry,not stated,,,1980
607.0,26.93,0.55,None kPa,N/A,23731,['C'],A,Laser flash calorimetry,not stated,,,1980
615.0,26.76,0.57,None kPa,N/A,23731,['C'],A,Laser flash calorimetry,not stated,,,1980
631.0,26.89,0.6,None kPa,N/A,23731,['C'],A,Laser flash calorimetry,not stated,,,1980
635.0,27.04,0.61,None kPa,N/A,23731,['C'],A,Laser flash calorimetry,not stated,,,1980
646.0,26.98,0.63,None kPa,N/A,23731,['C'],A,Laser flash calorimetry,not stated,,,1980
655.0,27.07,0.65,None kPa,N/A,23731,['C'],A,Laser flash calorimetry,not stated,,,1980
706.0,27.24,0.76,None kPa,N/A,23731,['C'],A,Laser flash calorimetry,not stated,,,1980
763.0,27.33,0.88,None kPa,N/A,23731,['C'],A,Laser flash calorimetry,not stated,,,1980
793.0,27.52,0.95,None kPa,N/A,23731,['C'],A,Laser flash calorimetry,not stated,,,1980
857.0,27.81,1.09,None kPa,N/A,23731,['C'],A,Laser flash calorimetry,not stated,,,1980
881.0,27.99,1.15,None kPa,N/A,23731,['C'],A,Laser flash calorimetry,not stated,,,1980
913.0,28.12,1.22,None kPa,N/A,23731,['C'],A,Laser flash calorimetry,not stated,,,1980
968.0,28.39,1.35,None kPa,N/A,23731,['C'],A,Laser flash calorimetry,not stated,,,1980
298.15,25.18,0.5036,None kPa,N/A,23732,['C'],A,Laser flash calorimetry,not stated,,,1980
82.48,17.96,0.09,None kPa,N/A,26588,['C'],A,Laser pulse heating,"origin: commercial source,99.9 % (total),stated by supplier,plate",99.9,Not Specified %,1996
86.55,18.54,0.09,None kPa,N/A,26588,['C'],A,Laser pulse heating,"origin: commercial source,99.9 % (total),stated by supplier,plate",99.9,Not Specified %,1996
89.03,18.56,0.09,None kPa,N/A,26588,['C'],A,Laser pulse heating,"origin: commercial source,99.9 % (total),stated by supplier,plate",99.9,Not Specified %,1996
91.57,19.0,0.1,None kPa,N/A,26588,['C'],A,Laser pulse heating,"origin: commercial source,99.9 % (total),stated by supplier,plate",99.9,Not Specified %,1996
94.03,19.26,0.1,None kPa,N/A,26588,['C'],A,Laser pulse heating,"origin: commercial source,99.9 % (total),stated by supplier,plate",99.9,Not Specified %,1996
96.45,19.51,0.1,None kPa,N/A,26588,['C'],A,Laser pulse heating,"origin: commercial source,99.9 % (total),stated by supplier,plate",99.9,Not Specified %,1996
98.71,19.69,0.1,None kPa,N/A,26588,['C'],A,Laser pulse heating,"origin: commercial source,99.9 % (total),stated by supplier,plate",99.9,Not Specified %,1996
100.95,19.94,0.1,None kPa,N/A,26588,['C'],A,Laser pulse heating,"origin: commercial source,99.9 % (total),stated by supplier,plate",99.9,Not Specified %,1996
103.55,20.19,0.1,None kPa,N/A,26588,['C'],A,Laser pulse heating,"origin: commercial source,99.9 % (total),stated by supplier,plate",99.9,Not Specified %,1996
105.63,20.29,0.1,None kPa,N/A,26588,['C'],A,Laser pulse heating,"origin: commercial source,99.9 % (total),stated by supplier,plate",99.9,Not Specified %,1996
107.66,20.71,0.1,None kPa,N/A,26588,['C'],A,Laser pulse heating,"origin: commercial source,99.9 % (total),stated by supplier,plate",99.9,Not Specified %,1996
109.63,20.8,0.1,None kPa,N/A,26588,['C'],A,Laser pulse heating,"origin: commercial source,99.9 % (total),stated by supplier,plate",99.9,Not Specified %,1996
111.51,21.05,0.11,None kPa,N/A,26588,['C'],A,Laser pulse heating,"origin: commercial source,99.9 % (total),stated by supplier,plate",99.9,Not Specified %,1996
113.36,20.94,0.1,None kPa,N/A,26588,['C'],A,Laser pulse heating,"origin: commercial source,99.9 % (total),stated by supplier,plate",99.9,Not Specified %,1996
115.16,21.19,0.11,None kPa,N/A,26588,['C'],A,Laser pulse heating,"origin: commercial source,99.9 % (total),stated by supplier,plate",99.9,Not Specified %,1996
116.92,21.35,0.11,None kPa,N/A,26588,['C'],A,Laser pulse heating,"origin: commercial source,99.9 % (total),stated by supplier,plate",99.9,Not Specified %,1996
118.62,21.5,0.11,None kPa,N/A,26588,['C'],A,Laser pulse heating,"origin: commercial source,99.9 % (total),stated by supplier,plate",99.9,Not Specified %,1996
120.27,21.45,0.11,None kPa,N/A,26588,['C'],A,Laser pulse heating,"origin: commercial source,99.9 % (total),stated by supplier,plate",99.9,Not Specified %,1996
121.88,21.65,0.11,None kPa,N/A,26588,['C'],A,Laser pulse heating,"origin: commercial source,99.9 % (total),stated by supplier,plate",99.9,Not Specified %,1996
123.45,21.77,0.11,None kPa,N/A,26588,['C'],A,Laser pulse heating,"origin: commercial source,99.9 % (total),stated by supplier,plate",99.9,Not Specified %,1996
125.0,21.74,0.11,None kPa,N/A,26588,['C'],A,Laser pulse heating,"origin: commercial source,99.9 % (total),stated by supplier,plate",99.9,Not Specified %,1996
126.52,21.77,0.11,None kPa,N/A,26588,['C'],A,Laser pulse heating,"origin: commercial source,99.9 % (total),stated by supplier,plate",99.9,Not Specified %,1996
128.02,21.88,0.11,None kPa,N/A,26588,['C'],A,Laser pulse heating,"origin: commercial source,99.9 % (total),stated by supplier,plate",99.9,Not Specified %,1996
129.46,22.07,0.11,None kPa,N/A,26588,['C'],A,Laser pulse heating,"origin: commercial source,99.9 % (total),stated by supplier,plate",99.9,Not Specified %,1996
130.86,22.19,0.11,None kPa,N/A,26588,['C'],A,Laser pulse heating,"origin: commercial source,99.9 % (total),stated by supplier,plate",99.9,Not Specified %,1996
132.25,22.3,0.11,None kPa,N/A,26588,['C'],A,Laser pulse heating,"origin: commercial source,99.9 % (total),stated by supplier,plate",99.9,Not Specified %,1996
133.58,22.17,0.11,None kPa,N/A,26588,['C'],A,Laser pulse heating,"origin: commercial source,99.9 % (total),stated by supplier,plate",99.9,Not Specified %,1996
136.28,22.36,0.11,None kPa,N/A,26588,['C'],A,Laser pulse heating,"origin: commercial source,99.9 % (total),stated by supplier,plate",99.9,Not Specified %,1996
138.89,22.5,0.11,None kPa,N/A,26588,['C'],A,Laser pulse heating,"origin: commercial source,99.9 % (total),stated by supplier,plate",99.9,Not Specified %,1996
141.34,22.61,0.11,None kPa,N/A,26588,['C'],A,Laser pulse heating,"origin: commercial source,99.9 % (total),stated by supplier,plate",99.9,Not Specified %,1996
143.57,22.7,0.11,None kPa,N/A,26588,['C'],A,Laser pulse heating,"origin: commercial source,99.9 % (total),stated by supplier,plate",99.9,Not Specified %,1996
145.66,22.61,0.11,None kPa,N/A,26588,['C'],A,Laser pulse heating,"origin: commercial source,99.9 % (total),stated by supplier,plate",99.9,Not Specified %,1996
147.77,23.03,0.12,None kPa,N/A,26588,['C'],A,Laser pulse heating,"origin: commercial source,99.9 % (total),stated by supplier,plate",99.9,Not Specified %,1996
153.66,23.07,0.12,None kPa,N/A,26588,['C'],A,Laser pulse heating,"origin: commercial source,99.9 % (total),stated by supplier,plate",99.9,Not Specified %,1996
156.94,23.17,0.12,None kPa,N/A,26588,['C'],A,Laser pulse heating,"origin: commercial source,99.9 % (total),stated by supplier,plate",99.9,Not Specified %,1996
160.16,23.14,0.12,None kPa,N/A,26588,['C'],A,Laser pulse heating,"origin: commercial source,99.9 % (total),stated by supplier,plate",99.9,Not Specified %,1996
165.21,23.26,0.12,None kPa,N/A,26588,['C'],A,Laser pulse heating,"origin: commercial source,99.9 % (total),stated by supplier,plate",99.9,Not Specified %,1996
166.23,23.46,0.12,None kPa,N/A,26588,['C'],A,Laser pulse heating,"origin: commercial source,99.9 % (total),stated by supplier,plate",99.9,Not Specified %,1996
168.78,23.53,0.12,None kPa,N/A,26588,['C'],A,Laser pulse heating,"origin: commercial source,99.9 % (total),stated by supplier,plate",99.9,Not Specified %,1996
171.38,23.58,0.12,None kPa,N/A,26588,['C'],A,Laser pulse heating,"origin: commercial source,99.9 % (total),stated by supplier,plate",99.9,Not Specified %,1996
174.03,23.69,0.12,None kPa,N/A,26588,['C'],A,Laser pulse heating,"origin: commercial source,99.9 % (total),stated by supplier,plate",99.9,Not Specified %,1996
176.8,23.77,0.12,None kPa,N/A,26588,['C'],A,Laser pulse heating,"origin: commercial source,99.9 % (total),stated by supplier,plate",99.9,Not Specified %,1996
179.55,23.83,0.12,None kPa,N/A,26588,['C'],A,Laser pulse heating,"origin: commercial source,99.9 % (total),stated by supplier,plate",99.9,Not Specified %,1996
182.34,23.67,0.12,None kPa,N/A,26588,['C'],A,Laser pulse heating,"origin: commercial source,99.9 % (total),stated by supplier,plate",99.9,Not Specified %,1996
187.94,23.92,0.12,None kPa,N/A,26588,['C'],A,Laser pulse heating,"origin: commercial source,99.9 % (total),stated by supplier,plate",99.9,Not Specified %,1996
190.76,24.05,0.12,None kPa,N/A,26588,['C'],A,Laser pulse heating,"origin: commercial source,99.9 % (total),stated by supplier,plate",99.9,Not Specified %,1996
193.59,24.07,0.12,None kPa,N/A,26588,['C'],A,Laser pulse heating,"origin: commercial source,99.9 % (total),stated by supplier,plate",99.9,Not Specified %,1996
196.38,24.04,0.12,None kPa,N/A,26588,['C'],A,Laser pulse heating,"origin: commercial source,99.9 % (total),stated by supplier,plate",99.9,Not Specified %,1996
199.17,24.21,0.12,None kPa,N/A,26588,['C'],A,Laser pulse heating,"origin: commercial source,99.9 % (total),stated by supplier,plate",99.9,Not Specified %,1996
204.65,24.27,0.12,None kPa,N/A,26588,['C'],A,Laser pulse heating,"origin: commercial source,99.9 % (total),stated by supplier,plate",99.9,Not Specified %,1996
207.34,24.25,0.12,None kPa,N/A,26588,['C'],A,Laser pulse heating,"origin: commercial source,99.9 % (total),stated by supplier,plate",99.9,Not Specified %,1996
209.94,24.28,0.12,None kPa,N/A,26588,['C'],A,Laser pulse heating,"origin: commercial source,99.9 % (total),stated by supplier,plate",99.9,Not Specified %,1996
212.58,24.43,0.12,None kPa,N/A,26588,['C'],A,Laser pulse heating,"origin: commercial source,99.9 % (total),stated by supplier,plate",99.9,Not Specified %,1996
215.18,24.38,0.12,None kPa,N/A,26588,['C'],A,Laser pulse heating,"origin: commercial source,99.9 % (total),stated by supplier,plate",99.9,Not Specified %,1996
217.77,24.59,0.12,None kPa,N/A,26588,['C'],A,Laser pulse heating,"origin: commercial source,99.9 % (total),stated by supplier,plate",99.9,Not Specified %,1996
220.19,24.53,0.12,None kPa,N/A,26588,['C'],A,Laser pulse heating,"origin: commercial source,99.9 % (total),stated by supplier,plate",99.9,Not Specified %,1996
222.8,24.42,0.12,None kPa,N/A,26588,['C'],A,Laser pulse heating,"origin: commercial source,99.9 % (total),stated by supplier,plate",99.9,Not Specified %,1996
225.62,24.44,0.12,None kPa,N/A,26588,['C'],A,Laser pulse heating,"origin: commercial source,99.9 % (total),stated by supplier,plate",99.9,Not Specified %,1996
228.37,24.54,0.12,None kPa,N/A,26588,['C'],A,Laser pulse heating,"origin: commercial source,99.9 % (total),stated by supplier,plate",99.9,Not Specified %,1996
232.33,24.56,0.12,None kPa,N/A,26588,['C'],A,Laser pulse heating,"origin: commercial source,99.9 % (total),stated by supplier,plate",99.9,Not Specified %,1996
235.06,24.61,0.12,None kPa,N/A,26588,['C'],A,Laser pulse heating,"origin: commercial source,99.9 % (total),stated by supplier,plate",99.9,Not Specified %,1996
237.63,24.61,0.12,None kPa,N/A,26588,['C'],A,Laser pulse heating,"origin: commercial source,99.9 % (total),stated by supplier,plate",99.9,Not Specified %,1996
240.2,24.67,0.12,None kPa,N/A,26588,['C'],A,Laser pulse heating,"origin: commercial source,99.9 % (total),stated by supplier,plate",99.9,Not Specified %,1996
242.69,24.8,0.12,None kPa,N/A,26588,['C'],A,Laser pulse heating,"origin: commercial source,99.9 % (total),stated by supplier,plate",99.9,Not Specified %,1996
245.13,24.74,0.12,None kPa,N/A,26588,['C'],A,Laser pulse heating,"origin: commercial source,99.9 % (total),stated by supplier,plate",99.9,Not Specified %,1996
250.21,24.82,0.12,None kPa,N/A,26588,['C'],A,Laser pulse heating,"origin: commercial source,99.9 % (total),stated by supplier,plate",99.9,Not Specified %,1996
253.35,24.86,0.12,None kPa,N/A,26588,['C'],A,Laser pulse heating,"origin: commercial source,99.9 % (total),stated by supplier,plate",99.9,Not Specified %,1996
256.7,24.89,0.12,None kPa,N/A,26588,['C'],A,Laser pulse heating,"origin: commercial source,99.9 % (total),stated by supplier,plate",99.9,Not Specified %,1996
260.96,25.02,0.13,None kPa,N/A,26588,['C'],A,Laser pulse heating,"origin: commercial source,99.9 % (total),stated by supplier,plate",99.9,Not Specified %,1996
262.89,24.88,0.12,None kPa,N/A,26588,['C'],A,Laser pulse heating,"origin: commercial source,99.9 % (total),stated by supplier,plate",99.9,Not Specified %,1996
266.9,25.06,0.13,None kPa,N/A,26588,['C'],A,Laser pulse heating,"origin: commercial source,99.9 % (total),stated by supplier,plate",99.9,Not Specified %,1996
268.79,25.05,0.13,None kPa,N/A,26588,['C'],A,Laser pulse heating,"origin: commercial source,99.9 % (total),stated by supplier,plate",99.9,Not Specified %,1996
272.6,25.04,0.13,None kPa,N/A,26588,['C'],A,Laser pulse heating,"origin: commercial source,99.9 % (total),stated by supplier,plate",99.9,Not Specified %,1996
277.06,25.06,0.13,None kPa,N/A,26588,['C'],A,Laser pulse heating,"origin: commercial source,99.9 % (total),stated by supplier,plate",99.9,Not Specified %,1996
279.02,25.1,0.13,None kPa,N/A,26588,['C'],A,Laser pulse heating,"origin: commercial source,99.9 % (total),stated by supplier,plate",99.9,Not Specified %,1996
282.61,25.03,0.13,None kPa,N/A,26588,['C'],A,Laser pulse heating,"origin: commercial source,99.9 % (total),stated by supplier,plate",99.9,Not Specified %,1996
285.97,25.04,0.13,None kPa,N/A,26588,['C'],A,Laser pulse heating,"origin: commercial source,99.9 % (total),stated by supplier,plate",99.9,Not Specified %,1996
289.13,25.04,0.13,None kPa,N/A,26588,['C'],A,Laser pulse heating,"origin: commercial source,99.9 % (total),stated by supplier,plate",99.9,Not Specified %,1996
290.72,25.09,0.13,None kPa,N/A,26588,['C'],A,Laser pulse heating,"origin: commercial source,99.9 % (total),stated by supplier,plate",99.9,Not Specified %,1996
292.4,25.08,0.13,None kPa,N/A,26588,['C'],A,Laser pulse heating,"origin: commercial source,99.9 % (total),stated by supplier,plate",99.9,Not Specified %,1996
294.64,25.16,0.13,None kPa,N/A,26588,['C'],A,Laser pulse heating,"origin: commercial source,99.9 % (total),stated by supplier,plate",99.9,Not Specified %,1996
294.65,25.11,0.13,None kPa,N/A,26588,['C'],A,Laser pulse heating,"origin: commercial source,99.9 % (total),stated by supplier,plate",99.9,Not Specified %,1996
294.7,25.18,0.13,None kPa,N/A,26588,['C'],A,Laser pulse heating,"origin: commercial source,99.9 % (total),stated by supplier,plate",99.9,Not Specified %,1996
294.87,25.15,0.13,None kPa,N/A,26588,['C'],A,Laser pulse heating,"origin: commercial source,99.9 % (total),stated by supplier,plate",99.9,Not Specified %,1996
297.63,25.17,0.13,None kPa,N/A,26588,['C'],A,Laser pulse heating,"origin: commercial source,99.9 % (total),stated by supplier,plate",99.9,Not Specified %,1996
300.76,25.12,0.13,None kPa,N/A,26588,['C'],A,Laser pulse heating,"origin: commercial source,99.9 % (total),stated by supplier,plate",99.9,Not Specified %,1996
303.7,25.15,0.13,None kPa,N/A,26588,['C'],A,Laser pulse heating,"origin: commercial source,99.9 % (total),stated by supplier,plate",99.9,Not Specified %,1996
309.99,25.25,0.13,None kPa,N/A,26588,['C'],A,Laser pulse heating,"origin: commercial source,99.9 % (total),stated by supplier,plate",99.9,Not Specified %,1996
326.34,25.38,0.13,None kPa,N/A,26588,['C'],A,Laser pulse heating,"origin: commercial source,99.9 % (total),stated by supplier,plate",99.9,Not Specified %,1996
350.43,25.58,0.13,None kPa,N/A,26588,['C'],A,Laser pulse heating,"origin: commercial source,99.9 % (total),stated by supplier,plate",99.9,Not Specified %,1996
382.84,25.69,0.13,None kPa,N/A,26588,['C'],A,Laser pulse heating,"origin: commercial source,99.9 % (total),stated by supplier,plate",99.9,Not Specified %,1996
407.55,25.92,0.13,None kPa,N/A,26588,['C'],A,Laser pulse heating,"origin: commercial source,99.9 % (total),stated by supplier,plate",99.9,Not Specified %,1996
435.47,25.91,0.13,None kPa,N/A,26588,['C'],A,Laser pulse heating,"origin: commercial source,99.9 % (total),stated by supplier,plate",99.9,Not Specified %,1996
457.71,26.14,0.13,None kPa,N/A,26588,['C'],A,Laser pulse heating,"origin: commercial source,99.9 % (total),stated by supplier,plate",99.9,Not Specified %,1996
487.23,26.13,0.13,None kPa,N/A,26588,['C'],A,Laser pulse heating,"origin: commercial source,99.9 % (total),stated by supplier,plate",99.9,Not Specified %,1996
508.84,26.36,0.13,None kPa,N/A,26588,['C'],A,Laser pulse heating,"origin: commercial source,99.9 % (total),stated by supplier,plate",99.9,Not Specified %,1996
532.42,26.36,0.13,None kPa,N/A,26588,['C'],A,Laser pulse heating,"origin: commercial source,99.9 % (total),stated by supplier,plate",99.9,Not Specified %,1996
556.44,26.66,0.13,None kPa,N/A,26588,['C'],A,Laser pulse heating,"origin: commercial source,99.9 % (total),stated by supplier,plate",99.9,Not Specified %,1996
557.32,26.59,0.13,None kPa,N/A,26588,['C'],A,Laser pulse heating,"origin: commercial source,99.9 % (total),stated by supplier,plate",99.9,Not Specified %,1996
576.66,26.61,0.13,None kPa,N/A,26588,['C'],A,Laser pulse heating,"origin: commercial source,99.9 % (total),stated by supplier,plate",99.9,Not Specified %,1996
581.98,26.67,0.13,None kPa,N/A,26588,['C'],A,Laser pulse heating,"origin: commercial source,99.9 % (total),stated by supplier,plate",99.9,Not Specified %,1996
597.04,26.76,0.13,None kPa,N/A,26588,['C'],A,Laser pulse heating,"origin: commercial source,99.9 % (total),stated by supplier,plate",99.9,Not Specified %,1996
606.58,26.85,0.13,None kPa,N/A,26588,['C'],A,Laser pulse heating,"origin: commercial source,99.9 % (total),stated by supplier,plate",99.9,Not Specified %,1996
618.54,26.74,0.13,None kPa,N/A,26588,['C'],A,Laser pulse heating,"origin: commercial source,99.9 % (total),stated by supplier,plate",99.9,Not Specified %,1996
633.38,26.85,0.13,None kPa,N/A,26588,['C'],A,Laser pulse heating,"origin: commercial source,99.9 % (total),stated by supplier,plate",99.9,Not Specified %,1996
651.97,26.97,0.13,None kPa,N/A,26588,['C'],A,Laser pulse heating,"origin: commercial source,99.9 % (total),stated by supplier,plate",99.9,Not Specified %,1996
656.26,27.05,0.14,None kPa,N/A,26588,['C'],A,Laser pulse heating,"origin: commercial source,99.9 % (total),stated by supplier,plate",99.9,Not Specified %,1996
666.35,26.95,0.13,None kPa,N/A,26588,['C'],A,Laser pulse heating,"origin: commercial source,99.9 % (total),stated by supplier,plate",99.9,Not Specified %,1996
680.86,27.11,0.14,None kPa,N/A,26588,['C'],A,Laser pulse heating,"origin: commercial source,99.9 % (total),stated by supplier,plate",99.9,Not Specified %,1996
707.27,27.2,0.14,None kPa,N/A,26588,['C'],A,Laser pulse heating,"origin: commercial source,99.9 % (total),stated by supplier,plate",99.9,Not Specified %,1996
735.56,27.36,0.14,None kPa,N/A,26588,['C'],A,Laser pulse heating,"origin: commercial source,99.9 % (total),stated by supplier,plate",99.9,Not Specified %,1996
765.84,27.3,0.14,None kPa,N/A,26588,['C'],A,Laser pulse heating,"origin: commercial source,99.9 % (total),stated by supplier,plate",99.9,Not Specified %,1996
793.43,27.48,0.14,None kPa,N/A,26588,['C'],A,Laser pulse heating,"origin: commercial source,99.9 % (total),stated by supplier,plate",99.9,Not Specified %,1996
823.13,27.63,0.28,None kPa,N/A,26588,['C'],A,Laser pulse heating,"origin: commercial source,99.9 % (total),stated by supplier,plate",99.9,Not Specified %,1996
851.69,27.83,0.28,None kPa,N/A,26588,['C'],A,Laser pulse heating,"origin: commercial source,99.9 % (total),stated by supplier,plate",99.9,Not Specified %,1996
879.03,27.96,0.28,None kPa,N/A,26588,['C'],A,Laser pulse heating,"origin: commercial source,99.9 % (total),stated by supplier,plate",99.9,Not Specified %,1996
908.47,28.07,0.28,None kPa,N/A,26588,['C'],A,Laser pulse heating,"origin: commercial source,99.9 % (total),stated by supplier,plate",99.9,Not Specified %,1996
936.98,28.26,0.28,None kPa,N/A,26588,['C'],A,Laser pulse heating,"origin: commercial source,99.9 % (total),stated by supplier,plate",99.9,Not Specified %,1996
964.05,28.3,0.28,None kPa,N/A,26588,['C'],A,Laser pulse heating,"origin: commercial source,99.9 % (total),stated by supplier,plate",99.9,Not Specified %,1996
997.01,28.59,0.29,None kPa,N/A,26588,['C'],A,Laser pulse heating,"origin: commercial source,99.9 % (total),stated by supplier,plate",99.9,Not Specified %,1996
0.114,0.00073397,1.46794e-06,None kPa,N/A,35543,['C'],A,N/A,"origin: commercial source,99.97 weight %",99.97,Weight %,1974
0.183,0.0011941,2.3882e-06,None kPa,N/A,35543,['C'],A,N/A,"origin: commercial source,99.97 weight %",99.97,Weight %,1974
0.28,0.0017896,3.5792e-06,None kPa,N/A,35543,['C'],A,N/A,"origin: commercial source,99.97 weight %",99.97,Weight %,1974
0.47,0.002951,5.902e-06,None kPa,N/A,35543,['C'],A,N/A,"origin: commercial source,99.97 weight %",99.97,Weight %,1974
0.582,0.0036309,7.2618e-06,None kPa,N/A,35543,['C'],A,N/A,"origin: commercial source,99.97 weight %",99.97,Weight %,1974
0.18,3.2339e-05,6.4678e-08,None kPa,N/A,35544,['C'],A,N/A,"origin: commercial source,99.97 weight %",99.97,Weight %,1974
0.282,4.5931e-05,9.1862e-08,None kPa,N/A,35544,['C'],A,N/A,"origin: commercial source,99.97 weight %",99.97,Weight %,1974
0.354,5.1471e-05,1.02942e-07,None kPa,N/A,35544,['C'],A,N/A,"origin: commercial source,99.97 weight %",99.97,Weight %,1974
0.472,5.983e-05,1.1966e-07,None kPa,N/A,35544,['C'],A,N/A,"origin: commercial source,99.97 weight %",99.97,Weight %,1974
0.643,8.4357e-05,1.68714e-07,None kPa,N/A,35544,['C'],A,N/A,"origin: commercial source,99.97 weight %",99.97,Weight %,1974
1900.0,30.66,0.6132,None kPa,N/A,35985,['C'],A,Resistive pulse heating - millisecond,not stated,,,1973
2000.0,31.19,0.6238,None kPa,N/A,35985,['C'],A,Resistive pulse heating - millisecond,not stated,,,1973
2100.0,31.71,0.6342,None kPa,N/A,35985,['C'],A,Resistive pulse heating - millisecond,not stated,,,1973
2200.0,32.25,0.645,None kPa,N/A,35985,['C'],A,Resistive pulse heating - millisecond,not stated,,,1973
2300.0,32.83,0.6566,None kPa,N/A,35985,['C'],A,Resistive pulse heating - millisecond,not stated,,,1973
2400.0,33.46,0.6692,None kPa,N/A,35985,['C'],A,Resistive pulse heating - millisecond,not stated,,,1973
2500.0,34.17,0.6834,None kPa,N/A,35985,['C'],A,Resistive pulse heating - millisecond,not stated,,,1973
2600.0,34.97,0.6994,None kPa,N/A,35985,['C'],A,Resistive pulse heating - millisecond,not stated,,,1973
2700.0,35.89,0.7178,None kPa,N/A,35985,['C'],A,Resistive pulse heating - millisecond,not stated,,,1973
2800.0,36.95,0.739,None kPa,N/A,35985,['C'],A,Resistive pulse heating - millisecond,not stated,,,1973
2900.0,38.16,0.7632,None kPa,N/A,35985,['C'],A,Resistive pulse heating - millisecond,not stated,,,1973
3000.0,39.55,0.791,None kPa,N/A,35985,['C'],A,Resistive pulse heating - millisecond,not stated,,,1973
3100.0,41.39,0.8278,None kPa,N/A,35985,['C'],A,Resistive pulse heating - millisecond,not stated,,,1973
3200.0,44.48,0.8896,None kPa,N/A,35985,['C'],A,Resistive pulse heating - millisecond,not stated,,,1973
2300.0,32.0,2.56,None kPa,N/A,22879,['C'],A,Resistive pulse heating - microsecond,not stated,,,1977
2400.0,32.7,2.616,None kPa,N/A,22879,['C'],A,Resistive pulse heating - microsecond,not stated,,,1977
2500.0,33.6,2.688,None kPa,N/A,22879,['C'],A,Resistive pulse heating - microsecond,not stated,,,1977
2600.0,34.4,2.752,None kPa,N/A,22879,['C'],A,Resistive pulse heating - microsecond,not stated,,,1977
2700.0,35.3,2.824,None kPa,N/A,22879,['C'],A,Resistive pulse heating - microsecond,not stated,,,1977
2800.0,36.2,2.896,None kPa,N/A,22879,['C'],A,Resistive pulse heating - microsecond,not stated,,,1977
2900.0,37.3,2.984,None kPa,N/A,22879,['C'],A,Resistive pulse heating - microsecond,not stated,,,1977
3000.0,40.1,3.208,None kPa,N/A,22879,['C'],A,Resistive pulse heating - microsecond,not stated,,,1977
3100.0,47.5,3.8,None kPa,N/A,22879,['C'],A,Resistive pulse heating - microsecond,not stated,,,1977
3200.0,69.0,5.52,None kPa,N/A,22879,['C'],A,Resistive pulse heating - microsecond,not stated,,,1977
1.55,0.003884,7.768e-05,None kPa,N/A,33479,['C'],A,Not Stated,"not stated,99.98 % (total),",99.98,Not Specified %,1984
1.63,0.004678,9.356e-05,None kPa,N/A,33479,['C'],A,Not Stated,"not stated,99.98 % (total),",99.98,Not Specified %,1984
1.73,0.005595,0.0001119,None kPa,N/A,33479,['C'],A,Not Stated,"not stated,99.98 % (total),",99.98,Not Specified %,1984
1.79,0.006263,0.00012526,None kPa,N/A,33479,['C'],A,Not Stated,"not stated,99.98 % (total),",99.98,Not Specified %,1984
1.85,0.006762,0.00013524,None kPa,N/A,33479,['C'],A,Not Stated,"not stated,99.98 % (total),",99.98,Not Specified %,1984
1.96,0.008472,0.00016944,None kPa,N/A,33479,['C'],A,Not Stated,"not stated,99.98 % (total),",99.98,Not Specified %,1984
2.03,0.009628,0.00019256,None kPa,N/A,33479,['C'],A,Not Stated,"not stated,99.98 % (total),",99.98,Not Specified %,1984
2.1,0.010878,0.00021756,None kPa,N/A,33479,['C'],A,Not Stated,"not stated,99.98 % (total),",99.98,Not Specified %,1984
2.18,0.012259,0.00024518,None kPa,N/A,33479,['C'],A,Not Stated,"not stated,99.98 % (total),",99.98,Not Specified %,1984
2.25,0.013851,0.00027702,None kPa,N/A,33479,['C'],A,Not Stated,"not stated,99.98 % (total),",99.98,Not Specified %,1984
2.46,0.017765,0.0003553,None kPa,N/A,33479,['C'],A,Not Stated,"not stated,99.98 % (total),",99.98,Not Specified %,1984
2.48,0.018365,0.0003673,None kPa,N/A,33479,['C'],A,Not Stated,"not stated,99.98 % (total),",99.98,Not Specified %,1984
2.54,0.019532,0.00039064,None kPa,N/A,33479,['C'],A,Not Stated,"not stated,99.98 % (total),",99.98,Not Specified %,1984
2.66,0.022001,0.00044002,None kPa,N/A,33479,['C'],A,Not Stated,"not stated,99.98 % (total),",99.98,Not Specified %,1984
2.76,0.024655,0.0004931,None kPa,N/A,33479,['C'],A,Not Stated,"not stated,99.98 % (total),",99.98,Not Specified %,1984
2.87,0.027271,0.00054542,None kPa,N/A,33479,['C'],A,Not Stated,"not stated,99.98 % (total),",99.98,Not Specified %,1984
3.04,0.031732,0.00063464,None kPa,N/A,33479,['C'],A,Not Stated,"not stated,99.98 % (total),",99.98,Not Specified %,1984
3.23,0.037071,0.00074142,None kPa,N/A,33479,['C'],A,Not Stated,"not stated,99.98 % (total),",99.98,Not Specified %,1984
3.33,0.040328,0.00080656,None kPa,N/A,33479,['C'],A,Not Stated,"not stated,99.98 % (total),",99.98,Not Specified %,1984
3.48,0.044914,0.00089828,None kPa,N/A,33479,['C'],A,Not Stated,"not stated,99.98 % (total),",99.98,Not Specified %,1984
3.56,0.047729,0.00095458,None kPa,N/A,33479,['C'],A,Not Stated,"not stated,99.98 % (total),",99.98,Not Specified %,1984
3.69,0.052104,0.00104208,None kPa,N/A,33479,['C'],A,Not Stated,"not stated,99.98 % (total),",99.98,Not Specified %,1984
3.8,0.055981,0.00111962,None kPa,N/A,33479,['C'],A,Not Stated,"not stated,99.98 % (total),",99.98,Not Specified %,1984
3.96,0.061907,0.00123814,None kPa,N/A,33479,['C'],A,Not Stated,"not stated,99.98 % (total),",99.98,Not Specified %,1984
4.05,0.06519,0.0013038,None kPa,N/A,33479,['C'],A,Not Stated,"not stated,99.98 % (total),",99.98,Not Specified %,1984
4.24,0.065087,0.00130174,None kPa,N/A,33479,['C'],A,Not Stated,"not stated,99.98 % (total),",99.98,Not Specified %,1984
4.33,0.058762,0.00117524,None kPa,N/A,33479,['C'],A,Not Stated,"not stated,99.98 % (total),",99.98,Not Specified %,1984
4.58,0.038353,0.00076706,None kPa,N/A,33479,['C'],A,Not Stated,"not stated,99.98 % (total),",99.98,Not Specified %,1984
4.66,0.038493,0.00076986,None kPa,N/A,33479,['C'],A,Not Stated,"not stated,99.98 % (total),",99.98,Not Specified %,1984
4.88,0.041536,0.00083072,None kPa,N/A,33479,['C'],A,Not Stated,"not stated,99.98 % (total),",99.98,Not Specified %,1984
4.94,0.042921,0.00085842,None kPa,N/A,33479,['C'],A,Not Stated,"not stated,99.98 % (total),",99.98,Not Specified %,1984
5.13,0.04575,0.000915,None kPa,N/A,33479,['C'],A,Not Stated,"not stated,99.98 % (total),",99.98,Not Specified %,1984
5.28,0.048192,0.00096384,None kPa,N/A,33479,['C'],A,Not Stated,"not stated,99.98 % (total),",99.98,Not Specified %,1984
5.47,0.051989,0.00103978,None kPa,N/A,33479,['C'],A,Not Stated,"not stated,99.98 % (total),",99.98,Not Specified %,1984
5.62,0.05465,0.001093,None kPa,N/A,33479,['C'],A,Not Stated,"not stated,99.98 % (total),",99.98,Not Specified %,1984
5.82,0.058325,0.0011665,None kPa,N/A,33479,['C'],A,Not Stated,"not stated,99.98 % (total),",99.98,Not Specified %,1984
6.09,0.06415,0.001283,None kPa,N/A,33479,['C'],A,Not Stated,"not stated,99.98 % (total),",99.98,Not Specified %,1984
6.31,0.068886,0.00137772,None kPa,N/A,33479,['C'],A,Not Stated,"not stated,99.98 % (total),",99.98,Not Specified %,1984
0.114,0.00073397,1.46794e-06,None kPa,N/A,35543,['C'],A,N/A,"origin: commercial source,99.97 weight %",99.97,Weight %,1974
0.183,0.0011941,2.3882e-06,None kPa,N/A,35543,['C'],A,N/A,"origin: commercial source,99.97 weight %",99.97,Weight %,1974
0.28,0.0017896,3.5792e-06,None kPa,N/A,35543,['C'],A,N/A,"origin: commercial source,99.97 weight %",99.97,Weight %,1974
0.47,0.002951,5.902e-06,None kPa,N/A,35543,['C'],A,N/A,"origin: commercial source,99.97 weight %",99.97,Weight %,1974
0.582,0.0036309,7.2618e-06,None kPa,N/A,35543,['C'],A,N/A,"origin: commercial source,99.97 weight %",99.97,Weight %,1974
0.18,3.2339e-05,6.4678e-08,None kPa,N/A,35544,['C'],A,N/A,"origin: commercial source,99.97 weight %",99.97,Weight %,1974
0.282,4.5931e-05,9.1862e-08,None kPa,N/A,35544,['C'],A,N/A,"origin: commercial source,99.97 weight %",99.97,Weight %,1974
0.354,5.1471e-05,1.02942e-07,None kPa,N/A,35544,['C'],A,N/A,"origin: commercial source,99.97 weight %",99.97,Weight %,1974
0.472,5.983e-05,1.1966e-07,None kPa,N/A,35544,['C'],A,N/A,"origin: commercial source,99.97 weight %",99.97,Weight %,1974
0.643,8.4357e-05,1.68714e-07,None kPa,N/A,35544,['C'],A,N/A,"origin: commercial source,99.97 weight %",99.97,Weight %,1974
1017.8,26.32,1.0528,None kPa,N/A,35756,['C'],A,multi-stepwise pulse calorimetry,"origin: commercial source,99.98 weight %,chemical analysis,rod",99.98,Weight %,2023
1070.97,26.64,1.0656,None kPa,N/A,35756,['C'],A,multi-stepwise pulse calorimetry,"origin: commercial source,99.98 weight %,chemical analysis,rod",99.98,Weight %,2023
1106.55,26.86,1.0744,None kPa,N/A,35756,['C'],A,multi-stepwise pulse calorimetry,"origin: commercial source,99.98 weight %,chemical analysis,rod",99.98,Weight %,2023
1141.74,27.08,1.0832,None kPa,N/A,35756,['C'],A,multi-stepwise pulse calorimetry,"origin: commercial source,99.98 weight %,chemical analysis,rod",99.98,Weight %,2023
1178.47,27.31,1.0924,None kPa,N/A,35756,['C'],A,multi-stepwise pulse calorimetry,"origin: commercial source,99.98 weight %,chemical analysis,rod",99.98,Weight %,2023
1214.05,27.54,1.1016,None kPa,N/A,35756,['C'],A,multi-stepwise pulse calorimetry,"origin: commercial source,99.98 weight %,chemical analysis,rod",99.98,Weight %,2023
1248.85,27.77,1.1108,None kPa,N/A,35756,['C'],A,multi-stepwise pulse calorimetry,"origin: commercial source,99.98 weight %,chemical analysis,rod",99.98,Weight %,2023
1284.04,28.0,1.12,None kPa,N/A,35756,['C'],A,multi-stepwise pulse calorimetry,"origin: commercial source,99.98 weight %,chemical analysis,rod",99.98,Weight %,2023
1338.18,28.34,1.1336,None kPa,N/A,35756,['C'],A,multi-stepwise pulse calorimetry,"origin: commercial source,99.98 weight %,chemical analysis,rod",99.98,Weight %,2023
1370.86,28.59,1.1436,None kPa,N/A,35756,['C'],A,multi-stepwise pulse calorimetry,"origin: commercial source,99.98 weight %,chemical analysis,rod",99.98,Weight %,2023
1567.32,30.04,1.2016,None kPa,N/A,35756,['C'],A,multi-stepwise pulse calorimetry,"origin: commercial source,99.98 weight %,chemical analysis,rod",99.98,Weight %,2023
1617.79,30.42,1.2168,None kPa,N/A,35756,['C'],A,multi-stepwise pulse calorimetry,"origin: commercial source,99.98 weight %,chemical analysis,rod",99.98,Weight %,2023
1654.91,30.71,1.2284,None kPa,N/A,35756,['C'],A,multi-stepwise pulse calorimetry,"origin: commercial source,99.98 weight %,chemical analysis,rod",99.98,Weight %,2023
1707.7,31.13,1.2452,None kPa,N/A,35756,['C'],A,multi-stepwise pulse calorimetry,"origin: commercial source,99.98 weight %,chemical analysis,rod",99.98,Weight %,2023
1744.63,31.41,1.2564,None kPa,N/A,35756,['C'],A,multi-stepwise pulse calorimetry,"origin: commercial source,99.98 weight %,chemical analysis,rod",99.98,Weight %,2023
1779.63,31.66,1.2664,None kPa,N/A,35756,['C'],A,multi-stepwise pulse calorimetry,"origin: commercial source,99.98 weight %,chemical analysis,rod",99.98,Weight %,2023
1814.05,31.94,1.2776,None kPa,N/A,35756,['C'],A,multi-stepwise pulse calorimetry,"origin: commercial source,99.98 weight %,chemical analysis,rod",99.98,Weight %,2023
1867.81,32.36,1.2944,None kPa,N/A,35756,['C'],A,multi-stepwise pulse calorimetry,"origin: commercial source,99.98 weight %,chemical analysis,rod",99.98,Weight %,2023
1902.03,32.63,1.3052,None kPa,N/A,35756,['C'],A,multi-stepwise pulse calorimetry,"origin: commercial source,99.98 weight %,chemical analysis,rod",99.98,Weight %,2023
1938.97,32.93,1.3172,None kPa,N/A,35756,['C'],A,multi-stepwise pulse calorimetry,"origin: commercial source,99.98 weight %,chemical analysis,rod",99.98,Weight %,2023
1973.19,33.18,1.3272,None kPa,N/A,35756,['C'],A,multi-stepwise pulse calorimetry,"origin: commercial source,99.98 weight %,chemical analysis,rod",99.98,Weight %,2023
2026.56,33.57,1.3428,None kPa,N/A,35756,['C'],A,multi-stepwise pulse calorimetry,"origin: commercial source,99.98 weight %,chemical analysis,rod",99.98,Weight %,2023
2061.75,33.82,1.3528,None kPa,N/A,35756,['C'],A,multi-stepwise pulse calorimetry,"origin: commercial source,99.98 weight %,chemical analysis,rod",99.98,Weight %,2023
2098.1,34.07,1.3628,None kPa,N/A,35756,['C'],A,multi-stepwise pulse calorimetry,"origin: commercial source,99.98 weight %,chemical analysis,rod",99.98,Weight %,2023
2132.33,34.31,1.3724,None kPa,N/A,35756,['C'],A,multi-stepwise pulse calorimetry,"origin: commercial source,99.98 weight %,chemical analysis,rod",99.98,Weight %,2023
2186.27,34.66,1.3864,None kPa,N/A,35756,['C'],A,multi-stepwise pulse calorimetry,"origin: commercial source,99.98 weight %,chemical analysis,rod",99.98,Weight %,2023
2238.28,34.98,1.3992,None kPa,N/A,35756,['C'],A,multi-stepwise pulse calorimetry,"origin: commercial source,99.98 weight %,chemical analysis,rod",99.98,Weight %,2023
2292.61,35.29,1.4116,None kPa,N/A,35756,['C'],A,multi-stepwise pulse calorimetry,"origin: commercial source,99.98 weight %,chemical analysis,rod",99.98,Weight %,2023
2345.78,35.53,1.4212,None kPa,N/A,35756,['C'],A,multi-stepwise pulse calorimetry,"origin: commercial source,99.98 weight %,chemical analysis,rod",99.98,Weight %,2023
2381.35,35.67,1.4268,None kPa,N/A,35756,['C'],A,multi-stepwise pulse calorimetry,"origin: commercial source,99.98 weight %,chemical analysis,rod",99.98,Weight %,2023
2433.36,35.87,1.4348,None kPa,N/A,35756,['C'],A,multi-stepwise pulse calorimetry,"origin: commercial source,99.98 weight %,chemical analysis,rod",99.98,Weight %,2023
2469.32,35.97,1.4388,None kPa,N/A,35756,['C'],A,multi-stepwise pulse calorimetry,"origin: commercial source,99.98 weight %,chemical analysis,rod",99.98,Weight %,2023
2522.09,36.09,1.4436,None kPa,N/A,35756,['C'],A,multi-stepwise pulse calorimetry,"origin: commercial source,99.98 weight %,chemical analysis,rod",99.98,Weight %,2023
2557.47,36.13,1.4452,None kPa,N/A,35756,['C'],A,multi-stepwise pulse calorimetry,"origin: commercial source,99.98 weight %,chemical analysis,rod",99.98,Weight %,2023
2592.07,36.14,1.4456,None kPa,N/A,35756,['C'],A,multi-stepwise pulse calorimetry,"origin: commercial source,99.98 weight %,chemical analysis,rod",99.98,Weight %,2023
2627.83,36.14,1.4456,None kPa,N/A,35756,['C'],A,multi-stepwise pulse calorimetry,"origin: commercial source,99.98 weight %,chemical analysis,rod",99.98,Weight %,2023
2662.05,36.12,1.4448,None kPa,N/A,35756,['C'],A,multi-stepwise pulse calorimetry,"origin: commercial source,99.98 weight %,chemical analysis,rod",99.98,Weight %,2023
2736.07,35.91,1.4364,None kPa,N/A,35756,['C'],A,multi-stepwise pulse calorimetry,"origin: commercial source,99.98 weight %,chemical analysis,rod",99.98,Weight %,2023
2772.02,35.78,1.4312,None kPa,N/A,35756,['C'],A,multi-stepwise pulse calorimetry,"origin: commercial source,99.98 weight %,chemical analysis,rod",99.98,Weight %,2023
2860.14,35.28,1.4112,None kPa,N/A,35756,['C'],A,multi-stepwise pulse calorimetry,"origin: commercial source,99.98 weight %,chemical analysis,rod",99.98,Weight %,2023
2910.77,34.87,1.3948,None kPa,N/A,35756,['C'],A,multi-stepwise pulse calorimetry,"origin: commercial source,99.98 weight %,chemical analysis,rod",99.98,Weight %,2023
2963.13,34.34,1.3736,None kPa,N/A,35756,['C'],A,multi-stepwise pulse calorimetry,"origin: commercial source,99.98 weight %,chemical analysis,rod",99.98,Weight %,2023
2997.52,33.93,1.3572,None kPa,N/A,35756,['C'],A,multi-stepwise pulse calorimetry,"origin: commercial source,99.98 weight %,chemical analysis,rod",99.98,Weight %,2023
3035.19,33.45,1.338,None kPa,N/A,35756,['C'],A,multi-stepwise pulse calorimetry,"origin: commercial source,99.98 weight %,chemical analysis,rod",99.98,Weight %,2023
3083.48,32.72,1.3088,None kPa,N/A,35756,['C'],A,multi-stepwise pulse calorimetry,"origin: commercial source,99.98 weight %,chemical analysis,rod",99.98,Weight %,2023
3114.0,32.22,1.2888,None kPa,N/A,35756,['C'],A,multi-stepwise pulse calorimetry,"origin: commercial source,99.98 weight %,chemical analysis,rod",99.98,Weight %,2023
3154.18,31.47,1.2588,None kPa,N/A,35756,['C'],A,multi-stepwise pulse calorimetry,"origin: commercial source,99.98 weight %,chemical analysis,rod",99.98,Weight %,2023
3190.29,30.74,1.2296,None kPa,N/A,35756,['C'],A,multi-stepwise pulse calorimetry,"origin: commercial source,99.98 weight %,chemical analysis,rod",99.98,Weight %,2023
3225.05,29.99,1.1996,None kPa,N/A,35756,['C'],A,multi-stepwise pulse calorimetry,"origin: commercial source,99.98 weight %,chemical analysis,rod",99.98,Weight %,2023
1017.53,25.04,1.0016,None kPa,N/A,35758,['C'],A,multi-stepwise pulse calorimetry,"origin: commercial source,99.98 weight %,chemical analysis,rod",99.98,Weight %,2023
1070.15,25.32,1.0128,None kPa,N/A,35758,['C'],A,multi-stepwise pulse calorimetry,"origin: commercial source,99.98 weight %,chemical analysis,rod",99.98,Weight %,2023
1132.02,25.68,1.0272,None kPa,N/A,35758,['C'],A,multi-stepwise pulse calorimetry,"origin: commercial source,99.98 weight %,chemical analysis,rod",99.98,Weight %,2023
1209.0,26.15,1.046,None kPa,N/A,35758,['C'],A,multi-stepwise pulse calorimetry,"origin: commercial source,99.98 weight %,chemical analysis,rod",99.98,Weight %,2023
1271.86,26.58,1.0632,None kPa,N/A,35758,['C'],A,multi-stepwise pulse calorimetry,"origin: commercial source,99.98 weight %,chemical analysis,rod",99.98,Weight %,2023
1352.74,27.15,1.086,None kPa,N/A,35758,['C'],A,multi-stepwise pulse calorimetry,"origin: commercial source,99.98 weight %,chemical analysis,rod",99.98,Weight %,2023
1438.98,27.81,1.1124,None kPa,N/A,35758,['C'],A,multi-stepwise pulse calorimetry,"origin: commercial source,99.98 weight %,chemical analysis,rod",99.98,Weight %,2023
1533.51,28.54,1.1416,None kPa,N/A,35758,['C'],A,multi-stepwise pulse calorimetry,"origin: commercial source,99.98 weight %,chemical analysis,rod",99.98,Weight %,2023
1658.25,29.6,1.184,None kPa,N/A,35758,['C'],A,multi-stepwise pulse calorimetry,"origin: commercial source,99.98 weight %,chemical analysis,rod",99.98,Weight %,2023
1742.54,30.33,1.2132,None kPa,N/A,35758,['C'],A,multi-stepwise pulse calorimetry,"origin: commercial source,99.98 weight %,chemical analysis,rod",99.98,Weight %,2023
1824.41,31.07,1.2428,None kPa,N/A,35758,['C'],A,multi-stepwise pulse calorimetry,"origin: commercial source,99.98 weight %,chemical analysis,rod",99.98,Weight %,2023
1915.04,31.85,1.274,None kPa,N/A,35758,['C'],A,multi-stepwise pulse calorimetry,"origin: commercial source,99.98 weight %,chemical analysis,rod",99.98,Weight %,2023
1995.92,32.54,1.3016,None kPa,N/A,35758,['C'],A,multi-stepwise pulse calorimetry,"origin: commercial source,99.98 weight %,chemical analysis,rod",99.98,Weight %,2023
2068.52,33.14,1.3256,None kPa,N/A,35758,['C'],A,multi-stepwise pulse calorimetry,"origin: commercial source,99.98 weight %,chemical analysis,rod",99.98,Weight %,2023
2140.64,33.68,1.3472,None kPa,N/A,35758,['C'],A,multi-stepwise pulse calorimetry,"origin: commercial source,99.98 weight %,chemical analysis,rod",99.98,Weight %,2023
2223.95,34.29,1.3716,None kPa,N/A,35758,['C'],A,multi-stepwise pulse calorimetry,"origin: commercial source,99.98 weight %,chemical analysis,rod",99.98,Weight %,2023
2303.37,34.77,1.3908,None kPa,N/A,35758,['C'],A,multi-stepwise pulse calorimetry,"origin: commercial source,99.98 weight %,chemical analysis,rod",99.98,Weight %,2023
2395.45,35.24,1.4096,None kPa,N/A,35758,['C'],A,multi-stepwise pulse calorimetry,"origin: commercial source,99.98 weight %,chemical analysis,rod",99.98,Weight %,2023
2493.86,35.59,1.4236,None kPa,N/A,35758,['C'],A,multi-stepwise pulse calorimetry,"origin: commercial source,99.98 weight %,chemical analysis,rod",99.98,Weight %,2023
2572.77,35.72,1.4288,None kPa,N/A,35758,['C'],A,multi-stepwise pulse calorimetry,"origin: commercial source,99.98 weight %,chemical analysis,rod",99.98,Weight %,2023
2650.7,35.71,1.4284,None kPa,N/A,35758,['C'],A,multi-stepwise pulse calorimetry,"origin: commercial source,99.98 weight %,chemical analysis,rod",99.98,Weight %,2023
2747.14,35.49,1.4196,None kPa,N/A,35758,['C'],A,multi-stepwise pulse calorimetry,"origin: commercial source,99.98 weight %,chemical analysis,rod",99.98,Weight %,2023
2836.54,35.02,1.4008,None kPa,N/A,35758,['C'],A,multi-stepwise pulse calorimetry,"origin: commercial source,99.98 weight %,chemical analysis,rod",99.98,Weight %,2023
2873.97,34.73,1.3892,None kPa,N/A,35758,['C'],A,multi-stepwise pulse calorimetry,"origin: commercial source,99.98 weight %,chemical analysis,rod",99.98,Weight %,2023
2915.38,34.36,1.3744,None kPa,N/A,35758,['C'],A,multi-stepwise pulse calorimetry,"origin: commercial source,99.98 weight %,chemical analysis,rod",99.98,Weight %,2023
2965.06,33.85,1.354,None kPa,N/A,35758,['C'],A,multi-stepwise pulse calorimetry,"origin: commercial source,99.98 weight %,chemical analysis,rod",99.98,Weight %,2023
3013.21,33.25,1.33,None kPa,N/A,35758,['C'],A,multi-stepwise pulse calorimetry,"origin: commercial source,99.98 weight %,chemical analysis,rod",99.98,Weight %,2023
3062.58,32.53,1.3012,None kPa,N/A,35758,['C'],A,multi-stepwise pulse calorimetry,"origin: commercial source,99.98 weight %,chemical analysis,rod",99.98,Weight %,2023
3107.04,31.8,1.272,None kPa,N/A,35758,['C'],A,multi-stepwise pulse calorimetry,"origin: commercial source,99.98 weight %,chemical analysis,rod",99.98,Weight %,2023
3149.66,30.98,1.2392,None kPa,N/A,35758,['C'],A,multi-stepwise pulse calorimetry,"origin: commercial source,99.98 weight %,chemical analysis,rod",99.98,Weight %,2023
3190.43,30.15,1.206,None kPa,N/A,35758,['C'],A,multi-stepwise pulse calorimetry,"origin: commercial source,99.98 weight %,chemical analysis,rod",99.98,Weight %,2023
3229.36,29.24,1.1696,None kPa,N/A,35758,['C'],A,multi-stepwise pulse calorimetry,"origin: commercial source,99.98 weight %,chemical analysis,rod",99.98,Weight %,2023
