Temperature: K,Heat capacity at constant pressure Cp: J/K/mol,Uncertainty,Pressure,Ref Temp,Data Set ID,State,Representation,Method,Description,Purity,Purity Units,Year
273.15,25.2881,0.505762,None kPa,N/A,4127,['C'],A,Drop calorimetry,origin: commercial source,,,1934
373.15,25.9241,0.518481,None kPa,N/A,4127,['C'],A,Drop calorimetry,origin: commercial source,,,1934
473.15,26.5642,0.531284,None kPa,N/A,4127,['C'],A,Drop calorimetry,origin: commercial source,,,1934
573.15,27.1625,0.543251,None kPa,N/A,4127,['C'],A,Drop calorimetry,origin: commercial source,,,1934
673.15,27.7399,0.554798,None kPa,N/A,4127,['C'],A,Drop calorimetry,origin: commercial source,,,1934
773.15,28.3173,0.566346,None kPa,N/A,4127,['C'],A,Drop calorimetry,origin: commercial source,,,1934
873.15,28.8487,0.576974,None kPa,N/A,4127,['C'],A,Drop calorimetry,origin: commercial source,,,1934
973.15,29.3633,0.587266,None kPa,N/A,4127,['C'],A,Drop calorimetry,origin: commercial source,,,1934
1073.15,29.8738,0.597475,None kPa,N/A,4127,['C'],A,Drop calorimetry,origin: commercial source,,,1934
1173.15,30.3424,0.606847,None kPa,N/A,4127,['C'],A,Drop calorimetry,origin: commercial source,,,1934
1273.15,30.8319,0.616638,None kPa,N/A,4127,['C'],A,Drop calorimetry,origin: commercial source,,,1934
1373.15,31.3047,0.626094,None kPa,N/A,4127,['C'],A,Drop calorimetry,origin: commercial source,,,1934
1473.15,31.7524,0.635047,None kPa,N/A,4127,['C'],A,Drop calorimetry,origin: commercial source,,,1934
1573.15,32.2001,0.644001,None kPa,N/A,4127,['C'],A,Drop calorimetry,origin: commercial source,,,1934
1673.15,32.6478,0.652955,None kPa,N/A,4127,['C'],A,Drop calorimetry,origin: commercial source,,,1934
1773.15,33.0954,0.661909,None kPa,N/A,4127,['C'],A,Drop calorimetry,origin: commercial source,,,1934
54.2,4.94549,0.0989098,None kPa,N/A,4501,['C'],A,Vacuum adiabatic calorimetry,"origin: commercial source,99.5 weight % (total),,powder",99.5,Weight %,1936
56.0,5.32623,0.106525,None kPa,N/A,4501,['C'],A,Vacuum adiabatic calorimetry,"origin: commercial source,99.5 weight % (total),,powder",99.5,Weight %,1936
59.7,6.13374,0.122675,None kPa,N/A,4501,['C'],A,Vacuum adiabatic calorimetry,"origin: commercial source,99.5 weight % (total),,powder",99.5,Weight %,1936
69.7,8.25503,0.165101,None kPa,N/A,4501,['C'],A,Vacuum adiabatic calorimetry,"origin: commercial source,99.5 weight % (total),,powder",99.5,Weight %,1936
74.3,9.1253,0.182506,None kPa,N/A,4501,['C'],A,Vacuum adiabatic calorimetry,"origin: commercial source,99.5 weight % (total),,powder",99.5,Weight %,1936
80.2,10.2131,0.204263,None kPa,N/A,4501,['C'],A,Vacuum adiabatic calorimetry,"origin: commercial source,99.5 weight % (total),,powder",99.5,Weight %,1936
91.5,12.0123,0.240245,None kPa,N/A,4501,['C'],A,Vacuum adiabatic calorimetry,"origin: commercial source,99.5 weight % (total),,powder",99.5,Weight %,1936
101.6,13.7654,0.275307,None kPa,N/A,4501,['C'],A,Vacuum adiabatic calorimetry,"origin: commercial source,99.5 weight % (total),,powder",99.5,Weight %,1936
110.2,14.9118,0.298236,None kPa,N/A,4501,['C'],A,Vacuum adiabatic calorimetry,"origin: commercial source,99.5 weight % (total),,powder",99.5,Weight %,1936
120.3,16.1126,0.322252,None kPa,N/A,4501,['C'],A,Vacuum adiabatic calorimetry,"origin: commercial source,99.5 weight % (total),,powder",99.5,Weight %,1936
135.7,17.7736,0.355473,None kPa,N/A,4501,['C'],A,Vacuum adiabatic calorimetry,"origin: commercial source,99.5 weight % (total),,powder",99.5,Weight %,1936
151.0,19.2297,0.384593,None kPa,N/A,4501,['C'],A,Vacuum adiabatic calorimetry,"origin: commercial source,99.5 weight % (total),,powder",99.5,Weight %,1936
166.0,18.7527,0.375054,None kPa,N/A,4501,['C'],A,Vacuum adiabatic calorimetry,"origin: commercial source,99.5 weight % (total),,powder",99.5,Weight %,1936
185.2,21.5183,0.430366,None kPa,N/A,4501,['C'],A,Vacuum adiabatic calorimetry,"origin: commercial source,99.5 weight % (total),,powder",99.5,Weight %,1936
206.7,22.4179,0.448357,None kPa,N/A,4501,['C'],A,Vacuum adiabatic calorimetry,"origin: commercial source,99.5 weight % (total),,powder",99.5,Weight %,1936
225.2,23.0873,0.461746,None kPa,N/A,4501,['C'],A,Vacuum adiabatic calorimetry,"origin: commercial source,99.5 weight % (total),,powder",99.5,Weight %,1936
254.8,23.7065,0.474131,None kPa,N/A,4501,['C'],A,Vacuum adiabatic calorimetry,"origin: commercial source,99.5 weight % (total),,powder",99.5,Weight %,1936
272.1,24.15,0.483001,None kPa,N/A,4501,['C'],A,Vacuum adiabatic calorimetry,"origin: commercial source,99.5 weight % (total),,powder",99.5,Weight %,1936
296.5,24.7023,0.494047,None kPa,N/A,4501,['C'],A,Vacuum adiabatic calorimetry,"origin: commercial source,99.5 weight % (total),,powder",99.5,Weight %,1936
20.0,0.490783,0.00490783,None kPa,N/A,8960,['C'],A,Calculated from Debye's and Electronic Coefficient,"origin: commercial source,99.98 %",99.98,Not Specified %,1955
1.199,0.000784,2.352e-05,None kPa,N/A,9009,['C'],A,Vacuum adiabatic calorimetry,"not stated,99.8 weight % (total),spectroscopy,ingot",99.8,Weight %,1956
1.255,0.001096,3.288e-05,None kPa,N/A,9009,['C'],A,Vacuum adiabatic calorimetry,"not stated,99.8 weight % (total),spectroscopy,ingot",99.8,Weight %,1956
1.311,0.001469,4.407e-05,None kPa,N/A,9009,['C'],A,Vacuum adiabatic calorimetry,"not stated,99.8 weight % (total),spectroscopy,ingot",99.8,Weight %,1956
1.391,0.001982,5.946e-05,None kPa,N/A,9009,['C'],A,Vacuum adiabatic calorimetry,"not stated,99.8 weight % (total),spectroscopy,ingot",99.8,Weight %,1956
1.584,0.00384,0.0001152,None kPa,N/A,9009,['C'],A,Vacuum adiabatic calorimetry,"not stated,99.8 weight % (total),spectroscopy,ingot",99.8,Weight %,1956
1.783,0.00649,0.0001947,None kPa,N/A,9009,['C'],A,Vacuum adiabatic calorimetry,"not stated,99.8 weight % (total),spectroscopy,ingot",99.8,Weight %,1956
1.981,0.00985,0.0002955,None kPa,N/A,9009,['C'],A,Vacuum adiabatic calorimetry,"not stated,99.8 weight % (total),spectroscopy,ingot",99.8,Weight %,1956
2.179,0.01384,0.0004152,None kPa,N/A,9009,['C'],A,Vacuum adiabatic calorimetry,"not stated,99.8 weight % (total),spectroscopy,ingot",99.8,Weight %,1956
2.377,0.01879,0.0005637,None kPa,N/A,9009,['C'],A,Vacuum adiabatic calorimetry,"not stated,99.8 weight % (total),spectroscopy,ingot",99.8,Weight %,1956
2.573,0.0237,0.000711,None kPa,N/A,9009,['C'],A,Vacuum adiabatic calorimetry,"not stated,99.8 weight % (total),spectroscopy,ingot",99.8,Weight %,1956
2.769,0.02907,0.0008721,None kPa,N/A,9009,['C'],A,Vacuum adiabatic calorimetry,"not stated,99.8 weight % (total),spectroscopy,ingot",99.8,Weight %,1956
2.986,0.03559,0.0010677,None kPa,N/A,9009,['C'],A,Vacuum adiabatic calorimetry,"not stated,99.8 weight % (total),spectroscopy,ingot",99.8,Weight %,1956
3.189,0.04028,0.0012084,None kPa,N/A,9009,['C'],A,Vacuum adiabatic calorimetry,"not stated,99.8 weight % (total),spectroscopy,ingot",99.8,Weight %,1956
3.378,0.04877,0.0014631,None kPa,N/A,9009,['C'],A,Vacuum adiabatic calorimetry,"not stated,99.8 weight % (total),spectroscopy,ingot",99.8,Weight %,1956
3.402,0.04984,0.0014952,None kPa,N/A,9009,['C'],A,Vacuum adiabatic calorimetry,"not stated,99.8 weight % (total),spectroscopy,ingot",99.8,Weight %,1956
3.601,0.05807,0.0017421,None kPa,N/A,9009,['C'],A,Vacuum adiabatic calorimetry,"not stated,99.8 weight % (total),spectroscopy,ingot",99.8,Weight %,1956
3.78,0.06635,0.0019905,None kPa,N/A,9009,['C'],A,Vacuum adiabatic calorimetry,"not stated,99.8 weight % (total),spectroscopy,ingot",99.8,Weight %,1956
3.995,0.07484,0.0022452,None kPa,N/A,9009,['C'],A,Vacuum adiabatic calorimetry,"not stated,99.8 weight % (total),spectroscopy,ingot",99.8,Weight %,1956
4.193,0.08319,0.0024957,None kPa,N/A,9009,['C'],A,Vacuum adiabatic calorimetry,"not stated,99.8 weight % (total),spectroscopy,ingot",99.8,Weight %,1956
4.402,0.09013,0.0027039,None kPa,N/A,9009,['C'],A,Vacuum adiabatic calorimetry,"not stated,99.8 weight % (total),spectroscopy,ingot",99.8,Weight %,1956
4.575,0.09768,0.0029304,None kPa,N/A,9009,['C'],A,Vacuum adiabatic calorimetry,"not stated,99.8 weight % (total),spectroscopy,ingot",99.8,Weight %,1956
4.784,0.1084,0.003252,None kPa,N/A,9009,['C'],A,Vacuum adiabatic calorimetry,"not stated,99.8 weight % (total),spectroscopy,ingot",99.8,Weight %,1956
1.214,0.00086,2.58e-05,None kPa,N/A,9009,['C'],A,Vacuum adiabatic calorimetry,"not stated,99.8 weight % (total),spectroscopy,ingot",99.8,Weight %,1956
1.272,0.001165,3.495e-05,None kPa,N/A,9009,['C'],A,Vacuum adiabatic calorimetry,"not stated,99.8 weight % (total),spectroscopy,ingot",99.8,Weight %,1956
1.326,0.001523,4.569e-05,None kPa,N/A,9009,['C'],A,Vacuum adiabatic calorimetry,"not stated,99.8 weight % (total),spectroscopy,ingot",99.8,Weight %,1956
1.517,0.00313,9.39e-05,None kPa,N/A,9009,['C'],A,Vacuum adiabatic calorimetry,"not stated,99.8 weight % (total),spectroscopy,ingot",99.8,Weight %,1956
1.718,0.005616,0.00016848,None kPa,N/A,9009,['C'],A,Vacuum adiabatic calorimetry,"not stated,99.8 weight % (total),spectroscopy,ingot",99.8,Weight %,1956
1.887,0.008537,0.00025611,None kPa,N/A,9009,['C'],A,Vacuum adiabatic calorimetry,"not stated,99.8 weight % (total),spectroscopy,ingot",99.8,Weight %,1956
2.066,0.01119,0.0003357,None kPa,N/A,9009,['C'],A,Vacuum adiabatic calorimetry,"not stated,99.8 weight % (total),spectroscopy,ingot",99.8,Weight %,1956
2.286,0.01665,0.0004995,None kPa,N/A,9009,['C'],A,Vacuum adiabatic calorimetry,"not stated,99.8 weight % (total),spectroscopy,ingot",99.8,Weight %,1956
2.482,0.02047,0.0006141,None kPa,N/A,9009,['C'],A,Vacuum adiabatic calorimetry,"not stated,99.8 weight % (total),spectroscopy,ingot",99.8,Weight %,1956
2.678,0.02641,0.0007923,None kPa,N/A,9009,['C'],A,Vacuum adiabatic calorimetry,"not stated,99.8 weight % (total),spectroscopy,ingot",99.8,Weight %,1956
2.891,0.03258,0.0009774,None kPa,N/A,9009,['C'],A,Vacuum adiabatic calorimetry,"not stated,99.8 weight % (total),spectroscopy,ingot",99.8,Weight %,1956
3.096,0.03914,0.0011742,None kPa,N/A,9009,['C'],A,Vacuum adiabatic calorimetry,"not stated,99.8 weight % (total),spectroscopy,ingot",99.8,Weight %,1956
3.301,0.04646,0.0013938,None kPa,N/A,9009,['C'],A,Vacuum adiabatic calorimetry,"not stated,99.8 weight % (total),spectroscopy,ingot",99.8,Weight %,1956
3.483,0.05314,0.0015942,None kPa,N/A,9009,['C'],A,Vacuum adiabatic calorimetry,"not stated,99.8 weight % (total),spectroscopy,ingot",99.8,Weight %,1956
3.608,0.05841,0.0017523,None kPa,N/A,9009,['C'],A,Vacuum adiabatic calorimetry,"not stated,99.8 weight % (total),spectroscopy,ingot",99.8,Weight %,1956
3.904,0.07133,0.0021399,None kPa,N/A,9009,['C'],A,Vacuum adiabatic calorimetry,"not stated,99.8 weight % (total),spectroscopy,ingot",99.8,Weight %,1956
4.11,0.08025,0.0024075,None kPa,N/A,9009,['C'],A,Vacuum adiabatic calorimetry,"not stated,99.8 weight % (total),spectroscopy,ingot",99.8,Weight %,1956
4.305,0.0864,0.002592,None kPa,N/A,9009,['C'],A,Vacuum adiabatic calorimetry,"not stated,99.8 weight % (total),spectroscopy,ingot",99.8,Weight %,1956
4.508,0.094,0.00282,None kPa,N/A,9009,['C'],A,Vacuum adiabatic calorimetry,"not stated,99.8 weight % (total),spectroscopy,ingot",99.8,Weight %,1956
4.685,0.1026,0.003078,None kPa,N/A,9009,['C'],A,Vacuum adiabatic calorimetry,"not stated,99.8 weight % (total),spectroscopy,ingot",99.8,Weight %,1956
4.815,0.1098,0.003294,None kPa,N/A,9009,['C'],A,Vacuum adiabatic calorimetry,"not stated,99.8 weight % (total),spectroscopy,ingot",99.8,Weight %,1956
1.131,0.00873,0.0002619,None kPa,N/A,9009,['C'],A,Vacuum adiabatic calorimetry,"not stated,99.8 weight % (total),spectroscopy,ingot",99.8,Weight %,1956
1.161,0.00977,0.0002931,None kPa,N/A,9009,['C'],A,Vacuum adiabatic calorimetry,"not stated,99.8 weight % (total),spectroscopy,ingot",99.8,Weight %,1956
1.391,0.01311,0.0003933,None kPa,N/A,9009,['C'],A,Vacuum adiabatic calorimetry,"not stated,99.8 weight % (total),spectroscopy,ingot",99.8,Weight %,1956
1.591,0.0164,0.000492,None kPa,N/A,9009,['C'],A,Vacuum adiabatic calorimetry,"not stated,99.8 weight % (total),spectroscopy,ingot",99.8,Weight %,1956
1.789,0.0197,0.000591,None kPa,N/A,9009,['C'],A,Vacuum adiabatic calorimetry,"not stated,99.8 weight % (total),spectroscopy,ingot",99.8,Weight %,1956
1.983,0.02317,0.0006951,None kPa,N/A,9009,['C'],A,Vacuum adiabatic calorimetry,"not stated,99.8 weight % (total),spectroscopy,ingot",99.8,Weight %,1956
2.202,0.02915,0.0008745,None kPa,N/A,9009,['C'],A,Vacuum adiabatic calorimetry,"not stated,99.8 weight % (total),spectroscopy,ingot",99.8,Weight %,1956
2.384,0.03286,0.0009858,None kPa,N/A,9009,['C'],A,Vacuum adiabatic calorimetry,"not stated,99.8 weight % (total),spectroscopy,ingot",99.8,Weight %,1956
2.577,0.03293,0.0009879,None kPa,N/A,9009,['C'],A,Vacuum adiabatic calorimetry,"not stated,99.8 weight % (total),spectroscopy,ingot",99.8,Weight %,1956
2.78,0.0269,0.000807,None kPa,N/A,9009,['C'],A,Vacuum adiabatic calorimetry,"not stated,99.8 weight % (total),spectroscopy,ingot",99.8,Weight %,1956
2.986,0.02905,0.0008715,None kPa,N/A,9009,['C'],A,Vacuum adiabatic calorimetry,"not stated,99.8 weight % (total),spectroscopy,ingot",99.8,Weight %,1956
2.887,0.02797,0.0008391,None kPa,N/A,9009,['C'],A,Vacuum adiabatic calorimetry,"not stated,99.8 weight % (total),spectroscopy,ingot",99.8,Weight %,1956
2.988,0.02873,0.0008619,None kPa,N/A,9009,['C'],A,Vacuum adiabatic calorimetry,"not stated,99.8 weight % (total),spectroscopy,ingot",99.8,Weight %,1956
3.085,0.0298,0.000894,None kPa,N/A,9009,['C'],A,Vacuum adiabatic calorimetry,"not stated,99.8 weight % (total),spectroscopy,ingot",99.8,Weight %,1956
3.186,0.03074,0.0009222,None kPa,N/A,9009,['C'],A,Vacuum adiabatic calorimetry,"not stated,99.8 weight % (total),spectroscopy,ingot",99.8,Weight %,1956
3.283,0.03212,0.0009636,None kPa,N/A,9009,['C'],A,Vacuum adiabatic calorimetry,"not stated,99.8 weight % (total),spectroscopy,ingot",99.8,Weight %,1956
3.392,0.03327,0.0009981,None kPa,N/A,9009,['C'],A,Vacuum adiabatic calorimetry,"not stated,99.8 weight % (total),spectroscopy,ingot",99.8,Weight %,1956
3.479,0.03412,0.0010236,None kPa,N/A,9009,['C'],A,Vacuum adiabatic calorimetry,"not stated,99.8 weight % (total),spectroscopy,ingot",99.8,Weight %,1956
3.584,0.03538,0.0010614,None kPa,N/A,9009,['C'],A,Vacuum adiabatic calorimetry,"not stated,99.8 weight % (total),spectroscopy,ingot",99.8,Weight %,1956
3.677,0.0368,0.001104,None kPa,N/A,9009,['C'],A,Vacuum adiabatic calorimetry,"not stated,99.8 weight % (total),spectroscopy,ingot",99.8,Weight %,1956
3.781,0.03768,0.0011304,None kPa,N/A,9009,['C'],A,Vacuum adiabatic calorimetry,"not stated,99.8 weight % (total),spectroscopy,ingot",99.8,Weight %,1956
3.946,0.04026,0.0012078,None kPa,N/A,9009,['C'],A,Vacuum adiabatic calorimetry,"not stated,99.8 weight % (total),spectroscopy,ingot",99.8,Weight %,1956
4.051,0.04178,0.0012534,None kPa,N/A,9009,['C'],A,Vacuum adiabatic calorimetry,"not stated,99.8 weight % (total),spectroscopy,ingot",99.8,Weight %,1956
4.191,0.04223,0.0012669,None kPa,N/A,9009,['C'],A,Vacuum adiabatic calorimetry,"not stated,99.8 weight % (total),spectroscopy,ingot",99.8,Weight %,1956
4.279,0.04337,0.0013011,None kPa,N/A,9009,['C'],A,Vacuum adiabatic calorimetry,"not stated,99.8 weight % (total),spectroscopy,ingot",99.8,Weight %,1956
4.383,0.04357,0.0013071,None kPa,N/A,9009,['C'],A,Vacuum adiabatic calorimetry,"not stated,99.8 weight % (total),spectroscopy,ingot",99.8,Weight %,1956
4.47,0.04427,0.0013281,None kPa,N/A,9009,['C'],A,Vacuum adiabatic calorimetry,"not stated,99.8 weight % (total),spectroscopy,ingot",99.8,Weight %,1956
4.56,0.04452,0.0013356,None kPa,N/A,9009,['C'],A,Vacuum adiabatic calorimetry,"not stated,99.8 weight % (total),spectroscopy,ingot",99.8,Weight %,1956
4.662,0.04623,0.0013869,None kPa,N/A,9009,['C'],A,Vacuum adiabatic calorimetry,"not stated,99.8 weight % (total),spectroscopy,ingot",99.8,Weight %,1956
4.753,0.04671,0.0014013,None kPa,N/A,9009,['C'],A,Vacuum adiabatic calorimetry,"not stated,99.8 weight % (total),spectroscopy,ingot",99.8,Weight %,1956
4.844,0.04771,0.0014313,None kPa,N/A,9009,['C'],A,Vacuum adiabatic calorimetry,"not stated,99.8 weight % (total),spectroscopy,ingot",99.8,Weight %,1956
1.353,0.01305,0.0003915,None kPa,N/A,9009,['C'],A,Vacuum adiabatic calorimetry,"not stated,99.8 weight % (total),spectroscopy,ingot",99.8,Weight %,1956
1.662,0.01608,0.0004824,None kPa,N/A,9009,['C'],A,Vacuum adiabatic calorimetry,"not stated,99.8 weight % (total),spectroscopy,ingot",99.8,Weight %,1956
2.428,0.02345,0.0007035,None kPa,N/A,9009,['C'],A,Vacuum adiabatic calorimetry,"not stated,99.8 weight % (total),spectroscopy,ingot",99.8,Weight %,1956
2.577,0.02431,0.0007293,None kPa,N/A,9009,['C'],A,Vacuum adiabatic calorimetry,"not stated,99.8 weight % (total),spectroscopy,ingot",99.8,Weight %,1956
2.719,0.02603,0.0007809,None kPa,N/A,9009,['C'],A,Vacuum adiabatic calorimetry,"not stated,99.8 weight % (total),spectroscopy,ingot",99.8,Weight %,1956
2.864,0.02741,0.0008223,None kPa,N/A,9009,['C'],A,Vacuum adiabatic calorimetry,"not stated,99.8 weight % (total),spectroscopy,ingot",99.8,Weight %,1956
3.078,0.02932,0.0008796,None kPa,N/A,9009,['C'],A,Vacuum adiabatic calorimetry,"not stated,99.8 weight % (total),spectroscopy,ingot",99.8,Weight %,1956
1.149,0.01194,0.0003582,None kPa,N/A,9009,['C'],A,Vacuum adiabatic calorimetry,"not stated,99.8 weight % (total),spectroscopy,ingot",99.8,Weight %,1956
1.278,0.01298,0.0003894,None kPa,N/A,9009,['C'],A,Vacuum adiabatic calorimetry,"not stated,99.8 weight % (total),spectroscopy,ingot",99.8,Weight %,1956
1.52,0.015,0.00045,None kPa,N/A,9009,['C'],A,Vacuum adiabatic calorimetry,"not stated,99.8 weight % (total),spectroscopy,ingot",99.8,Weight %,1956
1.824,0.01755,0.0005265,None kPa,N/A,9009,['C'],A,Vacuum adiabatic calorimetry,"not stated,99.8 weight % (total),spectroscopy,ingot",99.8,Weight %,1956
2.255,0.02217,0.0006651,None kPa,N/A,9009,['C'],A,Vacuum adiabatic calorimetry,"not stated,99.8 weight % (total),spectroscopy,ingot",99.8,Weight %,1956
1.959,0.01888,0.0005664,None kPa,N/A,9009,['C'],A,Vacuum adiabatic calorimetry,"not stated,99.8 weight % (total),spectroscopy,ingot",99.8,Weight %,1956
2.127,0.02004,0.0006012,None kPa,N/A,9009,['C'],A,Vacuum adiabatic calorimetry,"not stated,99.8 weight % (total),spectroscopy,ingot",99.8,Weight %,1956
1.114,0.01038,0.0003114,None kPa,N/A,9009,['C'],A,Vacuum adiabatic calorimetry,"not stated,99.8 weight % (total),spectroscopy,ingot",99.8,Weight %,1956
1.399,0.01292,0.0003876,None kPa,N/A,9009,['C'],A,Vacuum adiabatic calorimetry,"not stated,99.8 weight % (total),spectroscopy,ingot",99.8,Weight %,1956
1.639,0.01565,0.0004695,None kPa,N/A,9009,['C'],A,Vacuum adiabatic calorimetry,"not stated,99.8 weight % (total),spectroscopy,ingot",99.8,Weight %,1956
1.957,0.01842,0.0005526,None kPa,N/A,9009,['C'],A,Vacuum adiabatic calorimetry,"not stated,99.8 weight % (total),spectroscopy,ingot",99.8,Weight %,1956
4.94,0.122,0.00366,None kPa,N/A,9010,['C'],A,Vacuum adiabatic calorimetry,"not stated,99.8 weight % (total),spectroscopy,ingot",99.8,Weight %,1956
5.101,0.055,0.00165,None kPa,N/A,9010,['C'],A,Vacuum adiabatic calorimetry,"not stated,99.8 weight % (total),spectroscopy,ingot",99.8,Weight %,1956
4.893,0.1196,0.003588,None kPa,N/A,9010,['C'],A,Vacuum adiabatic calorimetry,"not stated,99.8 weight % (total),spectroscopy,ingot",99.8,Weight %,1956
4.923,0.1205,0.003615,None kPa,N/A,9010,['C'],A,Vacuum adiabatic calorimetry,"not stated,99.8 weight % (total),spectroscopy,ingot",99.8,Weight %,1956
4.953,0.1219,0.003657,None kPa,N/A,9010,['C'],A,Vacuum adiabatic calorimetry,"not stated,99.8 weight % (total),spectroscopy,ingot",99.8,Weight %,1956
4.983,0.118,0.00354,None kPa,N/A,9010,['C'],A,Vacuum adiabatic calorimetry,"not stated,99.8 weight % (total),spectroscopy,ingot",99.8,Weight %,1956
5.017,0.0961,0.002883,None kPa,N/A,9010,['C'],A,Vacuum adiabatic calorimetry,"not stated,99.8 weight % (total),spectroscopy,ingot",99.8,Weight %,1956
5.055,0.0583,0.001749,None kPa,N/A,9010,['C'],A,Vacuum adiabatic calorimetry,"not stated,99.8 weight % (total),spectroscopy,ingot",99.8,Weight %,1956
5.098,0.0546,0.001638,None kPa,N/A,9010,['C'],A,Vacuum adiabatic calorimetry,"not stated,99.8 weight % (total),spectroscopy,ingot",99.8,Weight %,1956
5.151,0.0551,0.001653,None kPa,N/A,9010,['C'],A,Vacuum adiabatic calorimetry,"not stated,99.8 weight % (total),spectroscopy,ingot",99.8,Weight %,1956
5.189,0.0556,0.001668,None kPa,N/A,9010,['C'],A,Vacuum adiabatic calorimetry,"not stated,99.8 weight % (total),spectroscopy,ingot",99.8,Weight %,1956
5.302,0.0571,0.001713,None kPa,N/A,9010,['C'],A,Vacuum adiabatic calorimetry,"not stated,99.8 weight % (total),spectroscopy,ingot",99.8,Weight %,1956
5.403,0.0585,0.001755,None kPa,N/A,9010,['C'],A,Vacuum adiabatic calorimetry,"not stated,99.8 weight % (total),spectroscopy,ingot",99.8,Weight %,1956
4.947,0.05162,0.0015486,None kPa,N/A,9010,['C'],A,Vacuum adiabatic calorimetry,"not stated,99.8 weight % (total),spectroscopy,ingot",99.8,Weight %,1956
5.06,0.05303,0.0015909,None kPa,N/A,9010,['C'],A,Vacuum adiabatic calorimetry,"not stated,99.8 weight % (total),spectroscopy,ingot",99.8,Weight %,1956
5.097,0.05401,0.0016203,None kPa,N/A,9010,['C'],A,Vacuum adiabatic calorimetry,"not stated,99.8 weight % (total),spectroscopy,ingot",99.8,Weight %,1956
5.142,0.05478,0.0016434,None kPa,N/A,9010,['C'],A,Vacuum adiabatic calorimetry,"not stated,99.8 weight % (total),spectroscopy,ingot",99.8,Weight %,1956
5.221,0.05493,0.0016479,None kPa,N/A,9010,['C'],A,Vacuum adiabatic calorimetry,"not stated,99.8 weight % (total),spectroscopy,ingot",99.8,Weight %,1956
5.358,0.05494,0.0016482,None kPa,N/A,9010,['C'],A,Vacuum adiabatic calorimetry,"not stated,99.8 weight % (total),spectroscopy,ingot",99.8,Weight %,1956
10.92,0.105437,0.00158155,None kPa,N/A,11233,['C'],A,Vacuum adiabatic calorimetry,"origin: commercial source,99.5 % (total),,foil",99.5,Not Specified %,1960
11.97,0.12301,0.00184514,None kPa,N/A,11233,['C'],A,Vacuum adiabatic calorimetry,"origin: commercial source,99.5 % (total),,foil",99.5,Not Specified %,1960
12.74,0.13849,0.00207736,None kPa,N/A,11233,['C'],A,Vacuum adiabatic calorimetry,"origin: commercial source,99.5 % (total),,foil",99.5,Not Specified %,1960
13.72,0.156063,0.00234095,None kPa,N/A,11233,['C'],A,Vacuum adiabatic calorimetry,"origin: commercial source,99.5 % (total),,foil",99.5,Not Specified %,1960
14.03,0.16736,0.0025104,None kPa,N/A,11233,['C'],A,Vacuum adiabatic calorimetry,"origin: commercial source,99.5 % (total),,foil",99.5,Not Specified %,1960
14.99,0.187862,0.00281792,None kPa,N/A,11233,['C'],A,Vacuum adiabatic calorimetry,"origin: commercial source,99.5 % (total),,foil",99.5,Not Specified %,1960
16.04,0.212129,0.00318193,None kPa,N/A,11233,['C'],A,Vacuum adiabatic calorimetry,"origin: commercial source,99.5 % (total),,foil",99.5,Not Specified %,1960
16.11,0.213384,0.00320076,None kPa,N/A,11233,['C'],A,Vacuum adiabatic calorimetry,"origin: commercial source,99.5 % (total),,foil",99.5,Not Specified %,1960
16.51,0.224681,0.00337021,None kPa,N/A,11233,['C'],A,Vacuum adiabatic calorimetry,"origin: commercial source,99.5 % (total),,foil",99.5,Not Specified %,1960
16.89,0.234304,0.00351456,None kPa,N/A,11233,['C'],A,Vacuum adiabatic calorimetry,"origin: commercial source,99.5 % (total),,foil",99.5,Not Specified %,1960
18.88,0.289114,0.00433672,None kPa,N/A,11233,['C'],A,Vacuum adiabatic calorimetry,"origin: commercial source,99.5 % (total),,foil",99.5,Not Specified %,1960
19.53,0.315055,0.00472583,None kPa,N/A,11233,['C'],A,Vacuum adiabatic calorimetry,"origin: commercial source,99.5 % (total),,foil",99.5,Not Specified %,1960
21.8,0.407103,0.00325683,None kPa,N/A,11233,['C'],A,Vacuum adiabatic calorimetry,"origin: commercial source,99.5 % (total),,foil",99.5,Not Specified %,1960
22.7,0.447688,0.0035815,None kPa,N/A,11233,['C'],A,Vacuum adiabatic calorimetry,"origin: commercial source,99.5 % (total),,foil",99.5,Not Specified %,1960
25.3,0.576974,0.00461579,None kPa,N/A,11233,['C'],A,Vacuum adiabatic calorimetry,"origin: commercial source,99.5 % (total),,foil",99.5,Not Specified %,1960
26.1,0.652704,0.00522163,None kPa,N/A,11233,['C'],A,Vacuum adiabatic calorimetry,"origin: commercial source,99.5 % (total),,foil",99.5,Not Specified %,1960
27.46,0.75563,0.00604504,None kPa,N/A,11233,['C'],A,Vacuum adiabatic calorimetry,"origin: commercial source,99.5 % (total),,foil",99.5,Not Specified %,1960
27.53,0.75061,0.00600488,None kPa,N/A,11233,['C'],A,Vacuum adiabatic calorimetry,"origin: commercial source,99.5 % (total),,foil",99.5,Not Specified %,1960
30.56,0.994955,0.00795964,None kPa,N/A,11233,['C'],A,Vacuum adiabatic calorimetry,"origin: commercial source,99.5 % (total),,foil",99.5,Not Specified %,1960
30.7,1.00876,0.0080701,None kPa,N/A,11233,['C'],A,Vacuum adiabatic calorimetry,"origin: commercial source,99.5 % (total),,foil",99.5,Not Specified %,1960
33.84,1.32089,0.0105671,None kPa,N/A,11233,['C'],A,Vacuum adiabatic calorimetry,"origin: commercial source,99.5 % (total),,foil",99.5,Not Specified %,1960
33.89,1.32842,0.0106274,None kPa,N/A,11233,['C'],A,Vacuum adiabatic calorimetry,"origin: commercial source,99.5 % (total),,foil",99.5,Not Specified %,1960
37.89,1.81753,0.0145402,None kPa,N/A,11233,['C'],A,Vacuum adiabatic calorimetry,"origin: commercial source,99.5 % (total),,foil",99.5,Not Specified %,1960
38.11,1.83427,0.0146741,None kPa,N/A,11233,['C'],A,Vacuum adiabatic calorimetry,"origin: commercial source,99.5 % (total),,foil",99.5,Not Specified %,1960
41.45,2.30622,0.0184498,None kPa,N/A,11233,['C'],A,Vacuum adiabatic calorimetry,"origin: commercial source,99.5 % (total),,foil",99.5,Not Specified %,1960
41.84,2.35978,0.0188782,None kPa,N/A,11233,['C'],A,Vacuum adiabatic calorimetry,"origin: commercial source,99.5 % (total),,foil",99.5,Not Specified %,1960
45.36,2.92252,0.0233802,None kPa,N/A,11233,['C'],A,Vacuum adiabatic calorimetry,"origin: commercial source,99.5 % (total),,foil",99.5,Not Specified %,1960
46.56,3.11541,0.0249233,None kPa,N/A,11233,['C'],A,Vacuum adiabatic calorimetry,"origin: commercial source,99.5 % (total),,foil",99.5,Not Specified %,1960
49.17,3.58611,0.0286889,None kPa,N/A,11233,['C'],A,Vacuum adiabatic calorimetry,"origin: commercial source,99.5 % (total),,foil",99.5,Not Specified %,1960
51.42,3.98652,0.0318921,None kPa,N/A,11233,['C'],A,Vacuum adiabatic calorimetry,"origin: commercial source,99.5 % (total),,foil",99.5,Not Specified %,1960
53.78,4.43086,0.0354468,None kPa,N/A,11233,['C'],A,Vacuum adiabatic calorimetry,"origin: commercial source,99.5 % (total),,foil",99.5,Not Specified %,1960
56.93,5.0459,0.0403672,None kPa,N/A,11233,['C'],A,Vacuum adiabatic calorimetry,"origin: commercial source,99.5 % (total),,foil",99.5,Not Specified %,1960
58.34,5.30113,0.042409,None kPa,N/A,11233,['C'],A,Vacuum adiabatic calorimetry,"origin: commercial source,99.5 % (total),,foil",99.5,Not Specified %,1960
62.0,6.0417,0.0483336,None kPa,N/A,11233,['C'],A,Vacuum adiabatic calorimetry,"origin: commercial source,99.5 % (total),,foil",99.5,Not Specified %,1960
63.94,6.41826,0.051346,None kPa,N/A,11233,['C'],A,Vacuum adiabatic calorimetry,"origin: commercial source,99.5 % (total),,foil",99.5,Not Specified %,1960
65.31,6.65674,0.053254,None kPa,N/A,11233,['C'],A,Vacuum adiabatic calorimetry,"origin: commercial source,99.5 % (total),,foil",99.5,Not Specified %,1960
69.12,7.43915,0.0595132,None kPa,N/A,11233,['C'],A,Vacuum adiabatic calorimetry,"origin: commercial source,99.5 % (total),,foil",99.5,Not Specified %,1960
71.92,7.9496,0.0635968,None kPa,N/A,11233,['C'],A,Vacuum adiabatic calorimetry,"origin: commercial source,99.5 % (total),,foil",99.5,Not Specified %,1960
77.73,9.05418,0.0724334,None kPa,N/A,11233,['C'],A,Vacuum adiabatic calorimetry,"origin: commercial source,99.5 % (total),,foil",99.5,Not Specified %,1960
83.86,10.1797,0.030539,None kPa,N/A,11233,['C'],A,Vacuum adiabatic calorimetry,"origin: commercial source,99.5 % (total),,foil",99.5,Not Specified %,1960
89.37,11.2048,0.0336143,None kPa,N/A,11233,['C'],A,Vacuum adiabatic calorimetry,"origin: commercial source,99.5 % (total),,foil",99.5,Not Specified %,1960
94.76,12.0792,0.0362376,None kPa,N/A,11233,['C'],A,Vacuum adiabatic calorimetry,"origin: commercial source,99.5 % (total),,foil",99.5,Not Specified %,1960
100.09,12.8658,0.0385974,None kPa,N/A,11233,['C'],A,Vacuum adiabatic calorimetry,"origin: commercial source,99.5 % (total),,foil",99.5,Not Specified %,1960
105.9,13.7319,0.0411957,None kPa,N/A,11233,['C'],A,Vacuum adiabatic calorimetry,"origin: commercial source,99.5 % (total),,foil",99.5,Not Specified %,1960
111.28,14.4808,0.0434425,None kPa,N/A,11233,['C'],A,Vacuum adiabatic calorimetry,"origin: commercial source,99.5 % (total),,foil",99.5,Not Specified %,1960
116.65,15.0415,0.0451244,None kPa,N/A,11233,['C'],A,Vacuum adiabatic calorimetry,"origin: commercial source,99.5 % (total),,foil",99.5,Not Specified %,1960
121.98,15.7862,0.0473587,None kPa,N/A,11233,['C'],A,Vacuum adiabatic calorimetry,"origin: commercial source,99.5 % (total),,foil",99.5,Not Specified %,1960
127.97,16.4766,0.0494298,None kPa,N/A,11233,['C'],A,Vacuum adiabatic calorimetry,"origin: commercial source,99.5 % (total),,foil",99.5,Not Specified %,1960
133.43,16.9452,0.0508356,None kPa,N/A,11233,['C'],A,Vacuum adiabatic calorimetry,"origin: commercial source,99.5 % (total),,foil",99.5,Not Specified %,1960
138.82,17.5226,0.0525678,None kPa,N/A,11233,['C'],A,Vacuum adiabatic calorimetry,"origin: commercial source,99.5 % (total),,foil",99.5,Not Specified %,1960
144.15,17.9535,0.0538606,None kPa,N/A,11233,['C'],A,Vacuum adiabatic calorimetry,"origin: commercial source,99.5 % (total),,foil",99.5,Not Specified %,1960
150.36,18.5519,0.0556556,None kPa,N/A,11233,['C'],A,Vacuum adiabatic calorimetry,"origin: commercial source,99.5 % (total),,foil",99.5,Not Specified %,1960
155.97,18.9159,0.0567476,None kPa,N/A,11233,['C'],A,Vacuum adiabatic calorimetry,"origin: commercial source,99.5 % (total),,foil",99.5,Not Specified %,1960
161.57,19.3594,0.0580781,None kPa,N/A,11233,['C'],A,Vacuum adiabatic calorimetry,"origin: commercial source,99.5 % (total),,foil",99.5,Not Specified %,1960
167.15,19.7861,0.0593584,None kPa,N/A,11233,['C'],A,Vacuum adiabatic calorimetry,"origin: commercial source,99.5 % (total),,foil",99.5,Not Specified %,1960
173.89,20.192,0.060576,None kPa,N/A,11233,['C'],A,Vacuum adiabatic calorimetry,"origin: commercial source,99.5 % (total),,foil",99.5,Not Specified %,1960
179.78,20.4723,0.0614169,None kPa,N/A,11233,['C'],A,Vacuum adiabatic calorimetry,"origin: commercial source,99.5 % (total),,foil",99.5,Not Specified %,1960
185.61,20.8447,0.0625341,None kPa,N/A,11233,['C'],A,Vacuum adiabatic calorimetry,"origin: commercial source,99.5 % (total),,foil",99.5,Not Specified %,1960
192.95,21.2045,0.0636135,None kPa,N/A,11233,['C'],A,Vacuum adiabatic calorimetry,"origin: commercial source,99.5 % (total),,foil",99.5,Not Specified %,1960
198.45,21.4807,0.064442,None kPa,N/A,11233,['C'],A,Vacuum adiabatic calorimetry,"origin: commercial source,99.5 % (total),,foil",99.5,Not Specified %,1960
198.96,21.489,0.0644671,None kPa,N/A,11233,['C'],A,Vacuum adiabatic calorimetry,"origin: commercial source,99.5 % (total),,foil",99.5,Not Specified %,1960
200.17,21.5853,0.0647558,None kPa,N/A,11233,['C'],A,Vacuum adiabatic calorimetry,"origin: commercial source,99.5 % (total),,foil",99.5,Not Specified %,1960
204.15,21.8405,0.0655214,None kPa,N/A,11233,['C'],A,Vacuum adiabatic calorimetry,"origin: commercial source,99.5 % (total),,foil",99.5,Not Specified %,1960
204.83,21.7108,0.0651323,None kPa,N/A,11233,['C'],A,Vacuum adiabatic calorimetry,"origin: commercial source,99.5 % (total),,foil",99.5,Not Specified %,1960
206.0,21.8865,0.0656595,None kPa,N/A,11233,['C'],A,Vacuum adiabatic calorimetry,"origin: commercial source,99.5 % (total),,foil",99.5,Not Specified %,1960
209.71,22.0455,0.0661365,None kPa,N/A,11233,['C'],A,Vacuum adiabatic calorimetry,"origin: commercial source,99.5 % (total),,foil",99.5,Not Specified %,1960
211.64,22.1501,0.0664503,None kPa,N/A,11233,['C'],A,Vacuum adiabatic calorimetry,"origin: commercial source,99.5 % (total),,foil",99.5,Not Specified %,1960
212.26,22.125,0.066375,None kPa,N/A,11233,['C'],A,Vacuum adiabatic calorimetry,"origin: commercial source,99.5 % (total),,foil",99.5,Not Specified %,1960
217.06,22.2965,0.0668896,None kPa,N/A,11233,['C'],A,Vacuum adiabatic calorimetry,"origin: commercial source,99.5 % (total),,foil",99.5,Not Specified %,1960
217.17,22.33,0.06699,None kPa,N/A,11233,['C'],A,Vacuum adiabatic calorimetry,"origin: commercial source,99.5 % (total),,foil",99.5,Not Specified %,1960
218.25,22.3802,0.0671406,None kPa,N/A,11233,['C'],A,Vacuum adiabatic calorimetry,"origin: commercial source,99.5 % (total),,foil",99.5,Not Specified %,1960
222.58,22.6605,0.0679816,None kPa,N/A,11233,['C'],A,Vacuum adiabatic calorimetry,"origin: commercial source,99.5 % (total),,foil",99.5,Not Specified %,1960
222.87,22.602,0.0678059,None kPa,N/A,11233,['C'],A,Vacuum adiabatic calorimetry,"origin: commercial source,99.5 % (total),,foil",99.5,Not Specified %,1960
228.51,22.8907,0.068672,None kPa,N/A,11233,['C'],A,Vacuum adiabatic calorimetry,"origin: commercial source,99.5 % (total),,foil",99.5,Not Specified %,1960
230.67,22.9241,0.0687724,None kPa,N/A,11233,['C'],A,Vacuum adiabatic calorimetry,"origin: commercial source,99.5 % (total),,foil",99.5,Not Specified %,1960
233.94,23.1208,0.0693623,None kPa,N/A,11233,['C'],A,Vacuum adiabatic calorimetry,"origin: commercial source,99.5 % (total),,foil",99.5,Not Specified %,1960
236.67,23.1626,0.0694879,None kPa,N/A,11233,['C'],A,Vacuum adiabatic calorimetry,"origin: commercial source,99.5 % (total),,foil",99.5,Not Specified %,1960
242.18,23.3258,0.0699774,None kPa,N/A,11233,['C'],A,Vacuum adiabatic calorimetry,"origin: commercial source,99.5 % (total),,foil",99.5,Not Specified %,1960
242.46,23.3258,0.0699774,None kPa,N/A,11233,['C'],A,Vacuum adiabatic calorimetry,"origin: commercial source,99.5 % (total),,foil",99.5,Not Specified %,1960
248.1,23.4053,0.0702159,None kPa,N/A,11233,['C'],A,Vacuum adiabatic calorimetry,"origin: commercial source,99.5 % (total),,foil",99.5,Not Specified %,1960
248.12,23.3927,0.0701782,None kPa,N/A,11233,['C'],A,Vacuum adiabatic calorimetry,"origin: commercial source,99.5 % (total),,foil",99.5,Not Specified %,1960
253.79,23.7484,0.0712451,None kPa,N/A,11233,['C'],A,Vacuum adiabatic calorimetry,"origin: commercial source,99.5 % (total),,foil",99.5,Not Specified %,1960
256.09,23.7484,0.0712451,None kPa,N/A,11233,['C'],A,Vacuum adiabatic calorimetry,"origin: commercial source,99.5 % (total),,foil",99.5,Not Specified %,1960
261.97,23.9074,0.0717221,None kPa,N/A,11233,['C'],A,Vacuum adiabatic calorimetry,"origin: commercial source,99.5 % (total),,foil",99.5,Not Specified %,1960
262.05,23.9743,0.071923,None kPa,N/A,11233,['C'],A,Vacuum adiabatic calorimetry,"origin: commercial source,99.5 % (total),,foil",99.5,Not Specified %,1960
267.74,23.9743,0.071923,None kPa,N/A,11233,['C'],A,Vacuum adiabatic calorimetry,"origin: commercial source,99.5 % (total),,foil",99.5,Not Specified %,1960
267.95,23.9367,0.07181,None kPa,N/A,11233,['C'],A,Vacuum adiabatic calorimetry,"origin: commercial source,99.5 % (total),,foil",99.5,Not Specified %,1960
273.55,24.2295,0.0726886,None kPa,N/A,11233,['C'],A,Vacuum adiabatic calorimetry,"origin: commercial source,99.5 % (total),,foil",99.5,Not Specified %,1960
25.0,0.356,0.01068,None kPa,N/A,11810,['C'],A,Adiabatic calorimeter (non-vacuum) ,"not stated,99.8 % (total),spectroscopy,powder",99.8,Not Specified %,1961
30.0,0.741,0.02223,None kPa,N/A,11810,['C'],A,Adiabatic calorimeter (non-vacuum) ,"not stated,99.8 % (total),spectroscopy,powder",99.8,Not Specified %,1961
35.0,1.255,0.03765,None kPa,N/A,11810,['C'],A,Adiabatic calorimeter (non-vacuum) ,"not stated,99.8 % (total),spectroscopy,powder",99.8,Not Specified %,1961
40.0,1.891,0.05673,None kPa,N/A,11810,['C'],A,Adiabatic calorimeter (non-vacuum) ,"not stated,99.8 % (total),spectroscopy,powder",99.8,Not Specified %,1961
45.0,2.615,0.07845,None kPa,N/A,11810,['C'],A,Adiabatic calorimeter (non-vacuum) ,"not stated,99.8 % (total),spectroscopy,powder",99.8,Not Specified %,1961
50.0,3.565,0.10695,None kPa,N/A,11810,['C'],A,Adiabatic calorimeter (non-vacuum) ,"not stated,99.8 % (total),spectroscopy,powder",99.8,Not Specified %,1961
60.0,5.523,0.11046,None kPa,N/A,11811,['C'],A,Adiabatic calorimeter (non-vacuum) ,"not stated,99.8 % (total),spectroscopy,powder",99.8,Not Specified %,1961
70.0,8.054,0.16108,None kPa,N/A,11811,['C'],A,Adiabatic calorimeter (non-vacuum) ,"not stated,99.8 % (total),spectroscopy,powder",99.8,Not Specified %,1961
80.0,10.19,0.2038,None kPa,N/A,11811,['C'],A,Adiabatic calorimeter (non-vacuum) ,"not stated,99.8 % (total),spectroscopy,powder",99.8,Not Specified %,1961
90.0,12.01,0.2402,None kPa,N/A,11811,['C'],A,Adiabatic calorimeter (non-vacuum) ,"not stated,99.8 % (total),spectroscopy,powder",99.8,Not Specified %,1961
100.0,13.51,0.2702,None kPa,N/A,11811,['C'],A,Adiabatic calorimeter (non-vacuum) ,"not stated,99.8 % (total),spectroscopy,powder",99.8,Not Specified %,1961
110.0,14.9,0.298,None kPa,N/A,11811,['C'],A,Adiabatic calorimeter (non-vacuum) ,"not stated,99.8 % (total),spectroscopy,powder",99.8,Not Specified %,1961
120.0,16.11,0.3222,None kPa,N/A,11811,['C'],A,Adiabatic calorimeter (non-vacuum) ,"not stated,99.8 % (total),spectroscopy,powder",99.8,Not Specified %,1961
130.0,17.2,0.344,None kPa,N/A,11811,['C'],A,Adiabatic calorimeter (non-vacuum) ,"not stated,99.8 % (total),spectroscopy,powder",99.8,Not Specified %,1961
140.0,18.2,0.364,None kPa,N/A,11811,['C'],A,Adiabatic calorimeter (non-vacuum) ,"not stated,99.8 % (total),spectroscopy,powder",99.8,Not Specified %,1961
150.0,19.12,0.3824,None kPa,N/A,11811,['C'],A,Adiabatic calorimeter (non-vacuum) ,"not stated,99.8 % (total),spectroscopy,powder",99.8,Not Specified %,1961
160.0,19.92,0.3984,None kPa,N/A,11811,['C'],A,Adiabatic calorimeter (non-vacuum) ,"not stated,99.8 % (total),spectroscopy,powder",99.8,Not Specified %,1961
170.0,20.63,0.4126,None kPa,N/A,11811,['C'],A,Adiabatic calorimeter (non-vacuum) ,"not stated,99.8 % (total),spectroscopy,powder",99.8,Not Specified %,1961
180.0,21.21,0.4242,None kPa,N/A,11811,['C'],A,Adiabatic calorimeter (non-vacuum) ,"not stated,99.8 % (total),spectroscopy,powder",99.8,Not Specified %,1961
190.0,21.8,0.436,None kPa,N/A,11811,['C'],A,Adiabatic calorimeter (non-vacuum) ,"not stated,99.8 % (total),spectroscopy,powder",99.8,Not Specified %,1961
200.0,22.26,0.4452,None kPa,N/A,11811,['C'],A,Adiabatic calorimeter (non-vacuum) ,"not stated,99.8 % (total),spectroscopy,powder",99.8,Not Specified %,1961
210.0,22.68,0.4536,None kPa,N/A,11811,['C'],A,Adiabatic calorimeter (non-vacuum) ,"not stated,99.8 % (total),spectroscopy,powder",99.8,Not Specified %,1961
220.0,23.1,0.462,None kPa,N/A,11811,['C'],A,Adiabatic calorimeter (non-vacuum) ,"not stated,99.8 % (total),spectroscopy,powder",99.8,Not Specified %,1961
230.0,23.43,0.4686,None kPa,N/A,11811,['C'],A,Adiabatic calorimeter (non-vacuum) ,"not stated,99.8 % (total),spectroscopy,powder",99.8,Not Specified %,1961
240.0,23.68,0.4736,None kPa,N/A,11811,['C'],A,Adiabatic calorimeter (non-vacuum) ,"not stated,99.8 % (total),spectroscopy,powder",99.8,Not Specified %,1961
250.0,23.93,0.4786,None kPa,N/A,11811,['C'],A,Adiabatic calorimeter (non-vacuum) ,"not stated,99.8 % (total),spectroscopy,powder",99.8,Not Specified %,1961
260.0,24.1,0.482,None kPa,N/A,11811,['C'],A,Adiabatic calorimeter (non-vacuum) ,"not stated,99.8 % (total),spectroscopy,powder",99.8,Not Specified %,1961
270.0,24.35,0.487,None kPa,N/A,11811,['C'],A,Adiabatic calorimeter (non-vacuum) ,"not stated,99.8 % (total),spectroscopy,powder",99.8,Not Specified %,1961
280.0,24.56,0.4912,None kPa,N/A,11811,['C'],A,Adiabatic calorimeter (non-vacuum) ,"not stated,99.8 % (total),spectroscopy,powder",99.8,Not Specified %,1961
290.0,24.77,0.4954,None kPa,N/A,11811,['C'],A,Adiabatic calorimeter (non-vacuum) ,"not stated,99.8 % (total),spectroscopy,powder",99.8,Not Specified %,1961
300.0,25.02,0.5004,None kPa,N/A,11811,['C'],A,Adiabatic calorimeter (non-vacuum) ,"not stated,99.8 % (total),spectroscopy,powder",99.8,Not Specified %,1961
310.0,25.23,0.5046,None kPa,N/A,11811,['C'],A,Adiabatic calorimeter (non-vacuum) ,"not stated,99.8 % (total),spectroscopy,powder",99.8,Not Specified %,1961
320.0,25.48,0.5096,None kPa,N/A,11811,['C'],A,Adiabatic calorimeter (non-vacuum) ,"not stated,99.8 % (total),spectroscopy,powder",99.8,Not Specified %,1961
330.0,25.77,0.5154,None kPa,N/A,11811,['C'],A,Adiabatic calorimeter (non-vacuum) ,"not stated,99.8 % (total),spectroscopy,powder",99.8,Not Specified %,1961
340.0,25.94,0.5188,None kPa,N/A,11811,['C'],A,Adiabatic calorimeter (non-vacuum) ,"not stated,99.8 % (total),spectroscopy,powder",99.8,Not Specified %,1961
298.16,24.98,0.4996,None kPa,N/A,11811,['C'],A,Adiabatic calorimeter (non-vacuum) ,"not stated,99.8 % (total),spectroscopy,powder",99.8,Not Specified %,1961
23.96,0.106,0.00318,None kPa,N/A,11812,['C'],A,Adiabatic calorimeter (non-vacuum) ,"not stated,99.8 % (total),spectroscopy,powder",99.8,Not Specified %,1961
40.53,1.777,0.05331,None kPa,N/A,11812,['C'],A,Adiabatic calorimeter (non-vacuum) ,"not stated,99.8 % (total),spectroscopy,powder",99.8,Not Specified %,1961
46.39,2.659,0.07977,None kPa,N/A,11812,['C'],A,Adiabatic calorimeter (non-vacuum) ,"not stated,99.8 % (total),spectroscopy,powder",99.8,Not Specified %,1961
51.08,3.375,0.0675,None kPa,N/A,11813,['C'],A,Adiabatic calorimeter (non-vacuum) ,"not stated,99.8 % (total),spectroscopy,powder",99.8,Not Specified %,1961
58.89,5.126,0.10252,None kPa,N/A,11813,['C'],A,Adiabatic calorimeter (non-vacuum) ,"not stated,99.8 % (total),spectroscopy,powder",99.8,Not Specified %,1961
65.74,7.105,0.1421,None kPa,N/A,11813,['C'],A,Adiabatic calorimeter (non-vacuum) ,"not stated,99.8 % (total),spectroscopy,powder",99.8,Not Specified %,1961
71.05,8.525,0.1705,None kPa,N/A,11813,['C'],A,Adiabatic calorimeter (non-vacuum) ,"not stated,99.8 % (total),spectroscopy,powder",99.8,Not Specified %,1961
77.72,9.768,0.19536,None kPa,N/A,11813,['C'],A,Adiabatic calorimeter (non-vacuum) ,"not stated,99.8 % (total),spectroscopy,powder",99.8,Not Specified %,1961
83.73,10.962,0.21924,None kPa,N/A,11813,['C'],A,Adiabatic calorimeter (non-vacuum) ,"not stated,99.8 % (total),spectroscopy,powder",99.8,Not Specified %,1961
92.52,12.126,0.24252,None kPa,N/A,11813,['C'],A,Adiabatic calorimeter (non-vacuum) ,"not stated,99.8 % (total),spectroscopy,powder",99.8,Not Specified %,1961
99.56,13.06,0.2612,None kPa,N/A,11813,['C'],A,Adiabatic calorimeter (non-vacuum) ,"not stated,99.8 % (total),spectroscopy,powder",99.8,Not Specified %,1961
105.17,14.024,0.28048,None kPa,N/A,11813,['C'],A,Adiabatic calorimeter (non-vacuum) ,"not stated,99.8 % (total),spectroscopy,powder",99.8,Not Specified %,1961
111.91,14.791,0.29582,None kPa,N/A,11813,['C'],A,Adiabatic calorimeter (non-vacuum) ,"not stated,99.8 % (total),spectroscopy,powder",99.8,Not Specified %,1961
117.85,15.525,0.3105,None kPa,N/A,11813,['C'],A,Adiabatic calorimeter (non-vacuum) ,"not stated,99.8 % (total),spectroscopy,powder",99.8,Not Specified %,1961
125.11,16.317,0.32634,None kPa,N/A,11813,['C'],A,Adiabatic calorimeter (non-vacuum) ,"not stated,99.8 % (total),spectroscopy,powder",99.8,Not Specified %,1961
131.59,17.051,0.34102,None kPa,N/A,11813,['C'],A,Adiabatic calorimeter (non-vacuum) ,"not stated,99.8 % (total),spectroscopy,powder",99.8,Not Specified %,1961
138.92,17.791,0.35582,None kPa,N/A,11813,['C'],A,Adiabatic calorimeter (non-vacuum) ,"not stated,99.8 % (total),spectroscopy,powder",99.8,Not Specified %,1961
147.83,18.562,0.37124,None kPa,N/A,11813,['C'],A,Adiabatic calorimeter (non-vacuum) ,"not stated,99.8 % (total),spectroscopy,powder",99.8,Not Specified %,1961
153.95,19.32,0.3864,None kPa,N/A,11813,['C'],A,Adiabatic calorimeter (non-vacuum) ,"not stated,99.8 % (total),spectroscopy,powder",99.8,Not Specified %,1961
160.11,19.818,0.39636,None kPa,N/A,11813,['C'],A,Adiabatic calorimeter (non-vacuum) ,"not stated,99.8 % (total),spectroscopy,powder",99.8,Not Specified %,1961
167.33,20.261,0.40522,None kPa,N/A,11813,['C'],A,Adiabatic calorimeter (non-vacuum) ,"not stated,99.8 % (total),spectroscopy,powder",99.8,Not Specified %,1961
173.53,20.577,0.41154,None kPa,N/A,11813,['C'],A,Adiabatic calorimeter (non-vacuum) ,"not stated,99.8 % (total),spectroscopy,powder",99.8,Not Specified %,1961
183.87,21.146,0.42292,None kPa,N/A,11813,['C'],A,Adiabatic calorimeter (non-vacuum) ,"not stated,99.8 % (total),spectroscopy,powder",99.8,Not Specified %,1961
192.74,21.677,0.43354,None kPa,N/A,11813,['C'],A,Adiabatic calorimeter (non-vacuum) ,"not stated,99.8 % (total),spectroscopy,powder",99.8,Not Specified %,1961
200.66,22.064,0.44128,None kPa,N/A,11813,['C'],A,Adiabatic calorimeter (non-vacuum) ,"not stated,99.8 % (total),spectroscopy,powder",99.8,Not Specified %,1961
209.83,22.532,0.45064,None kPa,N/A,11813,['C'],A,Adiabatic calorimeter (non-vacuum) ,"not stated,99.8 % (total),spectroscopy,powder",99.8,Not Specified %,1961
217.78,22.86,0.4572,None kPa,N/A,11813,['C'],A,Adiabatic calorimeter (non-vacuum) ,"not stated,99.8 % (total),spectroscopy,powder",99.8,Not Specified %,1961
227.9,23.205,0.4641,None kPa,N/A,11813,['C'],A,Adiabatic calorimeter (non-vacuum) ,"not stated,99.8 % (total),spectroscopy,powder",99.8,Not Specified %,1961
237.62,23.727,0.47454,None kPa,N/A,11813,['C'],A,Adiabatic calorimeter (non-vacuum) ,"not stated,99.8 % (total),spectroscopy,powder",99.8,Not Specified %,1961
247.01,23.766,0.47532,None kPa,N/A,11813,['C'],A,Adiabatic calorimeter (non-vacuum) ,"not stated,99.8 % (total),spectroscopy,powder",99.8,Not Specified %,1961
256.32,23.749,0.47498,None kPa,N/A,11813,['C'],A,Adiabatic calorimeter (non-vacuum) ,"not stated,99.8 % (total),spectroscopy,powder",99.8,Not Specified %,1961
266.55,24.142,0.48284,None kPa,N/A,11813,['C'],A,Adiabatic calorimeter (non-vacuum) ,"not stated,99.8 % (total),spectroscopy,powder",99.8,Not Specified %,1961
274.8,24.319,0.48638,None kPa,N/A,11813,['C'],A,Adiabatic calorimeter (non-vacuum) ,"not stated,99.8 % (total),spectroscopy,powder",99.8,Not Specified %,1961
284.74,24.506,0.49012,None kPa,N/A,11813,['C'],A,Adiabatic calorimeter (non-vacuum) ,"not stated,99.8 % (total),spectroscopy,powder",99.8,Not Specified %,1961
295.48,24.511,0.49022,None kPa,N/A,11813,['C'],A,Adiabatic calorimeter (non-vacuum) ,"not stated,99.8 % (total),spectroscopy,powder",99.8,Not Specified %,1961
305.9,24.81,0.4962,None kPa,N/A,11813,['C'],A,Adiabatic calorimeter (non-vacuum) ,"not stated,99.8 % (total),spectroscopy,powder",99.8,Not Specified %,1961
315.65,24.976,0.49952,None kPa,N/A,11813,['C'],A,Adiabatic calorimeter (non-vacuum) ,"not stated,99.8 % (total),spectroscopy,powder",99.8,Not Specified %,1961
324.3,25.102,0.50204,None kPa,N/A,11813,['C'],A,Adiabatic calorimeter (non-vacuum) ,"not stated,99.8 % (total),spectroscopy,powder",99.8,Not Specified %,1961
331.61,25.697,0.51394,None kPa,N/A,11813,['C'],A,Adiabatic calorimeter (non-vacuum) ,"not stated,99.8 % (total),spectroscopy,powder",99.8,Not Specified %,1961
338.4,25.988,0.51976,None kPa,N/A,11813,['C'],A,Adiabatic calorimeter (non-vacuum) ,"not stated,99.8 % (total),spectroscopy,powder",99.8,Not Specified %,1961
1.546,0.00488064,0.000146419,None kPa,N/A,12807,['C'],A,Low temperature calorimetry set up,"not stated,99.8 % (total),",99.8,Not Specified %,1962
1.744,0.00772785,0.000231835,None kPa,N/A,12807,['C'],A,Low temperature calorimetry set up,"not stated,99.8 % (total),",99.8,Not Specified %,1962
1.894,0.0107905,0.000323716,None kPa,N/A,12807,['C'],A,Low temperature calorimetry set up,"not stated,99.8 % (total),",99.8,Not Specified %,1962
2.04,0.0139235,0.00027847,None kPa,N/A,12808,['C'],A,Low temperature calorimetry set up,"not stated,99.8 % (total),",99.8,Not Specified %,1962
2.217,0.0179791,0.000359581,None kPa,N/A,12808,['C'],A,Low temperature calorimetry set up,"not stated,99.8 % (total),",99.8,Not Specified %,1962
2.445,0.0238802,0.000477604,None kPa,N/A,12808,['C'],A,Low temperature calorimetry set up,"not stated,99.8 % (total),",99.8,Not Specified %,1962
2.646,0.0303118,0.000606237,None kPa,N/A,12808,['C'],A,Low temperature calorimetry set up,"not stated,99.8 % (total),",99.8,Not Specified %,1962
2.839,0.0364138,0.000728275,None kPa,N/A,12808,['C'],A,Low temperature calorimetry set up,"not stated,99.8 % (total),",99.8,Not Specified %,1962
3.024,0.0429195,0.000858389,None kPa,N/A,12808,['C'],A,Low temperature calorimetry set up,"not stated,99.8 % (total),",99.8,Not Specified %,1962
3.183,0.0492959,0.000985918,None kPa,N/A,12808,['C'],A,Low temperature calorimetry set up,"not stated,99.8 % (total),",99.8,Not Specified %,1962
3.424,0.0584086,0.00116817,None kPa,N/A,12808,['C'],A,Low temperature calorimetry set up,"not stated,99.8 % (total),",99.8,Not Specified %,1962
3.662,0.0691322,0.00138264,None kPa,N/A,12808,['C'],A,Low temperature calorimetry set up,"not stated,99.8 % (total),",99.8,Not Specified %,1962
3.831,0.0757388,0.00151478,None kPa,N/A,12808,['C'],A,Low temperature calorimetry set up,"not stated,99.8 % (total),",99.8,Not Specified %,1962
4.02,0.0852197,0.00170439,None kPa,N/A,12808,['C'],A,Low temperature calorimetry set up,"not stated,99.8 % (total),",99.8,Not Specified %,1962
4.171,0.0920438,0.00184088,None kPa,N/A,12808,['C'],A,Low temperature calorimetry set up,"not stated,99.8 % (total),",99.8,Not Specified %,1962
4.3,0.0993867,0.00198773,None kPa,N/A,12808,['C'],A,Low temperature calorimetry set up,"not stated,99.8 % (total),",99.8,Not Specified %,1962
4.479,0.106119,0.00212238,None kPa,N/A,12808,['C'],A,Low temperature calorimetry set up,"not stated,99.8 % (total),",99.8,Not Specified %,1962
4.654,0.0623458,0.00124692,None kPa,N/A,12809,['C'],A,Low temperature calorimetry set up,"not stated,99.8 % (total),",99.8,Not Specified %,1962
4.799,0.0513544,0.00102709,None kPa,N/A,12809,['C'],A,Low temperature calorimetry set up,"not stated,99.8 % (total),",99.8,Not Specified %,1962
4.958,0.0529109,0.00105822,None kPa,N/A,12809,['C'],A,Low temperature calorimetry set up,"not stated,99.8 % (total),",99.8,Not Specified %,1962
5.076,0.0544004,0.00108801,None kPa,N/A,12809,['C'],A,Low temperature calorimetry set up,"not stated,99.8 % (total),",99.8,Not Specified %,1962
5.221,0.0568606,0.00113721,None kPa,N/A,12809,['C'],A,Low temperature calorimetry set up,"not stated,99.8 % (total),",99.8,Not Specified %,1962
5.364,0.0584798,0.0011696,None kPa,N/A,12809,['C'],A,Low temperature calorimetry set up,"not stated,99.8 % (total),",99.8,Not Specified %,1962
5.52,0.0614839,0.00122968,None kPa,N/A,12809,['C'],A,Low temperature calorimetry set up,"not stated,99.8 % (total),",99.8,Not Specified %,1962
5.704,0.0639483,0.00127897,None kPa,N/A,12809,['C'],A,Low temperature calorimetry set up,"not stated,99.8 % (total),",99.8,Not Specified %,1962
5.91,0.067308,0.00134616,None kPa,N/A,12809,['C'],A,Low temperature calorimetry set up,"not stated,99.8 % (total),",99.8,Not Specified %,1962
6.146,0.0709481,0.00141896,None kPa,N/A,12809,['C'],A,Low temperature calorimetry set up,"not stated,99.8 % (total),",99.8,Not Specified %,1962
6.374,0.0750944,0.00150189,None kPa,N/A,12809,['C'],A,Low temperature calorimetry set up,"not stated,99.8 % (total),",99.8,Not Specified %,1962
6.524,0.0776258,0.00155252,None kPa,N/A,12809,['C'],A,Low temperature calorimetry set up,"not stated,99.8 % (total),",99.8,Not Specified %,1962
6.671,0.080224,0.00160448,None kPa,N/A,12809,['C'],A,Low temperature calorimetry set up,"not stated,99.8 % (total),",99.8,Not Specified %,1962
6.821,0.0839938,0.00167988,None kPa,N/A,12809,['C'],A,Low temperature calorimetry set up,"not stated,99.8 % (total),",99.8,Not Specified %,1962
6.957,0.0854373,0.00170875,None kPa,N/A,12809,['C'],A,Low temperature calorimetry set up,"not stated,99.8 % (total),",99.8,Not Specified %,1962
1.199,0.000784,2.35e-05,1.33322e-09 kPa,N/A,8487,['C'],A,Vacuum adiabatic calorimetry,"origin: commercial source,99.9 % (total),estimation,rod",99.9,Not Specified %,1955
1.214,0.00086,2.5e-05,None kPa,N/A,8487,['C'],A,Vacuum adiabatic calorimetry,"origin: commercial source,99.9 % (total),estimation,rod",99.9,Not Specified %,1955
1.255,0.001096,3.09e-05,None kPa,N/A,8487,['C'],A,Vacuum adiabatic calorimetry,"origin: commercial source,99.9 % (total),estimation,rod",99.9,Not Specified %,1955
1.272,0.001165,3.18e-05,None kPa,N/A,8487,['C'],A,Vacuum adiabatic calorimetry,"origin: commercial source,99.9 % (total),estimation,rod",99.9,Not Specified %,1955
1.311,0.001469,3.87e-05,None kPa,N/A,8487,['C'],A,Vacuum adiabatic calorimetry,"origin: commercial source,99.9 % (total),estimation,rod",99.9,Not Specified %,1955
1.326,0.001523,3.88e-05,None kPa,N/A,8487,['C'],A,Vacuum adiabatic calorimetry,"origin: commercial source,99.9 % (total),estimation,rod",99.9,Not Specified %,1955
1.391,0.001982,4.86e-05,None kPa,N/A,8487,['C'],A,Vacuum adiabatic calorimetry,"origin: commercial source,99.9 % (total),estimation,rod",99.9,Not Specified %,1955
1.517,0.00313,7.4e-05,None kPa,N/A,8487,['C'],A,Vacuum adiabatic calorimetry,"origin: commercial source,99.9 % (total),estimation,rod",99.9,Not Specified %,1955
1.583,0.003835,8.72e-05,None kPa,N/A,8487,['C'],A,Vacuum adiabatic calorimetry,"origin: commercial source,99.9 % (total),estimation,rod",99.9,Not Specified %,1955
1.718,0.005616,0.0001225,None kPa,N/A,8487,['C'],A,Vacuum adiabatic calorimetry,"origin: commercial source,99.9 % (total),estimation,rod",99.9,Not Specified %,1955
1.783,0.006488,0.0001357,None kPa,N/A,8487,['C'],A,Vacuum adiabatic calorimetry,"origin: commercial source,99.9 % (total),estimation,rod",99.9,Not Specified %,1955
1.887,0.008537,0.0001707,None kPa,N/A,8487,['C'],A,Vacuum adiabatic calorimetry,"origin: commercial source,99.9 % (total),estimation,rod",99.9,Not Specified %,1955
1.981,0.009849,0.000197,None kPa,N/A,8487,['C'],A,Vacuum adiabatic calorimetry,"origin: commercial source,99.9 % (total),estimation,rod",99.9,Not Specified %,1955
2.066,0.01119,0.0002238,None kPa,N/A,8487,['C'],A,Vacuum adiabatic calorimetry,"origin: commercial source,99.9 % (total),estimation,rod",99.9,Not Specified %,1955
2.179,0.01384,0.0002768,None kPa,N/A,8487,['C'],A,Vacuum adiabatic calorimetry,"origin: commercial source,99.9 % (total),estimation,rod",99.9,Not Specified %,1955
2.286,0.01665,0.000333,None kPa,N/A,8487,['C'],A,Vacuum adiabatic calorimetry,"origin: commercial source,99.9 % (total),estimation,rod",99.9,Not Specified %,1955
2.377,0.01879,0.0003758,None kPa,N/A,8487,['C'],A,Vacuum adiabatic calorimetry,"origin: commercial source,99.9 % (total),estimation,rod",99.9,Not Specified %,1955
2.482,0.02047,0.0004094,None kPa,N/A,8487,['C'],A,Vacuum adiabatic calorimetry,"origin: commercial source,99.9 % (total),estimation,rod",99.9,Not Specified %,1955
2.573,0.0237,0.000474,None kPa,N/A,8487,['C'],A,Vacuum adiabatic calorimetry,"origin: commercial source,99.9 % (total),estimation,rod",99.9,Not Specified %,1955
2.678,0.0264,0.000528,None kPa,N/A,8487,['C'],A,Vacuum adiabatic calorimetry,"origin: commercial source,99.9 % (total),estimation,rod",99.9,Not Specified %,1955
2.769,0.02907,0.0005814,None kPa,N/A,8487,['C'],A,Vacuum adiabatic calorimetry,"origin: commercial source,99.9 % (total),estimation,rod",99.9,Not Specified %,1955
2.891,0.0326,0.000652,None kPa,N/A,8487,['C'],A,Vacuum adiabatic calorimetry,"origin: commercial source,99.9 % (total),estimation,rod",99.9,Not Specified %,1955
2.986,0.03559,0.0007118,None kPa,N/A,8487,['C'],A,Vacuum adiabatic calorimetry,"origin: commercial source,99.9 % (total),estimation,rod",99.9,Not Specified %,1955
3.096,0.0391,0.000782,None kPa,N/A,8487,['C'],A,Vacuum adiabatic calorimetry,"origin: commercial source,99.9 % (total),estimation,rod",99.9,Not Specified %,1955
3.189,0.0403,0.000806,None kPa,N/A,8487,['C'],A,Vacuum adiabatic calorimetry,"origin: commercial source,99.9 % (total),estimation,rod",99.9,Not Specified %,1955
3.301,0.0465,0.00093,None kPa,N/A,8487,['C'],A,Vacuum adiabatic calorimetry,"origin: commercial source,99.9 % (total),estimation,rod",99.9,Not Specified %,1955
3.378,0.0488,0.000976,None kPa,N/A,8487,['C'],A,Vacuum adiabatic calorimetry,"origin: commercial source,99.9 % (total),estimation,rod",99.9,Not Specified %,1955
3.402,0.0498,0.000996,None kPa,N/A,8487,['C'],A,Vacuum adiabatic calorimetry,"origin: commercial source,99.9 % (total),estimation,rod",99.9,Not Specified %,1955
3.483,0.0531,0.001062,None kPa,N/A,8487,['C'],A,Vacuum adiabatic calorimetry,"origin: commercial source,99.9 % (total),estimation,rod",99.9,Not Specified %,1955
3.601,0.0581,0.001162,None kPa,N/A,8487,['C'],A,Vacuum adiabatic calorimetry,"origin: commercial source,99.9 % (total),estimation,rod",99.9,Not Specified %,1955
3.608,0.0584,0.001168,None kPa,N/A,8487,['C'],A,Vacuum adiabatic calorimetry,"origin: commercial source,99.9 % (total),estimation,rod",99.9,Not Specified %,1955
3.78,0.0664,0.001328,None kPa,N/A,8487,['C'],A,Vacuum adiabatic calorimetry,"origin: commercial source,99.9 % (total),estimation,rod",99.9,Not Specified %,1955
3.904,0.0713,0.001426,None kPa,N/A,8487,['C'],A,Vacuum adiabatic calorimetry,"origin: commercial source,99.9 % (total),estimation,rod",99.9,Not Specified %,1955
3.995,0.0748,0.001496,None kPa,N/A,8487,['C'],A,Vacuum adiabatic calorimetry,"origin: commercial source,99.9 % (total),estimation,rod",99.9,Not Specified %,1955
4.11,0.0803,0.001606,None kPa,N/A,8487,['C'],A,Vacuum adiabatic calorimetry,"origin: commercial source,99.9 % (total),estimation,rod",99.9,Not Specified %,1955
4.193,0.0832,0.001664,None kPa,N/A,8487,['C'],A,Vacuum adiabatic calorimetry,"origin: commercial source,99.9 % (total),estimation,rod",99.9,Not Specified %,1955
4.305,0.0864,0.001728,None kPa,N/A,8487,['C'],A,Vacuum adiabatic calorimetry,"origin: commercial source,99.9 % (total),estimation,rod",99.9,Not Specified %,1955
4.402,0.0901,0.0018494,None kPa,N/A,8487,['C'],A,Vacuum adiabatic calorimetry,"origin: commercial source,99.9 % (total),estimation,rod",99.9,Not Specified %,1955
4.508,0.094,0.0019789,None kPa,N/A,8487,['C'],A,Vacuum adiabatic calorimetry,"origin: commercial source,99.9 % (total),estimation,rod",99.9,Not Specified %,1955
4.575,0.0977,0.0021083,None kPa,N/A,8487,['C'],A,Vacuum adiabatic calorimetry,"origin: commercial source,99.9 % (total),estimation,rod",99.9,Not Specified %,1955
4.685,0.1026,0.002268,None kPa,N/A,8487,['C'],A,Vacuum adiabatic calorimetry,"origin: commercial source,99.9 % (total),estimation,rod",99.9,Not Specified %,1955
4.784,0.1084,0.0024533,None kPa,N/A,8487,['C'],A,Vacuum adiabatic calorimetry,"origin: commercial source,99.9 % (total),estimation,rod",99.9,Not Specified %,1955
4.815,0.1098,0.0025427,None kPa,N/A,8487,['C'],A,Vacuum adiabatic calorimetry,"origin: commercial source,99.9 % (total),estimation,rod",99.9,Not Specified %,1955
4.919,0.1154,0.0027332,None kPa,N/A,8487,['C'],A,Vacuum adiabatic calorimetry,"origin: commercial source,99.9 % (total),estimation,rod",99.9,Not Specified %,1955
4.949,0.1165,0.0028205,None kPa,N/A,8487,['C'],A,Vacuum adiabatic calorimetry,"origin: commercial source,99.9 % (total),estimation,rod",99.9,Not Specified %,1955
4.968,0.1181,0.0029214,None kPa,N/A,8487,['C'],A,Vacuum adiabatic calorimetry,"origin: commercial source,99.9 % (total),estimation,rod",99.9,Not Specified %,1955
4.98,0.118,0.0029811,None kPa,N/A,8487,['C'],A,Vacuum adiabatic calorimetry,"origin: commercial source,99.9 % (total),estimation,rod",99.9,Not Specified %,1955
5.088,0.0562,0.0015085,1.33322e-09 kPa,N/A,8488,['C'],A,Vacuum adiabatic calorimetry,"origin: commercial source,99.9 % (total),estimation,rod",99.9,Not Specified %,1955
5.132,0.0528,0.0014451,None kPa,N/A,8488,['C'],A,Vacuum adiabatic calorimetry,"origin: commercial source,99.9 % (total),estimation,rod",99.9,Not Specified %,1955
5.135,0.05317,0.0014832,None kPa,N/A,8488,['C'],A,Vacuum adiabatic calorimetry,"origin: commercial source,99.9 % (total),estimation,rod",99.9,Not Specified %,1955
5.226,0.0539,0.0015319,None kPa,N/A,8488,['C'],A,Vacuum adiabatic calorimetry,"origin: commercial source,99.9 % (total),estimation,rod",99.9,Not Specified %,1955
5.343,0.0585,0.0016934,None kPa,N/A,8488,['C'],A,Vacuum adiabatic calorimetry,"origin: commercial source,99.9 % (total),estimation,rod",99.9,Not Specified %,1955
5.447,0.057,0.00168,None kPa,N/A,8488,['C'],A,Vacuum adiabatic calorimetry,"origin: commercial source,99.9 % (total),estimation,rod",99.9,Not Specified %,1955
5.978,0.0533,0.001599,None kPa,N/A,8488,['C'],A,Vacuum adiabatic calorimetry,"origin: commercial source,99.9 % (total),estimation,rod",99.9,Not Specified %,1955
20.0,0.490783,0.00490783,None kPa,N/A,8960,['C'],A,Calculated from Debye's and Electronic Coefficient,"origin: commercial source,99.98 %",99.98,Not Specified %,1955
1.71,0.00712535,0.000213761,None kPa,N/A,8971,['C'],A,Low temperature calorimetry set up,"origin: commercial source,99.32 weight % (total),spectroscopy,ingot",99.32,Weight %,1955
1.729,0.00782408,0.000234722,None kPa,N/A,8971,['C'],A,Low temperature calorimetry set up,"origin: commercial source,99.32 weight % (total),spectroscopy,ingot",99.32,Weight %,1955
1.765,0.00817554,0.000245266,None kPa,N/A,8971,['C'],A,Low temperature calorimetry set up,"origin: commercial source,99.32 weight % (total),spectroscopy,ingot",99.32,Weight %,1955
1.78,0.00864833,0.00025945,None kPa,N/A,8971,['C'],A,Low temperature calorimetry set up,"origin: commercial source,99.32 weight % (total),spectroscopy,ingot",99.32,Weight %,1955
1.805,0.00894539,0.000268362,None kPa,N/A,8971,['C'],A,Low temperature calorimetry set up,"origin: commercial source,99.32 weight % (total),spectroscopy,ingot",99.32,Weight %,1955
1.844,0.0095437,0.000286311,None kPa,N/A,8971,['C'],A,Low temperature calorimetry set up,"origin: commercial source,99.32 weight % (total),spectroscopy,ingot",99.32,Weight %,1955
1.862,0.0102131,0.000306394,None kPa,N/A,8971,['C'],A,Low temperature calorimetry set up,"origin: commercial source,99.32 weight % (total),spectroscopy,ingot",99.32,Weight %,1955
1.881,0.0105311,0.000315934,None kPa,N/A,8971,['C'],A,Low temperature calorimetry set up,"origin: commercial source,99.32 weight % (total),spectroscopy,ingot",99.32,Weight %,1955
1.896,0.0108031,0.000324093,None kPa,N/A,8971,['C'],A,Low temperature calorimetry set up,"origin: commercial source,99.32 weight % (total),spectroscopy,ingot",99.32,Weight %,1955
1.912,0.0110918,0.000332754,None kPa,N/A,8971,['C'],A,Low temperature calorimetry set up,"origin: commercial source,99.32 weight % (total),spectroscopy,ingot",99.32,Weight %,1955
1.936,0.0113261,0.000339783,None kPa,N/A,8971,['C'],A,Low temperature calorimetry set up,"origin: commercial source,99.32 weight % (total),spectroscopy,ingot",99.32,Weight %,1955
1.955,0.0120708,0.000362125,None kPa,N/A,8971,['C'],A,Low temperature calorimetry set up,"origin: commercial source,99.32 weight % (total),spectroscopy,ingot",99.32,Weight %,1955
1.981,0.0120708,0.000362125,None kPa,N/A,8971,['C'],A,Low temperature calorimetry set up,"origin: commercial source,99.32 weight % (total),spectroscopy,ingot",99.32,Weight %,1955
2.002,0.0127068,0.000381204,None kPa,N/A,8971,['C'],A,Low temperature calorimetry set up,"origin: commercial source,99.32 weight % (total),spectroscopy,ingot",99.32,Weight %,1955
2.007,0.013029,0.000390869,None kPa,N/A,8971,['C'],A,Low temperature calorimetry set up,"origin: commercial source,99.32 weight % (total),spectroscopy,ingot",99.32,Weight %,1955
2.034,0.0137193,0.00041158,None kPa,N/A,8971,['C'],A,Low temperature calorimetry set up,"origin: commercial source,99.32 weight % (total),spectroscopy,ingot",99.32,Weight %,1955
2.064,0.0142089,0.000426266,None kPa,N/A,8971,['C'],A,Low temperature calorimetry set up,"origin: commercial source,99.32 weight % (total),spectroscopy,ingot",99.32,Weight %,1955
2.085,0.0148072,0.000444215,None kPa,N/A,8971,['C'],A,Low temperature calorimetry set up,"origin: commercial source,99.32 weight % (total),spectroscopy,ingot",99.32,Weight %,1955
2.11,0.015418,0.000462541,None kPa,N/A,8971,['C'],A,Low temperature calorimetry set up,"origin: commercial source,99.32 weight % (total),spectroscopy,ingot",99.32,Weight %,1955
2.17,0.0167946,0.000503837,None kPa,N/A,8971,['C'],A,Low temperature calorimetry set up,"origin: commercial source,99.32 weight % (total),spectroscopy,ingot",99.32,Weight %,1955
2.202,0.0172883,0.000518649,None kPa,N/A,8971,['C'],A,Low temperature calorimetry set up,"origin: commercial source,99.32 weight % (total),spectroscopy,ingot",99.32,Weight %,1955
2.232,0.0181209,0.000543627,None kPa,N/A,8971,['C'],A,Low temperature calorimetry set up,"origin: commercial source,99.32 weight % (total),spectroscopy,ingot",99.32,Weight %,1955
2.254,0.0187443,0.00056233,None kPa,N/A,8971,['C'],A,Low temperature calorimetry set up,"origin: commercial source,99.32 weight % (total),spectroscopy,ingot",99.32,Weight %,1955
2.29,0.0193426,0.000580279,None kPa,N/A,8971,['C'],A,Low temperature calorimetry set up,"origin: commercial source,99.32 weight % (total),spectroscopy,ingot",99.32,Weight %,1955
2.299,0.0197108,0.000591325,None kPa,N/A,8971,['C'],A,Low temperature calorimetry set up,"origin: commercial source,99.32 weight % (total),spectroscopy,ingot",99.32,Weight %,1955
2.313,0.0194933,0.000584798,None kPa,N/A,8971,['C'],A,Low temperature calorimetry set up,"origin: commercial source,99.32 weight % (total),spectroscopy,ingot",99.32,Weight %,1955
2.363,0.0214346,0.000643039,None kPa,N/A,8971,['C'],A,Low temperature calorimetry set up,"origin: commercial source,99.32 weight % (total),spectroscopy,ingot",99.32,Weight %,1955
2.418,0.0226982,0.000680946,None kPa,N/A,8971,['C'],A,Low temperature calorimetry set up,"origin: commercial source,99.32 weight % (total),spectroscopy,ingot",99.32,Weight %,1955
2.441,0.0239869,0.000719606,None kPa,N/A,8971,['C'],A,Low temperature calorimetry set up,"origin: commercial source,99.32 weight % (total),spectroscopy,ingot",99.32,Weight %,1955
2.45,0.02374,0.0007122,None kPa,N/A,8971,['C'],A,Low temperature calorimetry set up,"origin: commercial source,99.32 weight % (total),spectroscopy,ingot",99.32,Weight %,1955
2.468,0.0244346,0.000733037,None kPa,N/A,8971,['C'],A,Low temperature calorimetry set up,"origin: commercial source,99.32 weight % (total),spectroscopy,ingot",99.32,Weight %,1955
2.496,0.0257651,0.000772952,None kPa,N/A,8971,['C'],A,Low temperature calorimetry set up,"origin: commercial source,99.32 weight % (total),spectroscopy,ingot",99.32,Weight %,1955
2.512,0.0256103,0.000768308,None kPa,N/A,8971,['C'],A,Low temperature calorimetry set up,"origin: commercial source,99.32 weight % (total),spectroscopy,ingot",99.32,Weight %,1955
2.553,0.026401,0.000792031,None kPa,N/A,8971,['C'],A,Low temperature calorimetry set up,"origin: commercial source,99.32 weight % (total),spectroscopy,ingot",99.32,Weight %,1955
2.589,0.0273968,0.000821905,None kPa,N/A,8971,['C'],A,Low temperature calorimetry set up,"origin: commercial source,99.32 weight % (total),spectroscopy,ingot",99.32,Weight %,1955
2.628,0.0287315,0.000861946,None kPa,N/A,8971,['C'],A,Low temperature calorimetry set up,"origin: commercial source,99.32 weight % (total),spectroscopy,ingot",99.32,Weight %,1955
2.657,0.0298989,0.000896966,None kPa,N/A,8971,['C'],A,Low temperature calorimetry set up,"origin: commercial source,99.32 weight % (total),spectroscopy,ingot",99.32,Weight %,1955
2.672,0.0303256,0.000909769,None kPa,N/A,8971,['C'],A,Low temperature calorimetry set up,"origin: commercial source,99.32 weight % (total),spectroscopy,ingot",99.32,Weight %,1955
2.71,0.0308026,0.000924078,None kPa,N/A,8971,['C'],A,Low temperature calorimetry set up,"origin: commercial source,99.32 weight % (total),spectroscopy,ingot",99.32,Weight %,1955
2.731,0.0320578,0.000961734,None kPa,N/A,8971,['C'],A,Low temperature calorimetry set up,"origin: commercial source,99.32 weight % (total),spectroscopy,ingot",99.32,Weight %,1955
2.754,0.0326645,0.000979935,None kPa,N/A,8971,['C'],A,Low temperature calorimetry set up,"origin: commercial source,99.32 weight % (total),spectroscopy,ingot",99.32,Weight %,1955
2.792,0.0337774,0.00101332,None kPa,N/A,8971,['C'],A,Low temperature calorimetry set up,"origin: commercial source,99.32 weight % (total),spectroscopy,ingot",99.32,Weight %,1955
2.812,0.0354092,0.00106228,None kPa,N/A,8971,['C'],A,Low temperature calorimetry set up,"origin: commercial source,99.32 weight % (total),spectroscopy,ingot",99.32,Weight %,1955
2.841,0.0351707,0.00105512,None kPa,N/A,8971,['C'],A,Low temperature calorimetry set up,"origin: commercial source,99.32 weight % (total),spectroscopy,ingot",99.32,Weight %,1955
2.864,0.0373213,0.00111964,None kPa,N/A,8971,['C'],A,Low temperature calorimetry set up,"origin: commercial source,99.32 weight % (total),spectroscopy,ingot",99.32,Weight %,1955
2.908,0.0379154,0.00113746,None kPa,N/A,8971,['C'],A,Low temperature calorimetry set up,"origin: commercial source,99.32 weight % (total),spectroscopy,ingot",99.32,Weight %,1955
2.939,0.0388986,0.00116696,None kPa,N/A,8971,['C'],A,Low temperature calorimetry set up,"origin: commercial source,99.32 weight % (total),spectroscopy,ingot",99.32,Weight %,1955
2.976,0.0411831,0.00123549,None kPa,N/A,8971,['C'],A,Low temperature calorimetry set up,"origin: commercial source,99.32 weight % (total),spectroscopy,ingot",99.32,Weight %,1955
3.004,0.0411538,0.00123461,None kPa,N/A,8971,['C'],A,Low temperature calorimetry set up,"origin: commercial source,99.32 weight % (total),spectroscopy,ingot",99.32,Weight %,1955
3.04,0.042317,0.00126951,None kPa,N/A,8971,['C'],A,Low temperature calorimetry set up,"origin: commercial source,99.32 weight % (total),spectroscopy,ingot",99.32,Weight %,1955
3.085,0.0437437,0.00131231,None kPa,N/A,8971,['C'],A,Low temperature calorimetry set up,"origin: commercial source,99.32 weight % (total),spectroscopy,ingot",99.32,Weight %,1955
3.166,0.046434,0.00139302,None kPa,N/A,8971,['C'],A,Low temperature calorimetry set up,"origin: commercial source,99.32 weight % (total),spectroscopy,ingot",99.32,Weight %,1955
3.213,0.0482792,0.00144838,None kPa,N/A,8971,['C'],A,Low temperature calorimetry set up,"origin: commercial source,99.32 weight % (total),spectroscopy,ingot",99.32,Weight %,1955
3.242,0.0482917,0.00144875,None kPa,N/A,8971,['C'],A,Low temperature calorimetry set up,"origin: commercial source,99.32 weight % (total),spectroscopy,ingot",99.32,Weight %,1955
3.281,0.0511912,0.00153574,None kPa,N/A,8971,['C'],A,Low temperature calorimetry set up,"origin: commercial source,99.32 weight % (total),spectroscopy,ingot",99.32,Weight %,1955
3.291,0.0503335,0.00151001,None kPa,N/A,8971,['C'],A,Low temperature calorimetry set up,"origin: commercial source,99.32 weight % (total),spectroscopy,ingot",99.32,Weight %,1955
3.328,0.0521326,0.00156398,None kPa,N/A,8971,['C'],A,Low temperature calorimetry set up,"origin: commercial source,99.32 weight % (total),spectroscopy,ingot",99.32,Weight %,1955
3.329,0.0527435,0.00158231,None kPa,N/A,8971,['C'],A,Low temperature calorimetry set up,"origin: commercial source,99.32 weight % (total),spectroscopy,ingot",99.32,Weight %,1955
3.379,0.0545301,0.0016359,None kPa,N/A,8971,['C'],A,Low temperature calorimetry set up,"origin: commercial source,99.32 weight % (total),spectroscopy,ingot",99.32,Weight %,1955
3.406,0.0548522,0.00164557,None kPa,N/A,8971,['C'],A,Low temperature calorimetry set up,"origin: commercial source,99.32 weight % (total),spectroscopy,ingot",99.32,Weight %,1955
3.435,0.05712,0.0017136,None kPa,N/A,8971,['C'],A,Low temperature calorimetry set up,"origin: commercial source,99.32 weight % (total),spectroscopy,ingot",99.32,Weight %,1955
3.493,0.0587308,0.00176192,None kPa,N/A,8971,['C'],A,Low temperature calorimetry set up,"origin: commercial source,99.32 weight % (total),spectroscopy,ingot",99.32,Weight %,1955
3.522,0.0606513,0.00181954,None kPa,N/A,8971,['C'],A,Low temperature calorimetry set up,"origin: commercial source,99.32 weight % (total),spectroscopy,ingot",99.32,Weight %,1955
3.558,0.0618521,0.00185556,None kPa,N/A,8971,['C'],A,Low temperature calorimetry set up,"origin: commercial source,99.32 weight % (total),spectroscopy,ingot",99.32,Weight %,1955
3.56,0.061191,0.00183573,None kPa,N/A,8971,['C'],A,Low temperature calorimetry set up,"origin: commercial source,99.32 weight % (total),spectroscopy,ingot",99.32,Weight %,1955
3.604,0.0641993,0.00192598,None kPa,N/A,8971,['C'],A,Low temperature calorimetry set up,"origin: commercial source,99.32 weight % (total),spectroscopy,ingot",99.32,Weight %,1955
3.661,0.0647474,0.00194242,None kPa,N/A,8971,['C'],A,Low temperature calorimetry set up,"origin: commercial source,99.32 weight % (total),spectroscopy,ingot",99.32,Weight %,1955
3.663,0.0668352,0.00200506,None kPa,N/A,8971,['C'],A,Low temperature calorimetry set up,"origin: commercial source,99.32 weight % (total),spectroscopy,ingot",99.32,Weight %,1955
3.694,0.0681448,0.00204434,None kPa,N/A,8971,['C'],A,Low temperature calorimetry set up,"origin: commercial source,99.32 weight % (total),spectroscopy,ingot",99.32,Weight %,1955
3.71,0.0678352,0.00203506,None kPa,N/A,8971,['C'],A,Low temperature calorimetry set up,"origin: commercial source,99.32 weight % (total),spectroscopy,ingot",99.32,Weight %,1955
3.725,0.0690946,0.00207284,None kPa,N/A,8971,['C'],A,Low temperature calorimetry set up,"origin: commercial source,99.32 weight % (total),spectroscopy,ingot",99.32,Weight %,1955
3.763,0.0706092,0.00211828,None kPa,N/A,8971,['C'],A,Low temperature calorimetry set up,"origin: commercial source,99.32 weight % (total),spectroscopy,ingot",99.32,Weight %,1955
3.797,0.0709774,0.00212932,None kPa,N/A,8971,['C'],A,Low temperature calorimetry set up,"origin: commercial source,99.32 weight % (total),spectroscopy,ingot",99.32,Weight %,1955
3.814,0.0726552,0.00217965,None kPa,N/A,8971,['C'],A,Low temperature calorimetry set up,"origin: commercial source,99.32 weight % (total),spectroscopy,ingot",99.32,Weight %,1955
3.854,0.0750149,0.00225045,None kPa,N/A,8971,['C'],A,Low temperature calorimetry set up,"origin: commercial source,99.32 weight % (total),spectroscopy,ingot",99.32,Weight %,1955
3.858,0.0762952,0.00228886,None kPa,N/A,8971,['C'],A,Low temperature calorimetry set up,"origin: commercial source,99.32 weight % (total),spectroscopy,ingot",99.32,Weight %,1955
3.858,0.0744124,0.00223237,None kPa,N/A,8971,['C'],A,Low temperature calorimetry set up,"origin: commercial source,99.32 weight % (total),spectroscopy,ingot",99.32,Weight %,1955
3.906,0.0767262,0.00230179,None kPa,N/A,8971,['C'],A,Low temperature calorimetry set up,"origin: commercial source,99.32 weight % (total),spectroscopy,ingot",99.32,Weight %,1955
3.92,0.0788182,0.00236455,None kPa,N/A,8971,['C'],A,Low temperature calorimetry set up,"origin: commercial source,99.32 weight % (total),spectroscopy,ingot",99.32,Weight %,1955
3.947,0.0772743,0.00231823,None kPa,N/A,8971,['C'],A,Low temperature calorimetry set up,"origin: commercial source,99.32 weight % (total),spectroscopy,ingot",99.32,Weight %,1955
3.961,0.0795755,0.00238726,None kPa,N/A,8971,['C'],A,Low temperature calorimetry set up,"origin: commercial source,99.32 weight % (total),spectroscopy,ingot",99.32,Weight %,1955
3.983,0.080542,0.00241626,None kPa,N/A,8971,['C'],A,Low temperature calorimetry set up,"origin: commercial source,99.32 weight % (total),spectroscopy,ingot",99.32,Weight %,1955
3.998,0.0814583,0.00244375,None kPa,N/A,8971,['C'],A,Low temperature calorimetry set up,"origin: commercial source,99.32 weight % (total),spectroscopy,ingot",99.32,Weight %,1955
4.02,0.082111,0.00246333,None kPa,N/A,8971,['C'],A,Low temperature calorimetry set up,"origin: commercial source,99.32 weight % (total),spectroscopy,ingot",99.32,Weight %,1955
4.051,0.0839896,0.00251969,None kPa,N/A,8971,['C'],A,Low temperature calorimetry set up,"origin: commercial source,99.32 weight % (total),spectroscopy,ingot",99.32,Weight %,1955
4.077,0.08327,0.0024981,None kPa,N/A,8971,['C'],A,Low temperature calorimetry set up,"origin: commercial source,99.32 weight % (total),spectroscopy,ingot",99.32,Weight %,1955
4.12,0.0863536,0.00259061,None kPa,N/A,8971,['C'],A,Low temperature calorimetry set up,"origin: commercial source,99.32 weight % (total),spectroscopy,ingot",99.32,Weight %,1955
4.151,0.0877594,0.00263278,None kPa,N/A,8971,['C'],A,Low temperature calorimetry set up,"origin: commercial source,99.32 weight % (total),spectroscopy,ingot",99.32,Weight %,1955
4.197,0.0912823,0.00273847,None kPa,N/A,8971,['C'],A,Low temperature calorimetry set up,"origin: commercial source,99.32 weight % (total),spectroscopy,ingot",99.32,Weight %,1955
4.279,0.0948555,0.00284566,None kPa,N/A,8971,['C'],A,Low temperature calorimetry set up,"origin: commercial source,99.32 weight % (total),spectroscopy,ingot",99.32,Weight %,1955
4.297,0.0950354,0.00285106,None kPa,N/A,8971,['C'],A,Low temperature calorimetry set up,"origin: commercial source,99.32 weight % (total),spectroscopy,ingot",99.32,Weight %,1955
4.333,0.0977759,0.00293328,None kPa,N/A,8971,['C'],A,Low temperature calorimetry set up,"origin: commercial source,99.32 weight % (total),spectroscopy,ingot",99.32,Weight %,1955
4.353,0.0987842,0.00296353,None kPa,N/A,8971,['C'],A,Low temperature calorimetry set up,"origin: commercial source,99.32 weight % (total),spectroscopy,ingot",99.32,Weight %,1955
4.357,0.0980186,0.00294056,None kPa,N/A,8971,['C'],A,Low temperature calorimetry set up,"origin: commercial source,99.32 weight % (total),spectroscopy,ingot",99.32,Weight %,1955
4.383,0.09896,0.0029688,None kPa,N/A,8971,['C'],A,Low temperature calorimetry set up,"origin: commercial source,99.32 weight % (total),spectroscopy,ingot",99.32,Weight %,1955
4.407,0.103307,0.00309921,None kPa,N/A,8971,['C'],A,Low temperature calorimetry set up,"origin: commercial source,99.32 weight % (total),spectroscopy,ingot",99.32,Weight %,1955
4.441,0.106169,0.00318507,None kPa,N/A,8971,['C'],A,Low temperature calorimetry set up,"origin: commercial source,99.32 weight % (total),spectroscopy,ingot",99.32,Weight %,1955
4.443,0.103286,0.00309859,None kPa,N/A,8971,['C'],A,Low temperature calorimetry set up,"origin: commercial source,99.32 weight % (total),spectroscopy,ingot",99.32,Weight %,1955
4.463,0.105341,0.00316022,None kPa,N/A,8971,['C'],A,Low temperature calorimetry set up,"origin: commercial source,99.32 weight % (total),spectroscopy,ingot",99.32,Weight %,1955
4.489,0.10701,0.0032103,None kPa,N/A,8971,['C'],A,Low temperature calorimetry set up,"origin: commercial source,99.32 weight % (total),spectroscopy,ingot",99.32,Weight %,1955
4.493,0.109679,0.00329038,None kPa,N/A,8971,['C'],A,Low temperature calorimetry set up,"origin: commercial source,99.32 weight % (total),spectroscopy,ingot",99.32,Weight %,1955
4.522,0.11134,0.00334021,None kPa,N/A,8971,['C'],A,Low temperature calorimetry set up,"origin: commercial source,99.32 weight % (total),spectroscopy,ingot",99.32,Weight %,1955
4.526,0.106315,0.00318946,None kPa,N/A,8971,['C'],A,Low temperature calorimetry set up,"origin: commercial source,99.32 weight % (total),spectroscopy,ingot",99.32,Weight %,1955
4.53,0.109152,0.00327457,None kPa,N/A,8971,['C'],A,Low temperature calorimetry set up,"origin: commercial source,99.32 weight % (total),spectroscopy,ingot",99.32,Weight %,1955
4.547,0.108483,0.00325448,None kPa,N/A,8971,['C'],A,Low temperature calorimetry set up,"origin: commercial source,99.32 weight % (total),spectroscopy,ingot",99.32,Weight %,1955
4.551,0.112458,0.00337373,None kPa,N/A,8971,['C'],A,Low temperature calorimetry set up,"origin: commercial source,99.32 weight % (total),spectroscopy,ingot",99.32,Weight %,1955
4.563,0.111198,0.00333595,None kPa,N/A,8971,['C'],A,Low temperature calorimetry set up,"origin: commercial source,99.32 weight % (total),spectroscopy,ingot",99.32,Weight %,1955
4.585,0.113566,0.00340699,None kPa,N/A,8971,['C'],A,Low temperature calorimetry set up,"origin: commercial source,99.32 weight % (total),spectroscopy,ingot",99.32,Weight %,1955
4.602,0.113085,0.00339255,None kPa,N/A,8971,['C'],A,Low temperature calorimetry set up,"origin: commercial source,99.32 weight % (total),spectroscopy,ingot",99.32,Weight %,1955
4.604,0.114851,0.00344552,None kPa,N/A,8971,['C'],A,Low temperature calorimetry set up,"origin: commercial source,99.32 weight % (total),spectroscopy,ingot",99.32,Weight %,1955
4.623,0.107705,0.00323114,None kPa,N/A,8971,['C'],A,Low temperature calorimetry set up,"origin: commercial source,99.32 weight % (total),spectroscopy,ingot",99.32,Weight %,1955
4.631,0.114771,0.00344314,None kPa,N/A,8971,['C'],A,Low temperature calorimetry set up,"origin: commercial source,99.32 weight % (total),spectroscopy,ingot",99.32,Weight %,1955
4.643,0.104985,0.00314955,None kPa,N/A,8971,['C'],A,Low temperature calorimetry set up,"origin: commercial source,99.32 weight % (total),spectroscopy,ingot",99.32,Weight %,1955
4.645,0.104236,0.00312708,None kPa,N/A,8971,['C'],A,Low temperature calorimetry set up,"origin: commercial source,99.32 weight % (total),spectroscopy,ingot",99.32,Weight %,1955
4.666,0.0984119,0.00295236,None kPa,N/A,8971,['C'],A,Low temperature calorimetry set up,"origin: commercial source,99.32 weight % (total),spectroscopy,ingot",99.32,Weight %,1955
4.674,0.0911568,0.0027347,None kPa,N/A,8971,['C'],A,Low temperature calorimetry set up,"origin: commercial source,99.32 weight % (total),spectroscopy,ingot",99.32,Weight %,1955
4.693,0.0682452,0.00204736,None kPa,N/A,8971,['C'],A,Low temperature calorimetry set up,"origin: commercial source,99.32 weight % (total),spectroscopy,ingot",99.32,Weight %,1955
4.695,0.067626,0.00202878,None kPa,N/A,8971,['C'],A,Low temperature calorimetry set up,"origin: commercial source,99.32 weight % (total),spectroscopy,ingot",99.32,Weight %,1955
4.707,0.0640863,0.00192259,None kPa,N/A,8971,['C'],A,Low temperature calorimetry set up,"origin: commercial source,99.32 weight % (total),spectroscopy,ingot",99.32,Weight %,1955
4.724,0.0546263,0.00163879,None kPa,N/A,8971,['C'],A,Low temperature calorimetry set up,"origin: commercial source,99.32 weight % (total),spectroscopy,ingot",99.32,Weight %,1955
4.731,0.0567518,0.00170255,None kPa,N/A,8971,['C'],A,Low temperature calorimetry set up,"origin: commercial source,99.32 weight % (total),spectroscopy,ingot",99.32,Weight %,1955
4.742,0.0531745,0.00159523,None kPa,N/A,8971,['C'],A,Low temperature calorimetry set up,"origin: commercial source,99.32 weight % (total),spectroscopy,ingot",99.32,Weight %,1955
4.751,0.0526598,0.00157979,None kPa,N/A,8971,['C'],A,Low temperature calorimetry set up,"origin: commercial source,99.32 weight % (total),spectroscopy,ingot",99.32,Weight %,1955
4.752,0.0555677,0.00166703,None kPa,N/A,8971,['C'],A,Low temperature calorimetry set up,"origin: commercial source,99.32 weight % (total),spectroscopy,ingot",99.32,Weight %,1955
4.77,0.0518188,0.00155457,None kPa,N/A,8971,['C'],A,Low temperature calorimetry set up,"origin: commercial source,99.32 weight % (total),spectroscopy,ingot",99.32,Weight %,1955
4.791,0.0493586,0.00148076,None kPa,N/A,8971,['C'],A,Low temperature calorimetry set up,"origin: commercial source,99.32 weight % (total),spectroscopy,ingot",99.32,Weight %,1955
4.821,0.0507645,0.00152293,None kPa,N/A,8971,['C'],A,Low temperature calorimetry set up,"origin: commercial source,99.32 weight % (total),spectroscopy,ingot",99.32,Weight %,1955
4.824,0.0524799,0.0015744,None kPa,N/A,8971,['C'],A,Low temperature calorimetry set up,"origin: commercial source,99.32 weight % (total),spectroscopy,ingot",99.32,Weight %,1955
4.847,0.0515092,0.00154528,None kPa,N/A,8971,['C'],A,Low temperature calorimetry set up,"origin: commercial source,99.32 weight % (total),spectroscopy,ingot",99.32,Weight %,1955
4.848,0.0523879,0.00157164,None kPa,N/A,8971,['C'],A,Low temperature calorimetry set up,"origin: commercial source,99.32 weight % (total),spectroscopy,ingot",99.32,Weight %,1955
4.896,0.0517561,0.00155268,None kPa,N/A,8971,['C'],A,Low temperature calorimetry set up,"origin: commercial source,99.32 weight % (total),spectroscopy,ingot",99.32,Weight %,1955
4.923,0.0527602,0.00158281,None kPa,N/A,8971,['C'],A,Low temperature calorimetry set up,"origin: commercial source,99.32 weight % (total),spectroscopy,ingot",99.32,Weight %,1955
4.95,0.0527268,0.0015818,None kPa,N/A,8971,['C'],A,Low temperature calorimetry set up,"origin: commercial source,99.32 weight % (total),spectroscopy,ingot",99.32,Weight %,1955
4.974,0.0525803,0.00157741,None kPa,N/A,8971,['C'],A,Low temperature calorimetry set up,"origin: commercial source,99.32 weight % (total),spectroscopy,ingot",99.32,Weight %,1955
1.711,0.00610027,0.000183008,None kPa,N/A,8972,['C'],A,Low temperature calorimetry set up,"origin: commercial source,99.69 weight % (total),spectroscopy,ingot",99.69,Weight %,1955
1.735,0.00647683,0.000194305,None kPa,N/A,8972,['C'],A,Low temperature calorimetry set up,"origin: commercial source,99.69 weight % (total),spectroscopy,ingot",99.69,Weight %,1955
1.752,0.00693707,0.000208112,None kPa,N/A,8972,['C'],A,Low temperature calorimetry set up,"origin: commercial source,99.69 weight % (total),spectroscopy,ingot",99.69,Weight %,1955
1.775,0.00732618,0.000219786,None kPa,N/A,8972,['C'],A,Low temperature calorimetry set up,"origin: commercial source,99.69 weight % (total),spectroscopy,ingot",99.69,Weight %,1955
1.797,0.00736802,0.000221041,None kPa,N/A,8972,['C'],A,Low temperature calorimetry set up,"origin: commercial source,99.69 weight % (total),spectroscopy,ingot",99.69,Weight %,1955
1.814,0.00784918,0.000235476,None kPa,N/A,8972,['C'],A,Low temperature calorimetry set up,"origin: commercial source,99.69 weight % (total),spectroscopy,ingot",99.69,Weight %,1955
1.833,0.0082885,0.000248655,None kPa,N/A,8972,['C'],A,Low temperature calorimetry set up,"origin: commercial source,99.69 weight % (total),spectroscopy,ingot",99.69,Weight %,1955
1.854,0.0086567,0.000259701,None kPa,N/A,8972,['C'],A,Low temperature calorimetry set up,"origin: commercial source,99.69 weight % (total),spectroscopy,ingot",99.69,Weight %,1955
1.893,0.00915459,0.000274638,None kPa,N/A,8972,['C'],A,Low temperature calorimetry set up,"origin: commercial source,99.69 weight % (total),spectroscopy,ingot",99.69,Weight %,1955
1.917,0.00976964,0.000293089,None kPa,N/A,8972,['C'],A,Low temperature calorimetry set up,"origin: commercial source,99.69 weight % (total),spectroscopy,ingot",99.69,Weight %,1955
1.943,0.0101002,0.000303005,None kPa,N/A,8972,['C'],A,Low temperature calorimetry set up,"origin: commercial source,99.69 weight % (total),spectroscopy,ingot",99.69,Weight %,1955
1.972,0.0106859,0.000320578,None kPa,N/A,8972,['C'],A,Low temperature calorimetry set up,"origin: commercial source,99.69 weight % (total),spectroscopy,ingot",99.69,Weight %,1955
2.01,0.0112424,0.000337272,None kPa,N/A,8972,['C'],A,Low temperature calorimetry set up,"origin: commercial source,99.69 weight % (total),spectroscopy,ingot",99.69,Weight %,1955
2.042,0.0118533,0.000355598,None kPa,N/A,8972,['C'],A,Low temperature calorimetry set up,"origin: commercial source,99.69 weight % (total),spectroscopy,ingot",99.69,Weight %,1955
2.064,0.0123261,0.000369782,None kPa,N/A,8972,['C'],A,Low temperature calorimetry set up,"origin: commercial source,99.69 weight % (total),spectroscopy,ingot",99.69,Weight %,1955
2.088,0.0128909,0.000386727,None kPa,N/A,8972,['C'],A,Low temperature calorimetry set up,"origin: commercial source,99.69 weight % (total),spectroscopy,ingot",99.69,Weight %,1955
2.114,0.0134055,0.000402166,None kPa,N/A,8972,['C'],A,Low temperature calorimetry set up,"origin: commercial source,99.69 weight % (total),spectroscopy,ingot",99.69,Weight %,1955
2.146,0.0142005,0.000426015,None kPa,N/A,8972,['C'],A,Low temperature calorimetry set up,"origin: commercial source,99.69 weight % (total),spectroscopy,ingot",99.69,Weight %,1955
2.166,0.0146189,0.000438567,None kPa,N/A,8972,['C'],A,Low temperature calorimetry set up,"origin: commercial source,99.69 weight % (total),spectroscopy,ingot",99.69,Weight %,1955
2.202,0.0153888,0.000461663,None kPa,N/A,8972,['C'],A,Low temperature calorimetry set up,"origin: commercial source,99.69 weight % (total),spectroscopy,ingot",99.69,Weight %,1955
2.227,0.015962,0.000478859,None kPa,N/A,8972,['C'],A,Low temperature calorimetry set up,"origin: commercial source,99.69 weight % (total),spectroscopy,ingot",99.69,Weight %,1955
2.246,0.0162883,0.000488649,None kPa,N/A,8972,['C'],A,Low temperature calorimetry set up,"origin: commercial source,99.69 weight % (total),spectroscopy,ingot",99.69,Weight %,1955
2.275,0.0171921,0.000515762,None kPa,N/A,8972,['C'],A,Low temperature calorimetry set up,"origin: commercial source,99.69 weight % (total),spectroscopy,ingot",99.69,Weight %,1955
2.298,0.01751,0.000525301,None kPa,N/A,8972,['C'],A,Low temperature calorimetry set up,"origin: commercial source,99.69 weight % (total),spectroscopy,ingot",99.69,Weight %,1955
2.329,0.0182673,0.00054802,None kPa,N/A,8972,['C'],A,Low temperature calorimetry set up,"origin: commercial source,99.69 weight % (total),spectroscopy,ingot",99.69,Weight %,1955
2.347,0.0187778,0.000563334,None kPa,N/A,8972,['C'],A,Low temperature calorimetry set up,"origin: commercial source,99.69 weight % (total),spectroscopy,ingot",99.69,Weight %,1955
2.371,0.0192924,0.000578773,None kPa,N/A,8972,['C'],A,Low temperature calorimetry set up,"origin: commercial source,99.69 weight % (total),spectroscopy,ingot",99.69,Weight %,1955
2.387,0.0198196,0.000594588,None kPa,N/A,8972,['C'],A,Low temperature calorimetry set up,"origin: commercial source,99.69 weight % (total),spectroscopy,ingot",99.69,Weight %,1955
2.405,0.0199577,0.00059873,None kPa,N/A,8972,['C'],A,Low temperature calorimetry set up,"origin: commercial source,99.69 weight % (total),spectroscopy,ingot",99.69,Weight %,1955
2.424,0.0205936,0.000617809,None kPa,N/A,8972,['C'],A,Low temperature calorimetry set up,"origin: commercial source,99.69 weight % (total),spectroscopy,ingot",99.69,Weight %,1955
2.45,0.0213049,0.000639148,None kPa,N/A,8972,['C'],A,Low temperature calorimetry set up,"origin: commercial source,99.69 weight % (total),spectroscopy,ingot",99.69,Weight %,1955
2.472,0.021807,0.00065421,None kPa,N/A,8972,['C'],A,Low temperature calorimetry set up,"origin: commercial source,99.69 weight % (total),spectroscopy,ingot",99.69,Weight %,1955
2.486,0.0222463,0.00066739,None kPa,N/A,8972,['C'],A,Low temperature calorimetry set up,"origin: commercial source,99.69 weight % (total),spectroscopy,ingot",99.69,Weight %,1955
2.503,0.022899,0.000686971,None kPa,N/A,8972,['C'],A,Low temperature calorimetry set up,"origin: commercial source,99.69 weight % (total),spectroscopy,ingot",99.69,Weight %,1955
2.516,0.0233132,0.000699397,None kPa,N/A,8972,['C'],A,Low temperature calorimetry set up,"origin: commercial source,99.69 weight % (total),spectroscopy,ingot",99.69,Weight %,1955
2.54,0.0239074,0.000717221,None kPa,N/A,8972,['C'],A,Low temperature calorimetry set up,"origin: commercial source,99.69 weight % (total),spectroscopy,ingot",99.69,Weight %,1955
2.585,0.0247233,0.000741698,None kPa,N/A,8972,['C'],A,Low temperature calorimetry set up,"origin: commercial source,99.69 weight % (total),spectroscopy,ingot",99.69,Weight %,1955
2.605,0.025468,0.00076404,None kPa,N/A,8972,['C'],A,Low temperature calorimetry set up,"origin: commercial source,99.69 weight % (total),spectroscopy,ingot",99.69,Weight %,1955
2.635,0.0266897,0.000800692,None kPa,N/A,8972,['C'],A,Low temperature calorimetry set up,"origin: commercial source,99.69 weight % (total),spectroscopy,ingot",99.69,Weight %,1955
2.675,0.027878,0.00083634,None kPa,N/A,8972,['C'],A,Low temperature calorimetry set up,"origin: commercial source,99.69 weight % (total),spectroscopy,ingot",99.69,Weight %,1955
2.716,0.0286018,0.000858055,None kPa,N/A,8972,['C'],A,Low temperature calorimetry set up,"origin: commercial source,99.69 weight % (total),spectroscopy,ingot",99.69,Weight %,1955
2.741,0.0295725,0.000887175,None kPa,N/A,8972,['C'],A,Low temperature calorimetry set up,"origin: commercial source,99.69 weight % (total),spectroscopy,ingot",99.69,Weight %,1955
2.773,0.0309239,0.000927718,None kPa,N/A,8972,['C'],A,Low temperature calorimetry set up,"origin: commercial source,99.69 weight % (total),spectroscopy,ingot",99.69,Weight %,1955
2.814,0.0318319,0.000954956,None kPa,N/A,8972,['C'],A,Low temperature calorimetry set up,"origin: commercial source,99.69 weight % (total),spectroscopy,ingot",99.69,Weight %,1955
2.852,0.0324971,0.000974914,None kPa,N/A,8972,['C'],A,Low temperature calorimetry set up,"origin: commercial source,99.69 weight % (total),spectroscopy,ingot",99.69,Weight %,1955
2.885,0.0337314,0.00101194,None kPa,N/A,8972,['C'],A,Low temperature calorimetry set up,"origin: commercial source,99.69 weight % (total),spectroscopy,ingot",99.69,Weight %,1955
2.924,0.0347565,0.00104269,None kPa,N/A,8972,['C'],A,Low temperature calorimetry set up,"origin: commercial source,99.69 weight % (total),spectroscopy,ingot",99.69,Weight %,1955
2.962,0.036292,0.00108876,None kPa,N/A,8972,['C'],A,Low temperature calorimetry set up,"origin: commercial source,99.69 weight % (total),spectroscopy,ingot",99.69,Weight %,1955
3.01,0.037861,0.00113583,None kPa,N/A,8972,['C'],A,Low temperature calorimetry set up,"origin: commercial source,99.69 weight % (total),spectroscopy,ingot",99.69,Weight %,1955
3.054,0.0394007,0.00118202,None kPa,N/A,8972,['C'],A,Low temperature calorimetry set up,"origin: commercial source,99.69 weight % (total),spectroscopy,ingot",99.69,Weight %,1955
3.119,0.0417396,0.00125219,None kPa,N/A,8972,['C'],A,Low temperature calorimetry set up,"origin: commercial source,99.69 weight % (total),spectroscopy,ingot",99.69,Weight %,1955
3.174,0.0434048,0.00130214,None kPa,N/A,8972,['C'],A,Low temperature calorimetry set up,"origin: commercial source,99.69 weight % (total),spectroscopy,ingot",99.69,Weight %,1955
3.226,0.0453462,0.00136039,None kPa,N/A,8972,['C'],A,Low temperature calorimetry set up,"origin: commercial source,99.69 weight % (total),spectroscopy,ingot",99.69,Weight %,1955
3.285,0.0475763,0.00142729,None kPa,N/A,8972,['C'],A,Low temperature calorimetry set up,"origin: commercial source,99.69 weight % (total),spectroscopy,ingot",99.69,Weight %,1955
3.325,0.0483168,0.0014495,None kPa,N/A,8972,['C'],A,Low temperature calorimetry set up,"origin: commercial source,99.69 weight % (total),spectroscopy,ingot",99.69,Weight %,1955
3.436,0.0528607,0.00158582,None kPa,N/A,8972,['C'],A,Low temperature calorimetry set up,"origin: commercial source,99.69 weight % (total),spectroscopy,ingot",99.69,Weight %,1955
3.465,0.0546138,0.00163841,None kPa,N/A,8972,['C'],A,Low temperature calorimetry set up,"origin: commercial source,99.69 weight % (total),spectroscopy,ingot",99.69,Weight %,1955
3.508,0.0564673,0.00169402,None kPa,N/A,8972,['C'],A,Low temperature calorimetry set up,"origin: commercial source,99.69 weight % (total),spectroscopy,ingot",99.69,Weight %,1955
3.544,0.057802,0.00173406,None kPa,N/A,8972,['C'],A,Low temperature calorimetry set up,"origin: commercial source,99.69 weight % (total),spectroscopy,ingot",99.69,Weight %,1955
3.595,0.0596638,0.00178992,None kPa,N/A,8972,['C'],A,Low temperature calorimetry set up,"origin: commercial source,99.69 weight % (total),spectroscopy,ingot",99.69,Weight %,1955
3.648,0.0613835,0.0018415,None kPa,N/A,8972,['C'],A,Low temperature calorimetry set up,"origin: commercial source,99.69 weight % (total),spectroscopy,ingot",99.69,Weight %,1955
3.707,0.0652244,0.00195673,None kPa,N/A,8972,['C'],A,Low temperature calorimetry set up,"origin: commercial source,99.69 weight % (total),spectroscopy,ingot",99.69,Weight %,1955
3.75,0.0664377,0.00199313,None kPa,N/A,8972,['C'],A,Low temperature calorimetry set up,"origin: commercial source,99.69 weight % (total),spectroscopy,ingot",99.69,Weight %,1955
3.811,0.0693038,0.00207911,None kPa,N/A,8972,['C'],A,Low temperature calorimetry set up,"origin: commercial source,99.69 weight % (total),spectroscopy,ingot",99.69,Weight %,1955
3.867,0.0718476,0.00215543,None kPa,N/A,8972,['C'],A,Low temperature calorimetry set up,"origin: commercial source,99.69 weight % (total),spectroscopy,ingot",99.69,Weight %,1955
3.915,0.073015,0.00219045,None kPa,N/A,8972,['C'],A,Low temperature calorimetry set up,"origin: commercial source,99.69 weight % (total),spectroscopy,ingot",99.69,Weight %,1955
3.95,0.0756132,0.0022684,None kPa,N/A,8972,['C'],A,Low temperature calorimetry set up,"origin: commercial source,99.69 weight % (total),spectroscopy,ingot",99.69,Weight %,1955
3.989,0.0776509,0.00232953,None kPa,N/A,8972,['C'],A,Low temperature calorimetry set up,"origin: commercial source,99.69 weight % (total),spectroscopy,ingot",99.69,Weight %,1955
4.021,0.0795629,0.00238689,None kPa,N/A,8972,['C'],A,Low temperature calorimetry set up,"origin: commercial source,99.69 weight % (total),spectroscopy,ingot",99.69,Weight %,1955
4.053,0.0833327,0.00249998,None kPa,N/A,8972,['C'],A,Low temperature calorimetry set up,"origin: commercial source,99.69 weight % (total),spectroscopy,ingot",99.69,Weight %,1955
4.099,0.0821445,0.00246433,None kPa,N/A,8972,['C'],A,Low temperature calorimetry set up,"origin: commercial source,99.69 weight % (total),spectroscopy,ingot",99.69,Weight %,1955
4.135,0.0849519,0.00254856,None kPa,N/A,8972,['C'],A,Low temperature calorimetry set up,"origin: commercial source,99.69 weight % (total),spectroscopy,ingot",99.69,Weight %,1955
4.183,0.0873494,0.00262048,None kPa,N/A,8972,['C'],A,Low temperature calorimetry set up,"origin: commercial source,99.69 weight % (total),spectroscopy,ingot",99.69,Weight %,1955
4.221,0.0891066,0.0026732,None kPa,N/A,8972,['C'],A,Low temperature calorimetry set up,"origin: commercial source,99.69 weight % (total),spectroscopy,ingot",99.69,Weight %,1955
4.262,0.090638,0.00271914,None kPa,N/A,8972,['C'],A,Low temperature calorimetry set up,"origin: commercial source,99.69 weight % (total),spectroscopy,ingot",99.69,Weight %,1955
4.309,0.0934078,0.00280223,None kPa,N/A,8972,['C'],A,Low temperature calorimetry set up,"origin: commercial source,99.69 weight % (total),spectroscopy,ingot",99.69,Weight %,1955
4.355,0.0960437,0.00288131,None kPa,N/A,8972,['C'],A,Low temperature calorimetry set up,"origin: commercial source,99.69 weight % (total),spectroscopy,ingot",99.69,Weight %,1955
4.4,0.0985709,0.00295713,None kPa,N/A,8972,['C'],A,Low temperature calorimetry set up,"origin: commercial source,99.69 weight % (total),spectroscopy,ingot",99.69,Weight %,1955
4.441,0.101391,0.00304173,None kPa,N/A,8972,['C'],A,Low temperature calorimetry set up,"origin: commercial source,99.69 weight % (total),spectroscopy,ingot",99.69,Weight %,1955
4.482,0.104169,0.00312507,None kPa,N/A,8972,['C'],A,Low temperature calorimetry set up,"origin: commercial source,99.69 weight % (total),spectroscopy,ingot",99.69,Weight %,1955
4.577,0.106437,0.0031931,None kPa,N/A,8972,['C'],A,Low temperature calorimetry set up,"origin: commercial source,99.69 weight % (total),spectroscopy,ingot",99.69,Weight %,1955
4.598,0.109855,0.00329565,None kPa,N/A,8972,['C'],A,Low temperature calorimetry set up,"origin: commercial source,99.69 weight % (total),spectroscopy,ingot",99.69,Weight %,1955
4.619,0.110428,0.00331285,None kPa,N/A,8972,['C'],A,Low temperature calorimetry set up,"origin: commercial source,99.69 weight % (total),spectroscopy,ingot",99.69,Weight %,1955
4.641,0.113445,0.00340335,None kPa,N/A,8972,['C'],A,Low temperature calorimetry set up,"origin: commercial source,99.69 weight % (total),spectroscopy,ingot",99.69,Weight %,1955
4.678,0.115688,0.00347063,None kPa,N/A,8972,['C'],A,Low temperature calorimetry set up,"origin: commercial source,99.69 weight % (total),spectroscopy,ingot",99.69,Weight %,1955
4.734,0.118633,0.00355899,None kPa,N/A,8972,['C'],A,Low temperature calorimetry set up,"origin: commercial source,99.69 weight % (total),spectroscopy,ingot",99.69,Weight %,1955
4.761,0.118056,0.00354167,None kPa,N/A,8972,['C'],A,Low temperature calorimetry set up,"origin: commercial source,99.69 weight % (total),spectroscopy,ingot",99.69,Weight %,1955
4.78,0.121031,0.00363092,None kPa,N/A,8972,['C'],A,Low temperature calorimetry set up,"origin: commercial source,99.69 weight % (total),spectroscopy,ingot",99.69,Weight %,1955
4.803,0.122445,0.00367334,None kPa,N/A,8972,['C'],A,Low temperature calorimetry set up,"origin: commercial source,99.69 weight % (total),spectroscopy,ingot",99.69,Weight %,1955
4.842,0.125286,0.00375857,None kPa,N/A,8972,['C'],A,Low temperature calorimetry set up,"origin: commercial source,99.69 weight % (total),spectroscopy,ingot",99.69,Weight %,1955
4.858,0.123135,0.00369405,None kPa,N/A,8972,['C'],A,Low temperature calorimetry set up,"origin: commercial source,99.69 weight % (total),spectroscopy,ingot",99.69,Weight %,1955
4.873,0.127252,0.00381757,None kPa,N/A,8972,['C'],A,Low temperature calorimetry set up,"origin: commercial source,99.69 weight % (total),spectroscopy,ingot",99.69,Weight %,1955
4.894,0.125328,0.00375983,None kPa,N/A,8972,['C'],A,Low temperature calorimetry set up,"origin: commercial source,99.69 weight % (total),spectroscopy,ingot",99.69,Weight %,1955
4.895,0.127704,0.00383112,None kPa,N/A,8972,['C'],A,Low temperature calorimetry set up,"origin: commercial source,99.69 weight % (total),spectroscopy,ingot",99.69,Weight %,1955
4.914,0.127708,0.00383125,None kPa,N/A,8972,['C'],A,Low temperature calorimetry set up,"origin: commercial source,99.69 weight % (total),spectroscopy,ingot",99.69,Weight %,1955
4.918,0.122236,0.00366707,None kPa,N/A,8972,['C'],A,Low temperature calorimetry set up,"origin: commercial source,99.69 weight % (total),spectroscopy,ingot",99.69,Weight %,1955
4.922,0.124156,0.00372468,None kPa,N/A,8972,['C'],A,Low temperature calorimetry set up,"origin: commercial source,99.69 weight % (total),spectroscopy,ingot",99.69,Weight %,1955
4.925,0.126746,0.00380238,None kPa,N/A,8972,['C'],A,Low temperature calorimetry set up,"origin: commercial source,99.69 weight % (total),spectroscopy,ingot",99.69,Weight %,1955
4.929,0.119964,0.00359891,None kPa,N/A,8972,['C'],A,Low temperature calorimetry set up,"origin: commercial source,99.69 weight % (total),spectroscopy,ingot",99.69,Weight %,1955
4.934,0.121717,0.0036515,None kPa,N/A,8972,['C'],A,Low temperature calorimetry set up,"origin: commercial source,99.69 weight % (total),spectroscopy,ingot",99.69,Weight %,1955
4.936,0.118754,0.00356263,None kPa,N/A,8972,['C'],A,Low temperature calorimetry set up,"origin: commercial source,99.69 weight % (total),spectroscopy,ingot",99.69,Weight %,1955
4.955,0.113491,0.00340473,None kPa,N/A,8972,['C'],A,Low temperature calorimetry set up,"origin: commercial source,99.69 weight % (total),spectroscopy,ingot",99.69,Weight %,1955
4.959,0.110244,0.00330733,None kPa,N/A,8972,['C'],A,Low temperature calorimetry set up,"origin: commercial source,99.69 weight % (total),spectroscopy,ingot",99.69,Weight %,1955
4.962,0.118047,0.00354142,None kPa,N/A,8972,['C'],A,Low temperature calorimetry set up,"origin: commercial source,99.69 weight % (total),spectroscopy,ingot",99.69,Weight %,1955
4.964,0.111131,0.00333394,None kPa,N/A,8972,['C'],A,Low temperature calorimetry set up,"origin: commercial source,99.69 weight % (total),spectroscopy,ingot",99.69,Weight %,1955
4.965,0.0946212,0.00283863,None kPa,N/A,8972,['C'],A,Low temperature calorimetry set up,"origin: commercial source,99.69 weight % (total),spectroscopy,ingot",99.69,Weight %,1955
4.975,0.0872866,0.0026186,None kPa,N/A,8972,['C'],A,Low temperature calorimetry set up,"origin: commercial source,99.69 weight % (total),spectroscopy,ingot",99.69,Weight %,1955
4.979,0.105466,0.00316398,None kPa,N/A,8972,['C'],A,Low temperature calorimetry set up,"origin: commercial source,99.69 weight % (total),spectroscopy,ingot",99.69,Weight %,1955
4.983,0.0923827,0.00277148,None kPa,N/A,8972,['C'],A,Low temperature calorimetry set up,"origin: commercial source,99.69 weight % (total),spectroscopy,ingot",99.69,Weight %,1955
4.984,0.0987382,0.00296215,None kPa,N/A,8972,['C'],A,Low temperature calorimetry set up,"origin: commercial source,99.69 weight % (total),spectroscopy,ingot",99.69,Weight %,1955
4.997,0.0859645,0.00257893,None kPa,N/A,8972,['C'],A,Low temperature calorimetry set up,"origin: commercial source,99.69 weight % (total),spectroscopy,ingot",99.69,Weight %,1955
4.999,0.0725296,0.00217589,None kPa,N/A,8972,['C'],A,Low temperature calorimetry set up,"origin: commercial source,99.69 weight % (total),spectroscopy,ingot",99.69,Weight %,1955
5.003,0.076086,0.00228258,None kPa,N/A,8972,['C'],A,Low temperature calorimetry set up,"origin: commercial source,99.69 weight % (total),spectroscopy,ingot",99.69,Weight %,1955
5.005,0.0816968,0.0024509,None kPa,N/A,8972,['C'],A,Low temperature calorimetry set up,"origin: commercial source,99.69 weight % (total),spectroscopy,ingot",99.69,Weight %,1955
5.008,0.0647809,0.00194343,None kPa,N/A,8972,['C'],A,Low temperature calorimetry set up,"origin: commercial source,99.69 weight % (total),spectroscopy,ingot",99.69,Weight %,1955
5.017,0.0616889,0.00185067,None kPa,N/A,8972,['C'],A,Low temperature calorimetry set up,"origin: commercial source,99.69 weight % (total),spectroscopy,ingot",99.69,Weight %,1955
5.018,0.0671072,0.00201322,None kPa,N/A,8972,['C'],A,Low temperature calorimetry set up,"origin: commercial source,99.69 weight % (total),spectroscopy,ingot",99.69,Weight %,1955
5.031,0.0587099,0.0017613,None kPa,N/A,8972,['C'],A,Low temperature calorimetry set up,"origin: commercial source,99.69 weight % (total),spectroscopy,ingot",99.69,Weight %,1955
5.032,0.0578731,0.00173619,None kPa,N/A,8972,['C'],A,Low temperature calorimetry set up,"origin: commercial source,99.69 weight % (total),spectroscopy,ingot",99.69,Weight %,1955
5.042,0.0601617,0.00180485,None kPa,N/A,8972,['C'],A,Low temperature calorimetry set up,"origin: commercial source,99.69 weight % (total),spectroscopy,ingot",99.69,Weight %,1955
5.055,0.05794,0.0017382,None kPa,N/A,8972,['C'],A,Low temperature calorimetry set up,"origin: commercial source,99.69 weight % (total),spectroscopy,ingot",99.69,Weight %,1955
5.065,0.0566514,0.00169954,None kPa,N/A,8972,['C'],A,Low temperature calorimetry set up,"origin: commercial source,99.69 weight % (total),spectroscopy,ingot",99.69,Weight %,1955
5.078,0.0587894,0.00176368,None kPa,N/A,8972,['C'],A,Low temperature calorimetry set up,"origin: commercial source,99.69 weight % (total),spectroscopy,ingot",99.69,Weight %,1955
5.104,0.057279,0.00171837,None kPa,N/A,8972,['C'],A,Low temperature calorimetry set up,"origin: commercial source,99.69 weight % (total),spectroscopy,ingot",99.69,Weight %,1955
5.108,0.0588772,0.00176632,None kPa,N/A,8972,['C'],A,Low temperature calorimetry set up,"origin: commercial source,99.69 weight % (total),spectroscopy,ingot",99.69,Weight %,1955
5.128,0.0584756,0.00175427,None kPa,N/A,8972,['C'],A,Low temperature calorimetry set up,"origin: commercial source,99.69 weight % (total),spectroscopy,ingot",99.69,Weight %,1955
1.6,0.00511285,0.000153385,None kPa,N/A,8973,['C'],A,Low temperature calorimetry set up,"origin: commercial source,99.73 weight % (total),spectroscopy,ingot",99.73,Weight %,1955
1.627,0.00538062,0.000161419,None kPa,N/A,8973,['C'],A,Low temperature calorimetry set up,"origin: commercial source,99.73 weight % (total),spectroscopy,ingot",99.73,Weight %,1955
1.653,0.00570279,0.000171084,None kPa,N/A,8973,['C'],A,Low temperature calorimetry set up,"origin: commercial source,99.73 weight % (total),spectroscopy,ingot",99.73,Weight %,1955
1.682,0.00618395,0.000185519,None kPa,N/A,8973,['C'],A,Low temperature calorimetry set up,"origin: commercial source,99.73 weight % (total),spectroscopy,ingot",99.73,Weight %,1955
1.71,0.00663582,0.000199075,None kPa,N/A,8973,['C'],A,Low temperature calorimetry set up,"origin: commercial source,99.73 weight % (total),spectroscopy,ingot",99.73,Weight %,1955
1.756,0.00730108,0.000219032,None kPa,N/A,8973,['C'],A,Low temperature calorimetry set up,"origin: commercial source,99.73 weight % (total),spectroscopy,ingot",99.73,Weight %,1955
1.779,0.0078701,0.000236103,None kPa,N/A,8973,['C'],A,Low temperature calorimetry set up,"origin: commercial source,99.73 weight % (total),spectroscopy,ingot",99.73,Weight %,1955
1.809,0.00822156,0.000246647,None kPa,N/A,8973,['C'],A,Low temperature calorimetry set up,"origin: commercial source,99.73 weight % (total),spectroscopy,ingot",99.73,Weight %,1955
1.833,0.00853954,0.000256186,None kPa,N/A,8973,['C'],A,Low temperature calorimetry set up,"origin: commercial source,99.73 weight % (total),spectroscopy,ingot",99.73,Weight %,1955
1.858,0.00896213,0.000268864,None kPa,N/A,8973,['C'],A,Low temperature calorimetry set up,"origin: commercial source,99.73 weight % (total),spectroscopy,ingot",99.73,Weight %,1955
1.883,0.00923827,0.000277148,None kPa,N/A,8973,['C'],A,Low temperature calorimetry set up,"origin: commercial source,99.73 weight % (total),spectroscopy,ingot",99.73,Weight %,1955
1.892,0.00976546,0.000292964,None kPa,N/A,8973,['C'],A,Low temperature calorimetry set up,"origin: commercial source,99.73 weight % (total),spectroscopy,ingot",99.73,Weight %,1955
1.927,0.010301,0.00030903,None kPa,N/A,8973,['C'],A,Low temperature calorimetry set up,"origin: commercial source,99.73 weight % (total),spectroscopy,ingot",99.73,Weight %,1955
1.956,0.0108784,0.000326352,None kPa,N/A,8973,['C'],A,Low temperature calorimetry set up,"origin: commercial source,99.73 weight % (total),spectroscopy,ingot",99.73,Weight %,1955
1.99,0.0114767,0.000344301,None kPa,N/A,8973,['C'],A,Low temperature calorimetry set up,"origin: commercial source,99.73 weight % (total),spectroscopy,ingot",99.73,Weight %,1955
2.013,0.0116734,0.000350201,None kPa,N/A,8973,['C'],A,Low temperature calorimetry set up,"origin: commercial source,99.73 weight % (total),spectroscopy,ingot",99.73,Weight %,1955
2.019,0.0120374,0.000361121,None kPa,N/A,8973,['C'],A,Low temperature calorimetry set up,"origin: commercial source,99.73 weight % (total),spectroscopy,ingot",99.73,Weight %,1955
2.046,0.012598,0.000377941,None kPa,N/A,8973,['C'],A,Low temperature calorimetry set up,"origin: commercial source,99.73 weight % (total),spectroscopy,ingot",99.73,Weight %,1955
2.09,0.013506,0.000405179,None kPa,N/A,8973,['C'],A,Low temperature calorimetry set up,"origin: commercial source,99.73 weight % (total),spectroscopy,ingot",99.73,Weight %,1955
2.106,0.01387,0.000416099,None kPa,N/A,8973,['C'],A,Low temperature calorimetry set up,"origin: commercial source,99.73 weight % (total),spectroscopy,ingot",99.73,Weight %,1955
2.138,0.0145812,0.000437437,None kPa,N/A,8973,['C'],A,Low temperature calorimetry set up,"origin: commercial source,99.73 weight % (total),spectroscopy,ingot",99.73,Weight %,1955
2.187,0.0157235,0.000471704,None kPa,N/A,8973,['C'],A,Low temperature calorimetry set up,"origin: commercial source,99.73 weight % (total),spectroscopy,ingot",99.73,Weight %,1955
2.215,0.0165184,0.000495553,None kPa,N/A,8973,['C'],A,Low temperature calorimetry set up,"origin: commercial source,99.73 weight % (total),spectroscopy,ingot",99.73,Weight %,1955
2.257,0.0172004,0.000516013,None kPa,N/A,8973,['C'],A,Low temperature calorimetry set up,"origin: commercial source,99.73 weight % (total),spectroscopy,ingot",99.73,Weight %,1955
2.306,0.0184012,0.000552037,None kPa,N/A,8973,['C'],A,Low temperature calorimetry set up,"origin: commercial source,99.73 weight % (total),spectroscopy,ingot",99.73,Weight %,1955
2.351,0.0194305,0.000582915,None kPa,N/A,8973,['C'],A,Low temperature calorimetry set up,"origin: commercial source,99.73 weight % (total),spectroscopy,ingot",99.73,Weight %,1955
2.401,0.0211292,0.000633876,None kPa,N/A,8973,['C'],A,Low temperature calorimetry set up,"origin: commercial source,99.73 weight % (total),spectroscopy,ingot",99.73,Weight %,1955
2.453,0.0222338,0.000667013,None kPa,N/A,8973,['C'],A,Low temperature calorimetry set up,"origin: commercial source,99.73 weight % (total),spectroscopy,ingot",99.73,Weight %,1955
2.497,0.02374,0.0007122,None kPa,N/A,8973,['C'],A,Low temperature calorimetry set up,"origin: commercial source,99.73 weight % (total),spectroscopy,ingot",99.73,Weight %,1955
2.521,0.0242714,0.000728142,None kPa,N/A,8973,['C'],A,Low temperature calorimetry set up,"origin: commercial source,99.73 weight % (total),spectroscopy,ingot",99.73,Weight %,1955
2.553,0.025217,0.000756509,None kPa,N/A,8973,['C'],A,Low temperature calorimetry set up,"origin: commercial source,99.73 weight % (total),spectroscopy,ingot",99.73,Weight %,1955
2.59,0.025945,0.00077835,None kPa,N/A,8973,['C'],A,Low temperature calorimetry set up,"origin: commercial source,99.73 weight % (total),spectroscopy,ingot",99.73,Weight %,1955
2.618,0.0269491,0.000808474,None kPa,N/A,8973,['C'],A,Low temperature calorimetry set up,"origin: commercial source,99.73 weight % (total),spectroscopy,ingot",99.73,Weight %,1955
2.665,0.0282797,0.00084839,None kPa,N/A,8973,['C'],A,Low temperature calorimetry set up,"origin: commercial source,99.73 weight % (total),spectroscopy,ingot",99.73,Weight %,1955
2.7,0.0290955,0.000872866,None kPa,N/A,8973,['C'],A,Low temperature calorimetry set up,"origin: commercial source,99.73 weight % (total),spectroscopy,ingot",99.73,Weight %,1955
2.736,0.0303256,0.000909769,None kPa,N/A,8973,['C'],A,Low temperature calorimetry set up,"origin: commercial source,99.73 weight % (total),spectroscopy,ingot",99.73,Weight %,1955
2.788,0.0320118,0.000960354,None kPa,N/A,8973,['C'],A,Low temperature calorimetry set up,"origin: commercial source,99.73 weight % (total),spectroscopy,ingot",99.73,Weight %,1955
2.827,0.0331959,0.000995876,None kPa,N/A,8973,['C'],A,Low temperature calorimetry set up,"origin: commercial source,99.73 weight % (total),spectroscopy,ingot",99.73,Weight %,1955
2.887,0.0347816,0.00104345,None kPa,N/A,8973,['C'],A,Low temperature calorimetry set up,"origin: commercial source,99.73 weight % (total),spectroscopy,ingot",99.73,Weight %,1955
2.95,0.036815,0.00110445,None kPa,N/A,8973,['C'],A,Low temperature calorimetry set up,"origin: commercial source,99.73 weight % (total),spectroscopy,ingot",99.73,Weight %,1955
3.004,0.038656,0.00115968,None kPa,N/A,8973,['C'],A,Low temperature calorimetry set up,"origin: commercial source,99.73 weight % (total),spectroscopy,ingot",99.73,Weight %,1955
3.075,0.0413881,0.00124164,None kPa,N/A,8973,['C'],A,Low temperature calorimetry set up,"origin: commercial source,99.73 weight % (total),spectroscopy,ingot",99.73,Weight %,1955
3.127,0.0432835,0.0012985,None kPa,N/A,8973,['C'],A,Low temperature calorimetry set up,"origin: commercial source,99.73 weight % (total),spectroscopy,ingot",99.73,Weight %,1955
3.202,0.0459278,0.00137783,None kPa,N/A,8973,['C'],A,Low temperature calorimetry set up,"origin: commercial source,99.73 weight % (total),spectroscopy,ingot",99.73,Weight %,1955
3.282,0.0488524,0.00146557,None kPa,N/A,8973,['C'],A,Low temperature calorimetry set up,"origin: commercial source,99.73 weight % (total),spectroscopy,ingot",99.73,Weight %,1955
3.36,0.0520531,0.00156159,None kPa,N/A,8973,['C'],A,Low temperature calorimetry set up,"origin: commercial source,99.73 weight % (total),spectroscopy,ingot",99.73,Weight %,1955
3.432,0.0546723,0.00164017,None kPa,N/A,8973,['C'],A,Low temperature calorimetry set up,"origin: commercial source,99.73 weight % (total),spectroscopy,ingot",99.73,Weight %,1955
3.482,0.0569735,0.00170921,None kPa,N/A,8973,['C'],A,Low temperature calorimetry set up,"origin: commercial source,99.73 weight % (total),spectroscopy,ingot",99.73,Weight %,1955
3.532,0.0592789,0.00177837,None kPa,N/A,8973,['C'],A,Low temperature calorimetry set up,"origin: commercial source,99.73 weight % (total),spectroscopy,ingot",99.73,Weight %,1955
3.593,0.0607057,0.00182117,None kPa,N/A,8973,['C'],A,Low temperature calorimetry set up,"origin: commercial source,99.73 weight % (total),spectroscopy,ingot",99.73,Weight %,1955
3.659,0.064216,0.00192648,None kPa,N/A,8973,['C'],A,Low temperature calorimetry set up,"origin: commercial source,99.73 weight % (total),spectroscopy,ingot",99.73,Weight %,1955
3.716,0.0657181,0.00197154,None kPa,N/A,8973,['C'],A,Low temperature calorimetry set up,"origin: commercial source,99.73 weight % (total),spectroscopy,ingot",99.73,Weight %,1955
3.777,0.0692327,0.00207698,None kPa,N/A,8973,['C'],A,Low temperature calorimetry set up,"origin: commercial source,99.73 weight % (total),spectroscopy,ingot",99.73,Weight %,1955
3.85,0.0730485,0.00219145,None kPa,N/A,8973,['C'],A,Low temperature calorimetry set up,"origin: commercial source,99.73 weight % (total),spectroscopy,ingot",99.73,Weight %,1955
4.018,0.0805295,0.00241588,None kPa,N/A,8973,['C'],A,Low temperature calorimetry set up,"origin: commercial source,99.73 weight % (total),spectroscopy,ingot",99.73,Weight %,1955
4.104,0.084726,0.00254178,None kPa,N/A,8973,['C'],A,Low temperature calorimetry set up,"origin: commercial source,99.73 weight % (total),spectroscopy,ingot",99.73,Weight %,1955
4.203,0.0899225,0.00269768,None kPa,N/A,8973,['C'],A,Low temperature calorimetry set up,"origin: commercial source,99.73 weight % (total),spectroscopy,ingot",99.73,Weight %,1955
4.251,0.093345,0.00280035,None kPa,N/A,8973,['C'],A,Low temperature calorimetry set up,"origin: commercial source,99.73 weight % (total),spectroscopy,ingot",99.73,Weight %,1955
4.287,0.094822,0.00284466,None kPa,N/A,8973,['C'],A,Low temperature calorimetry set up,"origin: commercial source,99.73 weight % (total),spectroscopy,ingot",99.73,Weight %,1955
4.288,0.0931317,0.00279395,None kPa,N/A,8973,['C'],A,Low temperature calorimetry set up,"origin: commercial source,99.73 weight % (total),spectroscopy,ingot",99.73,Weight %,1955
4.307,0.0965835,0.0028975,None kPa,N/A,8973,['C'],A,Low temperature calorimetry set up,"origin: commercial source,99.73 weight % (total),spectroscopy,ingot",99.73,Weight %,1955
4.339,0.0973198,0.0029196,None kPa,N/A,8973,['C'],A,Low temperature calorimetry set up,"origin: commercial source,99.73 weight % (total),spectroscopy,ingot",99.73,Weight %,1955
4.371,0.0999558,0.00299867,None kPa,N/A,8973,['C'],A,Low temperature calorimetry set up,"origin: commercial source,99.73 weight % (total),spectroscopy,ingot",99.73,Weight %,1955
4.404,0.1017,0.00305101,None kPa,N/A,8973,['C'],A,Low temperature calorimetry set up,"origin: commercial source,99.73 weight % (total),spectroscopy,ingot",99.73,Weight %,1955
4.404,0.100345,0.00301035,None kPa,N/A,8973,['C'],A,Low temperature calorimetry set up,"origin: commercial source,99.73 weight % (total),spectroscopy,ingot",99.73,Weight %,1955
4.439,0.105968,0.00317904,None kPa,N/A,8973,['C'],A,Low temperature calorimetry set up,"origin: commercial source,99.73 weight % (total),spectroscopy,ingot",99.73,Weight %,1955
4.46,0.103316,0.00309947,None kPa,N/A,8973,['C'],A,Low temperature calorimetry set up,"origin: commercial source,99.73 weight % (total),spectroscopy,ingot",99.73,Weight %,1955
4.474,0.106943,0.00320829,None kPa,N/A,8973,['C'],A,Low temperature calorimetry set up,"origin: commercial source,99.73 weight % (total),spectroscopy,ingot",99.73,Weight %,1955
4.504,0.107257,0.00321771,None kPa,N/A,8973,['C'],A,Low temperature calorimetry set up,"origin: commercial source,99.73 weight % (total),spectroscopy,ingot",99.73,Weight %,1955
4.52,0.109562,0.00328687,None kPa,N/A,8973,['C'],A,Low temperature calorimetry set up,"origin: commercial source,99.73 weight % (total),spectroscopy,ingot",99.73,Weight %,1955
4.533,0.110851,0.00332553,None kPa,N/A,8973,['C'],A,Low temperature calorimetry set up,"origin: commercial source,99.73 weight % (total),spectroscopy,ingot",99.73,Weight %,1955
4.563,0.112579,0.00337737,None kPa,N/A,8973,['C'],A,Low temperature calorimetry set up,"origin: commercial source,99.73 weight % (total),spectroscopy,ingot",99.73,Weight %,1955
4.606,0.112181,0.00336544,None kPa,N/A,8973,['C'],A,Low temperature calorimetry set up,"origin: commercial source,99.73 weight % (total),spectroscopy,ingot",99.73,Weight %,1955
4.62,0.113805,0.00341414,None kPa,N/A,8973,['C'],A,Low temperature calorimetry set up,"origin: commercial source,99.73 weight % (total),spectroscopy,ingot",99.73,Weight %,1955
4.644,0.113809,0.00341427,None kPa,N/A,8973,['C'],A,Low temperature calorimetry set up,"origin: commercial source,99.73 weight % (total),spectroscopy,ingot",99.73,Weight %,1955
4.661,0.115863,0.0034759,None kPa,N/A,8973,['C'],A,Low temperature calorimetry set up,"origin: commercial source,99.73 weight % (total),spectroscopy,ingot",99.73,Weight %,1955
4.692,0.119026,0.00357079,None kPa,N/A,8973,['C'],A,Low temperature calorimetry set up,"origin: commercial source,99.73 weight % (total),spectroscopy,ingot",99.73,Weight %,1955
4.727,0.119478,0.00358435,None kPa,N/A,8973,['C'],A,Low temperature calorimetry set up,"origin: commercial source,99.73 weight % (total),spectroscopy,ingot",99.73,Weight %,1955
4.76,0.120796,0.00362389,None kPa,N/A,8973,['C'],A,Low temperature calorimetry set up,"origin: commercial source,99.73 weight % (total),spectroscopy,ingot",99.73,Weight %,1955
4.774,0.124922,0.00374765,None kPa,N/A,8973,['C'],A,Low temperature calorimetry set up,"origin: commercial source,99.73 weight % (total),spectroscopy,ingot",99.73,Weight %,1955
4.782,0.123127,0.0036938,None kPa,N/A,8973,['C'],A,Low temperature calorimetry set up,"origin: commercial source,99.73 weight % (total),spectroscopy,ingot",99.73,Weight %,1955
4.824,0.123369,0.00370108,None kPa,N/A,8973,['C'],A,Low temperature calorimetry set up,"origin: commercial source,99.73 weight % (total),spectroscopy,ingot",99.73,Weight %,1955
4.827,0.121252,0.00363757,None kPa,N/A,8973,['C'],A,Low temperature calorimetry set up,"origin: commercial source,99.73 weight % (total),spectroscopy,ingot",99.73,Weight %,1955
4.859,0.115252,0.00345757,None kPa,N/A,8973,['C'],A,Low temperature calorimetry set up,"origin: commercial source,99.73 weight % (total),spectroscopy,ingot",99.73,Weight %,1955
4.875,0.102525,0.00307574,None kPa,N/A,8973,['C'],A,Low temperature calorimetry set up,"origin: commercial source,99.73 weight % (total),spectroscopy,ingot",99.73,Weight %,1955
4.891,0.0853243,0.00255973,None kPa,N/A,8973,['C'],A,Low temperature calorimetry set up,"origin: commercial source,99.73 weight % (total),spectroscopy,ingot",99.73,Weight %,1955
4.93,0.0626554,0.00187966,None kPa,N/A,8973,['C'],A,Low temperature calorimetry set up,"origin: commercial source,99.73 weight % (total),spectroscopy,ingot",99.73,Weight %,1955
4.933,0.0614839,0.00184452,None kPa,N/A,8973,['C'],A,Low temperature calorimetry set up,"origin: commercial source,99.73 weight % (total),spectroscopy,ingot",99.73,Weight %,1955
4.958,0.0573208,0.00171962,None kPa,N/A,8973,['C'],A,Low temperature calorimetry set up,"origin: commercial source,99.73 weight % (total),spectroscopy,ingot",99.73,Weight %,1955
4.988,0.0564966,0.0016949,None kPa,N/A,8973,['C'],A,Low temperature calorimetry set up,"origin: commercial source,99.73 weight % (total),spectroscopy,ingot",99.73,Weight %,1955
5.012,0.056915,0.00170745,None kPa,N/A,8973,['C'],A,Low temperature calorimetry set up,"origin: commercial source,99.73 weight % (total),spectroscopy,ingot",99.73,Weight %,1955
5.034,0.0574756,0.00172427,None kPa,N/A,8973,['C'],A,Low temperature calorimetry set up,"origin: commercial source,99.73 weight % (total),spectroscopy,ingot",99.73,Weight %,1955
5.077,0.0577099,0.0017313,None kPa,N/A,8973,['C'],A,Low temperature calorimetry set up,"origin: commercial source,99.73 weight % (total),spectroscopy,ingot",99.73,Weight %,1955
5.106,0.0590237,0.00177071,None kPa,N/A,8973,['C'],A,Low temperature calorimetry set up,"origin: commercial source,99.73 weight % (total),spectroscopy,ingot",99.73,Weight %,1955
5.155,0.0594337,0.00178301,None kPa,N/A,8973,['C'],A,Low temperature calorimetry set up,"origin: commercial source,99.73 weight % (total),spectroscopy,ingot",99.73,Weight %,1955
5.225,0.0602956,0.00180887,None kPa,N/A,8973,['C'],A,Low temperature calorimetry set up,"origin: commercial source,99.73 weight % (total),spectroscopy,ingot",99.73,Weight %,1955
1.872,0.0219576,0.000658729,None kPa,N/A,8974,['C'],A,Low temperature calorimetry set up,"origin: commercial source,99.32 weight % (total),spectroscopy,ingot",99.32,Weight %,1955
1.885,0.0203844,0.000611533,None kPa,N/A,8974,['C'],A,Low temperature calorimetry set up,"origin: commercial source,99.32 weight % (total),spectroscopy,ingot",99.32,Weight %,1955
1.911,0.0214137,0.000642411,None kPa,N/A,8974,['C'],A,Low temperature calorimetry set up,"origin: commercial source,99.32 weight % (total),spectroscopy,ingot",99.32,Weight %,1955
1.929,0.0209074,0.000627223,None kPa,N/A,8974,['C'],A,Low temperature calorimetry set up,"origin: commercial source,99.32 weight % (total),spectroscopy,ingot",99.32,Weight %,1955
1.963,0.0219534,0.000658603,None kPa,N/A,8974,['C'],A,Low temperature calorimetry set up,"origin: commercial source,99.32 weight % (total),spectroscopy,ingot",99.32,Weight %,1955
1.983,0.0219158,0.000657474,None kPa,N/A,8974,['C'],A,Low temperature calorimetry set up,"origin: commercial source,99.32 weight % (total),spectroscopy,ingot",99.32,Weight %,1955
2.016,0.0226396,0.000679189,None kPa,N/A,8974,['C'],A,Low temperature calorimetry set up,"origin: commercial source,99.32 weight % (total),spectroscopy,ingot",99.32,Weight %,1955
2.024,0.0217986,0.000653959,None kPa,N/A,8974,['C'],A,Low temperature calorimetry set up,"origin: commercial source,99.32 weight % (total),spectroscopy,ingot",99.32,Weight %,1955
2.065,0.0221375,0.000664126,None kPa,N/A,8974,['C'],A,Low temperature calorimetry set up,"origin: commercial source,99.32 weight % (total),spectroscopy,ingot",99.32,Weight %,1955
2.092,0.0220329,0.000660988,None kPa,N/A,8974,['C'],A,Low temperature calorimetry set up,"origin: commercial source,99.32 weight % (total),spectroscopy,ingot",99.32,Weight %,1955
2.121,0.0221501,0.000664503,None kPa,N/A,8974,['C'],A,Low temperature calorimetry set up,"origin: commercial source,99.32 weight % (total),spectroscopy,ingot",99.32,Weight %,1955
2.154,0.0222463,0.00066739,None kPa,N/A,8974,['C'],A,Low temperature calorimetry set up,"origin: commercial source,99.32 weight % (total),spectroscopy,ingot",99.32,Weight %,1955
2.191,0.0224639,0.000673917,None kPa,N/A,8974,['C'],A,Low temperature calorimetry set up,"origin: commercial source,99.32 weight % (total),spectroscopy,ingot",99.32,Weight %,1955
2.233,0.0229534,0.000688603,None kPa,N/A,8974,['C'],A,Low temperature calorimetry set up,"origin: commercial source,99.32 weight % (total),spectroscopy,ingot",99.32,Weight %,1955
2.258,0.0229492,0.000688477,None kPa,N/A,8974,['C'],A,Low temperature calorimetry set up,"origin: commercial source,99.32 weight % (total),spectroscopy,ingot",99.32,Weight %,1955
2.303,0.023443,0.000703289,None kPa,N/A,8974,['C'],A,Low temperature calorimetry set up,"origin: commercial source,99.32 weight % (total),spectroscopy,ingot",99.32,Weight %,1955
2.326,0.0237233,0.000711698,None kPa,N/A,8974,['C'],A,Low temperature calorimetry set up,"origin: commercial source,99.32 weight % (total),spectroscopy,ingot",99.32,Weight %,1955
2.362,0.0239994,0.000719983,None kPa,N/A,8974,['C'],A,Low temperature calorimetry set up,"origin: commercial source,99.32 weight % (total),spectroscopy,ingot",99.32,Weight %,1955
2.434,0.0245852,0.000737555,None kPa,N/A,8974,['C'],A,Low temperature calorimetry set up,"origin: commercial source,99.32 weight % (total),spectroscopy,ingot",99.32,Weight %,1955
2.501,0.0252337,0.000757011,None kPa,N/A,8974,['C'],A,Low temperature calorimetry set up,"origin: commercial source,99.32 weight % (total),spectroscopy,ingot",99.32,Weight %,1955
2.574,0.0262588,0.000787764,None kPa,N/A,8974,['C'],A,Low temperature calorimetry set up,"origin: commercial source,99.32 weight % (total),spectroscopy,ingot",99.32,Weight %,1955
2.65,0.0264261,0.000792784,None kPa,N/A,8974,['C'],A,Low temperature calorimetry set up,"origin: commercial source,99.32 weight % (total),spectroscopy,ingot",99.32,Weight %,1955
2.748,0.0269031,0.000807094,None kPa,N/A,8974,['C'],A,Low temperature calorimetry set up,"origin: commercial source,99.32 weight % (total),spectroscopy,ingot",99.32,Weight %,1955
2.833,0.0276521,0.000829562,None kPa,N/A,8974,['C'],A,Low temperature calorimetry set up,"origin: commercial source,99.32 weight % (total),spectroscopy,ingot",99.32,Weight %,1955
2.895,0.0283968,0.000851904,None kPa,N/A,8974,['C'],A,Low temperature calorimetry set up,"origin: commercial source,99.32 weight % (total),spectroscopy,ingot",99.32,Weight %,1955
2.963,0.0293006,0.000879017,None kPa,N/A,8974,['C'],A,Low temperature calorimetry set up,"origin: commercial source,99.32 weight % (total),spectroscopy,ingot",99.32,Weight %,1955
2.97,0.028924,0.00086772,None kPa,N/A,8974,['C'],A,Low temperature calorimetry set up,"origin: commercial source,99.32 weight % (total),spectroscopy,ingot",99.32,Weight %,1955
3.018,0.0293884,0.000881652,None kPa,N/A,8974,['C'],A,Low temperature calorimetry set up,"origin: commercial source,99.32 weight % (total),spectroscopy,ingot",99.32,Weight %,1955
3.08,0.0298361,0.000895083,None kPa,N/A,8974,['C'],A,Low temperature calorimetry set up,"origin: commercial source,99.32 weight % (total),spectroscopy,ingot",99.32,Weight %,1955
3.135,0.0307189,0.000921568,None kPa,N/A,8974,['C'],A,Low temperature calorimetry set up,"origin: commercial source,99.32 weight % (total),spectroscopy,ingot",99.32,Weight %,1955
3.203,0.0315055,0.000945166,None kPa,N/A,8974,['C'],A,Low temperature calorimetry set up,"origin: commercial source,99.32 weight % (total),spectroscopy,ingot",99.32,Weight %,1955
3.273,0.0322084,0.000966253,None kPa,N/A,8974,['C'],A,Low temperature calorimetry set up,"origin: commercial source,99.32 weight % (total),spectroscopy,ingot",99.32,Weight %,1955
3.351,0.0330452,0.000991357,None kPa,N/A,8974,['C'],A,Low temperature calorimetry set up,"origin: commercial source,99.32 weight % (total),spectroscopy,ingot",99.32,Weight %,1955
3.435,0.0341163,0.00102349,None kPa,N/A,8974,['C'],A,Low temperature calorimetry set up,"origin: commercial source,99.32 weight % (total),spectroscopy,ingot",99.32,Weight %,1955
3.535,0.0342419,0.00102726,None kPa,N/A,8974,['C'],A,Low temperature calorimetry set up,"origin: commercial source,99.32 weight % (total),spectroscopy,ingot",99.32,Weight %,1955
3.574,0.0354845,0.00106454,None kPa,N/A,8974,['C'],A,Low temperature calorimetry set up,"origin: commercial source,99.32 weight % (total),spectroscopy,ingot",99.32,Weight %,1955
3.616,0.0361163,0.00108349,None kPa,N/A,8974,['C'],A,Low temperature calorimetry set up,"origin: commercial source,99.32 weight % (total),spectroscopy,ingot",99.32,Weight %,1955
3.656,0.0365138,0.00109541,None kPa,N/A,8974,['C'],A,Low temperature calorimetry set up,"origin: commercial source,99.32 weight % (total),spectroscopy,ingot",99.32,Weight %,1955
3.729,0.0371414,0.00111424,None kPa,N/A,8974,['C'],A,Low temperature calorimetry set up,"origin: commercial source,99.32 weight % (total),spectroscopy,ingot",99.32,Weight %,1955
3.819,0.0381957,0.00114587,None kPa,N/A,8974,['C'],A,Low temperature calorimetry set up,"origin: commercial source,99.32 weight % (total),spectroscopy,ingot",99.32,Weight %,1955
3.919,0.039317,0.00117951,None kPa,N/A,8974,['C'],A,Low temperature calorimetry set up,"origin: commercial source,99.32 weight % (total),spectroscopy,ingot",99.32,Weight %,1955
3.995,0.0402375,0.00120713,None kPa,N/A,8974,['C'],A,Low temperature calorimetry set up,"origin: commercial source,99.32 weight % (total),spectroscopy,ingot",99.32,Weight %,1955
4.047,0.0405471,0.00121641,None kPa,N/A,8974,['C'],A,Low temperature calorimetry set up,"origin: commercial source,99.32 weight % (total),spectroscopy,ingot",99.32,Weight %,1955
4.106,0.0412291,0.00123687,None kPa,N/A,8974,['C'],A,Low temperature calorimetry set up,"origin: commercial source,99.32 weight % (total),spectroscopy,ingot",99.32,Weight %,1955
4.126,0.0412417,0.00123725,None kPa,N/A,8974,['C'],A,Low temperature calorimetry set up,"origin: commercial source,99.32 weight % (total),spectroscopy,ingot",99.32,Weight %,1955
4.16,0.0418986,0.00125696,None kPa,N/A,8974,['C'],A,Low temperature calorimetry set up,"origin: commercial source,99.32 weight % (total),spectroscopy,ingot",99.32,Weight %,1955
4.23,0.0425555,0.00127666,None kPa,N/A,8974,['C'],A,Low temperature calorimetry set up,"origin: commercial source,99.32 weight % (total),spectroscopy,ingot",99.32,Weight %,1955
4.295,0.0445345,0.00133603,None kPa,N/A,8974,['C'],A,Low temperature calorimetry set up,"origin: commercial source,99.32 weight % (total),spectroscopy,ingot",99.32,Weight %,1955
4.299,0.0440617,0.00132185,None kPa,N/A,8974,['C'],A,Low temperature calorimetry set up,"origin: commercial source,99.32 weight % (total),spectroscopy,ingot",99.32,Weight %,1955
4.346,0.0442207,0.00132662,None kPa,N/A,8974,['C'],A,Low temperature calorimetry set up,"origin: commercial source,99.32 weight % (total),spectroscopy,ingot",99.32,Weight %,1955
4.368,0.0448483,0.00134545,None kPa,N/A,8974,['C'],A,Low temperature calorimetry set up,"origin: commercial source,99.32 weight % (total),spectroscopy,ingot",99.32,Weight %,1955
4.405,0.0455638,0.00136691,None kPa,N/A,8974,['C'],A,Low temperature calorimetry set up,"origin: commercial source,99.32 weight % (total),spectroscopy,ingot",99.32,Weight %,1955
4.421,0.0456056,0.00136817,None kPa,N/A,8974,['C'],A,Low temperature calorimetry set up,"origin: commercial source,99.32 weight % (total),spectroscopy,ingot",99.32,Weight %,1955
4.492,0.0470031,0.00141009,None kPa,N/A,8974,['C'],A,Low temperature calorimetry set up,"origin: commercial source,99.32 weight % (total),spectroscopy,ingot",99.32,Weight %,1955
4.516,0.0484131,0.00145239,None kPa,N/A,8974,['C'],A,Low temperature calorimetry set up,"origin: commercial source,99.32 weight % (total),spectroscopy,ingot",99.32,Weight %,1955
4.571,0.0480742,0.00144222,None kPa,N/A,8974,['C'],A,Low temperature calorimetry set up,"origin: commercial source,99.32 weight % (total),spectroscopy,ingot",99.32,Weight %,1955
4.629,0.0483838,0.00145151,None kPa,N/A,8974,['C'],A,Low temperature calorimetry set up,"origin: commercial source,99.32 weight % (total),spectroscopy,ingot",99.32,Weight %,1955
4.659,0.0482666,0.001448,None kPa,N/A,8974,['C'],A,Low temperature calorimetry set up,"origin: commercial source,99.32 weight % (total),spectroscopy,ingot",99.32,Weight %,1955
4.693,0.0486767,0.0014603,None kPa,N/A,8974,['C'],A,Low temperature calorimetry set up,"origin: commercial source,99.32 weight % (total),spectroscopy,ingot",99.32,Weight %,1955
4.759,0.0498063,0.00149419,None kPa,N/A,8974,['C'],A,Low temperature calorimetry set up,"origin: commercial source,99.32 weight % (total),spectroscopy,ingot",99.32,Weight %,1955
4.83,0.0514841,0.00154452,None kPa,N/A,8974,['C'],A,Low temperature calorimetry set up,"origin: commercial source,99.32 weight % (total),spectroscopy,ingot",99.32,Weight %,1955
4.852,0.0518063,0.00155419,None kPa,N/A,8974,['C'],A,Low temperature calorimetry set up,"origin: commercial source,99.32 weight % (total),spectroscopy,ingot",99.32,Weight %,1955
4.853,0.0507603,0.00152281,None kPa,N/A,8974,['C'],A,Low temperature calorimetry set up,"origin: commercial source,99.32 weight % (total),spectroscopy,ingot",99.32,Weight %,1955
4.858,0.0513377,0.00154013,None kPa,N/A,8974,['C'],A,Low temperature calorimetry set up,"origin: commercial source,99.32 weight % (total),spectroscopy,ingot",99.32,Weight %,1955
4.902,0.051936,0.00155808,None kPa,N/A,8974,['C'],A,Low temperature calorimetry set up,"origin: commercial source,99.32 weight % (total),spectroscopy,ingot",99.32,Weight %,1955
4.945,0.0528523,0.00158557,None kPa,N/A,8974,['C'],A,Low temperature calorimetry set up,"origin: commercial source,99.32 weight % (total),spectroscopy,ingot",99.32,Weight %,1955
4.95,0.0512833,0.0015385,None kPa,N/A,8974,['C'],A,Low temperature calorimetry set up,"origin: commercial source,99.32 weight % (total),spectroscopy,ingot",99.32,Weight %,1955
4.965,0.053095,0.00159285,None kPa,N/A,8974,['C'],A,Low temperature calorimetry set up,"origin: commercial source,99.32 weight % (total),spectroscopy,ingot",99.32,Weight %,1955
4.981,0.0530991,0.00159297,None kPa,N/A,8974,['C'],A,Low temperature calorimetry set up,"origin: commercial source,99.32 weight % (total),spectroscopy,ingot",99.32,Weight %,1955
4.996,0.0521912,0.00156574,None kPa,N/A,8974,['C'],A,Low temperature calorimetry set up,"origin: commercial source,99.32 weight % (total),spectroscopy,ingot",99.32,Weight %,1955
1.792,0.0181251,0.000543753,None kPa,N/A,8975,['C'],A,Low temperature calorimetry set up,"origin: commercial source,99.69 weight % (total),spectroscopy,ingot",99.69,Weight %,1955
1.833,0.0181586,0.000544757,None kPa,N/A,8975,['C'],A,Low temperature calorimetry set up,"origin: commercial source,99.69 weight % (total),spectroscopy,ingot",99.69,Weight %,1955
1.845,0.0184514,0.000553543,None kPa,N/A,8975,['C'],A,Low temperature calorimetry set up,"origin: commercial source,99.69 weight % (total),spectroscopy,ingot",99.69,Weight %,1955
1.864,0.0187569,0.000562706,None kPa,N/A,8975,['C'],A,Low temperature calorimetry set up,"origin: commercial source,99.69 weight % (total),spectroscopy,ingot",99.69,Weight %,1955
1.887,0.0188949,0.000566848,None kPa,N/A,8975,['C'],A,Low temperature calorimetry set up,"origin: commercial source,99.69 weight % (total),spectroscopy,ingot",99.69,Weight %,1955
1.93,0.0191502,0.000574505,None kPa,N/A,8975,['C'],A,Low temperature calorimetry set up,"origin: commercial source,99.69 weight % (total),spectroscopy,ingot",99.69,Weight %,1955
1.946,0.0194012,0.000582036,None kPa,N/A,8975,['C'],A,Low temperature calorimetry set up,"origin: commercial source,99.69 weight % (total),spectroscopy,ingot",99.69,Weight %,1955
1.991,0.0197443,0.000592329,None kPa,N/A,8975,['C'],A,Low temperature calorimetry set up,"origin: commercial source,99.69 weight % (total),spectroscopy,ingot",99.69,Weight %,1955
2.045,0.0202673,0.000608019,None kPa,N/A,8975,['C'],A,Low temperature calorimetry set up,"origin: commercial source,99.69 weight % (total),spectroscopy,ingot",99.69,Weight %,1955
2.123,0.0210915,0.000632746,None kPa,N/A,8975,['C'],A,Low temperature calorimetry set up,"origin: commercial source,99.69 weight % (total),spectroscopy,ingot",99.69,Weight %,1955
2.156,0.0213886,0.000641658,None kPa,N/A,8975,['C'],A,Low temperature calorimetry set up,"origin: commercial source,99.69 weight % (total),spectroscopy,ingot",99.69,Weight %,1955
2.176,0.0213258,0.000639775,None kPa,N/A,8975,['C'],A,Low temperature calorimetry set up,"origin: commercial source,99.69 weight % (total),spectroscopy,ingot",99.69,Weight %,1955
2.224,0.0219032,0.000657097,None kPa,N/A,8975,['C'],A,Low temperature calorimetry set up,"origin: commercial source,99.69 weight % (total),spectroscopy,ingot",99.69,Weight %,1955
2.271,0.0223342,0.000670026,None kPa,N/A,8975,['C'],A,Low temperature calorimetry set up,"origin: commercial source,99.69 weight % (total),spectroscopy,ingot",99.69,Weight %,1955
2.313,0.0227317,0.00068195,None kPa,N/A,8975,['C'],A,Low temperature calorimetry set up,"origin: commercial source,99.69 weight % (total),spectroscopy,ingot",99.69,Weight %,1955
2.347,0.0230664,0.000691992,None kPa,N/A,8975,['C'],A,Low temperature calorimetry set up,"origin: commercial source,99.69 weight % (total),spectroscopy,ingot",99.69,Weight %,1955
2.391,0.0235224,0.000705673,None kPa,N/A,8975,['C'],A,Low temperature calorimetry set up,"origin: commercial source,99.69 weight % (total),spectroscopy,ingot",99.69,Weight %,1955
2.433,0.0239869,0.000719606,None kPa,N/A,8975,['C'],A,Low temperature calorimetry set up,"origin: commercial source,99.69 weight % (total),spectroscopy,ingot",99.69,Weight %,1955
2.474,0.0241835,0.000725506,None kPa,N/A,8975,['C'],A,Low temperature calorimetry set up,"origin: commercial source,99.69 weight % (total),spectroscopy,ingot",99.69,Weight %,1955
2.525,0.0249785,0.000749354,None kPa,N/A,8975,['C'],A,Low temperature calorimetry set up,"origin: commercial source,99.69 weight % (total),spectroscopy,ingot",99.69,Weight %,1955
2.583,0.0255098,0.000765295,None kPa,N/A,8975,['C'],A,Low temperature calorimetry set up,"origin: commercial source,99.69 weight % (total),spectroscopy,ingot",99.69,Weight %,1955
2.644,0.0261709,0.000785128,None kPa,N/A,8975,['C'],A,Low temperature calorimetry set up,"origin: commercial source,99.69 weight % (total),spectroscopy,ingot",99.69,Weight %,1955
2.725,0.0269073,0.000807219,None kPa,N/A,8975,['C'],A,Low temperature calorimetry set up,"origin: commercial source,99.69 weight % (total),spectroscopy,ingot",99.69,Weight %,1955
2.74,0.0274261,0.000822784,None kPa,N/A,8975,['C'],A,Low temperature calorimetry set up,"origin: commercial source,99.69 weight % (total),spectroscopy,ingot",99.69,Weight %,1955
2.787,0.0278152,0.000834457,None kPa,N/A,8975,['C'],A,Low temperature calorimetry set up,"origin: commercial source,99.69 weight % (total),spectroscopy,ingot",99.69,Weight %,1955
2.816,0.0281751,0.000845252,None kPa,N/A,8975,['C'],A,Low temperature calorimetry set up,"origin: commercial source,99.69 weight % (total),spectroscopy,ingot",99.69,Weight %,1955
2.854,0.0288027,0.00086408,None kPa,N/A,8975,['C'],A,Low temperature calorimetry set up,"origin: commercial source,99.69 weight % (total),spectroscopy,ingot",99.69,Weight %,1955
2.883,0.028857,0.000865711,None kPa,N/A,8975,['C'],A,Low temperature calorimetry set up,"origin: commercial source,99.69 weight % (total),spectroscopy,ingot",99.69,Weight %,1955
2.92,0.028878,0.000866339,None kPa,N/A,8975,['C'],A,Low temperature calorimetry set up,"origin: commercial source,99.69 weight % (total),spectroscopy,ingot",99.69,Weight %,1955
2.963,0.0297357,0.000892071,None kPa,N/A,8975,['C'],A,Low temperature calorimetry set up,"origin: commercial source,99.69 weight % (total),spectroscopy,ingot",99.69,Weight %,1955
3.016,0.0300328,0.000900983,None kPa,N/A,8975,['C'],A,Low temperature calorimetry set up,"origin: commercial source,99.69 weight % (total),spectroscopy,ingot",99.69,Weight %,1955
3.052,0.0303633,0.000910899,None kPa,N/A,8975,['C'],A,Low temperature calorimetry set up,"origin: commercial source,99.69 weight % (total),spectroscopy,ingot",99.69,Weight %,1955
3.097,0.0309156,0.000927467,None kPa,N/A,8975,['C'],A,Low temperature calorimetry set up,"origin: commercial source,99.69 weight % (total),spectroscopy,ingot",99.69,Weight %,1955
3.14,0.0311834,0.000935501,None kPa,N/A,8975,['C'],A,Low temperature calorimetry set up,"origin: commercial source,99.69 weight % (total),spectroscopy,ingot",99.69,Weight %,1955
3.197,0.0318863,0.000956588,None kPa,N/A,8975,['C'],A,Low temperature calorimetry set up,"origin: commercial source,99.69 weight % (total),spectroscopy,ingot",99.69,Weight %,1955
3.248,0.0324093,0.000972278,None kPa,N/A,8975,['C'],A,Low temperature calorimetry set up,"origin: commercial source,99.69 weight % (total),spectroscopy,ingot",99.69,Weight %,1955
3.32,0.0332,0.000996001,None kPa,N/A,8975,['C'],A,Low temperature calorimetry set up,"origin: commercial source,99.69 weight % (total),spectroscopy,ingot",99.69,Weight %,1955
3.389,0.0341414,0.00102424,None kPa,N/A,8975,['C'],A,Low temperature calorimetry set up,"origin: commercial source,99.69 weight % (total),spectroscopy,ingot",99.69,Weight %,1955
3.444,0.0352418,0.00105725,None kPa,N/A,8975,['C'],A,Low temperature calorimetry set up,"origin: commercial source,99.69 weight % (total),spectroscopy,ingot",99.69,Weight %,1955
3.534,0.0355933,0.0010678,None kPa,N/A,8975,['C'],A,Low temperature calorimetry set up,"origin: commercial source,99.69 weight % (total),spectroscopy,ingot",99.69,Weight %,1955
3.629,0.0370577,0.00111173,None kPa,N/A,8975,['C'],A,Low temperature calorimetry set up,"origin: commercial source,99.69 weight % (total),spectroscopy,ingot",99.69,Weight %,1955
3.739,0.0383296,0.00114989,None kPa,N/A,8975,['C'],A,Low temperature calorimetry set up,"origin: commercial source,99.69 weight % (total),spectroscopy,ingot",99.69,Weight %,1955
3.845,0.0398652,0.00119595,None kPa,N/A,8975,['C'],A,Low temperature calorimetry set up,"origin: commercial source,99.69 weight % (total),spectroscopy,ingot",99.69,Weight %,1955
3.951,0.041409,0.00124227,None kPa,N/A,8975,['C'],A,Low temperature calorimetry set up,"origin: commercial source,99.69 weight % (total),spectroscopy,ingot",99.69,Weight %,1955
4.016,0.0420408,0.00126122,None kPa,N/A,8975,['C'],A,Low temperature calorimetry set up,"origin: commercial source,99.69 weight % (total),spectroscopy,ingot",99.69,Weight %,1955
4.091,0.0429404,0.00128821,None kPa,N/A,8975,['C'],A,Low temperature calorimetry set up,"origin: commercial source,99.69 weight % (total),spectroscopy,ingot",99.69,Weight %,1955
4.175,0.0441747,0.00132524,None kPa,N/A,8975,['C'],A,Low temperature calorimetry set up,"origin: commercial source,99.69 weight % (total),spectroscopy,ingot",99.69,Weight %,1955
4.256,0.0453295,0.00135988,None kPa,N/A,8975,['C'],A,Low temperature calorimetry set up,"origin: commercial source,99.69 weight % (total),spectroscopy,ingot",99.69,Weight %,1955
4.35,0.0467227,0.00140168,None kPa,N/A,8975,['C'],A,Low temperature calorimetry set up,"origin: commercial source,99.69 weight % (total),spectroscopy,ingot",99.69,Weight %,1955
4.529,0.0507184,0.00152155,None kPa,N/A,8975,['C'],A,Low temperature calorimetry set up,"origin: commercial source,99.69 weight % (total),spectroscopy,ingot",99.69,Weight %,1955
4.65,0.0515636,0.00154691,None kPa,N/A,8975,['C'],A,Low temperature calorimetry set up,"origin: commercial source,99.69 weight % (total),spectroscopy,ingot",99.69,Weight %,1955
4.787,0.0537853,0.00161356,None kPa,N/A,8975,['C'],A,Low temperature calorimetry set up,"origin: commercial source,99.69 weight % (total),spectroscopy,ingot",99.69,Weight %,1955
4.939,0.0557727,0.00167318,None kPa,N/A,8975,['C'],A,Low temperature calorimetry set up,"origin: commercial source,99.69 weight % (total),spectroscopy,ingot",99.69,Weight %,1955
5.046,0.0573501,0.0017205,None kPa,N/A,8975,['C'],A,Low temperature calorimetry set up,"origin: commercial source,99.69 weight % (total),spectroscopy,ingot",99.69,Weight %,1955
5.126,0.0586137,0.00175841,None kPa,N/A,8975,['C'],A,Low temperature calorimetry set up,"origin: commercial source,99.69 weight % (total),spectroscopy,ingot",99.69,Weight %,1955
5.221,0.0595048,0.00178515,None kPa,N/A,8975,['C'],A,Low temperature calorimetry set up,"origin: commercial source,99.69 weight % (total),spectroscopy,ingot",99.69,Weight %,1955
1.592,0.0177067,0.000531201,None kPa,N/A,8976,['C'],A,Low temperature calorimetry set up,"origin: commercial source,99.73 weight % (total),spectroscopy,ingot",99.73,Weight %,1955
1.618,0.0178866,0.000536598,None kPa,N/A,8976,['C'],A,Low temperature calorimetry set up,"origin: commercial source,99.73 weight % (total),spectroscopy,ingot",99.73,Weight %,1955
1.623,0.0180079,0.000540238,None kPa,N/A,8976,['C'],A,Low temperature calorimetry set up,"origin: commercial source,99.73 weight % (total),spectroscopy,ingot",99.73,Weight %,1955
1.649,0.0179535,0.000538606,None kPa,N/A,8976,['C'],A,Low temperature calorimetry set up,"origin: commercial source,99.73 weight % (total),spectroscopy,ingot",99.73,Weight %,1955
1.662,0.0182464,0.000547393,None kPa,N/A,8976,['C'],A,Low temperature calorimetry set up,"origin: commercial source,99.73 weight % (total),spectroscopy,ingot",99.73,Weight %,1955
1.671,0.0182841,0.000548522,None kPa,N/A,8976,['C'],A,Low temperature calorimetry set up,"origin: commercial source,99.73 weight % (total),spectroscopy,ingot",99.73,Weight %,1955
1.697,0.0182422,0.000547267,None kPa,N/A,8976,['C'],A,Low temperature calorimetry set up,"origin: commercial source,99.73 weight % (total),spectroscopy,ingot",99.73,Weight %,1955
1.71,0.0182088,0.000546263,None kPa,N/A,8976,['C'],A,Low temperature calorimetry set up,"origin: commercial source,99.73 weight % (total),spectroscopy,ingot",99.73,Weight %,1955
1.753,0.0185142,0.000555426,None kPa,N/A,8976,['C'],A,Low temperature calorimetry set up,"origin: commercial source,99.73 weight % (total),spectroscopy,ingot",99.73,Weight %,1955
1.781,0.0184431,0.000553292,None kPa,N/A,8976,['C'],A,Low temperature calorimetry set up,"origin: commercial source,99.73 weight % (total),spectroscopy,ingot",99.73,Weight %,1955
1.802,0.0189786,0.000569359,None kPa,N/A,8976,['C'],A,Low temperature calorimetry set up,"origin: commercial source,99.73 weight % (total),spectroscopy,ingot",99.73,Weight %,1955
1.835,0.0189995,0.000569986,None kPa,N/A,8976,['C'],A,Low temperature calorimetry set up,"origin: commercial source,99.73 weight % (total),spectroscopy,ingot",99.73,Weight %,1955
1.842,0.0191334,0.000574003,None kPa,N/A,8976,['C'],A,Low temperature calorimetry set up,"origin: commercial source,99.73 weight % (total),spectroscopy,ingot",99.73,Weight %,1955
1.888,0.0195476,0.000586429,None kPa,N/A,8976,['C'],A,Low temperature calorimetry set up,"origin: commercial source,99.73 weight % (total),spectroscopy,ingot",99.73,Weight %,1955
1.91,0.0195225,0.000585676,None kPa,N/A,8976,['C'],A,Low temperature calorimetry set up,"origin: commercial source,99.73 weight % (total),spectroscopy,ingot",99.73,Weight %,1955
1.963,0.020033,0.00060099,None kPa,N/A,8976,['C'],A,Low temperature calorimetry set up,"origin: commercial source,99.73 weight % (total),spectroscopy,ingot",99.73,Weight %,1955
1.964,0.0202213,0.000606638,None kPa,N/A,8976,['C'],A,Low temperature calorimetry set up,"origin: commercial source,99.73 weight % (total),spectroscopy,ingot",99.73,Weight %,1955
2.004,0.0202631,0.000607893,None kPa,N/A,8976,['C'],A,Low temperature calorimetry set up,"origin: commercial source,99.73 weight % (total),spectroscopy,ingot",99.73,Weight %,1955
2.004,0.0204012,0.000612036,None kPa,N/A,8976,['C'],A,Low temperature calorimetry set up,"origin: commercial source,99.73 weight % (total),spectroscopy,ingot",99.73,Weight %,1955
2.05,0.0207987,0.00062396,None kPa,N/A,8976,['C'],A,Low temperature calorimetry set up,"origin: commercial source,99.73 weight % (total),spectroscopy,ingot",99.73,Weight %,1955
2.131,0.0214514,0.000643541,None kPa,N/A,8976,['C'],A,Low temperature calorimetry set up,"origin: commercial source,99.73 weight % (total),spectroscopy,ingot",99.73,Weight %,1955
2.188,0.021556,0.000646679,None kPa,N/A,8976,['C'],A,Low temperature calorimetry set up,"origin: commercial source,99.73 weight % (total),spectroscopy,ingot",99.73,Weight %,1955
2.241,0.0218572,0.000655716,None kPa,N/A,8976,['C'],A,Low temperature calorimetry set up,"origin: commercial source,99.73 weight % (total),spectroscopy,ingot",99.73,Weight %,1955
2.291,0.0229618,0.000688854,None kPa,N/A,8976,['C'],A,Low temperature calorimetry set up,"origin: commercial source,99.73 weight % (total),spectroscopy,ingot",99.73,Weight %,1955
2.325,0.0231626,0.000694879,None kPa,N/A,8976,['C'],A,Low temperature calorimetry set up,"origin: commercial source,99.73 weight % (total),spectroscopy,ingot",99.73,Weight %,1955
2.327,0.0227986,0.000683958,None kPa,N/A,8976,['C'],A,Low temperature calorimetry set up,"origin: commercial source,99.73 weight % (total),spectroscopy,ingot",99.73,Weight %,1955
2.352,0.023376,0.00070128,None kPa,N/A,8976,['C'],A,Low temperature calorimetry set up,"origin: commercial source,99.73 weight % (total),spectroscopy,ingot",99.73,Weight %,1955
2.365,0.0232965,0.000698895,None kPa,N/A,8976,['C'],A,Low temperature calorimetry set up,"origin: commercial source,99.73 weight % (total),spectroscopy,ingot",99.73,Weight %,1955
2.417,0.02374,0.0007122,None kPa,N/A,8976,['C'],A,Low temperature calorimetry set up,"origin: commercial source,99.73 weight % (total),spectroscopy,ingot",99.73,Weight %,1955
2.458,0.0241793,0.00072538,None kPa,N/A,8976,['C'],A,Low temperature calorimetry set up,"origin: commercial source,99.73 weight % (total),spectroscopy,ingot",99.73,Weight %,1955
2.502,0.0244764,0.000734292,None kPa,N/A,8976,['C'],A,Low temperature calorimetry set up,"origin: commercial source,99.73 weight % (total),spectroscopy,ingot",99.73,Weight %,1955
2.555,0.0251793,0.000755379,None kPa,N/A,8976,['C'],A,Low temperature calorimetry set up,"origin: commercial source,99.73 weight % (total),spectroscopy,ingot",99.73,Weight %,1955
2.62,0.0256939,0.000770818,None kPa,N/A,8976,['C'],A,Low temperature calorimetry set up,"origin: commercial source,99.73 weight % (total),spectroscopy,ingot",99.73,Weight %,1955
2.771,0.0273424,0.000820273,None kPa,N/A,8976,['C'],A,Low temperature calorimetry set up,"origin: commercial source,99.73 weight % (total),spectroscopy,ingot",99.73,Weight %,1955
2.86,0.0282336,0.000847009,None kPa,N/A,8976,['C'],A,Low temperature calorimetry set up,"origin: commercial source,99.73 weight % (total),spectroscopy,ingot",99.73,Weight %,1955
2.866,0.0284512,0.000853536,None kPa,N/A,8976,['C'],A,Low temperature calorimetry set up,"origin: commercial source,99.73 weight % (total),spectroscopy,ingot",99.73,Weight %,1955
2.899,0.0285893,0.000857678,None kPa,N/A,8976,['C'],A,Low temperature calorimetry set up,"origin: commercial source,99.73 weight % (total),spectroscopy,ingot",99.73,Weight %,1955
2.912,0.0289575,0.000868724,None kPa,N/A,8976,['C'],A,Low temperature calorimetry set up,"origin: commercial source,99.73 weight % (total),spectroscopy,ingot",99.73,Weight %,1955
2.923,0.0287357,0.000862071,None kPa,N/A,8976,['C'],A,Low temperature calorimetry set up,"origin: commercial source,99.73 weight % (total),spectroscopy,ingot",99.73,Weight %,1955
2.957,0.0292043,0.00087613,None kPa,N/A,8976,['C'],A,Low temperature calorimetry set up,"origin: commercial source,99.73 weight % (total),spectroscopy,ingot",99.73,Weight %,1955
2.983,0.0297984,0.000893953,None kPa,N/A,8976,['C'],A,Low temperature calorimetry set up,"origin: commercial source,99.73 weight % (total),spectroscopy,ingot",99.73,Weight %,1955
3.003,0.0297022,0.000891067,None kPa,N/A,8976,['C'],A,Low temperature calorimetry set up,"origin: commercial source,99.73 weight % (total),spectroscopy,ingot",99.73,Weight %,1955
3.019,0.0300871,0.000902614,None kPa,N/A,8976,['C'],A,Low temperature calorimetry set up,"origin: commercial source,99.73 weight % (total),spectroscopy,ingot",99.73,Weight %,1955
3.043,0.0300579,0.000901736,None kPa,N/A,8976,['C'],A,Low temperature calorimetry set up,"origin: commercial source,99.73 weight % (total),spectroscopy,ingot",99.73,Weight %,1955
3.063,0.0304051,0.000912154,None kPa,N/A,8976,['C'],A,Low temperature calorimetry set up,"origin: commercial source,99.73 weight % (total),spectroscopy,ingot",99.73,Weight %,1955
3.093,0.0306143,0.00091843,None kPa,N/A,8976,['C'],A,Low temperature calorimetry set up,"origin: commercial source,99.73 weight % (total),spectroscopy,ingot",99.73,Weight %,1955
3.114,0.0310788,0.000932363,None kPa,N/A,8976,['C'],A,Low temperature calorimetry set up,"origin: commercial source,99.73 weight % (total),spectroscopy,ingot",99.73,Weight %,1955
3.163,0.0313967,0.000941902,None kPa,N/A,8976,['C'],A,Low temperature calorimetry set up,"origin: commercial source,99.73 weight % (total),spectroscopy,ingot",99.73,Weight %,1955
3.164,0.0316478,0.000949433,None kPa,N/A,8976,['C'],A,Low temperature calorimetry set up,"origin: commercial source,99.73 weight % (total),spectroscopy,ingot",99.73,Weight %,1955
3.214,0.0317984,0.000953952,None kPa,N/A,8976,['C'],A,Low temperature calorimetry set up,"origin: commercial source,99.73 weight % (total),spectroscopy,ingot",99.73,Weight %,1955
3.225,0.0320787,0.000962362,None kPa,N/A,8976,['C'],A,Low temperature calorimetry set up,"origin: commercial source,99.73 weight % (total),spectroscopy,ingot",99.73,Weight %,1955
3.274,0.0326017,0.000978052,None kPa,N/A,8976,['C'],A,Low temperature calorimetry set up,"origin: commercial source,99.73 weight % (total),spectroscopy,ingot",99.73,Weight %,1955
3.287,0.0324971,0.000974914,None kPa,N/A,8976,['C'],A,Low temperature calorimetry set up,"origin: commercial source,99.73 weight % (total),spectroscopy,ingot",99.73,Weight %,1955
3.327,0.0330578,0.000991734,None kPa,N/A,8976,['C'],A,Low temperature calorimetry set up,"origin: commercial source,99.73 weight % (total),spectroscopy,ingot",99.73,Weight %,1955
3.368,0.033426,0.00100278,None kPa,N/A,8976,['C'],A,Low temperature calorimetry set up,"origin: commercial source,99.73 weight % (total),spectroscopy,ingot",99.73,Weight %,1955
3.434,0.0343046,0.00102914,None kPa,N/A,8976,['C'],A,Low temperature calorimetry set up,"origin: commercial source,99.73 weight % (total),spectroscopy,ingot",99.73,Weight %,1955
3.466,0.0345013,0.00103504,None kPa,N/A,8976,['C'],A,Low temperature calorimetry set up,"origin: commercial source,99.73 weight % (total),spectroscopy,ingot",99.73,Weight %,1955
3.508,0.0354468,0.00106341,None kPa,N/A,8976,['C'],A,Low temperature calorimetry set up,"origin: commercial source,99.73 weight % (total),spectroscopy,ingot",99.73,Weight %,1955
3.51,0.0357021,0.00107106,None kPa,N/A,8976,['C'],A,Low temperature calorimetry set up,"origin: commercial source,99.73 weight % (total),spectroscopy,ingot",99.73,Weight %,1955
3.536,0.0357188,0.00107156,None kPa,N/A,8976,['C'],A,Low temperature calorimetry set up,"origin: commercial source,99.73 weight % (total),spectroscopy,ingot",99.73,Weight %,1955
3.552,0.0356351,0.00106905,None kPa,N/A,8976,['C'],A,Low temperature calorimetry set up,"origin: commercial source,99.73 weight % (total),spectroscopy,ingot",99.73,Weight %,1955
3.591,0.0366226,0.00109868,None kPa,N/A,8976,['C'],A,Low temperature calorimetry set up,"origin: commercial source,99.73 weight % (total),spectroscopy,ingot",99.73,Weight %,1955
3.627,0.0365096,0.00109529,None kPa,N/A,8976,['C'],A,Low temperature calorimetry set up,"origin: commercial source,99.73 weight % (total),spectroscopy,ingot",99.73,Weight %,1955
3.629,0.0367397,0.00110219,None kPa,N/A,8976,['C'],A,Low temperature calorimetry set up,"origin: commercial source,99.73 weight % (total),spectroscopy,ingot",99.73,Weight %,1955
3.682,0.0378526,0.00113558,None kPa,N/A,8976,['C'],A,Low temperature calorimetry set up,"origin: commercial source,99.73 weight % (total),spectroscopy,ingot",99.73,Weight %,1955
3.727,0.0381497,0.00114449,None kPa,N/A,8976,['C'],A,Low temperature calorimetry set up,"origin: commercial source,99.73 weight % (total),spectroscopy,ingot",99.73,Weight %,1955
3.733,0.0378945,0.00113683,None kPa,N/A,8976,['C'],A,Low temperature calorimetry set up,"origin: commercial source,99.73 weight % (total),spectroscopy,ingot",99.73,Weight %,1955
3.789,0.038815,0.00116445,None kPa,N/A,8976,['C'],A,Low temperature calorimetry set up,"origin: commercial source,99.73 weight % (total),spectroscopy,ingot",99.73,Weight %,1955
3.836,0.0392961,0.00117888,None kPa,N/A,8976,['C'],A,Low temperature calorimetry set up,"origin: commercial source,99.73 weight % (total),spectroscopy,ingot",99.73,Weight %,1955
3.847,0.0396392,0.00118918,None kPa,N/A,8976,['C'],A,Low temperature calorimetry set up,"origin: commercial source,99.73 weight % (total),spectroscopy,ingot",99.73,Weight %,1955
3.906,0.0403128,0.00120939,None kPa,N/A,8976,['C'],A,Low temperature calorimetry set up,"origin: commercial source,99.73 weight % (total),spectroscopy,ingot",99.73,Weight %,1955
3.964,0.0413839,0.00124152,None kPa,N/A,8976,['C'],A,Low temperature calorimetry set up,"origin: commercial source,99.73 weight % (total),spectroscopy,ingot",99.73,Weight %,1955
3.967,0.0410409,0.00123123,None kPa,N/A,8976,['C'],A,Low temperature calorimetry set up,"origin: commercial source,99.73 weight % (total),spectroscopy,ingot",99.73,Weight %,1955
4.051,0.0425262,0.00127579,None kPa,N/A,8976,['C'],A,Low temperature calorimetry set up,"origin: commercial source,99.73 weight % (total),spectroscopy,ingot",99.73,Weight %,1955
4.075,0.0418693,0.00125608,None kPa,N/A,8976,['C'],A,Low temperature calorimetry set up,"origin: commercial source,99.73 weight % (total),spectroscopy,ingot",99.73,Weight %,1955
4.137,0.0431119,0.00129336,None kPa,N/A,8976,['C'],A,Low temperature calorimetry set up,"origin: commercial source,99.73 weight % (total),spectroscopy,ingot",99.73,Weight %,1955
4.22,0.0442207,0.00132662,None kPa,N/A,8976,['C'],A,Low temperature calorimetry set up,"origin: commercial source,99.73 weight % (total),spectroscopy,ingot",99.73,Weight %,1955
4.242,0.0444968,0.00133491,None kPa,N/A,8976,['C'],A,Low temperature calorimetry set up,"origin: commercial source,99.73 weight % (total),spectroscopy,ingot",99.73,Weight %,1955
4.299,0.0454424,0.00136327,None kPa,N/A,8976,['C'],A,Low temperature calorimetry set up,"origin: commercial source,99.73 weight % (total),spectroscopy,ingot",99.73,Weight %,1955
4.319,0.046116,0.00138348,None kPa,N/A,8976,['C'],A,Low temperature calorimetry set up,"origin: commercial source,99.73 weight % (total),spectroscopy,ingot",99.73,Weight %,1955
4.389,0.0468566,0.0014057,None kPa,N/A,8976,['C'],A,Low temperature calorimetry set up,"origin: commercial source,99.73 weight % (total),spectroscopy,ingot",99.73,Weight %,1955
4.428,0.0469445,0.00140833,None kPa,N/A,8976,['C'],A,Low temperature calorimetry set up,"origin: commercial source,99.73 weight % (total),spectroscopy,ingot",99.73,Weight %,1955
4.483,0.0481913,0.00144574,None kPa,N/A,8976,['C'],A,Low temperature calorimetry set up,"origin: commercial source,99.73 weight % (total),spectroscopy,ingot",99.73,Weight %,1955
4.544,0.0484382,0.00145315,None kPa,N/A,8976,['C'],A,Low temperature calorimetry set up,"origin: commercial source,99.73 weight % (total),spectroscopy,ingot",99.73,Weight %,1955
4.59,0.0498314,0.00149494,None kPa,N/A,8976,['C'],A,Low temperature calorimetry set up,"origin: commercial source,99.73 weight % (total),spectroscopy,ingot",99.73,Weight %,1955
4.64,0.0502247,0.00150674,None kPa,N/A,8976,['C'],A,Low temperature calorimetry set up,"origin: commercial source,99.73 weight % (total),spectroscopy,ingot",99.73,Weight %,1955
4.704,0.0516724,0.00155017,None kPa,N/A,8976,['C'],A,Low temperature calorimetry set up,"origin: commercial source,99.73 weight % (total),spectroscopy,ingot",99.73,Weight %,1955
4.706,0.0507059,0.00152118,None kPa,N/A,8976,['C'],A,Low temperature calorimetry set up,"origin: commercial source,99.73 weight % (total),spectroscopy,ingot",99.73,Weight %,1955
4.778,0.0527979,0.00158394,None kPa,N/A,8976,['C'],A,Low temperature calorimetry set up,"origin: commercial source,99.73 weight % (total),spectroscopy,ingot",99.73,Weight %,1955
4.827,0.0534422,0.00160327,None kPa,N/A,8976,['C'],A,Low temperature calorimetry set up,"origin: commercial source,99.73 weight % (total),spectroscopy,ingot",99.73,Weight %,1955
4.85,0.0530991,0.00159297,None kPa,N/A,8976,['C'],A,Low temperature calorimetry set up,"origin: commercial source,99.73 weight % (total),spectroscopy,ingot",99.73,Weight %,1955
4.936,0.0547184,0.00164155,None kPa,N/A,8976,['C'],A,Low temperature calorimetry set up,"origin: commercial source,99.73 weight % (total),spectroscopy,ingot",99.73,Weight %,1955
4.971,0.0548899,0.0016467,None kPa,N/A,8976,['C'],A,Low temperature calorimetry set up,"origin: commercial source,99.73 weight % (total),spectroscopy,ingot",99.73,Weight %,1955
5.019,0.0561284,0.00168385,None kPa,N/A,8976,['C'],A,Low temperature calorimetry set up,"origin: commercial source,99.73 weight % (total),spectroscopy,ingot",99.73,Weight %,1955
5.03,0.0572078,0.00171623,None kPa,N/A,8976,['C'],A,Low temperature calorimetry set up,"origin: commercial source,99.73 weight % (total),spectroscopy,ingot",99.73,Weight %,1955
5.045,0.0569693,0.00170908,None kPa,N/A,8976,['C'],A,Low temperature calorimetry set up,"origin: commercial source,99.73 weight % (total),spectroscopy,ingot",99.73,Weight %,1955
5.08,0.0575258,0.00172577,None kPa,N/A,8976,['C'],A,Low temperature calorimetry set up,"origin: commercial source,99.73 weight % (total),spectroscopy,ingot",99.73,Weight %,1955
5.096,0.0586262,0.00175879,None kPa,N/A,8976,['C'],A,Low temperature calorimetry set up,"origin: commercial source,99.73 weight % (total),spectroscopy,ingot",99.73,Weight %,1955
5.112,0.0579568,0.0017387,None kPa,N/A,8976,['C'],A,Low temperature calorimetry set up,"origin: commercial source,99.73 weight % (total),spectroscopy,ingot",99.73,Weight %,1955
5.126,0.0583124,0.00174937,None kPa,N/A,8976,['C'],A,Low temperature calorimetry set up,"origin: commercial source,99.73 weight % (total),spectroscopy,ingot",99.73,Weight %,1955
5.128,0.0591408,0.00177423,None kPa,N/A,8976,['C'],A,Low temperature calorimetry set up,"origin: commercial source,99.73 weight % (total),spectroscopy,ingot",99.73,Weight %,1955
5.156,0.0591157,0.00177347,None kPa,N/A,8976,['C'],A,Low temperature calorimetry set up,"origin: commercial source,99.73 weight % (total),spectroscopy,ingot",99.73,Weight %,1955
5.207,0.0600446,0.00180134,None kPa,N/A,8976,['C'],A,Low temperature calorimetry set up,"origin: commercial source,99.73 weight % (total),spectroscopy,ingot",99.73,Weight %,1955
5.225,0.0602789,0.00180837,None kPa,N/A,8976,['C'],A,Low temperature calorimetry set up,"origin: commercial source,99.73 weight % (total),spectroscopy,ingot",99.73,Weight %,1955
1.2,0.0110876,0.000221752,None kPa,N/A,9340,['C'],A,not stated,12098,99.73,Weight %,1956
1.3,0.0120499,0.000240998,None kPa,N/A,9340,['C'],A,not stated,12098,99.73,Weight %,1956
1.4,0.0129704,0.000259408,None kPa,N/A,9340,['C'],A,not stated,12098,99.73,Weight %,1956
1.5,0.0139327,0.000278654,None kPa,N/A,9340,['C'],A,not stated,12098,99.73,Weight %,1956
1.6,0.0148532,0.000297064,None kPa,N/A,9340,['C'],A,not stated,12098,99.73,Weight %,1956
1.7,0.0158155,0.00031631,None kPa,N/A,9340,['C'],A,not stated,12098,99.73,Weight %,1956
1.8,0.0167778,0.000335557,None kPa,N/A,9340,['C'],A,not stated,12098,99.73,Weight %,1956
1.9,0.0177402,0.000354803,None kPa,N/A,9340,['C'],A,not stated,12098,99.73,Weight %,1956
2.0,0.0187025,0.00037405,None kPa,N/A,9340,['C'],A,not stated,12098,99.73,Weight %,1956
2.1,0.0196648,0.000393296,None kPa,N/A,9340,['C'],A,not stated,12098,99.73,Weight %,1956
2.2,0.0206271,0.000412542,None kPa,N/A,9340,['C'],A,not stated,12098,99.73,Weight %,1956
2.3,0.0215894,0.000431789,None kPa,N/A,9340,['C'],A,not stated,12098,99.73,Weight %,1956
2.4,0.0225936,0.000451872,None kPa,N/A,9340,['C'],A,not stated,12098,99.73,Weight %,1956
2.5,0.0235559,0.000471118,None kPa,N/A,9340,['C'],A,not stated,12098,99.73,Weight %,1956
2.6,0.0245601,0.000491202,None kPa,N/A,9340,['C'],A,not stated,12098,99.73,Weight %,1956
2.7,0.0255642,0.000511285,None kPa,N/A,9340,['C'],A,not stated,12098,99.73,Weight %,1956
2.8,0.0265684,0.000531368,None kPa,N/A,9340,['C'],A,not stated,12098,99.73,Weight %,1956
2.9,0.0275726,0.000551451,None kPa,N/A,9340,['C'],A,not stated,12098,99.73,Weight %,1956
3.0,0.0285767,0.000571534,None kPa,N/A,9340,['C'],A,not stated,12098,99.73,Weight %,1956
3.1,0.0295809,0.000591618,None kPa,N/A,9340,['C'],A,not stated,12098,99.73,Weight %,1956
3.2,0.0306269,0.000612538,None kPa,N/A,9340,['C'],A,not stated,12098,99.73,Weight %,1956
3.3,0.031631,0.000632621,None kPa,N/A,9340,['C'],A,not stated,12098,99.73,Weight %,1956
3.4,0.032677,0.000653541,None kPa,N/A,9340,['C'],A,not stated,12098,99.73,Weight %,1956
3.5,0.033723,0.000674461,None kPa,N/A,9340,['C'],A,not stated,12098,99.73,Weight %,1956
3.6,0.034769,0.000695381,None kPa,N/A,9340,['C'],A,not stated,12098,99.73,Weight %,1956
3.7,0.0358569,0.000717138,None kPa,N/A,9340,['C'],A,not stated,12098,99.73,Weight %,1956
3.8,0.0369029,0.000738058,None kPa,N/A,9340,['C'],A,not stated,12098,99.73,Weight %,1956
3.9,0.0379907,0.000759814,None kPa,N/A,9340,['C'],A,not stated,12098,99.73,Weight %,1956
4.0,0.0390786,0.000781571,None kPa,N/A,9340,['C'],A,not stated,12098,99.73,Weight %,1956
20.0,0.4907,0.00981399,None kPa,N/A,9340,['C'],A,not stated,12098,99.73,Weight %,1956
320.0,24.6,0.492,107.991 kPa,N/A,17733,['C'],A,High Temp Adiabatic Calorimetry,not stated,,,1968
341.3,25.1,0.502,None kPa,N/A,17733,['C'],A,High Temp Adiabatic Calorimetry,not stated,,,1968
366.5,25.46,0.5092,None kPa,N/A,17733,['C'],A,High Temp Adiabatic Calorimetry,not stated,,,1968
391.7,25.78,0.5156,None kPa,N/A,17733,['C'],A,High Temp Adiabatic Calorimetry,not stated,,,1968
429.6,26.11,0.5222,None kPa,N/A,17733,['C'],A,High Temp Adiabatic Calorimetry,not stated,,,1968
462.9,26.37,0.5274,None kPa,N/A,17733,['C'],A,High Temp Adiabatic Calorimetry,not stated,,,1968
499.6,26.59,0.5318,None kPa,N/A,17733,['C'],A,High Temp Adiabatic Calorimetry,not stated,,,1968
539.9,26.79,0.5358,None kPa,N/A,17733,['C'],A,High Temp Adiabatic Calorimetry,not stated,,,1968
580.1,27.0,0.54,None kPa,N/A,17733,['C'],A,High Temp Adiabatic Calorimetry,not stated,,,1968
631.9,27.26,0.5452,None kPa,N/A,17733,['C'],A,High Temp Adiabatic Calorimetry,not stated,,,1968
682.4,27.61,0.5522,None kPa,N/A,17733,['C'],A,High Temp Adiabatic Calorimetry,not stated,,,1968
731.8,27.95,0.559,None kPa,N/A,17733,['C'],A,High Temp Adiabatic Calorimetry,not stated,,,1968
777.8,28.32,0.5664,None kPa,N/A,17733,['C'],A,High Temp Adiabatic Calorimetry,not stated,,,1968
819.1,28.69,0.5738,None kPa,N/A,17733,['C'],A,High Temp Adiabatic Calorimetry,not stated,,,1968
857.0,29.01,0.5802,None kPa,N/A,17733,['C'],A,High Temp Adiabatic Calorimetry,not stated,,,1968
900.6,29.38,0.5876,None kPa,N/A,17733,['C'],A,High Temp Adiabatic Calorimetry,not stated,,,1968
948.8,29.8,0.596,None kPa,N/A,17733,['C'],A,High Temp Adiabatic Calorimetry,not stated,,,1968
989.0,30.15,0.603,None kPa,N/A,17733,['C'],A,High Temp Adiabatic Calorimetry,not stated,,,1968
1042.0,30.59,0.6118,None kPa,N/A,17733,['C'],A,High Temp Adiabatic Calorimetry,not stated,,,1968
1080.0,30.94,0.6188,None kPa,N/A,17733,['C'],A,High Temp Adiabatic Calorimetry,not stated,,,1968
1126.0,31.34,0.6268,None kPa,N/A,17733,['C'],A,High Temp Adiabatic Calorimetry,not stated,,,1968
1172.0,31.74,0.6348,None kPa,N/A,17733,['C'],A,High Temp Adiabatic Calorimetry,not stated,,,1968
1209.0,32.07,0.6414,None kPa,N/A,17733,['C'],A,High Temp Adiabatic Calorimetry,not stated,,,1968
1245.0,32.36,0.6472,None kPa,N/A,17733,['C'],A,High Temp Adiabatic Calorimetry,not stated,,,1968
1283.0,32.69,0.6538,None kPa,N/A,17733,['C'],A,High Temp Adiabatic Calorimetry,not stated,,,1968
1321.0,33.03,0.6606,None kPa,N/A,17733,['C'],A,High Temp Adiabatic Calorimetry,not stated,,,1968
1362.0,33.39,0.6678,None kPa,N/A,17733,['C'],A,High Temp Adiabatic Calorimetry,not stated,,,1968
1412.0,33.77,0.6754,None kPa,N/A,17733,['C'],A,High Temp Adiabatic Calorimetry,not stated,,,1968
1462.0,34.15,0.683,None kPa,N/A,17733,['C'],A,High Temp Adiabatic Calorimetry,not stated,,,1968
1517.0,34.5,0.69,None kPa,N/A,17733,['C'],A,High Temp Adiabatic Calorimetry,not stated,,,1968
1572.0,34.82,0.6964,None kPa,N/A,17733,['C'],A,High Temp Adiabatic Calorimetry,not stated,,,1968
1615.0,35.04,0.7008,None kPa,N/A,17733,['C'],A,High Temp Adiabatic Calorimetry,not stated,,,1968
1663.0,35.23,0.7046,None kPa,N/A,17733,['C'],A,High Temp Adiabatic Calorimetry,not stated,,,1968
1710.0,35.39,0.7078,None kPa,N/A,17733,['C'],A,High Temp Adiabatic Calorimetry,not stated,,,1968
1750.0,35.51,0.7102,None kPa,N/A,17733,['C'],A,High Temp Adiabatic Calorimetry,not stated,,,1968
1788.0,35.55,0.711,None kPa,N/A,17733,['C'],A,High Temp Adiabatic Calorimetry,not stated,,,1968
5.77287,0.0610296,0.00122059,None kPa,N/A,19980,['C'],A,Vacuum adiabatic calorimetry,"origin: commercial source,99.96 % (total),chemical analysis,chunk",99.96,Not Specified %,1971
5.92301,0.0634798,0.0012696,None kPa,N/A,19980,['C'],A,Vacuum adiabatic calorimetry,"origin: commercial source,99.96 % (total),chemical analysis,chunk",99.96,Not Specified %,1971
6.08186,0.0649713,0.00129943,None kPa,N/A,19980,['C'],A,Vacuum adiabatic calorimetry,"origin: commercial source,99.96 % (total),chemical analysis,chunk",99.96,Not Specified %,1971
6.23626,0.06753,0.0013506,None kPa,N/A,19980,['C'],A,Vacuum adiabatic calorimetry,"origin: commercial source,99.96 % (total),chemical analysis,chunk",99.96,Not Specified %,1971
6.32985,0.0680003,0.00136001,None kPa,N/A,19980,['C'],A,Vacuum adiabatic calorimetry,"origin: commercial source,99.96 % (total),chemical analysis,chunk",99.96,Not Specified %,1971
6.5598,0.071858,0.00143716,None kPa,N/A,19980,['C'],A,Vacuum adiabatic calorimetry,"origin: commercial source,99.96 % (total),chemical analysis,chunk",99.96,Not Specified %,1971
6.62367,0.0728014,0.00145603,None kPa,N/A,19980,['C'],A,Vacuum adiabatic calorimetry,"origin: commercial source,99.96 % (total),chemical analysis,chunk",99.96,Not Specified %,1971
6.73328,0.0745966,0.00149193,None kPa,N/A,19980,['C'],A,Vacuum adiabatic calorimetry,"origin: commercial source,99.96 % (total),chemical analysis,chunk",99.96,Not Specified %,1971
6.79301,0.0748209,0.00149642,None kPa,N/A,19980,['C'],A,Vacuum adiabatic calorimetry,"origin: commercial source,99.96 % (total),chemical analysis,chunk",99.96,Not Specified %,1971
7.03399,0.0786604,0.00157321,None kPa,N/A,19980,['C'],A,Vacuum adiabatic calorimetry,"origin: commercial source,99.96 % (total),chemical analysis,chunk",99.96,Not Specified %,1971
7.06527,0.0788081,0.00157616,None kPa,N/A,19980,['C'],A,Vacuum adiabatic calorimetry,"origin: commercial source,99.96 % (total),chemical analysis,chunk",99.96,Not Specified %,1971
7.28732,0.0819335,0.00163867,None kPa,N/A,19980,['C'],A,Vacuum adiabatic calorimetry,"origin: commercial source,99.96 % (total),chemical analysis,chunk",99.96,Not Specified %,1971
7.32482,0.0828869,0.00165774,None kPa,N/A,19980,['C'],A,Vacuum adiabatic calorimetry,"origin: commercial source,99.96 % (total),chemical analysis,chunk",99.96,Not Specified %,1971
7.66198,0.088335,0.0017667,None kPa,N/A,19980,['C'],A,Vacuum adiabatic calorimetry,"origin: commercial source,99.96 % (total),chemical analysis,chunk",99.96,Not Specified %,1971
7.78049,0.09061,0.0018122,None kPa,N/A,19980,['C'],A,Vacuum adiabatic calorimetry,"origin: commercial source,99.96 % (total),chemical analysis,chunk",99.96,Not Specified %,1971
7.96649,0.0939441,0.00187888,None kPa,N/A,19980,['C'],A,Vacuum adiabatic calorimetry,"origin: commercial source,99.96 % (total),chemical analysis,chunk",99.96,Not Specified %,1971
8.03075,0.0943597,0.00188719,None kPa,N/A,19980,['C'],A,Vacuum adiabatic calorimetry,"origin: commercial source,99.96 % (total),chemical analysis,chunk",99.96,Not Specified %,1971
8.22435,0.0983164,0.00196633,None kPa,N/A,19980,['C'],A,Vacuum adiabatic calorimetry,"origin: commercial source,99.96 % (total),chemical analysis,chunk",99.96,Not Specified %,1971
8.55611,0.103923,0.00207847,None kPa,N/A,19980,['C'],A,Vacuum adiabatic calorimetry,"origin: commercial source,99.96 % (total),chemical analysis,chunk",99.96,Not Specified %,1971
8.87964,0.109684,0.00219368,None kPa,N/A,19980,['C'],A,Vacuum adiabatic calorimetry,"origin: commercial source,99.96 % (total),chemical analysis,chunk",99.96,Not Specified %,1971
9.15975,0.115295,0.00230589,None kPa,N/A,19980,['C'],A,Vacuum adiabatic calorimetry,"origin: commercial source,99.96 % (total),chemical analysis,chunk",99.96,Not Specified %,1971
9.51667,0.121894,0.00243789,None kPa,N/A,19980,['C'],A,Vacuum adiabatic calorimetry,"origin: commercial source,99.96 % (total),chemical analysis,chunk",99.96,Not Specified %,1971
9.61234,0.124105,0.0024821,None kPa,N/A,19980,['C'],A,Vacuum adiabatic calorimetry,"origin: commercial source,99.96 % (total),chemical analysis,chunk",99.96,Not Specified %,1971
9.87907,0.130154,0.00260308,None kPa,N/A,19980,['C'],A,Vacuum adiabatic calorimetry,"origin: commercial source,99.96 % (total),chemical analysis,chunk",99.96,Not Specified %,1971
10.2763,0.13775,0.002755,None kPa,N/A,19980,['C'],A,Vacuum adiabatic calorimetry,"origin: commercial source,99.96 % (total),chemical analysis,chunk",99.96,Not Specified %,1971
10.4189,0.141864,0.00283728,None kPa,N/A,19980,['C'],A,Vacuum adiabatic calorimetry,"origin: commercial source,99.96 % (total),chemical analysis,chunk",99.96,Not Specified %,1971
10.7374,0.148891,0.00297781,None kPa,N/A,19980,['C'],A,Vacuum adiabatic calorimetry,"origin: commercial source,99.96 % (total),chemical analysis,chunk",99.96,Not Specified %,1971
10.8294,0.150773,0.00301547,None kPa,N/A,19980,['C'],A,Vacuum adiabatic calorimetry,"origin: commercial source,99.96 % (total),chemical analysis,chunk",99.96,Not Specified %,1971
11.1939,0.159274,0.00318548,None kPa,N/A,19980,['C'],A,Vacuum adiabatic calorimetry,"origin: commercial source,99.96 % (total),chemical analysis,chunk",99.96,Not Specified %,1971
11.2884,0.16156,0.0032312,None kPa,N/A,19980,['C'],A,Vacuum adiabatic calorimetry,"origin: commercial source,99.96 % (total),chemical analysis,chunk",99.96,Not Specified %,1971
11.702,0.170221,0.00340443,None kPa,N/A,19980,['C'],A,Vacuum adiabatic calorimetry,"origin: commercial source,99.96 % (total),chemical analysis,chunk",99.96,Not Specified %,1971
11.7785,0.172637,0.00345274,None kPa,N/A,19980,['C'],A,Vacuum adiabatic calorimetry,"origin: commercial source,99.96 % (total),chemical analysis,chunk",99.96,Not Specified %,1971
12.2037,0.183955,0.00367911,None kPa,N/A,19980,['C'],A,Vacuum adiabatic calorimetry,"origin: commercial source,99.96 % (total),chemical analysis,chunk",99.96,Not Specified %,1971
12.3089,0.189148,0.00378296,None kPa,N/A,19980,['C'],A,Vacuum adiabatic calorimetry,"origin: commercial source,99.96 % (total),chemical analysis,chunk",99.96,Not Specified %,1971
12.7057,0.198573,0.00397146,None kPa,N/A,19980,['C'],A,Vacuum adiabatic calorimetry,"origin: commercial source,99.96 % (total),chemical analysis,chunk",99.96,Not Specified %,1971
12.8284,0.202972,0.00405943,None kPa,N/A,19980,['C'],A,Vacuum adiabatic calorimetry,"origin: commercial source,99.96 % (total),chemical analysis,chunk",99.96,Not Specified %,1971
13.2427,0.214327,0.00428654,None kPa,N/A,19980,['C'],A,Vacuum adiabatic calorimetry,"origin: commercial source,99.96 % (total),chemical analysis,chunk",99.96,Not Specified %,1971
13.4192,0.218696,0.00437392,None kPa,N/A,19980,['C'],A,Vacuum adiabatic calorimetry,"origin: commercial source,99.96 % (total),chemical analysis,chunk",99.96,Not Specified %,1971
13.8626,0.229323,0.00458646,None kPa,N/A,19980,['C'],A,Vacuum adiabatic calorimetry,"origin: commercial source,99.96 % (total),chemical analysis,chunk",99.96,Not Specified %,1971
14.0802,0.241439,0.00482878,None kPa,N/A,19980,['C'],A,Vacuum adiabatic calorimetry,"origin: commercial source,99.96 % (total),chemical analysis,chunk",99.96,Not Specified %,1971
14.5477,0.255157,0.00510315,None kPa,N/A,19980,['C'],A,Vacuum adiabatic calorimetry,"origin: commercial source,99.96 % (total),chemical analysis,chunk",99.96,Not Specified %,1971
1.59437,0.00518057,0.000103611,None kPa,N/A,19981,['C'],A,Vacuum adiabatic calorimetry,"origin: commercial source,99.96 % (total),chemical analysis,chunk",99.96,Not Specified %,1971
1.67899,0.00645,0.000129,None kPa,N/A,19981,['C'],A,Vacuum adiabatic calorimetry,"origin: commercial source,99.96 % (total),chemical analysis,chunk",99.96,Not Specified %,1971
1.86199,0.00802778,0.000160556,None kPa,N/A,19981,['C'],A,Vacuum adiabatic calorimetry,"origin: commercial source,99.96 % (total),chemical analysis,chunk",99.96,Not Specified %,1971
1.91572,0.00943552,0.00018871,None kPa,N/A,19981,['C'],A,Vacuum adiabatic calorimetry,"origin: commercial source,99.96 % (total),chemical analysis,chunk",99.96,Not Specified %,1971
1.94936,0.0108542,0.000217085,None kPa,N/A,19981,['C'],A,Vacuum adiabatic calorimetry,"origin: commercial source,99.96 % (total),chemical analysis,chunk",99.96,Not Specified %,1971
2.08111,0.0130612,0.000261225,None kPa,N/A,19981,['C'],A,Vacuum adiabatic calorimetry,"origin: commercial source,99.96 % (total),chemical analysis,chunk",99.96,Not Specified %,1971
2.36157,0.0181486,0.000362973,None kPa,N/A,19981,['C'],A,Vacuum adiabatic calorimetry,"origin: commercial source,99.96 % (total),chemical analysis,chunk",99.96,Not Specified %,1971
2.52646,0.0229746,0.000459492,None kPa,N/A,19981,['C'],A,Vacuum adiabatic calorimetry,"origin: commercial source,99.96 % (total),chemical analysis,chunk",99.96,Not Specified %,1971
2.65066,0.0257323,0.000514647,None kPa,N/A,19981,['C'],A,Vacuum adiabatic calorimetry,"origin: commercial source,99.96 % (total),chemical analysis,chunk",99.96,Not Specified %,1971
2.74244,0.0286045,0.00057209,None kPa,N/A,19981,['C'],A,Vacuum adiabatic calorimetry,"origin: commercial source,99.96 % (total),chemical analysis,chunk",99.96,Not Specified %,1971
2.85044,0.0317698,0.000635397,None kPa,N/A,19981,['C'],A,Vacuum adiabatic calorimetry,"origin: commercial source,99.96 % (total),chemical analysis,chunk",99.96,Not Specified %,1971
2.92387,0.0343204,0.000686407,None kPa,N/A,19981,['C'],A,Vacuum adiabatic calorimetry,"origin: commercial source,99.96 % (total),chemical analysis,chunk",99.96,Not Specified %,1971
3.07929,0.038459,0.000769181,None kPa,N/A,19981,['C'],A,Vacuum adiabatic calorimetry,"origin: commercial source,99.96 % (total),chemical analysis,chunk",99.96,Not Specified %,1971
3.13576,0.0410217,0.000820434,None kPa,N/A,19981,['C'],A,Vacuum adiabatic calorimetry,"origin: commercial source,99.96 % (total),chemical analysis,chunk",99.96,Not Specified %,1971
3.30893,0.0458465,0.00091693,None kPa,N/A,19981,['C'],A,Vacuum adiabatic calorimetry,"origin: commercial source,99.96 % (total),chemical analysis,chunk",99.96,Not Specified %,1971
3.4628,0.0507564,0.00101513,None kPa,N/A,19981,['C'],A,Vacuum adiabatic calorimetry,"origin: commercial source,99.96 % (total),chemical analysis,chunk",99.96,Not Specified %,1971
3.62464,0.0566911,0.00113382,None kPa,N/A,19981,['C'],A,Vacuum adiabatic calorimetry,"origin: commercial source,99.96 % (total),chemical analysis,chunk",99.96,Not Specified %,1971
3.83158,0.0648012,0.00129602,None kPa,N/A,19981,['C'],A,Vacuum adiabatic calorimetry,"origin: commercial source,99.96 % (total),chemical analysis,chunk",99.96,Not Specified %,1971
3.97417,0.0706595,0.00141319,None kPa,N/A,19981,['C'],A,Vacuum adiabatic calorimetry,"origin: commercial source,99.96 % (total),chemical analysis,chunk",99.96,Not Specified %,1971
4.11655,0.0765535,0.00153107,None kPa,N/A,19981,['C'],A,Vacuum adiabatic calorimetry,"origin: commercial source,99.96 % (total),chemical analysis,chunk",99.96,Not Specified %,1971
4.32863,0.0814405,0.00162881,None kPa,N/A,19981,['C'],A,Vacuum adiabatic calorimetry,"origin: commercial source,99.96 % (total),chemical analysis,chunk",99.96,Not Specified %,1971
4.54885,0.089696,0.00179392,None kPa,N/A,19981,['C'],A,Vacuum adiabatic calorimetry,"origin: commercial source,99.96 % (total),chemical analysis,chunk",99.96,Not Specified %,1971
4.72684,0.0929727,0.00185945,None kPa,N/A,19981,['C'],A,Vacuum adiabatic calorimetry,"origin: commercial source,99.96 % (total),chemical analysis,chunk",99.96,Not Specified %,1971
4.88027,0.101457,0.00202915,None kPa,N/A,19981,['C'],A,Vacuum adiabatic calorimetry,"origin: commercial source,99.96 % (total),chemical analysis,chunk",99.96,Not Specified %,1971
5.17368,0.104169,0.00208338,None kPa,N/A,19981,['C'],A,Vacuum adiabatic calorimetry,"origin: commercial source,99.96 % (total),chemical analysis,chunk",99.96,Not Specified %,1971
2.29406,0.0223987,0.000447974,None kPa,N/A,19982,['C'],A,Vacuum adiabatic calorimetry,"origin: commercial source,99.96 % (total),chemical analysis,chunk",99.96,Not Specified %,1971
2.39969,0.0234305,0.000468611,None kPa,N/A,19982,['C'],A,Vacuum adiabatic calorimetry,"origin: commercial source,99.96 % (total),chemical analysis,chunk",99.96,Not Specified %,1971
2.46558,0.0241731,0.000483461,None kPa,N/A,19982,['C'],A,Vacuum adiabatic calorimetry,"origin: commercial source,99.96 % (total),chemical analysis,chunk",99.96,Not Specified %,1971
2.84452,0.028053,0.000561059,None kPa,N/A,19982,['C'],A,Vacuum adiabatic calorimetry,"origin: commercial source,99.96 % (total),chemical analysis,chunk",99.96,Not Specified %,1971
2.90539,0.028637,0.00057274,None kPa,N/A,19982,['C'],A,Vacuum adiabatic calorimetry,"origin: commercial source,99.96 % (total),chemical analysis,chunk",99.96,Not Specified %,1971
3.26461,0.0323295,0.000646589,None kPa,N/A,19982,['C'],A,Vacuum adiabatic calorimetry,"origin: commercial source,99.96 % (total),chemical analysis,chunk",99.96,Not Specified %,1971
3.39594,0.0337865,0.000675731,None kPa,N/A,19982,['C'],A,Vacuum adiabatic calorimetry,"origin: commercial source,99.96 % (total),chemical analysis,chunk",99.96,Not Specified %,1971
3.52654,0.0351275,0.000702551,None kPa,N/A,19982,['C'],A,Vacuum adiabatic calorimetry,"origin: commercial source,99.96 % (total),chemical analysis,chunk",99.96,Not Specified %,1971
3.68825,0.0367394,0.000734788,None kPa,N/A,19982,['C'],A,Vacuum adiabatic calorimetry,"origin: commercial source,99.96 % (total),chemical analysis,chunk",99.96,Not Specified %,1971
3.85829,0.0385231,0.000770462,None kPa,N/A,19982,['C'],A,Vacuum adiabatic calorimetry,"origin: commercial source,99.96 % (total),chemical analysis,chunk",99.96,Not Specified %,1971
3.94052,0.0395482,0.000790965,None kPa,N/A,19982,['C'],A,Vacuum adiabatic calorimetry,"origin: commercial source,99.96 % (total),chemical analysis,chunk",99.96,Not Specified %,1971
3.99565,0.0401479,0.000802957,None kPa,N/A,19982,['C'],A,Vacuum adiabatic calorimetry,"origin: commercial source,99.96 % (total),chemical analysis,chunk",99.96,Not Specified %,1971
4.05719,0.04086,0.000817199,None kPa,N/A,19982,['C'],A,Vacuum adiabatic calorimetry,"origin: commercial source,99.96 % (total),chemical analysis,chunk",99.96,Not Specified %,1971
4.22278,0.0424077,0.000848155,None kPa,N/A,19982,['C'],A,Vacuum adiabatic calorimetry,"origin: commercial source,99.96 % (total),chemical analysis,chunk",99.96,Not Specified %,1971
4.37204,0.0442594,0.000885189,None kPa,N/A,19982,['C'],A,Vacuum adiabatic calorimetry,"origin: commercial source,99.96 % (total),chemical analysis,chunk",99.96,Not Specified %,1971
4.53891,0.046315,0.000926301,None kPa,N/A,19982,['C'],A,Vacuum adiabatic calorimetry,"origin: commercial source,99.96 % (total),chemical analysis,chunk",99.96,Not Specified %,1971
4.5932,0.0469228,0.000938455,None kPa,N/A,19982,['C'],A,Vacuum adiabatic calorimetry,"origin: commercial source,99.96 % (total),chemical analysis,chunk",99.96,Not Specified %,1971
4.74926,0.048764,0.00097528,None kPa,N/A,19982,['C'],A,Vacuum adiabatic calorimetry,"origin: commercial source,99.96 % (total),chemical analysis,chunk",99.96,Not Specified %,1971
4.79511,0.0491528,0.000983056,None kPa,N/A,19982,['C'],A,Vacuum adiabatic calorimetry,"origin: commercial source,99.96 % (total),chemical analysis,chunk",99.96,Not Specified %,1971
5.22018,0.0545044,0.00109009,None kPa,N/A,19982,['C'],A,Vacuum adiabatic calorimetry,"origin: commercial source,99.96 % (total),chemical analysis,chunk",99.96,Not Specified %,1971
5.40301,0.0572168,0.00114434,None kPa,N/A,19982,['C'],A,Vacuum adiabatic calorimetry,"origin: commercial source,99.96 % (total),chemical analysis,chunk",99.96,Not Specified %,1971
5.54319,0.0584835,0.00116967,None kPa,N/A,19982,['C'],A,Vacuum adiabatic calorimetry,"origin: commercial source,99.96 % (total),chemical analysis,chunk",99.96,Not Specified %,1971
5.64169,0.0601562,0.00120312,None kPa,N/A,19982,['C'],A,Vacuum adiabatic calorimetry,"origin: commercial source,99.96 % (total),chemical analysis,chunk",99.96,Not Specified %,1971
5.9143,0.0639554,0.00127911,None kPa,N/A,19982,['C'],A,Vacuum adiabatic calorimetry,"origin: commercial source,99.96 % (total),chemical analysis,chunk",99.96,Not Specified %,1971
6.08424,0.0662696,0.00132539,None kPa,N/A,19982,['C'],A,Vacuum adiabatic calorimetry,"origin: commercial source,99.96 % (total),chemical analysis,chunk",99.96,Not Specified %,1971
6.17862,0.0675001,0.00135,None kPa,N/A,19982,['C'],A,Vacuum adiabatic calorimetry,"origin: commercial source,99.96 % (total),chemical analysis,chunk",99.96,Not Specified %,1971
6.22455,0.0673123,0.00134625,None kPa,N/A,19982,['C'],A,Vacuum adiabatic calorimetry,"origin: commercial source,99.96 % (total),chemical analysis,chunk",99.96,Not Specified %,1971
6.32115,0.0679979,0.00135996,None kPa,N/A,19982,['C'],A,Vacuum adiabatic calorimetry,"origin: commercial source,99.96 % (total),chemical analysis,chunk",99.96,Not Specified %,1971
6.42137,0.0704264,0.00140853,None kPa,N/A,19982,['C'],A,Vacuum adiabatic calorimetry,"origin: commercial source,99.96 % (total),chemical analysis,chunk",99.96,Not Specified %,1971
6.57389,0.0715864,0.00143173,None kPa,N/A,19982,['C'],A,Vacuum adiabatic calorimetry,"origin: commercial source,99.96 % (total),chemical analysis,chunk",99.96,Not Specified %,1971
6.61816,0.0726925,0.00145385,None kPa,N/A,19982,['C'],A,Vacuum adiabatic calorimetry,"origin: commercial source,99.96 % (total),chemical analysis,chunk",99.96,Not Specified %,1971
6.69231,0.0742364,0.00148473,None kPa,N/A,19982,['C'],A,Vacuum adiabatic calorimetry,"origin: commercial source,99.96 % (total),chemical analysis,chunk",99.96,Not Specified %,1971
6.7604,0.0749965,0.00149993,None kPa,N/A,19982,['C'],A,Vacuum adiabatic calorimetry,"origin: commercial source,99.96 % (total),chemical analysis,chunk",99.96,Not Specified %,1971
6.79021,0.0753293,0.00150659,None kPa,N/A,19982,['C'],A,Vacuum adiabatic calorimetry,"origin: commercial source,99.96 % (total),chemical analysis,chunk",99.96,Not Specified %,1971
7.02873,0.0787028,0.00157406,None kPa,N/A,19982,['C'],A,Vacuum adiabatic calorimetry,"origin: commercial source,99.96 % (total),chemical analysis,chunk",99.96,Not Specified %,1971
7.07828,0.0786984,0.00157397,None kPa,N/A,19982,['C'],A,Vacuum adiabatic calorimetry,"origin: commercial source,99.96 % (total),chemical analysis,chunk",99.96,Not Specified %,1971
7.27722,0.0817138,0.00163428,None kPa,N/A,19982,['C'],A,Vacuum adiabatic calorimetry,"origin: commercial source,99.96 % (total),chemical analysis,chunk",99.96,Not Specified %,1971
7.32475,0.0832033,0.00166407,None kPa,N/A,19982,['C'],A,Vacuum adiabatic calorimetry,"origin: commercial source,99.96 % (total),chemical analysis,chunk",99.96,Not Specified %,1971
7.65722,0.088169,0.00176338,None kPa,N/A,19982,['C'],A,Vacuum adiabatic calorimetry,"origin: commercial source,99.96 % (total),chemical analysis,chunk",99.96,Not Specified %,1971
7.78762,0.0905248,0.0018105,None kPa,N/A,19982,['C'],A,Vacuum adiabatic calorimetry,"origin: commercial source,99.96 % (total),chemical analysis,chunk",99.96,Not Specified %,1971
7.95035,0.0938666,0.00187733,None kPa,N/A,19982,['C'],A,Vacuum adiabatic calorimetry,"origin: commercial source,99.96 % (total),chemical analysis,chunk",99.96,Not Specified %,1971
8.0468,0.0940848,0.0018817,None kPa,N/A,19982,['C'],A,Vacuum adiabatic calorimetry,"origin: commercial source,99.96 % (total),chemical analysis,chunk",99.96,Not Specified %,1971
8.23098,0.0986335,0.00197267,None kPa,N/A,19982,['C'],A,Vacuum adiabatic calorimetry,"origin: commercial source,99.96 % (total),chemical analysis,chunk",99.96,Not Specified %,1971
8.55395,0.104082,0.00208164,None kPa,N/A,19982,['C'],A,Vacuum adiabatic calorimetry,"origin: commercial source,99.96 % (total),chemical analysis,chunk",99.96,Not Specified %,1971
8.88369,0.11012,0.00220239,None kPa,N/A,19982,['C'],A,Vacuum adiabatic calorimetry,"origin: commercial source,99.96 % (total),chemical analysis,chunk",99.96,Not Specified %,1971
9.15778,0.115005,0.00230011,None kPa,N/A,19982,['C'],A,Vacuum adiabatic calorimetry,"origin: commercial source,99.96 % (total),chemical analysis,chunk",99.96,Not Specified %,1971
9.51667,0.121826,0.00243651,None kPa,N/A,19982,['C'],A,Vacuum adiabatic calorimetry,"origin: commercial source,99.96 % (total),chemical analysis,chunk",99.96,Not Specified %,1971
9.61811,0.124041,0.00248082,None kPa,N/A,19982,['C'],A,Vacuum adiabatic calorimetry,"origin: commercial source,99.96 % (total),chemical analysis,chunk",99.96,Not Specified %,1971
9.88656,0.129611,0.00259222,None kPa,N/A,19982,['C'],A,Vacuum adiabatic calorimetry,"origin: commercial source,99.96 % (total),chemical analysis,chunk",99.96,Not Specified %,1971
10.2789,0.13793,0.0027586,None kPa,N/A,19982,['C'],A,Vacuum adiabatic calorimetry,"origin: commercial source,99.96 % (total),chemical analysis,chunk",99.96,Not Specified %,1971
10.4203,0.141882,0.00283764,None kPa,N/A,19982,['C'],A,Vacuum adiabatic calorimetry,"origin: commercial source,99.96 % (total),chemical analysis,chunk",99.96,Not Specified %,1971
10.7268,0.148585,0.0029717,None kPa,N/A,19982,['C'],A,Vacuum adiabatic calorimetry,"origin: commercial source,99.96 % (total),chemical analysis,chunk",99.96,Not Specified %,1971
10.8238,0.150257,0.00300513,None kPa,N/A,19982,['C'],A,Vacuum adiabatic calorimetry,"origin: commercial source,99.96 % (total),chemical analysis,chunk",99.96,Not Specified %,1971
11.1979,0.159319,0.00318638,None kPa,N/A,19982,['C'],A,Vacuum adiabatic calorimetry,"origin: commercial source,99.96 % (total),chemical analysis,chunk",99.96,Not Specified %,1971
11.2842,0.161539,0.00323079,None kPa,N/A,19982,['C'],A,Vacuum adiabatic calorimetry,"origin: commercial source,99.96 % (total),chemical analysis,chunk",99.96,Not Specified %,1971
11.6893,0.170287,0.00340574,None kPa,N/A,19982,['C'],A,Vacuum adiabatic calorimetry,"origin: commercial source,99.96 % (total),chemical analysis,chunk",99.96,Not Specified %,1971
11.7891,0.172443,0.00344887,None kPa,N/A,19982,['C'],A,Vacuum adiabatic calorimetry,"origin: commercial source,99.96 % (total),chemical analysis,chunk",99.96,Not Specified %,1971
12.2043,0.184067,0.00368134,None kPa,N/A,19982,['C'],A,Vacuum adiabatic calorimetry,"origin: commercial source,99.96 % (total),chemical analysis,chunk",99.96,Not Specified %,1971
12.3086,0.189396,0.00378793,None kPa,N/A,19982,['C'],A,Vacuum adiabatic calorimetry,"origin: commercial source,99.96 % (total),chemical analysis,chunk",99.96,Not Specified %,1971
12.7113,0.198899,0.00397797,None kPa,N/A,19982,['C'],A,Vacuum adiabatic calorimetry,"origin: commercial source,99.96 % (total),chemical analysis,chunk",99.96,Not Specified %,1971
12.8231,0.202897,0.00405794,None kPa,N/A,19982,['C'],A,Vacuum adiabatic calorimetry,"origin: commercial source,99.96 % (total),chemical analysis,chunk",99.96,Not Specified %,1971
13.2446,0.21455,0.00429099,None kPa,N/A,19982,['C'],A,Vacuum adiabatic calorimetry,"origin: commercial source,99.96 % (total),chemical analysis,chunk",99.96,Not Specified %,1971
13.4177,0.218853,0.00437706,None kPa,N/A,19982,['C'],A,Vacuum adiabatic calorimetry,"origin: commercial source,99.96 % (total),chemical analysis,chunk",99.96,Not Specified %,1971
13.8663,0.229396,0.00458791,None kPa,N/A,19982,['C'],A,Vacuum adiabatic calorimetry,"origin: commercial source,99.96 % (total),chemical analysis,chunk",99.96,Not Specified %,1971
14.0809,0.241548,0.00483095,None kPa,N/A,19982,['C'],A,Vacuum adiabatic calorimetry,"origin: commercial source,99.96 % (total),chemical analysis,chunk",99.96,Not Specified %,1971
14.5479,0.255374,0.00510747,None kPa,N/A,19982,['C'],A,Vacuum adiabatic calorimetry,"origin: commercial source,99.96 % (total),chemical analysis,chunk",99.96,Not Specified %,1971
1000.0,31.631,3.1631,None kPa,N/A,21034,['C'],A,Modulated Laser Heating,"not stated,99.72 % (total),,rod",99.72,Not Specified %,1973
1100.0,32.5097,3.25097,None kPa,N/A,21034,['C'],A,Modulated Laser Heating,"not stated,99.72 % (total),,rod",99.72,Not Specified %,1973
1200.0,33.3465,3.33465,None kPa,N/A,21034,['C'],A,Modulated Laser Heating,"not stated,99.72 % (total),,rod",99.72,Not Specified %,1973
1300.0,34.2251,3.42251,None kPa,N/A,21034,['C'],A,Modulated Laser Heating,"not stated,99.72 % (total),,rod",99.72,Not Specified %,1973
1400.0,35.0619,3.50619,None kPa,N/A,21034,['C'],A,Modulated Laser Heating,"not stated,99.72 % (total),,rod",99.72,Not Specified %,1973
1500.0,35.9406,3.59406,None kPa,N/A,21034,['C'],A,Modulated Laser Heating,"not stated,99.72 % (total),,rod",99.72,Not Specified %,1973
1600.0,36.7774,3.67774,None kPa,N/A,21034,['C'],A,Modulated Laser Heating,"not stated,99.72 % (total),,rod",99.72,Not Specified %,1973
1700.0,37.656,3.7656,None kPa,N/A,21034,['C'],A,Modulated Laser Heating,"not stated,99.72 % (total),,rod",99.72,Not Specified %,1973
1800.0,38.4928,3.84928,None kPa,N/A,21034,['C'],A,Modulated Laser Heating,"not stated,99.72 % (total),,rod",99.72,Not Specified %,1973
1900.0,39.3714,3.93714,None kPa,N/A,21034,['C'],A,Modulated Laser Heating,"not stated,99.72 % (total),,rod",99.72,Not Specified %,1973
1.449,0.003013,6.026e-05,None kPa,N/A,21616,['C'],A,Vacuum adiabatic calorimetry,"origin: commercial source,99.95 % (total),stated by supplier",99.95,Not Specified %,1974
1.525,0.003742,7.484e-05,None kPa,N/A,21616,['C'],A,Vacuum adiabatic calorimetry,"origin: commercial source,99.95 % (total),stated by supplier",99.95,Not Specified %,1974
1.605,0.004596,9.192e-05,None kPa,N/A,21616,['C'],A,Vacuum adiabatic calorimetry,"origin: commercial source,99.95 % (total),stated by supplier",99.95,Not Specified %,1974
1.733,0.005885,0.0001177,None kPa,N/A,21616,['C'],A,Vacuum adiabatic calorimetry,"origin: commercial source,99.95 % (total),stated by supplier",99.95,Not Specified %,1974
1.76,0.006909,0.00013818,None kPa,N/A,21616,['C'],A,Vacuum adiabatic calorimetry,"origin: commercial source,99.95 % (total),stated by supplier",99.95,Not Specified %,1974
1.839,0.007975,0.0001595,None kPa,N/A,21616,['C'],A,Vacuum adiabatic calorimetry,"origin: commercial source,99.95 % (total),stated by supplier",99.95,Not Specified %,1974
1.896,0.009093,0.00018186,None kPa,N/A,21616,['C'],A,Vacuum adiabatic calorimetry,"origin: commercial source,99.95 % (total),stated by supplier",99.95,Not Specified %,1974
1.97,0.010184,0.00020368,None kPa,N/A,21616,['C'],A,Vacuum adiabatic calorimetry,"origin: commercial source,99.95 % (total),stated by supplier",99.95,Not Specified %,1974
2.003,0.010838,0.00021676,None kPa,N/A,21616,['C'],A,Vacuum adiabatic calorimetry,"origin: commercial source,99.95 % (total),stated by supplier",99.95,Not Specified %,1974
2.07,0.012424,0.00024848,None kPa,N/A,21616,['C'],A,Vacuum adiabatic calorimetry,"origin: commercial source,99.95 % (total),stated by supplier",99.95,Not Specified %,1974
2.143,0.013848,0.00027696,None kPa,N/A,21616,['C'],A,Vacuum adiabatic calorimetry,"origin: commercial source,99.95 % (total),stated by supplier",99.95,Not Specified %,1974
2.209,0.015523,0.00031046,None kPa,N/A,21616,['C'],A,Vacuum adiabatic calorimetry,"origin: commercial source,99.95 % (total),stated by supplier",99.95,Not Specified %,1974
2.267,0.016673,0.00033346,None kPa,N/A,21616,['C'],A,Vacuum adiabatic calorimetry,"origin: commercial source,99.95 % (total),stated by supplier",99.95,Not Specified %,1974
2.314,0.017827,0.00035654,None kPa,N/A,21616,['C'],A,Vacuum adiabatic calorimetry,"origin: commercial source,99.95 % (total),stated by supplier",99.95,Not Specified %,1974
2.357,0.019042,0.00038084,None kPa,N/A,21616,['C'],A,Vacuum adiabatic calorimetry,"origin: commercial source,99.95 % (total),stated by supplier",99.95,Not Specified %,1974
2.399,0.020052,0.00040104,None kPa,N/A,21616,['C'],A,Vacuum adiabatic calorimetry,"origin: commercial source,99.95 % (total),stated by supplier",99.95,Not Specified %,1974
2.475,0.021672,0.00043344,None kPa,N/A,21616,['C'],A,Vacuum adiabatic calorimetry,"origin: commercial source,99.95 % (total),stated by supplier",99.95,Not Specified %,1974
2.564,0.024098,0.00048196,None kPa,N/A,21616,['C'],A,Vacuum adiabatic calorimetry,"origin: commercial source,99.95 % (total),stated by supplier",99.95,Not Specified %,1974
2.624,0.026114,0.00052228,None kPa,N/A,21616,['C'],A,Vacuum adiabatic calorimetry,"origin: commercial source,99.95 % (total),stated by supplier",99.95,Not Specified %,1974
2.682,0.027667,0.00055334,None kPa,N/A,21616,['C'],A,Vacuum adiabatic calorimetry,"origin: commercial source,99.95 % (total),stated by supplier",99.95,Not Specified %,1974
2.743,0.029658,0.00059316,None kPa,N/A,21616,['C'],A,Vacuum adiabatic calorimetry,"origin: commercial source,99.95 % (total),stated by supplier",99.95,Not Specified %,1974
2.852,0.032864,0.00065728,None kPa,N/A,21616,['C'],A,Vacuum adiabatic calorimetry,"origin: commercial source,99.95 % (total),stated by supplier",99.95,Not Specified %,1974
2.952,0.036056,0.00072112,None kPa,N/A,21616,['C'],A,Vacuum adiabatic calorimetry,"origin: commercial source,99.95 % (total),stated by supplier",99.95,Not Specified %,1974
3.037,0.038351,0.00076702,None kPa,N/A,21616,['C'],A,Vacuum adiabatic calorimetry,"origin: commercial source,99.95 % (total),stated by supplier",99.95,Not Specified %,1974
3.103,0.040534,0.00081068,None kPa,N/A,21616,['C'],A,Vacuum adiabatic calorimetry,"origin: commercial source,99.95 % (total),stated by supplier",99.95,Not Specified %,1974
3.18,0.044348,0.00088696,None kPa,N/A,21616,['C'],A,Vacuum adiabatic calorimetry,"origin: commercial source,99.95 % (total),stated by supplier",99.95,Not Specified %,1974
3.225,0.045054,0.00090108,None kPa,N/A,21616,['C'],A,Vacuum adiabatic calorimetry,"origin: commercial source,99.95 % (total),stated by supplier",99.95,Not Specified %,1974
3.298,0.047036,0.00094072,None kPa,N/A,21616,['C'],A,Vacuum adiabatic calorimetry,"origin: commercial source,99.95 % (total),stated by supplier",99.95,Not Specified %,1974
3.362,0.048933,0.00097866,None kPa,N/A,21616,['C'],A,Vacuum adiabatic calorimetry,"origin: commercial source,99.95 % (total),stated by supplier",99.95,Not Specified %,1974
3.451,0.052525,0.0010505,None kPa,N/A,21616,['C'],A,Vacuum adiabatic calorimetry,"origin: commercial source,99.95 % (total),stated by supplier",99.95,Not Specified %,1974
3.492,0.05362,0.0010724,None kPa,N/A,21616,['C'],A,Vacuum adiabatic calorimetry,"origin: commercial source,99.95 % (total),stated by supplier",99.95,Not Specified %,1974
3.554,0.055744,0.00111488,None kPa,N/A,21616,['C'],A,Vacuum adiabatic calorimetry,"origin: commercial source,99.95 % (total),stated by supplier",99.95,Not Specified %,1974
3.601,0.057262,0.00114524,None kPa,N/A,21616,['C'],A,Vacuum adiabatic calorimetry,"origin: commercial source,99.95 % (total),stated by supplier",99.95,Not Specified %,1974
3.661,0.05903,0.0011806,None kPa,N/A,21616,['C'],A,Vacuum adiabatic calorimetry,"origin: commercial source,99.95 % (total),stated by supplier",99.95,Not Specified %,1974
3.73,0.062401,0.00124802,None kPa,N/A,21616,['C'],A,Vacuum adiabatic calorimetry,"origin: commercial source,99.95 % (total),stated by supplier",99.95,Not Specified %,1974
3.786,0.065158,0.00130316,None kPa,N/A,21616,['C'],A,Vacuum adiabatic calorimetry,"origin: commercial source,99.95 % (total),stated by supplier",99.95,Not Specified %,1974
3.857,0.067148,0.00134296,None kPa,N/A,21616,['C'],A,Vacuum adiabatic calorimetry,"origin: commercial source,99.95 % (total),stated by supplier",99.95,Not Specified %,1974
3.882,0.067908,0.00135816,None kPa,N/A,21616,['C'],A,Vacuum adiabatic calorimetry,"origin: commercial source,99.95 % (total),stated by supplier",99.95,Not Specified %,1974
3.944,0.071713,0.00143426,None kPa,N/A,21616,['C'],A,Vacuum adiabatic calorimetry,"origin: commercial source,99.95 % (total),stated by supplier",99.95,Not Specified %,1974
3.992,0.074611,0.00149222,None kPa,N/A,21616,['C'],A,Vacuum adiabatic calorimetry,"origin: commercial source,99.95 % (total),stated by supplier",99.95,Not Specified %,1974
4.061,0.077438,0.00154876,None kPa,N/A,21616,['C'],A,Vacuum adiabatic calorimetry,"origin: commercial source,99.95 % (total),stated by supplier",99.95,Not Specified %,1974
4.135,0.080757,0.00161514,None kPa,N/A,21616,['C'],A,Vacuum adiabatic calorimetry,"origin: commercial source,99.95 % (total),stated by supplier",99.95,Not Specified %,1974
4.192,0.08365,0.001673,None kPa,N/A,21616,['C'],A,Vacuum adiabatic calorimetry,"origin: commercial source,99.95 % (total),stated by supplier",99.95,Not Specified %,1974
4.268,0.087545,0.0017509,None kPa,N/A,21616,['C'],A,Vacuum adiabatic calorimetry,"origin: commercial source,99.95 % (total),stated by supplier",99.95,Not Specified %,1974
4.319,0.090634,0.00181268,None kPa,N/A,21616,['C'],A,Vacuum adiabatic calorimetry,"origin: commercial source,99.95 % (total),stated by supplier",99.95,Not Specified %,1974
4.398,0.094855,0.0018971,None kPa,N/A,21616,['C'],A,Vacuum adiabatic calorimetry,"origin: commercial source,99.95 % (total),stated by supplier",99.95,Not Specified %,1974
4.452,0.098276,0.00196552,None kPa,N/A,21616,['C'],A,Vacuum adiabatic calorimetry,"origin: commercial source,99.95 % (total),stated by supplier",99.95,Not Specified %,1974
4.538,0.10211,0.0020422,None kPa,N/A,21616,['C'],A,Vacuum adiabatic calorimetry,"origin: commercial source,99.95 % (total),stated by supplier",99.95,Not Specified %,1974
4.604,0.105948,0.00211896,None kPa,N/A,21616,['C'],A,Vacuum adiabatic calorimetry,"origin: commercial source,99.95 % (total),stated by supplier",99.95,Not Specified %,1974
4.657,0.109247,0.00218494,None kPa,N/A,21616,['C'],A,Vacuum adiabatic calorimetry,"origin: commercial source,99.95 % (total),stated by supplier",99.95,Not Specified %,1974
4.719,0.111577,0.00223154,None kPa,N/A,21616,['C'],A,Vacuum adiabatic calorimetry,"origin: commercial source,99.95 % (total),stated by supplier",99.95,Not Specified %,1974
4.769,0.114557,0.00229114,None kPa,N/A,21616,['C'],A,Vacuum adiabatic calorimetry,"origin: commercial source,99.95 % (total),stated by supplier",99.95,Not Specified %,1974
4.785,0.116043,0.00232086,None kPa,N/A,21616,['C'],A,Vacuum adiabatic calorimetry,"origin: commercial source,99.95 % (total),stated by supplier",99.95,Not Specified %,1974
4.826,0.118671,0.00237342,None kPa,N/A,21616,['C'],A,Vacuum adiabatic calorimetry,"origin: commercial source,99.95 % (total),stated by supplier",99.95,Not Specified %,1974
4.888,0.121816,0.00243632,None kPa,N/A,21616,['C'],A,Vacuum adiabatic calorimetry,"origin: commercial source,99.95 % (total),stated by supplier",99.95,Not Specified %,1974
4.915,0.123554,0.00247108,None kPa,N/A,21616,['C'],A,Vacuum adiabatic calorimetry,"origin: commercial source,99.95 % (total),stated by supplier",99.95,Not Specified %,1974
5.004,0.128796,0.00257592,None kPa,N/A,21616,['C'],A,Vacuum adiabatic calorimetry,"origin: commercial source,99.95 % (total),stated by supplier",99.95,Not Specified %,1974
5.049,0.131123,0.00262246,None kPa,N/A,21616,['C'],A,Vacuum adiabatic calorimetry,"origin: commercial source,99.95 % (total),stated by supplier",99.95,Not Specified %,1974
5.086,0.130433,0.00260866,None kPa,N/A,21616,['C'],A,Vacuum adiabatic calorimetry,"origin: commercial source,99.95 % (total),stated by supplier",99.95,Not Specified %,1974
5.116,0.126615,0.0025323,None kPa,N/A,21616,['C'],A,Vacuum adiabatic calorimetry,"origin: commercial source,99.95 % (total),stated by supplier",99.95,Not Specified %,1974
5.137,0.114923,0.00229846,None kPa,N/A,21616,['C'],A,Vacuum adiabatic calorimetry,"origin: commercial source,99.95 % (total),stated by supplier",99.95,Not Specified %,1974
5.165,0.088133,0.00176266,None kPa,N/A,21616,['C'],A,Vacuum adiabatic calorimetry,"origin: commercial source,99.95 % (total),stated by supplier",99.95,Not Specified %,1974
5.176,0.063322,0.00126644,None kPa,N/A,21616,['C'],A,Vacuum adiabatic calorimetry,"origin: commercial source,99.95 % (total),stated by supplier",99.95,Not Specified %,1974
5.202,0.059344,0.00118688,None kPa,N/A,21616,['C'],A,Vacuum adiabatic calorimetry,"origin: commercial source,99.95 % (total),stated by supplier",99.95,Not Specified %,1974
5.275,0.059192,0.00118384,None kPa,N/A,21616,['C'],A,Vacuum adiabatic calorimetry,"origin: commercial source,99.95 % (total),stated by supplier",99.95,Not Specified %,1974
5.327,0.059936,0.00119872,None kPa,N/A,21616,['C'],A,Vacuum adiabatic calorimetry,"origin: commercial source,99.95 % (total),stated by supplier",99.95,Not Specified %,1974
5.382,0.060509,0.00121018,None kPa,N/A,21616,['C'],A,Vacuum adiabatic calorimetry,"origin: commercial source,99.95 % (total),stated by supplier",99.95,Not Specified %,1974
5.441,0.061336,0.00122672,None kPa,N/A,21616,['C'],A,Vacuum adiabatic calorimetry,"origin: commercial source,99.95 % (total),stated by supplier",99.95,Not Specified %,1974
5.497,0.061989,0.00123978,None kPa,N/A,21616,['C'],A,Vacuum adiabatic calorimetry,"origin: commercial source,99.95 % (total),stated by supplier",99.95,Not Specified %,1974
5.636,0.063978,0.00127956,None kPa,N/A,21616,['C'],A,Vacuum adiabatic calorimetry,"origin: commercial source,99.95 % (total),stated by supplier",99.95,Not Specified %,1974
5.655,0.066785,0.0013357,None kPa,N/A,21616,['C'],A,Vacuum adiabatic calorimetry,"origin: commercial source,99.95 % (total),stated by supplier",99.95,Not Specified %,1974
5.761,0.065813,0.00131626,None kPa,N/A,21616,['C'],A,Vacuum adiabatic calorimetry,"origin: commercial source,99.95 % (total),stated by supplier",99.95,Not Specified %,1974
5.83,0.066917,0.00133834,None kPa,N/A,21616,['C'],A,Vacuum adiabatic calorimetry,"origin: commercial source,99.95 % (total),stated by supplier",99.95,Not Specified %,1974
5.891,0.067792,0.00135584,None kPa,N/A,21616,['C'],A,Vacuum adiabatic calorimetry,"origin: commercial source,99.95 % (total),stated by supplier",99.95,Not Specified %,1974
5.954,0.068485,0.0013697,None kPa,N/A,21616,['C'],A,Vacuum adiabatic calorimetry,"origin: commercial source,99.95 % (total),stated by supplier",99.95,Not Specified %,1974
6.055,0.069853,0.00139706,None kPa,N/A,21616,['C'],A,Vacuum adiabatic calorimetry,"origin: commercial source,99.95 % (total),stated by supplier",99.95,Not Specified %,1974
6.089,0.070123,0.00140246,None kPa,N/A,21616,['C'],A,Vacuum adiabatic calorimetry,"origin: commercial source,99.95 % (total),stated by supplier",99.95,Not Specified %,1974
6.132,0.070864,0.00141728,None kPa,N/A,21616,['C'],A,Vacuum adiabatic calorimetry,"origin: commercial source,99.95 % (total),stated by supplier",99.95,Not Specified %,1974
6.157,0.07117,0.0014234,None kPa,N/A,21616,['C'],A,Vacuum adiabatic calorimetry,"origin: commercial source,99.95 % (total),stated by supplier",99.95,Not Specified %,1974
6.216,0.071661,0.00143322,None kPa,N/A,21616,['C'],A,Vacuum adiabatic calorimetry,"origin: commercial source,99.95 % (total),stated by supplier",99.95,Not Specified %,1974
6.259,0.072259,0.00144518,None kPa,N/A,21616,['C'],A,Vacuum adiabatic calorimetry,"origin: commercial source,99.95 % (total),stated by supplier",99.95,Not Specified %,1974
6.356,0.073749,0.00147498,None kPa,N/A,21616,['C'],A,Vacuum adiabatic calorimetry,"origin: commercial source,99.95 % (total),stated by supplier",99.95,Not Specified %,1974
6.4,0.074365,0.0014873,None kPa,N/A,21616,['C'],A,Vacuum adiabatic calorimetry,"origin: commercial source,99.95 % (total),stated by supplier",99.95,Not Specified %,1974
6.441,0.0748,0.001496,None kPa,N/A,21616,['C'],A,Vacuum adiabatic calorimetry,"origin: commercial source,99.95 % (total),stated by supplier",99.95,Not Specified %,1974
6.513,0.076151,0.00152302,None kPa,N/A,21616,['C'],A,Vacuum adiabatic calorimetry,"origin: commercial source,99.95 % (total),stated by supplier",99.95,Not Specified %,1974
6.575,0.077155,0.0015431,None kPa,N/A,21616,['C'],A,Vacuum adiabatic calorimetry,"origin: commercial source,99.95 % (total),stated by supplier",99.95,Not Specified %,1974
6.618,0.077535,0.0015507,None kPa,N/A,21616,['C'],A,Vacuum adiabatic calorimetry,"origin: commercial source,99.95 % (total),stated by supplier",99.95,Not Specified %,1974
6.716,0.078919,0.00157838,None kPa,N/A,21616,['C'],A,Vacuum adiabatic calorimetry,"origin: commercial source,99.95 % (total),stated by supplier",99.95,Not Specified %,1974
6.765,0.079699,0.00159398,None kPa,N/A,21616,['C'],A,Vacuum adiabatic calorimetry,"origin: commercial source,99.95 % (total),stated by supplier",99.95,Not Specified %,1974
6.812,0.08021,0.0016042,None kPa,N/A,21616,['C'],A,Vacuum adiabatic calorimetry,"origin: commercial source,99.95 % (total),stated by supplier",99.95,Not Specified %,1974
6.852,0.080301,0.00160602,None kPa,N/A,21616,['C'],A,Vacuum adiabatic calorimetry,"origin: commercial source,99.95 % (total),stated by supplier",99.95,Not Specified %,1974
6.948,0.08225,0.001645,None kPa,N/A,21616,['C'],A,Vacuum adiabatic calorimetry,"origin: commercial source,99.95 % (total),stated by supplier",99.95,Not Specified %,1974
7.001,0.082834,0.00165668,None kPa,N/A,21616,['C'],A,Vacuum adiabatic calorimetry,"origin: commercial source,99.95 % (total),stated by supplier",99.95,Not Specified %,1974
0.0549,4.6e-07,9.2e-09,None kPa,N/A,21808,['C'],A,Adiabatic calorimeter (non-vacuum) ,"not stated,99.97 mole % (total),spectroscopy,ingot",99.97,Mole %,1974
0.07974,3.83e-07,7.66e-09,None kPa,N/A,21808,['C'],A,Adiabatic calorimeter (non-vacuum) ,"not stated,99.97 mole % (total),spectroscopy,ingot",99.97,Mole %,1974
0.09996,3.54e-07,7.08e-09,None kPa,N/A,21808,['C'],A,Adiabatic calorimeter (non-vacuum) ,"not stated,99.97 mole % (total),spectroscopy,ingot",99.97,Mole %,1974
0.11372,3.25e-07,6.5e-09,None kPa,N/A,21808,['C'],A,Adiabatic calorimeter (non-vacuum) ,"not stated,99.97 mole % (total),spectroscopy,ingot",99.97,Mole %,1974
0.15279,3.85e-07,7.7e-09,None kPa,N/A,21808,['C'],A,Adiabatic calorimeter (non-vacuum) ,"not stated,99.97 mole % (total),spectroscopy,ingot",99.97,Mole %,1974
0.20084,5.8e-07,1.16e-08,None kPa,N/A,21808,['C'],A,Adiabatic calorimeter (non-vacuum) ,"not stated,99.97 mole % (total),spectroscopy,ingot",99.97,Mole %,1974
0.25305,8.3e-07,1.66e-08,None kPa,N/A,21808,['C'],A,Adiabatic calorimeter (non-vacuum) ,"not stated,99.97 mole % (total),spectroscopy,ingot",99.97,Mole %,1974
0.30059,1.22e-06,2.44e-08,None kPa,N/A,21808,['C'],A,Adiabatic calorimeter (non-vacuum) ,"not stated,99.97 mole % (total),spectroscopy,ingot",99.97,Mole %,1974
0.40227,2.45e-06,4.9e-08,None kPa,N/A,21808,['C'],A,Adiabatic calorimeter (non-vacuum) ,"not stated,99.97 mole % (total),spectroscopy,ingot",99.97,Mole %,1974
0.45753,3.44e-06,6.88e-08,None kPa,N/A,21808,['C'],A,Adiabatic calorimeter (non-vacuum) ,"not stated,99.97 mole % (total),spectroscopy,ingot",99.97,Mole %,1974
0.49649,4.37e-06,8.74e-08,None kPa,N/A,21808,['C'],A,Adiabatic calorimeter (non-vacuum) ,"not stated,99.97 mole % (total),spectroscopy,ingot",99.97,Mole %,1974
0.60786,9.67e-06,1.934e-07,None kPa,N/A,21808,['C'],A,Adiabatic calorimeter (non-vacuum) ,"not stated,99.97 mole % (total),spectroscopy,ingot",99.97,Mole %,1974
0.786,0.000233,4.66e-06,None kPa,N/A,14614,['C'],A,Low temperature calorimetry set up,not stated,,,1964
1.338,0.002362,4.724e-05,None kPa,N/A,14614,['C'],A,Low temperature calorimetry set up,not stated,,,1964
1.567,0.004374,8.748e-05,None kPa,N/A,14614,['C'],A,Low temperature calorimetry set up,not stated,,,1964
1.703,0.005772,0.00011544,None kPa,N/A,14614,['C'],A,Low temperature calorimetry set up,not stated,,,1964
1.849,0.00818,0.0001636,None kPa,N/A,14614,['C'],A,Low temperature calorimetry set up,not stated,,,1964
1.973,0.009944,0.00019888,None kPa,N/A,14614,['C'],A,Low temperature calorimetry set up,not stated,,,1964
2.167,0.013658,0.00027316,None kPa,N/A,14614,['C'],A,Low temperature calorimetry set up,not stated,,,1964
2.386,0.018901,0.00037802,None kPa,N/A,14614,['C'],A,Low temperature calorimetry set up,not stated,,,1964
2.555,0.022607,0.00045214,None kPa,N/A,14614,['C'],A,Low temperature calorimetry set up,not stated,,,1964
2.729,0.02725,0.000545,None kPa,N/A,14614,['C'],A,Low temperature calorimetry set up,not stated,,,1964
2.926,0.032839,0.00065678,None kPa,N/A,14614,['C'],A,Low temperature calorimetry set up,not stated,,,1964
3.128,0.038744,0.00077488,None kPa,N/A,14614,['C'],A,Low temperature calorimetry set up,not stated,,,1964
3.351,0.046532,0.00093064,None kPa,N/A,14614,['C'],A,Low temperature calorimetry set up,not stated,,,1964
3.612,0.055641,0.00111282,None kPa,N/A,14614,['C'],A,Low temperature calorimetry set up,not stated,,,1964
3.883,0.065575,0.0013115,None kPa,N/A,14614,['C'],A,Low temperature calorimetry set up,not stated,,,1964
4.235,0.080383,0.00160766,None kPa,N/A,14614,['C'],A,Low temperature calorimetry set up,not stated,,,1964
4.672,0.099262,0.00198524,None kPa,N/A,14614,['C'],A,Low temperature calorimetry set up,not stated,,,1964
5.137,0.122523,0.00245046,None kPa,N/A,14614,['C'],A,Low temperature calorimetry set up,not stated,,,1964
5.224,0.127009,0.00254018,None kPa,N/A,14614,['C'],A,Low temperature calorimetry set up,not stated,,,1964
5.557,0.086675,0.0017335,None kPa,N/A,14614,['C'],A,Low temperature calorimetry set up,not stated,,,1964
5.838,0.065372,0.00130744,None kPa,N/A,14614,['C'],A,Low temperature calorimetry set up,not stated,,,1964
6.26,0.070147,0.00140294,None kPa,N/A,14614,['C'],A,Low temperature calorimetry set up,not stated,,,1964
0.883,0.008781,0.00017562,None kPa,N/A,14615,['C'],A,Low temperature calorimetry set up,not stated,,,1964
1.164,0.011709,0.00023418,None kPa,N/A,14615,['C'],A,Low temperature calorimetry set up,not stated,,,1964
1.434,0.014488,0.00028976,None kPa,N/A,14615,['C'],A,Low temperature calorimetry set up,not stated,,,1964
1.704,0.017474,0.00034948,None kPa,N/A,14615,['C'],A,Low temperature calorimetry set up,not stated,,,1964
2.257,0.022972,0.00045944,None kPa,N/A,14615,['C'],A,Low temperature calorimetry set up,not stated,,,1964
2.583,0.026069,0.00052138,None kPa,N/A,14615,['C'],A,Low temperature calorimetry set up,not stated,,,1964
3.073,0.03154,0.0006308,None kPa,N/A,14615,['C'],A,Low temperature calorimetry set up,not stated,,,1964
3.285,0.034039,0.00068078,None kPa,N/A,14615,['C'],A,Low temperature calorimetry set up,not stated,,,1964
3.486,0.03641,0.0007282,None kPa,N/A,14615,['C'],A,Low temperature calorimetry set up,not stated,,,1964
3.677,0.038565,0.0007713,None kPa,N/A,14615,['C'],A,Low temperature calorimetry set up,not stated,,,1964
3.838,0.040157,0.00080314,None kPa,N/A,14615,['C'],A,Low temperature calorimetry set up,not stated,,,1964
4.019,0.0423,0.000846,None kPa,N/A,14615,['C'],A,Low temperature calorimetry set up,not stated,,,1964
4.228,0.045213,0.00090426,None kPa,N/A,14615,['C'],A,Low temperature calorimetry set up,not stated,,,1964
4.462,0.047912,0.00095824,None kPa,N/A,14615,['C'],A,Low temperature calorimetry set up,not stated,,,1964
4.652,0.050001,0.00100002,None kPa,N/A,14615,['C'],A,Low temperature calorimetry set up,not stated,,,1964
4.825,0.052296,0.00104592,None kPa,N/A,14615,['C'],A,Low temperature calorimetry set up,not stated,,,1964
5.065,0.055544,0.00111088,None kPa,N/A,14615,['C'],A,Low temperature calorimetry set up,not stated,,,1964
5.377,0.059361,0.00118722,None kPa,N/A,14615,['C'],A,Low temperature calorimetry set up,not stated,,,1964
5.669,0.0635,0.00127,None kPa,N/A,14615,['C'],A,Low temperature calorimetry set up,not stated,,,1964
5.931,0.067419,0.00134838,None kPa,N/A,14615,['C'],A,Low temperature calorimetry set up,not stated,,,1964
320.0,24.6,0.492,None kPa,N/A,15468,['C'],A,Vacuum adiabatic calorimetry,"origin: commercial source,99.5 %,estimated by the compiler",99.5,Not Specified %,1965
350.0,25.3,0.506,None kPa,N/A,15468,['C'],A,Vacuum adiabatic calorimetry,"origin: commercial source,99.5 %,estimated by the compiler",99.5,Not Specified %,1965
400.0,25.9,0.518,None kPa,N/A,15468,['C'],A,Vacuum adiabatic calorimetry,"origin: commercial source,99.5 %,estimated by the compiler",99.5,Not Specified %,1965
450.0,26.3,0.526,None kPa,N/A,15468,['C'],A,Vacuum adiabatic calorimetry,"origin: commercial source,99.5 %,estimated by the compiler",99.5,Not Specified %,1965
500.0,26.6,0.532,None kPa,N/A,15468,['C'],A,Vacuum adiabatic calorimetry,"origin: commercial source,99.5 %,estimated by the compiler",99.5,Not Specified %,1965
550.0,26.8,0.536,None kPa,N/A,15468,['C'],A,Vacuum adiabatic calorimetry,"origin: commercial source,99.5 %,estimated by the compiler",99.5,Not Specified %,1965
600.0,27.0,0.54,None kPa,N/A,15468,['C'],A,Vacuum adiabatic calorimetry,"origin: commercial source,99.5 %,estimated by the compiler",99.5,Not Specified %,1965
650.0,27.3,0.546,None kPa,N/A,15468,['C'],A,Vacuum adiabatic calorimetry,"origin: commercial source,99.5 %,estimated by the compiler",99.5,Not Specified %,1965
700.0,27.6,0.552,None kPa,N/A,15468,['C'],A,Vacuum adiabatic calorimetry,"origin: commercial source,99.5 %,estimated by the compiler",99.5,Not Specified %,1965
750.0,28.0,0.56,None kPa,N/A,15468,['C'],A,Vacuum adiabatic calorimetry,"origin: commercial source,99.5 %,estimated by the compiler",99.5,Not Specified %,1965
800.0,28.5,0.57,None kPa,N/A,15468,['C'],A,Vacuum adiabatic calorimetry,"origin: commercial source,99.5 %,estimated by the compiler",99.5,Not Specified %,1965
850.0,28.9,0.578,None kPa,N/A,15468,['C'],A,Vacuum adiabatic calorimetry,"origin: commercial source,99.5 %,estimated by the compiler",99.5,Not Specified %,1965
900.0,29.3,0.586,None kPa,N/A,15468,['C'],A,Vacuum adiabatic calorimetry,"origin: commercial source,99.5 %,estimated by the compiler",99.5,Not Specified %,1965
950.0,29.8,0.596,None kPa,N/A,15468,['C'],A,Vacuum adiabatic calorimetry,"origin: commercial source,99.5 %,estimated by the compiler",99.5,Not Specified %,1965
1000.0,30.2,0.604,None kPa,N/A,15468,['C'],A,Vacuum adiabatic calorimetry,"origin: commercial source,99.5 %,estimated by the compiler",99.5,Not Specified %,1965
1050.0,30.6,0.612,None kPa,N/A,15468,['C'],A,Vacuum adiabatic calorimetry,"origin: commercial source,99.5 %,estimated by the compiler",99.5,Not Specified %,1965
1100.0,31.0,0.62,None kPa,N/A,15468,['C'],A,Vacuum adiabatic calorimetry,"origin: commercial source,99.5 %,estimated by the compiler",99.5,Not Specified %,1965
1150.0,31.5,0.63,None kPa,N/A,15468,['C'],A,Vacuum adiabatic calorimetry,"origin: commercial source,99.5 %,estimated by the compiler",99.5,Not Specified %,1965
1200.0,31.9,0.638,None kPa,N/A,15468,['C'],A,Vacuum adiabatic calorimetry,"origin: commercial source,99.5 %,estimated by the compiler",99.5,Not Specified %,1965
1250.0,32.3,0.646,None kPa,N/A,15468,['C'],A,Vacuum adiabatic calorimetry,"origin: commercial source,99.5 %,estimated by the compiler",99.5,Not Specified %,1965
1300.0,32.8,0.656,None kPa,N/A,15468,['C'],A,Vacuum adiabatic calorimetry,"origin: commercial source,99.5 %,estimated by the compiler",99.5,Not Specified %,1965
1350.0,33.2,0.664,None kPa,N/A,15468,['C'],A,Vacuum adiabatic calorimetry,"origin: commercial source,99.5 %,estimated by the compiler",99.5,Not Specified %,1965
1400.0,33.6,0.672,None kPa,N/A,15468,['C'],A,Vacuum adiabatic calorimetry,"origin: commercial source,99.5 %,estimated by the compiler",99.5,Not Specified %,1965
1450.0,34.1,0.682,None kPa,N/A,15468,['C'],A,Vacuum adiabatic calorimetry,"origin: commercial source,99.5 %,estimated by the compiler",99.5,Not Specified %,1965
1500.0,34.5,0.69,None kPa,N/A,15468,['C'],A,Vacuum adiabatic calorimetry,"origin: commercial source,99.5 %,estimated by the compiler",99.5,Not Specified %,1965
1550.0,34.9,0.698,None kPa,N/A,15468,['C'],A,Vacuum adiabatic calorimetry,"origin: commercial source,99.5 %,estimated by the compiler",99.5,Not Specified %,1965
1600.0,35.1,0.702,None kPa,N/A,15468,['C'],A,Vacuum adiabatic calorimetry,"origin: commercial source,99.5 %,estimated by the compiler",99.5,Not Specified %,1965
1650.0,35.3,0.706,None kPa,N/A,15468,['C'],A,Vacuum adiabatic calorimetry,"origin: commercial source,99.5 %,estimated by the compiler",99.5,Not Specified %,1965
1700.0,35.5,0.71,None kPa,N/A,15468,['C'],A,Vacuum adiabatic calorimetry,"origin: commercial source,99.5 %,estimated by the compiler",99.5,Not Specified %,1965
1750.0,35.6,0.712,None kPa,N/A,15468,['C'],A,Vacuum adiabatic calorimetry,"origin: commercial source,99.5 %,estimated by the compiler",99.5,Not Specified %,1965
1800.0,35.7,0.714,None kPa,N/A,15468,['C'],A,Vacuum adiabatic calorimetry,"origin: commercial source,99.5 %,estimated by the compiler",99.5,Not Specified %,1965
0.9296,0.000207,4.14e-06,None kPa,N/A,16518,['C'],A,Low temperature calorimetry set up,"origin: commercial source,99.99 % (total),,rod",99.99,Not Specified %,1966
0.9364,0.000219,4.38e-06,None kPa,N/A,16518,['C'],A,Low temperature calorimetry set up,"origin: commercial source,99.99 % (total),,rod",99.99,Not Specified %,1966
0.9422,0.000234,4.68e-06,None kPa,N/A,16518,['C'],A,Low temperature calorimetry set up,"origin: commercial source,99.99 % (total),,rod",99.99,Not Specified %,1966
0.9514,0.000243,4.86e-06,None kPa,N/A,16518,['C'],A,Low temperature calorimetry set up,"origin: commercial source,99.99 % (total),,rod",99.99,Not Specified %,1966
0.9591,0.000256,5.12e-06,None kPa,N/A,16518,['C'],A,Low temperature calorimetry set up,"origin: commercial source,99.99 % (total),,rod",99.99,Not Specified %,1966
0.9729,0.000276,5.52e-06,None kPa,N/A,16518,['C'],A,Low temperature calorimetry set up,"origin: commercial source,99.99 % (total),,rod",99.99,Not Specified %,1966
0.9861,0.0003,6e-06,None kPa,N/A,16518,['C'],A,Low temperature calorimetry set up,"origin: commercial source,99.99 % (total),,rod",99.99,Not Specified %,1966
0.9968,0.000321,6.42e-06,None kPa,N/A,16518,['C'],A,Low temperature calorimetry set up,"origin: commercial source,99.99 % (total),,rod",99.99,Not Specified %,1966
0.6415,4.5e-05,9e-07,None kPa,N/A,16518,['C'],A,Low temperature calorimetry set up,"origin: commercial source,99.99 % (total),,rod",99.99,Not Specified %,1966
0.6426,4.5e-05,9e-07,None kPa,N/A,16518,['C'],A,Low temperature calorimetry set up,"origin: commercial source,99.99 % (total),,rod",99.99,Not Specified %,1966
0.6465,4.5e-05,9e-07,None kPa,N/A,16518,['C'],A,Low temperature calorimetry set up,"origin: commercial source,99.99 % (total),,rod",99.99,Not Specified %,1966
0.6533,4.7e-05,9.4e-07,None kPa,N/A,16518,['C'],A,Low temperature calorimetry set up,"origin: commercial source,99.99 % (total),,rod",99.99,Not Specified %,1966
0.6619,4.8e-05,9.6e-07,None kPa,N/A,16518,['C'],A,Low temperature calorimetry set up,"origin: commercial source,99.99 % (total),,rod",99.99,Not Specified %,1966
0.6717,5e-05,1e-06,None kPa,N/A,16518,['C'],A,Low temperature calorimetry set up,"origin: commercial source,99.99 % (total),,rod",99.99,Not Specified %,1966
0.6801,5e-05,1e-06,None kPa,N/A,16518,['C'],A,Low temperature calorimetry set up,"origin: commercial source,99.99 % (total),,rod",99.99,Not Specified %,1966
0.6864,5.2e-05,1.04e-06,None kPa,N/A,16518,['C'],A,Low temperature calorimetry set up,"origin: commercial source,99.99 % (total),,rod",99.99,Not Specified %,1966
0.6932,5.4e-05,1.08e-06,None kPa,N/A,16518,['C'],A,Low temperature calorimetry set up,"origin: commercial source,99.99 % (total),,rod",99.99,Not Specified %,1966
0.7027,5.6e-05,1.12e-06,None kPa,N/A,16518,['C'],A,Low temperature calorimetry set up,"origin: commercial source,99.99 % (total),,rod",99.99,Not Specified %,1966
0.7116,5.8e-05,1.16e-06,None kPa,N/A,16518,['C'],A,Low temperature calorimetry set up,"origin: commercial source,99.99 % (total),,rod",99.99,Not Specified %,1966
0.7214,6.2e-05,1.24e-06,None kPa,N/A,16518,['C'],A,Low temperature calorimetry set up,"origin: commercial source,99.99 % (total),,rod",99.99,Not Specified %,1966
0.7338,6.5e-05,1.3e-06,None kPa,N/A,16518,['C'],A,Low temperature calorimetry set up,"origin: commercial source,99.99 % (total),,rod",99.99,Not Specified %,1966
0.7445,6.9e-05,1.38e-06,None kPa,N/A,16518,['C'],A,Low temperature calorimetry set up,"origin: commercial source,99.99 % (total),,rod",99.99,Not Specified %,1966
0.7653,7.7e-05,1.54e-06,None kPa,N/A,16518,['C'],A,Low temperature calorimetry set up,"origin: commercial source,99.99 % (total),,rod",99.99,Not Specified %,1966
0.7855,8.8e-05,1.76e-06,None kPa,N/A,16518,['C'],A,Low temperature calorimetry set up,"origin: commercial source,99.99 % (total),,rod",99.99,Not Specified %,1966
0.8015,9.3e-05,1.86e-06,None kPa,N/A,16518,['C'],A,Low temperature calorimetry set up,"origin: commercial source,99.99 % (total),,rod",99.99,Not Specified %,1966
0.8122,9.9e-05,1.98e-06,None kPa,N/A,16518,['C'],A,Low temperature calorimetry set up,"origin: commercial source,99.99 % (total),,rod",99.99,Not Specified %,1966
0.8205,0.000105,2.1e-06,None kPa,N/A,16518,['C'],A,Low temperature calorimetry set up,"origin: commercial source,99.99 % (total),,rod",99.99,Not Specified %,1966
0.8298,0.000113,2.26e-06,None kPa,N/A,16518,['C'],A,Low temperature calorimetry set up,"origin: commercial source,99.99 % (total),,rod",99.99,Not Specified %,1966
0.8416,0.000124,2.48e-06,None kPa,N/A,16518,['C'],A,Low temperature calorimetry set up,"origin: commercial source,99.99 % (total),,rod",99.99,Not Specified %,1966
0.8535,0.000132,2.64e-06,None kPa,N/A,16518,['C'],A,Low temperature calorimetry set up,"origin: commercial source,99.99 % (total),,rod",99.99,Not Specified %,1966
0.8646,0.000142,2.84e-06,None kPa,N/A,16518,['C'],A,Low temperature calorimetry set up,"origin: commercial source,99.99 % (total),,rod",99.99,Not Specified %,1966
0.8812,0.000154,3.08e-06,None kPa,N/A,16518,['C'],A,Low temperature calorimetry set up,"origin: commercial source,99.99 % (total),,rod",99.99,Not Specified %,1966
0.8989,0.000175,3.5e-06,None kPa,N/A,16518,['C'],A,Low temperature calorimetry set up,"origin: commercial source,99.99 % (total),,rod",99.99,Not Specified %,1966
0.9125,0.00019,3.8e-06,None kPa,N/A,16518,['C'],A,Low temperature calorimetry set up,"origin: commercial source,99.99 % (total),,rod",99.99,Not Specified %,1966
0.9283,0.000209,4.18e-06,None kPa,N/A,16518,['C'],A,Low temperature calorimetry set up,"origin: commercial source,99.99 % (total),,rod",99.99,Not Specified %,1966
0.9484,0.000237,4.74e-06,None kPa,N/A,16518,['C'],A,Low temperature calorimetry set up,"origin: commercial source,99.99 % (total),,rod",99.99,Not Specified %,1966
0.969,0.00027,5.4e-06,None kPa,N/A,16518,['C'],A,Low temperature calorimetry set up,"origin: commercial source,99.99 % (total),,rod",99.99,Not Specified %,1966
0.9914,0.000309,6.18e-06,None kPa,N/A,16518,['C'],A,Low temperature calorimetry set up,"origin: commercial source,99.99 % (total),,rod",99.99,Not Specified %,1966
1.01,0.000347,3.47e-06,None kPa,N/A,16521,['C'],A,Low temperature calorimetry set up,"origin: commercial source,99.99 % (total),,rod",99.99,Not Specified %,1966
1.025,0.000378,3.78e-06,None kPa,N/A,16521,['C'],A,Low temperature calorimetry set up,"origin: commercial source,99.99 % (total),,rod",99.99,Not Specified %,1966
1.045,0.000426,4.26e-06,None kPa,N/A,16521,['C'],A,Low temperature calorimetry set up,"origin: commercial source,99.99 % (total),,rod",99.99,Not Specified %,1966
1.07,0.000489,4.89e-06,None kPa,N/A,16521,['C'],A,Low temperature calorimetry set up,"origin: commercial source,99.99 % (total),,rod",99.99,Not Specified %,1966
1.087,0.000539,5.39e-06,None kPa,N/A,16521,['C'],A,Low temperature calorimetry set up,"origin: commercial source,99.99 % (total),,rod",99.99,Not Specified %,1966
1.106,0.000582,5.82e-06,None kPa,N/A,16521,['C'],A,Low temperature calorimetry set up,"origin: commercial source,99.99 % (total),,rod",99.99,Not Specified %,1966
1.13,0.000676,6.76e-06,None kPa,N/A,16521,['C'],A,Low temperature calorimetry set up,"origin: commercial source,99.99 % (total),,rod",99.99,Not Specified %,1966
1.157,0.000772,7.72e-06,None kPa,N/A,16521,['C'],A,Low temperature calorimetry set up,"origin: commercial source,99.99 % (total),,rod",99.99,Not Specified %,1966
1.186,0.000893,8.93e-06,None kPa,N/A,16521,['C'],A,Low temperature calorimetry set up,"origin: commercial source,99.99 % (total),,rod",99.99,Not Specified %,1966
1.209,0.000987,9.87e-06,None kPa,N/A,16521,['C'],A,Low temperature calorimetry set up,"origin: commercial source,99.99 % (total),,rod",99.99,Not Specified %,1966
1.236,0.001119,1.119e-05,None kPa,N/A,16521,['C'],A,Low temperature calorimetry set up,"origin: commercial source,99.99 % (total),,rod",99.99,Not Specified %,1966
1.273,0.001305,1.305e-05,None kPa,N/A,16521,['C'],A,Low temperature calorimetry set up,"origin: commercial source,99.99 % (total),,rod",99.99,Not Specified %,1966
1.308,0.001508,1.508e-05,None kPa,N/A,16521,['C'],A,Low temperature calorimetry set up,"origin: commercial source,99.99 % (total),,rod",99.99,Not Specified %,1966
1.349,0.001769,1.769e-05,None kPa,N/A,16521,['C'],A,Low temperature calorimetry set up,"origin: commercial source,99.99 % (total),,rod",99.99,Not Specified %,1966
1.393,0.00209,2.09e-05,None kPa,N/A,16521,['C'],A,Low temperature calorimetry set up,"origin: commercial source,99.99 % (total),,rod",99.99,Not Specified %,1966
1.433,0.002401,2.401e-05,None kPa,N/A,16521,['C'],A,Low temperature calorimetry set up,"origin: commercial source,99.99 % (total),,rod",99.99,Not Specified %,1966
1.483,0.00282,2.82e-05,None kPa,N/A,16521,['C'],A,Low temperature calorimetry set up,"origin: commercial source,99.99 % (total),,rod",99.99,Not Specified %,1966
1.533,0.00328,3.28e-05,None kPa,N/A,16521,['C'],A,Low temperature calorimetry set up,"origin: commercial source,99.99 % (total),,rod",99.99,Not Specified %,1966
1.567,0.003634,3.634e-05,None kPa,N/A,16521,['C'],A,Low temperature calorimetry set up,"origin: commercial source,99.99 % (total),,rod",99.99,Not Specified %,1966
1.629,0.004333,4.333e-05,None kPa,N/A,16521,['C'],A,Low temperature calorimetry set up,"origin: commercial source,99.99 % (total),,rod",99.99,Not Specified %,1966
1.697,0.005132,5.132e-05,None kPa,N/A,16521,['C'],A,Low temperature calorimetry set up,"origin: commercial source,99.99 % (total),,rod",99.99,Not Specified %,1966
1.76,0.005931,5.931e-05,None kPa,N/A,16521,['C'],A,Low temperature calorimetry set up,"origin: commercial source,99.99 % (total),,rod",99.99,Not Specified %,1966
1.83,0.006948,6.948e-05,None kPa,N/A,16521,['C'],A,Low temperature calorimetry set up,"origin: commercial source,99.99 % (total),,rod",99.99,Not Specified %,1966
1.912,0.008272,8.272e-05,None kPa,N/A,16521,['C'],A,Low temperature calorimetry set up,"origin: commercial source,99.99 % (total),,rod",99.99,Not Specified %,1966
2.009,0.01003,0.0001003,None kPa,N/A,16521,['C'],A,Low temperature calorimetry set up,"origin: commercial source,99.99 % (total),,rod",99.99,Not Specified %,1966
2.121,0.01198,0.0001198,None kPa,N/A,16521,['C'],A,Low temperature calorimetry set up,"origin: commercial source,99.99 % (total),,rod",99.99,Not Specified %,1966
2.208,0.01388,0.0001388,None kPa,N/A,16521,['C'],A,Low temperature calorimetry set up,"origin: commercial source,99.99 % (total),,rod",99.99,Not Specified %,1966
2.301,0.01584,0.0001584,None kPa,N/A,16521,['C'],A,Low temperature calorimetry set up,"origin: commercial source,99.99 % (total),,rod",99.99,Not Specified %,1966
2.438,0.01908,0.0001908,None kPa,N/A,16521,['C'],A,Low temperature calorimetry set up,"origin: commercial source,99.99 % (total),,rod",99.99,Not Specified %,1966
2.592,0.02268,0.0002268,None kPa,N/A,16521,['C'],A,Low temperature calorimetry set up,"origin: commercial source,99.99 % (total),,rod",99.99,Not Specified %,1966
2.759,0.02741,0.0002741,None kPa,N/A,16521,['C'],A,Low temperature calorimetry set up,"origin: commercial source,99.99 % (total),,rod",99.99,Not Specified %,1966
2.954,0.03289,0.0003289,None kPa,N/A,16521,['C'],A,Low temperature calorimetry set up,"origin: commercial source,99.99 % (total),,rod",99.99,Not Specified %,1966
3.133,0.03839,0.0003839,None kPa,N/A,16521,['C'],A,Low temperature calorimetry set up,"origin: commercial source,99.99 % (total),,rod",99.99,Not Specified %,1966
3.373,0.04651,0.0004651,None kPa,N/A,16521,['C'],A,Low temperature calorimetry set up,"origin: commercial source,99.99 % (total),,rod",99.99,Not Specified %,1966
3.621,0.05542,0.0005542,None kPa,N/A,16521,['C'],A,Low temperature calorimetry set up,"origin: commercial source,99.99 % (total),,rod",99.99,Not Specified %,1966
3.883,0.06514,0.0006514,None kPa,N/A,16521,['C'],A,Low temperature calorimetry set up,"origin: commercial source,99.99 % (total),,rod",99.99,Not Specified %,1966
1.007,0.000341,3.41e-06,None kPa,N/A,16521,['C'],A,Low temperature calorimetry set up,"origin: commercial source,99.99 % (total),,rod",99.99,Not Specified %,1966
1.024,0.000378,3.78e-06,None kPa,N/A,16521,['C'],A,Low temperature calorimetry set up,"origin: commercial source,99.99 % (total),,rod",99.99,Not Specified %,1966
1.046,0.000427,4.27e-06,None kPa,N/A,16521,['C'],A,Low temperature calorimetry set up,"origin: commercial source,99.99 % (total),,rod",99.99,Not Specified %,1966
1.07,0.000488,4.88e-06,None kPa,N/A,16521,['C'],A,Low temperature calorimetry set up,"origin: commercial source,99.99 % (total),,rod",99.99,Not Specified %,1966
1.093,0.000554,5.54e-06,None kPa,N/A,16521,['C'],A,Low temperature calorimetry set up,"origin: commercial source,99.99 % (total),,rod",99.99,Not Specified %,1966
1.124,0.000648,6.48e-06,None kPa,N/A,16521,['C'],A,Low temperature calorimetry set up,"origin: commercial source,99.99 % (total),,rod",99.99,Not Specified %,1966
1.167,0.00081,8.1e-06,None kPa,N/A,16521,['C'],A,Low temperature calorimetry set up,"origin: commercial source,99.99 % (total),,rod",99.99,Not Specified %,1966
1.208,0.000983,9.83e-06,None kPa,N/A,16521,['C'],A,Low temperature calorimetry set up,"origin: commercial source,99.99 % (total),,rod",99.99,Not Specified %,1966
1.267,0.001273,1.273e-05,None kPa,N/A,16521,['C'],A,Low temperature calorimetry set up,"origin: commercial source,99.99 % (total),,rod",99.99,Not Specified %,1966
1.307,0.001495,1.495e-05,None kPa,N/A,16521,['C'],A,Low temperature calorimetry set up,"origin: commercial source,99.99 % (total),,rod",99.99,Not Specified %,1966
4.231,0.08007,0.0016014,None kPa,N/A,16522,['C'],A,Low temperature calorimetry set up,"origin: commercial source,99.99 % (total),,rod",99.99,Not Specified %,1966
4.661,0.0989,0.001978,None kPa,N/A,16522,['C'],A,Low temperature calorimetry set up,"origin: commercial source,99.99 % (total),,rod",99.99,Not Specified %,1966
5.116,0.1226,0.002452,None kPa,N/A,16522,['C'],A,Low temperature calorimetry set up,"origin: commercial source,99.99 % (total),,rod",99.99,Not Specified %,1966
5.201,0.1276,0.002552,None kPa,N/A,16522,['C'],A,Low temperature calorimetry set up,"origin: commercial source,99.99 % (total),,rod",99.99,Not Specified %,1966
5.445,0.0855,0.00171,None kPa,N/A,16522,['C'],A,Low temperature calorimetry set up,"origin: commercial source,99.99 % (total),,rod",99.99,Not Specified %,1966
5.808,0.0657,0.001314,None kPa,N/A,16522,['C'],A,Low temperature calorimetry set up,"origin: commercial source,99.99 % (total),,rod",99.99,Not Specified %,1966
0.8144,0.00803,0.0001606,None kPa,N/A,16523,['C'],A,Low temperature calorimetry set up,"origin: commercial source,99.99 % (total),,rod",99.99,Not Specified %,1966
0.962,0.00949,0.0001898,None kPa,N/A,16523,['C'],A,Low temperature calorimetry set up,"origin: commercial source,99.99 % (total),,rod",99.99,Not Specified %,1966
0.9727,0.00961,0.0001922,None kPa,N/A,16523,['C'],A,Low temperature calorimetry set up,"origin: commercial source,99.99 % (total),,rod",99.99,Not Specified %,1966
1.135,0.01121,0.0001121,None kPa,N/A,16524,['C'],A,Low temperature calorimetry set up,"origin: commercial source,99.99 % (total),,rod",99.99,Not Specified %,1966
1.192,0.01175,0.0001175,None kPa,N/A,16524,['C'],A,Low temperature calorimetry set up,"origin: commercial source,99.99 % (total),,rod",99.99,Not Specified %,1966
1.446,0.01428,0.0001428,None kPa,N/A,16524,['C'],A,Low temperature calorimetry set up,"origin: commercial source,99.99 % (total),,rod",99.99,Not Specified %,1966
1.415,0.01393,0.0001393,None kPa,N/A,16524,['C'],A,Low temperature calorimetry set up,"origin: commercial source,99.99 % (total),,rod",99.99,Not Specified %,1966
1.758,0.01737,0.0001737,None kPa,N/A,16524,['C'],A,Low temperature calorimetry set up,"origin: commercial source,99.99 % (total),,rod",99.99,Not Specified %,1966
2.197,0.0219,0.000219,None kPa,N/A,16524,['C'],A,Low temperature calorimetry set up,"origin: commercial source,99.99 % (total),,rod",99.99,Not Specified %,1966
2.401,0.02417,0.0002417,None kPa,N/A,16524,['C'],A,Low temperature calorimetry set up,"origin: commercial source,99.99 % (total),,rod",99.99,Not Specified %,1966
2.867,0.02906,0.0002906,None kPa,N/A,16524,['C'],A,Low temperature calorimetry set up,"origin: commercial source,99.99 % (total),,rod",99.99,Not Specified %,1966
3.446,0.03536,0.0003536,None kPa,N/A,16524,['C'],A,Low temperature calorimetry set up,"origin: commercial source,99.99 % (total),,rod",99.99,Not Specified %,1966
3.124,0.03184,0.0003184,None kPa,N/A,16524,['C'],A,Low temperature calorimetry set up,"origin: commercial source,99.99 % (total),,rod",99.99,Not Specified %,1966
3.575,0.03689,0.0003689,None kPa,N/A,16524,['C'],A,Low temperature calorimetry set up,"origin: commercial source,99.99 % (total),,rod",99.99,Not Specified %,1966
3.902,0.04083,0.0004083,None kPa,N/A,16524,['C'],A,Low temperature calorimetry set up,"origin: commercial source,99.99 % (total),,rod",99.99,Not Specified %,1966
4.251,0.04405,0.000881,None kPa,N/A,16525,['C'],A,Low temperature calorimetry set up,"origin: commercial source,99.99 % (total),,rod",99.99,Not Specified %,1966
4.294,0.04486,0.0008972,None kPa,N/A,16525,['C'],A,Low temperature calorimetry set up,"origin: commercial source,99.99 % (total),,rod",99.99,Not Specified %,1966
4.136,0.04311,0.0008622,None kPa,N/A,16525,['C'],A,Low temperature calorimetry set up,"origin: commercial source,99.99 % (total),,rod",99.99,Not Specified %,1966
4.427,0.04647,0.0009294,None kPa,N/A,16525,['C'],A,Low temperature calorimetry set up,"origin: commercial source,99.99 % (total),,rod",99.99,Not Specified %,1966
4.343,0.04533,0.0009066,None kPa,N/A,16525,['C'],A,Low temperature calorimetry set up,"origin: commercial source,99.99 % (total),,rod",99.99,Not Specified %,1966
4.76,0.05074,0.0010148,None kPa,N/A,16525,['C'],A,Low temperature calorimetry set up,"origin: commercial source,99.99 % (total),,rod",99.99,Not Specified %,1966
4.964,0.0535,0.00107,None kPa,N/A,16525,['C'],A,Low temperature calorimetry set up,"origin: commercial source,99.99 % (total),,rod",99.99,Not Specified %,1966
4.908,0.05246,0.0010492,None kPa,N/A,16525,['C'],A,Low temperature calorimetry set up,"origin: commercial source,99.99 % (total),,rod",99.99,Not Specified %,1966
5.075,0.05503,0.0011006,None kPa,N/A,16525,['C'],A,Low temperature calorimetry set up,"origin: commercial source,99.99 % (total),,rod",99.99,Not Specified %,1966
0.4082,0.004588,9.176e-05,None kPa,N/A,16526,['C'],A,Low temperature calorimetry set up,"origin: commercial source,99.99 % (total),,rod",99.99,Not Specified %,1966
0.4161,0.00467,9.34e-05,None kPa,N/A,16526,['C'],A,Low temperature calorimetry set up,"origin: commercial source,99.99 % (total),,rod",99.99,Not Specified %,1966
0.4245,0.004704,9.408e-05,None kPa,N/A,16526,['C'],A,Low temperature calorimetry set up,"origin: commercial source,99.99 % (total),,rod",99.99,Not Specified %,1966
0.4329,0.004747,9.494e-05,None kPa,N/A,16526,['C'],A,Low temperature calorimetry set up,"origin: commercial source,99.99 % (total),,rod",99.99,Not Specified %,1966
0.4447,0.00491,9.82e-05,None kPa,N/A,16526,['C'],A,Low temperature calorimetry set up,"origin: commercial source,99.99 % (total),,rod",99.99,Not Specified %,1966
0.4603,0.004993,9.986e-05,None kPa,N/A,16526,['C'],A,Low temperature calorimetry set up,"origin: commercial source,99.99 % (total),,rod",99.99,Not Specified %,1966
0.473,0.005088,0.00010176,None kPa,N/A,16526,['C'],A,Low temperature calorimetry set up,"origin: commercial source,99.99 % (total),,rod",99.99,Not Specified %,1966
0.4885,0.005305,0.0001061,None kPa,N/A,16526,['C'],A,Low temperature calorimetry set up,"origin: commercial source,99.99 % (total),,rod",99.99,Not Specified %,1966
0.5095,0.005472,0.00010944,None kPa,N/A,16526,['C'],A,Low temperature calorimetry set up,"origin: commercial source,99.99 % (total),,rod",99.99,Not Specified %,1966
0.53,0.005633,0.00011266,None kPa,N/A,16526,['C'],A,Low temperature calorimetry set up,"origin: commercial source,99.99 % (total),,rod",99.99,Not Specified %,1966
0.5508,0.005859,0.00011718,None kPa,N/A,16526,['C'],A,Low temperature calorimetry set up,"origin: commercial source,99.99 % (total),,rod",99.99,Not Specified %,1966
0.5896,0.006198,0.00012396,None kPa,N/A,16526,['C'],A,Low temperature calorimetry set up,"origin: commercial source,99.99 % (total),,rod",99.99,Not Specified %,1966
0.6065,0.006342,0.00012684,None kPa,N/A,16526,['C'],A,Low temperature calorimetry set up,"origin: commercial source,99.99 % (total),,rod",99.99,Not Specified %,1966
0.629,0.006538,0.00013076,None kPa,N/A,16526,['C'],A,Low temperature calorimetry set up,"origin: commercial source,99.99 % (total),,rod",99.99,Not Specified %,1966
0.6549,0.006803,0.00013606,None kPa,N/A,16526,['C'],A,Low temperature calorimetry set up,"origin: commercial source,99.99 % (total),,rod",99.99,Not Specified %,1966
0.6796,0.007011,0.00014022,None kPa,N/A,16526,['C'],A,Low temperature calorimetry set up,"origin: commercial source,99.99 % (total),,rod",99.99,Not Specified %,1966
0.7133,0.007351,0.00014702,None kPa,N/A,16526,['C'],A,Low temperature calorimetry set up,"origin: commercial source,99.99 % (total),,rod",99.99,Not Specified %,1966
0.7615,0.007787,0.00015574,None kPa,N/A,16526,['C'],A,Low temperature calorimetry set up,"origin: commercial source,99.99 % (total),,rod",99.99,Not Specified %,1966
0.8092,0.00823,0.0001646,None kPa,N/A,16526,['C'],A,Low temperature calorimetry set up,"origin: commercial source,99.99 % (total),,rod",99.99,Not Specified %,1966
0.8531,0.00869,0.0001738,None kPa,N/A,16526,['C'],A,Low temperature calorimetry set up,"origin: commercial source,99.99 % (total),,rod",99.99,Not Specified %,1966
0.8881,0.00897,0.0001794,None kPa,N/A,16526,['C'],A,Low temperature calorimetry set up,"origin: commercial source,99.99 % (total),,rod",99.99,Not Specified %,1966
0.9198,0.00926,0.0001852,None kPa,N/A,16526,['C'],A,Low temperature calorimetry set up,"origin: commercial source,99.99 % (total),,rod",99.99,Not Specified %,1966
0.9498,0.00958,0.0001916,None kPa,N/A,16526,['C'],A,Low temperature calorimetry set up,"origin: commercial source,99.99 % (total),,rod",99.99,Not Specified %,1966
0.9769,0.00978,0.0001956,None kPa,N/A,16526,['C'],A,Low temperature calorimetry set up,"origin: commercial source,99.99 % (total),,rod",99.99,Not Specified %,1966
1.006,0.01008,0.0001008,None kPa,N/A,16527,['C'],A,Low temperature calorimetry set up,"origin: commercial source,99.99 % (total),,rod",99.99,Not Specified %,1966
1.052,0.0105,0.000105,None kPa,N/A,16527,['C'],A,Low temperature calorimetry set up,"origin: commercial source,99.99 % (total),,rod",99.99,Not Specified %,1966
1.119,0.01114,0.0001114,None kPa,N/A,16527,['C'],A,Low temperature calorimetry set up,"origin: commercial source,99.99 % (total),,rod",99.99,Not Specified %,1966
1.197,0.01193,0.0001193,None kPa,N/A,16527,['C'],A,Low temperature calorimetry set up,"origin: commercial source,99.99 % (total),,rod",99.99,Not Specified %,1966
1.247,0.01238,0.0001238,None kPa,N/A,16527,['C'],A,Low temperature calorimetry set up,"origin: commercial source,99.99 % (total),,rod",99.99,Not Specified %,1966
1.305,0.01302,0.0001302,None kPa,N/A,16527,['C'],A,Low temperature calorimetry set up,"origin: commercial source,99.99 % (total),,rod",99.99,Not Specified %,1966
1.371,0.01365,0.0001365,None kPa,N/A,16527,['C'],A,Low temperature calorimetry set up,"origin: commercial source,99.99 % (total),,rod",99.99,Not Specified %,1966
1.436,0.01431,0.0001431,None kPa,N/A,16527,['C'],A,Low temperature calorimetry set up,"origin: commercial source,99.99 % (total),,rod",99.99,Not Specified %,1966
1.496,0.01484,0.0001484,None kPa,N/A,16527,['C'],A,Low temperature calorimetry set up,"origin: commercial source,99.99 % (total),,rod",99.99,Not Specified %,1966
1.578,0.0157,0.000157,None kPa,N/A,16527,['C'],A,Low temperature calorimetry set up,"origin: commercial source,99.99 % (total),,rod",99.99,Not Specified %,1966
1.665,0.01658,0.0001658,None kPa,N/A,16527,['C'],A,Low temperature calorimetry set up,"origin: commercial source,99.99 % (total),,rod",99.99,Not Specified %,1966
1.747,0.01737,0.0001737,None kPa,N/A,16527,['C'],A,Low temperature calorimetry set up,"origin: commercial source,99.99 % (total),,rod",99.99,Not Specified %,1966
1.844,0.01838,0.0001838,None kPa,N/A,16527,['C'],A,Low temperature calorimetry set up,"origin: commercial source,99.99 % (total),,rod",99.99,Not Specified %,1966
1.892,0.0189,0.000189,None kPa,N/A,16527,['C'],A,Low temperature calorimetry set up,"origin: commercial source,99.99 % (total),,rod",99.99,Not Specified %,1966
2.152,0.02146,0.0002146,None kPa,N/A,16527,['C'],A,Low temperature calorimetry set up,"origin: commercial source,99.99 % (total),,rod",99.99,Not Specified %,1966
2.235,0.02225,0.0002225,None kPa,N/A,16527,['C'],A,Low temperature calorimetry set up,"origin: commercial source,99.99 % (total),,rod",99.99,Not Specified %,1966
2.324,0.02358,0.0002358,None kPa,N/A,16527,['C'],A,Low temperature calorimetry set up,"origin: commercial source,99.99 % (total),,rod",99.99,Not Specified %,1966
2.421,0.02442,0.0002442,None kPa,N/A,16527,['C'],A,Low temperature calorimetry set up,"origin: commercial source,99.99 % (total),,rod",99.99,Not Specified %,1966
2.502,0.02556,0.0002556,None kPa,N/A,16527,['C'],A,Low temperature calorimetry set up,"origin: commercial source,99.99 % (total),,rod",99.99,Not Specified %,1966
2.618,0.02682,0.0002682,None kPa,N/A,16527,['C'],A,Low temperature calorimetry set up,"origin: commercial source,99.99 % (total),,rod",99.99,Not Specified %,1966
2.76,0.0282,0.000282,None kPa,N/A,16527,['C'],A,Low temperature calorimetry set up,"origin: commercial source,99.99 % (total),,rod",99.99,Not Specified %,1966
2.907,0.02996,0.0002996,None kPa,N/A,16527,['C'],A,Low temperature calorimetry set up,"origin: commercial source,99.99 % (total),,rod",99.99,Not Specified %,1966
3.096,0.03211,0.0003211,None kPa,N/A,16527,['C'],A,Low temperature calorimetry set up,"origin: commercial source,99.99 % (total),,rod",99.99,Not Specified %,1966
3.293,0.03424,0.0003424,None kPa,N/A,16527,['C'],A,Low temperature calorimetry set up,"origin: commercial source,99.99 % (total),,rod",99.99,Not Specified %,1966
3.498,0.03682,0.0003682,None kPa,N/A,16527,['C'],A,Low temperature calorimetry set up,"origin: commercial source,99.99 % (total),,rod",99.99,Not Specified %,1966
3.686,0.03857,0.0003857,None kPa,N/A,16527,['C'],A,Low temperature calorimetry set up,"origin: commercial source,99.99 % (total),,rod",99.99,Not Specified %,1966
3.843,0.04026,0.0004026,None kPa,N/A,16527,['C'],A,Low temperature calorimetry set up,"origin: commercial source,99.99 % (total),,rod",99.99,Not Specified %,1966
4.016,0.04226,0.0004226,None kPa,N/A,16527,['C'],A,Low temperature calorimetry set up,"origin: commercial source,99.99 % (total),,rod",99.99,Not Specified %,1966
4.234,0.04475,0.000895,None kPa,N/A,16528,['C'],A,Low temperature calorimetry set up,"origin: commercial source,99.99 % (total),,rod",99.99,Not Specified %,1966
4.462,0.0472,0.000944,None kPa,N/A,16528,['C'],A,Low temperature calorimetry set up,"origin: commercial source,99.99 % (total),,rod",99.99,Not Specified %,1966
0.5,0.002747,5.494e-05,None kPa,N/A,16530,['C'],A,Not Stated,not stated,,,1966
0.58,0.00328,6.56e-05,None kPa,N/A,16530,['C'],A,Not Stated,not stated,,,1966
0.66,0.00384,7.68e-05,None kPa,N/A,16530,['C'],A,Not Stated,not stated,,,1966
0.74,0.004475,8.95e-05,None kPa,N/A,16530,['C'],A,Not Stated,not stated,,,1966
0.81,0.005045,0.0001009,None kPa,N/A,16530,['C'],A,Not Stated,not stated,,,1966
0.9,0.005856,0.00011712,None kPa,N/A,16530,['C'],A,Not Stated,not stated,,,1966
0.98,0.006513,0.00013026,None kPa,N/A,16530,['C'],A,Not Stated,not stated,,,1966
1.03,0.006938,0.00013876,None kPa,N/A,16530,['C'],A,Not Stated,not stated,,,1966
1.09,0.007533,0.00015066,None kPa,N/A,16530,['C'],A,Not Stated,not stated,,,1966
1.17,0.008515,0.0001703,None kPa,N/A,16530,['C'],A,Not Stated,not stated,,,1966
1.25,0.009344,0.00018688,None kPa,N/A,16530,['C'],A,Not Stated,not stated,,,1966
1.33,0.010382,0.00020764,None kPa,N/A,16530,['C'],A,Not Stated,not stated,,,1966
1.4,0.011185,0.0002237,None kPa,N/A,16530,['C'],A,Not Stated,not stated,,,1966
1.45,0.011967,0.00023934,None kPa,N/A,16530,['C'],A,Not Stated,not stated,,,1966
1.5,0.012658,0.00025316,None kPa,N/A,16530,['C'],A,Not Stated,not stated,,,1966
1.55,0.01329,0.0002658,None kPa,N/A,16530,['C'],A,Not Stated,not stated,,,1966
1.61,0.014242,0.00028484,None kPa,N/A,16530,['C'],A,Not Stated,not stated,,,1966
1.68,0.015238,0.00030476,None kPa,N/A,16530,['C'],A,Not Stated,not stated,,,1966
1.75,0.016435,0.0003287,None kPa,N/A,16530,['C'],A,Not Stated,not stated,,,1966
1.81,0.017554,0.00035108,None kPa,N/A,16530,['C'],A,Not Stated,not stated,,,1966
1.89,0.018808,0.00037616,None kPa,N/A,16530,['C'],A,Not Stated,not stated,,,1966
1.97,0.020499,0.00040998,None kPa,N/A,16530,['C'],A,Not Stated,not stated,,,1966
2.06,0.022317,0.00044634,None kPa,N/A,16530,['C'],A,Not Stated,not stated,,,1966
2.16,0.024566,0.00049132,None kPa,N/A,16530,['C'],A,Not Stated,not stated,,,1966
2.26,0.027182,0.00054364,None kPa,N/A,16530,['C'],A,Not Stated,not stated,,,1966
2.36,0.029711,0.00059422,None kPa,N/A,16530,['C'],A,Not Stated,not stated,,,1966
2.46,0.032572,0.00065144,None kPa,N/A,16530,['C'],A,Not Stated,not stated,,,1966
2.56,0.036082,0.00072164,None kPa,N/A,16530,['C'],A,Not Stated,not stated,,,1966
2.67,0.039091,0.00078182,None kPa,N/A,16530,['C'],A,Not Stated,not stated,,,1966
2.89,0.045262,0.00090524,None kPa,N/A,16530,['C'],A,Not Stated,not stated,,,1966
3.0,0.049197,0.00098394,None kPa,N/A,16530,['C'],A,Not Stated,not stated,,,1966
3.12,0.052379,0.00104758,None kPa,N/A,16530,['C'],A,Not Stated,not stated,,,1966
3.23,0.055529,0.00111058,None kPa,N/A,16530,['C'],A,Not Stated,not stated,,,1966
3.36,0.040529,0.00081058,None kPa,N/A,16530,['C'],A,Not Stated,not stated,,,1966
0.55,0.003825,7.65e-05,None kPa,N/A,16530,['C'],A,Not Stated,not stated,,,1966
0.62,0.004498,8.996e-05,None kPa,N/A,16530,['C'],A,Not Stated,not stated,,,1966
0.69,0.005092,0.00010184,None kPa,N/A,16530,['C'],A,Not Stated,not stated,,,1966
0.78,0.005943,0.00011886,None kPa,N/A,16530,['C'],A,Not Stated,not stated,,,1966
0.87,0.006771,0.00013542,None kPa,N/A,16530,['C'],A,Not Stated,not stated,,,1966
0.96,0.007646,0.00015292,None kPa,N/A,16530,['C'],A,Not Stated,not stated,,,1966
1.03,0.0085,0.00017,None kPa,N/A,16530,['C'],A,Not Stated,not stated,,,1966
1.11,0.009343,0.00018686,None kPa,N/A,16530,['C'],A,Not Stated,not stated,,,1966
1.19,0.010304,0.00020608,None kPa,N/A,16530,['C'],A,Not Stated,not stated,,,1966
1.26,0.011147,0.00022294,None kPa,N/A,16530,['C'],A,Not Stated,not stated,,,1966
1.34,0.012278,0.00024556,None kPa,N/A,16530,['C'],A,Not Stated,not stated,,,1966
1.39,0.012905,0.0002581,None kPa,N/A,16530,['C'],A,Not Stated,not stated,,,1966
1.52,0.014694,0.00029388,None kPa,N/A,16530,['C'],A,Not Stated,not stated,,,1966
1.59,0.01581,0.0003162,None kPa,N/A,16530,['C'],A,Not Stated,not stated,,,1966
1.64,0.016558,0.00033116,None kPa,N/A,16530,['C'],A,Not Stated,not stated,,,1966
1.71,0.017873,0.00035746,None kPa,N/A,16530,['C'],A,Not Stated,not stated,,,1966
1.79,0.019205,0.0003841,None kPa,N/A,16530,['C'],A,Not Stated,not stated,,,1966
1.87,0.020603,0.00041206,None kPa,N/A,16530,['C'],A,Not Stated,not stated,,,1966
1.95,0.022163,0.00044326,None kPa,N/A,16530,['C'],A,Not Stated,not stated,,,1966
2.03,0.023919,0.00047838,None kPa,N/A,16530,['C'],A,Not Stated,not stated,,,1966
2.12,0.025975,0.0005195,None kPa,N/A,16530,['C'],A,Not Stated,not stated,,,1966
2.19,0.027481,0.00054962,None kPa,N/A,16530,['C'],A,Not Stated,not stated,,,1966
2.3,0.030389,0.00060778,None kPa,N/A,16530,['C'],A,Not Stated,not stated,,,1966
2.41,0.033169,0.00066338,None kPa,N/A,16530,['C'],A,Not Stated,not stated,,,1966
2.51,0.035824,0.00071648,None kPa,N/A,16530,['C'],A,Not Stated,not stated,,,1966
2.6,0.03828,0.0007656,None kPa,N/A,16530,['C'],A,Not Stated,not stated,,,1966
2.67,0.039712,0.00079424,None kPa,N/A,16530,['C'],A,Not Stated,not stated,,,1966
2.75,0.041005,0.0008201,None kPa,N/A,16530,['C'],A,Not Stated,not stated,,,1966
2.85,0.029942,0.00059884,None kPa,N/A,16530,['C'],A,Not Stated,not stated,,,1966
2.96,0.030171,0.00060342,None kPa,N/A,16530,['C'],A,Not Stated,not stated,,,1966
3.06,0.031516,0.00063032,None kPa,N/A,16530,['C'],A,Not Stated,not stated,,,1966
3.1,0.0316,0.000632,None kPa,N/A,16530,['C'],A,Not Stated,not stated,,,1966
3.19,0.032683,0.00065366,None kPa,N/A,16530,['C'],A,Not Stated,not stated,,,1966
3.28,0.033823,0.00067646,None kPa,N/A,16530,['C'],A,Not Stated,not stated,,,1966
3.4,0.03535,0.000707,None kPa,N/A,16530,['C'],A,Not Stated,not stated,,,1966
0.65,0.005989,0.00011978,None kPa,N/A,16530,['C'],A,Not Stated,not stated,,,1966
0.72,0.00677,0.0001354,None kPa,N/A,16530,['C'],A,Not Stated,not stated,,,1966
0.79,0.007427,0.00014854,None kPa,N/A,16530,['C'],A,Not Stated,not stated,,,1966
0.87,0.008368,0.00016736,None kPa,N/A,16530,['C'],A,Not Stated,not stated,,,1966
0.93,0.00913,0.0001826,None kPa,N/A,16530,['C'],A,Not Stated,not stated,,,1966
1.01,0.010082,0.00020164,None kPa,N/A,16530,['C'],A,Not Stated,not stated,,,1966
1.06,0.010719,0.00021438,None kPa,N/A,16530,['C'],A,Not Stated,not stated,,,1966
1.2,0.012512,0.00025024,None kPa,N/A,16530,['C'],A,Not Stated,not stated,,,1966
1.28,0.013469,0.00026938,None kPa,N/A,16530,['C'],A,Not Stated,not stated,,,1966
1.37,0.01489,0.0002978,None kPa,N/A,16530,['C'],A,Not Stated,not stated,,,1966
1.45,0.016126,0.00032252,None kPa,N/A,16530,['C'],A,Not Stated,not stated,,,1966
1.51,0.017168,0.00034336,None kPa,N/A,16530,['C'],A,Not Stated,not stated,,,1966
1.57,0.018212,0.00036424,None kPa,N/A,16530,['C'],A,Not Stated,not stated,,,1966
1.63,0.019163,0.00038326,None kPa,N/A,16530,['C'],A,Not Stated,not stated,,,1966
1.7,0.020413,0.00040826,None kPa,N/A,16530,['C'],A,Not Stated,not stated,,,1966
1.8,0.018821,0.00037642,None kPa,N/A,16530,['C'],A,Not Stated,not stated,,,1966
1.91,0.019182,0.00038364,None kPa,N/A,16530,['C'],A,Not Stated,not stated,,,1966
2.03,0.020344,0.00040688,None kPa,N/A,16530,['C'],A,Not Stated,not stated,,,1966
2.14,0.021462,0.00042924,None kPa,N/A,16530,['C'],A,Not Stated,not stated,,,1966
2.24,0.022654,0.00045308,None kPa,N/A,16530,['C'],A,Not Stated,not stated,,,1966
2.37,0.023959,0.00047918,None kPa,N/A,16530,['C'],A,Not Stated,not stated,,,1966
2.5,0.025128,0.00050256,None kPa,N/A,16530,['C'],A,Not Stated,not stated,,,1966
2.62,0.026806,0.00053612,None kPa,N/A,16530,['C'],A,Not Stated,not stated,,,1966
2.74,0.028251,0.00056502,None kPa,N/A,16530,['C'],A,Not Stated,not stated,,,1966
0.64,0.006355,0.0001271,None kPa,N/A,16530,['C'],A,Not Stated,not stated,,,1966
0.74,0.007434,0.00014868,None kPa,N/A,16530,['C'],A,Not Stated,not stated,,,1966
0.81,0.008192,0.00016384,None kPa,N/A,16530,['C'],A,Not Stated,not stated,,,1966
0.88,0.009107,0.00018214,None kPa,N/A,16530,['C'],A,Not Stated,not stated,,,1966
0.94,0.009819,0.00019638,None kPa,N/A,16530,['C'],A,Not Stated,not stated,,,1966
1.0,0.01058,0.0002116,None kPa,N/A,16530,['C'],A,Not Stated,not stated,,,1966
1.06,0.011277,0.00022554,None kPa,N/A,16530,['C'],A,Not Stated,not stated,,,1966
1.11,0.011838,0.00023676,None kPa,N/A,16530,['C'],A,Not Stated,not stated,,,1966
1.14,0.011832,0.00023664,None kPa,N/A,16530,['C'],A,Not Stated,not stated,,,1966
1.16,0.011748,0.00023496,None kPa,N/A,16530,['C'],A,Not Stated,not stated,,,1966
1.21,0.012051,0.00024102,None kPa,N/A,16530,['C'],A,Not Stated,not stated,,,1966
1.26,0.01248,0.0002496,None kPa,N/A,16530,['C'],A,Not Stated,not stated,,,1966
1.31,0.013021,0.00026042,None kPa,N/A,16530,['C'],A,Not Stated,not stated,,,1966
1.36,0.013452,0.00026904,None kPa,N/A,16530,['C'],A,Not Stated,not stated,,,1966
1.43,0.014077,0.00028154,None kPa,N/A,16530,['C'],A,Not Stated,not stated,,,1966
1.5,0.014859,0.00029718,None kPa,N/A,16530,['C'],A,Not Stated,not stated,,,1966
1.74,0.017195,0.0003439,None kPa,N/A,16530,['C'],A,Not Stated,not stated,,,1966
0.64,0.00084,1.68e-05,None kPa,N/A,16531,['C'],A,Not Stated,not stated,,,1966
0.76,0.00107,2.14e-05,None kPa,N/A,16531,['C'],A,Not Stated,not stated,,,1966
0.88,0.00136,2.72e-05,None kPa,N/A,16531,['C'],A,Not Stated,not stated,,,1966
0.97,0.00169,3.38e-05,None kPa,N/A,16531,['C'],A,Not Stated,not stated,,,1966
1.08,0.00208,4.16e-05,None kPa,N/A,16531,['C'],A,Not Stated,not stated,,,1966
1.18,0.00286,5.72e-05,None kPa,N/A,16531,['C'],A,Not Stated,not stated,,,1966
1.24,0.00336,6.72e-05,None kPa,N/A,16531,['C'],A,Not Stated,not stated,,,1966
1.27,0.00088,1.76e-05,None kPa,N/A,16531,['C'],A,Not Stated,not stated,,,1966
1.33,0.00124,2.48e-05,None kPa,N/A,16531,['C'],A,Not Stated,not stated,,,1966
1.37,0.00174,3.48e-05,None kPa,N/A,16531,['C'],A,Not Stated,not stated,,,1966
1.42,0.00263,5.26e-05,None kPa,N/A,16531,['C'],A,Not Stated,not stated,,,1966
1.45,0.00341,6.82e-05,None kPa,N/A,16531,['C'],A,Not Stated,not stated,,,1966
1.49,0.00445,8.9e-05,None kPa,N/A,16531,['C'],A,Not Stated,not stated,,,1966
1.53,0.00559,0.0001118,None kPa,N/A,16531,['C'],A,Not Stated,not stated,,,1966
1.59,0.00728,0.0001456,None kPa,N/A,16531,['C'],A,Not Stated,not stated,,,1966
1.63,0.00911,0.0001822,None kPa,N/A,16531,['C'],A,Not Stated,not stated,,,1966
1.68,0.01105,0.000221,None kPa,N/A,16531,['C'],A,Not Stated,not stated,,,1966
1.74,0.01345,0.000269,None kPa,N/A,16531,['C'],A,Not Stated,not stated,,,1966
1.8,0.01555,0.000311,None kPa,N/A,16531,['C'],A,Not Stated,not stated,,,1966
1.87,0.01802,0.0003604,None kPa,N/A,16531,['C'],A,Not Stated,not stated,,,1966
1.96,0.02029,0.0004058,None kPa,N/A,16531,['C'],A,Not Stated,not stated,,,1966
2.07,0.02293,0.0004586,None kPa,N/A,16531,['C'],A,Not Stated,not stated,,,1966
2.17,0.0259,0.000518,None kPa,N/A,16531,['C'],A,Not Stated,not stated,,,1966
2.29,0.02933,0.0005866,None kPa,N/A,16531,['C'],A,Not Stated,not stated,,,1966
2.42,0.03255,0.000651,None kPa,N/A,16531,['C'],A,Not Stated,not stated,,,1966
2.57,0.03691,0.0007382,None kPa,N/A,16531,['C'],A,Not Stated,not stated,,,1966
2.76,0.04236,0.0008472,None kPa,N/A,16531,['C'],A,Not Stated,not stated,,,1966
2.91,0.04635,0.000927,None kPa,N/A,16531,['C'],A,Not Stated,not stated,,,1966
3.04,0.05026,0.0010052,None kPa,N/A,16531,['C'],A,Not Stated,not stated,,,1966
3.17,0.0544,0.001088,None kPa,N/A,16531,['C'],A,Not Stated,not stated,,,1966
3.29,0.05848,0.0011696,None kPa,N/A,16531,['C'],A,Not Stated,not stated,,,1966
3.4,0.06192,0.0012384,None kPa,N/A,16531,['C'],A,Not Stated,not stated,,,1966
3.51,0.06567,0.0013134,None kPa,N/A,16531,['C'],A,Not Stated,not stated,,,1966
3.61,0.06905,0.001381,None kPa,N/A,16531,['C'],A,Not Stated,not stated,,,1966
3.71,0.0622,0.001244,None kPa,N/A,16531,['C'],A,Not Stated,not stated,,,1966
3.85,0.03982,0.0007964,None kPa,N/A,16531,['C'],A,Not Stated,not stated,,,1966
4.02,0.04187,0.0008374,None kPa,N/A,16531,['C'],A,Not Stated,not stated,,,1966
4.18,0.04341,0.0008682,None kPa,N/A,16531,['C'],A,Not Stated,not stated,,,1966
4.32,0.04471,0.0008942,None kPa,N/A,16531,['C'],A,Not Stated,not stated,,,1966
4.81,0.05085,0.001017,None kPa,N/A,16531,['C'],A,Not Stated,not stated,,,1966
0.64,0.0,0.0,None kPa,N/A,16531,['C'],A,Not Stated,not stated,,,1966
0.64,0.0,0.0,None kPa,N/A,16531,['C'],A,Not Stated,not stated,,,1966
1.17,0.00104,2.08e-05,None kPa,N/A,16531,['C'],A,Not Stated,not stated,,,1966
1.36,0.00222,4.44e-05,None kPa,N/A,16531,['C'],A,Not Stated,not stated,,,1966
1.55,0.00428,8.56e-05,None kPa,N/A,16531,['C'],A,Not Stated,not stated,,,1966
1.6,0.00512,0.0001024,None kPa,N/A,16531,['C'],A,Not Stated,not stated,,,1966
1.67,0.00603,0.0001206,None kPa,N/A,16531,['C'],A,Not Stated,not stated,,,1966
1.75,0.00734,0.0001468,None kPa,N/A,16531,['C'],A,Not Stated,not stated,,,1966
1.83,0.00881,0.0001762,None kPa,N/A,16531,['C'],A,Not Stated,not stated,,,1966
1.9,0.01023,0.0002046,None kPa,N/A,16531,['C'],A,Not Stated,not stated,,,1966
2.0,0.01345,0.000269,None kPa,N/A,16531,['C'],A,Not Stated,not stated,,,1966
2.09,0.01633,0.0003266,None kPa,N/A,16531,['C'],A,Not Stated,not stated,,,1966
2.19,0.02094,0.0004188,None kPa,N/A,16531,['C'],A,Not Stated,not stated,,,1966
2.29,0.02736,0.0005472,None kPa,N/A,16531,['C'],A,Not Stated,not stated,,,1966
2.41,0.03835,0.000767,None kPa,N/A,16531,['C'],A,Not Stated,not stated,,,1966
2.54,0.04639,0.0009278,None kPa,N/A,16531,['C'],A,Not Stated,not stated,,,1966
2.7,0.04823,0.0009646,None kPa,N/A,16531,['C'],A,Not Stated,not stated,,,1966
2.91,0.05029,0.0010058,None kPa,N/A,16531,['C'],A,Not Stated,not stated,,,1966
3.19,0.05802,0.0011604,None kPa,N/A,16531,['C'],A,Not Stated,not stated,,,1966
3.49,0.06549,0.0013098,None kPa,N/A,16531,['C'],A,Not Stated,not stated,,,1966
3.78,0.07653,0.0015306,None kPa,N/A,16531,['C'],A,Not Stated,not stated,,,1966
3.95,0.0799,0.001598,None kPa,N/A,16531,['C'],A,Not Stated,not stated,,,1966
4.03,0.06046,0.0012092,None kPa,N/A,16531,['C'],A,Not Stated,not stated,,,1966
4.13,0.04334,0.0008668,None kPa,N/A,16531,['C'],A,Not Stated,not stated,,,1966
4.42,0.04644,0.0009288,None kPa,N/A,16531,['C'],A,Not Stated,not stated,,,1966
4.83,0.05194,0.0010388,None kPa,N/A,16531,['C'],A,Not Stated,not stated,,,1966
0.64,0.0,0.0,None kPa,N/A,16531,['C'],A,Not Stated,not stated,,,1966
0.64,0.0,0.0,None kPa,N/A,16531,['C'],A,Not Stated,not stated,,,1966
1.82,0.00721,0.0001442,None kPa,N/A,16531,['C'],A,Not Stated,not stated,,,1966
1.87,0.00813,0.0001626,None kPa,N/A,16531,['C'],A,Not Stated,not stated,,,1966
1.93,0.00894,0.0001788,None kPa,N/A,16531,['C'],A,Not Stated,not stated,,,1966
2.0,0.00989,0.0001978,None kPa,N/A,16531,['C'],A,Not Stated,not stated,,,1966
2.04,0.01105,0.000221,None kPa,N/A,16531,['C'],A,Not Stated,not stated,,,1966
2.11,0.01235,0.000247,None kPa,N/A,16531,['C'],A,Not Stated,not stated,,,1966
2.18,0.01399,0.0002798,None kPa,N/A,16531,['C'],A,Not Stated,not stated,,,1966
2.23,0.0154,0.000308,None kPa,N/A,16531,['C'],A,Not Stated,not stated,,,1966
2.3,0.01664,0.0003328,None kPa,N/A,16531,['C'],A,Not Stated,not stated,,,1966
2.37,0.01854,0.0003708,None kPa,N/A,16531,['C'],A,Not Stated,not stated,,,1966
2.44,0.02057,0.0004114,None kPa,N/A,16531,['C'],A,Not Stated,not stated,,,1966
2.52,0.02236,0.0004472,None kPa,N/A,16531,['C'],A,Not Stated,not stated,,,1966
2.57,0.02427,0.0004854,None kPa,N/A,16531,['C'],A,Not Stated,not stated,,,1966
2.65,0.02678,0.0005356,None kPa,N/A,16531,['C'],A,Not Stated,not stated,,,1966
2.73,0.02946,0.0005892,None kPa,N/A,16531,['C'],A,Not Stated,not stated,,,1966
2.8,0.03239,0.0006478,None kPa,N/A,16531,['C'],A,Not Stated,not stated,,,1966
2.87,0.03556,0.0007112,None kPa,N/A,16531,['C'],A,Not Stated,not stated,,,1966
2.94,0.03877,0.0007754,None kPa,N/A,16531,['C'],A,Not Stated,not stated,,,1966
3.0,0.04294,0.0008588,None kPa,N/A,16531,['C'],A,Not Stated,not stated,,,1966
3.06,0.04782,0.0009564,None kPa,N/A,16531,['C'],A,Not Stated,not stated,,,1966
3.12,0.05384,0.0010768,None kPa,N/A,16531,['C'],A,Not Stated,not stated,,,1966
3.17,0.06103,0.0012206,None kPa,N/A,16531,['C'],A,Not Stated,not stated,,,1966
3.23,0.07527,0.0015054,None kPa,N/A,16531,['C'],A,Not Stated,not stated,,,1966
3.28,0.08666,0.0017332,None kPa,N/A,16531,['C'],A,Not Stated,not stated,,,1966
3.32,0.09803,0.0019606,None kPa,N/A,16531,['C'],A,Not Stated,not stated,,,1966
3.37,0.10612,0.0021224,None kPa,N/A,16531,['C'],A,Not Stated,not stated,,,1966
3.46,0.09754,0.0019508,None kPa,N/A,16531,['C'],A,Not Stated,not stated,,,1966
3.54,0.08842,0.0017684,None kPa,N/A,16531,['C'],A,Not Stated,not stated,,,1966
3.63,0.08643,0.0017286,None kPa,N/A,16531,['C'],A,Not Stated,not stated,,,1966
3.72,0.08653,0.0017306,None kPa,N/A,16531,['C'],A,Not Stated,not stated,,,1966
3.81,0.08806,0.0017612,None kPa,N/A,16531,['C'],A,Not Stated,not stated,,,1966
3.9,0.09001,0.0018002,None kPa,N/A,16531,['C'],A,Not Stated,not stated,,,1966
4.01,0.09237,0.0018474,None kPa,N/A,16531,['C'],A,Not Stated,not stated,,,1966
4.13,0.0953,0.001906,None kPa,N/A,16531,['C'],A,Not Stated,not stated,,,1966
4.24,0.09912,0.0019824,None kPa,N/A,16531,['C'],A,Not Stated,not stated,,,1966
4.38,0.06753,0.0013506,None kPa,N/A,16531,['C'],A,Not Stated,not stated,,,1966
4.56,0.04884,0.0009768,None kPa,N/A,16531,['C'],A,Not Stated,not stated,,,1966
4.76,0.05151,0.0010302,None kPa,N/A,16531,['C'],A,Not Stated,not stated,,,1966
4.95,0.05352,0.0010704,None kPa,N/A,16531,['C'],A,Not Stated,not stated,,,1966
0.64,0.0,0.0,None kPa,N/A,16531,['C'],A,Not Stated,not stated,,,1966
0.64,0.0,0.0,None kPa,N/A,16531,['C'],A,Not Stated,not stated,,,1966
2.59,0.02289,0.0004578,None kPa,N/A,16531,['C'],A,Not Stated,not stated,,,1966
2.66,0.02471,0.0004942,None kPa,N/A,16531,['C'],A,Not Stated,not stated,,,1966
2.72,0.02646,0.0005292,None kPa,N/A,16531,['C'],A,Not Stated,not stated,,,1966
2.8,0.02869,0.0005738,None kPa,N/A,16531,['C'],A,Not Stated,not stated,,,1966
2.9,0.03148,0.0006296,None kPa,N/A,16531,['C'],A,Not Stated,not stated,,,1966
3.0,0.03481,0.0006962,None kPa,N/A,16531,['C'],A,Not Stated,not stated,,,1966
3.1,0.03811,0.0007622,None kPa,N/A,16531,['C'],A,Not Stated,not stated,,,1966
3.19,0.03992,0.0007984,None kPa,N/A,16531,['C'],A,Not Stated,not stated,,,1966
3.28,0.04374,0.0008748,None kPa,N/A,16531,['C'],A,Not Stated,not stated,,,1966
3.39,0.0474,0.000948,None kPa,N/A,16531,['C'],A,Not Stated,not stated,,,1966
3.49,0.05075,0.001015,None kPa,N/A,16531,['C'],A,Not Stated,not stated,,,1966
3.57,0.05376,0.0010752,None kPa,N/A,16531,['C'],A,Not Stated,not stated,,,1966
3.65,0.05671,0.0011342,None kPa,N/A,16531,['C'],A,Not Stated,not stated,,,1966
3.75,0.06139,0.0012278,None kPa,N/A,16531,['C'],A,Not Stated,not stated,,,1966
3.82,0.06301,0.0012602,None kPa,N/A,16531,['C'],A,Not Stated,not stated,,,1966
3.9,0.06611,0.0013222,None kPa,N/A,16531,['C'],A,Not Stated,not stated,,,1966
3.97,0.06999,0.0013998,None kPa,N/A,16531,['C'],A,Not Stated,not stated,,,1966
4.04,0.07221,0.0014442,None kPa,N/A,16531,['C'],A,Not Stated,not stated,,,1966
4.1,0.0753,0.001506,None kPa,N/A,16531,['C'],A,Not Stated,not stated,,,1966
4.16,0.07739,0.0015478,None kPa,N/A,16531,['C'],A,Not Stated,not stated,,,1966
4.22,0.08072,0.0016144,None kPa,N/A,16531,['C'],A,Not Stated,not stated,,,1966
4.28,0.08536,0.0017072,None kPa,N/A,16531,['C'],A,Not Stated,not stated,,,1966
4.34,0.08648,0.0017296,None kPa,N/A,16531,['C'],A,Not Stated,not stated,,,1966
4.39,0.08985,0.001797,None kPa,N/A,16531,['C'],A,Not Stated,not stated,,,1966
4.44,0.09172,0.0018344,None kPa,N/A,16531,['C'],A,Not Stated,not stated,,,1966
4.49,0.09554,0.0019108,None kPa,N/A,16531,['C'],A,Not Stated,not stated,,,1966
4.54,0.10388,0.0020776,None kPa,N/A,16531,['C'],A,Not Stated,not stated,,,1966
4.6,0.11493,0.0022986,None kPa,N/A,16531,['C'],A,Not Stated,not stated,,,1966
4.66,0.13757,0.0027514,None kPa,N/A,16531,['C'],A,Not Stated,not stated,,,1966
4.81,0.16846,0.0033692,None kPa,N/A,16531,['C'],A,Not Stated,not stated,,,1966
4.85,0.15908,0.0031816,None kPa,N/A,16531,['C'],A,Not Stated,not stated,,,1966
4.89,0.15441,0.0030882,None kPa,N/A,16531,['C'],A,Not Stated,not stated,,,1966
4.93,0.15028,0.0030056,None kPa,N/A,16531,['C'],A,Not Stated,not stated,,,1966
4.97,0.14628,0.0029256,None kPa,N/A,16531,['C'],A,Not Stated,not stated,,,1966
320.0,24.6,0.492,107.991 kPa,N/A,17733,['C'],A,High Temp Adiabatic Calorimetry,not stated,,,1968
341.3,25.1,0.502,None kPa,N/A,17733,['C'],A,High Temp Adiabatic Calorimetry,not stated,,,1968
366.5,25.46,0.5092,None kPa,N/A,17733,['C'],A,High Temp Adiabatic Calorimetry,not stated,,,1968
391.7,25.78,0.5156,None kPa,N/A,17733,['C'],A,High Temp Adiabatic Calorimetry,not stated,,,1968
429.6,26.11,0.5222,None kPa,N/A,17733,['C'],A,High Temp Adiabatic Calorimetry,not stated,,,1968
462.9,26.37,0.5274,None kPa,N/A,17733,['C'],A,High Temp Adiabatic Calorimetry,not stated,,,1968
499.6,26.59,0.5318,None kPa,N/A,17733,['C'],A,High Temp Adiabatic Calorimetry,not stated,,,1968
539.9,26.79,0.5358,None kPa,N/A,17733,['C'],A,High Temp Adiabatic Calorimetry,not stated,,,1968
580.1,27.0,0.54,None kPa,N/A,17733,['C'],A,High Temp Adiabatic Calorimetry,not stated,,,1968
631.9,27.26,0.5452,None kPa,N/A,17733,['C'],A,High Temp Adiabatic Calorimetry,not stated,,,1968
682.4,27.61,0.5522,None kPa,N/A,17733,['C'],A,High Temp Adiabatic Calorimetry,not stated,,,1968
731.8,27.95,0.559,None kPa,N/A,17733,['C'],A,High Temp Adiabatic Calorimetry,not stated,,,1968
777.8,28.32,0.5664,None kPa,N/A,17733,['C'],A,High Temp Adiabatic Calorimetry,not stated,,,1968
819.1,28.69,0.5738,None kPa,N/A,17733,['C'],A,High Temp Adiabatic Calorimetry,not stated,,,1968
857.0,29.01,0.5802,None kPa,N/A,17733,['C'],A,High Temp Adiabatic Calorimetry,not stated,,,1968
900.6,29.38,0.5876,None kPa,N/A,17733,['C'],A,High Temp Adiabatic Calorimetry,not stated,,,1968
948.8,29.8,0.596,None kPa,N/A,17733,['C'],A,High Temp Adiabatic Calorimetry,not stated,,,1968
989.0,30.15,0.603,None kPa,N/A,17733,['C'],A,High Temp Adiabatic Calorimetry,not stated,,,1968
1042.0,30.59,0.6118,None kPa,N/A,17733,['C'],A,High Temp Adiabatic Calorimetry,not stated,,,1968
1080.0,30.94,0.6188,None kPa,N/A,17733,['C'],A,High Temp Adiabatic Calorimetry,not stated,,,1968
1126.0,31.34,0.6268,None kPa,N/A,17733,['C'],A,High Temp Adiabatic Calorimetry,not stated,,,1968
1172.0,31.74,0.6348,None kPa,N/A,17733,['C'],A,High Temp Adiabatic Calorimetry,not stated,,,1968
1209.0,32.07,0.6414,None kPa,N/A,17733,['C'],A,High Temp Adiabatic Calorimetry,not stated,,,1968
1245.0,32.36,0.6472,None kPa,N/A,17733,['C'],A,High Temp Adiabatic Calorimetry,not stated,,,1968
1283.0,32.69,0.6538,None kPa,N/A,17733,['C'],A,High Temp Adiabatic Calorimetry,not stated,,,1968
1321.0,33.03,0.6606,None kPa,N/A,17733,['C'],A,High Temp Adiabatic Calorimetry,not stated,,,1968
1362.0,33.39,0.6678,None kPa,N/A,17733,['C'],A,High Temp Adiabatic Calorimetry,not stated,,,1968
1412.0,33.77,0.6754,None kPa,N/A,17733,['C'],A,High Temp Adiabatic Calorimetry,not stated,,,1968
1462.0,34.15,0.683,None kPa,N/A,17733,['C'],A,High Temp Adiabatic Calorimetry,not stated,,,1968
1517.0,34.5,0.69,None kPa,N/A,17733,['C'],A,High Temp Adiabatic Calorimetry,not stated,,,1968
1572.0,34.82,0.6964,None kPa,N/A,17733,['C'],A,High Temp Adiabatic Calorimetry,not stated,,,1968
1615.0,35.04,0.7008,None kPa,N/A,17733,['C'],A,High Temp Adiabatic Calorimetry,not stated,,,1968
1663.0,35.23,0.7046,None kPa,N/A,17733,['C'],A,High Temp Adiabatic Calorimetry,not stated,,,1968
1710.0,35.39,0.7078,None kPa,N/A,17733,['C'],A,High Temp Adiabatic Calorimetry,not stated,,,1968
1750.0,35.51,0.7102,None kPa,N/A,17733,['C'],A,High Temp Adiabatic Calorimetry,not stated,,,1968
1788.0,35.55,0.711,None kPa,N/A,17733,['C'],A,High Temp Adiabatic Calorimetry,not stated,,,1968
2.0,0.01919,0.00016,None kPa,N/A,19184,['C'],A,Vacuum adiabatic calorimetry,"origin: commercial source,99.7 weight % (total),stated by supplier",99.7,Weight %,1970
2.75,0.02674,0.00019,None kPa,N/A,19184,['C'],A,Vacuum adiabatic calorimetry,"origin: commercial source,99.7 weight % (total),stated by supplier",99.7,Weight %,1970
3.5,0.03463,0.00024,None kPa,N/A,19184,['C'],A,Vacuum adiabatic calorimetry,"origin: commercial source,99.7 weight % (total),stated by supplier",99.7,Weight %,1970
4.25,0.04295,0.00028,None kPa,N/A,19184,['C'],A,Vacuum adiabatic calorimetry,"origin: commercial source,99.7 weight % (total),stated by supplier",99.7,Weight %,1970
5.0,0.05179,0.00032,None kPa,N/A,19184,['C'],A,Vacuum adiabatic calorimetry,"origin: commercial source,99.7 weight % (total),stated by supplier",99.7,Weight %,1970
5.75,0.06123,0.00037,None kPa,N/A,19184,['C'],A,Vacuum adiabatic calorimetry,"origin: commercial source,99.7 weight % (total),stated by supplier",99.7,Weight %,1970
6.5,0.07139,0.00041,None kPa,N/A,19184,['C'],A,Vacuum adiabatic calorimetry,"origin: commercial source,99.7 weight % (total),stated by supplier",99.7,Weight %,1970
7.25,0.08234,0.00046,None kPa,N/A,19184,['C'],A,Vacuum adiabatic calorimetry,"origin: commercial source,99.7 weight % (total),stated by supplier",99.7,Weight %,1970
8.0,0.09418,0.00051,None kPa,N/A,19184,['C'],A,Vacuum adiabatic calorimetry,"origin: commercial source,99.7 weight % (total),stated by supplier",99.7,Weight %,1970
8.75,0.10699,0.00055,None kPa,N/A,19184,['C'],A,Vacuum adiabatic calorimetry,"origin: commercial source,99.7 weight % (total),stated by supplier",99.7,Weight %,1970
9.5,0.12088,0.0006,None kPa,N/A,19184,['C'],A,Vacuum adiabatic calorimetry,"origin: commercial source,99.7 weight % (total),stated by supplier",99.7,Weight %,1970
10.25,0.13593,0.00065,None kPa,N/A,19184,['C'],A,Vacuum adiabatic calorimetry,"origin: commercial source,99.7 weight % (total),stated by supplier",99.7,Weight %,1970
11.0,0.15224,0.0007,None kPa,N/A,19184,['C'],A,Vacuum adiabatic calorimetry,"origin: commercial source,99.7 weight % (total),stated by supplier",99.7,Weight %,1970
11.75,0.16989,0.00075,None kPa,N/A,19184,['C'],A,Vacuum adiabatic calorimetry,"origin: commercial source,99.7 weight % (total),stated by supplier",99.7,Weight %,1970
12.5,0.18899,0.0008,None kPa,N/A,19184,['C'],A,Vacuum adiabatic calorimetry,"origin: commercial source,99.7 weight % (total),stated by supplier",99.7,Weight %,1970
13.25,0.20961,0.00085,None kPa,N/A,19184,['C'],A,Vacuum adiabatic calorimetry,"origin: commercial source,99.7 weight % (total),stated by supplier",99.7,Weight %,1970
14.0,0.23185,0.0009,None kPa,N/A,19184,['C'],A,Vacuum adiabatic calorimetry,"origin: commercial source,99.7 weight % (total),stated by supplier",99.7,Weight %,1970
14.75,0.25581,0.00095,None kPa,N/A,19184,['C'],A,Vacuum adiabatic calorimetry,"origin: commercial source,99.7 weight % (total),stated by supplier",99.7,Weight %,1970
15.0,0.2642,0.00096,None kPa,N/A,19184,['C'],A,Vacuum adiabatic calorimetry,"origin: commercial source,99.7 weight % (total),stated by supplier",99.7,Weight %,1970
5.77287,0.0610296,0.00122059,None kPa,N/A,19980,['C'],A,Vacuum adiabatic calorimetry,"origin: commercial source,99.96 % (total),chemical analysis,chunk",99.96,Not Specified %,1971
5.92301,0.0634798,0.0012696,None kPa,N/A,19980,['C'],A,Vacuum adiabatic calorimetry,"origin: commercial source,99.96 % (total),chemical analysis,chunk",99.96,Not Specified %,1971
6.08186,0.0649713,0.00129943,None kPa,N/A,19980,['C'],A,Vacuum adiabatic calorimetry,"origin: commercial source,99.96 % (total),chemical analysis,chunk",99.96,Not Specified %,1971
6.23626,0.06753,0.0013506,None kPa,N/A,19980,['C'],A,Vacuum adiabatic calorimetry,"origin: commercial source,99.96 % (total),chemical analysis,chunk",99.96,Not Specified %,1971
6.32985,0.0680003,0.00136001,None kPa,N/A,19980,['C'],A,Vacuum adiabatic calorimetry,"origin: commercial source,99.96 % (total),chemical analysis,chunk",99.96,Not Specified %,1971
6.5598,0.071858,0.00143716,None kPa,N/A,19980,['C'],A,Vacuum adiabatic calorimetry,"origin: commercial source,99.96 % (total),chemical analysis,chunk",99.96,Not Specified %,1971
6.62367,0.0728014,0.00145603,None kPa,N/A,19980,['C'],A,Vacuum adiabatic calorimetry,"origin: commercial source,99.96 % (total),chemical analysis,chunk",99.96,Not Specified %,1971
6.73328,0.0745966,0.00149193,None kPa,N/A,19980,['C'],A,Vacuum adiabatic calorimetry,"origin: commercial source,99.96 % (total),chemical analysis,chunk",99.96,Not Specified %,1971
6.79301,0.0748209,0.00149642,None kPa,N/A,19980,['C'],A,Vacuum adiabatic calorimetry,"origin: commercial source,99.96 % (total),chemical analysis,chunk",99.96,Not Specified %,1971
7.03399,0.0786604,0.00157321,None kPa,N/A,19980,['C'],A,Vacuum adiabatic calorimetry,"origin: commercial source,99.96 % (total),chemical analysis,chunk",99.96,Not Specified %,1971
7.06527,0.0788081,0.00157616,None kPa,N/A,19980,['C'],A,Vacuum adiabatic calorimetry,"origin: commercial source,99.96 % (total),chemical analysis,chunk",99.96,Not Specified %,1971
7.28732,0.0819335,0.00163867,None kPa,N/A,19980,['C'],A,Vacuum adiabatic calorimetry,"origin: commercial source,99.96 % (total),chemical analysis,chunk",99.96,Not Specified %,1971
7.32482,0.0828869,0.00165774,None kPa,N/A,19980,['C'],A,Vacuum adiabatic calorimetry,"origin: commercial source,99.96 % (total),chemical analysis,chunk",99.96,Not Specified %,1971
7.66198,0.088335,0.0017667,None kPa,N/A,19980,['C'],A,Vacuum adiabatic calorimetry,"origin: commercial source,99.96 % (total),chemical analysis,chunk",99.96,Not Specified %,1971
7.78049,0.09061,0.0018122,None kPa,N/A,19980,['C'],A,Vacuum adiabatic calorimetry,"origin: commercial source,99.96 % (total),chemical analysis,chunk",99.96,Not Specified %,1971
7.96649,0.0939441,0.00187888,None kPa,N/A,19980,['C'],A,Vacuum adiabatic calorimetry,"origin: commercial source,99.96 % (total),chemical analysis,chunk",99.96,Not Specified %,1971
8.03075,0.0943597,0.00188719,None kPa,N/A,19980,['C'],A,Vacuum adiabatic calorimetry,"origin: commercial source,99.96 % (total),chemical analysis,chunk",99.96,Not Specified %,1971
8.22435,0.0983164,0.00196633,None kPa,N/A,19980,['C'],A,Vacuum adiabatic calorimetry,"origin: commercial source,99.96 % (total),chemical analysis,chunk",99.96,Not Specified %,1971
8.55611,0.103923,0.00207847,None kPa,N/A,19980,['C'],A,Vacuum adiabatic calorimetry,"origin: commercial source,99.96 % (total),chemical analysis,chunk",99.96,Not Specified %,1971
8.87964,0.109684,0.00219368,None kPa,N/A,19980,['C'],A,Vacuum adiabatic calorimetry,"origin: commercial source,99.96 % (total),chemical analysis,chunk",99.96,Not Specified %,1971
9.15975,0.115295,0.00230589,None kPa,N/A,19980,['C'],A,Vacuum adiabatic calorimetry,"origin: commercial source,99.96 % (total),chemical analysis,chunk",99.96,Not Specified %,1971
9.51667,0.121894,0.00243789,None kPa,N/A,19980,['C'],A,Vacuum adiabatic calorimetry,"origin: commercial source,99.96 % (total),chemical analysis,chunk",99.96,Not Specified %,1971
9.61234,0.124105,0.0024821,None kPa,N/A,19980,['C'],A,Vacuum adiabatic calorimetry,"origin: commercial source,99.96 % (total),chemical analysis,chunk",99.96,Not Specified %,1971
9.87907,0.130154,0.00260308,None kPa,N/A,19980,['C'],A,Vacuum adiabatic calorimetry,"origin: commercial source,99.96 % (total),chemical analysis,chunk",99.96,Not Specified %,1971
10.2763,0.13775,0.002755,None kPa,N/A,19980,['C'],A,Vacuum adiabatic calorimetry,"origin: commercial source,99.96 % (total),chemical analysis,chunk",99.96,Not Specified %,1971
10.4189,0.141864,0.00283728,None kPa,N/A,19980,['C'],A,Vacuum adiabatic calorimetry,"origin: commercial source,99.96 % (total),chemical analysis,chunk",99.96,Not Specified %,1971
10.7374,0.148891,0.00297781,None kPa,N/A,19980,['C'],A,Vacuum adiabatic calorimetry,"origin: commercial source,99.96 % (total),chemical analysis,chunk",99.96,Not Specified %,1971
10.8294,0.150773,0.00301547,None kPa,N/A,19980,['C'],A,Vacuum adiabatic calorimetry,"origin: commercial source,99.96 % (total),chemical analysis,chunk",99.96,Not Specified %,1971
11.1939,0.159274,0.00318548,None kPa,N/A,19980,['C'],A,Vacuum adiabatic calorimetry,"origin: commercial source,99.96 % (total),chemical analysis,chunk",99.96,Not Specified %,1971
11.2884,0.16156,0.0032312,None kPa,N/A,19980,['C'],A,Vacuum adiabatic calorimetry,"origin: commercial source,99.96 % (total),chemical analysis,chunk",99.96,Not Specified %,1971
11.702,0.170221,0.00340443,None kPa,N/A,19980,['C'],A,Vacuum adiabatic calorimetry,"origin: commercial source,99.96 % (total),chemical analysis,chunk",99.96,Not Specified %,1971
11.7785,0.172637,0.00345274,None kPa,N/A,19980,['C'],A,Vacuum adiabatic calorimetry,"origin: commercial source,99.96 % (total),chemical analysis,chunk",99.96,Not Specified %,1971
12.2037,0.183955,0.00367911,None kPa,N/A,19980,['C'],A,Vacuum adiabatic calorimetry,"origin: commercial source,99.96 % (total),chemical analysis,chunk",99.96,Not Specified %,1971
12.3089,0.189148,0.00378296,None kPa,N/A,19980,['C'],A,Vacuum adiabatic calorimetry,"origin: commercial source,99.96 % (total),chemical analysis,chunk",99.96,Not Specified %,1971
12.7057,0.198573,0.00397146,None kPa,N/A,19980,['C'],A,Vacuum adiabatic calorimetry,"origin: commercial source,99.96 % (total),chemical analysis,chunk",99.96,Not Specified %,1971
12.8284,0.202972,0.00405943,None kPa,N/A,19980,['C'],A,Vacuum adiabatic calorimetry,"origin: commercial source,99.96 % (total),chemical analysis,chunk",99.96,Not Specified %,1971
13.2427,0.214327,0.00428654,None kPa,N/A,19980,['C'],A,Vacuum adiabatic calorimetry,"origin: commercial source,99.96 % (total),chemical analysis,chunk",99.96,Not Specified %,1971
13.4192,0.218696,0.00437392,None kPa,N/A,19980,['C'],A,Vacuum adiabatic calorimetry,"origin: commercial source,99.96 % (total),chemical analysis,chunk",99.96,Not Specified %,1971
13.8626,0.229323,0.00458646,None kPa,N/A,19980,['C'],A,Vacuum adiabatic calorimetry,"origin: commercial source,99.96 % (total),chemical analysis,chunk",99.96,Not Specified %,1971
14.0802,0.241439,0.00482878,None kPa,N/A,19980,['C'],A,Vacuum adiabatic calorimetry,"origin: commercial source,99.96 % (total),chemical analysis,chunk",99.96,Not Specified %,1971
14.5477,0.255157,0.00510315,None kPa,N/A,19980,['C'],A,Vacuum adiabatic calorimetry,"origin: commercial source,99.96 % (total),chemical analysis,chunk",99.96,Not Specified %,1971
1.59437,0.00518057,0.000103611,None kPa,N/A,19981,['C'],A,Vacuum adiabatic calorimetry,"origin: commercial source,99.96 % (total),chemical analysis,chunk",99.96,Not Specified %,1971
1.67899,0.00645,0.000129,None kPa,N/A,19981,['C'],A,Vacuum adiabatic calorimetry,"origin: commercial source,99.96 % (total),chemical analysis,chunk",99.96,Not Specified %,1971
1.86199,0.00802778,0.000160556,None kPa,N/A,19981,['C'],A,Vacuum adiabatic calorimetry,"origin: commercial source,99.96 % (total),chemical analysis,chunk",99.96,Not Specified %,1971
1.91572,0.00943552,0.00018871,None kPa,N/A,19981,['C'],A,Vacuum adiabatic calorimetry,"origin: commercial source,99.96 % (total),chemical analysis,chunk",99.96,Not Specified %,1971
1.94936,0.0108542,0.000217085,None kPa,N/A,19981,['C'],A,Vacuum adiabatic calorimetry,"origin: commercial source,99.96 % (total),chemical analysis,chunk",99.96,Not Specified %,1971
2.08111,0.0130612,0.000261225,None kPa,N/A,19981,['C'],A,Vacuum adiabatic calorimetry,"origin: commercial source,99.96 % (total),chemical analysis,chunk",99.96,Not Specified %,1971
2.36157,0.0181486,0.000362973,None kPa,N/A,19981,['C'],A,Vacuum adiabatic calorimetry,"origin: commercial source,99.96 % (total),chemical analysis,chunk",99.96,Not Specified %,1971
2.52646,0.0229746,0.000459492,None kPa,N/A,19981,['C'],A,Vacuum adiabatic calorimetry,"origin: commercial source,99.96 % (total),chemical analysis,chunk",99.96,Not Specified %,1971
2.65066,0.0257323,0.000514647,None kPa,N/A,19981,['C'],A,Vacuum adiabatic calorimetry,"origin: commercial source,99.96 % (total),chemical analysis,chunk",99.96,Not Specified %,1971
2.74244,0.0286045,0.00057209,None kPa,N/A,19981,['C'],A,Vacuum adiabatic calorimetry,"origin: commercial source,99.96 % (total),chemical analysis,chunk",99.96,Not Specified %,1971
2.85044,0.0317698,0.000635397,None kPa,N/A,19981,['C'],A,Vacuum adiabatic calorimetry,"origin: commercial source,99.96 % (total),chemical analysis,chunk",99.96,Not Specified %,1971
2.92387,0.0343204,0.000686407,None kPa,N/A,19981,['C'],A,Vacuum adiabatic calorimetry,"origin: commercial source,99.96 % (total),chemical analysis,chunk",99.96,Not Specified %,1971
3.07929,0.038459,0.000769181,None kPa,N/A,19981,['C'],A,Vacuum adiabatic calorimetry,"origin: commercial source,99.96 % (total),chemical analysis,chunk",99.96,Not Specified %,1971
3.13576,0.0410217,0.000820434,None kPa,N/A,19981,['C'],A,Vacuum adiabatic calorimetry,"origin: commercial source,99.96 % (total),chemical analysis,chunk",99.96,Not Specified %,1971
3.30893,0.0458465,0.00091693,None kPa,N/A,19981,['C'],A,Vacuum adiabatic calorimetry,"origin: commercial source,99.96 % (total),chemical analysis,chunk",99.96,Not Specified %,1971
3.4628,0.0507564,0.00101513,None kPa,N/A,19981,['C'],A,Vacuum adiabatic calorimetry,"origin: commercial source,99.96 % (total),chemical analysis,chunk",99.96,Not Specified %,1971
3.62464,0.0566911,0.00113382,None kPa,N/A,19981,['C'],A,Vacuum adiabatic calorimetry,"origin: commercial source,99.96 % (total),chemical analysis,chunk",99.96,Not Specified %,1971
3.83158,0.0648012,0.00129602,None kPa,N/A,19981,['C'],A,Vacuum adiabatic calorimetry,"origin: commercial source,99.96 % (total),chemical analysis,chunk",99.96,Not Specified %,1971
3.97417,0.0706595,0.00141319,None kPa,N/A,19981,['C'],A,Vacuum adiabatic calorimetry,"origin: commercial source,99.96 % (total),chemical analysis,chunk",99.96,Not Specified %,1971
4.11655,0.0765535,0.00153107,None kPa,N/A,19981,['C'],A,Vacuum adiabatic calorimetry,"origin: commercial source,99.96 % (total),chemical analysis,chunk",99.96,Not Specified %,1971
4.32863,0.0814405,0.00162881,None kPa,N/A,19981,['C'],A,Vacuum adiabatic calorimetry,"origin: commercial source,99.96 % (total),chemical analysis,chunk",99.96,Not Specified %,1971
4.54885,0.089696,0.00179392,None kPa,N/A,19981,['C'],A,Vacuum adiabatic calorimetry,"origin: commercial source,99.96 % (total),chemical analysis,chunk",99.96,Not Specified %,1971
4.72684,0.0929727,0.00185945,None kPa,N/A,19981,['C'],A,Vacuum adiabatic calorimetry,"origin: commercial source,99.96 % (total),chemical analysis,chunk",99.96,Not Specified %,1971
4.88027,0.101457,0.00202915,None kPa,N/A,19981,['C'],A,Vacuum adiabatic calorimetry,"origin: commercial source,99.96 % (total),chemical analysis,chunk",99.96,Not Specified %,1971
5.17368,0.104169,0.00208338,None kPa,N/A,19981,['C'],A,Vacuum adiabatic calorimetry,"origin: commercial source,99.96 % (total),chemical analysis,chunk",99.96,Not Specified %,1971
2.29406,0.0223987,0.000447974,None kPa,N/A,19982,['C'],A,Vacuum adiabatic calorimetry,"origin: commercial source,99.96 % (total),chemical analysis,chunk",99.96,Not Specified %,1971
2.39969,0.0234305,0.000468611,None kPa,N/A,19982,['C'],A,Vacuum adiabatic calorimetry,"origin: commercial source,99.96 % (total),chemical analysis,chunk",99.96,Not Specified %,1971
2.46558,0.0241731,0.000483461,None kPa,N/A,19982,['C'],A,Vacuum adiabatic calorimetry,"origin: commercial source,99.96 % (total),chemical analysis,chunk",99.96,Not Specified %,1971
2.84452,0.028053,0.000561059,None kPa,N/A,19982,['C'],A,Vacuum adiabatic calorimetry,"origin: commercial source,99.96 % (total),chemical analysis,chunk",99.96,Not Specified %,1971
2.90539,0.028637,0.00057274,None kPa,N/A,19982,['C'],A,Vacuum adiabatic calorimetry,"origin: commercial source,99.96 % (total),chemical analysis,chunk",99.96,Not Specified %,1971
3.26461,0.0323295,0.000646589,None kPa,N/A,19982,['C'],A,Vacuum adiabatic calorimetry,"origin: commercial source,99.96 % (total),chemical analysis,chunk",99.96,Not Specified %,1971
3.39594,0.0337865,0.000675731,None kPa,N/A,19982,['C'],A,Vacuum adiabatic calorimetry,"origin: commercial source,99.96 % (total),chemical analysis,chunk",99.96,Not Specified %,1971
3.52654,0.0351275,0.000702551,None kPa,N/A,19982,['C'],A,Vacuum adiabatic calorimetry,"origin: commercial source,99.96 % (total),chemical analysis,chunk",99.96,Not Specified %,1971
3.68825,0.0367394,0.000734788,None kPa,N/A,19982,['C'],A,Vacuum adiabatic calorimetry,"origin: commercial source,99.96 % (total),chemical analysis,chunk",99.96,Not Specified %,1971
3.85829,0.0385231,0.000770462,None kPa,N/A,19982,['C'],A,Vacuum adiabatic calorimetry,"origin: commercial source,99.96 % (total),chemical analysis,chunk",99.96,Not Specified %,1971
3.94052,0.0395482,0.000790965,None kPa,N/A,19982,['C'],A,Vacuum adiabatic calorimetry,"origin: commercial source,99.96 % (total),chemical analysis,chunk",99.96,Not Specified %,1971
3.99565,0.0401479,0.000802957,None kPa,N/A,19982,['C'],A,Vacuum adiabatic calorimetry,"origin: commercial source,99.96 % (total),chemical analysis,chunk",99.96,Not Specified %,1971
4.05719,0.04086,0.000817199,None kPa,N/A,19982,['C'],A,Vacuum adiabatic calorimetry,"origin: commercial source,99.96 % (total),chemical analysis,chunk",99.96,Not Specified %,1971
4.22278,0.0424077,0.000848155,None kPa,N/A,19982,['C'],A,Vacuum adiabatic calorimetry,"origin: commercial source,99.96 % (total),chemical analysis,chunk",99.96,Not Specified %,1971
4.37204,0.0442594,0.000885189,None kPa,N/A,19982,['C'],A,Vacuum adiabatic calorimetry,"origin: commercial source,99.96 % (total),chemical analysis,chunk",99.96,Not Specified %,1971
4.53891,0.046315,0.000926301,None kPa,N/A,19982,['C'],A,Vacuum adiabatic calorimetry,"origin: commercial source,99.96 % (total),chemical analysis,chunk",99.96,Not Specified %,1971
4.5932,0.0469228,0.000938455,None kPa,N/A,19982,['C'],A,Vacuum adiabatic calorimetry,"origin: commercial source,99.96 % (total),chemical analysis,chunk",99.96,Not Specified %,1971
4.74926,0.048764,0.00097528,None kPa,N/A,19982,['C'],A,Vacuum adiabatic calorimetry,"origin: commercial source,99.96 % (total),chemical analysis,chunk",99.96,Not Specified %,1971
4.79511,0.0491528,0.000983056,None kPa,N/A,19982,['C'],A,Vacuum adiabatic calorimetry,"origin: commercial source,99.96 % (total),chemical analysis,chunk",99.96,Not Specified %,1971
5.22018,0.0545044,0.00109009,None kPa,N/A,19982,['C'],A,Vacuum adiabatic calorimetry,"origin: commercial source,99.96 % (total),chemical analysis,chunk",99.96,Not Specified %,1971
5.40301,0.0572168,0.00114434,None kPa,N/A,19982,['C'],A,Vacuum adiabatic calorimetry,"origin: commercial source,99.96 % (total),chemical analysis,chunk",99.96,Not Specified %,1971
5.54319,0.0584835,0.00116967,None kPa,N/A,19982,['C'],A,Vacuum adiabatic calorimetry,"origin: commercial source,99.96 % (total),chemical analysis,chunk",99.96,Not Specified %,1971
5.64169,0.0601562,0.00120312,None kPa,N/A,19982,['C'],A,Vacuum adiabatic calorimetry,"origin: commercial source,99.96 % (total),chemical analysis,chunk",99.96,Not Specified %,1971
5.9143,0.0639554,0.00127911,None kPa,N/A,19982,['C'],A,Vacuum adiabatic calorimetry,"origin: commercial source,99.96 % (total),chemical analysis,chunk",99.96,Not Specified %,1971
6.08424,0.0662696,0.00132539,None kPa,N/A,19982,['C'],A,Vacuum adiabatic calorimetry,"origin: commercial source,99.96 % (total),chemical analysis,chunk",99.96,Not Specified %,1971
6.17862,0.0675001,0.00135,None kPa,N/A,19982,['C'],A,Vacuum adiabatic calorimetry,"origin: commercial source,99.96 % (total),chemical analysis,chunk",99.96,Not Specified %,1971
6.22455,0.0673123,0.00134625,None kPa,N/A,19982,['C'],A,Vacuum adiabatic calorimetry,"origin: commercial source,99.96 % (total),chemical analysis,chunk",99.96,Not Specified %,1971
6.32115,0.0679979,0.00135996,None kPa,N/A,19982,['C'],A,Vacuum adiabatic calorimetry,"origin: commercial source,99.96 % (total),chemical analysis,chunk",99.96,Not Specified %,1971
6.42137,0.0704264,0.00140853,None kPa,N/A,19982,['C'],A,Vacuum adiabatic calorimetry,"origin: commercial source,99.96 % (total),chemical analysis,chunk",99.96,Not Specified %,1971
6.57389,0.0715864,0.00143173,None kPa,N/A,19982,['C'],A,Vacuum adiabatic calorimetry,"origin: commercial source,99.96 % (total),chemical analysis,chunk",99.96,Not Specified %,1971
6.61816,0.0726925,0.00145385,None kPa,N/A,19982,['C'],A,Vacuum adiabatic calorimetry,"origin: commercial source,99.96 % (total),chemical analysis,chunk",99.96,Not Specified %,1971
6.69231,0.0742364,0.00148473,None kPa,N/A,19982,['C'],A,Vacuum adiabatic calorimetry,"origin: commercial source,99.96 % (total),chemical analysis,chunk",99.96,Not Specified %,1971
6.7604,0.0749965,0.00149993,None kPa,N/A,19982,['C'],A,Vacuum adiabatic calorimetry,"origin: commercial source,99.96 % (total),chemical analysis,chunk",99.96,Not Specified %,1971
6.79021,0.0753293,0.00150659,None kPa,N/A,19982,['C'],A,Vacuum adiabatic calorimetry,"origin: commercial source,99.96 % (total),chemical analysis,chunk",99.96,Not Specified %,1971
7.02873,0.0787028,0.00157406,None kPa,N/A,19982,['C'],A,Vacuum adiabatic calorimetry,"origin: commercial source,99.96 % (total),chemical analysis,chunk",99.96,Not Specified %,1971
7.07828,0.0786984,0.00157397,None kPa,N/A,19982,['C'],A,Vacuum adiabatic calorimetry,"origin: commercial source,99.96 % (total),chemical analysis,chunk",99.96,Not Specified %,1971
7.27722,0.0817138,0.00163428,None kPa,N/A,19982,['C'],A,Vacuum adiabatic calorimetry,"origin: commercial source,99.96 % (total),chemical analysis,chunk",99.96,Not Specified %,1971
7.32475,0.0832033,0.00166407,None kPa,N/A,19982,['C'],A,Vacuum adiabatic calorimetry,"origin: commercial source,99.96 % (total),chemical analysis,chunk",99.96,Not Specified %,1971
7.65722,0.088169,0.00176338,None kPa,N/A,19982,['C'],A,Vacuum adiabatic calorimetry,"origin: commercial source,99.96 % (total),chemical analysis,chunk",99.96,Not Specified %,1971
7.78762,0.0905248,0.0018105,None kPa,N/A,19982,['C'],A,Vacuum adiabatic calorimetry,"origin: commercial source,99.96 % (total),chemical analysis,chunk",99.96,Not Specified %,1971
7.95035,0.0938666,0.00187733,None kPa,N/A,19982,['C'],A,Vacuum adiabatic calorimetry,"origin: commercial source,99.96 % (total),chemical analysis,chunk",99.96,Not Specified %,1971
8.0468,0.0940848,0.0018817,None kPa,N/A,19982,['C'],A,Vacuum adiabatic calorimetry,"origin: commercial source,99.96 % (total),chemical analysis,chunk",99.96,Not Specified %,1971
8.23098,0.0986335,0.00197267,None kPa,N/A,19982,['C'],A,Vacuum adiabatic calorimetry,"origin: commercial source,99.96 % (total),chemical analysis,chunk",99.96,Not Specified %,1971
8.55395,0.104082,0.00208164,None kPa,N/A,19982,['C'],A,Vacuum adiabatic calorimetry,"origin: commercial source,99.96 % (total),chemical analysis,chunk",99.96,Not Specified %,1971
8.88369,0.11012,0.00220239,None kPa,N/A,19982,['C'],A,Vacuum adiabatic calorimetry,"origin: commercial source,99.96 % (total),chemical analysis,chunk",99.96,Not Specified %,1971
9.15778,0.115005,0.00230011,None kPa,N/A,19982,['C'],A,Vacuum adiabatic calorimetry,"origin: commercial source,99.96 % (total),chemical analysis,chunk",99.96,Not Specified %,1971
9.51667,0.121826,0.00243651,None kPa,N/A,19982,['C'],A,Vacuum adiabatic calorimetry,"origin: commercial source,99.96 % (total),chemical analysis,chunk",99.96,Not Specified %,1971
9.61811,0.124041,0.00248082,None kPa,N/A,19982,['C'],A,Vacuum adiabatic calorimetry,"origin: commercial source,99.96 % (total),chemical analysis,chunk",99.96,Not Specified %,1971
9.88656,0.129611,0.00259222,None kPa,N/A,19982,['C'],A,Vacuum adiabatic calorimetry,"origin: commercial source,99.96 % (total),chemical analysis,chunk",99.96,Not Specified %,1971
10.2789,0.13793,0.0027586,None kPa,N/A,19982,['C'],A,Vacuum adiabatic calorimetry,"origin: commercial source,99.96 % (total),chemical analysis,chunk",99.96,Not Specified %,1971
10.4203,0.141882,0.00283764,None kPa,N/A,19982,['C'],A,Vacuum adiabatic calorimetry,"origin: commercial source,99.96 % (total),chemical analysis,chunk",99.96,Not Specified %,1971
10.7268,0.148585,0.0029717,None kPa,N/A,19982,['C'],A,Vacuum adiabatic calorimetry,"origin: commercial source,99.96 % (total),chemical analysis,chunk",99.96,Not Specified %,1971
10.8238,0.150257,0.00300513,None kPa,N/A,19982,['C'],A,Vacuum adiabatic calorimetry,"origin: commercial source,99.96 % (total),chemical analysis,chunk",99.96,Not Specified %,1971
11.1979,0.159319,0.00318638,None kPa,N/A,19982,['C'],A,Vacuum adiabatic calorimetry,"origin: commercial source,99.96 % (total),chemical analysis,chunk",99.96,Not Specified %,1971
11.2842,0.161539,0.00323079,None kPa,N/A,19982,['C'],A,Vacuum adiabatic calorimetry,"origin: commercial source,99.96 % (total),chemical analysis,chunk",99.96,Not Specified %,1971
11.6893,0.170287,0.00340574,None kPa,N/A,19982,['C'],A,Vacuum adiabatic calorimetry,"origin: commercial source,99.96 % (total),chemical analysis,chunk",99.96,Not Specified %,1971
11.7891,0.172443,0.00344887,None kPa,N/A,19982,['C'],A,Vacuum adiabatic calorimetry,"origin: commercial source,99.96 % (total),chemical analysis,chunk",99.96,Not Specified %,1971
12.2043,0.184067,0.00368134,None kPa,N/A,19982,['C'],A,Vacuum adiabatic calorimetry,"origin: commercial source,99.96 % (total),chemical analysis,chunk",99.96,Not Specified %,1971
12.3086,0.189396,0.00378793,None kPa,N/A,19982,['C'],A,Vacuum adiabatic calorimetry,"origin: commercial source,99.96 % (total),chemical analysis,chunk",99.96,Not Specified %,1971
12.7113,0.198899,0.00397797,None kPa,N/A,19982,['C'],A,Vacuum adiabatic calorimetry,"origin: commercial source,99.96 % (total),chemical analysis,chunk",99.96,Not Specified %,1971
12.8231,0.202897,0.00405794,None kPa,N/A,19982,['C'],A,Vacuum adiabatic calorimetry,"origin: commercial source,99.96 % (total),chemical analysis,chunk",99.96,Not Specified %,1971
13.2446,0.21455,0.00429099,None kPa,N/A,19982,['C'],A,Vacuum adiabatic calorimetry,"origin: commercial source,99.96 % (total),chemical analysis,chunk",99.96,Not Specified %,1971
13.4177,0.218853,0.00437706,None kPa,N/A,19982,['C'],A,Vacuum adiabatic calorimetry,"origin: commercial source,99.96 % (total),chemical analysis,chunk",99.96,Not Specified %,1971
13.8663,0.229396,0.00458791,None kPa,N/A,19982,['C'],A,Vacuum adiabatic calorimetry,"origin: commercial source,99.96 % (total),chemical analysis,chunk",99.96,Not Specified %,1971
14.0809,0.241548,0.00483095,None kPa,N/A,19982,['C'],A,Vacuum adiabatic calorimetry,"origin: commercial source,99.96 % (total),chemical analysis,chunk",99.96,Not Specified %,1971
14.5479,0.255374,0.00510747,None kPa,N/A,19982,['C'],A,Vacuum adiabatic calorimetry,"origin: commercial source,99.96 % (total),chemical analysis,chunk",99.96,Not Specified %,1971
1.6279,0.004038,2e-05,None kPa,N/A,20972,['C'],A,Adiabatic calorimeter (non-vacuum) ,not stated,,,1973
1.6853,0.004899,2.4e-05,None kPa,N/A,20972,['C'],A,Adiabatic calorimeter (non-vacuum) ,not stated,,,1973
1.7628,0.005633,2.8e-05,None kPa,N/A,20972,['C'],A,Adiabatic calorimeter (non-vacuum) ,not stated,,,1973
1.8,0.006661,3.3e-05,None kPa,N/A,20972,['C'],A,Adiabatic calorimeter (non-vacuum) ,not stated,,,1973
1.8778,0.007684,3.8e-05,None kPa,N/A,20972,['C'],A,Adiabatic calorimeter (non-vacuum) ,not stated,,,1973
1.9078,0.008517,4.3e-05,None kPa,N/A,20972,['C'],A,Adiabatic calorimeter (non-vacuum) ,not stated,,,1973
1.93,0.009203,4.6e-05,None kPa,N/A,20972,['C'],A,Adiabatic calorimeter (non-vacuum) ,not stated,,,1973
1.998,0.01029,5.1e-05,None kPa,N/A,20972,['C'],A,Adiabatic calorimeter (non-vacuum) ,not stated,,,1973
2.059,0.011613,5.8e-05,None kPa,N/A,20972,['C'],A,Adiabatic calorimeter (non-vacuum) ,not stated,,,1973
2.154,0.013509,6.8e-05,None kPa,N/A,20972,['C'],A,Adiabatic calorimeter (non-vacuum) ,not stated,,,1973
2.1934,0.014423,7.2e-05,None kPa,N/A,20972,['C'],A,Adiabatic calorimeter (non-vacuum) ,not stated,,,1973
2.2186,0.015488,7.7e-05,None kPa,N/A,20972,['C'],A,Adiabatic calorimeter (non-vacuum) ,not stated,,,1973
2.2876,0.016662,8.3e-05,None kPa,N/A,20972,['C'],A,Adiabatic calorimeter (non-vacuum) ,not stated,,,1973
2.3914,0.018115,9.1e-05,None kPa,N/A,20972,['C'],A,Adiabatic calorimeter (non-vacuum) ,not stated,,,1973
2.4399,0.019496,9.7e-05,None kPa,N/A,20972,['C'],A,Adiabatic calorimeter (non-vacuum) ,not stated,,,1973
2.4566,0.020834,0.000104,None kPa,N/A,20972,['C'],A,Adiabatic calorimeter (non-vacuum) ,not stated,,,1973
2.5279,0.022785,0.000114,None kPa,N/A,20972,['C'],A,Adiabatic calorimeter (non-vacuum) ,not stated,,,1973
2.8051,0.029042,0.000145,None kPa,N/A,20972,['C'],A,Adiabatic calorimeter (non-vacuum) ,not stated,,,1973
2.8212,0.030031,0.00015,None kPa,N/A,20972,['C'],A,Adiabatic calorimeter (non-vacuum) ,not stated,,,1973
2.8557,0.03172,0.000159,None kPa,N/A,20972,['C'],A,Adiabatic calorimeter (non-vacuum) ,not stated,,,1973
2.9716,0.034379,0.000172,None kPa,N/A,20972,['C'],A,Adiabatic calorimeter (non-vacuum) ,not stated,,,1973
3.0357,0.037764,0.000189,None kPa,N/A,20972,['C'],A,Adiabatic calorimeter (non-vacuum) ,not stated,,,1973
3.2127,0.043773,0.000219,None kPa,N/A,20972,['C'],A,Adiabatic calorimeter (non-vacuum) ,not stated,,,1973
3.2318,0.042511,0.000213,None kPa,N/A,20972,['C'],A,Adiabatic calorimeter (non-vacuum) ,not stated,,,1973
3.4032,0.04828,0.000241,None kPa,N/A,20972,['C'],A,Adiabatic calorimeter (non-vacuum) ,not stated,,,1973
3.5748,0.054839,0.000274,None kPa,N/A,20972,['C'],A,Adiabatic calorimeter (non-vacuum) ,not stated,,,1973
3.6788,0.062871,0.000314,None kPa,N/A,20972,['C'],A,Adiabatic calorimeter (non-vacuum) ,not stated,,,1973
3.7089,0.061478,0.000307,None kPa,N/A,20972,['C'],A,Adiabatic calorimeter (non-vacuum) ,not stated,,,1973
3.7798,0.064414,0.000322,None kPa,N/A,20972,['C'],A,Adiabatic calorimeter (non-vacuum) ,not stated,,,1973
3.8035,0.067526,0.000338,None kPa,N/A,20972,['C'],A,Adiabatic calorimeter (non-vacuum) ,not stated,,,1973
3.9165,0.072207,0.000361,None kPa,N/A,20972,['C'],A,Adiabatic calorimeter (non-vacuum) ,not stated,,,1973
3.9167,0.069744,0.000349,None kPa,N/A,20972,['C'],A,Adiabatic calorimeter (non-vacuum) ,not stated,,,1973
3.976,0.075421,0.000377,None kPa,N/A,20972,['C'],A,Adiabatic calorimeter (non-vacuum) ,not stated,,,1973
4.0319,0.077044,0.000385,None kPa,N/A,20972,['C'],A,Adiabatic calorimeter (non-vacuum) ,not stated,,,1973
4.1772,0.081955,0.00041,None kPa,N/A,20972,['C'],A,Adiabatic calorimeter (non-vacuum) ,not stated,,,1973
4.2695,0.087549,0.000438,None kPa,N/A,20972,['C'],A,Adiabatic calorimeter (non-vacuum) ,not stated,,,1973
4.2925,0.089238,0.000446,None kPa,N/A,20972,['C'],A,Adiabatic calorimeter (non-vacuum) ,not stated,,,1973
4.3555,0.093527,0.000468,None kPa,N/A,20972,['C'],A,Adiabatic calorimeter (non-vacuum) ,not stated,,,1973
4.406,0.093458,0.000467,None kPa,N/A,20972,['C'],A,Adiabatic calorimeter (non-vacuum) ,not stated,,,1973
4.4995,0.10067,0.0005,None kPa,N/A,20972,['C'],A,Adiabatic calorimeter (non-vacuum) ,not stated,,,1973
4.5724,0.1021,0.00051,None kPa,N/A,20972,['C'],A,Adiabatic calorimeter (non-vacuum) ,not stated,,,1973
4.6782,0.10764,0.00054,None kPa,N/A,20972,['C'],A,Adiabatic calorimeter (non-vacuum) ,not stated,,,1973
4.7103,0.11179,0.00056,None kPa,N/A,20972,['C'],A,Adiabatic calorimeter (non-vacuum) ,not stated,,,1973
4.7209,0.11018,0.00055,None kPa,N/A,20972,['C'],A,Adiabatic calorimeter (non-vacuum) ,not stated,,,1973
4.8728,0.1186,0.00059,None kPa,N/A,20972,['C'],A,Adiabatic calorimeter (non-vacuum) ,not stated,,,1973
4.943,0.12467,0.00062,None kPa,N/A,20972,['C'],A,Adiabatic calorimeter (non-vacuum) ,not stated,,,1973
5.1194,0.13435,0.00269,None kPa,N/A,20972,['C'],A,Adiabatic calorimeter (non-vacuum) ,not stated,,,1973
5.174,0.13672,0.00273,None kPa,N/A,20972,['C'],A,Adiabatic calorimeter (non-vacuum) ,not stated,,,1973
5.2624,0.057067,0.00114134,None kPa,N/A,20973,['C'],A,Adiabatic calorimeter (non-vacuum) ,not stated,,,1973
5.4246,0.058145,0.0011629,None kPa,N/A,20973,['C'],A,Adiabatic calorimeter (non-vacuum) ,not stated,,,1973
5.5347,0.061375,0.0012275,None kPa,N/A,20973,['C'],A,Adiabatic calorimeter (non-vacuum) ,not stated,,,1973
5.9056,0.066486,0.00132972,None kPa,N/A,20973,['C'],A,Adiabatic calorimeter (non-vacuum) ,not stated,,,1973
6.2584,0.071086,0.00142172,None kPa,N/A,20973,['C'],A,Adiabatic calorimeter (non-vacuum) ,not stated,,,1973
6.3398,0.070508,0.00141016,None kPa,N/A,20973,['C'],A,Adiabatic calorimeter (non-vacuum) ,not stated,,,1973
6.5995,0.077046,0.00154092,None kPa,N/A,20973,['C'],A,Adiabatic calorimeter (non-vacuum) ,not stated,,,1973
6.832,0.079455,0.0015891,None kPa,N/A,20973,['C'],A,Adiabatic calorimeter (non-vacuum) ,not stated,,,1973
7.0589,0.083439,0.00166878,None kPa,N/A,20973,['C'],A,Adiabatic calorimeter (non-vacuum) ,not stated,,,1973
7.4388,0.088587,0.00177174,None kPa,N/A,20973,['C'],A,Adiabatic calorimeter (non-vacuum) ,not stated,,,1973
7.6939,0.092102,0.00184204,None kPa,N/A,20973,['C'],A,Adiabatic calorimeter (non-vacuum) ,not stated,,,1973
1.9217,0.019194,9.6e-05,None kPa,N/A,20974,['C'],A,Adiabatic calorimeter (non-vacuum) ,not stated,,,1973
2.1472,0.02135,0.000107,None kPa,N/A,20974,['C'],A,Adiabatic calorimeter (non-vacuum) ,not stated,,,1973
2.3124,0.022447,0.000112,None kPa,N/A,20974,['C'],A,Adiabatic calorimeter (non-vacuum) ,not stated,,,1973
2.3225,0.023621,0.000118,None kPa,N/A,20974,['C'],A,Adiabatic calorimeter (non-vacuum) ,not stated,,,1973
2.4442,0.024312,0.000122,None kPa,N/A,20974,['C'],A,Adiabatic calorimeter (non-vacuum) ,not stated,,,1973
2.6228,0.026182,0.000131,None kPa,N/A,20974,['C'],A,Adiabatic calorimeter (non-vacuum) ,not stated,,,1973
2.818,0.028091,0.00014,None kPa,N/A,20974,['C'],A,Adiabatic calorimeter (non-vacuum) ,not stated,,,1973
2.9334,0.029672,0.000148,None kPa,N/A,20974,['C'],A,Adiabatic calorimeter (non-vacuum) ,not stated,,,1973
3.0681,0.031201,0.000156,None kPa,N/A,20974,['C'],A,Adiabatic calorimeter (non-vacuum) ,not stated,,,1973
3.3538,0.034116,0.000171,None kPa,N/A,20974,['C'],A,Adiabatic calorimeter (non-vacuum) ,not stated,,,1973
3.4425,0.035228,0.000176,None kPa,N/A,20974,['C'],A,Adiabatic calorimeter (non-vacuum) ,not stated,,,1973
3.6136,0.036993,0.000185,None kPa,N/A,20974,['C'],A,Adiabatic calorimeter (non-vacuum) ,not stated,,,1973
3.7091,0.038608,0.000193,None kPa,N/A,20974,['C'],A,Adiabatic calorimeter (non-vacuum) ,not stated,,,1973
3.8575,0.040121,0.000201,None kPa,N/A,20974,['C'],A,Adiabatic calorimeter (non-vacuum) ,not stated,,,1973
3.9882,0.041449,0.000207,None kPa,N/A,20974,['C'],A,Adiabatic calorimeter (non-vacuum) ,not stated,,,1973
4.1644,0.043526,0.000218,None kPa,N/A,20974,['C'],A,Adiabatic calorimeter (non-vacuum) ,not stated,,,1973
4.3417,0.045637,0.000228,None kPa,N/A,20974,['C'],A,Adiabatic calorimeter (non-vacuum) ,not stated,,,1973
4.4921,0.046291,0.000231,None kPa,N/A,20974,['C'],A,Adiabatic calorimeter (non-vacuum) ,not stated,,,1973
4.6944,0.049173,0.000246,None kPa,N/A,20974,['C'],A,Adiabatic calorimeter (non-vacuum) ,not stated,,,1973
4.9885,0.052414,0.000262,None kPa,N/A,20974,['C'],A,Adiabatic calorimeter (non-vacuum) ,not stated,,,1973
5.1491,0.0559,0.001118,None kPa,N/A,20974,['C'],A,Adiabatic calorimeter (non-vacuum) ,not stated,,,1973
5.365,0.057394,0.001148,None kPa,N/A,20974,['C'],A,Adiabatic calorimeter (non-vacuum) ,not stated,,,1973
5.7029,0.063331,0.001267,None kPa,N/A,20974,['C'],A,Adiabatic calorimeter (non-vacuum) ,not stated,,,1973
5.9697,0.067551,0.001351,None kPa,N/A,20974,['C'],A,Adiabatic calorimeter (non-vacuum) ,not stated,,,1973
6.2972,0.073042,0.001461,None kPa,N/A,20974,['C'],A,Adiabatic calorimeter (non-vacuum) ,not stated,,,1973
6.5278,0.076449,0.001529,None kPa,N/A,20974,['C'],A,Adiabatic calorimeter (non-vacuum) ,not stated,,,1973
1000.0,31.631,3.1631,None kPa,N/A,21034,['C'],A,Modulated Laser Heating,"not stated,99.72 % (total),,rod",99.72,Not Specified %,1973
1100.0,32.5097,3.25097,None kPa,N/A,21034,['C'],A,Modulated Laser Heating,"not stated,99.72 % (total),,rod",99.72,Not Specified %,1973
1200.0,33.3465,3.33465,None kPa,N/A,21034,['C'],A,Modulated Laser Heating,"not stated,99.72 % (total),,rod",99.72,Not Specified %,1973
1300.0,34.2251,3.42251,None kPa,N/A,21034,['C'],A,Modulated Laser Heating,"not stated,99.72 % (total),,rod",99.72,Not Specified %,1973
1400.0,35.0619,3.50619,None kPa,N/A,21034,['C'],A,Modulated Laser Heating,"not stated,99.72 % (total),,rod",99.72,Not Specified %,1973
1500.0,35.9406,3.59406,None kPa,N/A,21034,['C'],A,Modulated Laser Heating,"not stated,99.72 % (total),,rod",99.72,Not Specified %,1973
1600.0,36.7774,3.67774,None kPa,N/A,21034,['C'],A,Modulated Laser Heating,"not stated,99.72 % (total),,rod",99.72,Not Specified %,1973
1700.0,37.656,3.7656,None kPa,N/A,21034,['C'],A,Modulated Laser Heating,"not stated,99.72 % (total),,rod",99.72,Not Specified %,1973
1800.0,38.4928,3.84928,None kPa,N/A,21034,['C'],A,Modulated Laser Heating,"not stated,99.72 % (total),,rod",99.72,Not Specified %,1973
1900.0,39.3714,3.93714,None kPa,N/A,21034,['C'],A,Modulated Laser Heating,"not stated,99.72 % (total),,rod",99.72,Not Specified %,1973
1500.0,33.48,1.0044,1.33322e-06 kPa,N/A,21485,['C'],A,Resistive pulse heating - millisecond,"origin: synthesized by others,99.9 % (total),stated by supplier,rod",99.9,Not Specified %,1974
1550.0,34.5,1.035,None kPa,N/A,21485,['C'],A,Resistive pulse heating - millisecond,"origin: synthesized by others,99.9 % (total),stated by supplier,rod",99.9,Not Specified %,1974
1600.0,35.32,1.0596,None kPa,N/A,21485,['C'],A,Resistive pulse heating - millisecond,"origin: synthesized by others,99.9 % (total),stated by supplier,rod",99.9,Not Specified %,1974
1650.0,35.88,1.0764,None kPa,N/A,21485,['C'],A,Resistive pulse heating - millisecond,"origin: synthesized by others,99.9 % (total),stated by supplier,rod",99.9,Not Specified %,1974
1700.0,35.81,1.0743,None kPa,N/A,21485,['C'],A,Resistive pulse heating - millisecond,"origin: synthesized by others,99.9 % (total),stated by supplier,rod",99.9,Not Specified %,1974
1750.0,37.2,1.116,None kPa,N/A,21485,['C'],A,Resistive pulse heating - millisecond,"origin: synthesized by others,99.9 % (total),stated by supplier,rod",99.9,Not Specified %,1974
1800.0,38.26,1.1478,None kPa,N/A,21485,['C'],A,Resistive pulse heating - millisecond,"origin: synthesized by others,99.9 % (total),stated by supplier,rod",99.9,Not Specified %,1974
1850.0,38.61,1.1583,None kPa,N/A,21485,['C'],A,Resistive pulse heating - millisecond,"origin: synthesized by others,99.9 % (total),stated by supplier,rod",99.9,Not Specified %,1974
1900.0,39.71,1.1913,None kPa,N/A,21485,['C'],A,Resistive pulse heating - millisecond,"origin: synthesized by others,99.9 % (total),stated by supplier,rod",99.9,Not Specified %,1974
1950.0,40.8,1.224,None kPa,N/A,21485,['C'],A,Resistive pulse heating - millisecond,"origin: synthesized by others,99.9 % (total),stated by supplier,rod",99.9,Not Specified %,1974
2000.0,41.96,1.2588,None kPa,N/A,21485,['C'],A,Resistive pulse heating - millisecond,"origin: synthesized by others,99.9 % (total),stated by supplier,rod",99.9,Not Specified %,1974
2050.0,42.72,1.2816,None kPa,N/A,21485,['C'],A,Resistive pulse heating - millisecond,"origin: synthesized by others,99.9 % (total),stated by supplier,rod",99.9,Not Specified %,1974
2100.0,45.34,1.3602,None kPa,N/A,21485,['C'],A,Resistive pulse heating - millisecond,"origin: synthesized by others,99.9 % (total),stated by supplier,rod",99.9,Not Specified %,1974
1.449,0.003013,6.026e-05,None kPa,N/A,21616,['C'],A,Vacuum adiabatic calorimetry,"origin: commercial source,99.95 % (total),stated by supplier",99.95,Not Specified %,1974
1.525,0.003742,7.484e-05,None kPa,N/A,21616,['C'],A,Vacuum adiabatic calorimetry,"origin: commercial source,99.95 % (total),stated by supplier",99.95,Not Specified %,1974
1.605,0.004596,9.192e-05,None kPa,N/A,21616,['C'],A,Vacuum adiabatic calorimetry,"origin: commercial source,99.95 % (total),stated by supplier",99.95,Not Specified %,1974
1.733,0.005885,0.0001177,None kPa,N/A,21616,['C'],A,Vacuum adiabatic calorimetry,"origin: commercial source,99.95 % (total),stated by supplier",99.95,Not Specified %,1974
1.76,0.006909,0.00013818,None kPa,N/A,21616,['C'],A,Vacuum adiabatic calorimetry,"origin: commercial source,99.95 % (total),stated by supplier",99.95,Not Specified %,1974
1.839,0.007975,0.0001595,None kPa,N/A,21616,['C'],A,Vacuum adiabatic calorimetry,"origin: commercial source,99.95 % (total),stated by supplier",99.95,Not Specified %,1974
1.896,0.009093,0.00018186,None kPa,N/A,21616,['C'],A,Vacuum adiabatic calorimetry,"origin: commercial source,99.95 % (total),stated by supplier",99.95,Not Specified %,1974
1.97,0.010184,0.00020368,None kPa,N/A,21616,['C'],A,Vacuum adiabatic calorimetry,"origin: commercial source,99.95 % (total),stated by supplier",99.95,Not Specified %,1974
2.003,0.010838,0.00021676,None kPa,N/A,21616,['C'],A,Vacuum adiabatic calorimetry,"origin: commercial source,99.95 % (total),stated by supplier",99.95,Not Specified %,1974
2.07,0.012424,0.00024848,None kPa,N/A,21616,['C'],A,Vacuum adiabatic calorimetry,"origin: commercial source,99.95 % (total),stated by supplier",99.95,Not Specified %,1974
2.143,0.013848,0.00027696,None kPa,N/A,21616,['C'],A,Vacuum adiabatic calorimetry,"origin: commercial source,99.95 % (total),stated by supplier",99.95,Not Specified %,1974
2.209,0.015523,0.00031046,None kPa,N/A,21616,['C'],A,Vacuum adiabatic calorimetry,"origin: commercial source,99.95 % (total),stated by supplier",99.95,Not Specified %,1974
2.267,0.016673,0.00033346,None kPa,N/A,21616,['C'],A,Vacuum adiabatic calorimetry,"origin: commercial source,99.95 % (total),stated by supplier",99.95,Not Specified %,1974
2.314,0.017827,0.00035654,None kPa,N/A,21616,['C'],A,Vacuum adiabatic calorimetry,"origin: commercial source,99.95 % (total),stated by supplier",99.95,Not Specified %,1974
2.357,0.019042,0.00038084,None kPa,N/A,21616,['C'],A,Vacuum adiabatic calorimetry,"origin: commercial source,99.95 % (total),stated by supplier",99.95,Not Specified %,1974
2.399,0.020052,0.00040104,None kPa,N/A,21616,['C'],A,Vacuum adiabatic calorimetry,"origin: commercial source,99.95 % (total),stated by supplier",99.95,Not Specified %,1974
2.475,0.021672,0.00043344,None kPa,N/A,21616,['C'],A,Vacuum adiabatic calorimetry,"origin: commercial source,99.95 % (total),stated by supplier",99.95,Not Specified %,1974
2.564,0.024098,0.00048196,None kPa,N/A,21616,['C'],A,Vacuum adiabatic calorimetry,"origin: commercial source,99.95 % (total),stated by supplier",99.95,Not Specified %,1974
2.624,0.026114,0.00052228,None kPa,N/A,21616,['C'],A,Vacuum adiabatic calorimetry,"origin: commercial source,99.95 % (total),stated by supplier",99.95,Not Specified %,1974
2.682,0.027667,0.00055334,None kPa,N/A,21616,['C'],A,Vacuum adiabatic calorimetry,"origin: commercial source,99.95 % (total),stated by supplier",99.95,Not Specified %,1974
2.743,0.029658,0.00059316,None kPa,N/A,21616,['C'],A,Vacuum adiabatic calorimetry,"origin: commercial source,99.95 % (total),stated by supplier",99.95,Not Specified %,1974
2.852,0.032864,0.00065728,None kPa,N/A,21616,['C'],A,Vacuum adiabatic calorimetry,"origin: commercial source,99.95 % (total),stated by supplier",99.95,Not Specified %,1974
2.952,0.036056,0.00072112,None kPa,N/A,21616,['C'],A,Vacuum adiabatic calorimetry,"origin: commercial source,99.95 % (total),stated by supplier",99.95,Not Specified %,1974
3.037,0.038351,0.00076702,None kPa,N/A,21616,['C'],A,Vacuum adiabatic calorimetry,"origin: commercial source,99.95 % (total),stated by supplier",99.95,Not Specified %,1974
3.103,0.040534,0.00081068,None kPa,N/A,21616,['C'],A,Vacuum adiabatic calorimetry,"origin: commercial source,99.95 % (total),stated by supplier",99.95,Not Specified %,1974
3.18,0.044348,0.00088696,None kPa,N/A,21616,['C'],A,Vacuum adiabatic calorimetry,"origin: commercial source,99.95 % (total),stated by supplier",99.95,Not Specified %,1974
3.225,0.045054,0.00090108,None kPa,N/A,21616,['C'],A,Vacuum adiabatic calorimetry,"origin: commercial source,99.95 % (total),stated by supplier",99.95,Not Specified %,1974
3.298,0.047036,0.00094072,None kPa,N/A,21616,['C'],A,Vacuum adiabatic calorimetry,"origin: commercial source,99.95 % (total),stated by supplier",99.95,Not Specified %,1974
3.362,0.048933,0.00097866,None kPa,N/A,21616,['C'],A,Vacuum adiabatic calorimetry,"origin: commercial source,99.95 % (total),stated by supplier",99.95,Not Specified %,1974
3.451,0.052525,0.0010505,None kPa,N/A,21616,['C'],A,Vacuum adiabatic calorimetry,"origin: commercial source,99.95 % (total),stated by supplier",99.95,Not Specified %,1974
3.492,0.05362,0.0010724,None kPa,N/A,21616,['C'],A,Vacuum adiabatic calorimetry,"origin: commercial source,99.95 % (total),stated by supplier",99.95,Not Specified %,1974
3.554,0.055744,0.00111488,None kPa,N/A,21616,['C'],A,Vacuum adiabatic calorimetry,"origin: commercial source,99.95 % (total),stated by supplier",99.95,Not Specified %,1974
3.601,0.057262,0.00114524,None kPa,N/A,21616,['C'],A,Vacuum adiabatic calorimetry,"origin: commercial source,99.95 % (total),stated by supplier",99.95,Not Specified %,1974
3.661,0.05903,0.0011806,None kPa,N/A,21616,['C'],A,Vacuum adiabatic calorimetry,"origin: commercial source,99.95 % (total),stated by supplier",99.95,Not Specified %,1974
3.73,0.062401,0.00124802,None kPa,N/A,21616,['C'],A,Vacuum adiabatic calorimetry,"origin: commercial source,99.95 % (total),stated by supplier",99.95,Not Specified %,1974
3.786,0.065158,0.00130316,None kPa,N/A,21616,['C'],A,Vacuum adiabatic calorimetry,"origin: commercial source,99.95 % (total),stated by supplier",99.95,Not Specified %,1974
3.857,0.067148,0.00134296,None kPa,N/A,21616,['C'],A,Vacuum adiabatic calorimetry,"origin: commercial source,99.95 % (total),stated by supplier",99.95,Not Specified %,1974
3.882,0.067908,0.00135816,None kPa,N/A,21616,['C'],A,Vacuum adiabatic calorimetry,"origin: commercial source,99.95 % (total),stated by supplier",99.95,Not Specified %,1974
3.944,0.071713,0.00143426,None kPa,N/A,21616,['C'],A,Vacuum adiabatic calorimetry,"origin: commercial source,99.95 % (total),stated by supplier",99.95,Not Specified %,1974
3.992,0.074611,0.00149222,None kPa,N/A,21616,['C'],A,Vacuum adiabatic calorimetry,"origin: commercial source,99.95 % (total),stated by supplier",99.95,Not Specified %,1974
4.061,0.077438,0.00154876,None kPa,N/A,21616,['C'],A,Vacuum adiabatic calorimetry,"origin: commercial source,99.95 % (total),stated by supplier",99.95,Not Specified %,1974
4.135,0.080757,0.00161514,None kPa,N/A,21616,['C'],A,Vacuum adiabatic calorimetry,"origin: commercial source,99.95 % (total),stated by supplier",99.95,Not Specified %,1974
4.192,0.08365,0.001673,None kPa,N/A,21616,['C'],A,Vacuum adiabatic calorimetry,"origin: commercial source,99.95 % (total),stated by supplier",99.95,Not Specified %,1974
4.268,0.087545,0.0017509,None kPa,N/A,21616,['C'],A,Vacuum adiabatic calorimetry,"origin: commercial source,99.95 % (total),stated by supplier",99.95,Not Specified %,1974
4.319,0.090634,0.00181268,None kPa,N/A,21616,['C'],A,Vacuum adiabatic calorimetry,"origin: commercial source,99.95 % (total),stated by supplier",99.95,Not Specified %,1974
4.398,0.094855,0.0018971,None kPa,N/A,21616,['C'],A,Vacuum adiabatic calorimetry,"origin: commercial source,99.95 % (total),stated by supplier",99.95,Not Specified %,1974
4.452,0.098276,0.00196552,None kPa,N/A,21616,['C'],A,Vacuum adiabatic calorimetry,"origin: commercial source,99.95 % (total),stated by supplier",99.95,Not Specified %,1974
4.538,0.10211,0.0020422,None kPa,N/A,21616,['C'],A,Vacuum adiabatic calorimetry,"origin: commercial source,99.95 % (total),stated by supplier",99.95,Not Specified %,1974
4.604,0.105948,0.00211896,None kPa,N/A,21616,['C'],A,Vacuum adiabatic calorimetry,"origin: commercial source,99.95 % (total),stated by supplier",99.95,Not Specified %,1974
4.657,0.109247,0.00218494,None kPa,N/A,21616,['C'],A,Vacuum adiabatic calorimetry,"origin: commercial source,99.95 % (total),stated by supplier",99.95,Not Specified %,1974
4.719,0.111577,0.00223154,None kPa,N/A,21616,['C'],A,Vacuum adiabatic calorimetry,"origin: commercial source,99.95 % (total),stated by supplier",99.95,Not Specified %,1974
4.769,0.114557,0.00229114,None kPa,N/A,21616,['C'],A,Vacuum adiabatic calorimetry,"origin: commercial source,99.95 % (total),stated by supplier",99.95,Not Specified %,1974
4.785,0.116043,0.00232086,None kPa,N/A,21616,['C'],A,Vacuum adiabatic calorimetry,"origin: commercial source,99.95 % (total),stated by supplier",99.95,Not Specified %,1974
4.826,0.118671,0.00237342,None kPa,N/A,21616,['C'],A,Vacuum adiabatic calorimetry,"origin: commercial source,99.95 % (total),stated by supplier",99.95,Not Specified %,1974
4.888,0.121816,0.00243632,None kPa,N/A,21616,['C'],A,Vacuum adiabatic calorimetry,"origin: commercial source,99.95 % (total),stated by supplier",99.95,Not Specified %,1974
4.915,0.123554,0.00247108,None kPa,N/A,21616,['C'],A,Vacuum adiabatic calorimetry,"origin: commercial source,99.95 % (total),stated by supplier",99.95,Not Specified %,1974
5.004,0.128796,0.00257592,None kPa,N/A,21616,['C'],A,Vacuum adiabatic calorimetry,"origin: commercial source,99.95 % (total),stated by supplier",99.95,Not Specified %,1974
5.049,0.131123,0.00262246,None kPa,N/A,21616,['C'],A,Vacuum adiabatic calorimetry,"origin: commercial source,99.95 % (total),stated by supplier",99.95,Not Specified %,1974
5.086,0.130433,0.00260866,None kPa,N/A,21616,['C'],A,Vacuum adiabatic calorimetry,"origin: commercial source,99.95 % (total),stated by supplier",99.95,Not Specified %,1974
5.116,0.126615,0.0025323,None kPa,N/A,21616,['C'],A,Vacuum adiabatic calorimetry,"origin: commercial source,99.95 % (total),stated by supplier",99.95,Not Specified %,1974
5.137,0.114923,0.00229846,None kPa,N/A,21616,['C'],A,Vacuum adiabatic calorimetry,"origin: commercial source,99.95 % (total),stated by supplier",99.95,Not Specified %,1974
5.165,0.088133,0.00176266,None kPa,N/A,21616,['C'],A,Vacuum adiabatic calorimetry,"origin: commercial source,99.95 % (total),stated by supplier",99.95,Not Specified %,1974
5.176,0.063322,0.00126644,None kPa,N/A,21616,['C'],A,Vacuum adiabatic calorimetry,"origin: commercial source,99.95 % (total),stated by supplier",99.95,Not Specified %,1974
5.202,0.059344,0.00118688,None kPa,N/A,21616,['C'],A,Vacuum adiabatic calorimetry,"origin: commercial source,99.95 % (total),stated by supplier",99.95,Not Specified %,1974
5.275,0.059192,0.00118384,None kPa,N/A,21616,['C'],A,Vacuum adiabatic calorimetry,"origin: commercial source,99.95 % (total),stated by supplier",99.95,Not Specified %,1974
5.327,0.059936,0.00119872,None kPa,N/A,21616,['C'],A,Vacuum adiabatic calorimetry,"origin: commercial source,99.95 % (total),stated by supplier",99.95,Not Specified %,1974
5.382,0.060509,0.00121018,None kPa,N/A,21616,['C'],A,Vacuum adiabatic calorimetry,"origin: commercial source,99.95 % (total),stated by supplier",99.95,Not Specified %,1974
5.441,0.061336,0.00122672,None kPa,N/A,21616,['C'],A,Vacuum adiabatic calorimetry,"origin: commercial source,99.95 % (total),stated by supplier",99.95,Not Specified %,1974
5.497,0.061989,0.00123978,None kPa,N/A,21616,['C'],A,Vacuum adiabatic calorimetry,"origin: commercial source,99.95 % (total),stated by supplier",99.95,Not Specified %,1974
5.636,0.063978,0.00127956,None kPa,N/A,21616,['C'],A,Vacuum adiabatic calorimetry,"origin: commercial source,99.95 % (total),stated by supplier",99.95,Not Specified %,1974
5.655,0.066785,0.0013357,None kPa,N/A,21616,['C'],A,Vacuum adiabatic calorimetry,"origin: commercial source,99.95 % (total),stated by supplier",99.95,Not Specified %,1974
5.761,0.065813,0.00131626,None kPa,N/A,21616,['C'],A,Vacuum adiabatic calorimetry,"origin: commercial source,99.95 % (total),stated by supplier",99.95,Not Specified %,1974
5.83,0.066917,0.00133834,None kPa,N/A,21616,['C'],A,Vacuum adiabatic calorimetry,"origin: commercial source,99.95 % (total),stated by supplier",99.95,Not Specified %,1974
5.891,0.067792,0.00135584,None kPa,N/A,21616,['C'],A,Vacuum adiabatic calorimetry,"origin: commercial source,99.95 % (total),stated by supplier",99.95,Not Specified %,1974
5.954,0.068485,0.0013697,None kPa,N/A,21616,['C'],A,Vacuum adiabatic calorimetry,"origin: commercial source,99.95 % (total),stated by supplier",99.95,Not Specified %,1974
6.055,0.069853,0.00139706,None kPa,N/A,21616,['C'],A,Vacuum adiabatic calorimetry,"origin: commercial source,99.95 % (total),stated by supplier",99.95,Not Specified %,1974
6.089,0.070123,0.00140246,None kPa,N/A,21616,['C'],A,Vacuum adiabatic calorimetry,"origin: commercial source,99.95 % (total),stated by supplier",99.95,Not Specified %,1974
6.132,0.070864,0.00141728,None kPa,N/A,21616,['C'],A,Vacuum adiabatic calorimetry,"origin: commercial source,99.95 % (total),stated by supplier",99.95,Not Specified %,1974
6.157,0.07117,0.0014234,None kPa,N/A,21616,['C'],A,Vacuum adiabatic calorimetry,"origin: commercial source,99.95 % (total),stated by supplier",99.95,Not Specified %,1974
6.216,0.071661,0.00143322,None kPa,N/A,21616,['C'],A,Vacuum adiabatic calorimetry,"origin: commercial source,99.95 % (total),stated by supplier",99.95,Not Specified %,1974
6.259,0.072259,0.00144518,None kPa,N/A,21616,['C'],A,Vacuum adiabatic calorimetry,"origin: commercial source,99.95 % (total),stated by supplier",99.95,Not Specified %,1974
6.356,0.073749,0.00147498,None kPa,N/A,21616,['C'],A,Vacuum adiabatic calorimetry,"origin: commercial source,99.95 % (total),stated by supplier",99.95,Not Specified %,1974
6.4,0.074365,0.0014873,None kPa,N/A,21616,['C'],A,Vacuum adiabatic calorimetry,"origin: commercial source,99.95 % (total),stated by supplier",99.95,Not Specified %,1974
6.441,0.0748,0.001496,None kPa,N/A,21616,['C'],A,Vacuum adiabatic calorimetry,"origin: commercial source,99.95 % (total),stated by supplier",99.95,Not Specified %,1974
6.513,0.076151,0.00152302,None kPa,N/A,21616,['C'],A,Vacuum adiabatic calorimetry,"origin: commercial source,99.95 % (total),stated by supplier",99.95,Not Specified %,1974
6.575,0.077155,0.0015431,None kPa,N/A,21616,['C'],A,Vacuum adiabatic calorimetry,"origin: commercial source,99.95 % (total),stated by supplier",99.95,Not Specified %,1974
6.618,0.077535,0.0015507,None kPa,N/A,21616,['C'],A,Vacuum adiabatic calorimetry,"origin: commercial source,99.95 % (total),stated by supplier",99.95,Not Specified %,1974
6.716,0.078919,0.00157838,None kPa,N/A,21616,['C'],A,Vacuum adiabatic calorimetry,"origin: commercial source,99.95 % (total),stated by supplier",99.95,Not Specified %,1974
6.765,0.079699,0.00159398,None kPa,N/A,21616,['C'],A,Vacuum adiabatic calorimetry,"origin: commercial source,99.95 % (total),stated by supplier",99.95,Not Specified %,1974
6.812,0.08021,0.0016042,None kPa,N/A,21616,['C'],A,Vacuum adiabatic calorimetry,"origin: commercial source,99.95 % (total),stated by supplier",99.95,Not Specified %,1974
6.852,0.080301,0.00160602,None kPa,N/A,21616,['C'],A,Vacuum adiabatic calorimetry,"origin: commercial source,99.95 % (total),stated by supplier",99.95,Not Specified %,1974
6.948,0.08225,0.001645,None kPa,N/A,21616,['C'],A,Vacuum adiabatic calorimetry,"origin: commercial source,99.95 % (total),stated by supplier",99.95,Not Specified %,1974
7.001,0.082834,0.00165668,None kPa,N/A,21616,['C'],A,Vacuum adiabatic calorimetry,"origin: commercial source,99.95 % (total),stated by supplier",99.95,Not Specified %,1974
0.0549,4.6e-07,9.2e-09,None kPa,N/A,21808,['C'],A,Adiabatic calorimeter (non-vacuum) ,"not stated,99.97 mole % (total),spectroscopy,ingot",99.97,Mole %,1974
0.07974,3.83e-07,7.66e-09,None kPa,N/A,21808,['C'],A,Adiabatic calorimeter (non-vacuum) ,"not stated,99.97 mole % (total),spectroscopy,ingot",99.97,Mole %,1974
0.09996,3.54e-07,7.08e-09,None kPa,N/A,21808,['C'],A,Adiabatic calorimeter (non-vacuum) ,"not stated,99.97 mole % (total),spectroscopy,ingot",99.97,Mole %,1974
0.11372,3.25e-07,6.5e-09,None kPa,N/A,21808,['C'],A,Adiabatic calorimeter (non-vacuum) ,"not stated,99.97 mole % (total),spectroscopy,ingot",99.97,Mole %,1974
0.15279,3.85e-07,7.7e-09,None kPa,N/A,21808,['C'],A,Adiabatic calorimeter (non-vacuum) ,"not stated,99.97 mole % (total),spectroscopy,ingot",99.97,Mole %,1974
0.20084,5.8e-07,1.16e-08,None kPa,N/A,21808,['C'],A,Adiabatic calorimeter (non-vacuum) ,"not stated,99.97 mole % (total),spectroscopy,ingot",99.97,Mole %,1974
0.25305,8.3e-07,1.66e-08,None kPa,N/A,21808,['C'],A,Adiabatic calorimeter (non-vacuum) ,"not stated,99.97 mole % (total),spectroscopy,ingot",99.97,Mole %,1974
0.30059,1.22e-06,2.44e-08,None kPa,N/A,21808,['C'],A,Adiabatic calorimeter (non-vacuum) ,"not stated,99.97 mole % (total),spectroscopy,ingot",99.97,Mole %,1974
0.40227,2.45e-06,4.9e-08,None kPa,N/A,21808,['C'],A,Adiabatic calorimeter (non-vacuum) ,"not stated,99.97 mole % (total),spectroscopy,ingot",99.97,Mole %,1974
0.45753,3.44e-06,6.88e-08,None kPa,N/A,21808,['C'],A,Adiabatic calorimeter (non-vacuum) ,"not stated,99.97 mole % (total),spectroscopy,ingot",99.97,Mole %,1974
0.49649,4.37e-06,8.74e-08,None kPa,N/A,21808,['C'],A,Adiabatic calorimeter (non-vacuum) ,"not stated,99.97 mole % (total),spectroscopy,ingot",99.97,Mole %,1974
0.60786,9.67e-06,1.934e-07,None kPa,N/A,21808,['C'],A,Adiabatic calorimeter (non-vacuum) ,"not stated,99.97 mole % (total),spectroscopy,ingot",99.97,Mole %,1974
2.52,0.01922,0.0005766,None kPa,N/A,22927,['C'],A,Low temperature calorimetry set up,"origin: commercial source,99.995 % (total),",99.995,Not Specified %,1977
2.99,0.03358,0.0010074,None kPa,N/A,22927,['C'],A,Low temperature calorimetry set up,"origin: commercial source,99.995 % (total),",99.995,Not Specified %,1977
3.08,0.0366,0.001098,None kPa,N/A,22927,['C'],A,Low temperature calorimetry set up,"origin: commercial source,99.995 % (total),",99.995,Not Specified %,1977
3.15,0.03839,0.0011517,None kPa,N/A,22927,['C'],A,Low temperature calorimetry set up,"origin: commercial source,99.995 % (total),",99.995,Not Specified %,1977
3.26,0.04195,0.0012585,None kPa,N/A,22927,['C'],A,Low temperature calorimetry set up,"origin: commercial source,99.995 % (total),",99.995,Not Specified %,1977
3.27,0.04141,0.0012423,None kPa,N/A,22927,['C'],A,Low temperature calorimetry set up,"origin: commercial source,99.995 % (total),",99.995,Not Specified %,1977
3.38,0.04498,0.0013494,None kPa,N/A,22927,['C'],A,Low temperature calorimetry set up,"origin: commercial source,99.995 % (total),",99.995,Not Specified %,1977
3.43,0.04794,0.0014382,None kPa,N/A,22927,['C'],A,Low temperature calorimetry set up,"origin: commercial source,99.995 % (total),",99.995,Not Specified %,1977
3.47,0.04998,0.0014994,None kPa,N/A,22927,['C'],A,Low temperature calorimetry set up,"origin: commercial source,99.995 % (total),",99.995,Not Specified %,1977
3.58,0.05388,0.0016164,None kPa,N/A,22927,['C'],A,Low temperature calorimetry set up,"origin: commercial source,99.995 % (total),",99.995,Not Specified %,1977
3.67,0.05714,0.0017142,None kPa,N/A,22927,['C'],A,Low temperature calorimetry set up,"origin: commercial source,99.995 % (total),",99.995,Not Specified %,1977
3.82,0.06062,0.0018186,None kPa,N/A,22927,['C'],A,Low temperature calorimetry set up,"origin: commercial source,99.995 % (total),",99.995,Not Specified %,1977
3.93,0.06441,0.0019323,None kPa,N/A,22927,['C'],A,Low temperature calorimetry set up,"origin: commercial source,99.995 % (total),",99.995,Not Specified %,1977
3.94,0.0671,0.002013,None kPa,N/A,22927,['C'],A,Low temperature calorimetry set up,"origin: commercial source,99.995 % (total),",99.995,Not Specified %,1977
4.2,0.07633,0.0022899,None kPa,N/A,22927,['C'],A,Low temperature calorimetry set up,"origin: commercial source,99.995 % (total),",99.995,Not Specified %,1977
4.25,0.07794,0.0023382,None kPa,N/A,22927,['C'],A,Low temperature calorimetry set up,"origin: commercial source,99.995 % (total),",99.995,Not Specified %,1977
4.3,0.07991,0.0023973,None kPa,N/A,22927,['C'],A,Low temperature calorimetry set up,"origin: commercial source,99.995 % (total),",99.995,Not Specified %,1977
4.47,0.0888,0.002664,None kPa,N/A,22927,['C'],A,Low temperature calorimetry set up,"origin: commercial source,99.995 % (total),",99.995,Not Specified %,1977
4.56,0.09167,0.0027501,None kPa,N/A,22927,['C'],A,Low temperature calorimetry set up,"origin: commercial source,99.995 % (total),",99.995,Not Specified %,1977
4.6,0.09322,0.0027966,None kPa,N/A,22927,['C'],A,Low temperature calorimetry set up,"origin: commercial source,99.995 % (total),",99.995,Not Specified %,1977
4.68,0.09646,0.0028938,None kPa,N/A,22927,['C'],A,Low temperature calorimetry set up,"origin: commercial source,99.995 % (total),",99.995,Not Specified %,1977
4.72,0.09872,0.0029616,None kPa,N/A,22927,['C'],A,Low temperature calorimetry set up,"origin: commercial source,99.995 % (total),",99.995,Not Specified %,1977
4.74,0.10011,0.0030033,None kPa,N/A,22927,['C'],A,Low temperature calorimetry set up,"origin: commercial source,99.995 % (total),",99.995,Not Specified %,1977
4.79,0.10338,0.0031014,None kPa,N/A,22927,['C'],A,Low temperature calorimetry set up,"origin: commercial source,99.995 % (total),",99.995,Not Specified %,1977
4.87,0.10637,0.0031911,None kPa,N/A,22927,['C'],A,Low temperature calorimetry set up,"origin: commercial source,99.995 % (total),",99.995,Not Specified %,1977
4.98,0.11262,0.0033786,None kPa,N/A,22927,['C'],A,Low temperature calorimetry set up,"origin: commercial source,99.995 % (total),",99.995,Not Specified %,1977
5.01,0.1147,0.003441,None kPa,N/A,22927,['C'],A,Low temperature calorimetry set up,"origin: commercial source,99.995 % (total),",99.995,Not Specified %,1977
5.04,0.1112,0.003336,None kPa,N/A,22927,['C'],A,Low temperature calorimetry set up,"origin: commercial source,99.995 % (total),",99.995,Not Specified %,1977
5.06,0.11679,0.0035037,None kPa,N/A,22927,['C'],A,Low temperature calorimetry set up,"origin: commercial source,99.995 % (total),",99.995,Not Specified %,1977
5.14,0.12103,0.0036309,None kPa,N/A,22927,['C'],A,Low temperature calorimetry set up,"origin: commercial source,99.995 % (total),",99.995,Not Specified %,1977
5.26,0.12681,0.0038043,None kPa,N/A,22927,['C'],A,Low temperature calorimetry set up,"origin: commercial source,99.995 % (total),",99.995,Not Specified %,1977
5.31,0.12905,0.0038715,None kPa,N/A,22927,['C'],A,Low temperature calorimetry set up,"origin: commercial source,99.995 % (total),",99.995,Not Specified %,1977
5.36,0.13155,0.0039465,None kPa,N/A,22927,['C'],A,Low temperature calorimetry set up,"origin: commercial source,99.995 % (total),",99.995,Not Specified %,1977
5.39,0.13355,0.0040065,None kPa,N/A,22927,['C'],A,Low temperature calorimetry set up,"origin: commercial source,99.995 % (total),",99.995,Not Specified %,1977
5.44,0.13594,0.0040782,None kPa,N/A,22927,['C'],A,Low temperature calorimetry set up,"origin: commercial source,99.995 % (total),",99.995,Not Specified %,1977
5.07,0.11569,0.0034707,None kPa,N/A,22927,['C'],A,Low temperature calorimetry set up,"origin: commercial source,99.995 % (total),",99.995,Not Specified %,1977
5.09,0.11214,0.0033642,None kPa,N/A,22927,['C'],A,Low temperature calorimetry set up,"origin: commercial source,99.995 % (total),",99.995,Not Specified %,1977
5.12,0.11779,0.0035337,None kPa,N/A,22927,['C'],A,Low temperature calorimetry set up,"origin: commercial source,99.995 % (total),",99.995,Not Specified %,1977
5.2,0.12207,0.0036621,None kPa,N/A,22927,['C'],A,Low temperature calorimetry set up,"origin: commercial source,99.995 % (total),",99.995,Not Specified %,1977
5.32,0.12789,0.0038367,None kPa,N/A,22927,['C'],A,Low temperature calorimetry set up,"origin: commercial source,99.995 % (total),",99.995,Not Specified %,1977
5.37,0.13014,0.0039042,None kPa,N/A,22927,['C'],A,Low temperature calorimetry set up,"origin: commercial source,99.995 % (total),",99.995,Not Specified %,1977
5.42,0.13265,0.0039795,None kPa,N/A,22927,['C'],A,Low temperature calorimetry set up,"origin: commercial source,99.995 % (total),",99.995,Not Specified %,1977
5.46,0.13467,0.0040401,None kPa,N/A,22927,['C'],A,Low temperature calorimetry set up,"origin: commercial source,99.995 % (total),",99.995,Not Specified %,1977
5.5,0.13708,0.0041124,None kPa,N/A,22927,['C'],A,Low temperature calorimetry set up,"origin: commercial source,99.995 % (total),",99.995,Not Specified %,1977
1.55461,0.0031911,9.5733e-05,None kPa,N/A,23447,['C'],A,Vacuum adiabatic calorimetry,"origin: commercial source,99.96 % (total),,chunk",99.96,Not Specified %,1979
1.56227,0.0037446,0.000112338,None kPa,N/A,23447,['C'],A,Vacuum adiabatic calorimetry,"origin: commercial source,99.96 % (total),,chunk",99.96,Not Specified %,1979
1.61703,0.0042395,0.000127185,None kPa,N/A,23447,['C'],A,Vacuum adiabatic calorimetry,"origin: commercial source,99.96 % (total),,chunk",99.96,Not Specified %,1979
1.67604,0.0047591,0.000142773,None kPa,N/A,23447,['C'],A,Vacuum adiabatic calorimetry,"origin: commercial source,99.96 % (total),,chunk",99.96,Not Specified %,1979
1.69077,0.0051849,0.000155547,None kPa,N/A,23447,['C'],A,Vacuum adiabatic calorimetry,"origin: commercial source,99.96 % (total),,chunk",99.96,Not Specified %,1979
1.71645,0.0055831,0.000167493,None kPa,N/A,23447,['C'],A,Vacuum adiabatic calorimetry,"origin: commercial source,99.96 % (total),,chunk",99.96,Not Specified %,1979
1.75431,0.0060752,0.000182256,None kPa,N/A,23447,['C'],A,Vacuum adiabatic calorimetry,"origin: commercial source,99.96 % (total),,chunk",99.96,Not Specified %,1979
1.81868,0.0067742,0.000203226,None kPa,N/A,23447,['C'],A,Vacuum adiabatic calorimetry,"origin: commercial source,99.96 % (total),,chunk",99.96,Not Specified %,1979
1.85108,0.0074745,0.000224235,None kPa,N/A,23447,['C'],A,Vacuum adiabatic calorimetry,"origin: commercial source,99.96 % (total),,chunk",99.96,Not Specified %,1979
1.89079,0.0083051,0.000249153,None kPa,N/A,23447,['C'],A,Vacuum adiabatic calorimetry,"origin: commercial source,99.96 % (total),,chunk",99.96,Not Specified %,1979
1.90426,0.0088923,0.000266769,None kPa,N/A,23447,['C'],A,Vacuum adiabatic calorimetry,"origin: commercial source,99.96 % (total),,chunk",99.96,Not Specified %,1979
1.97342,0.0099463,0.000298389,None kPa,N/A,23447,['C'],A,Vacuum adiabatic calorimetry,"origin: commercial source,99.96 % (total),,chunk",99.96,Not Specified %,1979
2.07495,0.0111294,0.000333882,None kPa,N/A,23447,['C'],A,Vacuum adiabatic calorimetry,"origin: commercial source,99.96 % (total),,chunk",99.96,Not Specified %,1979
2.14977,0.0120752,0.000362256,None kPa,N/A,23447,['C'],A,Vacuum adiabatic calorimetry,"origin: commercial source,99.96 % (total),,chunk",99.96,Not Specified %,1979
2.17513,0.0131154,0.000393462,None kPa,N/A,23447,['C'],A,Vacuum adiabatic calorimetry,"origin: commercial source,99.96 % (total),,chunk",99.96,Not Specified %,1979
2.24404,0.0148221,0.000444663,None kPa,N/A,23447,['C'],A,Vacuum adiabatic calorimetry,"origin: commercial source,99.96 % (total),,chunk",99.96,Not Specified %,1979
2.37236,0.0175512,0.000526536,None kPa,N/A,23447,['C'],A,Vacuum adiabatic calorimetry,"origin: commercial source,99.96 % (total),,chunk",99.96,Not Specified %,1979
2.43419,0.0191452,0.000574356,None kPa,N/A,23447,['C'],A,Vacuum adiabatic calorimetry,"origin: commercial source,99.96 % (total),,chunk",99.96,Not Specified %,1979
2.49365,0.0207731,0.000623193,None kPa,N/A,23447,['C'],A,Vacuum adiabatic calorimetry,"origin: commercial source,99.96 % (total),,chunk",99.96,Not Specified %,1979
2.51937,0.0217391,0.000652173,None kPa,N/A,23447,['C'],A,Vacuum adiabatic calorimetry,"origin: commercial source,99.96 % (total),,chunk",99.96,Not Specified %,1979
2.59958,0.0237458,0.000712374,None kPa,N/A,23447,['C'],A,Vacuum adiabatic calorimetry,"origin: commercial source,99.96 % (total),,chunk",99.96,Not Specified %,1979
2.66141,0.0253981,0.000761943,None kPa,N/A,23447,['C'],A,Vacuum adiabatic calorimetry,"origin: commercial source,99.96 % (total),,chunk",99.96,Not Specified %,1979
2.69944,0.026417,0.00079251,None kPa,N/A,23447,['C'],A,Vacuum adiabatic calorimetry,"origin: commercial source,99.96 % (total),,chunk",99.96,Not Specified %,1979
2.73874,0.0275441,0.000826323,None kPa,N/A,23447,['C'],A,Vacuum adiabatic calorimetry,"origin: commercial source,99.96 % (total),,chunk",99.96,Not Specified %,1979
2.79578,0.0292347,0.000877041,None kPa,N/A,23447,['C'],A,Vacuum adiabatic calorimetry,"origin: commercial source,99.96 % (total),,chunk",99.96,Not Specified %,1979
2.91865,0.0326979,0.000980937,None kPa,N/A,23447,['C'],A,Vacuum adiabatic calorimetry,"origin: commercial source,99.96 % (total),,chunk",99.96,Not Specified %,1979
3.07954,0.0377845,0.00113353,None kPa,N/A,23447,['C'],A,Vacuum adiabatic calorimetry,"origin: commercial source,99.96 % (total),,chunk",99.96,Not Specified %,1979
3.26238,0.044017,0.00132051,None kPa,N/A,23447,['C'],A,Vacuum adiabatic calorimetry,"origin: commercial source,99.96 % (total),,chunk",99.96,Not Specified %,1979
3.44504,0.0507637,0.00152291,None kPa,N/A,23447,['C'],A,Vacuum adiabatic calorimetry,"origin: commercial source,99.96 % (total),,chunk",99.96,Not Specified %,1979
3.63072,0.0576779,0.00173034,None kPa,N/A,23447,['C'],A,Vacuum adiabatic calorimetry,"origin: commercial source,99.96 % (total),,chunk",99.96,Not Specified %,1979
3.84472,0.0666221,0.00199866,None kPa,N/A,23447,['C'],A,Vacuum adiabatic calorimetry,"origin: commercial source,99.96 % (total),,chunk",99.96,Not Specified %,1979
4.07523,0.0759541,0.00227862,None kPa,N/A,23447,['C'],A,Vacuum adiabatic calorimetry,"origin: commercial source,99.96 % (total),,chunk",99.96,Not Specified %,1979
4.14366,0.0793109,0.00237933,None kPa,N/A,23447,['C'],A,Vacuum adiabatic calorimetry,"origin: commercial source,99.96 % (total),,chunk",99.96,Not Specified %,1979
4.29909,0.0860868,0.0025826,None kPa,N/A,23447,['C'],A,Vacuum adiabatic calorimetry,"origin: commercial source,99.96 % (total),,chunk",99.96,Not Specified %,1979
4.41256,0.0913996,0.00274199,None kPa,N/A,23447,['C'],A,Vacuum adiabatic calorimetry,"origin: commercial source,99.96 % (total),,chunk",99.96,Not Specified %,1979
4.45186,0.0935947,0.00280784,None kPa,N/A,23447,['C'],A,Vacuum adiabatic calorimetry,"origin: commercial source,99.96 % (total),,chunk",99.96,Not Specified %,1979
4.54782,0.0981134,0.0029434,None kPa,N/A,23447,['C'],A,Vacuum adiabatic calorimetry,"origin: commercial source,99.96 % (total),,chunk",99.96,Not Specified %,1979
4.67959,0.104552,0.00313657,None kPa,N/A,23447,['C'],A,Vacuum adiabatic calorimetry,"origin: commercial source,99.96 % (total),,chunk",99.96,Not Specified %,1979
4.73381,0.107487,0.00322462,None kPa,N/A,23447,['C'],A,Vacuum adiabatic calorimetry,"origin: commercial source,99.96 % (total),,chunk",99.96,Not Specified %,1979
4.83126,0.111349,0.00334047,None kPa,N/A,23447,['C'],A,Vacuum adiabatic calorimetry,"origin: commercial source,99.96 % (total),,chunk",99.96,Not Specified %,1979
4.95871,0.118531,0.00355593,None kPa,N/A,23447,['C'],A,Vacuum adiabatic calorimetry,"origin: commercial source,99.96 % (total),,chunk",99.96,Not Specified %,1979
5.05003,0.123239,0.00369718,None kPa,N/A,23447,['C'],A,Vacuum adiabatic calorimetry,"origin: commercial source,99.96 % (total),,chunk",99.96,Not Specified %,1979
5.13361,0.103214,0.00309643,None kPa,N/A,23447,['C'],A,Vacuum adiabatic calorimetry,"origin: commercial source,99.96 % (total),,chunk",99.96,Not Specified %,1979
5.2436,0.0803948,0.00241184,None kPa,N/A,23447,['C'],A,Vacuum adiabatic calorimetry,"origin: commercial source,99.96 % (total),,chunk",99.96,Not Specified %,1979
5.31082,0.0660746,0.00198224,None kPa,N/A,23447,['C'],A,Vacuum adiabatic calorimetry,"origin: commercial source,99.96 % (total),,chunk",99.96,Not Specified %,1979
5.3501,0.0572584,0.00171775,None kPa,N/A,23447,['C'],A,Vacuum adiabatic calorimetry,"origin: commercial source,99.96 % (total),,chunk",99.96,Not Specified %,1979
5.47882,0.0590097,0.00177029,None kPa,N/A,23447,['C'],A,Vacuum adiabatic calorimetry,"origin: commercial source,99.96 % (total),,chunk",99.96,Not Specified %,1979
5.52919,0.0597467,0.0017924,None kPa,N/A,23447,['C'],A,Vacuum adiabatic calorimetry,"origin: commercial source,99.96 % (total),,chunk",99.96,Not Specified %,1979
5.64612,0.0614213,0.00184264,None kPa,N/A,23447,['C'],A,Vacuum adiabatic calorimetry,"origin: commercial source,99.96 % (total),,chunk",99.96,Not Specified %,1979
5.8161,0.0638986,0.00191696,None kPa,N/A,23447,['C'],A,Vacuum adiabatic calorimetry,"origin: commercial source,99.96 % (total),,chunk",99.96,Not Specified %,1979
5.97464,0.0657115,0.00197135,None kPa,N/A,23447,['C'],A,Vacuum adiabatic calorimetry,"origin: commercial source,99.96 % (total),,chunk",99.96,Not Specified %,1979
6.13249,0.0679695,0.00203908,None kPa,N/A,23447,['C'],A,Vacuum adiabatic calorimetry,"origin: commercial source,99.96 % (total),,chunk",99.96,Not Specified %,1979
6.3042,0.0702837,0.00210851,None kPa,N/A,23447,['C'],A,Vacuum adiabatic calorimetry,"origin: commercial source,99.96 % (total),,chunk",99.96,Not Specified %,1979
6.42373,0.0719496,0.00215849,None kPa,N/A,23447,['C'],A,Vacuum adiabatic calorimetry,"origin: commercial source,99.96 % (total),,chunk",99.96,Not Specified %,1979
6.50763,0.0734087,0.00220226,None kPa,N/A,23447,['C'],A,Vacuum adiabatic calorimetry,"origin: commercial source,99.96 % (total),,chunk",99.96,Not Specified %,1979
6.661,0.0758428,0.00227528,None kPa,N/A,23447,['C'],A,Vacuum adiabatic calorimetry,"origin: commercial source,99.96 % (total),,chunk",99.96,Not Specified %,1979
6.81382,0.0780312,0.00234094,None kPa,N/A,23447,['C'],A,Vacuum adiabatic calorimetry,"origin: commercial source,99.96 % (total),,chunk",99.96,Not Specified %,1979
7.00524,0.0812594,0.00243778,None kPa,N/A,23447,['C'],A,Vacuum adiabatic calorimetry,"origin: commercial source,99.96 % (total),,chunk",99.96,Not Specified %,1979
7.18882,0.0841998,0.00252599,None kPa,N/A,23447,['C'],A,Vacuum adiabatic calorimetry,"origin: commercial source,99.96 % (total),,chunk",99.96,Not Specified %,1979
7.37575,0.0872728,0.00261818,None kPa,N/A,23447,['C'],A,Vacuum adiabatic calorimetry,"origin: commercial source,99.96 % (total),,chunk",99.96,Not Specified %,1979
7.58223,0.0905803,0.00271741,None kPa,N/A,23447,['C'],A,Vacuum adiabatic calorimetry,"origin: commercial source,99.96 % (total),,chunk",99.96,Not Specified %,1979
7.75803,0.0933702,0.00280111,None kPa,N/A,23447,['C'],A,Vacuum adiabatic calorimetry,"origin: commercial source,99.96 % (total),,chunk",99.96,Not Specified %,1979
7.99291,0.0975806,0.00292742,None kPa,N/A,23447,['C'],A,Vacuum adiabatic calorimetry,"origin: commercial source,99.96 % (total),,chunk",99.96,Not Specified %,1979
8.11833,0.0999229,0.00299769,None kPa,N/A,23447,['C'],A,Vacuum adiabatic calorimetry,"origin: commercial source,99.96 % (total),,chunk",99.96,Not Specified %,1979
8.39717,0.105082,0.00315247,None kPa,N/A,23447,['C'],A,Vacuum adiabatic calorimetry,"origin: commercial source,99.96 % (total),,chunk",99.96,Not Specified %,1979
8.50858,0.107258,0.00321772,None kPa,N/A,23447,['C'],A,Vacuum adiabatic calorimetry,"origin: commercial source,99.96 % (total),,chunk",99.96,Not Specified %,1979
8.87117,0.114185,0.00342556,None kPa,N/A,23447,['C'],A,Vacuum adiabatic calorimetry,"origin: commercial source,99.96 % (total),,chunk",99.96,Not Specified %,1979
9.01261,0.117266,0.00351797,None kPa,N/A,23447,['C'],A,Vacuum adiabatic calorimetry,"origin: commercial source,99.96 % (total),,chunk",99.96,Not Specified %,1979
9.32181,0.123419,0.00370257,None kPa,N/A,23447,['C'],A,Vacuum adiabatic calorimetry,"origin: commercial source,99.96 % (total),,chunk",99.96,Not Specified %,1979
9.53646,0.127731,0.00383194,None kPa,N/A,23447,['C'],A,Vacuum adiabatic calorimetry,"origin: commercial source,99.96 % (total),,chunk",99.96,Not Specified %,1979
9.75221,0.131984,0.00395951,None kPa,N/A,23447,['C'],A,Vacuum adiabatic calorimetry,"origin: commercial source,99.96 % (total),,chunk",99.96,Not Specified %,1979
9.99607,0.136932,0.00410797,None kPa,N/A,23447,['C'],A,Vacuum adiabatic calorimetry,"origin: commercial source,99.96 % (total),,chunk",99.96,Not Specified %,1979
10.2031,0.141909,0.00425727,None kPa,N/A,23447,['C'],A,Vacuum adiabatic calorimetry,"origin: commercial source,99.96 % (total),,chunk",99.96,Not Specified %,1979
10.521,0.149484,0.00448452,None kPa,N/A,23447,['C'],A,Vacuum adiabatic calorimetry,"origin: commercial source,99.96 % (total),,chunk",99.96,Not Specified %,1979
10.6604,0.153238,0.00459715,None kPa,N/A,23447,['C'],A,Vacuum adiabatic calorimetry,"origin: commercial source,99.96 % (total),,chunk",99.96,Not Specified %,1979
10.7757,0.156132,0.00468397,None kPa,N/A,23447,['C'],A,Vacuum adiabatic calorimetry,"origin: commercial source,99.96 % (total),,chunk",99.96,Not Specified %,1979
298.15,24.41,0.4882,None kPa,N/A,23736,['C'],A,Laser flash calorimetry,not stated,,,1980
299.15,24.47,0.7341,None kPa,N/A,24093,['C'],A,Laser pulse heating,"origin: commercial source,99.97 mole % (total),chemical analysis,plate",99.97,Mole %,1982
299.24,24.4,0.732,None kPa,N/A,24093,['C'],A,Laser pulse heating,"origin: commercial source,99.97 mole % (total),chemical analysis,plate",99.97,Mole %,1982
299.01,24.38,0.7314,None kPa,N/A,24093,['C'],A,Laser pulse heating,"origin: commercial source,99.97 mole % (total),chemical analysis,plate",99.97,Mole %,1982
299.07,24.47,0.7341,None kPa,N/A,24093,['C'],A,Laser pulse heating,"origin: commercial source,99.97 mole % (total),chemical analysis,plate",99.97,Mole %,1982
298.98,24.38,0.7314,None kPa,N/A,24093,['C'],A,Laser pulse heating,"origin: commercial source,99.97 mole % (total),chemical analysis,plate",99.97,Mole %,1982
298.98,24.37,0.7311,None kPa,N/A,24093,['C'],A,Laser pulse heating,"origin: commercial source,99.97 mole % (total),chemical analysis,plate",99.97,Mole %,1982
81.81,11.57,0.3471,None kPa,N/A,24093,['C'],A,Laser pulse heating,"origin: commercial source,99.97 mole % (total),chemical analysis,plate",99.97,Mole %,1982
84.91,12.28,0.3684,None kPa,N/A,24093,['C'],A,Laser pulse heating,"origin: commercial source,99.97 mole % (total),chemical analysis,plate",99.97,Mole %,1982
88.0,12.73,0.3819,None kPa,N/A,24093,['C'],A,Laser pulse heating,"origin: commercial source,99.97 mole % (total),chemical analysis,plate",99.97,Mole %,1982
90.96,13.18,0.3954,None kPa,N/A,24093,['C'],A,Laser pulse heating,"origin: commercial source,99.97 mole % (total),chemical analysis,plate",99.97,Mole %,1982
93.84,13.71,0.4113,None kPa,N/A,24093,['C'],A,Laser pulse heating,"origin: commercial source,99.97 mole % (total),chemical analysis,plate",99.97,Mole %,1982
96.63,14.11,0.4233,None kPa,N/A,24093,['C'],A,Laser pulse heating,"origin: commercial source,99.97 mole % (total),chemical analysis,plate",99.97,Mole %,1982
99.38,14.52,0.4356,None kPa,N/A,24093,['C'],A,Laser pulse heating,"origin: commercial source,99.97 mole % (total),chemical analysis,plate",99.97,Mole %,1982
102.08,15.07,0.4521,None kPa,N/A,24093,['C'],A,Laser pulse heating,"origin: commercial source,99.97 mole % (total),chemical analysis,plate",99.97,Mole %,1982
104.71,15.3,0.459,None kPa,N/A,24093,['C'],A,Laser pulse heating,"origin: commercial source,99.97 mole % (total),chemical analysis,plate",99.97,Mole %,1982
107.23,15.55,0.4665,None kPa,N/A,24093,['C'],A,Laser pulse heating,"origin: commercial source,99.97 mole % (total),chemical analysis,plate",99.97,Mole %,1982
109.66,15.78,0.4734,None kPa,N/A,24093,['C'],A,Laser pulse heating,"origin: commercial source,99.97 mole % (total),chemical analysis,plate",99.97,Mole %,1982
112.02,16.18,0.4854,None kPa,N/A,24093,['C'],A,Laser pulse heating,"origin: commercial source,99.97 mole % (total),chemical analysis,plate",99.97,Mole %,1982
114.38,16.51,0.4953,None kPa,N/A,24093,['C'],A,Laser pulse heating,"origin: commercial source,99.97 mole % (total),chemical analysis,plate",99.97,Mole %,1982
116.74,16.67,0.5001,None kPa,N/A,24093,['C'],A,Laser pulse heating,"origin: commercial source,99.97 mole % (total),chemical analysis,plate",99.97,Mole %,1982
118.87,16.96,0.5088,None kPa,N/A,24093,['C'],A,Laser pulse heating,"origin: commercial source,99.97 mole % (total),chemical analysis,plate",99.97,Mole %,1982
122.09,17.26,0.5178,None kPa,N/A,24093,['C'],A,Laser pulse heating,"origin: commercial source,99.97 mole % (total),chemical analysis,plate",99.97,Mole %,1982
123.49,17.47,0.5241,None kPa,N/A,24093,['C'],A,Laser pulse heating,"origin: commercial source,99.97 mole % (total),chemical analysis,plate",99.97,Mole %,1982
125.72,17.73,0.5319,None kPa,N/A,24093,['C'],A,Laser pulse heating,"origin: commercial source,99.97 mole % (total),chemical analysis,plate",99.97,Mole %,1982
127.92,17.84,0.5352,None kPa,N/A,24093,['C'],A,Laser pulse heating,"origin: commercial source,99.97 mole % (total),chemical analysis,plate",99.97,Mole %,1982
130.1,18.03,0.5409,None kPa,N/A,24093,['C'],A,Laser pulse heating,"origin: commercial source,99.97 mole % (total),chemical analysis,plate",99.97,Mole %,1982
132.27,18.28,0.5484,None kPa,N/A,24093,['C'],A,Laser pulse heating,"origin: commercial source,99.97 mole % (total),chemical analysis,plate",99.97,Mole %,1982
134.35,18.44,0.5532,None kPa,N/A,24093,['C'],A,Laser pulse heating,"origin: commercial source,99.97 mole % (total),chemical analysis,plate",99.97,Mole %,1982
136.46,18.45,0.5535,None kPa,N/A,24093,['C'],A,Laser pulse heating,"origin: commercial source,99.97 mole % (total),chemical analysis,plate",99.97,Mole %,1982
138.54,18.82,0.5646,None kPa,N/A,24093,['C'],A,Laser pulse heating,"origin: commercial source,99.97 mole % (total),chemical analysis,plate",99.97,Mole %,1982
140.63,18.89,0.5667,None kPa,N/A,24093,['C'],A,Laser pulse heating,"origin: commercial source,99.97 mole % (total),chemical analysis,plate",99.97,Mole %,1982
142.75,18.96,0.5688,None kPa,N/A,24093,['C'],A,Laser pulse heating,"origin: commercial source,99.97 mole % (total),chemical analysis,plate",99.97,Mole %,1982
144.78,19.25,0.5775,None kPa,N/A,24093,['C'],A,Laser pulse heating,"origin: commercial source,99.97 mole % (total),chemical analysis,plate",99.97,Mole %,1982
146.8,19.31,0.5793,None kPa,N/A,24093,['C'],A,Laser pulse heating,"origin: commercial source,99.97 mole % (total),chemical analysis,plate",99.97,Mole %,1982
148.77,19.52,0.5856,None kPa,N/A,24093,['C'],A,Laser pulse heating,"origin: commercial source,99.97 mole % (total),chemical analysis,plate",99.97,Mole %,1982
150.76,19.52,0.5856,None kPa,N/A,24093,['C'],A,Laser pulse heating,"origin: commercial source,99.97 mole % (total),chemical analysis,plate",99.97,Mole %,1982
153.97,19.8,0.594,None kPa,N/A,24093,['C'],A,Laser pulse heating,"origin: commercial source,99.97 mole % (total),chemical analysis,plate",99.97,Mole %,1982
156.77,19.95,0.5985,None kPa,N/A,24093,['C'],A,Laser pulse heating,"origin: commercial source,99.97 mole % (total),chemical analysis,plate",99.97,Mole %,1982
159.59,20.06,0.6018,None kPa,N/A,24093,['C'],A,Laser pulse heating,"origin: commercial source,99.97 mole % (total),chemical analysis,plate",99.97,Mole %,1982
163.21,20.5,0.615,None kPa,N/A,24093,['C'],A,Laser pulse heating,"origin: commercial source,99.97 mole % (total),chemical analysis,plate",99.97,Mole %,1982
166.76,20.54,0.6162,None kPa,N/A,24093,['C'],A,Laser pulse heating,"origin: commercial source,99.97 mole % (total),chemical analysis,plate",99.97,Mole %,1982
170.29,20.87,0.6261,None kPa,N/A,24093,['C'],A,Laser pulse heating,"origin: commercial source,99.97 mole % (total),chemical analysis,plate",99.97,Mole %,1982
173.79,21.01,0.6303,None kPa,N/A,24093,['C'],A,Laser pulse heating,"origin: commercial source,99.97 mole % (total),chemical analysis,plate",99.97,Mole %,1982
176.87,21.18,0.6354,None kPa,N/A,24093,['C'],A,Laser pulse heating,"origin: commercial source,99.97 mole % (total),chemical analysis,plate",99.97,Mole %,1982
180.66,21.22,0.6366,None kPa,N/A,24093,['C'],A,Laser pulse heating,"origin: commercial source,99.97 mole % (total),chemical analysis,plate",99.97,Mole %,1982
183.83,21.46,0.6438,None kPa,N/A,24093,['C'],A,Laser pulse heating,"origin: commercial source,99.97 mole % (total),chemical analysis,plate",99.97,Mole %,1982
187.16,21.68,0.6504,None kPa,N/A,24093,['C'],A,Laser pulse heating,"origin: commercial source,99.97 mole % (total),chemical analysis,plate",99.97,Mole %,1982
190.35,21.74,0.6522,None kPa,N/A,24093,['C'],A,Laser pulse heating,"origin: commercial source,99.97 mole % (total),chemical analysis,plate",99.97,Mole %,1982
193.6,21.91,0.6573,None kPa,N/A,24093,['C'],A,Laser pulse heating,"origin: commercial source,99.97 mole % (total),chemical analysis,plate",99.97,Mole %,1982
196.78,22.0,0.66,None kPa,N/A,24093,['C'],A,Laser pulse heating,"origin: commercial source,99.97 mole % (total),chemical analysis,plate",99.97,Mole %,1982
200.06,22.09,0.6627,None kPa,N/A,24093,['C'],A,Laser pulse heating,"origin: commercial source,99.97 mole % (total),chemical analysis,plate",99.97,Mole %,1982
203.13,22.12,0.6636,None kPa,N/A,24093,['C'],A,Laser pulse heating,"origin: commercial source,99.97 mole % (total),chemical analysis,plate",99.97,Mole %,1982
206.43,22.37,0.6711,None kPa,N/A,24093,['C'],A,Laser pulse heating,"origin: commercial source,99.97 mole % (total),chemical analysis,plate",99.97,Mole %,1982
209.51,22.31,0.6693,None kPa,N/A,24093,['C'],A,Laser pulse heating,"origin: commercial source,99.97 mole % (total),chemical analysis,plate",99.97,Mole %,1982
212.5,22.61,0.6783,None kPa,N/A,24093,['C'],A,Laser pulse heating,"origin: commercial source,99.97 mole % (total),chemical analysis,plate",99.97,Mole %,1982
217.1,22.61,0.6783,None kPa,N/A,24093,['C'],A,Laser pulse heating,"origin: commercial source,99.97 mole % (total),chemical analysis,plate",99.97,Mole %,1982
221.55,22.72,0.6816,None kPa,N/A,24093,['C'],A,Laser pulse heating,"origin: commercial source,99.97 mole % (total),chemical analysis,plate",99.97,Mole %,1982
226.05,22.85,0.6855,None kPa,N/A,24093,['C'],A,Laser pulse heating,"origin: commercial source,99.97 mole % (total),chemical analysis,plate",99.97,Mole %,1982
230.39,22.84,0.6852,None kPa,N/A,24093,['C'],A,Laser pulse heating,"origin: commercial source,99.97 mole % (total),chemical analysis,plate",99.97,Mole %,1982
234.7,23.12,0.6936,None kPa,N/A,24093,['C'],A,Laser pulse heating,"origin: commercial source,99.97 mole % (total),chemical analysis,plate",99.97,Mole %,1982
238.86,23.25,0.6975,None kPa,N/A,24093,['C'],A,Laser pulse heating,"origin: commercial source,99.97 mole % (total),chemical analysis,plate",99.97,Mole %,1982
242.98,23.25,0.6975,None kPa,N/A,24093,['C'],A,Laser pulse heating,"origin: commercial source,99.97 mole % (total),chemical analysis,plate",99.97,Mole %,1982
247.21,23.31,0.6993,None kPa,N/A,24093,['C'],A,Laser pulse heating,"origin: commercial source,99.97 mole % (total),chemical analysis,plate",99.97,Mole %,1982
251.6,23.5,0.705,None kPa,N/A,24093,['C'],A,Laser pulse heating,"origin: commercial source,99.97 mole % (total),chemical analysis,plate",99.97,Mole %,1982
255.51,23.55,0.7065,None kPa,N/A,24093,['C'],A,Laser pulse heating,"origin: commercial source,99.97 mole % (total),chemical analysis,plate",99.97,Mole %,1982
259.47,23.8,0.714,None kPa,N/A,24093,['C'],A,Laser pulse heating,"origin: commercial source,99.97 mole % (total),chemical analysis,plate",99.97,Mole %,1982
263.57,23.81,0.7143,None kPa,N/A,24093,['C'],A,Laser pulse heating,"origin: commercial source,99.97 mole % (total),chemical analysis,plate",99.97,Mole %,1982
267.75,23.85,0.7155,None kPa,N/A,24093,['C'],A,Laser pulse heating,"origin: commercial source,99.97 mole % (total),chemical analysis,plate",99.97,Mole %,1982
271.67,24.01,0.7203,None kPa,N/A,24093,['C'],A,Laser pulse heating,"origin: commercial source,99.97 mole % (total),chemical analysis,plate",99.97,Mole %,1982
275.78,24.0,0.72,None kPa,N/A,24093,['C'],A,Laser pulse heating,"origin: commercial source,99.97 mole % (total),chemical analysis,plate",99.97,Mole %,1982
279.23,24.13,0.7239,None kPa,N/A,24093,['C'],A,Laser pulse heating,"origin: commercial source,99.97 mole % (total),chemical analysis,plate",99.97,Mole %,1982
283.29,24.04,0.7212,None kPa,N/A,24093,['C'],A,Laser pulse heating,"origin: commercial source,99.97 mole % (total),chemical analysis,plate",99.97,Mole %,1982
287.15,24.15,0.7245,None kPa,N/A,24093,['C'],A,Laser pulse heating,"origin: commercial source,99.97 mole % (total),chemical analysis,plate",99.97,Mole %,1982
291.04,24.26,0.7278,None kPa,N/A,24093,['C'],A,Laser pulse heating,"origin: commercial source,99.97 mole % (total),chemical analysis,plate",99.97,Mole %,1982
295.27,24.29,0.7287,None kPa,N/A,24093,['C'],A,Laser pulse heating,"origin: commercial source,99.97 mole % (total),chemical analysis,plate",99.97,Mole %,1982
299.43,24.43,0.7329,None kPa,N/A,24093,['C'],A,Laser pulse heating,"origin: commercial source,99.97 mole % (total),chemical analysis,plate",99.97,Mole %,1982
303.22,24.46,0.7338,None kPa,N/A,24093,['C'],A,Laser pulse heating,"origin: commercial source,99.97 mole % (total),chemical analysis,plate",99.97,Mole %,1982
306.89,24.57,0.7371,None kPa,N/A,24093,['C'],A,Laser pulse heating,"origin: commercial source,99.97 mole % (total),chemical analysis,plate",99.97,Mole %,1982
329.96,24.97,0.7491,None kPa,N/A,24093,['C'],A,Laser pulse heating,"origin: commercial source,99.97 mole % (total),chemical analysis,plate",99.97,Mole %,1982
350.87,25.1,0.753,None kPa,N/A,24093,['C'],A,Laser pulse heating,"origin: commercial source,99.97 mole % (total),chemical analysis,plate",99.97,Mole %,1982
374.22,25.47,0.7641,None kPa,N/A,24093,['C'],A,Laser pulse heating,"origin: commercial source,99.97 mole % (total),chemical analysis,plate",99.97,Mole %,1982
401.98,25.58,0.7674,None kPa,N/A,24093,['C'],A,Laser pulse heating,"origin: commercial source,99.97 mole % (total),chemical analysis,plate",99.97,Mole %,1982
431.2,26.03,0.7809,None kPa,N/A,24093,['C'],A,Laser pulse heating,"origin: commercial source,99.97 mole % (total),chemical analysis,plate",99.97,Mole %,1982
462.76,26.31,0.7893,None kPa,N/A,24093,['C'],A,Laser pulse heating,"origin: commercial source,99.97 mole % (total),chemical analysis,plate",99.97,Mole %,1982
480.47,26.44,0.7932,None kPa,N/A,24093,['C'],A,Laser pulse heating,"origin: commercial source,99.97 mole % (total),chemical analysis,plate",99.97,Mole %,1982
499.64,26.47,0.7941,None kPa,N/A,24093,['C'],A,Laser pulse heating,"origin: commercial source,99.97 mole % (total),chemical analysis,plate",99.97,Mole %,1982
529.19,26.95,0.8085,None kPa,N/A,24093,['C'],A,Laser pulse heating,"origin: commercial source,99.97 mole % (total),chemical analysis,plate",99.97,Mole %,1982
566.87,26.8,0.804,None kPa,N/A,24093,['C'],A,Laser pulse heating,"origin: commercial source,99.97 mole % (total),chemical analysis,plate",99.97,Mole %,1982
595.57,26.96,0.8088,None kPa,N/A,24093,['C'],A,Laser pulse heating,"origin: commercial source,99.97 mole % (total),chemical analysis,plate",99.97,Mole %,1982
599.95,27.15,0.8145,None kPa,N/A,24093,['C'],A,Laser pulse heating,"origin: commercial source,99.97 mole % (total),chemical analysis,plate",99.97,Mole %,1982
619.1,27.37,0.8211,None kPa,N/A,24093,['C'],A,Laser pulse heating,"origin: commercial source,99.97 mole % (total),chemical analysis,plate",99.97,Mole %,1982
620.76,27.35,0.8205,None kPa,N/A,24093,['C'],A,Laser pulse heating,"origin: commercial source,99.97 mole % (total),chemical analysis,plate",99.97,Mole %,1982
641.88,27.37,0.8211,None kPa,N/A,24093,['C'],A,Laser pulse heating,"origin: commercial source,99.97 mole % (total),chemical analysis,plate",99.97,Mole %,1982
665.31,27.56,0.8268,None kPa,N/A,24093,['C'],A,Laser pulse heating,"origin: commercial source,99.97 mole % (total),chemical analysis,plate",99.97,Mole %,1982
693.1,27.75,0.8325,None kPa,N/A,24093,['C'],A,Laser pulse heating,"origin: commercial source,99.97 mole % (total),chemical analysis,plate",99.97,Mole %,1982
717.33,27.93,0.8379,None kPa,N/A,24093,['C'],A,Laser pulse heating,"origin: commercial source,99.97 mole % (total),chemical analysis,plate",99.97,Mole %,1982
745.43,28.02,0.8406,None kPa,N/A,24093,['C'],A,Laser pulse heating,"origin: commercial source,99.97 mole % (total),chemical analysis,plate",99.97,Mole %,1982
767.06,28.18,0.8454,None kPa,N/A,24093,['C'],A,Laser pulse heating,"origin: commercial source,99.97 mole % (total),chemical analysis,plate",99.97,Mole %,1982
794.02,28.16,0.8448,None kPa,N/A,24093,['C'],A,Laser pulse heating,"origin: commercial source,99.97 mole % (total),chemical analysis,plate",99.97,Mole %,1982
818.18,28.52,0.8556,None kPa,N/A,24093,['C'],A,Laser pulse heating,"origin: commercial source,99.97 mole % (total),chemical analysis,plate",99.97,Mole %,1982
819.06,28.55,0.8565,None kPa,N/A,24093,['C'],A,Laser pulse heating,"origin: commercial source,99.97 mole % (total),chemical analysis,plate",99.97,Mole %,1982
844.45,28.76,0.8628,None kPa,N/A,24093,['C'],A,Laser pulse heating,"origin: commercial source,99.97 mole % (total),chemical analysis,plate",99.97,Mole %,1982
869.36,28.52,0.8556,None kPa,N/A,24093,['C'],A,Laser pulse heating,"origin: commercial source,99.97 mole % (total),chemical analysis,plate",99.97,Mole %,1982
902.58,28.99,0.8697,None kPa,N/A,24093,['C'],A,Laser pulse heating,"origin: commercial source,99.97 mole % (total),chemical analysis,plate",99.97,Mole %,1982
926.12,29.11,0.8733,None kPa,N/A,24093,['C'],A,Laser pulse heating,"origin: commercial source,99.97 mole % (total),chemical analysis,plate",99.97,Mole %,1982
955.97,29.35,0.8805,None kPa,N/A,24093,['C'],A,Laser pulse heating,"origin: commercial source,99.97 mole % (total),chemical analysis,plate",99.97,Mole %,1982
985.25,29.56,0.8868,None kPa,N/A,24093,['C'],A,Laser pulse heating,"origin: commercial source,99.97 mole % (total),chemical analysis,plate",99.97,Mole %,1982
321.21,24.73,0.7419,None kPa,N/A,24093,['C'],A,Laser pulse heating,"origin: commercial source,99.97 mole % (total),chemical analysis,plate",99.97,Mole %,1982
342.18,25.0,0.75,None kPa,N/A,24093,['C'],A,Laser pulse heating,"origin: commercial source,99.97 mole % (total),chemical analysis,plate",99.97,Mole %,1982
365.63,25.26,0.7578,None kPa,N/A,24093,['C'],A,Laser pulse heating,"origin: commercial source,99.97 mole % (total),chemical analysis,plate",99.97,Mole %,1982
387.52,25.47,0.7641,None kPa,N/A,24093,['C'],A,Laser pulse heating,"origin: commercial source,99.97 mole % (total),chemical analysis,plate",99.97,Mole %,1982
409.16,25.83,0.7749,None kPa,N/A,24093,['C'],A,Laser pulse heating,"origin: commercial source,99.97 mole % (total),chemical analysis,plate",99.97,Mole %,1982
429.5,26.03,0.7809,None kPa,N/A,24093,['C'],A,Laser pulse heating,"origin: commercial source,99.97 mole % (total),chemical analysis,plate",99.97,Mole %,1982
444.76,26.0,0.78,None kPa,N/A,24093,['C'],A,Laser pulse heating,"origin: commercial source,99.97 mole % (total),chemical analysis,plate",99.97,Mole %,1982
466.04,26.25,0.7875,None kPa,N/A,24093,['C'],A,Laser pulse heating,"origin: commercial source,99.97 mole % (total),chemical analysis,plate",99.97,Mole %,1982
489.09,26.39,0.7917,None kPa,N/A,24093,['C'],A,Laser pulse heating,"origin: commercial source,99.97 mole % (total),chemical analysis,plate",99.97,Mole %,1982
510.39,26.51,0.7953,None kPa,N/A,24093,['C'],A,Laser pulse heating,"origin: commercial source,99.97 mole % (total),chemical analysis,plate",99.97,Mole %,1982
531.83,26.64,0.7992,None kPa,N/A,24093,['C'],A,Laser pulse heating,"origin: commercial source,99.97 mole % (total),chemical analysis,plate",99.97,Mole %,1982
553.43,26.86,0.8058,None kPa,N/A,24093,['C'],A,Laser pulse heating,"origin: commercial source,99.97 mole % (total),chemical analysis,plate",99.97,Mole %,1982
578.8,27.15,0.8145,None kPa,N/A,24093,['C'],A,Laser pulse heating,"origin: commercial source,99.97 mole % (total),chemical analysis,plate",99.97,Mole %,1982
587.32,27.11,0.8133,None kPa,N/A,24093,['C'],A,Laser pulse heating,"origin: commercial source,99.97 mole % (total),chemical analysis,plate",99.97,Mole %,1982
602.65,27.03,0.8109,None kPa,N/A,24093,['C'],A,Laser pulse heating,"origin: commercial source,99.97 mole % (total),chemical analysis,plate",99.97,Mole %,1982
666.21,27.51,0.8253,None kPa,N/A,24093,['C'],A,Laser pulse heating,"origin: commercial source,99.97 mole % (total),chemical analysis,plate",99.97,Mole %,1982
681.09,27.51,0.8253,None kPa,N/A,24093,['C'],A,Laser pulse heating,"origin: commercial source,99.97 mole % (total),chemical analysis,plate",99.97,Mole %,1982
707.66,27.75,0.8325,None kPa,N/A,24093,['C'],A,Laser pulse heating,"origin: commercial source,99.97 mole % (total),chemical analysis,plate",99.97,Mole %,1982
731.35,27.97,0.8391,None kPa,N/A,24093,['C'],A,Laser pulse heating,"origin: commercial source,99.97 mole % (total),chemical analysis,plate",99.97,Mole %,1982
754.24,27.94,0.8382,None kPa,N/A,24093,['C'],A,Laser pulse heating,"origin: commercial source,99.97 mole % (total),chemical analysis,plate",99.97,Mole %,1982
778.11,28.19,0.8457,None kPa,N/A,24093,['C'],A,Laser pulse heating,"origin: commercial source,99.97 mole % (total),chemical analysis,plate",99.97,Mole %,1982
792.24,28.28,0.8484,None kPa,N/A,24093,['C'],A,Laser pulse heating,"origin: commercial source,99.97 mole % (total),chemical analysis,plate",99.97,Mole %,1982
808.62,28.23,0.8469,None kPa,N/A,24093,['C'],A,Laser pulse heating,"origin: commercial source,99.97 mole % (total),chemical analysis,plate",99.97,Mole %,1982
829.54,28.61,0.8583,None kPa,N/A,24093,['C'],A,Laser pulse heating,"origin: commercial source,99.97 mole % (total),chemical analysis,plate",99.97,Mole %,1982
856.16,28.77,0.8631,None kPa,N/A,24093,['C'],A,Laser pulse heating,"origin: commercial source,99.97 mole % (total),chemical analysis,plate",99.97,Mole %,1982
886.34,28.99,0.8697,None kPa,N/A,24093,['C'],A,Laser pulse heating,"origin: commercial source,99.97 mole % (total),chemical analysis,plate",99.97,Mole %,1982
886.39,28.83,0.8649,None kPa,N/A,24093,['C'],A,Laser pulse heating,"origin: commercial source,99.97 mole % (total),chemical analysis,plate",99.97,Mole %,1982
913.37,29.17,0.8751,None kPa,N/A,24093,['C'],A,Laser pulse heating,"origin: commercial source,99.97 mole % (total),chemical analysis,plate",99.97,Mole %,1982
937.54,29.25,0.8775,None kPa,N/A,24093,['C'],A,Laser pulse heating,"origin: commercial source,99.97 mole % (total),chemical analysis,plate",99.97,Mole %,1982
965.12,29.48,0.8844,None kPa,N/A,24093,['C'],A,Laser pulse heating,"origin: commercial source,99.97 mole % (total),chemical analysis,plate",99.97,Mole %,1982
991.42,29.71,0.8913,None kPa,N/A,24093,['C'],A,Laser pulse heating,"origin: commercial source,99.97 mole % (total),chemical analysis,plate",99.97,Mole %,1982
140.71,18.8943,0.566829,None kPa,N/A,24094,['C'],A,Laser pulse heating,"origin: commercial source,99.97 mole % (total),chemical analysis,plate",99.97,Mole %,1982
148.08,19.6037,0.588111,None kPa,N/A,24094,['C'],A,Laser pulse heating,"origin: commercial source,99.97 mole % (total),chemical analysis,plate",99.97,Mole %,1982
150.92,19.8264,0.594792,None kPa,N/A,24094,['C'],A,Laser pulse heating,"origin: commercial source,99.97 mole % (total),chemical analysis,plate",99.97,Mole %,1982
155.83,20.2402,0.607206,None kPa,N/A,24094,['C'],A,Laser pulse heating,"origin: commercial source,99.97 mole % (total),chemical analysis,plate",99.97,Mole %,1982
160.67,20.4981,0.614943,None kPa,N/A,24094,['C'],A,Laser pulse heating,"origin: commercial source,99.97 mole % (total),chemical analysis,plate",99.97,Mole %,1982
165.48,20.7931,0.623793,None kPa,N/A,24094,['C'],A,Laser pulse heating,"origin: commercial source,99.97 mole % (total),chemical analysis,plate",99.97,Mole %,1982
169.91,21.1021,0.633063,None kPa,N/A,24094,['C'],A,Laser pulse heating,"origin: commercial source,99.97 mole % (total),chemical analysis,plate",99.97,Mole %,1982
174.51,21.3241,0.639723,None kPa,N/A,24094,['C'],A,Laser pulse heating,"origin: commercial source,99.97 mole % (total),chemical analysis,plate",99.97,Mole %,1982
178.76,21.5481,0.646443,None kPa,N/A,24094,['C'],A,Laser pulse heating,"origin: commercial source,99.97 mole % (total),chemical analysis,plate",99.97,Mole %,1982
183.18,22.0358,0.661074,None kPa,N/A,24094,['C'],A,Laser pulse heating,"origin: commercial source,99.97 mole % (total),chemical analysis,plate",99.97,Mole %,1982
187.57,22.2131,0.666393,None kPa,N/A,24094,['C'],A,Laser pulse heating,"origin: commercial source,99.97 mole % (total),chemical analysis,plate",99.97,Mole %,1982
191.96,22.4197,0.672591,None kPa,N/A,24094,['C'],A,Laser pulse heating,"origin: commercial source,99.97 mole % (total),chemical analysis,plate",99.97,Mole %,1982
195.9,22.5566,0.676698,None kPa,N/A,24094,['C'],A,Laser pulse heating,"origin: commercial source,99.97 mole % (total),chemical analysis,plate",99.97,Mole %,1982
200.06,22.8558,0.685674,None kPa,N/A,24094,['C'],A,Laser pulse heating,"origin: commercial source,99.97 mole % (total),chemical analysis,plate",99.97,Mole %,1982
203.98,23.095,0.69285,None kPa,N/A,24094,['C'],A,Laser pulse heating,"origin: commercial source,99.97 mole % (total),chemical analysis,plate",99.97,Mole %,1982
207.79,23.2428,0.697284,None kPa,N/A,24094,['C'],A,Laser pulse heating,"origin: commercial source,99.97 mole % (total),chemical analysis,plate",99.97,Mole %,1982
211.89,23.5017,0.705051,None kPa,N/A,24094,['C'],A,Laser pulse heating,"origin: commercial source,99.97 mole % (total),chemical analysis,plate",99.97,Mole %,1982
215.87,23.6135,0.708405,None kPa,N/A,24094,['C'],A,Laser pulse heating,"origin: commercial source,99.97 mole % (total),chemical analysis,plate",99.97,Mole %,1982
219.79,23.942,0.71826,None kPa,N/A,24094,['C'],A,Laser pulse heating,"origin: commercial source,99.97 mole % (total),chemical analysis,plate",99.97,Mole %,1982
223.51,23.9089,0.717267,None kPa,N/A,24094,['C'],A,Laser pulse heating,"origin: commercial source,99.97 mole % (total),chemical analysis,plate",99.97,Mole %,1982
227.6,23.8497,0.715491,None kPa,N/A,24094,['C'],A,Laser pulse heating,"origin: commercial source,99.97 mole % (total),chemical analysis,plate",99.97,Mole %,1982
231.04,23.141,0.69423,None kPa,N/A,24094,['C'],A,Laser pulse heating,"origin: commercial source,99.97 mole % (total),chemical analysis,plate",99.97,Mole %,1982
234.75,23.0174,0.690522,None kPa,N/A,24094,['C'],A,Laser pulse heating,"origin: commercial source,99.97 mole % (total),chemical analysis,plate",99.97,Mole %,1982
238.39,23.2359,0.697077,None kPa,N/A,24094,['C'],A,Laser pulse heating,"origin: commercial source,99.97 mole % (total),chemical analysis,plate",99.97,Mole %,1982
242.49,23.3314,0.699942,None kPa,N/A,24094,['C'],A,Laser pulse heating,"origin: commercial source,99.97 mole % (total),chemical analysis,plate",99.97,Mole %,1982
246.17,23.3963,0.701889,None kPa,N/A,24094,['C'],A,Laser pulse heating,"origin: commercial source,99.97 mole % (total),chemical analysis,plate",99.97,Mole %,1982
250.14,23.5146,0.705438,None kPa,N/A,24094,['C'],A,Laser pulse heating,"origin: commercial source,99.97 mole % (total),chemical analysis,plate",99.97,Mole %,1982
254.16,23.5109,0.705327,None kPa,N/A,24094,['C'],A,Laser pulse heating,"origin: commercial source,99.97 mole % (total),chemical analysis,plate",99.97,Mole %,1982
257.46,23.5758,0.707274,None kPa,N/A,24094,['C'],A,Laser pulse heating,"origin: commercial source,99.97 mole % (total),chemical analysis,plate",99.97,Mole %,1982
142.07,18.9414,0.568242,None kPa,N/A,24095,['C'],A,Laser pulse heating,"origin: commercial source,99.97 mole % (total),chemical analysis,plate",99.97,Mole %,1982
144.18,19.1237,0.573711,None kPa,N/A,24095,['C'],A,Laser pulse heating,"origin: commercial source,99.97 mole % (total),chemical analysis,plate",99.97,Mole %,1982
145.99,19.2721,0.578163,None kPa,N/A,24095,['C'],A,Laser pulse heating,"origin: commercial source,99.97 mole % (total),chemical analysis,plate",99.97,Mole %,1982
148.02,19.3618,0.580854,None kPa,N/A,24095,['C'],A,Laser pulse heating,"origin: commercial source,99.97 mole % (total),chemical analysis,plate",99.97,Mole %,1982
149.8,19.5855,0.587565,None kPa,N/A,24095,['C'],A,Laser pulse heating,"origin: commercial source,99.97 mole % (total),chemical analysis,plate",99.97,Mole %,1982
151.84,19.7067,0.591201,None kPa,N/A,24095,['C'],A,Laser pulse heating,"origin: commercial source,99.97 mole % (total),chemical analysis,plate",99.97,Mole %,1982
155.76,19.8599,0.595797,None kPa,N/A,24095,['C'],A,Laser pulse heating,"origin: commercial source,99.97 mole % (total),chemical analysis,plate",99.97,Mole %,1982
159.4,20.1242,0.603726,None kPa,N/A,24095,['C'],A,Laser pulse heating,"origin: commercial source,99.97 mole % (total),chemical analysis,plate",99.97,Mole %,1982
163.0,20.5105,0.615315,None kPa,N/A,24095,['C'],A,Laser pulse heating,"origin: commercial source,99.97 mole % (total),chemical analysis,plate",99.97,Mole %,1982
166.59,20.6647,0.619941,None kPa,N/A,24095,['C'],A,Laser pulse heating,"origin: commercial source,99.97 mole % (total),chemical analysis,plate",99.97,Mole %,1982
169.97,21.0313,0.630939,None kPa,N/A,24095,['C'],A,Laser pulse heating,"origin: commercial source,99.97 mole % (total),chemical analysis,plate",99.97,Mole %,1982
173.3,21.1277,0.633831,None kPa,N/A,24095,['C'],A,Laser pulse heating,"origin: commercial source,99.97 mole % (total),chemical analysis,plate",99.97,Mole %,1982
176.77,21.3059,0.639177,None kPa,N/A,24095,['C'],A,Laser pulse heating,"origin: commercial source,99.97 mole % (total),chemical analysis,plate",99.97,Mole %,1982
180.44,21.6573,0.649719,None kPa,N/A,24095,['C'],A,Laser pulse heating,"origin: commercial source,99.97 mole % (total),chemical analysis,plate",99.97,Mole %,1982
183.58,21.8028,0.654084,None kPa,N/A,24095,['C'],A,Laser pulse heating,"origin: commercial source,99.97 mole % (total),chemical analysis,plate",99.97,Mole %,1982
186.66,22.0408,0.661224,None kPa,N/A,24095,['C'],A,Laser pulse heating,"origin: commercial source,99.97 mole % (total),chemical analysis,plate",99.97,Mole %,1982
189.97,22.1067,0.663201,None kPa,N/A,24095,['C'],A,Laser pulse heating,"origin: commercial source,99.97 mole % (total),chemical analysis,plate",99.97,Mole %,1982
193.13,22.3012,0.669036,None kPa,N/A,24095,['C'],A,Laser pulse heating,"origin: commercial source,99.97 mole % (total),chemical analysis,plate",99.97,Mole %,1982
196.46,22.4477,0.673431,None kPa,N/A,24095,['C'],A,Laser pulse heating,"origin: commercial source,99.97 mole % (total),chemical analysis,plate",99.97,Mole %,1982
199.5,22.6912,0.680736,None kPa,N/A,24095,['C'],A,Laser pulse heating,"origin: commercial source,99.97 mole % (total),chemical analysis,plate",99.97,Mole %,1982
202.33,22.8638,0.685914,None kPa,N/A,24095,['C'],A,Laser pulse heating,"origin: commercial source,99.97 mole % (total),chemical analysis,plate",99.97,Mole %,1982
207.07,23.003,0.69009,None kPa,N/A,24095,['C'],A,Laser pulse heating,"origin: commercial source,99.97 mole % (total),chemical analysis,plate",99.97,Mole %,1982
211.34,23.3523,0.700569,None kPa,N/A,24095,['C'],A,Laser pulse heating,"origin: commercial source,99.97 mole % (total),chemical analysis,plate",99.97,Mole %,1982
215.85,23.3498,0.700494,None kPa,N/A,24095,['C'],A,Laser pulse heating,"origin: commercial source,99.97 mole % (total),chemical analysis,plate",99.97,Mole %,1982
219.93,23.3527,0.700581,None kPa,N/A,24095,['C'],A,Laser pulse heating,"origin: commercial source,99.97 mole % (total),chemical analysis,plate",99.97,Mole %,1982
224.49,23.007,0.69021,None kPa,N/A,24095,['C'],A,Laser pulse heating,"origin: commercial source,99.97 mole % (total),chemical analysis,plate",99.97,Mole %,1982
228.58,23.0436,0.691308,None kPa,N/A,24095,['C'],A,Laser pulse heating,"origin: commercial source,99.97 mole % (total),chemical analysis,plate",99.97,Mole %,1982
232.84,23.0574,0.691722,None kPa,N/A,24095,['C'],A,Laser pulse heating,"origin: commercial source,99.97 mole % (total),chemical analysis,plate",99.97,Mole %,1982
237.25,23.1562,0.694686,None kPa,N/A,24095,['C'],A,Laser pulse heating,"origin: commercial source,99.97 mole % (total),chemical analysis,plate",99.97,Mole %,1982
241.01,23.3998,0.701994,None kPa,N/A,24095,['C'],A,Laser pulse heating,"origin: commercial source,99.97 mole % (total),chemical analysis,plate",99.97,Mole %,1982
245.57,23.4768,0.704304,None kPa,N/A,24095,['C'],A,Laser pulse heating,"origin: commercial source,99.97 mole % (total),chemical analysis,plate",99.97,Mole %,1982
249.67,23.5832,0.707496,None kPa,N/A,24095,['C'],A,Laser pulse heating,"origin: commercial source,99.97 mole % (total),chemical analysis,plate",99.97,Mole %,1982
254.1,23.6406,0.709218,None kPa,N/A,24095,['C'],A,Laser pulse heating,"origin: commercial source,99.97 mole % (total),chemical analysis,plate",99.97,Mole %,1982
257.7,23.7632,0.712896,None kPa,N/A,24095,['C'],A,Laser pulse heating,"origin: commercial source,99.97 mole % (total),chemical analysis,plate",99.97,Mole %,1982
140.71,18.891,0.56673,None kPa,N/A,24096,['C'],A,Laser pulse heating,"origin: commercial source,99.97 mole % (total),chemical analysis,plate",99.97,Mole %,1982
142.87,18.9633,0.568899,None kPa,N/A,24096,['C'],A,Laser pulse heating,"origin: commercial source,99.97 mole % (total),chemical analysis,plate",99.97,Mole %,1982
144.89,19.2752,0.578256,None kPa,N/A,24096,['C'],A,Laser pulse heating,"origin: commercial source,99.97 mole % (total),chemical analysis,plate",99.97,Mole %,1982
146.84,19.3398,0.580194,None kPa,N/A,24096,['C'],A,Laser pulse heating,"origin: commercial source,99.97 mole % (total),chemical analysis,plate",99.97,Mole %,1982
148.79,19.5156,0.585468,None kPa,N/A,24096,['C'],A,Laser pulse heating,"origin: commercial source,99.97 mole % (total),chemical analysis,plate",99.97,Mole %,1982
150.89,19.5442,0.586326,None kPa,N/A,24096,['C'],A,Laser pulse heating,"origin: commercial source,99.97 mole % (total),chemical analysis,plate",99.97,Mole %,1982
153.85,19.8106,0.594318,None kPa,N/A,24096,['C'],A,Laser pulse heating,"origin: commercial source,99.97 mole % (total),chemical analysis,plate",99.97,Mole %,1982
156.76,19.9549,0.598647,None kPa,N/A,24096,['C'],A,Laser pulse heating,"origin: commercial source,99.97 mole % (total),chemical analysis,plate",99.97,Mole %,1982
159.73,20.0665,0.601995,None kPa,N/A,24096,['C'],A,Laser pulse heating,"origin: commercial source,99.97 mole % (total),chemical analysis,plate",99.97,Mole %,1982
166.94,20.5656,0.616968,None kPa,N/A,24096,['C'],A,Laser pulse heating,"origin: commercial source,99.97 mole % (total),chemical analysis,plate",99.97,Mole %,1982
170.42,20.8832,0.626496,None kPa,N/A,24096,['C'],A,Laser pulse heating,"origin: commercial source,99.97 mole % (total),chemical analysis,plate",99.97,Mole %,1982
174.13,21.0342,0.631026,None kPa,N/A,24096,['C'],A,Laser pulse heating,"origin: commercial source,99.97 mole % (total),chemical analysis,plate",99.97,Mole %,1982
177.03,21.1905,0.635715,None kPa,N/A,24096,['C'],A,Laser pulse heating,"origin: commercial source,99.97 mole % (total),chemical analysis,plate",99.97,Mole %,1982
181.02,21.335,0.64005,None kPa,N/A,24096,['C'],A,Laser pulse heating,"origin: commercial source,99.97 mole % (total),chemical analysis,plate",99.97,Mole %,1982
183.97,21.4869,0.644607,None kPa,N/A,24096,['C'],A,Laser pulse heating,"origin: commercial source,99.97 mole % (total),chemical analysis,plate",99.97,Mole %,1982
187.29,21.6574,0.649722,None kPa,N/A,24096,['C'],A,Laser pulse heating,"origin: commercial source,99.97 mole % (total),chemical analysis,plate",99.97,Mole %,1982
190.54,21.7767,0.653301,None kPa,N/A,24096,['C'],A,Laser pulse heating,"origin: commercial source,99.97 mole % (total),chemical analysis,plate",99.97,Mole %,1982
193.87,21.9363,0.658089,None kPa,N/A,24096,['C'],A,Laser pulse heating,"origin: commercial source,99.97 mole % (total),chemical analysis,plate",99.97,Mole %,1982
200.29,22.1204,0.663612,None kPa,N/A,24096,['C'],A,Laser pulse heating,"origin: commercial source,99.97 mole % (total),chemical analysis,plate",99.97,Mole %,1982
209.84,22.3356,0.670068,None kPa,N/A,24096,['C'],A,Laser pulse heating,"origin: commercial source,99.97 mole % (total),chemical analysis,plate",99.97,Mole %,1982
235.01,23.1286,0.693858,None kPa,N/A,24096,['C'],A,Laser pulse heating,"origin: commercial source,99.97 mole % (total),chemical analysis,plate",99.97,Mole %,1982
238.89,23.2839,0.698517,None kPa,N/A,24096,['C'],A,Laser pulse heating,"origin: commercial source,99.97 mole % (total),chemical analysis,plate",99.97,Mole %,1982
243.31,23.2978,0.698934,None kPa,N/A,24096,['C'],A,Laser pulse heating,"origin: commercial source,99.97 mole % (total),chemical analysis,plate",99.97,Mole %,1982
247.56,23.3736,0.701208,None kPa,N/A,24096,['C'],A,Laser pulse heating,"origin: commercial source,99.97 mole % (total),chemical analysis,plate",99.97,Mole %,1982
252.11,23.5269,0.705807,None kPa,N/A,24096,['C'],A,Laser pulse heating,"origin: commercial source,99.97 mole % (total),chemical analysis,plate",99.97,Mole %,1982
255.98,23.5646,0.706938,None kPa,N/A,24096,['C'],A,Laser pulse heating,"origin: commercial source,99.97 mole % (total),chemical analysis,plate",99.97,Mole %,1982
81.733,11.3103,0.0565515,None kPa,N/A,24575,['C'],A,Laser pulse heating,not stated,,,1984
88.338,12.5043,0.0625215,None kPa,N/A,24575,['C'],A,Laser pulse heating,not stated,,,1984
91.628,13.1516,0.065758,None kPa,N/A,24575,['C'],A,Laser pulse heating,not stated,,,1984
95.926,13.8489,0.0692445,None kPa,N/A,24575,['C'],A,Laser pulse heating,not stated,,,1984
100.774,14.5752,0.072876,None kPa,N/A,24575,['C'],A,Laser pulse heating,not stated,,,1984
105.698,15.266,0.07633,None kPa,N/A,24575,['C'],A,Laser pulse heating,not stated,,,1984
111.627,16.042,0.08021,None kPa,N/A,24575,['C'],A,Laser pulse heating,not stated,,,1984
118.209,16.771,0.083855,None kPa,N/A,24575,['C'],A,Laser pulse heating,not stated,,,1984
125.127,17.5271,0.0876355,None kPa,N/A,24575,['C'],A,Laser pulse heating,not stated,,,1984
133.699,18.3273,0.0916365,None kPa,N/A,24575,['C'],A,Laser pulse heating,not stated,,,1984
142.33,18.9983,0.0949915,None kPa,N/A,24575,['C'],A,Laser pulse heating,not stated,,,1984
150.578,19.6571,0.0982855,None kPa,N/A,24575,['C'],A,Laser pulse heating,not stated,,,1984
160.884,20.3307,0.101654,None kPa,N/A,24575,['C'],A,Laser pulse heating,not stated,,,1984
173.311,20.9923,0.104961,None kPa,N/A,24575,['C'],A,Laser pulse heating,not stated,,,1984
188.911,21.6671,0.108336,None kPa,N/A,24575,['C'],A,Laser pulse heating,not stated,,,1984
207.042,22.2928,0.111464,None kPa,N/A,24575,['C'],A,Laser pulse heating,not stated,,,1984
226.038,22.8488,0.114244,None kPa,N/A,24575,['C'],A,Laser pulse heating,not stated,,,1984
246.867,23.3764,0.116882,None kPa,N/A,24575,['C'],A,Laser pulse heating,not stated,,,1984
268.504,23.8532,0.119266,None kPa,N/A,24575,['C'],A,Laser pulse heating,not stated,,,1984
290.706,24.2588,0.121294,None kPa,N/A,24575,['C'],A,Laser pulse heating,not stated,,,1984
315.041,24.6283,0.123142,None kPa,N/A,24575,['C'],A,Laser pulse heating,not stated,,,1984
344.927,25.0161,0.125081,None kPa,N/A,24575,['C'],A,Laser pulse heating,not stated,,,1984
375.317,25.3834,0.126917,None kPa,N/A,24575,['C'],A,Laser pulse heating,not stated,,,1984
322.891,24.7555,0.123778,None kPa,N/A,24575,['C'],A,Laser pulse heating,not stated,,,1984
338.845,25.0074,0.125037,None kPa,N/A,24575,['C'],A,Laser pulse heating,not stated,,,1984
357.607,25.2783,0.126392,None kPa,N/A,24575,['C'],A,Laser pulse heating,not stated,,,1984
375.115,25.5153,0.127577,None kPa,N/A,24575,['C'],A,Laser pulse heating,not stated,,,1984
396.232,25.7862,0.128931,None kPa,N/A,24575,['C'],A,Laser pulse heating,not stated,,,1984
418.787,26.0481,0.130241,None kPa,N/A,24575,['C'],A,Laser pulse heating,not stated,,,1984
440.258,26.2808,0.131404,None kPa,N/A,24575,['C'],A,Laser pulse heating,not stated,,,1984
462.363,26.5052,0.132526,None kPa,N/A,24575,['C'],A,Laser pulse heating,not stated,,,1984
483.209,26.7117,0.133558,None kPa,N/A,24575,['C'],A,Laser pulse heating,not stated,,,1984
502.282,26.8914,0.134457,None kPa,N/A,24575,['C'],A,Laser pulse heating,not stated,,,1984
526.857,27.114,0.13557,None kPa,N/A,24575,['C'],A,Laser pulse heating,not stated,,,1984
548.801,27.2943,0.136471,None kPa,N/A,24575,['C'],A,Laser pulse heating,not stated,,,1984
572.179,27.4787,0.137394,None kPa,N/A,24575,['C'],A,Laser pulse heating,not stated,,,1984
594.642,27.6524,0.138262,None kPa,N/A,24575,['C'],A,Laser pulse heating,not stated,,,1984
617.907,27.832,0.13916,None kPa,N/A,24575,['C'],A,Laser pulse heating,not stated,,,1984
639.053,27.9891,0.139946,None kPa,N/A,24575,['C'],A,Laser pulse heating,not stated,,,1984
670.407,28.2261,0.14113,None kPa,N/A,24575,['C'],A,Laser pulse heating,not stated,,,1984
700.088,28.4383,0.142191,None kPa,N/A,24575,['C'],A,Laser pulse heating,not stated,,,1984
730.744,28.6673,0.143337,None kPa,N/A,24575,['C'],A,Laser pulse heating,not stated,,,1984
757.693,28.8689,0.144345,None kPa,N/A,24575,['C'],A,Laser pulse heating,not stated,,,1984
785.978,29.0769,0.145384,None kPa,N/A,24575,['C'],A,Laser pulse heating,not stated,,,1984
814.819,29.3044,0.586088,None kPa,N/A,24576,['C'],A,Laser pulse heating,not stated,,,1984
842.317,29.5166,0.590332,None kPa,N/A,24576,['C'],A,Laser pulse heating,not stated,,,1984
868.46,29.7241,0.594482,None kPa,N/A,24576,['C'],A,Laser pulse heating,not stated,,,1984
1809.0,37.58,,None kPa,N/A,25746,['C'],A,Derived from temperature,"origin: commercial source,99.9 % (total),stated by supplier",99.9,Not Specified %,1991
1815.0,37.66,,None kPa,N/A,25746,['C'],A,Derived from temperature,"origin: commercial source,99.9 % (total),stated by supplier",99.9,Not Specified %,1991
1841.0,38.03,,None kPa,N/A,25746,['C'],A,Derived from temperature,"origin: commercial source,99.9 % (total),stated by supplier",99.9,Not Specified %,1991
1846.0,38.1,,None kPa,N/A,25746,['C'],A,Derived from temperature,"origin: commercial source,99.9 % (total),stated by supplier",99.9,Not Specified %,1991
1870.0,38.44,,None kPa,N/A,25746,['C'],A,Derived from temperature,"origin: commercial source,99.9 % (total),stated by supplier",99.9,Not Specified %,1991
1872.0,38.47,,None kPa,N/A,25746,['C'],A,Derived from temperature,"origin: commercial source,99.9 % (total),stated by supplier",99.9,Not Specified %,1991
1886.0,38.68,,None kPa,N/A,25746,['C'],A,Derived from temperature,"origin: commercial source,99.9 % (total),stated by supplier",99.9,Not Specified %,1991
1908.0,39.0,,None kPa,N/A,25746,['C'],A,Derived from temperature,"origin: commercial source,99.9 % (total),stated by supplier",99.9,Not Specified %,1991
1910.0,39.03,,None kPa,N/A,25746,['C'],A,Derived from temperature,"origin: commercial source,99.9 % (total),stated by supplier",99.9,Not Specified %,1991
1915.0,39.11,,None kPa,N/A,25746,['C'],A,Derived from temperature,"origin: commercial source,99.9 % (total),stated by supplier",99.9,Not Specified %,1991
1936.0,39.42,,None kPa,N/A,25746,['C'],A,Derived from temperature,"origin: commercial source,99.9 % (total),stated by supplier",99.9,Not Specified %,1991
1939.0,39.47,,None kPa,N/A,25746,['C'],A,Derived from temperature,"origin: commercial source,99.9 % (total),stated by supplier",99.9,Not Specified %,1991
1946.0,39.58,,None kPa,N/A,25746,['C'],A,Derived from temperature,"origin: commercial source,99.9 % (total),stated by supplier",99.9,Not Specified %,1991
1960.0,39.79,,None kPa,N/A,25746,['C'],A,Derived from temperature,"origin: commercial source,99.9 % (total),stated by supplier",99.9,Not Specified %,1991
1978.0,40.08,,None kPa,N/A,25746,['C'],A,Derived from temperature,"origin: commercial source,99.9 % (total),stated by supplier",99.9,Not Specified %,1991
1989.0,40.25,,None kPa,N/A,25746,['C'],A,Derived from temperature,"origin: commercial source,99.9 % (total),stated by supplier",99.9,Not Specified %,1991
1992.0,40.3,,None kPa,N/A,25746,['C'],A,Derived from temperature,"origin: commercial source,99.9 % (total),stated by supplier",99.9,Not Specified %,1991
2012.0,40.62,,None kPa,N/A,25746,['C'],A,Derived from temperature,"origin: commercial source,99.9 % (total),stated by supplier",99.9,Not Specified %,1991
2020.0,40.75,,None kPa,N/A,25746,['C'],A,Derived from temperature,"origin: commercial source,99.9 % (total),stated by supplier",99.9,Not Specified %,1991
2040.0,41.08,,None kPa,N/A,25746,['C'],A,Derived from temperature,"origin: commercial source,99.9 % (total),stated by supplier",99.9,Not Specified %,1991
2051.0,41.26,,None kPa,N/A,25746,['C'],A,Derived from temperature,"origin: commercial source,99.9 % (total),stated by supplier",99.9,Not Specified %,1991
2051.0,41.26,,None kPa,N/A,25746,['C'],A,Derived from temperature,"origin: commercial source,99.9 % (total),stated by supplier",99.9,Not Specified %,1991
2067.0,41.53,,None kPa,N/A,25746,['C'],A,Derived from temperature,"origin: commercial source,99.9 % (total),stated by supplier",99.9,Not Specified %,1991
2077.0,41.7,,None kPa,N/A,25746,['C'],A,Derived from temperature,"origin: commercial source,99.9 % (total),stated by supplier",99.9,Not Specified %,1991
2092.0,41.95,,None kPa,N/A,25746,['C'],A,Derived from temperature,"origin: commercial source,99.9 % (total),stated by supplier",99.9,Not Specified %,1991
2110.0,42.27,,None kPa,N/A,25746,['C'],A,Derived from temperature,"origin: commercial source,99.9 % (total),stated by supplier",99.9,Not Specified %,1991
2108.0,42.23,,None kPa,N/A,25746,['C'],A,Derived from temperature,"origin: commercial source,99.9 % (total),stated by supplier",99.9,Not Specified %,1991
2136.0,42.72,,None kPa,N/A,25746,['C'],A,Derived from temperature,"origin: commercial source,99.9 % (total),stated by supplier",99.9,Not Specified %,1991
2162.0,43.19,,None kPa,N/A,25746,['C'],A,Derived from temperature,"origin: commercial source,99.9 % (total),stated by supplier",99.9,Not Specified %,1991
2176.0,43.45,,None kPa,N/A,25746,['C'],A,Derived from temperature,"origin: commercial source,99.9 % (total),stated by supplier",99.9,Not Specified %,1991
4.56,0.10891,0.0021782,None kPa,N/A,22973,['C'],A,Low temperature calorimetry set up,not stated,,,1977
4.58,0.111592,0.00223183,None kPa,N/A,22973,['C'],A,Low temperature calorimetry set up,not stated,,,1977
4.82,0.119569,0.00239138,None kPa,N/A,22973,['C'],A,Low temperature calorimetry set up,not stated,,,1977
5.02,0.127272,0.00254545,None kPa,N/A,22973,['C'],A,Low temperature calorimetry set up,not stated,,,1977
5.03,0.12962,0.00259241,None kPa,N/A,22973,['C'],A,Low temperature calorimetry set up,not stated,,,1977
5.46,0.062678,0.00125356,None kPa,N/A,22973,['C'],A,Low temperature calorimetry set up,not stated,,,1977
5.89,0.0690923,0.00138185,None kPa,N/A,22973,['C'],A,Low temperature calorimetry set up,not stated,,,1977
6.24,0.0754348,0.0015087,None kPa,N/A,22973,['C'],A,Low temperature calorimetry set up,not stated,,,1977
6.68,0.0824316,0.00164863,None kPa,N/A,22973,['C'],A,Low temperature calorimetry set up,not stated,,,1977
6.95,0.0876379,0.00175276,None kPa,N/A,22973,['C'],A,Low temperature calorimetry set up,not stated,,,1977
7.3,0.0951253,0.00190251,None kPa,N/A,22973,['C'],A,Low temperature calorimetry set up,not stated,,,1977
7.54,0.100897,0.00201795,None kPa,N/A,22973,['C'],A,Low temperature calorimetry set up,not stated,,,1977
7.87,0.107475,0.0021495,None kPa,N/A,22973,['C'],A,Low temperature calorimetry set up,not stated,,,1977
8.11,0.113871,0.00227742,None kPa,N/A,22973,['C'],A,Low temperature calorimetry set up,not stated,,,1977
8.46,0.120582,0.00241163,None kPa,N/A,22973,['C'],A,Low temperature calorimetry set up,not stated,,,1977
8.9,0.130658,0.00261316,None kPa,N/A,22973,['C'],A,Low temperature calorimetry set up,not stated,,,1977
9.37,0.141216,0.00282431,None kPa,N/A,22973,['C'],A,Low temperature calorimetry set up,not stated,,,1977
9.97,0.155292,0.00310585,None kPa,N/A,22973,['C'],A,Low temperature calorimetry set up,not stated,,,1977
10.32,0.166616,0.00333233,None kPa,N/A,22973,['C'],A,Low temperature calorimetry set up,not stated,,,1977
10.74,0.179464,0.00358928,None kPa,N/A,22973,['C'],A,Low temperature calorimetry set up,not stated,,,1977
11.17,0.192718,0.00385436,None kPa,N/A,22973,['C'],A,Low temperature calorimetry set up,not stated,,,1977
11.52,0.204968,0.00409937,None kPa,N/A,22973,['C'],A,Low temperature calorimetry set up,not stated,,,1977
11.75,0.213645,0.0042729,None kPa,N/A,22973,['C'],A,Low temperature calorimetry set up,not stated,,,1977
12.08,0.225592,0.00451184,None kPa,N/A,22973,['C'],A,Low temperature calorimetry set up,not stated,,,1977
12.4,0.234861,0.00469721,None kPa,N/A,22973,['C'],A,Low temperature calorimetry set up,not stated,,,1977
12.6,0.240448,0.00480895,None kPa,N/A,22973,['C'],A,Low temperature calorimetry set up,not stated,,,1977
12.86,0.250516,0.00501031,None kPa,N/A,22973,['C'],A,Low temperature calorimetry set up,not stated,,,1977
13.02,0.258782,0.00517564,None kPa,N/A,22973,['C'],A,Low temperature calorimetry set up,not stated,,,1977
13.28,0.268936,0.00537872,None kPa,N/A,22973,['C'],A,Low temperature calorimetry set up,not stated,,,1977
13.63,0.283626,0.00567253,None kPa,N/A,22973,['C'],A,Low temperature calorimetry set up,not stated,,,1977
14.01,0.302352,0.00604704,None kPa,N/A,22973,['C'],A,Low temperature calorimetry set up,not stated,,,1977
14.3,0.314678,0.00629355,None kPa,N/A,22973,['C'],A,Low temperature calorimetry set up,not stated,,,1977
14.58,0.326848,0.00653695,None kPa,N/A,22973,['C'],A,Low temperature calorimetry set up,not stated,,,1977
14.97,0.344265,0.00688531,None kPa,N/A,22973,['C'],A,Low temperature calorimetry set up,not stated,,,1977
15.38,0.365207,0.00730415,None kPa,N/A,22973,['C'],A,Low temperature calorimetry set up,not stated,,,1977
15.76,0.388178,0.00776355,None kPa,N/A,22973,['C'],A,Low temperature calorimetry set up,not stated,,,1977
16.08,0.40353,0.00807061,None kPa,N/A,22973,['C'],A,Low temperature calorimetry set up,not stated,,,1977
16.39,0.421885,0.00843769,None kPa,N/A,22973,['C'],A,Low temperature calorimetry set up,not stated,,,1977
16.79,0.443613,0.00887226,None kPa,N/A,22973,['C'],A,Low temperature calorimetry set up,not stated,,,1977
17.24,0.469003,0.00938005,None kPa,N/A,22973,['C'],A,Low temperature calorimetry set up,not stated,,,1977
17.72,0.495004,0.00990008,None kPa,N/A,22973,['C'],A,Low temperature calorimetry set up,not stated,,,1977
18.08,0.51419,0.0102838,None kPa,N/A,22973,['C'],A,Low temperature calorimetry set up,not stated,,,1977
18.42,0.532357,0.0106471,None kPa,N/A,22973,['C'],A,Low temperature calorimetry set up,not stated,,,1977
18.65,0.5441,0.010882,None kPa,N/A,22973,['C'],A,Low temperature calorimetry set up,not stated,,,1977
1.55461,0.0031911,9.5733e-05,None kPa,N/A,23447,['C'],A,Vacuum adiabatic calorimetry,"origin: commercial source,99.96 % (total),,chunk",99.96,Not Specified %,1979
1.56227,0.0037446,0.000112338,None kPa,N/A,23447,['C'],A,Vacuum adiabatic calorimetry,"origin: commercial source,99.96 % (total),,chunk",99.96,Not Specified %,1979
1.61703,0.0042395,0.000127185,None kPa,N/A,23447,['C'],A,Vacuum adiabatic calorimetry,"origin: commercial source,99.96 % (total),,chunk",99.96,Not Specified %,1979
1.67604,0.0047591,0.000142773,None kPa,N/A,23447,['C'],A,Vacuum adiabatic calorimetry,"origin: commercial source,99.96 % (total),,chunk",99.96,Not Specified %,1979
1.69077,0.0051849,0.000155547,None kPa,N/A,23447,['C'],A,Vacuum adiabatic calorimetry,"origin: commercial source,99.96 % (total),,chunk",99.96,Not Specified %,1979
1.71645,0.0055831,0.000167493,None kPa,N/A,23447,['C'],A,Vacuum adiabatic calorimetry,"origin: commercial source,99.96 % (total),,chunk",99.96,Not Specified %,1979
1.75431,0.0060752,0.000182256,None kPa,N/A,23447,['C'],A,Vacuum adiabatic calorimetry,"origin: commercial source,99.96 % (total),,chunk",99.96,Not Specified %,1979
1.81868,0.0067742,0.000203226,None kPa,N/A,23447,['C'],A,Vacuum adiabatic calorimetry,"origin: commercial source,99.96 % (total),,chunk",99.96,Not Specified %,1979
1.85108,0.0074745,0.000224235,None kPa,N/A,23447,['C'],A,Vacuum adiabatic calorimetry,"origin: commercial source,99.96 % (total),,chunk",99.96,Not Specified %,1979
1.89079,0.0083051,0.000249153,None kPa,N/A,23447,['C'],A,Vacuum adiabatic calorimetry,"origin: commercial source,99.96 % (total),,chunk",99.96,Not Specified %,1979
1.90426,0.0088923,0.000266769,None kPa,N/A,23447,['C'],A,Vacuum adiabatic calorimetry,"origin: commercial source,99.96 % (total),,chunk",99.96,Not Specified %,1979
1.97342,0.0099463,0.000298389,None kPa,N/A,23447,['C'],A,Vacuum adiabatic calorimetry,"origin: commercial source,99.96 % (total),,chunk",99.96,Not Specified %,1979
2.07495,0.0111294,0.000333882,None kPa,N/A,23447,['C'],A,Vacuum adiabatic calorimetry,"origin: commercial source,99.96 % (total),,chunk",99.96,Not Specified %,1979
2.14977,0.0120752,0.000362256,None kPa,N/A,23447,['C'],A,Vacuum adiabatic calorimetry,"origin: commercial source,99.96 % (total),,chunk",99.96,Not Specified %,1979
2.17513,0.0131154,0.000393462,None kPa,N/A,23447,['C'],A,Vacuum adiabatic calorimetry,"origin: commercial source,99.96 % (total),,chunk",99.96,Not Specified %,1979
2.24404,0.0148221,0.000444663,None kPa,N/A,23447,['C'],A,Vacuum adiabatic calorimetry,"origin: commercial source,99.96 % (total),,chunk",99.96,Not Specified %,1979
2.37236,0.0175512,0.000526536,None kPa,N/A,23447,['C'],A,Vacuum adiabatic calorimetry,"origin: commercial source,99.96 % (total),,chunk",99.96,Not Specified %,1979
2.43419,0.0191452,0.000574356,None kPa,N/A,23447,['C'],A,Vacuum adiabatic calorimetry,"origin: commercial source,99.96 % (total),,chunk",99.96,Not Specified %,1979
2.49365,0.0207731,0.000623193,None kPa,N/A,23447,['C'],A,Vacuum adiabatic calorimetry,"origin: commercial source,99.96 % (total),,chunk",99.96,Not Specified %,1979
2.51937,0.0217391,0.000652173,None kPa,N/A,23447,['C'],A,Vacuum adiabatic calorimetry,"origin: commercial source,99.96 % (total),,chunk",99.96,Not Specified %,1979
2.59958,0.0237458,0.000712374,None kPa,N/A,23447,['C'],A,Vacuum adiabatic calorimetry,"origin: commercial source,99.96 % (total),,chunk",99.96,Not Specified %,1979
2.66141,0.0253981,0.000761943,None kPa,N/A,23447,['C'],A,Vacuum adiabatic calorimetry,"origin: commercial source,99.96 % (total),,chunk",99.96,Not Specified %,1979
2.69944,0.026417,0.00079251,None kPa,N/A,23447,['C'],A,Vacuum adiabatic calorimetry,"origin: commercial source,99.96 % (total),,chunk",99.96,Not Specified %,1979
2.73874,0.0275441,0.000826323,None kPa,N/A,23447,['C'],A,Vacuum adiabatic calorimetry,"origin: commercial source,99.96 % (total),,chunk",99.96,Not Specified %,1979
2.79578,0.0292347,0.000877041,None kPa,N/A,23447,['C'],A,Vacuum adiabatic calorimetry,"origin: commercial source,99.96 % (total),,chunk",99.96,Not Specified %,1979
2.91865,0.0326979,0.000980937,None kPa,N/A,23447,['C'],A,Vacuum adiabatic calorimetry,"origin: commercial source,99.96 % (total),,chunk",99.96,Not Specified %,1979
3.07954,0.0377845,0.00113353,None kPa,N/A,23447,['C'],A,Vacuum adiabatic calorimetry,"origin: commercial source,99.96 % (total),,chunk",99.96,Not Specified %,1979
3.26238,0.044017,0.00132051,None kPa,N/A,23447,['C'],A,Vacuum adiabatic calorimetry,"origin: commercial source,99.96 % (total),,chunk",99.96,Not Specified %,1979
3.44504,0.0507637,0.00152291,None kPa,N/A,23447,['C'],A,Vacuum adiabatic calorimetry,"origin: commercial source,99.96 % (total),,chunk",99.96,Not Specified %,1979
3.63072,0.0576779,0.00173034,None kPa,N/A,23447,['C'],A,Vacuum adiabatic calorimetry,"origin: commercial source,99.96 % (total),,chunk",99.96,Not Specified %,1979
3.84472,0.0666221,0.00199866,None kPa,N/A,23447,['C'],A,Vacuum adiabatic calorimetry,"origin: commercial source,99.96 % (total),,chunk",99.96,Not Specified %,1979
4.07523,0.0759541,0.00227862,None kPa,N/A,23447,['C'],A,Vacuum adiabatic calorimetry,"origin: commercial source,99.96 % (total),,chunk",99.96,Not Specified %,1979
4.14366,0.0793109,0.00237933,None kPa,N/A,23447,['C'],A,Vacuum adiabatic calorimetry,"origin: commercial source,99.96 % (total),,chunk",99.96,Not Specified %,1979
4.29909,0.0860868,0.0025826,None kPa,N/A,23447,['C'],A,Vacuum adiabatic calorimetry,"origin: commercial source,99.96 % (total),,chunk",99.96,Not Specified %,1979
4.41256,0.0913996,0.00274199,None kPa,N/A,23447,['C'],A,Vacuum adiabatic calorimetry,"origin: commercial source,99.96 % (total),,chunk",99.96,Not Specified %,1979
4.45186,0.0935947,0.00280784,None kPa,N/A,23447,['C'],A,Vacuum adiabatic calorimetry,"origin: commercial source,99.96 % (total),,chunk",99.96,Not Specified %,1979
4.54782,0.0981134,0.0029434,None kPa,N/A,23447,['C'],A,Vacuum adiabatic calorimetry,"origin: commercial source,99.96 % (total),,chunk",99.96,Not Specified %,1979
4.67959,0.104552,0.00313657,None kPa,N/A,23447,['C'],A,Vacuum adiabatic calorimetry,"origin: commercial source,99.96 % (total),,chunk",99.96,Not Specified %,1979
4.73381,0.107487,0.00322462,None kPa,N/A,23447,['C'],A,Vacuum adiabatic calorimetry,"origin: commercial source,99.96 % (total),,chunk",99.96,Not Specified %,1979
4.83126,0.111349,0.00334047,None kPa,N/A,23447,['C'],A,Vacuum adiabatic calorimetry,"origin: commercial source,99.96 % (total),,chunk",99.96,Not Specified %,1979
4.95871,0.118531,0.00355593,None kPa,N/A,23447,['C'],A,Vacuum adiabatic calorimetry,"origin: commercial source,99.96 % (total),,chunk",99.96,Not Specified %,1979
5.05003,0.123239,0.00369718,None kPa,N/A,23447,['C'],A,Vacuum adiabatic calorimetry,"origin: commercial source,99.96 % (total),,chunk",99.96,Not Specified %,1979
5.13361,0.103214,0.00309643,None kPa,N/A,23447,['C'],A,Vacuum adiabatic calorimetry,"origin: commercial source,99.96 % (total),,chunk",99.96,Not Specified %,1979
5.2436,0.0803948,0.00241184,None kPa,N/A,23447,['C'],A,Vacuum adiabatic calorimetry,"origin: commercial source,99.96 % (total),,chunk",99.96,Not Specified %,1979
5.31082,0.0660746,0.00198224,None kPa,N/A,23447,['C'],A,Vacuum adiabatic calorimetry,"origin: commercial source,99.96 % (total),,chunk",99.96,Not Specified %,1979
5.3501,0.0572584,0.00171775,None kPa,N/A,23447,['C'],A,Vacuum adiabatic calorimetry,"origin: commercial source,99.96 % (total),,chunk",99.96,Not Specified %,1979
5.47882,0.0590097,0.00177029,None kPa,N/A,23447,['C'],A,Vacuum adiabatic calorimetry,"origin: commercial source,99.96 % (total),,chunk",99.96,Not Specified %,1979
5.52919,0.0597467,0.0017924,None kPa,N/A,23447,['C'],A,Vacuum adiabatic calorimetry,"origin: commercial source,99.96 % (total),,chunk",99.96,Not Specified %,1979
5.64612,0.0614213,0.00184264,None kPa,N/A,23447,['C'],A,Vacuum adiabatic calorimetry,"origin: commercial source,99.96 % (total),,chunk",99.96,Not Specified %,1979
5.8161,0.0638986,0.00191696,None kPa,N/A,23447,['C'],A,Vacuum adiabatic calorimetry,"origin: commercial source,99.96 % (total),,chunk",99.96,Not Specified %,1979
5.97464,0.0657115,0.00197135,None kPa,N/A,23447,['C'],A,Vacuum adiabatic calorimetry,"origin: commercial source,99.96 % (total),,chunk",99.96,Not Specified %,1979
6.13249,0.0679695,0.00203908,None kPa,N/A,23447,['C'],A,Vacuum adiabatic calorimetry,"origin: commercial source,99.96 % (total),,chunk",99.96,Not Specified %,1979
6.3042,0.0702837,0.00210851,None kPa,N/A,23447,['C'],A,Vacuum adiabatic calorimetry,"origin: commercial source,99.96 % (total),,chunk",99.96,Not Specified %,1979
6.42373,0.0719496,0.00215849,None kPa,N/A,23447,['C'],A,Vacuum adiabatic calorimetry,"origin: commercial source,99.96 % (total),,chunk",99.96,Not Specified %,1979
6.50763,0.0734087,0.00220226,None kPa,N/A,23447,['C'],A,Vacuum adiabatic calorimetry,"origin: commercial source,99.96 % (total),,chunk",99.96,Not Specified %,1979
6.661,0.0758428,0.00227528,None kPa,N/A,23447,['C'],A,Vacuum adiabatic calorimetry,"origin: commercial source,99.96 % (total),,chunk",99.96,Not Specified %,1979
6.81382,0.0780312,0.00234094,None kPa,N/A,23447,['C'],A,Vacuum adiabatic calorimetry,"origin: commercial source,99.96 % (total),,chunk",99.96,Not Specified %,1979
7.00524,0.0812594,0.00243778,None kPa,N/A,23447,['C'],A,Vacuum adiabatic calorimetry,"origin: commercial source,99.96 % (total),,chunk",99.96,Not Specified %,1979
7.18882,0.0841998,0.00252599,None kPa,N/A,23447,['C'],A,Vacuum adiabatic calorimetry,"origin: commercial source,99.96 % (total),,chunk",99.96,Not Specified %,1979
7.37575,0.0872728,0.00261818,None kPa,N/A,23447,['C'],A,Vacuum adiabatic calorimetry,"origin: commercial source,99.96 % (total),,chunk",99.96,Not Specified %,1979
7.58223,0.0905803,0.00271741,None kPa,N/A,23447,['C'],A,Vacuum adiabatic calorimetry,"origin: commercial source,99.96 % (total),,chunk",99.96,Not Specified %,1979
7.75803,0.0933702,0.00280111,None kPa,N/A,23447,['C'],A,Vacuum adiabatic calorimetry,"origin: commercial source,99.96 % (total),,chunk",99.96,Not Specified %,1979
7.99291,0.0975806,0.00292742,None kPa,N/A,23447,['C'],A,Vacuum adiabatic calorimetry,"origin: commercial source,99.96 % (total),,chunk",99.96,Not Specified %,1979
8.11833,0.0999229,0.00299769,None kPa,N/A,23447,['C'],A,Vacuum adiabatic calorimetry,"origin: commercial source,99.96 % (total),,chunk",99.96,Not Specified %,1979
8.39717,0.105082,0.00315247,None kPa,N/A,23447,['C'],A,Vacuum adiabatic calorimetry,"origin: commercial source,99.96 % (total),,chunk",99.96,Not Specified %,1979
8.50858,0.107258,0.00321772,None kPa,N/A,23447,['C'],A,Vacuum adiabatic calorimetry,"origin: commercial source,99.96 % (total),,chunk",99.96,Not Specified %,1979
8.87117,0.114185,0.00342556,None kPa,N/A,23447,['C'],A,Vacuum adiabatic calorimetry,"origin: commercial source,99.96 % (total),,chunk",99.96,Not Specified %,1979
9.01261,0.117266,0.00351797,None kPa,N/A,23447,['C'],A,Vacuum adiabatic calorimetry,"origin: commercial source,99.96 % (total),,chunk",99.96,Not Specified %,1979
9.32181,0.123419,0.00370257,None kPa,N/A,23447,['C'],A,Vacuum adiabatic calorimetry,"origin: commercial source,99.96 % (total),,chunk",99.96,Not Specified %,1979
9.53646,0.127731,0.00383194,None kPa,N/A,23447,['C'],A,Vacuum adiabatic calorimetry,"origin: commercial source,99.96 % (total),,chunk",99.96,Not Specified %,1979
9.75221,0.131984,0.00395951,None kPa,N/A,23447,['C'],A,Vacuum adiabatic calorimetry,"origin: commercial source,99.96 % (total),,chunk",99.96,Not Specified %,1979
9.99607,0.136932,0.00410797,None kPa,N/A,23447,['C'],A,Vacuum adiabatic calorimetry,"origin: commercial source,99.96 % (total),,chunk",99.96,Not Specified %,1979
10.2031,0.141909,0.00425727,None kPa,N/A,23447,['C'],A,Vacuum adiabatic calorimetry,"origin: commercial source,99.96 % (total),,chunk",99.96,Not Specified %,1979
10.521,0.149484,0.00448452,None kPa,N/A,23447,['C'],A,Vacuum adiabatic calorimetry,"origin: commercial source,99.96 % (total),,chunk",99.96,Not Specified %,1979
10.6604,0.153238,0.00459715,None kPa,N/A,23447,['C'],A,Vacuum adiabatic calorimetry,"origin: commercial source,99.96 % (total),,chunk",99.96,Not Specified %,1979
10.7757,0.156132,0.00468397,None kPa,N/A,23447,['C'],A,Vacuum adiabatic calorimetry,"origin: commercial source,99.96 % (total),,chunk",99.96,Not Specified %,1979
333.4,24.38,0.7314,101.325 kPa,N/A,23995,['C'],A,Vacuum adiabatic calorimetry,28663,99.96,Not Specified %,1982
346.5,24.77,0.7431,None kPa,N/A,23995,['C'],A,Vacuum adiabatic calorimetry,28663,99.96,Not Specified %,1982
361.0,25.69,0.7707,None kPa,N/A,23995,['C'],A,Vacuum adiabatic calorimetry,28663,99.96,Not Specified %,1982
374.1,25.45,0.7635,None kPa,N/A,23995,['C'],A,Vacuum adiabatic calorimetry,28663,99.96,Not Specified %,1982
385.8,26.22,0.7866,None kPa,N/A,23995,['C'],A,Vacuum adiabatic calorimetry,28663,99.96,Not Specified %,1982
401.2,26.17,0.7851,None kPa,N/A,23995,['C'],A,Vacuum adiabatic calorimetry,28663,99.96,Not Specified %,1982
417.1,26.4,0.792,None kPa,N/A,23995,['C'],A,Vacuum adiabatic calorimetry,28663,99.96,Not Specified %,1982
428.4,26.87,0.8061,None kPa,N/A,23995,['C'],A,Vacuum adiabatic calorimetry,28663,99.96,Not Specified %,1982
436.5,26.54,0.7962,None kPa,N/A,23995,['C'],A,Vacuum adiabatic calorimetry,28663,99.96,Not Specified %,1982
448.7,26.92,0.8076,None kPa,N/A,23995,['C'],A,Vacuum adiabatic calorimetry,28663,99.96,Not Specified %,1982
462.7,26.59,0.7977,None kPa,N/A,23995,['C'],A,Vacuum adiabatic calorimetry,28663,99.96,Not Specified %,1982
475.9,27.06,0.8118,None kPa,N/A,23995,['C'],A,Vacuum adiabatic calorimetry,28663,99.96,Not Specified %,1982
485.8,26.6,0.798,None kPa,N/A,23995,['C'],A,Vacuum adiabatic calorimetry,28663,99.96,Not Specified %,1982
508.4,26.67,0.8001,None kPa,N/A,23995,['C'],A,Vacuum adiabatic calorimetry,28663,99.96,Not Specified %,1982
517.5,26.96,0.8088,None kPa,N/A,23995,['C'],A,Vacuum adiabatic calorimetry,28663,99.96,Not Specified %,1982
532.9,26.54,0.7962,None kPa,N/A,23995,['C'],A,Vacuum adiabatic calorimetry,28663,99.96,Not Specified %,1982
541.5,26.81,0.8043,None kPa,N/A,23995,['C'],A,Vacuum adiabatic calorimetry,28663,99.96,Not Specified %,1982
555.1,26.61,0.7983,None kPa,N/A,23995,['C'],A,Vacuum adiabatic calorimetry,28663,99.96,Not Specified %,1982
565.0,26.86,0.8058,None kPa,N/A,23995,['C'],A,Vacuum adiabatic calorimetry,28663,99.96,Not Specified %,1982
576.8,27.06,0.8118,None kPa,N/A,23995,['C'],A,Vacuum adiabatic calorimetry,28663,99.96,Not Specified %,1982
598.0,27.18,0.8154,None kPa,N/A,23995,['C'],A,Vacuum adiabatic calorimetry,28663,99.96,Not Specified %,1982
607.5,26.85,0.8055,None kPa,N/A,23995,['C'],A,Vacuum adiabatic calorimetry,28663,99.96,Not Specified %,1982
609.3,27.37,0.8211,None kPa,N/A,23995,['C'],A,Vacuum adiabatic calorimetry,28663,99.96,Not Specified %,1982
628.8,27.53,0.8259,None kPa,N/A,23995,['C'],A,Vacuum adiabatic calorimetry,28663,99.96,Not Specified %,1982
651.0,27.82,0.8346,None kPa,N/A,23995,['C'],A,Vacuum adiabatic calorimetry,28663,99.96,Not Specified %,1982
669.5,28.12,0.8436,None kPa,N/A,23995,['C'],A,Vacuum adiabatic calorimetry,28663,99.96,Not Specified %,1982
692.1,28.01,0.8403,None kPa,N/A,23995,['C'],A,Vacuum adiabatic calorimetry,28663,99.96,Not Specified %,1982
714.7,28.47,0.8541,None kPa,N/A,23995,['C'],A,Vacuum adiabatic calorimetry,28663,99.96,Not Specified %,1982
734.7,28.36,0.8508,None kPa,N/A,23995,['C'],A,Vacuum adiabatic calorimetry,28663,99.96,Not Specified %,1982
755.9,27.96,0.8388,None kPa,N/A,23995,['C'],A,Vacuum adiabatic calorimetry,28663,99.96,Not Specified %,1982
775.8,28.26,0.8478,None kPa,N/A,23995,['C'],A,Vacuum adiabatic calorimetry,28663,99.96,Not Specified %,1982
795.7,28.37,0.8511,None kPa,N/A,23995,['C'],A,Vacuum adiabatic calorimetry,28663,99.96,Not Specified %,1982
815.2,29.01,0.8703,None kPa,N/A,23995,['C'],A,Vacuum adiabatic calorimetry,28663,99.96,Not Specified %,1982
835.1,28.42,0.8526,None kPa,N/A,23995,['C'],A,Vacuum adiabatic calorimetry,28663,99.96,Not Specified %,1982
855.0,28.88,0.8664,None kPa,N/A,23995,['C'],A,Vacuum adiabatic calorimetry,28663,99.96,Not Specified %,1982
873.6,28.66,0.8598,None kPa,N/A,23995,['C'],A,Vacuum adiabatic calorimetry,28663,99.96,Not Specified %,1982
893.0,28.95,0.8685,None kPa,N/A,23995,['C'],A,Vacuum adiabatic calorimetry,28663,99.96,Not Specified %,1982
912.9,29.07,0.8721,None kPa,N/A,23995,['C'],A,Vacuum adiabatic calorimetry,28663,99.96,Not Specified %,1982
932.4,28.94,0.8682,None kPa,N/A,23995,['C'],A,Vacuum adiabatic calorimetry,28663,99.96,Not Specified %,1982
951.8,28.58,0.8574,None kPa,N/A,23995,['C'],A,Vacuum adiabatic calorimetry,28663,99.96,Not Specified %,1982
971.3,29.67,0.8901,None kPa,N/A,23995,['C'],A,Vacuum adiabatic calorimetry,28663,99.96,Not Specified %,1982
993.9,29.14,0.8742,None kPa,N/A,23995,['C'],A,Vacuum adiabatic calorimetry,28663,99.96,Not Specified %,1982
1010.0,29.52,0.8856,None kPa,N/A,23995,['C'],A,Vacuum adiabatic calorimetry,28663,99.96,Not Specified %,1982
1047.0,29.57,0.8871,None kPa,N/A,23995,['C'],A,Vacuum adiabatic calorimetry,28663,99.96,Not Specified %,1982
1066.0,29.04,0.8712,None kPa,N/A,23995,['C'],A,Vacuum adiabatic calorimetry,28663,99.96,Not Specified %,1982
1081.0,29.4,0.882,None kPa,N/A,23995,['C'],A,Vacuum adiabatic calorimetry,28663,99.96,Not Specified %,1982
1091.0,28.93,0.8679,None kPa,N/A,23995,['C'],A,Vacuum adiabatic calorimetry,28663,99.96,Not Specified %,1982
1101.0,29.36,0.8808,None kPa,N/A,23995,['C'],A,Vacuum adiabatic calorimetry,28663,99.96,Not Specified %,1982
1111.0,28.91,0.8673,None kPa,N/A,23995,['C'],A,Vacuum adiabatic calorimetry,28663,99.96,Not Specified %,1982
1119.0,29.93,0.8979,None kPa,N/A,23995,['C'],A,Vacuum adiabatic calorimetry,28663,99.96,Not Specified %,1982
1129.0,29.34,0.8802,None kPa,N/A,23995,['C'],A,Vacuum adiabatic calorimetry,28663,99.96,Not Specified %,1982
1147.0,29.48,0.8844,None kPa,N/A,23995,['C'],A,Vacuum adiabatic calorimetry,28663,99.96,Not Specified %,1982
1181.0,29.53,0.8859,None kPa,N/A,23995,['C'],A,Vacuum adiabatic calorimetry,28663,99.96,Not Specified %,1982
1202.0,29.56,0.8868,None kPa,N/A,23995,['C'],A,Vacuum adiabatic calorimetry,28663,99.96,Not Specified %,1982
1217.0,29.63,0.8889,None kPa,N/A,23995,['C'],A,Vacuum adiabatic calorimetry,28663,99.96,Not Specified %,1982
1236.0,30.09,0.9027,None kPa,N/A,23995,['C'],A,Vacuum adiabatic calorimetry,28663,99.96,Not Specified %,1982
1254.0,30.18,0.9054,None kPa,N/A,23995,['C'],A,Vacuum adiabatic calorimetry,28663,99.96,Not Specified %,1982
1270.0,30.12,0.9036,None kPa,N/A,23995,['C'],A,Vacuum adiabatic calorimetry,28663,99.96,Not Specified %,1982
1289.0,30.05,0.9015,None kPa,N/A,23995,['C'],A,Vacuum adiabatic calorimetry,28663,99.96,Not Specified %,1982
1307.0,30.64,0.9192,None kPa,N/A,23995,['C'],A,Vacuum adiabatic calorimetry,28663,99.96,Not Specified %,1982
1323.0,30.31,0.9093,None kPa,N/A,23995,['C'],A,Vacuum adiabatic calorimetry,28663,99.96,Not Specified %,1982
1339.0,30.42,0.9126,None kPa,N/A,23995,['C'],A,Vacuum adiabatic calorimetry,28663,99.96,Not Specified %,1982
1358.0,30.92,0.9276,None kPa,N/A,23995,['C'],A,Vacuum adiabatic calorimetry,28663,99.96,Not Specified %,1982
1373.0,30.77,0.9231,None kPa,N/A,23995,['C'],A,Vacuum adiabatic calorimetry,28663,99.96,Not Specified %,1982
1386.0,30.82,0.9246,None kPa,N/A,23995,['C'],A,Vacuum adiabatic calorimetry,28663,99.96,Not Specified %,1982
1408.0,31.68,0.9504,None kPa,N/A,23995,['C'],A,Vacuum adiabatic calorimetry,28663,99.96,Not Specified %,1982
1422.0,30.53,0.9159,None kPa,N/A,23995,['C'],A,Vacuum adiabatic calorimetry,28663,99.96,Not Specified %,1982
1438.0,31.16,0.9348,None kPa,N/A,23995,['C'],A,Vacuum adiabatic calorimetry,28663,99.96,Not Specified %,1982
1459.0,31.69,0.9507,None kPa,N/A,23995,['C'],A,Vacuum adiabatic calorimetry,28663,99.96,Not Specified %,1982
1473.0,31.31,0.9393,None kPa,N/A,23995,['C'],A,Vacuum adiabatic calorimetry,28663,99.96,Not Specified %,1982
1488.0,31.6,0.948,None kPa,N/A,23995,['C'],A,Vacuum adiabatic calorimetry,28663,99.96,Not Specified %,1982
1509.0,31.56,0.9468,None kPa,N/A,23995,['C'],A,Vacuum adiabatic calorimetry,28663,99.96,Not Specified %,1982
1524.0,31.61,0.9483,None kPa,N/A,23995,['C'],A,Vacuum adiabatic calorimetry,28663,99.96,Not Specified %,1982
1539.0,32.4,0.972,None kPa,N/A,23995,['C'],A,Vacuum adiabatic calorimetry,28663,99.96,Not Specified %,1982
1557.0,31.73,0.9519,None kPa,N/A,23995,['C'],A,Vacuum adiabatic calorimetry,28663,99.96,Not Specified %,1982
1573.0,32.57,0.9771,None kPa,N/A,23995,['C'],A,Vacuum adiabatic calorimetry,28663,99.96,Not Specified %,1982
1589.0,31.81,0.9543,None kPa,N/A,23995,['C'],A,Vacuum adiabatic calorimetry,28663,99.96,Not Specified %,1982
1607.0,31.9,0.957,None kPa,N/A,23995,['C'],A,Vacuum adiabatic calorimetry,28663,99.96,Not Specified %,1982
1623.0,32.31,0.9693,None kPa,N/A,23995,['C'],A,Vacuum adiabatic calorimetry,28663,99.96,Not Specified %,1982
1638.0,32.47,0.9741,None kPa,N/A,23995,['C'],A,Vacuum adiabatic calorimetry,28663,99.96,Not Specified %,1982
1655.0,32.69,0.9807,None kPa,N/A,23995,['C'],A,Vacuum adiabatic calorimetry,28663,99.96,Not Specified %,1982
1673.0,32.77,0.9831,None kPa,N/A,23995,['C'],A,Vacuum adiabatic calorimetry,28663,99.96,Not Specified %,1982
1688.0,33.29,0.9987,None kPa,N/A,23995,['C'],A,Vacuum adiabatic calorimetry,28663,99.96,Not Specified %,1982
1.51,0.002992,5.984e-05,None kPa,N/A,33483,['C'],A,Not Stated,"not stated,99.95 % (total),",99.95,Not Specified %,1984
1.58,0.003782,7.564e-05,None kPa,N/A,33483,['C'],A,Not Stated,"not stated,99.95 % (total),",99.95,Not Specified %,1984
1.66,0.004471,8.942e-05,None kPa,N/A,33483,['C'],A,Not Stated,"not stated,99.95 % (total),",99.95,Not Specified %,1984
1.71,0.00508,0.0001016,None kPa,N/A,33483,['C'],A,Not Stated,"not stated,99.95 % (total),",99.95,Not Specified %,1984
1.76,0.005765,0.0001153,None kPa,N/A,33483,['C'],A,Not Stated,"not stated,99.95 % (total),",99.95,Not Specified %,1984
1.83,0.006781,0.00013562,None kPa,N/A,33483,['C'],A,Not Stated,"not stated,99.95 % (total),",99.95,Not Specified %,1984
1.97,0.008788,0.00017576,None kPa,N/A,33483,['C'],A,Not Stated,"not stated,99.95 % (total),",99.95,Not Specified %,1984
2.04,0.010169,0.00020338,None kPa,N/A,33483,['C'],A,Not Stated,"not stated,99.95 % (total),",99.95,Not Specified %,1984
2.15,0.011575,0.0002315,None kPa,N/A,33483,['C'],A,Not Stated,"not stated,99.95 % (total),",99.95,Not Specified %,1984
2.22,0.012806,0.00025612,None kPa,N/A,33483,['C'],A,Not Stated,"not stated,99.95 % (total),",99.95,Not Specified %,1984
2.26,0.014057,0.00028114,None kPa,N/A,33483,['C'],A,Not Stated,"not stated,99.95 % (total),",99.95,Not Specified %,1984
2.33,0.015532,0.00031064,None kPa,N/A,33483,['C'],A,Not Stated,"not stated,99.95 % (total),",99.95,Not Specified %,1984
2.39,0.016654,0.00033308,None kPa,N/A,33483,['C'],A,Not Stated,"not stated,99.95 % (total),",99.95,Not Specified %,1984
2.44,0.01811,0.0003622,None kPa,N/A,33483,['C'],A,Not Stated,"not stated,99.95 % (total),",99.95,Not Specified %,1984
2.53,0.01996,0.0003992,None kPa,N/A,33483,['C'],A,Not Stated,"not stated,99.95 % (total),",99.95,Not Specified %,1984
2.59,0.021339,0.00042678,None kPa,N/A,33483,['C'],A,Not Stated,"not stated,99.95 % (total),",99.95,Not Specified %,1984
2.61,0.02255,0.000451,None kPa,N/A,33483,['C'],A,Not Stated,"not stated,99.95 % (total),",99.95,Not Specified %,1984
2.73,0.025585,0.0005117,None kPa,N/A,33483,['C'],A,Not Stated,"not stated,99.95 % (total),",99.95,Not Specified %,1984
2.77,0.027332,0.00054664,None kPa,N/A,33483,['C'],A,Not Stated,"not stated,99.95 % (total),",99.95,Not Specified %,1984
2.97,0.03306,0.0006612,None kPa,N/A,33483,['C'],A,Not Stated,"not stated,99.95 % (total),",99.95,Not Specified %,1984
3.18,0.039626,0.00079252,None kPa,N/A,33483,['C'],A,Not Stated,"not stated,99.95 % (total),",99.95,Not Specified %,1984
3.35,0.04554,0.0009108,None kPa,N/A,33483,['C'],A,Not Stated,"not stated,99.95 % (total),",99.95,Not Specified %,1984
3.54,0.05269,0.0010538,None kPa,N/A,33483,['C'],A,Not Stated,"not stated,99.95 % (total),",99.95,Not Specified %,1984
3.72,0.059253,0.00118506,None kPa,N/A,33483,['C'],A,Not Stated,"not stated,99.95 % (total),",99.95,Not Specified %,1984
3.81,0.063439,0.00126878,None kPa,N/A,33483,['C'],A,Not Stated,"not stated,99.95 % (total),",99.95,Not Specified %,1984
3.95,0.06883,0.0013766,None kPa,N/A,33483,['C'],A,Not Stated,"not stated,99.95 % (total),",99.95,Not Specified %,1984
4.07,0.073388,0.00146776,None kPa,N/A,33483,['C'],A,Not Stated,"not stated,99.95 % (total),",99.95,Not Specified %,1984
4.25,0.080843,0.00161686,None kPa,N/A,33483,['C'],A,Not Stated,"not stated,99.95 % (total),",99.95,Not Specified %,1984
4.55,0.094191,0.00188382,None kPa,N/A,33483,['C'],A,Not Stated,"not stated,99.95 % (total),",99.95,Not Specified %,1984
4.65,0.098941,0.00197882,None kPa,N/A,33483,['C'],A,Not Stated,"not stated,99.95 % (total),",99.95,Not Specified %,1984
4.81,0.106812,0.00213624,None kPa,N/A,33483,['C'],A,Not Stated,"not stated,99.95 % (total),",99.95,Not Specified %,1984
4.96,0.113868,0.00227736,None kPa,N/A,33483,['C'],A,Not Stated,"not stated,99.95 % (total),",99.95,Not Specified %,1984
5.21,0.116924,0.00233848,None kPa,N/A,33483,['C'],A,Not Stated,"not stated,99.95 % (total),",99.95,Not Specified %,1984
5.29,0.10605,0.002121,None kPa,N/A,33483,['C'],A,Not Stated,"not stated,99.95 % (total),",99.95,Not Specified %,1984
5.46,0.073734,0.00147468,None kPa,N/A,33483,['C'],A,Not Stated,"not stated,99.95 % (total),",99.95,Not Specified %,1984
5.64,0.060661,0.00121322,None kPa,N/A,33483,['C'],A,Not Stated,"not stated,99.95 % (total),",99.95,Not Specified %,1984
5.8,0.062683,0.00125366,None kPa,N/A,33483,['C'],A,Not Stated,"not stated,99.95 % (total),",99.95,Not Specified %,1984
6.09,0.066666,0.00133332,None kPa,N/A,33483,['C'],A,Not Stated,"not stated,99.95 % (total),",99.95,Not Specified %,1984
6.34,0.070078,0.00140156,None kPa,N/A,33483,['C'],A,Not Stated,"not stated,99.95 % (total),",99.95,Not Specified %,1984
6.72,0.075617,0.00151234,None kPa,N/A,33483,['C'],A,Not Stated,"not stated,99.95 % (total),",99.95,Not Specified %,1984
7.0,0.080142,0.00160284,None kPa,N/A,33483,['C'],A,Not Stated,"not stated,99.95 % (total),",99.95,Not Specified %,1984
